 ! RTTOV coefficient file himawari-8   ahi-ir
 ! Automatic creation by subroutine rttov_write_ascii_sccldcoef
 ! ------------------------------------------------------
WATER_CLOUD_OPAC
 !
        1          ! File format version
        1          ! Contents ID
       10          ! Number of channels for which optical parameters are stored
        0          ! Number of channels for which phase functions are stored
      128          ! Maximum number of Legendre coefficients
        5          ! Number of water cloud types
 stco
        1          ! Relative humidity values (%)
   0.00
   0.89285700E+03  ! Conversion factor to particle density [part.cm^-3]/[g.m^-3]
        1          ! Effective diameters (microns)
  0.000000E+00
 stma
        1          ! Relative humidity values (%)
   0.00
   0.26666700E+03  ! Conversion factor to particle density [part.cm^-3]/[g.m^-3]
        1          ! Effective diameters (microns)
  0.000000E+00
 cucc
        1          ! Relative humidity values (%)
   0.00
   0.15384610E+04  ! Conversion factor to particle density [part.cm^-3]/[g.m^-3]
        1          ! Effective diameters (microns)
  0.000000E+00
 cucp
        1          ! Relative humidity values (%)
   0.00
   0.43478260E+04  ! Conversion factor to particle density [part.cm^-3]/[g.m^-3]
        1          ! Effective diameters (microns)
  0.000000E+00
 cuma
        1          ! Relative humidity values (%)
   0.00
   0.14771000E+03  ! Conversion factor to particle density [part.cm^-3]/[g.m^-3]
        1          ! Effective diameters (microns)
  0.000000E+00
 ! ------------------------------------------------------
 ! OPTICAL PROPERTY DATA
 ! ---------------------
 stco00
  0.20520859E-01  0.12031363E+00  0.69288124E-01  0.65832161E-01  0.62238635E-01
  0.63213615E-01  0.69823489E-01  0.90864588E-01  0.11832041E+00  0.13192589E+00
  0.26139365E+00  0.18671533E+00  0.25942583E+00  0.25412752E+00  0.20570040E+00
  0.14080779E+00  0.82546295E-01  0.45566765E-01  0.55495207E-01  0.70491577E-01
  0.16032241E+00  0.10966043E+00  0.11867904E+00  0.11698177E+00  0.11558161E+00
  0.11658378E+00  0.11810148E+00  0.12394265E+00  0.14005807E+00  0.15251960E+00
    86
  0.10000000E+01  0.23347182E+01  0.33757749E+01  0.37176587E+01  0.41159100E+01
  0.43265024E+01  0.45522174E+01  0.47353790E+01  0.48663442E+01  0.49384996E+01
  0.49526993E+01  0.49021118E+01  0.47813138E+01  0.46364434E+01  0.44016869E+01
  0.41937525E+01  0.38898238E+01  0.36438914E+01  0.33178835E+01  0.30544053E+01
  0.27432311E+01  0.24792528E+01  0.22059281E+01  0.19550709E+01  0.17299021E+01
  0.15020824E+01  0.13258898E+01  0.11272656E+01  0.99501986E+00  0.82825215E+00
  0.73222471E+00  0.59703636E+00  0.52904729E+00  0.42299407E+00  0.37571268E+00
  0.29501909E+00  0.26251167E+00  0.20282867E+00  0.18061708E+00  0.13761075E+00
  0.12247654E+00  0.92217215E-01  0.81919507E-01  0.61084525E-01  0.54089663E-01
  0.40020368E-01  0.35284653E-01  0.25947549E-01  0.22759038E-01  0.16656602E-01
  0.14526728E-01  0.10591283E-01  0.91827417E-02  0.66737379E-02  0.57529757E-02
  0.41689269E-02  0.35746561E-02  0.25828061E-02  0.22042980E-02  0.15875697E-02
  0.13496629E-02  0.96850379E-03  0.82091267E-03  0.58664507E-03  0.49617325E-03
  0.35290958E-03  0.29804366E-03  0.21089664E-03  0.17795318E-03  0.12522129E-03
  0.10558045E-03  0.73865400E-04  0.62209670E-04  0.43269762E-04  0.36356243E-04
  0.25142877E-04  0.21020732E-04  0.14458016E-04  0.11967477E-04  0.81885481E-05
  0.66487750E-05  0.45255186E-05  0.35397145E-05  0.23929566E-05  0.17327594E-05
  0.11558520E-05  0.69073854E-06
    55
  0.10000000E+01  0.26738598E+01  0.38884782E+01  0.46637586E+01  0.51106459E+01
  0.52952952E+01  0.52684189E+01  0.50825788E+01  0.47635794E+01  0.43656578E+01
  0.39055978E+01  0.34305910E+01  0.29516877E+01  0.24992320E+01  0.20796747E+01
  0.17050575E+01  0.13783854E+01  0.10984287E+01  0.86586711E+00  0.67288862E+00
  0.51878319E+00  0.39429963E+00  0.29806342E+00  0.22212845E+00  0.16497175E+00
  0.12081783E+00  0.88306462E-01  0.63677558E-01  0.45869374E-01  0.32622780E-01
  0.23188160E-01  0.16289041E-01  0.11437221E-01  0.79453565E-02  0.55162114E-02
  0.37935637E-02  0.26065244E-02  0.17760758E-02  0.12086885E-02  0.81663617E-03
  0.55086047E-03  0.36927047E-03  0.24706478E-03  0.16441439E-03  0.10917549E-03
  0.72158784E-04  0.47580931E-04  0.31247881E-04  0.20470841E-04  0.13363518E-04
  0.87013991E-05  0.56484999E-05  0.36566514E-05  0.23611524E-05  0.15197109E-05
  0.97624381E-06
    49
  0.10000000E+01  0.26400887E+01  0.37876088E+01  0.44216756E+01  0.46861417E+01
  0.46691257E+01  0.44483626E+01  0.41027029E+01  0.36652056E+01  0.32027263E+01
  0.27236722E+01  0.22770945E+01  0.18588762E+01  0.14953752E+01  0.11792118E+01
  0.91647693E+00  0.70189576E+00  0.52868512E+00  0.39510099E+00  0.28915326E+00
  0.21173200E+00  0.15087536E+00  0.10863053E+00  0.75507994E-01  0.53613087E-01
  0.36412896E-01  0.25555932E-01  0.16987711E-01  0.11805893E-01  0.76935766E-02
  0.53010185E-02  0.33925924E-02  0.23193366E-02  0.14603880E-02  0.99096931E-03
  0.61505028E-03  0.41426826E-03  0.25392183E-03  0.16973364E-03  0.10293502E-03
  0.68262428E-04  0.41032436E-04  0.26984843E-04  0.16104121E-04  0.10498379E-04
  0.62298510E-05  0.40241907E-05  0.23780059E-05  0.15213276E-05  0.89668942E-06
    47
  0.10000000E+01  0.26550343E+01  0.38118168E+01  0.44473327E+01  0.46895526E+01
  0.46323781E+01  0.43606608E+01  0.39601139E+01  0.34760969E+01  0.29753431E+01
  0.24761441E+01  0.20201047E+01  0.16091304E+01  0.12597544E+01  0.96723503E+00
  0.73019456E+00  0.54354211E+00  0.39717944E+00  0.28806075E+00  0.20435602E+00
  0.14502338E+00  0.10012742E+00  0.69780426E-01  0.46984287E-01  0.32254102E-01
  0.21217325E-01  0.14383193E-01  0.92591087E-02  0.62103953E-02  0.39186731E-02
  0.26044434E-02  0.16133914E-02  0.10636231E-02  0.64793564E-03  0.42396178E-03
  0.25440335E-03  0.16526993E-03  0.97856117E-04  0.63117229E-04  0.36939227E-04
  0.23651633E-04  0.13705093E-04  0.87082229E-05  0.50043478E-05  0.31541636E-05
  0.18006160E-05  0.11251470E-05  0.63928506E-06
    40
  0.10000000E+01  0.26786207E+01  0.38302256E+01  0.44256626E+01  0.45730219E+01
  0.43839584E+01  0.39709784E+01  0.34380765E+01  0.28605122E+01  0.23016008E+01
  0.17949717E+01  0.13621340E+01  0.10080938E+01  0.72855542E+00  0.51626143E+00
  0.35789352E+00  0.24451540E+00  0.16350782E+00  0.10830981E+00  0.70174162E-01
  0.45276458E-01  0.28524468E-01  0.17993654E-01  0.11055502E-01  0.68398318E-02
  0.41085180E-02  0.24994385E-02  0.14708575E-02  0.88175286E-03  0.50927586E-03
  0.30137642E-03  0.17111831E-03  0.10010346E-03  0.55957377E-04  0.32396536E-04
  0.17853508E-04  0.10238561E-04  0.55698827E-05  0.31660908E-05  0.17023587E-05
  0.95951928E-06
    36
  0.10000000E+01  0.26862302E+01  0.38129799E+01  0.43431396E+01  0.43867707E+01
  0.40781609E+01  0.35580892E+01  0.29462957E+01  0.23334263E+01  0.17767888E+01
  0.13072675E+01  0.93169035E+00  0.64611670E+00  0.43621576E+00  0.28811586E+00
  0.18591222E+00  0.11787745E+00  0.73198971E-01  0.44829856E-01  0.26935741E-01
  0.16012774E-01  0.93498242E-02  0.54167623E-02  0.30845180E-02  0.17471437E-02
  0.97308640E-03  0.54032659E-03  0.29505878E-03  0.16096802E-03  0.86359543E-04
  0.46373827E-04  0.24486165E-04  0.12962652E-04  0.67464556E-05  0.35256492E-05
  0.18110995E-05  0.93542197E-06
    34
  0.10000000E+01  0.26875855E+01  0.37880199E+01  0.42564381E+01  0.42118311E+01
  0.38130014E+01  0.32225390E+01  0.25723717E+01  0.19563975E+01  0.14255933E+01
  0.10008357E+01  0.67912477E+00  0.44730514E+00  0.28651150E+00  0.17910576E+00
  0.10938031E+00  0.65462482E-01  0.38408112E-01  0.22155136E-01  0.12562842E-01
  0.70215027E-02  0.38661315E-02  0.21025336E-02  0.11284295E-02  0.59917196E-03
  0.31442452E-03  0.16346486E-03  0.84088528E-04  0.42903092E-04  0.21680960E-04
  0.10877360E-04  0.54097360E-05  0.26732221E-05  0.13104694E-05  0.63875821E-06
    32
  0.10000000E+01  0.26636111E+01  0.36993898E+01  0.40642676E+01  0.39042247E+01
  0.34115047E+01  0.27685079E+01  0.21129058E+01  0.15304764E+01  0.10590409E+01
  0.70399674E+00  0.45146689E+00  0.28039800E+00  0.16916432E+00  0.99421377E-01
  0.57048234E-01  0.32029469E-01  0.17624930E-01  0.95217633E-02  0.50568751E-02
  0.26436853E-02  0.13618971E-02  0.69208341E-03  0.34722327E-03  0.17213941E-03
  0.84384643E-04  0.40933157E-04  0.19658735E-04  0.93533739E-05  0.44107632E-05
  0.20625913E-05  0.95683367E-06  0.44052703E-06
    32
  0.10000000E+01  0.25748284E+01  0.34657365E+01  0.36607490E+01  0.33620959E+01
  0.27942563E+01  0.21466283E+01  0.15441585E+01  0.10501379E+01  0.67991355E+00
  0.42161506E+00  0.25156163E+00  0.14503020E+00  0.81058590E-01  0.44055532E-01
  0.23341827E-01  0.12083900E-01  0.61240057E-02  0.30436352E-02  0.14856469E-02
  0.71319568E-03  0.33711437E-03  0.15707293E-03  0.72208429E-04  0.32781127E-04
  0.14707595E-04  0.65261517E-05  0.28657955E-05  0.12461380E-05  0.53684449E-06
  0.22924687E-06  0.97076838E-07  0.40779297E-07
    32
  0.10000000E+01  0.25022822E+01  0.32875386E+01  0.33721024E+01  0.29966756E+01
  0.24004708E+01  0.17710130E+01  0.12189591E+01  0.79071484E+00  0.48683010E+00
  0.28636341E+00  0.16169134E+00  0.88047359E-01  0.46395266E-01  0.23738580E-01
  0.11823615E-01  0.57475740E-02  0.27320572E-02  0.12724042E-02  0.58148623E-03
  0.26115584E-03  0.11540422E-03  0.50237829E-04  0.21564720E-04  0.91365158E-05
  0.38236893E-05  0.15819387E-05  0.64741806E-06  0.26226632E-06  0.10521918E-06
  0.41824218E-07  0.16477109E-07  0.64318289E-08
 ! ---------------------
 stma00
  0.64226448E-01  0.28700576E+00  0.19871153E+00  0.19139142E+00  0.18360418E+00
  0.18535324E+00  0.19871235E+00  0.23721827E+00  0.27798466E+00  0.29837578E+00
  0.52046342E+00  0.33288688E+00  0.47150094E+00  0.49475486E+00  0.50911736E+00
  0.43076958E+00  0.29017805E+00  0.16283391E+00  0.17508684E+00  0.20654042E+00
  0.13642910E+00  0.86492584E-01  0.11172217E+00  0.10908693E+00  0.99191673E-01
  0.91620754E-01  0.87001201E-01  0.88466464E-01  0.10218121E+00  0.11329062E+00
   119
  0.10000000E+01  0.24443725E+01  0.36483948E+01  0.42138474E+01  0.48803401E+01
  0.53586414E+01  0.58572952E+01  0.63025696E+01  0.67152070E+01  0.70289553E+01
  0.73671669E+01  0.75449198E+01  0.77635015E+01  0.78483956E+01  0.79235591E+01
  0.79370323E+01  0.78828142E+01  0.78271419E+01  0.76742530E+01  0.75504816E+01
  0.73282917E+01  0.71441662E+01  0.68760983E+01  0.66440220E+01  0.63490600E+01
  0.60825406E+01  0.57765897E+01  0.54884219E+01  0.51844199E+01  0.48862012E+01
  0.45939008E+01  0.42958803E+01  0.40219435E+01  0.37328247E+01  0.34812518E+01
  0.32079815E+01  0.29807017E+01  0.27283474E+01  0.25258124E+01  0.22975777E+01
  0.21192568E+01  0.19166503E+01  0.17613870E+01  0.15845051E+01  0.14507540E+01
  0.12986143E+01  0.11846005E+01  0.10554689E+01  0.95929840E+00  0.85098274E+00
  0.77071935E+00  0.68081543E+00  0.61453867E+00  0.54061388E+00  0.48646497E+00
  0.42619047E+00  0.38241359E+00  0.33364559E+00  0.29861496E+00  0.25943674E+00
  0.23168097E+00  0.20041947E+00  0.17863511E+00  0.15385411E+00  0.13690657E+00
  0.11738808E+00  0.10431127E+00  0.89037167E-01  0.79024553E-01  0.67148434E-01
  0.59534367E-01  0.50360480E-01  0.44606624E-01  0.37566719E-01  0.33242971E-01
  0.27876211E-01  0.24643327E-01  0.20579194E-01  0.18172613E-01  0.15115387E-01
  0.13331226E-01  0.11046631E-01  0.97287725E-02  0.80325657E-02  0.70626400E-02
  0.58112888E-02  0.50999881E-02  0.41824765E-02  0.36627378E-02  0.29939450E-02
  0.26156630E-02  0.21309107E-02  0.18567341E-02  0.15072553E-02  0.13094292E-02
  0.10587810E-02  0.91676912E-03  0.73789776E-03  0.63652332E-03  0.50947849E-03
  0.43758972E-03  0.34778008E-03  0.29722536E-03  0.23401715E-03  0.19885027E-03
  0.15455382E-03  0.13046765E-03  0.99535532E-04  0.83423862E-04  0.61871703E-04
  0.51508584E-04  0.36484364E-04  0.30288482E-04  0.19757032E-04  0.16609311E-04
  0.91167508E-05  0.82301287E-05  0.27413159E-05  0.35694442E-05 -0.65620642E-06
    82
  0.10000000E+01  0.27440275E+01  0.41698434E+01  0.52970660E+01  0.62094773E+01
  0.69322806E+01  0.74845642E+01  0.78746328E+01  0.81077353E+01  0.82014598E+01
  0.81601245E+01  0.80107495E+01  0.77578685E+01  0.74316341E+01  0.70372805E+01
  0.66019865E+01  0.61322030E+01  0.56483490E+01  0.51580125E+01  0.46736886E+01
  0.42033683E+01  0.37524482E+01  0.33283181E+01  0.29311357E+01  0.25668503E+01
  0.22324290E+01  0.19319563E+01  0.16609220E+01  0.14215594E+01  0.12090618E+01
  0.10241357E+01  0.86235282E+00  0.72335413E+00  0.60338784E+00  0.50148415E+00
  0.41463117E+00  0.34161246E+00  0.28009820E+00  0.22887130E+00  0.18617812E+00
  0.15093880E+00  0.12186179E+00  0.98061423E-01  0.78604277E-01  0.62804187E-01
  0.49998373E-01  0.39678088E-01  0.31380759E-01  0.24742276E-01  0.19445261E-01
  0.15236648E-01  0.11902332E-01  0.92707592E-02  0.71998829E-02  0.55759036E-02
  0.43061013E-02  0.33164299E-02  0.25473130E-02  0.19514025E-02  0.14909940E-02
  0.11362904E-02  0.86377424E-03  0.65496785E-03  0.49540591E-03  0.37378668E-03
  0.28133116E-03  0.21121487E-03  0.15817851E-03  0.11815018E-03  0.88018806E-04
  0.65381552E-04  0.48421174E-04  0.35733752E-04  0.26271472E-04  0.19220943E-04
  0.13986398E-04  0.10099503E-04  0.72269778E-05  0.50999118E-05  0.35356976E-05
  0.23795231E-05  0.15342707E-05  0.90983146E-06
    74
  0.10000000E+01  0.26395853E+01  0.38539495E+01  0.46301642E+01  0.51525788E+01
  0.54810185E+01  0.56749020E+01  0.57576349E+01  0.57443065E+01  0.56506937E+01
  0.54755056E+01  0.52490131E+01  0.49562731E+01  0.46419019E+01  0.42825021E+01
  0.39258361E+01  0.35477696E+01  0.31883177E+01  0.28288627E+01  0.24955587E+01
  0.21784132E+01  0.18886035E+01  0.16248553E+01  0.13857762E+01  0.11768782E+01
  0.98828682E+00  0.82953625E+00  0.68649489E+00  0.57009175E+00  0.46534042E+00
  0.38262601E+00  0.30832021E+00  0.25116248E+00  0.19997066E+00  0.16145322E+00
  0.12712363E+00  0.10175475E+00  0.79301432E-01  0.62941326E-01  0.48593032E-01
  0.38247898E-01  0.29275231E-01  0.22853489E-01  0.17354549E-01  0.13437637E-01
  0.10130492E-01  0.77811402E-02  0.58269175E-02  0.44403013E-02  0.33044500E-02
  0.24986497E-02  0.18486296E-02  0.13873110E-02  0.10207267E-02  0.76040795E-03
  0.55651537E-03  0.41164982E-03  0.29973042E-03  0.22018694E-03  0.15952152E-03
  0.11640382E-03  0.83915644E-04  0.60828659E-04  0.43632472E-04  0.31413734E-04
  0.22414953E-04  0.16017642E-04  0.11361562E-04  0.80441403E-05  0.56627274E-05
  0.39556228E-05  0.27527499E-05  0.18782130E-05  0.12796183E-05  0.83106583E-06
    70
  0.10000000E+01  0.26615626E+01  0.38939026E+01  0.46842899E+01  0.51865236E+01
  0.54714864E+01  0.56000230E+01  0.56062842E+01  0.55119775E+01  0.53401160E+01
  0.50940510E+01  0.48058533E+01  0.44656741E+01  0.41139156E+01  0.37338353E+01
  0.33649251E+01  0.29901231E+01  0.26400337E+01  0.23018671E+01  0.19937057E+01
  0.17090181E+01  0.14537058E+01  0.12272786E+01  0.10262540E+01  0.85461830E+00
  0.70317042E+00  0.57836146E+00  0.46863863E+00  0.38112819E+00  0.30438691E+00
  0.24498085E+00  0.19300559E+00  0.15383020E+00  0.11965573E+00  0.94490216E-01
  0.72628675E-01  0.56845385E-01  0.43213654E-01  0.33530789E-01  0.25231476E-01
  0.19411853E-01  0.14470839E-01  0.11039841E-01  0.81592604E-02  0.61730131E-02
  0.45263942E-02  0.33963125E-02  0.24723143E-02  0.18399483E-02  0.13303967E-02
  0.98215079E-03  0.70572566E-03  0.51687828E-03  0.36922886E-03  0.26833258E-03
  0.19061789E-03  0.13748003E-03  0.97143104E-04  0.69541877E-04  0.48883375E-04
  0.34735181E-04  0.24290175E-04  0.17128298E-04  0.11912981E-04  0.83293518E-05
  0.57574834E-05  0.39823145E-05  0.27302514E-05  0.18574693E-05  0.12566255E-05
  0.82866092E-06
    60
  0.10000000E+01  0.27289491E+01  0.40390127E+01  0.49121018E+01  0.54305427E+01
  0.56683168E+01  0.56880007E+01  0.55432997E+01  0.52734673E+01  0.49199820E+01
  0.45047679E+01  0.40633873E+01  0.36058321E+01  0.31602267E+01  0.27292219E+01
  0.23312663E+01  0.19652017E+01  0.16397778E+01  0.13525021E+01  0.11044078E+01
  0.89312159E+00  0.71478856E+00  0.56775790E+00  0.44593967E+00  0.34845466E+00
  0.26890995E+00  0.20699292E+00  0.15711356E+00  0.11927666E+00  0.89129652E-01
  0.66803459E-01  0.49187706E-01  0.36428627E-01  0.26451629E-01  0.19371435E-01
  0.13882526E-01  0.10059126E-01  0.71202638E-02  0.51071883E-02  0.35732804E-02
  0.25381562E-02  0.17565526E-02  0.12359935E-02  0.84666478E-03  0.59031313E-03
  0.40050695E-03  0.27675103E-03  0.18608508E-03  0.12746069E-03  0.84983658E-04
  0.57709804E-04  0.38173614E-04  0.25702299E-04  0.16874221E-04  0.11264962E-04
  0.73424977E-05  0.48589028E-05  0.31441972E-05  0.20605401E-05  0.13227559E-05
  0.85602761E-06
    54
  0.10000000E+01  0.27766808E+01  0.41538525E+01  0.50964238E+01  0.56491637E+01
  0.58755639E+01  0.58398532E+01  0.56054669E+01  0.52270974E+01  0.47571552E+01
  0.42351739E+01  0.36985965E+01  0.31714906E+01  0.26755039E+01  0.22217156E+01
  0.18185096E+01  0.14679756E+01  0.11696015E+01  0.92054713E+00  0.71576182E+00
  0.55058683E+00  0.41866512E+00  0.31538981E+00  0.23495231E+00  0.17363180E+00
  0.12691590E+00  0.92145900E-01  0.66175117E-01  0.47263054E-01  0.33387181E-01
  0.23483305E-01  0.16334522E-01  0.11325647E-01  0.77642924E-02  0.53113917E-02
  0.35917109E-02  0.24259719E-02  0.16194279E-02  0.10807204E-02  0.71264204E-03
  0.47016066E-03  0.30645041E-03  0.19997889E-03  0.12891518E-03  0.83248457E-04
  0.53104278E-04  0.33948641E-04  0.21439356E-04  0.13572686E-04  0.84890374E-05
  0.53230237E-05  0.32979990E-05  0.20480883E-05  0.12567630E-05  0.77221070E-06
    50
  0.10000000E+01  0.28056377E+01  0.42288260E+01  0.52139497E+01  0.57866649E+01
  0.60019103E+01  0.59258611E+01  0.56287467E+01  0.51771398E+01  0.46317021E+01
  0.40431712E+01  0.34521622E+01  0.28884643E+01  0.23719687E+01  0.19142791E+01
  0.15198281E+01  0.11883886E+01  0.91577158E+00  0.69616888E+00  0.52229494E+00
  0.38708648E+00  0.28344568E+00  0.20526707E+00  0.14701127E+00  0.10423006E+00
  0.73141757E-01  0.50852705E-01  0.35017920E-01  0.23908961E-01  0.16177670E-01
  0.10860344E-01  0.72290418E-02  0.47767779E-02  0.31311008E-02  0.20384136E-02
  0.13169567E-02  0.84542492E-03  0.53879126E-03  0.34131804E-03  0.21472473E-03
  0.13432171E-03  0.83468332E-04  0.51590030E-04  0.31683439E-04  0.19358438E-04
  0.11754934E-04  0.71024721E-05  0.42654228E-05  0.25489158E-05  0.15138295E-05
  0.89428914E-06
    47
  0.10000000E+01  0.28039496E+01  0.42205768E+01  0.51772730E+01  0.56977243E+01
  0.58405535E+01  0.56808583E+01  0.52990333E+01  0.47724557E+01  0.41692125E+01
  0.35450160E+01  0.29414081E+01  0.23866298E+01  0.18968933E+01  0.14790244E+01
  0.11326988E+01  0.85300347E+00  0.63225601E+00  0.46166919E+00  0.33234584E+00
  0.23604259E+00  0.16549976E+00  0.11462469E+00  0.78461057E-01  0.53106996E-01
  0.35559675E-01  0.23564950E-01  0.15460998E-01  0.10047060E-01  0.64685736E-02
  0.41275553E-02  0.26110299E-02  0.16379256E-02  0.10191655E-02  0.62918299E-03
  0.38546326E-03  0.23440263E-03  0.14151274E-03  0.84833623E-04  0.50506402E-04
  0.29867513E-04  0.17545750E-04  0.10240104E-04  0.59375068E-05  0.34202175E-05
  0.19569560E-05  0.11118511E-05  0.62690321E-06
    43
  0.10000000E+01  0.27364608E+01  0.40394248E+01  0.48418090E+01  0.51956445E+01
  0.51811060E+01  0.48904378E+01  0.44155445E+01  0.38395479E+01  0.32304880E+01
  0.26392427E+01  0.20993769E+01  0.16295778E+01  0.12365996E+01  0.91885778E+00
  0.66945424E+00  0.47882669E+00  0.33657265E+00  0.23272580E+00  0.15843247E+00
  0.10627275E+00  0.70288009E-01  0.45867779E-01  0.29549854E-01  0.18804617E-01
  0.11826346E-01  0.73539089E-02  0.45232661E-02  0.27531390E-02  0.16588456E-02
  0.98977823E-03  0.58500946E-03  0.34262045E-03  0.19888862E-03  0.11446352E-03
  0.65326272E-04  0.36979981E-04  0.20767473E-04  0.11571841E-04  0.63982248E-05
  0.35103594E-05  0.19107875E-05  0.10315255E-05  0.55189057E-06
    40
  0.10000000E+01  0.26779467E+01  0.38921780E+01  0.45830925E+01  0.48245839E+01
  0.47116650E+01  0.43472705E+01  0.38291332E+01  0.32417473E+01  0.26502551E+01
  0.20999062E+01  0.16170208E+01  0.12130051E+01  0.88810503E+00  0.63572550E+00
  0.44554646E+00  0.30613512E+00  0.20644835E+00  0.13678873E+00  0.89128904E-01
  0.57160234E-01  0.36107496E-01  0.22482375E-01  0.13806940E-01  0.83680942E-02
  0.50079285E-02  0.29608457E-02  0.17301978E-02  0.99974583E-03  0.57143525E-03
  0.32321602E-03  0.18097312E-03  0.10033947E-03  0.55105004E-04  0.29983890E-04
  0.16168132E-04  0.86414246E-05  0.45783461E-05  0.24044906E-05  0.12515089E-05
  0.64520779E-06
 ! ---------------------
 cucc00
  0.12528872E-01  0.85382754E-01  0.44398549E-01  0.41920112E-01  0.39397900E-01
  0.40193710E-01  0.45168782E-01  0.61744122E-01  0.85575539E-01  0.97544426E-01
  0.21168477E+00  0.16050414E+00  0.19985615E+00  0.18415864E+00  0.12764324E+00
  0.78573685E-01  0.43503751E-01  0.24393779E-01  0.32567481E-01  0.43471372E-01
  0.16925825E+00  0.11729149E+00  0.12434238E+00  0.12572481E+00  0.13305438E+00
  0.14070163E+00  0.14665509E+00  0.15485230E+00  0.17080701E+00  0.18318118E+00
    45
  0.10000000E+01  0.23051844E+01  0.32486965E+01  0.34836784E+01  0.36857989E+01
  0.37201167E+01  0.37457465E+01  0.37701273E+01  0.37244569E+01  0.36935713E+01
  0.35393438E+01  0.34216329E+01  0.31465361E+01  0.29447387E+01  0.25906265E+01
  0.23308704E+01  0.19673940E+01  0.16864753E+01  0.13761417E+01  0.11103861E+01
  0.88631996E+00  0.66283909E+00  0.52575488E+00  0.35766080E+00  0.28736708E+00
  0.17402283E+00  0.14478357E+00  0.76203540E-01  0.67249686E-01  0.29985507E-01
  0.28791087E-01  0.10589080E-01  0.11354543E-01  0.33519467E-02  0.41212722E-02
  0.94986319E-03  0.13751391E-02  0.24056307E-03  0.42126827E-03  0.54327279E-04
  0.11832533E-03  0.10911110E-04  0.30425763E-04  0.19508434E-05  0.71442394E-05
  0.32260999E-06
    32
  0.10000000E+01  0.26558420E+01  0.38016351E+01  0.44478307E+01  0.47018654E+01
  0.46444619E+01  0.43382787E+01  0.38670275E+01  0.32776871E+01  0.26575717E+01
  0.20472781E+01  0.15041750E+01  0.10506403E+01  0.69597923E+00  0.44011628E+00
  0.26198318E+00  0.15000048E+00  0.80151632E-01  0.41598956E-01  0.19977934E-01
  0.94139740E-02  0.40764430E-02  0.17469365E-02  0.68530039E-03  0.26751441E-03
  0.95611708E-04  0.34056541E-04  0.11156101E-04  0.36339191E-05  0.10972536E-05
  0.32776781E-06  0.91774338E-07  0.25223945E-07
    32
  0.10000000E+01  0.26312564E+01  0.37216052E+01  0.42425650E+01  0.43252920E+01
  0.40727750E+01  0.35842856E+01  0.29778984E+01  0.23242564E+01  0.17145261E+01
  0.11894917E+01  0.77463369E+00  0.47761928E+00  0.27289382E+00  0.14983146E+00
  0.74853672E-01  0.36731744E-01  0.16053276E-01  0.70666308E-02  0.27147042E-02
  0.10744395E-02  0.36601632E-03  0.13031270E-03  0.39823997E-04  0.12749575E-04
  0.35386109E-05  0.10191923E-05  0.25975202E-06  0.67438890E-07  0.15975529E-07
  0.36697433E-08  0.87904419E-09  0.88953963E-10
    32
  0.10000000E+01  0.26316287E+01  0.37002036E+01  0.41745379E+01  0.41854089E+01
  0.38489438E+01  0.32857603E+01  0.26254791E+01  0.19586502E+01  0.13673213E+01
  0.89363907E+00  0.54237834E+00  0.31075902E+00  0.16334837E+00  0.82264107E-01
  0.37455536E-01  0.16642970E-01  0.65948630E-02  0.25944576E-02  0.90266596E-03
  0.31521397E-03  0.97404826E-04  0.30263089E-04  0.84059345E-05  0.23319596E-05
  0.58836958E-06  0.14656869E-06  0.33905406E-07  0.75959924E-08  0.16621786E-08
  0.27187944E-09  0.91391606E-10 -0.60688919E-10
    32
  0.10000000E+01  0.26128521E+01  0.35805266E+01  0.38719537E+01  0.36476735E+01
  0.30806226E+01  0.23636998E+01  0.16517580E+01  0.10569522E+01  0.61498153E+00
  0.32977189E+00  0.16015567E+00  0.72309956E-01  0.29522562E-01  0.11300816E-01
  0.39240614E-02  0.12846222E-02  0.38460522E-03  0.10881420E-03  0.28470219E-04
  0.70459563E-05  0.16308065E-05  0.35760166E-06  0.74034987E-07  0.14546995E-07
  0.27303652E-08  0.46766238E-09  0.89577908E-10 -0.71526321E-11  0.70139490E-11
 -0.26266707E-10 -0.16751890E-11 -0.36420898E-10
    32
  0.10000000E+01  0.25860896E+01  0.34474672E+01  0.35626544E+01  0.31446913E+01
  0.24347399E+01  0.16788975E+01  0.10311179E+01  0.56975881E+00  0.28137876E+00
  0.12595469E+00  0.50659889E-01  0.18602986E-01  0.61922523E-02  0.18946452E-02
  0.53112938E-03  0.13778551E-03  0.33095594E-04  0.74086364E-05  0.15497842E-05
  0.30430877E-06  0.56272134E-07  0.98241177E-08  0.16258898E-08  0.24550368E-09
  0.35257639E-10 -0.61990080E-11 -0.26131713E-11 -0.12512600E-10 -0.39770796E-11
 -0.14589122E-10 -0.66458622E-11 -0.19536321E-10
    32
  0.10000000E+01  0.25628841E+01  0.33383103E+01  0.33201450E+01  0.27728286E+01
  0.19989615E+01  0.12639269E+01  0.70301890E+00  0.34723842E+00  0.15231409E+00
  0.59872752E-01  0.21120236E-01  0.67397655E-02  0.19522021E-02  0.51667070E-03
  0.12550614E-03  0.28135065E-04  0.58475436E-05  0.11319904E-05  0.20496069E-06
  0.34840632E-07  0.55778530E-08  0.83803631E-09  0.11595734E-09  0.85024361E-11
 -0.36275342E-11 -0.83280009E-11 -0.61237604E-11 -0.92334947E-11 -0.67344931E-11
 -0.10289007E-10 -0.81727762E-11 -0.12936740E-10
    32
  0.10000000E+01  0.25223008E+01  0.31954197E+01  0.30447878E+01  0.23974089E+01
  0.16093522E+01  0.93595165E+00  0.47492476E+00  0.21191368E+00  0.83527004E-01
  0.29280418E-01  0.91774680E-02  0.25888658E-02  0.66115370E-03  0.15380247E-03
  0.32777734E-04  0.64347579E-05  0.11695977E-05  0.19775878E-06  0.31237108E-07
  0.46237421E-08  0.64030814E-09  0.78849089E-10  0.47671915E-11 -0.53544539E-11
 -0.60459428E-11 -0.70169578E-11 -0.66182369E-11 -0.75830530E-11 -0.71998542E-11
 -0.83247918E-11 -0.81241821E-11 -0.98151851E-11
    32
  0.10000000E+01  0.24255958E+01  0.29533741E+01  0.26682635E+01  0.19706708E+01
  0.12288762E+01  0.65713076E+00  0.30320263E+00  0.12157782E+00  0.42561163E-01
  0.13106625E-01  0.35736197E-02  0.86952479E-03  0.19017751E-03  0.37662558E-04
  0.67994788E-05  0.11261888E-05  0.17212160E-06  0.24400304E-07  0.32210233E-08
  0.39404358E-09  0.41528652E-10 -0.39206675E-12 -0.46834699E-11 -0.57475587E-11
 -0.54928929E-11 -0.61649050E-11 -0.58974100E-11 -0.66781631E-11 -0.64353959E-11
 -0.72994182E-11 -0.70747459E-11 -0.81675873E-11
    32
  0.10000000E+01  0.23475170E+01  0.27713325E+01  0.24048460E+01  0.16936195E+01
  0.99793915E+00  0.49937645E+00  0.21287425E+00  0.77963799E-01  0.24627543E-01
  0.67792535E-02  0.16384347E-02  0.35114819E-03  0.67310068E-04  0.11639352E-04
  0.18297796E-05  0.26337759E-06  0.34932130E-07  0.42906513E-08  0.48798290E-09
  0.48013851E-10  0.98140901E-12 -0.46191240E-11 -0.45623217E-11 -0.54008590E-11
 -0.48418684E-11 -0.57430805E-11 -0.52022804E-11 -0.62381455E-11 -0.57011980E-11
 -0.68238029E-11 -0.62256007E-11 -0.74501289E-11
 ! ---------------------
 cucp00
  0.44586244E-02  0.36418377E-01  0.16631915E-01  0.15599722E-01  0.14572228E-01
  0.14967536E-01  0.17219327E-01  0.25166585E-01  0.38399406E-01  0.45378831E-01
  0.14869550E+00  0.75898063E-01  0.71645236E-01  0.61473967E-01  0.36735222E-01
  0.20758889E-01  0.11083808E-01  0.64638796E-02  0.97584914E-02  0.13881306E-01
  0.14265786E+00  0.14141997E+00  0.15391647E+00  0.15917960E+00  0.17620071E+00
  0.19079287E+00  0.20141949E+00  0.21415512E+00  0.23497734E+00  0.24996497E+00
    32
  0.10000000E+01  0.24897519E+01  0.35379404E+01  0.40008475E+01  0.41960029E+01
  0.41512181E+01  0.39237547E+01  0.36241723E+01  0.31650487E+01  0.27239836E+01
  0.21830196E+01  0.17157304E+01  0.12552498E+01  0.87702284E+00  0.58973338E+00
  0.35532483E+00  0.22389587E+00  0.11265834E+00  0.68390005E-01  0.27876725E-01
  0.16783561E-01  0.54180946E-02  0.33063729E-02  0.83996037E-03  0.52243013E-03
  0.10633995E-03  0.66209453E-04  0.11299744E-04  0.67453025E-05  0.10311972E-05
  0.55511312E-06  0.82348428E-07  0.36647524E-07
    32
  0.10000000E+01  0.25662937E+01  0.34517984E+01  0.36689581E+01  0.33817437E+01
  0.27746567E+01  0.20310889E+01  0.13280649E+01  0.77567961E+00  0.39931987E+00
  0.18578942E+00  0.75302901E-01  0.28064016E-01  0.91161684E-02  0.27513841E-02
  0.73491608E-03  0.18270576E-03  0.41091470E-04  0.86029416E-05  0.16609745E-05
  0.29959705E-06  0.50513701E-07  0.79912645E-08  0.12006955E-08  0.15174859E-09
  0.26457481E-10 -0.16120673E-10  0.44481103E-11 -0.20409745E-10  0.38853072E-11
 -0.23499296E-10  0.51911088E-12 -0.31034220E-10
    32
  0.10000000E+01  0.25080840E+01  0.32629651E+01  0.32635092E+01  0.27704336E+01
  0.20267971E+01  0.12952803E+01  0.71154490E+00  0.34666655E+00  0.14333714E+00
  0.53637023E-01  0.17114433E-01  0.49902735E-02  0.12718806E-02  0.29656748E-03
  0.62188788E-04  0.11978074E-04  0.21183680E-05  0.34717807E-06  0.52970214E-07
  0.75482397E-08  0.10178499E-08  0.11264859E-09  0.18621578E-10 -0.15403247E-10
  0.38021419E-11 -0.18389343E-10  0.39650505E-11 -0.19755924E-10  0.41552079E-11
 -0.21382496E-10  0.36564533E-11 -0.24563612E-10
    32
  0.10000000E+01  0.24846698E+01  0.31693906E+01  0.30679322E+01  0.24870002E+01
  0.17071365E+01  0.10127233E+01  0.50773528E+00  0.22411357E+00  0.83403299E-01
  0.27751114E-01  0.79333628E-02  0.20404374E-02  0.46427141E-03  0.95684086E-04
  0.17869806E-04  0.30574174E-05  0.48194019E-06  0.70441434E-07  0.96030639E-08
  0.12146110E-08  0.14784861E-09  0.40052178E-11  0.24738609E-11 -0.13489665E-10
  0.89491768E-12 -0.14656777E-10  0.99073602E-12 -0.15761048E-10  0.96688923E-12
 -0.17008096E-10  0.66864574E-12 -0.18974367E-10
    32
  0.10000000E+01  0.23998074E+01  0.28594248E+01  0.24716610E+01  0.17175378E+01
  0.96256094E+00  0.45351710E+00  0.17545038E+00  0.58060641E-01  0.16229159E-01
  0.39339967E-02  0.83125379E-03  0.15538281E-03  0.25953870E-04  0.39135506E-05
  0.53741972E-06  0.67720681E-07  0.78822244E-08  0.84665125E-09  0.83983928E-10
  0.14460860E-11 -0.16370696E-11 -0.72507573E-11 -0.24514368E-11 -0.77781105E-11
 -0.25057882E-11 -0.83065504E-11 -0.26919343E-11 -0.89964340E-11 -0.30229156E-11
 -0.97767703E-11 -0.33566497E-11 -0.10494062E-10
    32
  0.10000000E+01  0.23192111E+01  0.25860645E+01  0.20034482E+01  0.12116097E+01
  0.57711120E+00  0.22586165E+00  0.72167036E-01  0.19300932E-01  0.43633780E-02
  0.84807713E-03  0.14373066E-03  0.21528003E-04  0.28832244E-05  0.34878101E-06
  0.38437370E-07  0.38843613E-08  0.36091181E-09  0.27436239E-10 -0.11405919E-12
 -0.44631096E-11 -0.29946823E-11 -0.50675104E-11 -0.31545879E-11 -0.53324312E-11
 -0.32620367E-11 -0.56688955E-11 -0.35170326E-11 -0.61812710E-11 -0.39154409E-11
 -0.67745413E-11 -0.43032765E-11 -0.72396644E-11
    32
  0.10000000E+01  0.22562235E+01  0.23806301E+01  0.17009060E+01  0.93344883E+00
  0.40143857E+00  0.13942497E+00  0.39348877E-01  0.91988994E-02  0.18114494E-02
  0.30575613E-03  0.44938380E-04  0.58315524E-05  0.67615082E-06  0.70756098E-07
  0.67384966E-08  0.58601332E-09  0.45145859E-10  0.32327235E-12 -0.25107864E-11
 -0.37204707E-11 -0.31100128E-11 -0.40578637E-11 -0.32675578E-11 -0.42370666E-11
 -0.33868536E-11 -0.44889859E-11 -0.36551882E-11 -0.49166079E-11 -0.40629142E-11
 -0.54185063E-11 -0.44550279E-11 -0.57938819E-11
    32
  0.10000000E+01  0.21726453E+01  0.21576375E+01  0.14414704E+01  0.73310258E+00
  0.29040171E+00  0.91294338E-01  0.23050429E-01  0.47710660E-02  0.82624791E-03
  0.12205813E-03  0.15645803E-04  0.17659113E-05  0.17768811E-06  0.16104668E-07
  0.13250300E-08  0.97760814E-10  0.48073387E-11 -0.23260513E-11 -0.25616542E-11
 -0.32311430E-11 -0.29187481E-11 -0.35029490E-11 -0.30600636E-11 -0.36399293E-11
 -0.31699340E-11 -0.38494589E-11 -0.34239665E-11 -0.42298429E-11 -0.38114766E-11
 -0.46781198E-11 -0.41816811E-11 -0.50064926E-11
    32
  0.10000000E+01  0.20241690E+01  0.18811622E+01  0.11827147E+01  0.56292397E+00
  0.20387813E+00  0.57083816E-01  0.12545838E-01  0.22245205E-02  0.32635294E-03
  0.40528576E-04  0.43439625E-05  0.40842327E-06  0.34140510E-07  0.25641736E-08
  0.17351218E-09  0.88064292E-11 -0.11530414E-11 -0.24985439E-11 -0.21638822E-11
 -0.29542855E-11 -0.24468760E-11 -0.31992856E-11 -0.25523361E-11 -0.33161202E-11
 -0.26265852E-11 -0.35034951E-11 -0.28399844E-11 -0.38577976E-11 -0.31822521E-11
 -0.42741419E-11 -0.35021980E-11 -0.45754594E-11
    32
  0.10000000E+01  0.19158617E+01  0.16980108E+01  0.10168567E+01  0.45704193E+00
  0.15172386E+00  0.38138283E-01  0.73951337E-02  0.11455566E-02  0.14598944E-03
  0.15699941E-04  0.14549153E-05  0.11818871E-06  0.85337012E-08  0.55236048E-09
  0.31412415E-10 -0.27438764E-12 -0.13947182E-11 -0.24373504E-11 -0.18237408E-11
 -0.28474603E-11 -0.20645015E-11 -0.30806226E-11 -0.21417140E-11 -0.31947765E-11
 -0.21904765E-11 -0.33741208E-11 -0.23671572E-11 -0.37137707E-11 -0.26673365E-11
 -0.41142586E-11 -0.29462691E-11 -0.44056716E-11
 ! ---------------------
 cuma00
  0.11305635E+00  0.46738913E+00  0.34320584E+00  0.33174733E+00  0.31933185E+00
  0.32177571E+00  0.34218555E+00  0.39830034E+00  0.45092144E+00  0.47760427E+00
  0.80262396E+00  0.48241295E+00  0.65548752E+00  0.70992975E+00  0.82962718E+00
  0.76166660E+00  0.53023537E+00  0.29685326E+00  0.30935202E+00  0.35762772E+00
  0.12502191E+00  0.74642642E-01  0.11112539E+00  0.10846432E+00  0.94103221E-01
  0.84592371E-01  0.79824634E-01  0.80823961E-01  0.92859494E-01  0.10283948E+00
    91
  0.10000000E+01  0.25036659E+01  0.37695615E+01  0.44296431E+01  0.51771055E+01
  0.57361984E+01  0.63060581E+01  0.68281023E+01  0.73251484E+01  0.77273788E+01
  0.81871854E+01  0.84658797E+01  0.88308173E+01  0.90279556E+01  0.92511697E+01
  0.93784870E+01  0.94575444E+01  0.95054124E+01  0.94611720E+01  0.94214466E+01
  0.92757961E+01  0.91511653E+01  0.89219305E+01  0.87225748E+01  0.84261401E+01
  0.81648083E+01  0.78183100E+01  0.75080532E+01  0.71293398E+01  0.67831655E+01
  0.63896459E+01  0.60206255E+01  0.56280789E+01  0.52492183E+01  0.48709364E+01
  0.44947311E+01  0.41410627E+01  0.37788663E+01  0.34571312E+01  0.31184966E+01
  0.28331669E+01  0.25253451E+01  0.22783741E+01  0.20060713E+01  0.17972996E+01
  0.15627026E+01  0.13903091E+01  0.11933349E+01  0.10542924E+01  0.89300847E+00
  0.78351200E+00  0.65465232E+00  0.57050040E+00  0.46998701E+00  0.40690567E+00
  0.33032668E+00  0.28423320E+00  0.22722528E+00  0.19441115E+00  0.15293206E+00
  0.13018347E+00  0.10068249E+00  0.85332413E-01  0.64823299E-01  0.54742547E-01
  0.40805179E-01  0.34362908E-01  0.25107810E-01  0.21103557E-01  0.15098270E-01
  0.12676311E-01  0.88702529E-02  0.74449024E-02  0.50894311E-02  0.42729312E-02
  0.28497737E-02  0.23942006E-02  0.15551154E-02  0.13072076E-02  0.82468438E-03
  0.69293992E-03  0.42249329E-03  0.35389118E-03  0.20626217E-03  0.17112920E-03
  0.92779371E-04  0.74968465E-04  0.34651508E-04  0.25633177E-04  0.56327645E-05
  0.10294986E-05 -0.84140166E-05
    62
  0.10000000E+01  0.27811827E+01  0.43146361E+01  0.56175511E+01  0.67569645E+01
  0.77385262E+01  0.85673423E+01  0.92342070E+01  0.97389498E+01  0.10083324E+02
  0.10269961E+02  0.10312317E+02  0.10213509E+02  0.99954448E+01  0.96614118E+01
  0.92378255E+01  0.87295742E+01  0.81634157E+01  0.75471701E+01  0.69041638E+01
  0.62452542E+01  0.55876851E+01  0.49440623E+01  0.43244491E+01  0.37410953E+01
  0.31972843E+01  0.27028816E+01  0.22558433E+01  0.18624286E+01  0.15171740E+01
  0.12225890E+01  0.97163539E+00  0.76381037E+00  0.59195646E+00  0.45372431E+00
  0.34277782E+00  0.25606019E+00  0.18850960E+00  0.13719007E+00  0.98391289E-01
  0.69737165E-01  0.48711198E-01  0.33615403E-01  0.22863177E-01  0.15358699E-01
  0.10169611E-01  0.66490249E-02  0.42854056E-02  0.27266365E-02  0.17103755E-02
  0.10589353E-02  0.64642942E-03  0.38941154E-03  0.23131444E-03  0.13556257E-03
  0.78337091E-04  0.44639918E-04  0.25069039E-04  0.13857314E-04  0.75270976E-05
  0.39917194E-05  0.20495284E-05  0.98455890E-06
    56
  0.10000000E+01  0.26244390E+01  0.38449188E+01  0.46528508E+01  0.52690739E+01
  0.57423291E+01  0.61310125E+01  0.64288789E+01  0.66504020E+01  0.67761330E+01
  0.68073094E+01  0.67502947E+01  0.65872361E+01  0.63595461E+01  0.60317901E+01
  0.56694556E+01  0.52293464E+01  0.47833154E+01  0.42922580E+01  0.38175135E+01
  0.33334274E+01  0.28792102E+01  0.24469041E+01  0.20495718E+01  0.16955919E+01
  0.13751971E+01  0.11077143E+01  0.86857959E+00  0.68134616E+00  0.51579530E+00
  0.39410038E+00  0.28768342E+00  0.21412072E+00  0.15057077E+00  0.10916745E+00
  0.73900045E-01  0.52184274E-01  0.33992528E-01  0.23371574E-01  0.14647854E-01
  0.98014005E-02  0.59113623E-02  0.38472391E-02  0.22337975E-02  0.14129842E-02
  0.79032659E-03  0.48548224E-03  0.26180813E-03  0.15603632E-03  0.81213531E-04
  0.46911488E-04  0.23596606E-04  0.13187522E-04  0.64226489E-05  0.34559499E-05
  0.16340932E-05  0.82827668E-06
    53
  0.10000000E+01  0.26492835E+01  0.38867907E+01  0.47059547E+01  0.52875876E+01
  0.56983356E+01  0.59973306E+01  0.61946880E+01  0.63083052E+01  0.63321218E+01
  0.62651730E+01  0.61220911E+01  0.58842325E+01  0.55937351E+01  0.52201723E+01
  0.48224810E+01  0.43678869E+01  0.39163099E+01  0.34415662E+01  0.29904999E+01
  0.25492052E+01  0.21432070E+01  0.17720135E+01  0.14389460E+01  0.11540110E+01
  0.90353368E+00  0.70298496E+00  0.52978940E+00  0.39999154E+00  0.28970474E+00
  0.21231066E+00  0.14758255E+00  0.10501017E+00  0.69979802E-01  0.48353309E-01
  0.30866808E-01  0.20712141E-01  0.12659006E-01  0.82483283E-02  0.48259208E-02
  0.30524875E-02  0.17099601E-02  0.10494416E-02  0.56315980E-03  0.33512845E-03
  0.17242189E-03  0.99404335E-04  0.49092556E-04  0.27389077E-04  0.13006794E-04
  0.70095717E-05  0.32104363E-05  0.16625947E-05  0.73924911E-06
    45
  0.10000000E+01  0.27420562E+01  0.40982023E+01  0.50570823E+01  0.56988506E+01
  0.60900560E+01  0.62815352E+01  0.63086695E+01  0.61971940E+01  0.59724697E+01
  0.56450008E+01  0.52461678E+01  0.47795805E+01  0.42827817E+01  0.37578856E+01
  0.32408661E+01  0.27344646E+01  0.22645933E+01  0.18345134E+01  0.14556050E+01
  0.11306676E+01  0.85768291E+00  0.63821590E+00  0.46193779E+00  0.32908334E+00
  0.22688483E+00  0.15469066E+00  0.10144266E+00  0.66185724E-01  0.41235729E-01
  0.25746215E-01  0.15226656E-01  0.90987284E-02  0.51053758E-02  0.29199734E-02
  0.15542231E-02  0.85084070E-03  0.42970472E-03  0.22513648E-03  0.10795244E-03
  0.54117976E-04  0.24663843E-04  0.11825675E-04  0.51309464E-05  0.23515255E-05
  0.97436752E-06
    41
  0.10000000E+01  0.28008126E+01  0.42463977E+01  0.53051860E+01  0.60087431E+01
  0.64040561E+01  0.65352366E+01  0.64457319E+01  0.61734287E+01  0.57600812E+01
  0.52392559E+01  0.46524322E+01  0.40296608E+01  0.34071416E+01  0.28083893E+01
  0.22574746E+01  0.17678092E+01  0.13481266E+01  0.10011321E+01  0.72280563E+00
  0.50819763E+00  0.34676210E+00  0.23054210E+00  0.14846365E+00  0.93253412E-01
  0.56621813E-01  0.33582977E-01  0.19214880E-01  0.10758511E-01  0.57994159E-02
  0.30652463E-02  0.15569663E-02  0.77694906E-03  0.37204880E-03  0.17533723E-03
  0.79217345E-04  0.35273173E-04  0.15052505E-04  0.63366093E-05  0.25580133E-05
  0.10190578E-05  0.39010181E-06
    37
  0.10000000E+01  0.28320771E+01  0.43292754E+01  0.54364644E+01  0.61617914E+01
  0.65374508E+01  0.66050358E+01  0.64135345E+01  0.60143933E+01  0.54626480E+01
  0.48115454E+01  0.41129951E+01  0.34121880E+01  0.27470366E+01  0.21454167E+01
  0.16246522E+01  0.11926301E+01  0.84806346E+00  0.58419239E+00  0.38947114E+00
  0.25141836E+00  0.15696674E+00  0.94868498E-01  0.55426812E-01  0.31348762E-01
  0.17135605E-01  0.90690479E-02  0.46387050E-02  0.22980466E-02  0.11004844E-02
  0.51065299E-03  0.22914612E-03  0.99687251E-04  0.41964417E-04  0.17136460E-04
  0.67771910E-05  0.26020966E-05  0.96893953E-06
    35
  0.10000000E+01  0.28336050E+01  0.43328630E+01  0.54221724E+01  0.61021250E+01
  0.64015416E+01  0.63663401E+01  0.60547852E+01  0.55329971E+01  0.48704667E+01
  0.41350555E+01  0.33877641E+01  0.26786331E+01  0.20436390E+01  0.15041200E+01
  0.10675659E+01  0.73051212E+00  0.48177003E+00  0.30616980E+00  0.18745611E+00
  0.11057116E+00  0.62827216E-01  0.34392745E-01  0.18138904E-01  0.92189553E-02
  0.45158562E-02  0.21327028E-02  0.97130926E-03  0.42677575E-03  0.18096748E-03
  0.74090885E-04  0.29300238E-04  0.11198292E-04  0.41384475E-05  0.14799612E-05
  0.51270600E-06
    32
  0.10000000E+01  0.27749200E+01  0.41796523E+01  0.51393846E+01  0.56734176E+01
  0.58235062E+01  0.56478406E+01  0.52168577E+01  0.46083280E+01  0.39008050E+01
  0.31668013E+01  0.24662382E+01  0.18422859E+01  0.13196639E+01  0.90620934E+00
  0.59636802E+00  0.37603574E+00  0.22713795E+00  0.13142411E+00  0.72841010E-01
  0.38676450E-01  0.19676637E-01  0.95942451E-02  0.44849282E-02  0.20107772E-02
  0.86500874E-03  0.35723165E-03  0.14170383E-03  0.54022661E-04  0.19806074E-04
  0.69877813E-05  0.23741349E-05  0.77744456E-06
    32
  0.10000000E+01  0.27228647E+01  0.40518966E+01  0.49148637E+01  0.53457248E+01
  0.53959450E+01  0.51326192E+01  0.46346572E+01  0.39870436E+01  0.32727148E+01
  0.25645887E+01  0.19184173E+01  0.13695259E+01  0.93262448E+00  0.60564237E+00
  0.37491850E+00  0.22121419E+00  0.12438617E+00  0.66659542E-01  0.34049563E-01
  0.16583075E-01  0.77027341E-02  0.34141078E-02  0.14446605E-02  0.58398211E-03
  0.22565728E-03  0.83416168E-04  0.29520605E-04  0.10010179E-04  0.32550864E-05
  0.10159804E-05  0.30469006E-06  0.87946549E-07
 ! ------------------------------------------------------
WATER_CLOUD_DEFF
 !
        1          ! File format version
        1          ! Contents ID
       10          ! Number of channels for which optical parameters are stored
        0          ! Number of channels for which phase functions are stored
      128          ! Maximum number of Legendre coefficients
        1          ! Number of water cloud types
        1          ! Relative humidity values (%)
   0.00
   0.00000000E+00  ! Conversion factor to particle density [part.cm^-3]/[g.m^-3]
       24          ! Effective diameters (microns)
  0.200000E+01  0.300000E+01  0.400000E+01  0.500000E+01  0.600000E+01  0.700000E+01
  0.800000E+01  0.900000E+01  0.100000E+02  0.110000E+02  0.120000E+02  0.130000E+02
  0.140000E+02  0.150000E+02  0.160000E+02  0.200000E+02  0.240000E+02  0.280000E+02
  0.320000E+02  0.360000E+02  0.400000E+02  0.440000E+02  0.480000E+02  0.520000E+02
 ! ------------------------------------------------------
 ! OPTICAL PROPERTY DATA
  0.15570751E+02  0.17364026E+02  0.18229169E+02  0.18696464E+02  0.18961287E+02
  0.19108063E+02  0.19178688E+02  0.19195885E+02  0.19172751E+02  0.19117204E+02
  0.19034291E+02  0.18927507E+02  0.18799574E+02  0.18652913E+02  0.18489898E+02
  0.17723650E+02  0.16887598E+02  0.16090304E+02  0.15377187E+02  0.14752258E+02
  0.14204256E+02  0.13721330E+02  0.13295638E+02  0.12922661E+02  0.16922607E+03
  0.17883484E+03  0.17984784E+03  0.17558317E+03  0.16902399E+03  0.16159912E+03
  0.15396444E+03  0.14643690E+03  0.13917333E+03  0.13224912E+03  0.12569617E+03
  0.11952238E+03  0.11372230E+03  0.10828304E+03  0.10318776E+03  0.85865387E+02
  0.72550387E+02  0.62234719E+02  0.54147948E+02  0.47723045E+02  0.42552875E+02
  0.38352048E+02  0.34922057E+02  0.32120010E+02  0.60720847E+02  0.66038756E+02
  0.69635129E+02  0.71355790E+02  0.71854388E+02  0.71647040E+02  0.71019754E+02
  0.70132187E+02  0.69079166E+02  0.67920127E+02  0.66693914E+02  0.65426771E+02
  0.64136922E+02  0.62837313E+02  0.61537327E+02  0.56448428E+02  0.51682634E+02
  0.47324924E+02  0.43397113E+02  0.39891374E+02  0.36787074E+02  0.34061815E+02
  0.31695082E+02  0.29665347E+02  0.56854630E+02  0.61436786E+02  0.64740309E+02
  0.66501226E+02  0.67138949E+02  0.67099284E+02  0.66650837E+02  0.65946557E+02
  0.65077694E+02  0.64101593E+02  0.63055835E+02  0.61965869E+02  0.60849398E+02
  0.59719009E+02  0.58583817E+02  0.54106152E+02  0.49868882E+02  0.45953061E+02
  0.42382271E+02  0.39155895E+02  0.36264123E+02  0.33696729E+02  0.31445005E+02
  0.29497861E+02  0.54402013E+02  0.57697640E+02  0.60155028E+02  0.61739340E+02
  0.62467181E+02  0.62576702E+02  0.62287790E+02  0.61744825E+02  0.61037310E+02
  0.60221947E+02  0.59335963E+02  0.58404590E+02  0.57445372E+02  0.56470758E+02
  0.55489723E+02  0.51609193E+02  0.47928305E+02  0.44514686E+02  0.41381088E+02
  0.38521252E+02  0.35925419E+02  0.33588234E+02  0.31509229E+02  0.29687346E+02
  0.58915542E+02  0.61406764E+02  0.63031577E+02  0.64054280E+02  0.64476648E+02
  0.64388902E+02  0.63939326E+02  0.63252131E+02  0.62412397E+02  0.61475723E+02
  0.60478723E+02  0.59446048E+02  0.58394661E+02  0.57336441E+02  0.56279813E+02
  0.52166861E+02  0.48343772E+02  0.44853522E+02  0.41688852E+02  0.38827591E+02
  0.36247715E+02  0.33934845E+02  0.31882348E+02  0.30085426E+02  0.73606146E+02
  0.75249740E+02  0.75849085E+02  0.75854536E+02  0.75405691E+02  0.74567983E+02
  0.73442703E+02  0.72130814E+02  0.70708941E+02  0.69229146E+02  0.67725606E+02
  0.66220686E+02  0.64729094E+02  0.63260524E+02  0.61821329E+02  0.56419040E+02
  0.51618451E+02  0.47385645E+02  0.43656433E+02  0.40366091E+02  0.37460631E+02
  0.34901552E+02  0.32663809E+02  0.30728270E+02  0.12614566E+03  0.12509156E+03
  0.12228709E+03  0.11874695E+03  0.11490570E+03  0.11091427E+03  0.10687768E+03
  0.10288535E+03  0.99001336E+02  0.95264246E+02  0.91693680E+02  0.88296893E+02
  0.85073693E+02  0.82019599E+02  0.79127780E+02  0.69018223E+02  0.60849920E+02
  0.54178296E+02  0.48664172E+02  0.44056021E+02  0.40171245E+02  0.36881694E+02
  0.34098595E+02  0.31756221E+02  0.23757261E+03  0.22775140E+03  0.21411901E+03
  0.19992339E+03  0.18642898E+03  0.17392090E+03  0.16242930E+03  0.15192773E+03
  0.14236513E+03  0.13367387E+03  0.12577784E+03  0.11859945E+03  0.11206432E+03
  0.10610376E+03  0.10065574E+03  0.82975752E+02  0.70080297E+02  0.60362390E+02
  0.52831557E+02  0.46857789E+02  0.42031170E+02  0.38082929E+02  0.34834625E+02
  0.32161407E+02  0.29647083E+03  0.28398444E+03  0.26497869E+03  0.24463808E+03
  0.22533412E+03  0.20769082E+03  0.19176385E+03  0.17746241E+03  0.16465341E+03
  0.15318961E+03  0.14292322E+03  0.13371420E+03  0.12543481E+03  0.11797132E+03
  0.11122399E+03  0.89826351E+02  0.74710854E+02  0.63599224E+02  0.55155084E+02
  0.48560831E+02  0.43299947E+02  0.39040589E+02  0.35565515E+02  0.32724955E+02
  0.37581185E+03  0.61794986E+03  0.75223124E+03  0.78829440E+03  0.75424325E+03
  0.68025997E+03  0.59135005E+03  0.50434222E+03  0.42814801E+03  0.36576596E+03
  0.31665135E+03  0.27864663E+03  0.24922228E+03  0.22611016E+03  0.20752766E+03
  0.15797563E+03  0.12728431E+03  0.10586992E+03  0.90161878E+02  0.78212130E+02
  0.68858054E+02  0.61388589E+02  0.55356507E+02  0.50463903E+02  0.96255314E+02
  0.18153725E+03  0.24876334E+03  0.29144902E+03  0.31213623E+03  0.31581591E+03
  0.30742811E+03  0.29120946E+03  0.27053617E+03  0.24793832E+03  0.22519446E+03
  0.20346265E+03  0.18341963E+03  0.16539036E+03  0.14945818E+03  0.10421545E+03
  0.79169953E+02  0.64439699E+02  0.54842978E+02  0.48003277E+02  0.42816318E+02
  0.38730485E+02  0.35445303E+02  0.32779995E+02  0.53487766E+02  0.11266518E+03
  0.17114456E+03  0.22086283E+03  0.25866195E+03  0.28455664E+03  0.29969660E+03
  0.30562145E+03  0.30399381E+03  0.29646162E+03  0.28456785E+03  0.26969043E+03
  0.25300734E+03  0.23548308E+03  0.21787223E+03  0.15539137E+03  0.11230595E+03
  0.85526738E+02  0.68861640E+02  0.57874582E+02  0.50097688E+02  0.44272526E+02
  0.39754558E+02  0.36187700E+02  0.41121822E+02  0.88935793E+02  0.13767394E+03
  0.18119918E+03  0.21632589E+03  0.24247001E+03  0.26014424E+03  0.27025982E+03
  0.27388248E+03  0.27212449E+03  0.26607861E+03  0.25677152E+03  0.24513142E+03
  0.23196798E+03  0.21796305E+03  0.16285114E+03  0.11982630E+03  0.90844729E+02
  0.72153732E+02  0.59859524E+02  0.51346979E+02  0.45121919E+02  0.40378393E+02
  0.36673697E+02  0.19214642E+02  0.44691261E+02  0.72032005E+02  0.98617600E+02
  0.12261841E+03  0.14305437E+03  0.15967785E+03  0.17259303E+03  0.18205068E+03
  0.18836547E+03  0.19188092E+03  0.19295087E+03  0.19192715E+03  0.18915041E+03
  0.18494303E+03  0.15936252E+03  0.12960546E+03  0.10312653E+03  0.82325310E+02
  0.66966829E+02  0.55896021E+02  0.47911282E+02  0.42069269E+02  0.37711840E+02
  0.94294771E+01  0.23067344E+02  0.38159311E+02  0.53174072E+02  0.67449676E+02
  0.80437132E+02  0.91846974E+02  0.10160222E+03  0.10973704E+03  0.11633558E+03
  0.12150391E+03  0.12535764E+03  0.12801602E+03  0.12959861E+03  0.13022307E+03
  0.12534789E+03  0.11324438E+03  0.98518664E+02  0.84003955E+02  0.71128956E+02
  0.60393317E+02  0.51778864E+02  0.45030819E+02  0.39819500E+02  0.48173376E+01
  0.12054506E+02  0.20190836E+02  0.28207220E+02  0.35870748E+02  0.43010580E+02
  0.49491210E+02  0.55251685E+02  0.60288402E+02  0.64628577E+02  0.68313205E+02
  0.71388468E+02  0.73901754E+02  0.75899832E+02  0.77428003E+02  0.79678026E+02
  0.77490200E+02  0.72726128E+02  0.66721385E+02  0.60370646E+02  0.54231515E+02
  0.48623600E+02  0.43704124E+02  0.39518671E+02  0.30087772E+01  0.75210453E+01
  0.12522347E+02  0.17218606E+02  0.21472817E+02  0.25288971E+02  0.28668211E+02
  0.31616550E+02  0.34153865E+02  0.36310583E+02  0.38121829E+02  0.39623266E+02
  0.40848892E+02  0.41830087E+02  0.42595340E+02  0.43970876E+02  0.43514968E+02
  0.42027717E+02  0.40008739E+02  0.37766921E+02  0.35492864E+02  0.33306506E+02
  0.31284234E+02  0.29470818E+02  0.53154388E+01  0.13115479E+02  0.21354117E+02
  0.28439075E+02  0.34153018E+02  0.38690890E+02  0.42258671E+02  0.45017940E+02
  0.47100326E+02  0.48618450E+02  0.49669669E+02  0.50337359E+02  0.50692015E+02
  0.50792622E+02  0.50688188E+02  0.48931253E+02  0.46110681E+02  0.43007351E+02
  0.39967970E+02  0.37136898E+02  0.34566918E+02  0.32273356E+02  0.30257327E+02
  0.28511849E+02  0.77533662E+01  0.19426513E+02  0.31716362E+02  0.41921772E+02
  0.49659679E+02  0.55336228E+02  0.59400403E+02  0.62203994E+02  0.64017245E+02
  0.65053532E+02  0.65483935E+02  0.65445838E+02  0.65049088E+02  0.64381041E+02
  0.63510830E+02  0.58937053E+02  0.53872478E+02  0.49077637E+02  0.44784963E+02
  0.41025929E+02  0.37764227E+02  0.34950393E+02  0.32539825E+02  0.30493204E+02
  0.26426481E+00  0.20365826E+00  0.17331749E+00  0.15708544E+00  0.14928811E+00
  0.14700973E+00  0.14840705E+00  0.15201218E+00  0.15647434E+00  0.16057789E+00
  0.16340988E+00  0.16451080E+00  0.16387878E+00  0.16182709E+00  0.15879386E+00
  0.14379911E+00  0.13112894E+00  0.12185721E+00  0.11489820E+00  0.10935608E+00
  0.10469419E+00  0.10062521E+00  0.97006786E-01  0.93772873E-01  0.36479789E+00
  0.27477652E+00  0.22296108E+00  0.19123524E+00  0.16966519E+00  0.15422278E+00
  0.14282011E+00  0.13419340E+00  0.12751433E+00  0.12220848E+00  0.11785933E+00
  0.11415532E+00  0.11086042E+00  0.10779782E+00  0.10484030E+00  0.92887992E-01
  0.80842647E-01  0.70313061E-01  0.62070970E-01  0.55910655E-01  0.51328380E-01
  0.47868252E-01  0.45199690E-01  0.43100769E-01  0.39015339E+00  0.30035347E+00
  0.24210022E+00  0.20662481E+00  0.18250315E+00  0.16502504E+00  0.15199452E+00
  0.14213540E+00  0.13462184E+00  0.12888914E+00  0.12453436E+00  0.12125795E+00
  0.11882774E+00  0.11705623E+00  0.11578609E+00  0.11322456E+00  0.11038830E+00
  0.10456787E+00  0.96304096E-01  0.87322688E-01  0.78889447E-01  0.71534024E-01
  0.65341977E-01  0.60216916E-01  0.40136272E+00  0.31418223E+00  0.25261884E+00
  0.21460952E+00  0.18887683E+00  0.17013142E+00  0.15598752E+00  0.14511363E+00
  0.13666003E+00  0.13004859E+00  0.12486963E+00  0.12082257E+00  0.11767918E+00
  0.11526019E+00  0.11341987E+00  0.10962584E+00  0.10761104E+00  0.10408065E+00
  0.98158945E-01  0.90680869E-01  0.82868457E-01  0.75556890E-01  0.69119312E-01
  0.63639563E-01  0.42695968E+00  0.35247706E+00  0.28582055E+00  0.24008870E+00
  0.20919824E+00  0.18681219E+00  0.16968952E+00  0.15618318E+00  0.14532601E+00
  0.13648222E+00  0.12920695E+00  0.12317732E+00  0.11815267E+00  0.11394948E+00
  0.11042488E+00  0.10113367E+00  0.96448216E-01  0.93722175E-01  0.91282685E-01
  0.88180680E-01  0.84134330E-01  0.79353090E-01  0.74260772E-01  0.69264823E-01
  0.44194156E+00  0.37939455E+00  0.31449408E+00  0.26357584E+00  0.22765810E+00
  0.20176333E+00  0.18207739E+00  0.16648739E+00  0.15381225E+00  0.14332274E+00
  0.13452684E+00  0.12707313E+00  0.12070158E+00  0.11521500E+00  0.11046092E+00
  0.96702899E-01  0.88303580E-01  0.82907822E-01  0.79187991E-01  0.76305906E-01
  0.73717671E-01  0.71104609E-01  0.68337541E-01  0.65431451E-01  0.45055073E+00
  0.39616660E+00  0.33540743E+00  0.28268766E+00  0.24300576E+00  0.21393064E+00
  0.19194402E+00  0.17463041E+00  0.16055980E+00  0.14886838E+00  0.13899623E+00
  0.13055551E+00  0.12326433E+00  0.11691106E+00  0.11133305E+00  0.94583951E-01
  0.83541794E-01  0.75817263E-01  0.70149040E-01  0.65802015E-01  0.62318788E-01
  0.59407090E-01  0.56883801E-01  0.54641536E-01  0.45788060E+00  0.41081886E+00
  0.35572591E+00  0.30397255E+00  0.26193072E+00  0.22979599E+00  0.20525631E+00
  0.18603351E+00  0.17052516E+00  0.15769763E+00  0.14688028E+00  0.13762022E+00
  0.12959754E+00  0.12257741E+00  0.11638219E+00  0.97495388E-01  0.84647896E-01
  0.75337420E-01  0.68269570E-01  0.62708800E-01  0.58209861E-01  0.54493346E-01
  0.51380770E-01  0.48755387E-01  0.46521025E+00  0.42558643E+00  0.37737795E+00
  0.32935103E+00  0.28765814E+00  0.25402731E+00  0.22753779E+00  0.20655913E+00
  0.18964363E+00  0.17572085E+00  0.16404317E+00  0.15409072E+00  0.14549541E+00
  0.13798972E+00  0.13137409E+00  0.11121585E+00  0.97473003E-01  0.87474995E-01
  0.79855707E-01  0.73843681E-01  0.68973377E-01  0.64952650E-01  0.61594000E-01
  0.58773165E-01  0.46931852E+00  0.43404161E+00  0.39000713E+00  0.34466310E+00
  0.30396306E+00  0.27020975E+00  0.24310497E+00  0.22139526E+00  0.20379609E+00
  0.18928476E+00  0.17711385E+00  0.16674915E+00  0.15780655E+00  0.15000486E+00
  0.14313380E+00  0.12222282E+00  0.10797851E+00  0.97613242E-01  0.89708007E-01
  0.83464205E-01  0.78400928E-01  0.74216653E-01  0.70717929E-01  0.67776638E-01
   128
  0.10000000E+01  0.18121453E+01  0.15763543E+01  0.85699510E+00  0.38162359E+00
  0.13052406E+00  0.39548002E-01  0.10097866E-01  0.23819119E-02  0.49892717E-03
  0.98900679E-04  0.17875372E-04  0.30568867E-05  0.48442567E-06  0.71121953E-07
  0.96360125E-08  0.11995909E-08  0.13753544E-09  0.11453994E-10  0.67431644E-12
 -0.34925593E-11 -0.86470081E-12 -0.39282690E-11 -0.85071050E-12 -0.41214152E-11
 -0.79876865E-12 -0.43780818E-11 -0.87039706E-12 -0.47902136E-11 -0.10565907E-11
 -0.52590770E-11 -0.12226044E-11 -0.56213707E-11  0.00000000E+00  0.00000000E+00
  0.00000000E+00  0.00000000E+00  0.00000000E+00  0.00000000E+00  0.00000000E+00
  0.00000000E+00  0.00000000E+00  0.00000000E+00  0.00000000E+00  0.00000000E+00
  0.00000000E+00  0.00000000E+00  0.00000000E+00  0.00000000E+00  0.00000000E+00
  0.00000000E+00  0.00000000E+00  0.00000000E+00  0.00000000E+00  0.00000000E+00
  0.00000000E+00  0.00000000E+00  0.00000000E+00  0.00000000E+00  0.00000000E+00
  0.00000000E+00  0.00000000E+00  0.00000000E+00  0.00000000E+00  0.00000000E+00
  0.00000000E+00  0.00000000E+00  0.00000000E+00  0.00000000E+00  0.00000000E+00
  0.00000000E+00  0.00000000E+00  0.00000000E+00  0.00000000E+00  0.00000000E+00
  0.00000000E+00  0.00000000E+00  0.00000000E+00  0.00000000E+00  0.00000000E+00
  0.00000000E+00  0.00000000E+00  0.00000000E+00  0.00000000E+00  0.00000000E+00
  0.00000000E+00  0.00000000E+00  0.00000000E+00  0.00000000E+00  0.00000000E+00
  0.00000000E+00  0.00000000E+00  0.00000000E+00  0.00000000E+00  0.00000000E+00
  0.00000000E+00  0.00000000E+00  0.00000000E+00  0.00000000E+00  0.00000000E+00
  0.00000000E+00  0.00000000E+00  0.00000000E+00  0.00000000E+00  0.00000000E+00
  0.00000000E+00  0.00000000E+00  0.00000000E+00  0.00000000E+00  0.00000000E+00
  0.00000000E+00  0.00000000E+00  0.00000000E+00  0.00000000E+00  0.00000000E+00
  0.00000000E+00  0.00000000E+00  0.00000000E+00  0.00000000E+00  0.00000000E+00
  0.00000000E+00  0.00000000E+00  0.00000000E+00  0.00000000E+00  0.00000000E+00
  0.00000000E+00  0.00000000E+00  0.00000000E+00  0.00000000E+00
  0.10000000E+01  0.22147554E+01  0.24689122E+01  0.19772867E+01  0.13393441E+01
  0.76004265E+00  0.39462837E+00  0.17741401E+00  0.76896449E-01  0.29035611E-01
  0.11079937E-01  0.36496102E-02  0.12720016E-02  0.37469349E-03  0.12231998E-03
  0.32612429E-04  0.10057107E-04  0.23725437E-05  0.66955918E-06  0.14410904E-06
  0.30094468E-07  0.57274544E-08  0.98092044E-09  0.16188706E-09  0.10295051E-10
  0.75825344E-11 -0.13413700E-10  0.48244304E-11 -0.14903991E-10  0.49685325E-11
 -0.16135016E-10  0.50384660E-11 -0.17507061E-10  0.00000000E+00  0.00000000E+00
  0.00000000E+00  0.00000000E+00  0.00000000E+00  0.00000000E+00  0.00000000E+00
  0.00000000E+00  0.00000000E+00  0.00000000E+00  0.00000000E+00  0.00000000E+00
  0.00000000E+00  0.00000000E+00  0.00000000E+00  0.00000000E+00  0.00000000E+00
  0.00000000E+00  0.00000000E+00  0.00000000E+00  0.00000000E+00  0.00000000E+00
  0.00000000E+00  0.00000000E+00  0.00000000E+00  0.00000000E+00  0.00000000E+00
  0.00000000E+00  0.00000000E+00  0.00000000E+00  0.00000000E+00  0.00000000E+00
  0.00000000E+00  0.00000000E+00  0.00000000E+00  0.00000000E+00  0.00000000E+00
  0.00000000E+00  0.00000000E+00  0.00000000E+00  0.00000000E+00  0.00000000E+00
  0.00000000E+00  0.00000000E+00  0.00000000E+00  0.00000000E+00  0.00000000E+00
  0.00000000E+00  0.00000000E+00  0.00000000E+00  0.00000000E+00  0.00000000E+00
  0.00000000E+00  0.00000000E+00  0.00000000E+00  0.00000000E+00  0.00000000E+00
  0.00000000E+00  0.00000000E+00  0.00000000E+00  0.00000000E+00  0.00000000E+00
  0.00000000E+00  0.00000000E+00  0.00000000E+00  0.00000000E+00  0.00000000E+00
  0.00000000E+00  0.00000000E+00  0.00000000E+00  0.00000000E+00  0.00000000E+00
  0.00000000E+00  0.00000000E+00  0.00000000E+00  0.00000000E+00  0.00000000E+00
  0.00000000E+00  0.00000000E+00  0.00000000E+00  0.00000000E+00  0.00000000E+00
  0.00000000E+00  0.00000000E+00  0.00000000E+00  0.00000000E+00  0.00000000E+00
  0.00000000E+00  0.00000000E+00  0.00000000E+00  0.00000000E+00  0.00000000E+00
  0.00000000E+00  0.00000000E+00  0.00000000E+00  0.00000000E+00
  0.10000000E+01  0.23825914E+01  0.29937849E+01  0.28589048E+01  0.23742689E+01
  0.17432828E+01  0.11758541E+01  0.72328539E+00  0.42297636E+00  0.22580909E+00
  0.11936274E+00  0.56467008E-01  0.27878237E-01  0.11827197E-01  0.56068514E-02
  0.21442702E-02  0.10003451E-02  0.34479495E-03  0.16189236E-03  0.50021372E-04
  0.24110267E-04  0.65540791E-05  0.32732830E-05  0.72457176E-06  0.37700626E-06
  0.61448304E-07  0.20172017E-07  0.47849058E-08  0.96760569E-09  0.22955300E-09
 -0.14355854E-10  0.38716045E-10 -0.54205109E-10  0.00000000E+00  0.00000000E+00
  0.00000000E+00  0.00000000E+00  0.00000000E+00  0.00000000E+00  0.00000000E+00
  0.00000000E+00  0.00000000E+00  0.00000000E+00  0.00000000E+00  0.00000000E+00
  0.00000000E+00  0.00000000E+00  0.00000000E+00  0.00000000E+00  0.00000000E+00
  0.00000000E+00  0.00000000E+00  0.00000000E+00  0.00000000E+00  0.00000000E+00
  0.00000000E+00  0.00000000E+00  0.00000000E+00  0.00000000E+00  0.00000000E+00
  0.00000000E+00  0.00000000E+00  0.00000000E+00  0.00000000E+00  0.00000000E+00
  0.00000000E+00  0.00000000E+00  0.00000000E+00  0.00000000E+00  0.00000000E+00
  0.00000000E+00  0.00000000E+00  0.00000000E+00  0.00000000E+00  0.00000000E+00
  0.00000000E+00  0.00000000E+00  0.00000000E+00  0.00000000E+00  0.00000000E+00
  0.00000000E+00  0.00000000E+00  0.00000000E+00  0.00000000E+00  0.00000000E+00
  0.00000000E+00  0.00000000E+00  0.00000000E+00  0.00000000E+00  0.00000000E+00
  0.00000000E+00  0.00000000E+00  0.00000000E+00  0.00000000E+00  0.00000000E+00
  0.00000000E+00  0.00000000E+00  0.00000000E+00  0.00000000E+00  0.00000000E+00
  0.00000000E+00  0.00000000E+00  0.00000000E+00  0.00000000E+00  0.00000000E+00
  0.00000000E+00  0.00000000E+00  0.00000000E+00  0.00000000E+00  0.00000000E+00
  0.00000000E+00  0.00000000E+00  0.00000000E+00  0.00000000E+00  0.00000000E+00
  0.00000000E+00  0.00000000E+00  0.00000000E+00  0.00000000E+00  0.00000000E+00
  0.00000000E+00  0.00000000E+00  0.00000000E+00  0.00000000E+00  0.00000000E+00
  0.00000000E+00  0.00000000E+00  0.00000000E+00  0.00000000E+00
  0.10000000E+01  0.24578879E+01  0.32748470E+01  0.34013657E+01  0.31404709E+01
  0.26362214E+01  0.20538954E+01  0.15061659E+01  0.10431594E+01  0.68537989E+00
  0.43521807E+00  0.25939667E+00  0.15500583E+00  0.84276215E-01  0.48560744E-01
  0.24084984E-01  0.13704353E-01  0.61701299E-02  0.35502564E-02  0.14377448E-02
  0.85684907E-03  0.30812175E-03  0.19484090E-03  0.61210605E-04  0.42082148E-04
  0.11315236E-04  0.86676123E-05  0.19163269E-05  0.16721882E-05  0.25754410E-06
  0.27629905E-06  0.15316587E-07  0.28917177E-07  0.00000000E+00  0.00000000E+00
  0.00000000E+00  0.00000000E+00  0.00000000E+00  0.00000000E+00  0.00000000E+00
  0.00000000E+00  0.00000000E+00  0.00000000E+00  0.00000000E+00  0.00000000E+00
  0.00000000E+00  0.00000000E+00  0.00000000E+00  0.00000000E+00  0.00000000E+00
  0.00000000E+00  0.00000000E+00  0.00000000E+00  0.00000000E+00  0.00000000E+00
  0.00000000E+00  0.00000000E+00  0.00000000E+00  0.00000000E+00  0.00000000E+00
  0.00000000E+00  0.00000000E+00  0.00000000E+00  0.00000000E+00  0.00000000E+00
  0.00000000E+00  0.00000000E+00  0.00000000E+00  0.00000000E+00  0.00000000E+00
  0.00000000E+00  0.00000000E+00  0.00000000E+00  0.00000000E+00  0.00000000E+00
  0.00000000E+00  0.00000000E+00  0.00000000E+00  0.00000000E+00  0.00000000E+00
  0.00000000E+00  0.00000000E+00  0.00000000E+00  0.00000000E+00  0.00000000E+00
  0.00000000E+00  0.00000000E+00  0.00000000E+00  0.00000000E+00  0.00000000E+00
  0.00000000E+00  0.00000000E+00  0.00000000E+00  0.00000000E+00  0.00000000E+00
  0.00000000E+00  0.00000000E+00  0.00000000E+00  0.00000000E+00  0.00000000E+00
  0.00000000E+00  0.00000000E+00  0.00000000E+00  0.00000000E+00  0.00000000E+00
  0.00000000E+00  0.00000000E+00  0.00000000E+00  0.00000000E+00  0.00000000E+00
  0.00000000E+00  0.00000000E+00  0.00000000E+00  0.00000000E+00  0.00000000E+00
  0.00000000E+00  0.00000000E+00  0.00000000E+00  0.00000000E+00  0.00000000E+00
  0.00000000E+00  0.00000000E+00  0.00000000E+00  0.00000000E+00  0.00000000E+00
  0.00000000E+00  0.00000000E+00  0.00000000E+00  0.00000000E+00
  0.10000000E+01  0.24848444E+01  0.34124769E+01  0.36941795E+01  0.36133024E+01
  0.32654384E+01  0.27698801E+01  0.22532185E+01  0.17337119E+01  0.12957196E+01
  0.92490934E+00  0.64021926E+00  0.43220241E+00  0.27779654E+00  0.18085001E+00
  0.10774160E+00  0.69031775E-01  0.37896351E-01  0.24410793E-01  0.12232078E-01
  0.80980557E-02  0.36581194E-02  0.25455820E-02  0.10215088E-02  0.76405243E-03
  0.26797221E-03  0.22015792E-03  0.66290492E-04  0.61081966E-04  0.15456865E-04
  0.16327998E-04  0.33785559E-05  0.42079916E-05  0.67751808E-06  0.00000000E+00
  0.00000000E+00  0.00000000E+00  0.00000000E+00  0.00000000E+00  0.00000000E+00
  0.00000000E+00  0.00000000E+00  0.00000000E+00  0.00000000E+00  0.00000000E+00
  0.00000000E+00  0.00000000E+00  0.00000000E+00  0.00000000E+00  0.00000000E+00
  0.00000000E+00  0.00000000E+00  0.00000000E+00  0.00000000E+00  0.00000000E+00
  0.00000000E+00  0.00000000E+00  0.00000000E+00  0.00000000E+00  0.00000000E+00
  0.00000000E+00  0.00000000E+00  0.00000000E+00  0.00000000E+00  0.00000000E+00
  0.00000000E+00  0.00000000E+00  0.00000000E+00  0.00000000E+00  0.00000000E+00
  0.00000000E+00  0.00000000E+00  0.00000000E+00  0.00000000E+00  0.00000000E+00
  0.00000000E+00  0.00000000E+00  0.00000000E+00  0.00000000E+00  0.00000000E+00
  0.00000000E+00  0.00000000E+00  0.00000000E+00  0.00000000E+00  0.00000000E+00
  0.00000000E+00  0.00000000E+00  0.00000000E+00  0.00000000E+00  0.00000000E+00
  0.00000000E+00  0.00000000E+00  0.00000000E+00  0.00000000E+00  0.00000000E+00
  0.00000000E+00  0.00000000E+00  0.00000000E+00  0.00000000E+00  0.00000000E+00
  0.00000000E+00  0.00000000E+00  0.00000000E+00  0.00000000E+00  0.00000000E+00
  0.00000000E+00  0.00000000E+00  0.00000000E+00  0.00000000E+00  0.00000000E+00
  0.00000000E+00  0.00000000E+00  0.00000000E+00  0.00000000E+00  0.00000000E+00
  0.00000000E+00  0.00000000E+00  0.00000000E+00  0.00000000E+00  0.00000000E+00
  0.00000000E+00  0.00000000E+00  0.00000000E+00  0.00000000E+00  0.00000000E+00
  0.00000000E+00  0.00000000E+00  0.00000000E+00  0.00000000E+00
  0.10000000E+01  0.24828174E+01  0.34632322E+01  0.38200643E+01  0.38589791E+01
  0.36390039E+01  0.32546207E+01  0.28261465E+01  0.23326128E+01  0.18977627E+01
  0.14691815E+01  0.11257617E+01  0.82844923E+00  0.59832520E+00  0.42474299E+00
  0.28840290E+00  0.20077678E+00  0.12745008E+00  0.88586743E-01  0.52128598E-01
  0.36866120E-01  0.19896226E-01  0.14594951E-01  0.71371218E-02  0.55338630E-02
  0.24214483E-02  0.20199473E-02  0.78144534E-03  0.71246161E-03  0.24109773E-03
  0.24341189E-03  0.71382365E-04  0.80615018E-04  0.20273963E-04  0.25827405E-04
  0.54581533E-05  0.79583377E-05  0.13576494E-05  0.23536623E-05  0.30532612E-06
  0.00000000E+00  0.00000000E+00  0.00000000E+00  0.00000000E+00  0.00000000E+00
  0.00000000E+00  0.00000000E+00  0.00000000E+00  0.00000000E+00  0.00000000E+00
  0.00000000E+00  0.00000000E+00  0.00000000E+00  0.00000000E+00  0.00000000E+00
  0.00000000E+00  0.00000000E+00  0.00000000E+00  0.00000000E+00  0.00000000E+00
  0.00000000E+00  0.00000000E+00  0.00000000E+00  0.00000000E+00  0.00000000E+00
  0.00000000E+00  0.00000000E+00  0.00000000E+00  0.00000000E+00  0.00000000E+00
  0.00000000E+00  0.00000000E+00  0.00000000E+00  0.00000000E+00  0.00000000E+00
  0.00000000E+00  0.00000000E+00  0.00000000E+00  0.00000000E+00  0.00000000E+00
  0.00000000E+00  0.00000000E+00  0.00000000E+00  0.00000000E+00  0.00000000E+00
  0.00000000E+00  0.00000000E+00  0.00000000E+00  0.00000000E+00  0.00000000E+00
  0.00000000E+00  0.00000000E+00  0.00000000E+00  0.00000000E+00  0.00000000E+00
  0.00000000E+00  0.00000000E+00  0.00000000E+00  0.00000000E+00  0.00000000E+00
  0.00000000E+00  0.00000000E+00  0.00000000E+00  0.00000000E+00  0.00000000E+00
  0.00000000E+00  0.00000000E+00  0.00000000E+00  0.00000000E+00  0.00000000E+00
  0.00000000E+00  0.00000000E+00  0.00000000E+00  0.00000000E+00  0.00000000E+00
  0.00000000E+00  0.00000000E+00  0.00000000E+00  0.00000000E+00  0.00000000E+00
  0.00000000E+00  0.00000000E+00  0.00000000E+00  0.00000000E+00  0.00000000E+00
  0.00000000E+00  0.00000000E+00  0.00000000E+00  0.00000000E+00
  0.10000000E+01  0.24623256E+01  0.34605677E+01  0.38379954E+01  0.39491356E+01
  0.38198793E+01  0.35390403E+01  0.32120676E+01  0.27883630E+01  0.24085110E+01
  0.19812692E+01  0.16332114E+01  0.12837048E+01  0.10092448E+01  0.76589692E+00
  0.57265331E+00  0.42501414E+00  0.30068399E+00  0.22147781E+00  0.14720601E+00
  0.10931423E+00  0.67667597E-01  0.51475015E-01  0.29395014E-01  0.23261733E-01
  0.12139391E-01  0.10134506E-01  0.47928421E-02  0.42714918E-02  0.18188544E-02
  0.17461256E-02  0.66688256E-03  0.69354437E-03  0.23737555E-03  0.26797327E-03
  0.82359342E-04  0.10077109E-03  0.27907992E-04  0.36846055E-04  0.91918094E-05
  0.13032959E-04  0.28691011E-05  0.44008960E-05  0.80706832E-06  0.00000000E+00
  0.00000000E+00  0.00000000E+00  0.00000000E+00  0.00000000E+00  0.00000000E+00
  0.00000000E+00  0.00000000E+00  0.00000000E+00  0.00000000E+00  0.00000000E+00
  0.00000000E+00  0.00000000E+00  0.00000000E+00  0.00000000E+00  0.00000000E+00
  0.00000000E+00  0.00000000E+00  0.00000000E+00  0.00000000E+00  0.00000000E+00
  0.00000000E+00  0.00000000E+00  0.00000000E+00  0.00000000E+00  0.00000000E+00
  0.00000000E+00  0.00000000E+00  0.00000000E+00  0.00000000E+00  0.00000000E+00
  0.00000000E+00  0.00000000E+00  0.00000000E+00  0.00000000E+00  0.00000000E+00
  0.00000000E+00  0.00000000E+00  0.00000000E+00  0.00000000E+00  0.00000000E+00
  0.00000000E+00  0.00000000E+00  0.00000000E+00  0.00000000E+00  0.00000000E+00
  0.00000000E+00  0.00000000E+00  0.00000000E+00  0.00000000E+00  0.00000000E+00
  0.00000000E+00  0.00000000E+00  0.00000000E+00  0.00000000E+00  0.00000000E+00
  0.00000000E+00  0.00000000E+00  0.00000000E+00  0.00000000E+00  0.00000000E+00
  0.00000000E+00  0.00000000E+00  0.00000000E+00  0.00000000E+00  0.00000000E+00
  0.00000000E+00  0.00000000E+00  0.00000000E+00  0.00000000E+00  0.00000000E+00
  0.00000000E+00  0.00000000E+00  0.00000000E+00  0.00000000E+00  0.00000000E+00
  0.00000000E+00  0.00000000E+00  0.00000000E+00  0.00000000E+00  0.00000000E+00
  0.00000000E+00  0.00000000E+00  0.00000000E+00  0.00000000E+00
  0.10000000E+01  0.24309593E+01  0.34278983E+01  0.37927630E+01  0.39468029E+01
  0.38801180E+01  0.36895831E+01  0.34602443E+01  0.31252726E+01  0.28242295E+01
  0.24394346E+01  0.21246763E+01  0.17616915E+01  0.14763463E+01  0.11830394E+01
  0.95115727E+00  0.74385685E+00  0.57128547E+00  0.44122546E+00  0.32183093E+00
  0.24866637E+00  0.17108586E+00  0.13399372E+00  0.86326892E-01  0.69394825E-01
  0.41575326E-01  0.34685760E-01  0.19212570E-01  0.16786363E-01  0.85624857E-02
  0.78851188E-02  0.36980771E-02  0.36017020E-02  0.15547648E-02  0.16019607E-02
  0.63884289E-03  0.69449594E-03  0.25736746E-03  0.29365547E-03  0.10187143E-03
  0.12113606E-03  0.39644600E-04  0.48741099E-04  0.15150920E-04  0.19106685E-04
  0.56506598E-05  0.72531498E-05  0.19974671E-05  0.26071855E-05  0.62352526E-06
  0.00000000E+00  0.00000000E+00  0.00000000E+00  0.00000000E+00  0.00000000E+00
  0.00000000E+00  0.00000000E+00  0.00000000E+00  0.00000000E+00  0.00000000E+00
  0.00000000E+00  0.00000000E+00  0.00000000E+00  0.00000000E+00  0.00000000E+00
  0.00000000E+00  0.00000000E+00  0.00000000E+00  0.00000000E+00  0.00000000E+00
  0.00000000E+00  0.00000000E+00  0.00000000E+00  0.00000000E+00  0.00000000E+00
  0.00000000E+00  0.00000000E+00  0.00000000E+00  0.00000000E+00  0.00000000E+00
  0.00000000E+00  0.00000000E+00  0.00000000E+00  0.00000000E+00  0.00000000E+00
  0.00000000E+00  0.00000000E+00  0.00000000E+00  0.00000000E+00  0.00000000E+00
  0.00000000E+00  0.00000000E+00  0.00000000E+00  0.00000000E+00  0.00000000E+00
  0.00000000E+00  0.00000000E+00  0.00000000E+00  0.00000000E+00  0.00000000E+00
  0.00000000E+00  0.00000000E+00  0.00000000E+00  0.00000000E+00  0.00000000E+00
  0.00000000E+00  0.00000000E+00  0.00000000E+00  0.00000000E+00  0.00000000E+00
  0.00000000E+00  0.00000000E+00  0.00000000E+00  0.00000000E+00  0.00000000E+00
  0.00000000E+00  0.00000000E+00  0.00000000E+00  0.00000000E+00  0.00000000E+00
  0.00000000E+00  0.00000000E+00  0.00000000E+00  0.00000000E+00  0.00000000E+00
  0.00000000E+00  0.00000000E+00  0.00000000E+00  0.00000000E+00
  0.10000000E+01  0.23955744E+01  0.33842187E+01  0.37216557E+01  0.39063598E+01
  0.38872800E+01  0.37783487E+01  0.36394659E+01  0.33999566E+01  0.31843570E+01
  0.28663249E+01  0.26044972E+01  0.22585890E+01  0.19865639E+01  0.16660598E+01
  0.14148973E+01  0.11561535E+01  0.94478090E+00  0.75946090E+00  0.59451463E+00
  0.47518172E+00  0.35447109E+00  0.28478169E+00  0.20132969E+00  0.16425710E+00
  0.10949030E+00  0.91531788E-01  0.57294960E-01  0.49429167E-01  0.28983828E-01
  0.25929687E-01  0.14236231E-01  0.13238137E-01  0.68167887E-02  0.65874105E-02
  0.31934085E-02  0.31987350E-02  0.14679406E-02  0.15171881E-02  0.66361996E-03
  0.70344802E-03  0.29545275E-03  0.31898811E-03  0.12958279E-03  0.14148205E-03
  0.55928529E-04  0.61343334E-04  0.23694027E-04  0.25967769E-04  0.98218747E-05
  0.10716726E-04  0.39700013E-05  0.42897453E-05  0.15262290E-05  0.16124555E-05
  0.51515662E-06  0.00000000E+00  0.00000000E+00  0.00000000E+00  0.00000000E+00
  0.00000000E+00  0.00000000E+00  0.00000000E+00  0.00000000E+00  0.00000000E+00
  0.00000000E+00  0.00000000E+00  0.00000000E+00  0.00000000E+00  0.00000000E+00
  0.00000000E+00  0.00000000E+00  0.00000000E+00  0.00000000E+00  0.00000000E+00
  0.00000000E+00  0.00000000E+00  0.00000000E+00  0.00000000E+00  0.00000000E+00
  0.00000000E+00  0.00000000E+00  0.00000000E+00  0.00000000E+00  0.00000000E+00
  0.00000000E+00  0.00000000E+00  0.00000000E+00  0.00000000E+00  0.00000000E+00
  0.00000000E+00  0.00000000E+00  0.00000000E+00  0.00000000E+00  0.00000000E+00
  0.00000000E+00  0.00000000E+00  0.00000000E+00  0.00000000E+00  0.00000000E+00
  0.00000000E+00  0.00000000E+00  0.00000000E+00  0.00000000E+00  0.00000000E+00
  0.00000000E+00  0.00000000E+00  0.00000000E+00  0.00000000E+00  0.00000000E+00
  0.00000000E+00  0.00000000E+00  0.00000000E+00  0.00000000E+00  0.00000000E+00
  0.00000000E+00  0.00000000E+00  0.00000000E+00  0.00000000E+00  0.00000000E+00
  0.00000000E+00  0.00000000E+00  0.00000000E+00  0.00000000E+00  0.00000000E+00
  0.00000000E+00  0.00000000E+00  0.00000000E+00  0.00000000E+00
  0.10000000E+01  0.23625327E+01  0.33450844E+01  0.36553276E+01  0.38715966E+01
  0.38966268E+01  0.38663979E+01  0.38120471E+01  0.36689094E+01  0.35361735E+01
  0.32967947E+01  0.30935772E+01  0.27852007E+01  0.25394055E+01  0.22119948E+01
  0.19563313E+01  0.16583896E+01  0.14193543E+01  0.11803376E+01  0.97438388E+00
  0.80206336E+00  0.63612345E+00  0.52302767E+00  0.39688751E+00  0.32874326E+00
  0.23777207E+00  0.19987967E+00  0.13739499E+00  0.11790099E+00  0.76901101E-01
  0.67624917E-01  0.41855002E-01  0.37786831E-01  0.22230916E-01  0.20600249E-01
  0.11558836E-01  0.10971079E-01  0.58986251E-02  0.57140676E-02  0.29605062E-02
  0.29133210E-02  0.14636083E-02  0.14553740E-02  0.71346504E-03  0.71296899E-03
  0.34311629E-03  0.34275774E-03  0.16278371E-03  0.16176691E-03  0.76113448E-04
  0.74920947E-04  0.34982541E-04  0.33984367E-04  0.15723825E-04  0.15036092E-04
  0.68672190E-05  0.64611979E-05  0.29115502E-05  0.26875037E-05  0.11819549E-05
  0.10400215E-05  0.42580547E-06  0.00000000E+00  0.00000000E+00  0.00000000E+00
  0.00000000E+00  0.00000000E+00  0.00000000E+00  0.00000000E+00  0.00000000E+00
  0.00000000E+00  0.00000000E+00  0.00000000E+00  0.00000000E+00  0.00000000E+00
  0.00000000E+00  0.00000000E+00  0.00000000E+00  0.00000000E+00  0.00000000E+00
  0.00000000E+00  0.00000000E+00  0.00000000E+00  0.00000000E+00  0.00000000E+00
  0.00000000E+00  0.00000000E+00  0.00000000E+00  0.00000000E+00  0.00000000E+00
  0.00000000E+00  0.00000000E+00  0.00000000E+00  0.00000000E+00  0.00000000E+00
  0.00000000E+00  0.00000000E+00  0.00000000E+00  0.00000000E+00  0.00000000E+00
  0.00000000E+00  0.00000000E+00  0.00000000E+00  0.00000000E+00  0.00000000E+00
  0.00000000E+00  0.00000000E+00  0.00000000E+00  0.00000000E+00  0.00000000E+00
  0.00000000E+00  0.00000000E+00  0.00000000E+00  0.00000000E+00  0.00000000E+00
  0.00000000E+00  0.00000000E+00  0.00000000E+00  0.00000000E+00  0.00000000E+00
  0.00000000E+00  0.00000000E+00  0.00000000E+00  0.00000000E+00  0.00000000E+00
  0.00000000E+00  0.00000000E+00  0.00000000E+00  0.00000000E+00
  0.10000000E+01  0.23368815E+01  0.33212914E+01  0.36151070E+01  0.38713051E+01
  0.39439103E+01  0.39924648E+01  0.40177925E+01  0.39680282E+01  0.39108110E+01
  0.37531257E+01  0.36055575E+01  0.33463432E+01  0.31309838E+01  0.28127439E+01
  0.25619714E+01  0.22386784E+01  0.19823373E+01  0.16964514E+01  0.14570247E+01
  0.12305269E+01  0.10220666E+01  0.85841075E+00  0.68735234E+00  0.57822774E+00
  0.44507159E+00  0.37734923E+00  0.27860330E+00  0.23922168E+00  0.16923499E+00
  0.14764535E+00  0.10010435E+00  0.88874327E-01  0.57840899E-01  0.52253261E-01
  0.32735874E-01  0.30045521E-01  0.18189333E-01  0.16914590E-01  0.99406478E-02
  0.93326880E-02  0.53509769E-02  0.50517651E-02  0.28400428E-02  0.26852738E-02
  0.14873378E-02  0.14029948E-02  0.76895251E-03  0.72118486E-03  0.39256544E-03
  0.36503273E-03  0.19791203E-03  0.18205885E-03  0.98500825E-04  0.89488066E-04
  0.48337695E-04  0.43302828E-04  0.23308658E-04  0.20542941E-04  0.10954757E-04
  0.94619844E-05  0.49520097E-05  0.41781231E-05  0.21469106E-05  0.17576915E-05
  0.88841227E-06  0.00000000E+00  0.00000000E+00  0.00000000E+00  0.00000000E+00
  0.00000000E+00  0.00000000E+00  0.00000000E+00  0.00000000E+00  0.00000000E+00
  0.00000000E+00  0.00000000E+00  0.00000000E+00  0.00000000E+00  0.00000000E+00
  0.00000000E+00  0.00000000E+00  0.00000000E+00  0.00000000E+00  0.00000000E+00
  0.00000000E+00  0.00000000E+00  0.00000000E+00  0.00000000E+00  0.00000000E+00
  0.00000000E+00  0.00000000E+00  0.00000000E+00  0.00000000E+00  0.00000000E+00
  0.00000000E+00  0.00000000E+00  0.00000000E+00  0.00000000E+00  0.00000000E+00
  0.00000000E+00  0.00000000E+00  0.00000000E+00  0.00000000E+00  0.00000000E+00
  0.00000000E+00  0.00000000E+00  0.00000000E+00  0.00000000E+00  0.00000000E+00
  0.00000000E+00  0.00000000E+00  0.00000000E+00  0.00000000E+00  0.00000000E+00
  0.00000000E+00  0.00000000E+00  0.00000000E+00  0.00000000E+00  0.00000000E+00
  0.00000000E+00  0.00000000E+00  0.00000000E+00  0.00000000E+00  0.00000000E+00
  0.00000000E+00  0.00000000E+00  0.00000000E+00  0.00000000E+00
  0.10000000E+01  0.23214360E+01  0.33176301E+01  0.36106820E+01  0.39167185E+01
  0.40422308E+01  0.41690377E+01  0.42686910E+01  0.43057721E+01  0.43144698E+01
  0.42353986E+01  0.41364394E+01  0.39314243E+01  0.37458850E+01  0.34487713E+01
  0.32085293E+01  0.28738983E+01  0.26093613E+01  0.22875007E+01  0.20237633E+01
  0.17478259E+01  0.15033786E+01  0.12875042E+01  0.10740718E+01  0.91766583E+00
  0.74082169E+00  0.63475678E+00  0.49506779E+00  0.42715551E+00  0.32161487E+00
  0.28022032E+00  0.20373233E+00  0.17950570E+00  0.12619266E+00  0.11244463E+00
  0.76613618E-01  0.68963048E-01  0.45683674E-01  0.41456586E-01  0.26799187E-01
  0.24452354E-01  0.15486721E-01  0.14165543E-01  0.88250802E-02  0.80679206E-02
  0.49629793E-02  0.45220753E-02  0.27561151E-02  0.24968505E-02  0.15121190E-02
  0.13593966E-02  0.81989514E-03  0.73045250E-03  0.43943716E-03  0.38765750E-03
  0.23280462E-03  0.20329583E-03  0.12188305E-03  0.10536315E-03  0.63022923E-04
  0.53939503E-04  0.32147025E-04  0.27226267E-04  0.16125060E-04  0.13471834E-04
  0.78756227E-05  0.64285194E-05  0.36619602E-05  0.28757199E-05  0.15952641E-05
  0.11738679E-05  0.64756017E-06  0.00000000E+00  0.00000000E+00  0.00000000E+00
  0.00000000E+00  0.00000000E+00  0.00000000E+00  0.00000000E+00  0.00000000E+00
  0.00000000E+00  0.00000000E+00  0.00000000E+00  0.00000000E+00  0.00000000E+00
  0.00000000E+00  0.00000000E+00  0.00000000E+00  0.00000000E+00  0.00000000E+00
  0.00000000E+00  0.00000000E+00  0.00000000E+00  0.00000000E+00  0.00000000E+00
  0.00000000E+00  0.00000000E+00  0.00000000E+00  0.00000000E+00  0.00000000E+00
  0.00000000E+00  0.00000000E+00  0.00000000E+00  0.00000000E+00  0.00000000E+00
  0.00000000E+00  0.00000000E+00  0.00000000E+00  0.00000000E+00  0.00000000E+00
  0.00000000E+00  0.00000000E+00  0.00000000E+00  0.00000000E+00  0.00000000E+00
  0.00000000E+00  0.00000000E+00  0.00000000E+00  0.00000000E+00  0.00000000E+00
  0.00000000E+00  0.00000000E+00  0.00000000E+00  0.00000000E+00  0.00000000E+00
  0.00000000E+00  0.00000000E+00  0.00000000E+00  0.00000000E+00
  0.10000000E+01  0.23165646E+01  0.33333146E+01  0.36410148E+01  0.40039742E+01
  0.41858199E+01  0.43874767E+01  0.45546185E+01  0.46691506E+01  0.47336263E+01
  0.47264046E+01  0.46682674E+01  0.45182201E+01  0.43603717E+01  0.40929401E+01
  0.38671125E+01  0.35342908E+01  0.32697079E+01  0.29250931E+01  0.26468518E+01
  0.23309906E+01  0.20595221E+01  0.17954198E+01  0.15459358E+01  0.13409189E+01
  0.11232018E+01  0.97364999E+00  0.79236129E+00  0.68885031E+00  0.54432034E+00
  0.47573850E+00  0.36510511E+00  0.32122473E+00  0.23969873E+00  0.21233791E+00
  0.15435596E+00  0.13757379E+00  0.97674347E-01  0.87458106E-01  0.60826234E-01
  0.54608577E-01  0.37323684E-01  0.33523192E-01  0.22588506E-01  0.20252428E-01
  0.13494171E-01  0.12052645E-01  0.79624800E-02  0.70727872E-02  0.46434232E-02
  0.40966688E-02  0.26775226E-02  0.23443661E-02  0.15272829E-02  0.13266598E-02
  0.86206336E-03  0.74295524E-03  0.48159590E-03  0.41196179E-03  0.26626796E-03
  0.22618976E-03  0.14562623E-03  0.12291619E-03  0.78716790E-04  0.66030770E-04
  0.41983980E-04  0.34987623E-04  0.22050326E-04  0.18229661E-04  0.11366360E-04
  0.92697964E-05  0.56879451E-05  0.44914093E-05  0.26654230E-05  0.19567470E-05
  0.11110867E-05  0.68780763E-06  0.00000000E+00  0.00000000E+00  0.00000000E+00
  0.00000000E+00  0.00000000E+00  0.00000000E+00  0.00000000E+00  0.00000000E+00
  0.00000000E+00  0.00000000E+00  0.00000000E+00  0.00000000E+00  0.00000000E+00
  0.00000000E+00  0.00000000E+00  0.00000000E+00  0.00000000E+00  0.00000000E+00
  0.00000000E+00  0.00000000E+00  0.00000000E+00  0.00000000E+00  0.00000000E+00
  0.00000000E+00  0.00000000E+00  0.00000000E+00  0.00000000E+00  0.00000000E+00
  0.00000000E+00  0.00000000E+00  0.00000000E+00  0.00000000E+00  0.00000000E+00
  0.00000000E+00  0.00000000E+00  0.00000000E+00  0.00000000E+00  0.00000000E+00
  0.00000000E+00  0.00000000E+00  0.00000000E+00  0.00000000E+00  0.00000000E+00
  0.00000000E+00  0.00000000E+00  0.00000000E+00  0.00000000E+00  0.00000000E+00
  0.00000000E+00  0.00000000E+00  0.00000000E+00  0.00000000E+00
  0.10000000E+01  0.23208023E+01  0.33640015E+01  0.36982554E+01  0.41205093E+01
  0.43586323E+01  0.46285500E+01  0.48550108E+01  0.50360631E+01  0.51469537E+01
  0.52033177E+01  0.51794533E+01  0.50828604E+01  0.49510440E+01  0.47192412E+01
  0.45112575E+01  0.41917385E+01  0.39345157E+01  0.35807844E+01  0.32976492E+01
  0.29540920E+01  0.26655042E+01  0.23614706E+01  0.20844544E+01  0.18342430E+01
  0.15816198E+01  0.13875708E+01  0.11675703E+01  0.10242987E+01  0.84068844E+00
  0.73908128E+00  0.59180140E+00  0.52200125E+00  0.40815975E+00  0.36133128E+00
  0.27632308E+00  0.24540164E+00  0.18392632E+00  0.16369391E+00  0.12053259E+00
  0.10734791E+00  0.77855656E-01  0.69274279E-01  0.49614242E-01  0.44032618E-01
  0.31217053E-01  0.27593615E-01  0.19406027E-01  0.17064075E-01  0.11925986E-01
  0.10423266E-01  0.72493274E-02  0.62946828E-02  0.43607351E-02  0.37615824E-02
  0.25969940E-02  0.22260962E-02  0.15318308E-02  0.13055497E-02  0.89519427E-03
  0.75916288E-03  0.51841733E-03  0.43782650E-03  0.29754209E-03  0.25042288E-03
  0.16917783E-03  0.14193914E-03  0.95193573E-04  0.79603516E-04  0.52895543E-04
  0.44026574E-04  0.28913314E-04  0.23890429E-04  0.15466435E-04  0.12625821E-04
  0.80427998E-05  0.64213645E-05  0.40052195E-05  0.30219524E-05  0.17900167E-05
  0.11487181E-05  0.59860244E-06  0.00000000E+00  0.00000000E+00  0.00000000E+00
  0.00000000E+00  0.00000000E+00  0.00000000E+00  0.00000000E+00  0.00000000E+00
  0.00000000E+00  0.00000000E+00  0.00000000E+00  0.00000000E+00  0.00000000E+00
  0.00000000E+00  0.00000000E+00  0.00000000E+00  0.00000000E+00  0.00000000E+00
  0.00000000E+00  0.00000000E+00  0.00000000E+00  0.00000000E+00  0.00000000E+00
  0.00000000E+00  0.00000000E+00  0.00000000E+00  0.00000000E+00  0.00000000E+00
  0.00000000E+00  0.00000000E+00  0.00000000E+00  0.00000000E+00  0.00000000E+00
  0.00000000E+00  0.00000000E+00  0.00000000E+00  0.00000000E+00  0.00000000E+00
  0.00000000E+00  0.00000000E+00  0.00000000E+00  0.00000000E+00  0.00000000E+00
  0.00000000E+00  0.00000000E+00  0.00000000E+00  0.00000000E+00
  0.10000000E+01  0.23318228E+01  0.34041762E+01  0.37723070E+01  0.42517591E+01
  0.45428842E+01  0.48723240E+01  0.51494809E+01  0.53861115E+01  0.55356708E+01
  0.56475198E+01  0.56534094E+01  0.56078815E+01  0.55016273E+01  0.53094401E+01
  0.51227353E+01  0.48258815E+01  0.45826360E+01  0.42322908E+01  0.39529875E+01
  0.35945574E+01  0.32984334E+01  0.29650876E+01  0.26697019E+01  0.23811558E+01
  0.21012477E+01  0.18654114E+01  0.16119996E+01  0.14280708E+01  0.12080355E+01
  0.10699462E+01  0.88615637E+00  0.78555726E+00  0.63748587E+00  0.56584709E+00
  0.45049348E+00  0.40029390E+00  0.31318406E+00  0.27838057E+00  0.21445973E+00
  0.19049396E+00  0.14480477E+00  0.12838006E+00  0.96492879E-01  0.85285371E-01
  0.63505478E-01  0.55898162E-01  0.41306354E-01  0.36178501E-01  0.26568503E-01
  0.23142695E-01  0.16908228E-01  0.14644060E-01  0.10651932E-01  0.91737036E-02
  0.66459729E-02  0.56936596E-02  0.41084854E-02  0.35033978E-02  0.25174572E-02
  0.21382912E-02  0.15294675E-02  0.12951176E-02  0.92163546E-03  0.77862995E-03
  0.55088565E-03  0.46463577E-03  0.32662132E-03  0.27517919E-03  0.19205290E-03
  0.16163114E-03  0.11190124E-03  0.94020232E-04  0.64491895E-04  0.54000873E-04
  0.36617719E-04  0.30438744E-04  0.20323794E-04  0.16655360E-04  0.10881947E-04
  0.86870860E-05  0.55109159E-05  0.41899165E-05  0.25361325E-05  0.16929789E-05
  0.87757468E-06  0.00000000E+00  0.00000000E+00  0.00000000E+00  0.00000000E+00
  0.00000000E+00  0.00000000E+00  0.00000000E+00  0.00000000E+00  0.00000000E+00
  0.00000000E+00  0.00000000E+00  0.00000000E+00  0.00000000E+00  0.00000000E+00
  0.00000000E+00  0.00000000E+00  0.00000000E+00  0.00000000E+00  0.00000000E+00
  0.00000000E+00  0.00000000E+00  0.00000000E+00  0.00000000E+00  0.00000000E+00
  0.00000000E+00  0.00000000E+00  0.00000000E+00  0.00000000E+00  0.00000000E+00
  0.00000000E+00  0.00000000E+00  0.00000000E+00  0.00000000E+00  0.00000000E+00
  0.00000000E+00  0.00000000E+00  0.00000000E+00  0.00000000E+00  0.00000000E+00
  0.00000000E+00  0.00000000E+00  0.00000000E+00  0.00000000E+00
  0.10000000E+01  0.24027731E+01  0.35791375E+01  0.40901174E+01  0.47361059E+01
  0.51824083E+01  0.56635247E+01  0.60754259E+01  0.64549320E+01  0.67182833E+01
  0.69965309E+01  0.71091194E+01  0.72455637E+01  0.72522669E+01  0.72330240E+01
  0.71607717E+01  0.70057553E+01  0.68638946E+01  0.66089721E+01  0.64042627E+01
  0.60862222E+01  0.58296307E+01  0.54806274E+01  0.51867157E+01  0.48330261E+01
  0.45175855E+01  0.41791676E+01  0.38574416E+01  0.35477845E+01  0.32333327E+01
  0.29599211E+01  0.26638331E+01  0.24292369E+01  0.21596462E+01  0.19629065E+01
  0.17248489E+01  0.15628374E+01  0.13584440E+01  0.12269810E+01  0.10559354E+01
  0.95057235E+00  0.81073085E+00  0.72721221E+00  0.61526361E+00  0.54974915E+00
  0.46180822E+00  0.41095026E+00  0.34302345E+00  0.30396503E+00  0.25227456E+00
  0.22261198E+00  0.18379039E+00  0.16152355E+00  0.13270004E+00  0.11618245E+00
  0.94996162E-01  0.82890013E-01  0.67454370E-01  0.58686338E-01  0.47528212E-01
  0.41250964E-01  0.33242484E-01  0.28798345E-01  0.23088904E-01  0.19974860E-01
  0.15930023E-01  0.13768648E-01  0.10921171E-01  0.94343884E-02  0.74420643E-02
  0.64270979E-02  0.50417910E-02  0.43536168E-02  0.33964516E-02  0.29325234E-02
  0.22753606E-02  0.19640706E-02  0.15158067E-02  0.13076904E-02  0.10039503E-02
  0.86521969E-03  0.66080742E-03  0.56851740E-03  0.43189254E-03  0.37060536E-03
  0.27993232E-03  0.23929454E-03  0.17954598E-03  0.15263775E-03  0.11354726E-03
  0.95758818E-04  0.70365556E-04  0.58633616E-04  0.42256879E-04  0.34557237E-04
  0.24081680E-04  0.19093480E-04  0.12466787E-04  0.93281515E-05  0.51942394E-05
  0.33341983E-05  0.77953363E-06  0.00000000E+00  0.00000000E+00  0.00000000E+00
  0.00000000E+00  0.00000000E+00  0.00000000E+00  0.00000000E+00  0.00000000E+00
  0.00000000E+00  0.00000000E+00  0.00000000E+00  0.00000000E+00  0.00000000E+00
  0.00000000E+00  0.00000000E+00  0.00000000E+00  0.00000000E+00  0.00000000E+00
  0.00000000E+00  0.00000000E+00  0.00000000E+00  0.00000000E+00  0.00000000E+00
  0.00000000E+00  0.00000000E+00  0.00000000E+00  0.00000000E+00
  0.10000000E+01  0.24693635E+01  0.37085447E+01  0.43229948E+01  0.50455214E+01
  0.55788541E+01  0.61322137E+01  0.66298092E+01  0.70984303E+01  0.74608329E+01
  0.78652436E+01  0.80900870E+01  0.83799176E+01  0.85133403E+01  0.86551933E+01
  0.87162595E+01  0.87171792E+01  0.87030940E+01  0.85896797E+01  0.84971342E+01
  0.82963911E+01  0.81308455E+01  0.78655427E+01  0.76387864E+01  0.73291979E+01
  0.70551651E+01  0.67201718E+01  0.64128143E+01  0.60693093E+01  0.57420023E+01
  0.54038867E+01  0.50691563E+01  0.47468338E+01  0.44159515E+01  0.41164219E+01
  0.37989327E+01  0.35262818E+01  0.32296302E+01  0.29856824E+01  0.27150349E+01
  0.24999905E+01  0.22583003E+01  0.20712522E+01  0.18595262E+01  0.16988422E+01
  0.15165259E+01  0.13801268E+01  0.12255230E+01  0.11110815E+01  0.98175061E+00
  0.88683414E+00  0.77994398E+00  0.70211687E+00  0.61471409E+00  0.55161530E+00
  0.48082520E+00  0.43023120E+00  0.37338528E+00  0.33324972E+00  0.28795548E+00
  0.25644118E+00  0.22061268E+00  0.19610742E+00  0.16796164E+00  0.14907671E+00
  0.12711162E+00  0.11267771E+00  0.95648197E-01  0.84700474E-01  0.71581629E-01
  0.63333436E-01  0.53291841E-01  0.47114794E-01  0.39477610E-01  0.34875890E-01
  0.29104018E-01  0.25691404E-01  0.21356703E-01  0.18835705E-01  0.15600667E-01
  0.13744792E-01  0.11345299E-01  0.99831540E-02  0.82139843E-02  0.72170942E-02
  0.59202336E-02  0.51927112E-02  0.42473156E-02  0.37178949E-02  0.30323021E-02
  0.26482475E-02  0.21535167E-02  0.18758636E-02  0.15205122E-02  0.13205387E-02
  0.10664365E-02  0.92304557E-03  0.74211702E-03  0.63981832E-03  0.51151082E-03
  0.43898278E-03  0.34835975E-03  0.29736115E-03  0.23359329E-03  0.19812888E-03
  0.15341397E-03  0.12914610E-03  0.97870610E-04  0.81673390E-04  0.59814070E-04
  0.49452519E-04  0.34140665E-04  0.28039270E-04  0.17241302E-04  0.14297787E-04
  0.65717403E-05  0.60150641E-05  0.32446086E-06  0.00000000E+00  0.00000000E+00
  0.00000000E+00  0.00000000E+00  0.00000000E+00  0.00000000E+00  0.00000000E+00
  0.00000000E+00  0.00000000E+00  0.00000000E+00  0.00000000E+00
  0.10000000E+01  0.25182238E+01  0.37943701E+01  0.44794891E+01  0.52401244E+01
  0.58365009E+01  0.64415007E+01  0.70157714E+01  0.75620964E+01  0.80207760E+01
  0.85315684E+01  0.88644853E+01  0.92794876E+01  0.95314730E+01  0.98050806E+01
  0.99900107E+01  0.10125830E+02  0.10232689E+02  0.10255156E+02  0.10274429E+02
  0.10204581E+02  0.10139567E+02  0.99911163E+01  0.98529362E+01  0.96378498E+01
  0.94389444E+01  0.91708228E+01  0.89225345E+01  0.86162121E+01  0.83291535E+01
  0.79989802E+01  0.76837166E+01  0.73423079E+01  0.70094231E+01  0.66671891E+01
  0.63268800E+01  0.59920464E+01  0.56535956E+01  0.53324386E+01  0.50037726E+01
  0.47009056E+01  0.43883371E+01  0.41069696E+01  0.38151321E+01  0.35572849E+01
  0.32892144E+01  0.30559114E+01  0.28132178E+01  0.26046586E+01  0.23877549E+01
  0.22034669E+01  0.20118297E+01  0.18508023E+01  0.16832205E+01  0.15440295E+01
  0.13988349E+01  0.12797655E+01  0.11550235E+01  0.10541726E+01  0.94783141E+00
  0.86321105E+00  0.77321694E+00  0.70284111E+00  0.62721028E+00  0.56915709E+00
  0.50602067E+00  0.45849156E+00  0.40613174E+00  0.36748868E+00  0.32434376E+00
  0.29311903E+00  0.25779293E+00  0.23270361E+00  0.20396068E+00  0.18390206E+00
  0.16065937E+00  0.14469427E+00  0.12601325E+00  0.11335674E+00  0.98431467E-01
  0.88434789E-01  0.76579223E-01  0.68709871E-01  0.59344988E-01  0.53170438E-01
  0.45812599E-01  0.40983402E-01  0.35231733E-01  0.31466879E-01  0.26992117E-01
  0.24066836E-01  0.20601049E-01  0.18335921E-01  0.15662739E-01  0.13915016E-01
  0.11861302E-01  0.10517863E-01  0.89459090E-02  0.79171474E-02  0.67181005E-02
  0.59334287E-02  0.50219478E-02  0.44260159E-02  0.37353848E-02  0.32848447E-02
  0.27633043E-02  0.24244065E-02  0.20318771E-02  0.17784304E-02  0.14840050E-02
  0.12957795E-02  0.10757143E-02  0.93719754E-03  0.77332433E-03  0.67263603E-03
  0.55104974E-03  0.47911737E-03  0.38924013E-03  0.33919011E-03  0.27296193E-03
  0.23957705E-03  0.19087904E-03  0.17022649E-03  0.13440944E-03  0.12352748E-03
  0.97064795E-04  0.93730823E-04  0.73951857E-04  0.76506939E-04
  0.10000000E+01  0.25534701E+01  0.38555769E+01  0.45945510E+01  0.53836833E+01
  0.60359696E+01  0.66891941E+01  0.73352611E+01  0.79519436E+01  0.84968712E+01
  0.90958607E+01  0.95224469E+01  0.10037453E+02  0.10391066E+02  0.10769974E+02
  0.11062244E+02  0.11310007E+02  0.11523677E+02  0.11665766E+02  0.11787053E+02
  0.11840775E+02  0.11872639E+02  0.11844074E+02  0.11798406E+02  0.11692198E+02
  0.11580532E+02  0.11405341E+02  0.11236263E+02  0.11004114E+02  0.10784912E+02
  0.10508581E+02  0.10247010E+02  0.99383281E+01  0.96430600E+01  0.93124465E+01
  0.89926407E+01  0.86491910E+01  0.83138778E+01  0.79655238E+01  0.76231091E+01
  0.72767096E+01  0.69346632E+01  0.65960350E+01  0.62607252E+01  0.59346568E+01
  0.56112837E+01  0.53015719E+01  0.49941609E+01  0.47036713E+01  0.44151267E+01
  0.41458622E+01  0.38780772E+01  0.36312504E+01  0.33852415E+01  0.31613553E+01
  0.29374177E+01  0.27363621E+01  0.25342196E+01  0.23553616E+01  0.21743056E+01
  0.20165994E+01  0.18556141E+01  0.17177081E+01  0.15755632E+01  0.14558915E+01
  0.13312178E+01  0.12281014E+01  0.11194634E+01  0.10311907E+01  0.93712390E+00
  0.86200148E+00  0.78105768E+00  0.71746989E+00  0.64824251E+00  0.59468082E+00
  0.53582571E+00  0.49090934E+00  0.44116300E+00  0.40364876E+00  0.36183944E+00
  0.33062646E+00  0.29567994E+00  0.26980173E+00  0.24074436E+00  0.21936299E+00
  0.19532353E+00  0.17771745E+00  0.15792359E+00  0.14347483E+00  0.12724926E+00
  0.11543213E+00  0.10218725E+00  0.92555685E-01  0.81786105E-01  0.73963214E-01
  0.65238866E-01  0.58907708E-01  0.51864910E-01  0.46759038E-01  0.41092334E-01
  0.36989223E-01  0.32444415E-01  0.29159125E-01  0.25525339E-01  0.22904391E-01
  0.20008128E-01  0.17924939E-01  0.15623717E-01  0.13974249E-01  0.12151582E-01
  0.10850699E-01  0.94117634E-02  0.83903365E-02  0.72582899E-02  0.64602599E-02
  0.55728117E-02  0.49528624E-02  0.42598919E-02  0.37816844E-02  0.32428472E-02
  0.28772310E-02  0.24602358E-02  0.21840083E-02  0.18630368E-02  0.16577625E-02
  0.14122397E-02  0.12632921E-02  0.10768341E-02  0.97260492E-03
  0.10000000E+01  0.25801746E+01  0.39037040E+01  0.46879948E+01  0.55046639E+01
  0.62083064E+01  0.69077296E+01  0.76182019E+01  0.82966537E+01  0.89153554E+01
  0.95870746E+01  0.10092741E+02  0.10689078E+02  0.11128890E+02  0.11594142E+02
  0.11979011E+02  0.12320812E+02  0.12628040E+02  0.12873877E+02  0.13086475E+02
  0.13251020E+02  0.13372578E+02  0.13455606E+02  0.13499613E+02  0.13500045E+02
  0.13477456E+02  0.13400574E+02  0.13317279E+02  0.13173236E+02  0.13033312E+02
  0.12833232E+02  0.12641849E+02  0.12395764E+02  0.12159786E+02  0.11876521E+02
  0.11603793E+02  0.11291466E+02  0.10990012E+02  0.10656336E+02  0.10333882E+02
  0.99861666E+01  0.96499379E+01  0.92949593E+01  0.89515791E+01  0.85954491E+01
  0.82508564E+01  0.78989551E+01  0.75583240E+01  0.72152790E+01  0.68829673E+01
  0.65526509E+01  0.62321996E+01  0.59177325E+01  0.56118992E+01  0.53156651E+01
  0.50264919E+01  0.47501739E+01  0.44790684E+01  0.42236876E+01  0.39715098E+01
  0.37374950E+01  0.35046482E+01  0.32919163E+01  0.30784155E+01  0.28864487E+01
  0.26919871E+01  0.25199317E+01  0.23439522E+01  0.21907084E+01  0.20324449E+01
  0.18967328E+01  0.17552655E+01  0.16357092E+01  0.15100028E+01  0.14051856E+01
  0.12941246E+01  0.12026361E+01  0.11050607E+01  0.10255324E+01  0.94026787E+00
  0.87140359E+00  0.79728370E+00  0.73787079E+00  0.67375865E+00  0.62268135E+00
  0.56748887E+00  0.52373019E+00  0.47642963E+00  0.43906898E+00  0.39870306E+00
  0.36691454E+00  0.33260380E+00  0.30564890E+00  0.27659389E+00  0.25381581E+00
  0.22929935E+00  0.21011749E+00  0.18950055E+00  0.17340177E+00  0.15611944E+00
  0.14265383E+00  0.12821209E+00  0.11698721E+00  0.10495568E+00  0.95629841E-01
  0.85636899E-01  0.77914671E-01  0.69639986E-01  0.63266886E-01  0.56435735E-01
  0.51193449E-01  0.45571398E-01  0.41274224E-01  0.36662196E-01  0.33152429E-01
  0.29381252E-01  0.26525503E-01  0.23452679E-01  0.21139057E-01  0.18644612E-01
  0.16779362E-01  0.14763017E-01  0.13268307E-01  0.11646401E-01  0.10457774E-01
  0.91607715E-02  0.82248814E-02  0.71949540E-02  0.64674537E-02
  0.10000000E+01  0.26017107E+01  0.39443563E+01  0.47689671E+01  0.56133643E+01
  0.63636899E+01  0.71063858E+01  0.78732836E+01  0.86054973E+01  0.92871936E+01
  0.10019974E+02  0.10593361E+02  0.11257894E+02  0.11771954E+02  0.12310265E+02
  0.12775826E+02  0.13198096E+02  0.13587631E+02  0.13923558E+02  0.14217678E+02
  0.14479877E+02  0.14683337E+02  0.14866414E+02  0.14994664E+02  0.15093246E+02
  0.15156741E+02  0.15174263E+02  0.15176257E+02  0.15122111E+02  0.15063796E+02
  0.14947881E+02  0.14832427E+02  0.14662790E+02  0.14495815E+02  0.14279149E+02
  0.14067458E+02  0.13810210E+02  0.13560705E+02  0.13269567E+02  0.12988857E+02
  0.12670665E+02  0.12365069E+02  0.12026521E+02  0.11702114E+02  0.11349545E+02
  0.11012117E+02  0.10651401E+02  0.10306346E+02  0.99428563E+01  0.95950691E+01
  0.92336509E+01  0.88874645E+01  0.85323981E+01  0.81915623E+01  0.78465281E+01
  0.75142198E+01  0.71822825E+01  0.68611337E+01  0.65447293E+01  0.62368651E+01
  0.59378227E+01  0.56449085E+01  0.53644886E+01  0.50877634E+01  0.48266996E+01
  0.45670146E+01  0.43255854E+01  0.40834541E+01  0.38615523E+01  0.36371773E+01
  0.34343672E+01  0.32276847E+01  0.30432841E+01  0.28539958E+01  0.26871356E+01
  0.25147416E+01  0.23644227E+01  0.22082587E+01  0.20734002E+01  0.19326717E+01
  0.18121575E+01  0.16859693E+01  0.15786733E+01  0.14660604E+01  0.13708763E+01
  0.12708340E+01  0.11866916E+01  0.10981985E+01  0.10240729E+01  0.94611316E+00
  0.88103638E+00  0.81261946E+00  0.75568121E+00  0.69585628E+00  0.64620684E+00
  0.59407711E+00  0.55093001E+00  0.50565619E+00  0.46828400E+00  0.42908822E+00
  0.39682480E+00  0.36299603E+00  0.33523460E+00  0.30612628E+00  0.28231536E+00
  0.25734509E+00  0.23698784E+00  0.21563152E+00  0.19828225E+00  0.18007125E+00
  0.16533139E+00  0.14984935E+00  0.13736576E+00  0.12424458E+00  0.11370528E+00
  0.10261913E+00  0.93750150E-01  0.84413869E-01  0.76976722E-01  0.69141344E-01
  0.62929237E-01  0.56379634E-01  0.51215519E-01  0.45766349E-01  0.41499129E-01
  0.36991284E-01  0.33491805E-01  0.29788122E-01  0.26944469E-01
  0.10000000E+01  0.26199449E+01  0.39800813E+01  0.48414588E+01  0.57131765E+01
  0.65056135E+01  0.72882604E+01  0.81045063E+01  0.88839145E+01  0.96202335E+01
  0.10405449E+02  0.11038046E+02  0.11761150E+02  0.12340180E+02  0.12941667E+02
  0.13478142E+02  0.13970213E+02  0.14432485E+02  0.14846982E+02  0.15213940E+02
  0.15561743E+02  0.15839576E+02  0.16111062E+02  0.16317213E+02  0.16503844E+02
  0.16648200E+02  0.16752727E+02  0.16835971E+02  0.16867867E+02  0.16888710E+02
  0.16857028E+02  0.16817287E+02  0.16728142E+02  0.16632810E+02  0.16490720E+02
  0.16345923E+02  0.16155607E+02  0.15967211E+02  0.15734215E+02  0.15507598E+02
  0.15238004E+02  0.14978354E+02  0.14678306E+02  0.14390846E+02  0.14066279E+02
  0.13756252E+02  0.13412821E+02  0.13085344E+02  0.12728429E+02  0.12388352E+02
  0.12023040E+02  0.11674864E+02  0.11305894E+02  0.10953728E+02  0.10585431E+02
  0.10232983E+02  0.98692278E+01  0.95198109E+01  0.91639577E+01  0.88204898E+01
  0.84753803E+01  0.81404012E+01  0.78083600E+01  0.74840336E+01  0.71668779E+01
  0.68550046E+01  0.65540818E+01  0.62561232E+01  0.59723518E+01  0.56894393E+01
  0.54233437E+01  0.51563035E+01  0.49080781E+01  0.46574496E+01  0.44270071E+01
  0.41930624E+01  0.39800850E+01  0.37628564E+01  0.35668428E+01  0.33661502E+01
  0.31864656E+01  0.30019412E+01  0.28378470E+01  0.26689668E+01  0.25196559E+01
  0.23657713E+01  0.22303942E+01  0.20907571E+01  0.19684388E+01  0.18422287E+01
  0.17320905E+01  0.16184417E+01  0.15196078E+01  0.14176335E+01  0.13292406E+01
  0.12380565E+01  0.11592661E+01  0.10779988E+01  0.10079987E+01  0.93579710E+00
  0.87381104E+00  0.80986241E+00  0.75515149E+00  0.69868650E+00  0.65054992E+00
  0.60084667E+00  0.55862832E+00  0.51500864E+00  0.47809738E+00  0.43993047E+00
  0.40775733E+00  0.37446171E+00  0.34650228E+00  0.31754432E+00  0.29331839E+00
  0.26820750E+00  0.24727964E+00  0.22557204E+00  0.20755121E+00  0.18884809E+00
  0.17338637E+00  0.15733516E+00  0.14412890E+00  0.13041935E+00  0.11920458E+00
  0.10756438E+00  0.98110196E-01  0.88297433E-01  0.80395310E-01
  0.10000000E+01  0.26358157E+01  0.40120033E+01  0.49071337E+01  0.58050807E+01
  0.66354209E+01  0.74546976E+01  0.83143549E+01  0.91356284E+01  0.99199747E+01
  0.10750931E+02  0.11435991E+02  0.12210062E+02  0.12846446E+02  0.13503183E+02
  0.14102203E+02  0.14655289E+02  0.15181948E+02  0.15665189E+02  0.16097187E+02
  0.16519911E+02  0.16864975E+02  0.17214105E+02  0.17491494E+02  0.17756181E+02
  0.17975104E+02  0.18158217E+02  0.18316891E+02  0.18428498E+02  0.18523575E+02
  0.18572113E+02  0.18604649E+02  0.18594399E+02  0.18569278E+02  0.18502733E+02
  0.18425690E+02  0.18306073E+02  0.18182025E+02  0.18013935E+02  0.17847036E+02
  0.17635848E+02  0.17430161E+02  0.17181331E+02  0.16941208E+02  0.16659983E+02
  0.16390036E+02  0.16081483E+02  0.15786365E+02  0.15455451E+02  0.15139676E+02
  0.14791276E+02  0.14459140E+02  0.14097973E+02  0.13753527E+02  0.13384077E+02
  0.13031122E+02  0.12657562E+02  0.12299647E+02  0.11925785E+02  0.11566196E+02
  0.11195442E+02  0.10837196E+02  0.10472548E+02  0.10118374E+02  0.97624051E+01
  0.94147386E+01  0.90696076E+01  0.87305958E+01  0.83980626E+01  0.80695567E+01
  0.77509938E+01  0.74345586E+01  0.71309907E+01  0.68279084E+01  0.65400431E+01
  0.62513190E+01  0.59795849E+01  0.57059591E+01  0.54505443E+01  0.51925070E+01
  0.49534034E+01  0.47112099E+01  0.44882373E+01  0.42619348E+01  0.40547738E+01
  0.38442276E+01  0.36524475E+01  0.34573601E+01  0.32804406E+01  0.31003746E+01
  0.29377318E+01  0.27721404E+01  0.26231338E+01  0.24713897E+01  0.23353334E+01
  0.21967581E+01  0.20729412E+01  0.19468105E+01  0.18345052E+01  0.17200639E+01
  0.16185384E+01  0.15150286E+01  0.14235486E+01  0.13302214E+01  0.12480547E+01
  0.11641744E+01  0.10906072E+01  0.10154466E+01  0.94978808E+00  0.88264145E+00
  0.82421914E+00  0.76441172E+00  0.71257830E+00  0.65946661E+00  0.61360805E+00
  0.56657706E+00  0.52612106E+00  0.48459779E+00  0.44901656E+00  0.41247524E+00
  0.38129125E+00  0.34926224E+00  0.32205693E+00  0.29412408E+00  0.27053226E+00
  0.24632675E+00  0.22602486E+00  0.20521052E+00  0.18789219E+00
  0.10000000E+01  0.26497737E+01  0.40406076E+01  0.49666198E+01  0.58892137E+01
  0.67535982E+01  0.76062572E+01  0.85042547E+01  0.93628428E+01  0.10189676E+02
  0.11060799E+02  0.11792520E+02  0.12611131E+02  0.13298227E+02  0.14003445E+02
  0.14657561E+02  0.15264101E+02  0.15847636E+02  0.16391027E+02  0.16880889E+02
  0.17369040E+02  0.17774490E+02  0.18191497E+02  0.18533326E+02  0.18866676E+02
  0.19153327E+02  0.19406507E+02  0.19633880E+02  0.19817825E+02  0.19980933E+02
  0.20103565E+02  0.20203187E+02  0.20267058E+02  0.20308334E+02  0.20314136E+02
  0.20302580E+02  0.20252366E+02  0.20191997E+02  0.20089711E+02  0.19983523E+02
  0.19834001E+02  0.19685029E+02  0.19493063E+02  0.19304915E+02  0.19074978E+02
  0.18851715E+02  0.18588142E+02  0.18333942E+02  0.18041109E+02  0.17760044E+02
  0.17442396E+02  0.17138376E+02  0.16800352E+02  0.16477131E+02  0.16123059E+02
  0.15784258E+02  0.15418278E+02  0.15067390E+02  0.14693388E+02  0.14333765E+02
  0.13955351E+02  0.13590175E+02  0.13210665E+02  0.12842923E+02  0.12465313E+02
  0.12097783E+02  0.11724743E+02  0.11359983E+02  0.10993856E+02  0.10634185E+02
  0.10276977E+02  0.99244782E+01  0.95778752E+01  0.92343911E+01  0.88997718E+01
  0.85668949E+01  0.82453545E+01  0.79244259E+01  0.76168054E+01  0.73089151E+01
  0.70158365E+01  0.67218292E+01  0.64437083E+01  0.61642052E+01  0.59012749E+01
  0.56366929E+01  0.53890285E+01  0.51395869E+01  0.49071318E+01  0.46728642E+01
  0.44554564E+01  0.42362409E+01  0.40336124E+01  0.38292067E+01  0.36409908E+01
  0.34510606E+01  0.32768192E+01  0.31009317E+01  0.29401710E+01  0.27778086E+01
  0.26299907E+01  0.24805918E+01  0.23451267E+01  0.22081054E+01  0.20843586E+01
  0.19590989E+01  0.18464209E+01  0.17322653E+01  0.16299981E+01  0.15262728E+01
  0.14337365E+01  0.13397705E+01  0.12562737E+01  0.11713974E+01  0.10962585E+01
  0.10198026E+01  0.95237169E+00  0.88369554E+00  0.82335942E+00  0.76186875E+00
  0.70806990E+00  0.65323839E+00  0.60549692E+00  0.55686533E+00  0.51477094E+00
  0.47193643E+00  0.43512660E+00  0.39771367E+00  0.36582173E+00
   104
  0.10000000E+01  0.10496478E+01  0.79613092E+00  0.26567483E+00  0.60890767E-01
  0.10259220E-01  0.13973297E-02  0.16195885E-03  0.16546552E-04  0.15222013E-05
  0.12771491E-06  0.98318695E-08  0.69441075E-09  0.44820190E-10  0.15143850E-11
 -0.18065030E-12 -0.13046536E-11 -0.41048775E-12 -0.15995096E-11 -0.55044441E-12
 -0.18778623E-11 -0.63263166E-12 -0.20211760E-11 -0.62918677E-12 -0.20776896E-11
 -0.61357496E-12 -0.21895073E-11 -0.66733614E-12 -0.24229074E-11 -0.78610567E-12
 -0.27005101E-11 -0.88859500E-12 -0.28884931E-11  0.00000000E+00  0.00000000E+00
  0.00000000E+00  0.00000000E+00  0.00000000E+00  0.00000000E+00  0.00000000E+00
  0.00000000E+00  0.00000000E+00  0.00000000E+00  0.00000000E+00  0.00000000E+00
  0.00000000E+00  0.00000000E+00  0.00000000E+00  0.00000000E+00  0.00000000E+00
  0.00000000E+00  0.00000000E+00  0.00000000E+00  0.00000000E+00  0.00000000E+00
  0.00000000E+00  0.00000000E+00  0.00000000E+00  0.00000000E+00  0.00000000E+00
  0.00000000E+00  0.00000000E+00  0.00000000E+00  0.00000000E+00  0.00000000E+00
  0.00000000E+00  0.00000000E+00  0.00000000E+00  0.00000000E+00  0.00000000E+00
  0.00000000E+00  0.00000000E+00  0.00000000E+00  0.00000000E+00  0.00000000E+00
  0.00000000E+00  0.00000000E+00  0.00000000E+00  0.00000000E+00  0.00000000E+00
  0.00000000E+00  0.00000000E+00  0.00000000E+00  0.00000000E+00  0.00000000E+00
  0.00000000E+00  0.00000000E+00  0.00000000E+00  0.00000000E+00  0.00000000E+00
  0.00000000E+00  0.00000000E+00  0.00000000E+00  0.00000000E+00  0.00000000E+00
  0.00000000E+00  0.00000000E+00  0.00000000E+00  0.00000000E+00  0.00000000E+00
  0.00000000E+00  0.00000000E+00  0.00000000E+00  0.00000000E+00  0.00000000E+00
  0.10000000E+01  0.17353537E+01  0.14424815E+01  0.75265884E+00  0.31054211E+00
  0.99295538E-01  0.27256212E-01  0.64047793E-02  0.13557222E-02  0.25905602E-03
  0.45840386E-04  0.74995913E-05  0.11411885E-05  0.16080755E-06  0.20895631E-07
  0.24948729E-08  0.27123379E-09  0.26551193E-10  0.35880790E-13 -0.92649647E-12
 -0.28729014E-11 -0.13031990E-11 -0.31269039E-11 -0.13216212E-11 -0.32540468E-11
 -0.13159211E-11 -0.34460523E-11 -0.14270860E-11 -0.37867795E-11 -0.16479424E-11
 -0.41822808E-11 -0.18466849E-11 -0.44737165E-11  0.00000000E+00  0.00000000E+00
  0.00000000E+00  0.00000000E+00  0.00000000E+00  0.00000000E+00  0.00000000E+00
  0.00000000E+00  0.00000000E+00  0.00000000E+00  0.00000000E+00  0.00000000E+00
  0.00000000E+00  0.00000000E+00  0.00000000E+00  0.00000000E+00  0.00000000E+00
  0.00000000E+00  0.00000000E+00  0.00000000E+00  0.00000000E+00  0.00000000E+00
  0.00000000E+00  0.00000000E+00  0.00000000E+00  0.00000000E+00  0.00000000E+00
  0.00000000E+00  0.00000000E+00  0.00000000E+00  0.00000000E+00  0.00000000E+00
  0.00000000E+00  0.00000000E+00  0.00000000E+00  0.00000000E+00  0.00000000E+00
  0.00000000E+00  0.00000000E+00  0.00000000E+00  0.00000000E+00  0.00000000E+00
  0.00000000E+00  0.00000000E+00  0.00000000E+00  0.00000000E+00  0.00000000E+00
  0.00000000E+00  0.00000000E+00  0.00000000E+00  0.00000000E+00  0.00000000E+00
  0.00000000E+00  0.00000000E+00  0.00000000E+00  0.00000000E+00  0.00000000E+00
  0.00000000E+00  0.00000000E+00  0.00000000E+00  0.00000000E+00  0.00000000E+00
  0.00000000E+00  0.00000000E+00  0.00000000E+00  0.00000000E+00  0.00000000E+00
  0.00000000E+00  0.00000000E+00  0.00000000E+00  0.00000000E+00  0.00000000E+00
  0.10000000E+01  0.20991843E+01  0.21003898E+01  0.14652993E+01  0.83614348E+00
  0.39206052E+00  0.16303109E+00  0.58965436E-01  0.19707071E-01  0.59389158E-02
  0.16962927E-02  0.44731656E-03  0.11340892E-03  0.26853426E-04  0.61047819E-05
  0.12857394E-05  0.25323177E-06  0.45840184E-07  0.75890119E-08  0.11476543E-08
  0.15448163E-09  0.18599782E-10 -0.26408284E-11 -0.13800085E-11 -0.52516257E-11
 -0.16294615E-11 -0.56174848E-11 -0.17630947E-11 -0.61215360E-11 -0.20262265E-11
 -0.66964917E-11 -0.22848931E-11 -0.71909238E-11  0.00000000E+00  0.00000000E+00
  0.00000000E+00  0.00000000E+00  0.00000000E+00  0.00000000E+00  0.00000000E+00
  0.00000000E+00  0.00000000E+00  0.00000000E+00  0.00000000E+00  0.00000000E+00
  0.00000000E+00  0.00000000E+00  0.00000000E+00  0.00000000E+00  0.00000000E+00
  0.00000000E+00  0.00000000E+00  0.00000000E+00  0.00000000E+00  0.00000000E+00
  0.00000000E+00  0.00000000E+00  0.00000000E+00  0.00000000E+00  0.00000000E+00
  0.00000000E+00  0.00000000E+00  0.00000000E+00  0.00000000E+00  0.00000000E+00
  0.00000000E+00  0.00000000E+00  0.00000000E+00  0.00000000E+00  0.00000000E+00
  0.00000000E+00  0.00000000E+00  0.00000000E+00  0.00000000E+00  0.00000000E+00
  0.00000000E+00  0.00000000E+00  0.00000000E+00  0.00000000E+00  0.00000000E+00
  0.00000000E+00  0.00000000E+00  0.00000000E+00  0.00000000E+00  0.00000000E+00
  0.00000000E+00  0.00000000E+00  0.00000000E+00  0.00000000E+00  0.00000000E+00
  0.00000000E+00  0.00000000E+00  0.00000000E+00  0.00000000E+00  0.00000000E+00
  0.00000000E+00  0.00000000E+00  0.00000000E+00  0.00000000E+00  0.00000000E+00
  0.00000000E+00  0.00000000E+00  0.00000000E+00  0.00000000E+00  0.00000000E+00
  0.10000000E+01  0.22981010E+01  0.26077146E+01  0.21833235E+01  0.15286751E+01
  0.91767448E+00  0.49483302E+00  0.23813025E+00  0.10681164E+00  0.43708916E-01
  0.17103165E-01  0.61930260E-02  0.21835073E-02  0.71919742E-03  0.23346576E-03
  0.71148647E-04  0.21437209E-04  0.60146935E-05  0.16417185E-05  0.40590223E-06
  0.93996609E-07  0.19780446E-07  0.37803376E-08  0.65982136E-09  0.97456008E-10
  0.14276953E-10 -0.65740841E-11 -0.10497492E-11 -0.93677414E-11 -0.15689742E-11
 -0.10298040E-10 -0.20395175E-11 -0.11480608E-10  0.00000000E+00  0.00000000E+00
  0.00000000E+00  0.00000000E+00  0.00000000E+00  0.00000000E+00  0.00000000E+00
  0.00000000E+00  0.00000000E+00  0.00000000E+00  0.00000000E+00  0.00000000E+00
  0.00000000E+00  0.00000000E+00  0.00000000E+00  0.00000000E+00  0.00000000E+00
  0.00000000E+00  0.00000000E+00  0.00000000E+00  0.00000000E+00  0.00000000E+00
  0.00000000E+00  0.00000000E+00  0.00000000E+00  0.00000000E+00  0.00000000E+00
  0.00000000E+00  0.00000000E+00  0.00000000E+00  0.00000000E+00  0.00000000E+00
  0.00000000E+00  0.00000000E+00  0.00000000E+00  0.00000000E+00  0.00000000E+00
  0.00000000E+00  0.00000000E+00  0.00000000E+00  0.00000000E+00  0.00000000E+00
  0.00000000E+00  0.00000000E+00  0.00000000E+00  0.00000000E+00  0.00000000E+00
  0.00000000E+00  0.00000000E+00  0.00000000E+00  0.00000000E+00  0.00000000E+00
  0.00000000E+00  0.00000000E+00  0.00000000E+00  0.00000000E+00  0.00000000E+00
  0.00000000E+00  0.00000000E+00  0.00000000E+00  0.00000000E+00  0.00000000E+00
  0.00000000E+00  0.00000000E+00  0.00000000E+00  0.00000000E+00  0.00000000E+00
  0.00000000E+00  0.00000000E+00  0.00000000E+00  0.00000000E+00  0.00000000E+00
  0.10000000E+01  0.24196645E+01  0.29718397E+01  0.27885875E+01  0.22329369E+01
  0.15765721E+01  0.10104960E+01  0.59080099E+00  0.32313795E+00  0.16380623E+00
  0.79456643E-01  0.36040064E-01  0.15927619E-01  0.66149292E-02  0.27155309E-02
  0.10503942E-02  0.40604940E-03  0.14804064E-03  0.54296294E-04  0.18710778E-04
  0.64555335E-05  0.20485803E-05  0.63547453E-06  0.17461426E-06  0.45298987E-07
  0.10578922E-07  0.22328737E-08  0.43525553E-09  0.63716943E-10  0.12883610E-10
 -0.13344698E-10 -0.94669469E-12 -0.18173708E-10  0.00000000E+00  0.00000000E+00
  0.00000000E+00  0.00000000E+00  0.00000000E+00  0.00000000E+00  0.00000000E+00
  0.00000000E+00  0.00000000E+00  0.00000000E+00  0.00000000E+00  0.00000000E+00
  0.00000000E+00  0.00000000E+00  0.00000000E+00  0.00000000E+00  0.00000000E+00
  0.00000000E+00  0.00000000E+00  0.00000000E+00  0.00000000E+00  0.00000000E+00
  0.00000000E+00  0.00000000E+00  0.00000000E+00  0.00000000E+00  0.00000000E+00
  0.00000000E+00  0.00000000E+00  0.00000000E+00  0.00000000E+00  0.00000000E+00
  0.00000000E+00  0.00000000E+00  0.00000000E+00  0.00000000E+00  0.00000000E+00
  0.00000000E+00  0.00000000E+00  0.00000000E+00  0.00000000E+00  0.00000000E+00
  0.00000000E+00  0.00000000E+00  0.00000000E+00  0.00000000E+00  0.00000000E+00
  0.00000000E+00  0.00000000E+00  0.00000000E+00  0.00000000E+00  0.00000000E+00
  0.00000000E+00  0.00000000E+00  0.00000000E+00  0.00000000E+00  0.00000000E+00
  0.00000000E+00  0.00000000E+00  0.00000000E+00  0.00000000E+00  0.00000000E+00
  0.00000000E+00  0.00000000E+00  0.00000000E+00  0.00000000E+00  0.00000000E+00
  0.00000000E+00  0.00000000E+00  0.00000000E+00  0.00000000E+00  0.00000000E+00
  0.10000000E+01  0.24988347E+01  0.32304404E+01  0.32634695E+01  0.28605828E+01
  0.22533573E+01  0.16282795E+01  0.10906071E+01  0.68622554E+00  0.40557465E+00
  0.22934818E+00  0.12264335E+00  0.63754174E-01  0.31434302E-01  0.15275311E-01
  0.70462429E-02  0.32409694E-02  0.14145772E-02  0.62146512E-03  0.25884403E-03
  0.10924094E-03  0.43609660E-04  0.17664198E-04  0.67036973E-05  0.25471457E-05
  0.87978702E-06  0.29609219E-06  0.87051722E-07  0.24292659E-07  0.60734859E-08
  0.13580887E-08  0.28762847E-09  0.28005095E-10  0.00000000E+00  0.00000000E+00
  0.00000000E+00  0.00000000E+00  0.00000000E+00  0.00000000E+00  0.00000000E+00
  0.00000000E+00  0.00000000E+00  0.00000000E+00  0.00000000E+00  0.00000000E+00
  0.00000000E+00  0.00000000E+00  0.00000000E+00  0.00000000E+00  0.00000000E+00
  0.00000000E+00  0.00000000E+00  0.00000000E+00  0.00000000E+00  0.00000000E+00
  0.00000000E+00  0.00000000E+00  0.00000000E+00  0.00000000E+00  0.00000000E+00
  0.00000000E+00  0.00000000E+00  0.00000000E+00  0.00000000E+00  0.00000000E+00
  0.00000000E+00  0.00000000E+00  0.00000000E+00  0.00000000E+00  0.00000000E+00
  0.00000000E+00  0.00000000E+00  0.00000000E+00  0.00000000E+00  0.00000000E+00
  0.00000000E+00  0.00000000E+00  0.00000000E+00  0.00000000E+00  0.00000000E+00
  0.00000000E+00  0.00000000E+00  0.00000000E+00  0.00000000E+00  0.00000000E+00
  0.00000000E+00  0.00000000E+00  0.00000000E+00  0.00000000E+00  0.00000000E+00
  0.00000000E+00  0.00000000E+00  0.00000000E+00  0.00000000E+00  0.00000000E+00
  0.00000000E+00  0.00000000E+00  0.00000000E+00  0.00000000E+00  0.00000000E+00
  0.00000000E+00  0.00000000E+00  0.00000000E+00  0.00000000E+00  0.00000000E+00
  0.10000000E+01  0.25524414E+01  0.34157666E+01  0.36271493E+01  0.33854766E+01
  0.28783292E+01  0.22665169E+01  0.16737076E+01  0.11669110E+01  0.77201873E+00
  0.48921465E+00  0.29588508E+00  0.17366804E+00  0.97522917E-01  0.53790557E-01
  0.28392695E-01  0.14880426E-01  0.74564384E-02  0.37445464E-02  0.17955727E-02
  0.86943306E-03  0.40146952E-03  0.18820969E-03  0.84025192E-04  0.38172003E-04
  0.16457763E-04  0.71890700E-05  0.29399423E-05  0.11932932E-05  0.43841491E-06
  0.15563149E-06  0.48215052E-07  0.14186067E-07  0.00000000E+00  0.00000000E+00
  0.00000000E+00  0.00000000E+00  0.00000000E+00  0.00000000E+00  0.00000000E+00
  0.00000000E+00  0.00000000E+00  0.00000000E+00  0.00000000E+00  0.00000000E+00
  0.00000000E+00  0.00000000E+00  0.00000000E+00  0.00000000E+00  0.00000000E+00
  0.00000000E+00  0.00000000E+00  0.00000000E+00  0.00000000E+00  0.00000000E+00
  0.00000000E+00  0.00000000E+00  0.00000000E+00  0.00000000E+00  0.00000000E+00
  0.00000000E+00  0.00000000E+00  0.00000000E+00  0.00000000E+00  0.00000000E+00
  0.00000000E+00  0.00000000E+00  0.00000000E+00  0.00000000E+00  0.00000000E+00
  0.00000000E+00  0.00000000E+00  0.00000000E+00  0.00000000E+00  0.00000000E+00
  0.00000000E+00  0.00000000E+00  0.00000000E+00  0.00000000E+00  0.00000000E+00
  0.00000000E+00  0.00000000E+00  0.00000000E+00  0.00000000E+00  0.00000000E+00
  0.00000000E+00  0.00000000E+00  0.00000000E+00  0.00000000E+00  0.00000000E+00
  0.00000000E+00  0.00000000E+00  0.00000000E+00  0.00000000E+00  0.00000000E+00
  0.00000000E+00  0.00000000E+00  0.00000000E+00  0.00000000E+00  0.00000000E+00
  0.00000000E+00  0.00000000E+00  0.00000000E+00  0.00000000E+00  0.00000000E+00
  0.10000000E+01  0.25897766E+01  0.35506772E+01  0.39049356E+01  0.38126883E+01
  0.34249294E+01  0.28733951E+01  0.22804858E+01  0.17177930E+01  0.12373249E+01
  0.85541656E+00  0.56850734E+00  0.36647634E+00  0.22761111E+00  0.13851717E+00
  0.81239107E-01  0.47131901E-01  0.26328676E-01  0.14673096E-01  0.78631675E-02
  0.42342384E-02  0.21897780E-02  0.11443865E-02  0.57390488E-03  0.29195111E-03
  0.14245306E-03  0.70614761E-04  0.33541552E-04  0.16154092E-04  0.74232861E-05
  0.34260805E-05  0.14840207E-05  0.62971132E-06  0.00000000E+00  0.00000000E+00
  0.00000000E+00  0.00000000E+00  0.00000000E+00  0.00000000E+00  0.00000000E+00
  0.00000000E+00  0.00000000E+00  0.00000000E+00  0.00000000E+00  0.00000000E+00
  0.00000000E+00  0.00000000E+00  0.00000000E+00  0.00000000E+00  0.00000000E+00
  0.00000000E+00  0.00000000E+00  0.00000000E+00  0.00000000E+00  0.00000000E+00
  0.00000000E+00  0.00000000E+00  0.00000000E+00  0.00000000E+00  0.00000000E+00
  0.00000000E+00  0.00000000E+00  0.00000000E+00  0.00000000E+00  0.00000000E+00
  0.00000000E+00  0.00000000E+00  0.00000000E+00  0.00000000E+00  0.00000000E+00
  0.00000000E+00  0.00000000E+00  0.00000000E+00  0.00000000E+00  0.00000000E+00
  0.00000000E+00  0.00000000E+00  0.00000000E+00  0.00000000E+00  0.00000000E+00
  0.00000000E+00  0.00000000E+00  0.00000000E+00  0.00000000E+00  0.00000000E+00
  0.00000000E+00  0.00000000E+00  0.00000000E+00  0.00000000E+00  0.00000000E+00
  0.00000000E+00  0.00000000E+00  0.00000000E+00  0.00000000E+00  0.00000000E+00
  0.00000000E+00  0.00000000E+00  0.00000000E+00  0.00000000E+00  0.00000000E+00
  0.00000000E+00  0.00000000E+00  0.00000000E+00  0.00000000E+00  0.00000000E+00
  0.10000000E+01  0.26163988E+01  0.36507825E+01  0.41190267E+01  0.41582546E+01
  0.38917223E+01  0.34257761E+01  0.28719501E+01  0.22965683E+01  0.17664731E+01
  0.13075278E+01  0.93549548E+00  0.64950060E+00  0.43684165E+00  0.28751462E+00
  0.18339651E+00  0.11541084E+00  0.70341482E-01  0.42614326E-01  0.24975651E-01
  0.14644896E-01  0.82985044E-02  0.47294716E-02  0.26030246E-02  0.14465059E-02
  0.77621707E-03  0.42152952E-03  0.22114353E-03  0.11747327E-03  0.60302168E-04
  0.31285966E-04  0.15665192E-04  0.78835536E-05  0.38058789E-05  0.18214319E-05
  0.82032237E-06  0.00000000E+00  0.00000000E+00  0.00000000E+00  0.00000000E+00
  0.00000000E+00  0.00000000E+00  0.00000000E+00  0.00000000E+00  0.00000000E+00
  0.00000000E+00  0.00000000E+00  0.00000000E+00  0.00000000E+00  0.00000000E+00
  0.00000000E+00  0.00000000E+00  0.00000000E+00  0.00000000E+00  0.00000000E+00
  0.00000000E+00  0.00000000E+00  0.00000000E+00  0.00000000E+00  0.00000000E+00
  0.00000000E+00  0.00000000E+00  0.00000000E+00  0.00000000E+00  0.00000000E+00
  0.00000000E+00  0.00000000E+00  0.00000000E+00  0.00000000E+00  0.00000000E+00
  0.00000000E+00  0.00000000E+00  0.00000000E+00  0.00000000E+00  0.00000000E+00
  0.00000000E+00  0.00000000E+00  0.00000000E+00  0.00000000E+00  0.00000000E+00
  0.00000000E+00  0.00000000E+00  0.00000000E+00  0.00000000E+00  0.00000000E+00
  0.00000000E+00  0.00000000E+00  0.00000000E+00  0.00000000E+00  0.00000000E+00
  0.00000000E+00  0.00000000E+00  0.00000000E+00  0.00000000E+00  0.00000000E+00
  0.00000000E+00  0.00000000E+00  0.00000000E+00  0.00000000E+00  0.00000000E+00
  0.00000000E+00  0.00000000E+00  0.00000000E+00  0.00000000E+00  0.00000000E+00
  0.10000000E+01  0.26358457E+01  0.37268355E+01  0.42869718E+01  0.44399755E+01
  0.42886528E+01  0.39192780E+01  0.34290892E+01  0.28748174E+01  0.23289383E+01
  0.18206773E+01  0.13816323E+01  0.10184957E+01  0.73039815E+00  0.51233509E+00
  0.34982633E+00  0.23525269E+00  0.15394144E+00  0.99858616E-01  0.62977006E-01
  0.39600054E-01  0.24187848E-01  0.14800998E-01  0.87930833E-02  0.52523451E-02
  0.30460114E-02  0.17803490E-02  0.10109253E-02  0.57918862E-03  0.32272704E-03
  0.18141097E-03  0.99284426E-04  0.54718951E-04  0.29364030E-04  0.15800862E-04
  0.82564565E-05  0.42908178E-05  0.21471992E-05  0.10512109E-05  0.48549372E-06
  0.00000000E+00  0.00000000E+00  0.00000000E+00  0.00000000E+00  0.00000000E+00
  0.00000000E+00  0.00000000E+00  0.00000000E+00  0.00000000E+00  0.00000000E+00
  0.00000000E+00  0.00000000E+00  0.00000000E+00  0.00000000E+00  0.00000000E+00
  0.00000000E+00  0.00000000E+00  0.00000000E+00  0.00000000E+00  0.00000000E+00
  0.00000000E+00  0.00000000E+00  0.00000000E+00  0.00000000E+00  0.00000000E+00
  0.00000000E+00  0.00000000E+00  0.00000000E+00  0.00000000E+00  0.00000000E+00
  0.00000000E+00  0.00000000E+00  0.00000000E+00  0.00000000E+00  0.00000000E+00
  0.00000000E+00  0.00000000E+00  0.00000000E+00  0.00000000E+00  0.00000000E+00
  0.00000000E+00  0.00000000E+00  0.00000000E+00  0.00000000E+00  0.00000000E+00
  0.00000000E+00  0.00000000E+00  0.00000000E+00  0.00000000E+00  0.00000000E+00
  0.00000000E+00  0.00000000E+00  0.00000000E+00  0.00000000E+00  0.00000000E+00
  0.00000000E+00  0.00000000E+00  0.00000000E+00  0.00000000E+00  0.00000000E+00
  0.00000000E+00  0.00000000E+00  0.00000000E+00  0.00000000E+00  0.00000000E+00
  0.10000000E+01  0.26504942E+01  0.37864214E+01  0.44222317E+01  0.46740065E+01
  0.46294015E+01  0.43594548E+01  0.39467869E+01  0.34375730E+01  0.29036561E+01
  0.23732963E+01  0.18891864E+01  0.14628759E+01  0.11055752E+01  0.81737808E+00
  0.59026189E+00  0.41940981E+00  0.29104902E+00  0.19984855E+00  0.13394170E+00
  0.89277154E-01  0.58045075E-01  0.37692420E-01  0.23865821E-01  0.15142425E-01
  0.93687857E-02  0.58217332E-02  0.35299046E-02  0.21522853E-02  0.12819498E-02
  0.76807542E-03  0.45020218E-03  0.26528758E-03  0.15315174E-03  0.88741975E-04
  0.50413406E-04  0.28652889E-04  0.15945421E-04  0.88242704E-05  0.47574593E-05
  0.25246352E-05  0.12907167E-05  0.63779786E-06  0.00000000E+00  0.00000000E+00
  0.00000000E+00  0.00000000E+00  0.00000000E+00  0.00000000E+00  0.00000000E+00
  0.00000000E+00  0.00000000E+00  0.00000000E+00  0.00000000E+00  0.00000000E+00
  0.00000000E+00  0.00000000E+00  0.00000000E+00  0.00000000E+00  0.00000000E+00
  0.00000000E+00  0.00000000E+00  0.00000000E+00  0.00000000E+00  0.00000000E+00
  0.00000000E+00  0.00000000E+00  0.00000000E+00  0.00000000E+00  0.00000000E+00
  0.00000000E+00  0.00000000E+00  0.00000000E+00  0.00000000E+00  0.00000000E+00
  0.00000000E+00  0.00000000E+00  0.00000000E+00  0.00000000E+00  0.00000000E+00
  0.00000000E+00  0.00000000E+00  0.00000000E+00  0.00000000E+00  0.00000000E+00
  0.00000000E+00  0.00000000E+00  0.00000000E+00  0.00000000E+00  0.00000000E+00
  0.00000000E+00  0.00000000E+00  0.00000000E+00  0.00000000E+00  0.00000000E+00
  0.00000000E+00  0.00000000E+00  0.00000000E+00  0.00000000E+00  0.00000000E+00
  0.00000000E+00  0.00000000E+00  0.00000000E+00  0.00000000E+00  0.00000000E+00
  0.10000000E+01  0.26620136E+01  0.38350219E+01  0.45350516E+01  0.48738908E+01
  0.49276759E+01  0.47559869E+01  0.44278297E+01  0.39795493E+01  0.34785827E+01
  0.29497780E+01  0.24423925E+01  0.19702134E+01  0.15551122E+01  0.12014037E+01
  0.90899062E+00  0.67643997E+00  0.49304199E+00  0.35516653E+00  0.25050511E+00
  0.17539650E+00  0.12019159E+00  0.82071817E-01  0.54835027E-01  0.36617243E-01
  0.23928549E-01  0.15661334E-01  0.10036993E-01  0.64507290E-02  0.40637851E-02
  0.25686134E-02  0.15936427E-02  0.99188236E-03  0.60693079E-03  0.37228648E-03
  0.22483953E-03  0.13593965E-03  0.81002015E-04  0.48211056E-04  0.28269492E-04
  0.16490564E-04  0.94471960E-05  0.53445753E-05  0.29477125E-05  0.15868987E-05
  0.82245132E-06  0.00000000E+00  0.00000000E+00  0.00000000E+00  0.00000000E+00
  0.00000000E+00  0.00000000E+00  0.00000000E+00  0.00000000E+00  0.00000000E+00
  0.00000000E+00  0.00000000E+00  0.00000000E+00  0.00000000E+00  0.00000000E+00
  0.00000000E+00  0.00000000E+00  0.00000000E+00  0.00000000E+00  0.00000000E+00
  0.00000000E+00  0.00000000E+00  0.00000000E+00  0.00000000E+00  0.00000000E+00
  0.00000000E+00  0.00000000E+00  0.00000000E+00  0.00000000E+00  0.00000000E+00
  0.00000000E+00  0.00000000E+00  0.00000000E+00  0.00000000E+00  0.00000000E+00
  0.00000000E+00  0.00000000E+00  0.00000000E+00  0.00000000E+00  0.00000000E+00
  0.00000000E+00  0.00000000E+00  0.00000000E+00  0.00000000E+00  0.00000000E+00
  0.00000000E+00  0.00000000E+00  0.00000000E+00  0.00000000E+00  0.00000000E+00
  0.00000000E+00  0.00000000E+00  0.00000000E+00  0.00000000E+00  0.00000000E+00
  0.00000000E+00  0.00000000E+00  0.00000000E+00  0.00000000E+00  0.00000000E+00
  0.10000000E+01  0.26716114E+01  0.38766559E+01  0.46331776E+01  0.50504716E+01
  0.51955567E+01  0.51192943E+01  0.48785103E+01  0.45011156E+01  0.40481475E+01
  0.35400292E+01  0.30288710E+01  0.25286876E+01  0.20697901E+01  0.16594354E+01
  0.13057067E+01  0.10104745E+01  0.76767255E+00  0.57600031E+00  0.42421051E+00
  0.30975573E+00  0.22195320E+00  0.15821329E+00  0.11065700E+00  0.77201136E-01
  0.52857141E-01  0.36169437E-01  0.24303045E-01  0.16340793E-01  0.10798811E-01
  0.71454068E-02  0.46527789E-02  0.30336737E-02  0.19493433E-02  0.12537766E-02
  0.79590638E-03  0.50537241E-03  0.31713992E-03  0.19885876E-03  0.12334427E-03
  0.76324965E-04  0.46718874E-04  0.28454999E-04  0.17113008E-04  0.10191250E-04
  0.59617595E-05  0.34233655E-05  0.19129730E-05  0.10358864E-05  0.53884646E-06
  0.00000000E+00  0.00000000E+00  0.00000000E+00  0.00000000E+00  0.00000000E+00
  0.00000000E+00  0.00000000E+00  0.00000000E+00  0.00000000E+00  0.00000000E+00
  0.00000000E+00  0.00000000E+00  0.00000000E+00  0.00000000E+00  0.00000000E+00
  0.00000000E+00  0.00000000E+00  0.00000000E+00  0.00000000E+00  0.00000000E+00
  0.00000000E+00  0.00000000E+00  0.00000000E+00  0.00000000E+00  0.00000000E+00
  0.00000000E+00  0.00000000E+00  0.00000000E+00  0.00000000E+00  0.00000000E+00
  0.00000000E+00  0.00000000E+00  0.00000000E+00  0.00000000E+00  0.00000000E+00
  0.00000000E+00  0.00000000E+00  0.00000000E+00  0.00000000E+00  0.00000000E+00
  0.00000000E+00  0.00000000E+00  0.00000000E+00  0.00000000E+00  0.00000000E+00
  0.00000000E+00  0.00000000E+00  0.00000000E+00  0.00000000E+00  0.00000000E+00
  0.00000000E+00  0.00000000E+00  0.00000000E+00  0.00000000E+00  0.00000000E+00
  0.10000000E+01  0.26801677E+01  0.39142602E+01  0.47223616E+01  0.52120702E+01
  0.54428381E+01  0.54587062E+01  0.53057940E+01  0.50051125E+01  0.46104676E+01
  0.41377778E+01  0.36392390E+01  0.31278027E+01  0.26398022E+01  0.21841636E+01
  0.17765240E+01  0.14215480E+01  0.11186842E+01  0.86918423E+00  0.66418153E+00
  0.50279609E+00  0.37430590E+00  0.27687648E+00  0.20140585E+00  0.14592707E+00
  0.10399817E+00  0.73956454E-01  0.51759028E-01  0.36188622E-01  0.24922214E-01
  0.17157466E-01  0.11647434E-01  0.79056875E-02  0.52980540E-02  0.35494303E-02
  0.23510032E-02  0.15561192E-02  0.10196381E-02  0.66726296E-03  0.43275288E-03
  0.28009352E-03  0.17979430E-03  0.11505549E-03  0.73027106E-04  0.46129991E-04
  0.28871385E-04  0.17929521E-04  0.10997108E-04  0.66539554E-05  0.39485960E-05
  0.22880516E-05  0.12863277E-05  0.69629650E-06  0.00000000E+00  0.00000000E+00
  0.00000000E+00  0.00000000E+00  0.00000000E+00  0.00000000E+00  0.00000000E+00
  0.00000000E+00  0.00000000E+00  0.00000000E+00  0.00000000E+00  0.00000000E+00
  0.00000000E+00  0.00000000E+00  0.00000000E+00  0.00000000E+00  0.00000000E+00
  0.00000000E+00  0.00000000E+00  0.00000000E+00  0.00000000E+00  0.00000000E+00
  0.00000000E+00  0.00000000E+00  0.00000000E+00  0.00000000E+00  0.00000000E+00
  0.00000000E+00  0.00000000E+00  0.00000000E+00  0.00000000E+00  0.00000000E+00
  0.00000000E+00  0.00000000E+00  0.00000000E+00  0.00000000E+00  0.00000000E+00
  0.00000000E+00  0.00000000E+00  0.00000000E+00  0.00000000E+00  0.00000000E+00
  0.00000000E+00  0.00000000E+00  0.00000000E+00  0.00000000E+00  0.00000000E+00
  0.00000000E+00  0.00000000E+00  0.00000000E+00  0.00000000E+00  0.00000000E+00
  0.10000000E+01  0.26883102E+01  0.39499193E+01  0.48067115E+01  0.53647308E+01
  0.56768518E+01  0.57815737E+01  0.57156791E+01  0.54947057E+01  0.51651158E+01
  0.47387731E+01  0.42660446E+01  0.37581571E+01  0.32552051E+01  0.27667356E+01
  0.23147791E+01  0.19060885E+01  0.15458400E+01  0.12377217E+01  0.97621358E+00
  0.76241749E+00  0.58656779E+00  0.44804115E+00  0.33715557E+00  0.25244416E+00
  0.18626344E+00  0.13697219E+00  0.99308694E-01  0.71841698E-01  0.51280210E-01
  0.36546375E-01  0.25724671E-01  0.18084056E-01  0.12570216E-01  0.87261939E-02
  0.59968631E-02  0.41150006E-02  0.27985833E-02  0.18998216E-02  0.12795822E-02
  0.85991237E-03  0.57384383E-03  0.38189641E-03  0.25251633E-03  0.16639573E-03
  0.10894700E-03  0.71008700E-04  0.45953131E-04  0.29545184E-04  0.18822625E-04
  0.11870446E-04  0.73847502E-05  0.45156437E-05  0.27003253E-05  0.15683890E-05
  0.88027555E-06  0.00000000E+00  0.00000000E+00  0.00000000E+00  0.00000000E+00
  0.00000000E+00  0.00000000E+00  0.00000000E+00  0.00000000E+00  0.00000000E+00
  0.00000000E+00  0.00000000E+00  0.00000000E+00  0.00000000E+00  0.00000000E+00
  0.00000000E+00  0.00000000E+00  0.00000000E+00  0.00000000E+00  0.00000000E+00
  0.00000000E+00  0.00000000E+00  0.00000000E+00  0.00000000E+00  0.00000000E+00
  0.00000000E+00  0.00000000E+00  0.00000000E+00  0.00000000E+00  0.00000000E+00
  0.00000000E+00  0.00000000E+00  0.00000000E+00  0.00000000E+00  0.00000000E+00
  0.00000000E+00  0.00000000E+00  0.00000000E+00  0.00000000E+00  0.00000000E+00
  0.00000000E+00  0.00000000E+00  0.00000000E+00  0.00000000E+00  0.00000000E+00
  0.00000000E+00  0.00000000E+00  0.00000000E+00  0.00000000E+00  0.00000000E+00
  0.10000000E+01  0.27228070E+01  0.40928430E+01  0.51344995E+01  0.59432072E+01
  0.65503708E+01  0.69785557E+01  0.72383776E+01  0.73336961E+01  0.72866514E+01
  0.71000139E+01  0.68092380E+01  0.64190875E+01  0.59691373E+01  0.54665358E+01
  0.49450564E+01  0.44136049E+01  0.38943545E+01  0.33965883E+01  0.29301232E+01
  0.25030775E+01  0.21156274E+01  0.17736532E+01  0.14716248E+01  0.12128698E+01
  0.98963125E+00  0.80302559E+00  0.64537714E+00  0.51627538E+00  0.40927214E+00
  0.32314749E+00  0.25300513E+00  0.19737641E+00  0.15279400E+00  0.11788600E+00
  0.90319119E-01  0.68976412E-01  0.52347255E-01  0.39602310E-01  0.29792810E-01
  0.22343557E-01  0.16673273E-01  0.12403747E-01  0.91863199E-02  0.67828007E-02
  0.49879803E-02  0.36570945E-02  0.26714559E-02  0.19456700E-02  0.14122137E-02
  0.10219761E-02  0.73714157E-03  0.53007595E-03  0.37991743E-03  0.27140870E-03
  0.19320567E-03  0.13702338E-03  0.96777879E-04  0.68035513E-04  0.47576864E-04
  0.33059162E-04  0.22801120E-04  0.15577973E-04  0.10524052E-04  0.70040384E-05
  0.45778893E-05  0.29157821E-05  0.17983526E-05  0.10545946E-05  0.57824862E-06
  0.00000000E+00  0.00000000E+00  0.00000000E+00  0.00000000E+00  0.00000000E+00
  0.00000000E+00  0.00000000E+00  0.00000000E+00  0.00000000E+00  0.00000000E+00
  0.00000000E+00  0.00000000E+00  0.00000000E+00  0.00000000E+00  0.00000000E+00
  0.00000000E+00  0.00000000E+00  0.00000000E+00  0.00000000E+00  0.00000000E+00
  0.00000000E+00  0.00000000E+00  0.00000000E+00  0.00000000E+00  0.00000000E+00
  0.00000000E+00  0.00000000E+00  0.00000000E+00  0.00000000E+00  0.00000000E+00
  0.00000000E+00  0.00000000E+00  0.00000000E+00  0.00000000E+00  0.00000000E+00
  0.10000000E+01  0.27611767E+01  0.42385255E+01  0.54514943E+01  0.64770764E+01
  0.73304675E+01  0.80232050E+01  0.85531326E+01  0.89210169E+01  0.91355948E+01
  0.91985564E+01  0.91314258E+01  0.89371169E+01  0.86448251E+01  0.82591096E+01
  0.78102293E+01  0.73050630E+01  0.67693319E+01  0.62121211E+01  0.56514131E+01
  0.50974279E+01  0.45598297E+01  0.40484509E+01  0.35659724E+01  0.31205081E+01
  0.27099575E+01  0.23399819E+01  0.20058879E+01  0.17108144E+01  0.14491652E+01
  0.12219721E+01  0.10238049E+01  0.85422630E+00  0.70851291E+00  0.58539674E+00
  0.48104161E+00  0.39385749E+00  0.32087183E+00  0.26050985E+00  0.21054614E+00
  0.16960348E+00  0.13606011E+00  0.10880528E+00  0.86683538E-01  0.68849889E-01
  0.54497494E-01  0.43011676E-01  0.33839437E-01  0.26549282E-01  0.20768836E-01
  0.16203899E-01  0.12607924E-01  0.97851579E-02  0.75749718E-02  0.58498030E-02
  0.45065911E-02  0.34637009E-02  0.26559578E-02  0.20319465E-02  0.15510085E-02
  0.11812201E-02  0.89753944E-03  0.68039854E-03  0.51455797E-03  0.38816262E-03
  0.29204280E-03  0.21909200E-03  0.16385175E-03  0.12210264E-03  0.90628940E-04
  0.66946547E-04  0.49180255E-04  0.35877946E-04  0.25957564E-04  0.18574738E-04
  0.13111984E-04  0.90794482E-05  0.61298226E-05  0.39791276E-05  0.24356438E-05
  0.13331081E-05  0.56786839E-06  0.00000000E+00  0.00000000E+00  0.00000000E+00
  0.00000000E+00  0.00000000E+00  0.00000000E+00  0.00000000E+00  0.00000000E+00
  0.00000000E+00  0.00000000E+00  0.00000000E+00  0.00000000E+00  0.00000000E+00
  0.00000000E+00  0.00000000E+00  0.00000000E+00  0.00000000E+00  0.00000000E+00
  0.00000000E+00  0.00000000E+00  0.00000000E+00  0.00000000E+00  0.00000000E+00
  0.10000000E+01  0.27964525E+01  0.43659150E+01  0.57194286E+01  0.69143022E+01
  0.79553266E+01  0.88470477E+01  0.95829648E+01  0.10163700E+02  0.10592393E+02
  0.10871825E+02  0.11014756E+02  0.11024400E+02  0.10920139E+02  0.10705565E+02
  0.10403062E+02  0.10017629E+02  0.95710451E+01  0.90704460E+01  0.85341572E+01
  0.79713014E+01  0.73951857E+01  0.68159783E+01  0.62417257E+01  0.56823554E+01
  0.51413747E+01  0.46273155E+01  0.41403310E+01  0.36868385E+01  0.32648610E+01
  0.28784984E+01  0.25246559E+01  0.22053324E+01  0.19170338E+01  0.16601192E+01
  0.14311421E+01  0.12293561E+01  0.10516069E+01  0.89652799E+00  0.76136749E+00
  0.64451560E+00  0.54365274E+00  0.45717915E+00  0.38319295E+00  0.32025049E+00
  0.26682924E+00  0.22170747E+00  0.18369272E+00  0.15179830E+00  0.12510922E+00
  0.10285678E+00  0.84352352E-01  0.69014128E-01  0.56333200E-01  0.45879600E-01
  0.37283621E-01  0.30233887E-01  0.24466069E-01  0.19758607E-01  0.15925296E-01
  0.12810916E-01  0.10286086E-01  0.82435663E-02  0.65945991E-02  0.52660201E-02
  0.41976557E-02  0.33401614E-02  0.26531878E-02  0.21038060E-02  0.16652353E-02
  0.13157150E-02  0.10376397E-02  0.81675867E-03  0.64160208E-03  0.50291510E-03
  0.39328871E-03  0.30675878E-03  0.23857826E-03  0.18493072E-03  0.14279856E-03
  0.10975516E-03  0.83897131E-04  0.63690098E-04  0.47942841E-04  0.35689682E-04
  0.26191120E-04  0.18841444E-04  0.13185615E-04  0.88446429E-05  0.55411043E-05
  0.30374892E-05  0.11660088E-05 -0.22234239E-06  0.00000000E+00  0.00000000E+00
  0.00000000E+00  0.00000000E+00  0.00000000E+00  0.00000000E+00  0.00000000E+00
  0.00000000E+00  0.00000000E+00  0.00000000E+00  0.00000000E+00  0.00000000E+00
  0.10000000E+01  0.28242513E+01  0.44637843E+01  0.59213961E+01  0.72383406E+01
  0.84140794E+01  0.94495533E+01  0.10338133E+02  0.11080991E+02  0.11679462E+02
  0.12137087E+02  0.12461678E+02  0.12656742E+02  0.12734740E+02  0.12698883E+02
  0.12564520E+02  0.12335486E+02  0.12028037E+02  0.11647552E+02  0.11209290E+02
  0.10720509E+02  0.10194049E+02  0.96387026E+01  0.90641703E+01  0.84799381E+01
  0.78925110E+01  0.73110602E+01  0.67392973E+01  0.61852020E+01  0.56503067E+01
  0.51408418E+01  0.46567895E+01  0.42024390E+01  0.37767577E+01  0.33822080E+01
  0.30171491E+01  0.26825272E+01  0.23763826E+01  0.20985378E+01  0.18469141E+01
  0.16205964E+01  0.14175239E+01  0.12363721E+01  0.10751908E+01  0.93249487E+00
  0.80650510E+00  0.69574597E+00  0.59864371E+00  0.51383623E+00  0.43996918E+00
  0.37584717E+00  0.32033321E+00  0.27241697E+00  0.23116517E+00  0.19574874E+00
  0.16541713E+00  0.13950623E+00  0.11742360E+00  0.98647993E-01  0.82719607E-01
  0.69236462E-01  0.57847168E-01  0.48246489E-01  0.40169641E-01  0.33388038E-01
  0.27704711E-01  0.22950609E-01  0.18980935E-01  0.15672086E-01  0.12918776E-01
  0.10631576E-01  0.87346981E-02  0.71640634E-02  0.58656265E-02  0.47938852E-02
  0.39106345E-02  0.31838324E-02  0.25866919E-02  0.20968249E-02  0.16955935E-02
  0.13674688E-02  0.10995761E-02  0.88121718E-03  0.70355889E-03  0.55927761E-03
  0.44235173E-03  0.34779681E-03  0.27153275E-03  0.21018578E-03  0.16100677E-03
  0.12172260E-03  0.90491255E-04  0.65789708E-04  0.46389682E-04  0.31271185E-04
  0.19614145E-04  0.10737238E-04  0.40981536E-05 -0.75414730E-06  0.00000000E+00
  0.00000000E+00  0.00000000E+00  0.00000000E+00  0.00000000E+00  0.00000000E+00
  0.10000000E+01  0.28444942E+01  0.45343253E+01  0.60657892E+01  0.74687902E+01
  0.87407952E+01  0.98812977E+01  0.10885044E+02  0.11753657E+02  0.12488061E+02
  0.13091872E+02  0.13570092E+02  0.13926079E+02  0.14167850E+02  0.14298270E+02
  0.14327625E+02  0.14259008E+02  0.14103973E+02  0.13866640E+02  0.13558683E+02
  0.13185709E+02  0.12758494E+02  0.12284119E+02  0.11771766E+02  0.11229555E+02
  0.10664764E+02  0.10085854E+02  0.94982132E+01  0.89099005E+01  0.83246291E+01
  0.77494390E+01  0.71866621E+01  0.66419313E+01  0.61164890E+01  0.56144198E+01
  0.51361259E+01  0.46842091E+01  0.42584326E+01  0.38601188E+01  0.34885542E+01
  0.31440511E+01  0.28255562E+01  0.25326506E+01  0.22640592E+01  0.20188848E+01
  0.17957332E+01  0.15934359E+01  0.14105667E+01  0.12458440E+01  0.10978783E+01
  0.96538667E+00  0.84706740E+00  0.74170911E+00  0.64813121E+00  0.56523651E+00
  0.49198336E+00  0.42740904E+00  0.37061610E+00  0.32078111E+00  0.27714673E+00
  0.23902350E+00  0.20578393E+00  0.17686112E+00  0.15174362E+00  0.12997263E+00
  0.11113734E+00  0.94871656E-01  0.80849951E-01  0.68783779E-01  0.58418118E-01
  0.49528310E-01  0.41916814E-01  0.35410486E-01  0.29857849E-01  0.25126749E-01
  0.21102109E-01  0.17683963E-01  0.14785640E-01  0.12332145E-01  0.10258723E-01
  0.85095483E-02  0.70366003E-02  0.57986174E-02  0.47602353E-02  0.38911606E-02
  0.31655158E-02  0.25611933E-02  0.20593696E-02  0.16440056E-02  0.13014806E-02
  0.10202100E-02  0.79039128E-03  0.60371379E-03  0.45315414E-03  0.33273705E-03
  0.23740305E-03  0.16286497E-03  0.10552818E-03  0.62353204E-04  0.30743418E-04
  0.84153895E-05 -0.66592439E-05  0.00000000E+00  0.00000000E+00  0.00000000E+00
  0.10000000E+01  0.28587879E+01  0.45841748E+01  0.61679312E+01  0.76325698E+01
  0.89753514E+01  0.10195423E+02  0.11289094E+02  0.12258161E+02  0.13103500E+02
  0.13828359E+02  0.14436081E+02  0.14929589E+02  0.15314128E+02  0.15592179E+02
  0.15770658E+02  0.15852128E+02  0.15844702E+02  0.15751626E+02  0.15581542E+02
  0.15338797E+02  0.15031894E+02  0.14666404E+02  0.14250160E+02  0.13789776E+02
  0.13292091E+02  0.12764343E+02  0.12212257E+02  0.11643156E+02  0.11061671E+02
  0.10474691E+02  0.98858461E+01  0.93011764E+01  0.87234309E+01  0.81575436E+01
  0.76054908E+01  0.70710075E+01  0.65553902E+01  0.60612140E+01  0.55891791E+01
  0.51408296E+01  0.47163508E+01  0.43164331E+01  0.39408318E+01  0.35895738E+01
  0.32620738E+01  0.29578759E+01  0.26761444E+01  0.24160989E+01  0.21767392E+01
  0.19570906E+01  0.17560652E+01  0.15725959E+01  0.14055717E+01  0.12539087E+01
  0.11165231E+01  0.99236786E+00  0.88042241E+00  0.77971165E+00  0.68930195E+00
  0.60831057E+00  0.53590367E+00  0.47130045E+00  0.41377122E+00  0.36263867E+00
  0.31727551E+00  0.27710397E+00  0.24159308E+00  0.21025723E+00  0.18265316E+00
  0.15837802E+00  0.13706635E+00  0.11838788E+00  0.10204465E+00  0.87768799E-01
  0.75319870E-01  0.64482702E-01  0.55065080E-01  0.46895724E-01  0.39822281E-01
  0.33709532E-01  0.28437671E-01  0.23900747E-01  0.20005229E-01  0.16668678E-01
  0.13818552E-01  0.11391090E-01  0.93303669E-02  0.75873723E-02  0.61192087E-02
  0.48883496E-02  0.38620768E-02  0.30118930E-02  0.23129520E-02  0.17434792E-02
  0.12844058E-02  0.91911966E-03  0.63326708E-03  0.41437929E-03  0.25139970E-03
  0.13421750E-03  0.53444536E-04  0.46723522E-06  0.00000000E+00  0.00000000E+00
  0.10000000E+01  0.28688344E+01  0.46195519E+01  0.62410602E+01  0.77513086E+01
  0.91481388E+01  0.10430800E+02  0.11596877E+02  0.12648108E+02  0.13585346E+02
  0.14411304E+02  0.15128293E+02  0.15738725E+02  0.16246129E+02  0.16652596E+02
  0.16962869E+02  0.17179094E+02  0.17307011E+02  0.17349239E+02  0.17312132E+02
  0.17199111E+02  0.17016716E+02  0.16769325E+02  0.16463302E+02  0.16103933E+02
  0.15697147E+02  0.15248910E+02  0.14764574E+02  0.14250433E+02  0.13711214E+02
  0.13153149E+02  0.12580338E+02  0.11998600E+02  0.11411430E+02  0.10823958E+02
  0.10239099E+02  0.96611319E+01  0.90924057E+01  0.85362865E+01  0.79945723E+01
  0.74697385E+01  0.69630541E+01  0.64761827E+01  0.60098994E+01  0.55651670E+01
  0.51423175E+01  0.47417375E+01  0.43633785E+01  0.40071748E+01  0.36727691E+01
  0.33597574E+01  0.30675472E+01  0.27954970E+01  0.25428496E+01  0.23088108E+01
  0.20925224E+01  0.18931067E+01  0.17096584E+01  0.15412706E+01  0.13870344E+01
  0.12460545E+01  0.11174515E+01  0.10003709E+01  0.89398587E+00  0.79750258E+00
  0.71016154E+00  0.63124113E+00  0.56005752E+00  0.49596656E+00  0.43836289E+00
  0.38668054E+00  0.34039149E+00  0.29900530E+00  0.26206737E+00  0.22915792E+00
  0.19989008E+00  0.17390850E+00  0.15088738E+00  0.13052888E+00  0.11256121E+00
  0.96736994E-01  0.82831426E-01  0.70640676E-01  0.59980236E-01  0.50683402E-01
  0.42599756E-01  0.35593777E-01  0.29543596E-01  0.24339763E-01  0.19884021E-01
  0.16088253E-01  0.12873725E-01  0.10170223E-01  0.79149327E-02  0.60512769E-02
  0.45282855E-02  0.33004277E-02  0.23274244E-02  0.15734255E-02  0.10056263E-02
  0.59290316E-03  0.30523476E-03  0.11416404E-03 -0.60115263E-05  0.00000000E+00
  0.10000000E+01  0.28759572E+01  0.46450526E+01  0.62945572E+01  0.78397181E+01
  0.92791980E+01  0.10612470E+02  0.11838022E+02  0.12957399E+02  0.13971389E+02
  0.14882167E+02  0.15691381E+02  0.16400974E+02  0.17013398E+02  0.17530400E+02
  0.17955323E+02  0.18289974E+02  0.18538489E+02  0.18703021E+02  0.18788273E+02
  0.18796981E+02  0.18734154E+02  0.18603254E+02  0.18409351E+02  0.18156653E+02
  0.17850104E+02  0.17494547E+02  0.17094681E+02  0.16655765E+02  0.16182193E+02
  0.15679369E+02  0.15151348E+02  0.14603405E+02  0.14039241E+02  0.13463763E+02
  0.12880294E+02  0.12293201E+02  0.11705402E+02  0.11120618E+02  0.10541337E+02
  0.99705911E+01  0.94104173E+01  0.88631668E+01  0.83304206E+01  0.78138942E+01
  0.73147223E+01  0.68340519E+01  0.63725996E+01  0.59310228E+01  0.55096627E+01
  0.51087690E+01  0.47283611E+01  0.43683607E+01  0.40285239E+01  0.37085192E+01
  0.34078985E+01  0.31261439E+01  0.28626593E+01  0.26167992E+01  0.23878695E+01
  0.21751468E+01  0.19778824E+01  0.17953156E+01  0.16266785E+01  0.14712056E+01
  0.13281377E+01  0.11967291E+01  0.10762502E+01  0.96599274E+00  0.86527152E+00
  0.77342783E+00  0.68983013E+00  0.61387639E+00  0.54499392E+00  0.48264066E+00
  0.42630451E+00  0.37550370E+00  0.32978589E+00  0.28872785E+00  0.25193425E+00
  0.21903706E+00  0.18969412E+00  0.16358819E+00  0.14042558E+00  0.11993505E+00
  0.10186632E+00  0.85988860E-01  0.72090774E-01  0.59977563E-01  0.49470669E-01
  0.40406358E-01  0.32635200E-01  0.26021176E-01  0.20439814E-01  0.15776142E-01
  0.11923906E-01  0.87860572E-02  0.62750338E-02  0.43112260E-02  0.28197051E-02
  0.17269218E-02  0.95947513E-03  0.44577736E-03  0.11975276E-03 -0.75291539E-04
  0.10000000E+01  0.28810818E+01  0.46637948E+01  0.63346046E+01  0.79072232E+01
  0.93811158E+01  0.10755968E+02  0.12030854E+02  0.13207075E+02  0.14285324E+02
  0.15267308E+02  0.16154243E+02  0.16947681E+02  0.17649394E+02  0.18260838E+02
  0.18784447E+02  0.19221750E+02  0.19575802E+02  0.19848393E+02  0.20043061E+02
  0.20162031E+02  0.20209157E+02  0.20187217E+02  0.20100229E+02  0.19951564E+02
  0.19745277E+02  0.19485287E+02  0.19175596E+02  0.18820545E+02  0.18424031E+02
  0.17990635E+02  0.17524110E+02  0.17029082E+02  0.16509130E+02  0.15968732E+02
  0.15411262E+02  0.14840890E+02  0.14260742E+02  0.13674570E+02  0.13085203E+02
  0.12495905E+02  0.11909165E+02  0.11327728E+02  0.10753712E+02  0.10189338E+02
  0.96363354E+01  0.90964278E+01  0.85709518E+01  0.80611706E+01  0.75680441E+01
  0.70924223E+01  0.66349171E+01  0.61960180E+01  0.57760270E+01  0.53751278E+01
  0.49933572E+01  0.46306473E+01  0.42868160E+01  0.39615953E+01  0.36546309E+01
  0.33655019E+01  0.30937252E+01  0.28387700E+01  0.26000633E+01  0.23770018E+01
  0.21689565E+01  0.19752831E+01  0.17953255E+01  0.16284242E+01  0.14739192E+01
  0.13311564E+01  0.11994899E+01  0.10782869E+01  0.96692904E+00  0.86481620E+00
  0.77136719E+00  0.68602216E+00  0.60824316E+00  0.53751532E+00  0.47334702E+00
  0.41527056E+00  0.36284172E+00  0.31563984E+00  0.27326737E+00  0.23534946E+00
  0.20153305E+00  0.17148616E+00  0.14489748E+00  0.12147550E+00  0.10094704E+00
  0.83056411E-01  0.67565806E-01  0.54254806E-01  0.42917493E-01  0.33359094E-01
  0.25395278E-01  0.18854286E-01  0.13578507E-01  0.94219238E-02  0.62434969E-02
  0.39003283E-02  0.22453391E-02  0.11314393E-02  0.42031696E-03 -0.82881113E-05
    95
  0.10000000E+01  0.85153750E+00  0.69520537E+00  0.20366229E+00  0.38337525E-01
  0.52923620E-02  0.58706356E-03  0.55353993E-04  0.45980879E-05  0.34386079E-06
  0.23435997E-07  0.14638145E-08  0.82823992E-10  0.41833361E-11 -0.89746715E-12
 -0.18981997E-12 -0.12418573E-11 -0.25879609E-12 -0.15164196E-11 -0.36385461E-12
 -0.17820477E-11 -0.42168920E-12 -0.19146853E-11 -0.40900577E-12 -0.19667764E-11
 -0.38879771E-12 -0.20719481E-11 -0.42395313E-12 -0.22959221E-11 -0.51256891E-12
 -0.25599138E-11 -0.58563169E-12 -0.27369116E-11  0.00000000E+00  0.00000000E+00
  0.00000000E+00  0.00000000E+00  0.00000000E+00  0.00000000E+00  0.00000000E+00
  0.00000000E+00  0.00000000E+00  0.00000000E+00  0.00000000E+00  0.00000000E+00
  0.00000000E+00  0.00000000E+00  0.00000000E+00  0.00000000E+00  0.00000000E+00
  0.00000000E+00  0.00000000E+00  0.00000000E+00  0.00000000E+00  0.00000000E+00
  0.00000000E+00  0.00000000E+00  0.00000000E+00  0.00000000E+00  0.00000000E+00
  0.00000000E+00  0.00000000E+00  0.00000000E+00  0.00000000E+00  0.00000000E+00
  0.00000000E+00  0.00000000E+00  0.00000000E+00  0.00000000E+00  0.00000000E+00
  0.00000000E+00  0.00000000E+00  0.00000000E+00  0.00000000E+00  0.00000000E+00
  0.00000000E+00  0.00000000E+00  0.00000000E+00  0.00000000E+00  0.00000000E+00
  0.00000000E+00  0.00000000E+00  0.00000000E+00  0.00000000E+00  0.00000000E+00
  0.00000000E+00  0.00000000E+00  0.00000000E+00  0.00000000E+00  0.00000000E+00
  0.00000000E+00  0.00000000E+00  0.00000000E+00  0.00000000E+00  0.00000000E+00
  0.00000000E+00
  0.10000000E+01  0.15441753E+01  0.12181686E+01  0.56080050E+00  0.19820575E+00
  0.53580161E-01  0.12169027E-01  0.23712367E-02  0.41193629E-03  0.64709918E-04
  0.93344292E-05  0.12427624E-05  0.15292835E-06  0.17368638E-07  0.18149440E-08
  0.17388544E-09  0.13646265E-10  0.44921393E-12 -0.19962698E-11 -0.10137733E-11
 -0.24356045E-11 -0.11646280E-11 -0.26305398E-11 -0.11805829E-11 -0.27221447E-11
 -0.11757608E-11 -0.28758331E-11 -0.12761168E-11 -0.31715668E-11 -0.14729521E-11
 -0.35158521E-11 -0.16486725E-11 -0.37629720E-11  0.00000000E+00  0.00000000E+00
  0.00000000E+00  0.00000000E+00  0.00000000E+00  0.00000000E+00  0.00000000E+00
  0.00000000E+00  0.00000000E+00  0.00000000E+00  0.00000000E+00  0.00000000E+00
  0.00000000E+00  0.00000000E+00  0.00000000E+00  0.00000000E+00  0.00000000E+00
  0.00000000E+00  0.00000000E+00  0.00000000E+00  0.00000000E+00  0.00000000E+00
  0.00000000E+00  0.00000000E+00  0.00000000E+00  0.00000000E+00  0.00000000E+00
  0.00000000E+00  0.00000000E+00  0.00000000E+00  0.00000000E+00  0.00000000E+00
  0.00000000E+00  0.00000000E+00  0.00000000E+00  0.00000000E+00  0.00000000E+00
  0.00000000E+00  0.00000000E+00  0.00000000E+00  0.00000000E+00  0.00000000E+00
  0.00000000E+00  0.00000000E+00  0.00000000E+00  0.00000000E+00  0.00000000E+00
  0.00000000E+00  0.00000000E+00  0.00000000E+00  0.00000000E+00  0.00000000E+00
  0.00000000E+00  0.00000000E+00  0.00000000E+00  0.00000000E+00  0.00000000E+00
  0.00000000E+00  0.00000000E+00  0.00000000E+00  0.00000000E+00  0.00000000E+00
  0.00000000E+00
  0.10000000E+01  0.19691572E+01  0.18448300E+01  0.11458641E+01  0.57824750E+00
  0.23356507E+00  0.82986575E-01  0.25436696E-01  0.71470188E-02  0.18110559E-02
  0.43127566E-03  0.94944713E-04  0.19821305E-04  0.38466819E-05  0.69702554E-06
  0.11681011E-06  0.18013839E-07  0.25503872E-08  0.32828188E-09  0.38325181E-10
  0.49968721E-12 -0.10221861E-11 -0.41387606E-11 -0.14791011E-11 -0.43866913E-11
 -0.14740302E-11 -0.46618547E-11 -0.15968392E-11 -0.50960177E-11 -0.18427317E-11
 -0.55920096E-11 -0.20703896E-11 -0.59817367E-11  0.00000000E+00  0.00000000E+00
  0.00000000E+00  0.00000000E+00  0.00000000E+00  0.00000000E+00  0.00000000E+00
  0.00000000E+00  0.00000000E+00  0.00000000E+00  0.00000000E+00  0.00000000E+00
  0.00000000E+00  0.00000000E+00  0.00000000E+00  0.00000000E+00  0.00000000E+00
  0.00000000E+00  0.00000000E+00  0.00000000E+00  0.00000000E+00  0.00000000E+00
  0.00000000E+00  0.00000000E+00  0.00000000E+00  0.00000000E+00  0.00000000E+00
  0.00000000E+00  0.00000000E+00  0.00000000E+00  0.00000000E+00  0.00000000E+00
  0.00000000E+00  0.00000000E+00  0.00000000E+00  0.00000000E+00  0.00000000E+00
  0.00000000E+00  0.00000000E+00  0.00000000E+00  0.00000000E+00  0.00000000E+00
  0.00000000E+00  0.00000000E+00  0.00000000E+00  0.00000000E+00  0.00000000E+00
  0.00000000E+00  0.00000000E+00  0.00000000E+00  0.00000000E+00  0.00000000E+00
  0.00000000E+00  0.00000000E+00  0.00000000E+00  0.00000000E+00  0.00000000E+00
  0.00000000E+00  0.00000000E+00  0.00000000E+00  0.00000000E+00  0.00000000E+00
  0.00000000E+00
  0.10000000E+01  0.22040224E+01  0.23720150E+01  0.18129394E+01  0.11507049E+01
  0.60966017E+00  0.28970984E+00  0.12076055E+00  0.46964539E-01  0.16488613E-01
  0.55430754E-02  0.17130938E-02  0.51576352E-03  0.14417347E-03  0.39532227E-04
  0.10006977E-04  0.24535106E-05  0.54853275E-06  0.11343348E-06  0.21475939E-07
  0.37118653E-08  0.58864481E-09  0.79311271E-10  0.10534286E-10 -0.56540252E-11
 -0.80964073E-12 -0.75570395E-11 -0.10487582E-11 -0.82160041E-11 -0.12644492E-11
 -0.89518287E-11 -0.15247000E-11 -0.97051598E-11  0.00000000E+00  0.00000000E+00
  0.00000000E+00  0.00000000E+00  0.00000000E+00  0.00000000E+00  0.00000000E+00
  0.00000000E+00  0.00000000E+00  0.00000000E+00  0.00000000E+00  0.00000000E+00
  0.00000000E+00  0.00000000E+00  0.00000000E+00  0.00000000E+00  0.00000000E+00
  0.00000000E+00  0.00000000E+00  0.00000000E+00  0.00000000E+00  0.00000000E+00
  0.00000000E+00  0.00000000E+00  0.00000000E+00  0.00000000E+00  0.00000000E+00
  0.00000000E+00  0.00000000E+00  0.00000000E+00  0.00000000E+00  0.00000000E+00
  0.00000000E+00  0.00000000E+00  0.00000000E+00  0.00000000E+00  0.00000000E+00
  0.00000000E+00  0.00000000E+00  0.00000000E+00  0.00000000E+00  0.00000000E+00
  0.00000000E+00  0.00000000E+00  0.00000000E+00  0.00000000E+00  0.00000000E+00
  0.00000000E+00  0.00000000E+00  0.00000000E+00  0.00000000E+00  0.00000000E+00
  0.00000000E+00  0.00000000E+00  0.00000000E+00  0.00000000E+00  0.00000000E+00
  0.00000000E+00  0.00000000E+00  0.00000000E+00  0.00000000E+00  0.00000000E+00
  0.00000000E+00
  0.10000000E+01  0.23481960E+01  0.27720101E+01  0.24278128E+01  0.17982662E+01
  0.11484466E+01  0.66414248E+00  0.34421554E+00  0.16737324E+00  0.74323554E-01
  0.31783093E-01  0.12536934E-01  0.48622347E-02  0.17471015E-02  0.62774436E-03
  0.20891489E-03  0.70355219E-04  0.21726773E-04  0.67750095E-05  0.18713663E-05
  0.51095532E-06  0.12367404E-06  0.27443436E-07  0.55568542E-08  0.10167225E-08
  0.17565933E-09  0.15552521E-10  0.51041983E-11 -0.12278316E-10  0.10374594E-11
 -0.14083612E-10  0.40885038E-12 -0.15913889E-10  0.00000000E+00  0.00000000E+00
  0.00000000E+00  0.00000000E+00  0.00000000E+00  0.00000000E+00  0.00000000E+00
  0.00000000E+00  0.00000000E+00  0.00000000E+00  0.00000000E+00  0.00000000E+00
  0.00000000E+00  0.00000000E+00  0.00000000E+00  0.00000000E+00  0.00000000E+00
  0.00000000E+00  0.00000000E+00  0.00000000E+00  0.00000000E+00  0.00000000E+00
  0.00000000E+00  0.00000000E+00  0.00000000E+00  0.00000000E+00  0.00000000E+00
  0.00000000E+00  0.00000000E+00  0.00000000E+00  0.00000000E+00  0.00000000E+00
  0.00000000E+00  0.00000000E+00  0.00000000E+00  0.00000000E+00  0.00000000E+00
  0.00000000E+00  0.00000000E+00  0.00000000E+00  0.00000000E+00  0.00000000E+00
  0.00000000E+00  0.00000000E+00  0.00000000E+00  0.00000000E+00  0.00000000E+00
  0.00000000E+00  0.00000000E+00  0.00000000E+00  0.00000000E+00  0.00000000E+00
  0.00000000E+00  0.00000000E+00  0.00000000E+00  0.00000000E+00  0.00000000E+00
  0.00000000E+00  0.00000000E+00  0.00000000E+00  0.00000000E+00  0.00000000E+00
  0.00000000E+00
  0.10000000E+01  0.24435501E+01  0.30671032E+01  0.29395041E+01  0.24211047E+01
  0.17599763E+01  0.11680337E+01  0.70792212E+00  0.40342304E+00  0.21300603E+00
  0.10823261E+00  0.51259188E-01  0.23848610E-01  0.10345645E-01  0.44939593E-02
  0.18131116E-02  0.74589703E-03  0.28286460E-03  0.11120585E-03  0.39760384E-04
  0.14880917E-04  0.49003409E-05  0.16807814E-05  0.47639893E-06  0.13704048E-06
  0.34437766E-07  0.78658795E-08  0.16524748E-08  0.29620757E-09  0.61480329E-10
 -0.12597044E-10  0.55385344E-11 -0.25371587E-10  0.00000000E+00  0.00000000E+00
  0.00000000E+00  0.00000000E+00  0.00000000E+00  0.00000000E+00  0.00000000E+00
  0.00000000E+00  0.00000000E+00  0.00000000E+00  0.00000000E+00  0.00000000E+00
  0.00000000E+00  0.00000000E+00  0.00000000E+00  0.00000000E+00  0.00000000E+00
  0.00000000E+00  0.00000000E+00  0.00000000E+00  0.00000000E+00  0.00000000E+00
  0.00000000E+00  0.00000000E+00  0.00000000E+00  0.00000000E+00  0.00000000E+00
  0.00000000E+00  0.00000000E+00  0.00000000E+00  0.00000000E+00  0.00000000E+00
  0.00000000E+00  0.00000000E+00  0.00000000E+00  0.00000000E+00  0.00000000E+00
  0.00000000E+00  0.00000000E+00  0.00000000E+00  0.00000000E+00  0.00000000E+00
  0.00000000E+00  0.00000000E+00  0.00000000E+00  0.00000000E+00  0.00000000E+00
  0.00000000E+00  0.00000000E+00  0.00000000E+00  0.00000000E+00  0.00000000E+00
  0.00000000E+00  0.00000000E+00  0.00000000E+00  0.00000000E+00  0.00000000E+00
  0.00000000E+00  0.00000000E+00  0.00000000E+00  0.00000000E+00  0.00000000E+00
  0.00000000E+00
  0.10000000E+01  0.25090337E+01  0.32838193E+01  0.33461233E+01  0.29690838E+01
  0.23645904E+01  0.17332034E+01  0.11772668E+01  0.75378745E+00  0.45295968E+00
  0.26153821E+00  0.14238295E+00  0.75850813E-01  0.38063744E-01  0.19036159E-01
  0.89197206E-02  0.42442542E-02  0.18748702E-02  0.85758818E-03  0.35963785E-03
  0.15928971E-03  0.63617266E-04  0.27314842E-04  0.10287266E-04  0.41953705E-05
  0.14155486E-05  0.52126055E-06  0.14640826E-06  0.42768591E-07  0.10960967E-07
  0.25153945E-08  0.55410678E-09  0.68334634E-10  0.00000000E+00  0.00000000E+00
  0.00000000E+00  0.00000000E+00  0.00000000E+00  0.00000000E+00  0.00000000E+00
  0.00000000E+00  0.00000000E+00  0.00000000E+00  0.00000000E+00  0.00000000E+00
  0.00000000E+00  0.00000000E+00  0.00000000E+00  0.00000000E+00  0.00000000E+00
  0.00000000E+00  0.00000000E+00  0.00000000E+00  0.00000000E+00  0.00000000E+00
  0.00000000E+00  0.00000000E+00  0.00000000E+00  0.00000000E+00  0.00000000E+00
  0.00000000E+00  0.00000000E+00  0.00000000E+00  0.00000000E+00  0.00000000E+00
  0.00000000E+00  0.00000000E+00  0.00000000E+00  0.00000000E+00  0.00000000E+00
  0.00000000E+00  0.00000000E+00  0.00000000E+00  0.00000000E+00  0.00000000E+00
  0.00000000E+00  0.00000000E+00  0.00000000E+00  0.00000000E+00  0.00000000E+00
  0.00000000E+00  0.00000000E+00  0.00000000E+00  0.00000000E+00  0.00000000E+00
  0.00000000E+00  0.00000000E+00  0.00000000E+00  0.00000000E+00  0.00000000E+00
  0.00000000E+00  0.00000000E+00  0.00000000E+00  0.00000000E+00  0.00000000E+00
  0.00000000E+00
  0.10000000E+01  0.25549081E+01  0.34433613E+01  0.36625294E+01  0.34279463E+01
  0.29155016E+01  0.22995869E+01  0.16996142E+01  0.11881212E+01  0.78755792E+00
  0.50132874E+00  0.30393916E+00  0.17965973E+00  0.10106267E+00  0.56327670E-01
  0.29720108E-01  0.15810408E-01  0.78893776E-02  0.40451691E-02  0.19210329E-02
  0.95674180E-03  0.43443190E-03  0.21137728E-03  0.92025051E-04  0.43862688E-04
  0.18259336E-04  0.84646997E-05  0.32811961E-05  0.14262404E-05  0.47728965E-06
  0.18615594E-06  0.51441057E-07  0.14919678E-07  0.00000000E+00  0.00000000E+00
  0.00000000E+00  0.00000000E+00  0.00000000E+00  0.00000000E+00  0.00000000E+00
  0.00000000E+00  0.00000000E+00  0.00000000E+00  0.00000000E+00  0.00000000E+00
  0.00000000E+00  0.00000000E+00  0.00000000E+00  0.00000000E+00  0.00000000E+00
  0.00000000E+00  0.00000000E+00  0.00000000E+00  0.00000000E+00  0.00000000E+00
  0.00000000E+00  0.00000000E+00  0.00000000E+00  0.00000000E+00  0.00000000E+00
  0.00000000E+00  0.00000000E+00  0.00000000E+00  0.00000000E+00  0.00000000E+00
  0.00000000E+00  0.00000000E+00  0.00000000E+00  0.00000000E+00  0.00000000E+00
  0.00000000E+00  0.00000000E+00  0.00000000E+00  0.00000000E+00  0.00000000E+00
  0.00000000E+00  0.00000000E+00  0.00000000E+00  0.00000000E+00  0.00000000E+00
  0.00000000E+00  0.00000000E+00  0.00000000E+00  0.00000000E+00  0.00000000E+00
  0.00000000E+00  0.00000000E+00  0.00000000E+00  0.00000000E+00  0.00000000E+00
  0.00000000E+00  0.00000000E+00  0.00000000E+00  0.00000000E+00  0.00000000E+00
  0.00000000E+00
  0.10000000E+01  0.25873065E+01  0.35610859E+01  0.39060950E+01  0.38013530E+01
  0.33932995E+01  0.28283263E+01  0.22280082E+01  0.16664452E+01  0.11914381E+01
  0.81849942E+00  0.53992005E+00  0.34641072E+00  0.21336781E+00  0.12956995E+00
  0.75205974E-01  0.43701450E-01  0.24073018E-01  0.13506818E-01  0.70999745E-02
  0.38748841E-02  0.19520295E-02  0.10423995E-02  0.50490235E-03  0.26498827E-03
  0.12366991E-03  0.63949686E-04  0.28746092E-04  0.14618539E-04  0.62634678E-05
  0.30743212E-05  0.11947719E-05  0.53941466E-06  0.00000000E+00  0.00000000E+00
  0.00000000E+00  0.00000000E+00  0.00000000E+00  0.00000000E+00  0.00000000E+00
  0.00000000E+00  0.00000000E+00  0.00000000E+00  0.00000000E+00  0.00000000E+00
  0.00000000E+00  0.00000000E+00  0.00000000E+00  0.00000000E+00  0.00000000E+00
  0.00000000E+00  0.00000000E+00  0.00000000E+00  0.00000000E+00  0.00000000E+00
  0.00000000E+00  0.00000000E+00  0.00000000E+00  0.00000000E+00  0.00000000E+00
  0.00000000E+00  0.00000000E+00  0.00000000E+00  0.00000000E+00  0.00000000E+00
  0.00000000E+00  0.00000000E+00  0.00000000E+00  0.00000000E+00  0.00000000E+00
  0.00000000E+00  0.00000000E+00  0.00000000E+00  0.00000000E+00  0.00000000E+00
  0.00000000E+00  0.00000000E+00  0.00000000E+00  0.00000000E+00  0.00000000E+00
  0.00000000E+00  0.00000000E+00  0.00000000E+00  0.00000000E+00  0.00000000E+00
  0.00000000E+00  0.00000000E+00  0.00000000E+00  0.00000000E+00  0.00000000E+00
  0.00000000E+00  0.00000000E+00  0.00000000E+00  0.00000000E+00  0.00000000E+00
  0.00000000E+00
  0.10000000E+01  0.26101062E+01  0.36478464E+01  0.40921468E+01  0.40998056E+01
  0.37950560E+01  0.32999230E+01  0.27301464E+01  0.21532539E+01  0.16336120E+01
  0.11925705E+01  0.84135465E+00  0.57664006E+00  0.38211133E+00  0.24873124E+00
  0.15601969E+00  0.97400946E-01  0.58186995E-01  0.35124965E-01  0.20080716E-01
  0.11801976E-01  0.64815602E-02  0.37298615E-02  0.19738879E-02  0.11171768E-02
  0.57112855E-03  0.31895832E-03  0.15778841E-03  0.87100402E-04  0.41705794E-04
  0.22741249E-04  0.10500136E-04  0.56153888E-05  0.24455200E-05  0.12420830E-05
  0.47449248E-06  0.00000000E+00  0.00000000E+00  0.00000000E+00  0.00000000E+00
  0.00000000E+00  0.00000000E+00  0.00000000E+00  0.00000000E+00  0.00000000E+00
  0.00000000E+00  0.00000000E+00  0.00000000E+00  0.00000000E+00  0.00000000E+00
  0.00000000E+00  0.00000000E+00  0.00000000E+00  0.00000000E+00  0.00000000E+00
  0.00000000E+00  0.00000000E+00  0.00000000E+00  0.00000000E+00  0.00000000E+00
  0.00000000E+00  0.00000000E+00  0.00000000E+00  0.00000000E+00  0.00000000E+00
  0.00000000E+00  0.00000000E+00  0.00000000E+00  0.00000000E+00  0.00000000E+00
  0.00000000E+00  0.00000000E+00  0.00000000E+00  0.00000000E+00  0.00000000E+00
  0.00000000E+00  0.00000000E+00  0.00000000E+00  0.00000000E+00  0.00000000E+00
  0.00000000E+00  0.00000000E+00  0.00000000E+00  0.00000000E+00  0.00000000E+00
  0.00000000E+00  0.00000000E+00  0.00000000E+00  0.00000000E+00  0.00000000E+00
  0.00000000E+00  0.00000000E+00  0.00000000E+00  0.00000000E+00  0.00000000E+00
  0.00000000E+00
  0.10000000E+01  0.26258702E+01  0.37113547E+01  0.42331055E+01  0.43353219E+01
  0.41261154E+01  0.37082481E+01  0.31881107E+01  0.26231950E+01  0.20866361E+01
  0.16002437E+01  0.11920357E+01  0.86241572E+00  0.60667533E+00  0.41821427E+00
  0.27966062E+00  0.18527723E+00  0.11839456E+00  0.75943252E-01  0.46570338E-01
  0.29105585E-01  0.17186810E-01  0.10521277E-01  0.59996466E-02  0.36130564E-02
  0.19944990E-02  0.11854981E-02  0.63485061E-03  0.37327576E-03  0.19421597E-03
  0.11306355E-03  0.57176742E-04  0.32924273E-04  0.16149890E-04  0.91645303E-05
  0.43229197E-05  0.23819892E-05  0.10383269E-05  0.53183279E-06  0.00000000E+00
  0.00000000E+00  0.00000000E+00  0.00000000E+00  0.00000000E+00  0.00000000E+00
  0.00000000E+00  0.00000000E+00  0.00000000E+00  0.00000000E+00  0.00000000E+00
  0.00000000E+00  0.00000000E+00  0.00000000E+00  0.00000000E+00  0.00000000E+00
  0.00000000E+00  0.00000000E+00  0.00000000E+00  0.00000000E+00  0.00000000E+00
  0.00000000E+00  0.00000000E+00  0.00000000E+00  0.00000000E+00  0.00000000E+00
  0.00000000E+00  0.00000000E+00  0.00000000E+00  0.00000000E+00  0.00000000E+00
  0.00000000E+00  0.00000000E+00  0.00000000E+00  0.00000000E+00  0.00000000E+00
  0.00000000E+00  0.00000000E+00  0.00000000E+00  0.00000000E+00  0.00000000E+00
  0.00000000E+00  0.00000000E+00  0.00000000E+00  0.00000000E+00  0.00000000E+00
  0.00000000E+00  0.00000000E+00  0.00000000E+00  0.00000000E+00  0.00000000E+00
  0.00000000E+00  0.00000000E+00  0.00000000E+00  0.00000000E+00  0.00000000E+00
  0.00000000E+00
  0.10000000E+01  0.26363676E+01  0.37572026E+01  0.43387922E+01  0.45192880E+01
  0.43952866E+01  0.40551477E+01  0.35948626E+01  0.30613347E+01  0.25305342E+01
  0.20211501E+01  0.15743332E+01  0.11915281E+01  0.88077516E+00  0.63709028E+00
  0.44940416E+00  0.31302389E+00  0.21166873E+00  0.14291952E+00  0.92987945E-01
  0.61215843E-01  0.38440710E-01  0.24794845E-01  0.15066782E-01  0.95605577E-02
  0.56348898E-02  0.35288650E-02  0.20216798E-02  0.12524849E-02  0.69884391E-03
  0.42891459E-03  0.23345297E-03  0.14198247E-03  0.75431484E-04  0.45397032E-04
  0.23505949E-04  0.13949756E-04  0.70059461E-05  0.40740607E-05  0.19545841E-05
  0.10873075E-05  0.47086310E-06  0.00000000E+00  0.00000000E+00  0.00000000E+00
  0.00000000E+00  0.00000000E+00  0.00000000E+00  0.00000000E+00  0.00000000E+00
  0.00000000E+00  0.00000000E+00  0.00000000E+00  0.00000000E+00  0.00000000E+00
  0.00000000E+00  0.00000000E+00  0.00000000E+00  0.00000000E+00  0.00000000E+00
  0.00000000E+00  0.00000000E+00  0.00000000E+00  0.00000000E+00  0.00000000E+00
  0.00000000E+00  0.00000000E+00  0.00000000E+00  0.00000000E+00  0.00000000E+00
  0.00000000E+00  0.00000000E+00  0.00000000E+00  0.00000000E+00  0.00000000E+00
  0.00000000E+00  0.00000000E+00  0.00000000E+00  0.00000000E+00  0.00000000E+00
  0.00000000E+00  0.00000000E+00  0.00000000E+00  0.00000000E+00  0.00000000E+00
  0.00000000E+00  0.00000000E+00  0.00000000E+00  0.00000000E+00  0.00000000E+00
  0.00000000E+00  0.00000000E+00  0.00000000E+00  0.00000000E+00  0.00000000E+00
  0.00000000E+00
  0.10000000E+01  0.26428763E+01  0.37895638E+01  0.44169891E+01  0.46617955E+01
  0.46123726E+01  0.43467238E+01  0.39505662E+01  0.34611791E+01  0.29532157E+01
  0.24403958E+01  0.19730278E+01  0.15512904E+01  0.11954773E+01  0.90085638E+00
  0.66482795E+00  0.48332487E+00  0.34291782E+00  0.24194659E+00  0.16557216E+00
  0.11397237E+00  0.75437481E-01  0.50891830E-01  0.32658949E-01  0.21674724E-01
  0.13515252E-01  0.88508322E-02  0.53736917E-02  0.34804820E-02  0.20617041E-02
  0.13227517E-02  0.76596889E-03  0.48717909E-03  0.27624652E-03  0.17415083E-03
  0.96779764E-04  0.60378487E-04  0.32849481E-04  0.20205383E-04  0.10714799E-04
  0.64606608E-05  0.33132348E-05  0.19398154E-05  0.93786544E-06  0.00000000E+00
  0.00000000E+00  0.00000000E+00  0.00000000E+00  0.00000000E+00  0.00000000E+00
  0.00000000E+00  0.00000000E+00  0.00000000E+00  0.00000000E+00  0.00000000E+00
  0.00000000E+00  0.00000000E+00  0.00000000E+00  0.00000000E+00  0.00000000E+00
  0.00000000E+00  0.00000000E+00  0.00000000E+00  0.00000000E+00  0.00000000E+00
  0.00000000E+00  0.00000000E+00  0.00000000E+00  0.00000000E+00  0.00000000E+00
  0.00000000E+00  0.00000000E+00  0.00000000E+00  0.00000000E+00  0.00000000E+00
  0.00000000E+00  0.00000000E+00  0.00000000E+00  0.00000000E+00  0.00000000E+00
  0.00000000E+00  0.00000000E+00  0.00000000E+00  0.00000000E+00  0.00000000E+00
  0.00000000E+00  0.00000000E+00  0.00000000E+00  0.00000000E+00  0.00000000E+00
  0.00000000E+00  0.00000000E+00  0.00000000E+00  0.00000000E+00  0.00000000E+00
  0.00000000E+00
  0.10000000E+01  0.26463641E+01  0.38116619E+01  0.44739600E+01  0.47715907E+01
  0.47870253E+01  0.45910607E+01  0.42597253E+01  0.38222657E+01  0.33492556E+01
  0.28489106E+01  0.23770380E+01  0.19309709E+01  0.15417592E+01  0.12034952E+01
  0.92314325E+00  0.69642593E+00  0.51491458E+00  0.37741855E+00  0.26975529E+00
  0.19302528E+00  0.13370042E+00  0.93787003E-01  0.63095314E-01  0.43541075E-01
  0.28508845E-01  0.19409353E-01  0.12392984E-01  0.83423384E-02  0.52046613E-02
  0.34694374E-02  0.21191671E-02  0.14002130E-02  0.83897187E-03  0.54963928E-03
  0.32361635E-03  0.21012955E-03  0.12170537E-03  0.78206710E-04  0.44536675E-04
  0.28226285E-04  0.15744587E-04  0.97802208E-05  0.53018614E-05  0.32049868E-05
  0.16701509E-05  0.96821610E-06  0.00000000E+00  0.00000000E+00  0.00000000E+00
  0.00000000E+00  0.00000000E+00  0.00000000E+00  0.00000000E+00  0.00000000E+00
  0.00000000E+00  0.00000000E+00  0.00000000E+00  0.00000000E+00  0.00000000E+00
  0.00000000E+00  0.00000000E+00  0.00000000E+00  0.00000000E+00  0.00000000E+00
  0.00000000E+00  0.00000000E+00  0.00000000E+00  0.00000000E+00  0.00000000E+00
  0.00000000E+00  0.00000000E+00  0.00000000E+00  0.00000000E+00  0.00000000E+00
  0.00000000E+00  0.00000000E+00  0.00000000E+00  0.00000000E+00  0.00000000E+00
  0.00000000E+00  0.00000000E+00  0.00000000E+00  0.00000000E+00  0.00000000E+00
  0.00000000E+00  0.00000000E+00  0.00000000E+00  0.00000000E+00  0.00000000E+00
  0.00000000E+00  0.00000000E+00  0.00000000E+00  0.00000000E+00  0.00000000E+00
  0.00000000E+00
  0.10000000E+01  0.26476005E+01  0.38260774E+01  0.45148586E+01  0.48562316E+01
  0.49282719E+01  0.47969218E+01  0.45292042E+01  0.41480568E+01  0.37181950E+01
  0.32426579E+01  0.27796554E+01  0.23228592E+01  0.19120933E+01  0.15390934E+01
  0.12205775E+01  0.95105867E+00  0.72873059E+00  0.55226593E+00  0.40989455E+00
  0.30344202E+00  0.21864862E+00  0.15872210E+00  0.11126185E+00  0.79458856E-01
  0.54290518E-01  0.38245913E-01  0.25518378E-01  0.17769707E-01  0.11599843E-01
  0.79964678E-02  0.51168971E-02  0.34953708E-02  0.21967497E-02  0.14877057E-02
  0.92003669E-03  0.61773028E-03  0.37655007E-03  0.25052825E-03  0.15070328E-03
  0.99231360E-04  0.58901805E-04  0.38280029E-04  0.22360934E-04  0.14263798E-04
  0.81382104E-05  0.50502857E-05  0.27849269E-05  0.16676488E-05  0.87568475E-06
  0.00000000E+00  0.00000000E+00  0.00000000E+00  0.00000000E+00  0.00000000E+00
  0.00000000E+00  0.00000000E+00  0.00000000E+00  0.00000000E+00  0.00000000E+00
  0.00000000E+00  0.00000000E+00  0.00000000E+00  0.00000000E+00  0.00000000E+00
  0.00000000E+00  0.00000000E+00  0.00000000E+00  0.00000000E+00  0.00000000E+00
  0.00000000E+00  0.00000000E+00  0.00000000E+00  0.00000000E+00  0.00000000E+00
  0.00000000E+00  0.00000000E+00  0.00000000E+00  0.00000000E+00  0.00000000E+00
  0.00000000E+00  0.00000000E+00  0.00000000E+00  0.00000000E+00  0.00000000E+00
  0.00000000E+00  0.00000000E+00  0.00000000E+00  0.00000000E+00  0.00000000E+00
  0.00000000E+00  0.00000000E+00  0.00000000E+00  0.00000000E+00  0.00000000E+00
  0.00000000E+00
  0.10000000E+01  0.26415993E+01  0.38451979E+01  0.45956664E+01  0.50621477E+01
  0.53110360E+01  0.54011008E+01  0.53684887E+01  0.52246769E+01  0.50035576E+01
  0.46973342E+01  0.43539566E+01  0.39548257E+01  0.35549539E+01  0.31326777E+01
  0.27354007E+01  0.23455011E+01  0.19928665E+01  0.16679406E+01  0.13813273E+01
  0.11319016E+01  0.91518447E+00  0.73629379E+00  0.58212496E+00  0.46096246E+00
  0.35690883E+00  0.27875514E+00  0.21168837E+00  0.16334805E+00  0.12185169E+00
  0.93017715E-01  0.68265019E-01  0.51601276E-01  0.37315332E-01  0.27948289E-01
  0.19945939E-01  0.14808045E-01  0.10445553E-01  0.76884368E-02  0.53682602E-02
  0.39177225E-02  0.27112017E-02  0.19617552E-02  0.13470830E-02  0.96630556E-03
  0.65896150E-03  0.46851599E-03  0.31745526E-03  0.22362142E-03  0.15054914E-03
  0.10498790E-03  0.70175188E-04  0.48377568E-04  0.32043032E-04  0.21775172E-04
  0.14233489E-04  0.94760073E-05  0.60531479E-05  0.38901621E-05  0.23834638E-05
  0.14479357E-05  0.83650589E-06  0.00000000E+00  0.00000000E+00  0.00000000E+00
  0.00000000E+00  0.00000000E+00  0.00000000E+00  0.00000000E+00  0.00000000E+00
  0.00000000E+00  0.00000000E+00  0.00000000E+00  0.00000000E+00  0.00000000E+00
  0.00000000E+00  0.00000000E+00  0.00000000E+00  0.00000000E+00  0.00000000E+00
  0.00000000E+00  0.00000000E+00  0.00000000E+00  0.00000000E+00  0.00000000E+00
  0.00000000E+00  0.00000000E+00  0.00000000E+00  0.00000000E+00  0.00000000E+00
  0.00000000E+00  0.00000000E+00  0.00000000E+00  0.00000000E+00  0.00000000E+00
  0.00000000E+00
  0.10000000E+01  0.26378082E+01  0.38651010E+01  0.46708760E+01  0.52507899E+01
  0.56584375E+01  0.59498234E+01  0.61350327E+01  0.62256193E+01  0.62241491E+01
  0.61272305E+01  0.59592591E+01  0.57021914E+01  0.54042674E+01  0.50372264E+01
  0.46593170E+01  0.42407219E+01  0.38341685E+01  0.34160776E+01  0.30234147E+01
  0.26431660E+01  0.22931425E+01  0.19714127E+01  0.16787369E+01  0.14219826E+01
  0.11899689E+01  0.99481093E+00  0.81911434E+00  0.67678284E+00  0.54895922E+00
  0.44877965E+00  0.35903464E+00  0.29066838E+00  0.22963549E+00  0.18422800E+00
  0.14389782E+00  0.11445577E+00  0.88490701E-01  0.69807766E-01  0.53481465E-01
  0.41855290E-01  0.31807682E-01  0.24701144E-01  0.18637125E-01  0.14364491E-01
  0.10769098E-01  0.82395696E-02  0.61420371E-02  0.46659660E-02  0.34601997E-02
  0.26105029E-02  0.19266647E-02  0.14437892E-02  0.10607426E-02  0.78965238E-03
  0.57754429E-03  0.42710511E-03  0.31090955E-03  0.22834400E-03  0.16534001E-03
  0.12050885E-03  0.86689978E-04  0.62607430E-04  0.44647306E-04  0.31860078E-04
  0.22443491E-04  0.15749926E-04  0.10901064E-04  0.74663423E-05  0.50299818E-05
  0.33004170E-05  0.21070946E-05  0.12584258E-05  0.71288265E-06  0.00000000E+00
  0.00000000E+00  0.00000000E+00  0.00000000E+00  0.00000000E+00  0.00000000E+00
  0.00000000E+00  0.00000000E+00  0.00000000E+00  0.00000000E+00  0.00000000E+00
  0.00000000E+00  0.00000000E+00  0.00000000E+00  0.00000000E+00  0.00000000E+00
  0.00000000E+00  0.00000000E+00  0.00000000E+00  0.00000000E+00  0.00000000E+00
  0.00000000E+00
  0.10000000E+01  0.26495456E+01  0.39247576E+01  0.48175159E+01  0.55356034E+01
  0.61159546E+01  0.66084303E+01  0.70023478E+01  0.73117712E+01  0.75153122E+01
  0.76208088E+01  0.76300851E+01  0.75353222E+01  0.73696717E+01  0.71086519E+01
  0.68062853E+01  0.64292852E+01  0.60373267E+01  0.55977070E+01  0.51629310E+01
  0.47080808E+01  0.42704846E+01  0.38367911E+01  0.34262800E+01  0.30375494E+01
  0.26732111E+01  0.23416353E+01  0.20328147E+01  0.17614014E+01  0.15097709E+01
  0.12952468E+01  0.10971922E+01  0.93268755E+00  0.78152887E+00  0.65868255E+00
  0.54646085E+00  0.45685678E+00  0.37559556E+00  0.31160398E+00  0.25407702E+00
  0.20924392E+00  0.16934654E+00  0.13848245E+00  0.11132369E+00  0.90417917E-01
  0.72242157E-01  0.58293643E-01  0.46316853E-01  0.37140644E-01  0.29359707E-01
  0.23402413E-01  0.18412655E-01  0.14592979E-01  0.11431173E-01  0.90106417E-02
  0.70291407E-02  0.55121056E-02  0.42829656E-02  0.33420376E-02  0.25868513E-02
  0.20089552E-02  0.15491150E-02  0.11974634E-02  0.91983015E-03  0.70772216E-03
  0.54145238E-03  0.41458205E-03  0.31578540E-03  0.24051018E-03  0.18226102E-03
  0.13795117E-03  0.10388009E-03  0.78004521E-04  0.58242462E-04  0.43254734E-04
  0.31897996E-04  0.23292361E-04  0.16838303E-04  0.11947671E-04  0.83386168E-05
  0.56094695E-05  0.36562325E-05  0.21805082E-05  0.11701292E-05  0.39576560E-06
  0.00000000E+00  0.00000000E+00  0.00000000E+00  0.00000000E+00  0.00000000E+00
  0.00000000E+00  0.00000000E+00  0.00000000E+00  0.00000000E+00  0.00000000E+00
  0.00000000E+00
  0.10000000E+01  0.26754767E+01  0.40184714E+01  0.50229047E+01  0.58919710E+01
  0.66456338E+01  0.73246290E+01  0.79049965E+01  0.84024139E+01  0.87820558E+01
  0.90625437E+01  0.92301825E+01  0.92892974E+01  0.92582788E+01  0.91214693E+01
  0.89219277E+01  0.86303359E+01  0.83015918E+01  0.79018178E+01  0.74860615E+01
  0.70237281E+01  0.65612153E+01  0.60766475E+01  0.56023879E+01  0.51279268E+01
  0.46697350E+01  0.42286330E+01  0.38063942E+01  0.34130862E+01  0.30390324E+01
  0.27003713E+01  0.23800890E+01  0.20970695E+01  0.18309211E+01  0.16004869E+01
  0.13851524E+01  0.12018121E+01  0.10317257E+01  0.88884056E+00  0.75738107E+00
  0.64809293E+00  0.54847112E+00  0.46630278E+00  0.39214959E+00  0.33134229E+00
  0.27704167E+00  0.23269967E+00  0.19352637E+00  0.16163248E+00  0.13375663E+00
  0.11110972E+00  0.91521361E-01  0.75633682E-01  0.62027964E-01  0.51008153E-01
  0.41659081E-01  0.34097043E-01  0.27736973E-01  0.22599824E-01  0.18313527E-01
  0.14856750E-01  0.11993416E-01  0.96882014E-02  0.77913340E-02  0.62671334E-02
  0.50204767E-02  0.40208649E-02  0.32077958E-02  0.25573604E-02  0.20310433E-02
  0.16110719E-02  0.12729321E-02  0.10038787E-02  0.78833070E-03  0.61737117E-03
  0.48113095E-03  0.37347097E-03  0.28817029E-03  0.22104342E-03  0.16820847E-03
  0.12683068E-03  0.94516065E-04  0.69358611E-04  0.49967135E-04  0.35095172E-04
  0.23930588E-04  0.15551221E-04  0.94495767E-05  0.49650074E-05  0.18560198E-05
 -0.32860179E-06  0.00000000E+00  0.00000000E+00  0.00000000E+00  0.00000000E+00
  0.00000000E+00
  0.10000000E+01  0.27078182E+01  0.41237261E+01  0.52431534E+01  0.62532735E+01
  0.71603544E+01  0.79956806E+01  0.87294126E+01  0.93775495E+01  0.99010070E+01
  0.10325524E+02  0.10629358E+02  0.10826111E+02  0.10923112E+02  0.10913389E+02
  0.10828215E+02  0.10645178E+02  0.10409218E+02  0.10090566E+02  0.97385054E+01
  0.93229390E+01  0.88899868E+01  0.84146623E+01  0.79342718E+01  0.74325560E+01
  0.69345784E+01  0.64343449E+01  0.59436834E+01  0.54664000E+01  0.50022564E+01
  0.45628824E+01  0.41386168E+01  0.37461494E+01  0.33696759E+01  0.30281064E+01
  0.27026757E+01  0.24121228E+01  0.21373178E+01  0.18951536E+01  0.16679349E+01
  0.14697886E+01  0.12854646E+01  0.11260423E+01  0.97908505E+00  0.85279278E+00
  0.73746538E+00  0.63884662E+00  0.54964176E+00  0.47365784E+00  0.40556951E+00
  0.34775486E+00  0.29641716E+00  0.25294171E+00  0.21467020E+00  0.18233728E+00
  0.15410568E+00  0.13030893E+00  0.10968765E+00  0.92345029E-01  0.77421447E-01
  0.64899764E-01  0.54193820E-01  0.45232750E-01  0.37616376E-01  0.31257660E-01
  0.25882696E-01  0.21407522E-01  0.17644117E-01  0.14519915E-01  0.11905594E-01
  0.97422811E-02  0.79409303E-02  0.64557611E-02  0.52253998E-02  0.42152607E-02
  0.33830724E-02  0.27031944E-02  0.21464970E-02  0.16942273E-02  0.13264192E-02
  0.10295693E-02  0.79000143E-03  0.59823082E-03  0.44553477E-03  0.32576360E-03
  0.23302553E-03  0.16232965E-03  0.10909523E-03  0.69643056E-04  0.41152684E-04
  0.21251126E-04  0.80515334E-05 -0.31754405E-06  0.00000000E+00  0.00000000E+00
  0.00000000E+00
  0.10000000E+01  0.27400521E+01  0.42233831E+01  0.54465910E+01  0.65757849E+01
  0.76081349E+01  0.85669402E+01  0.94218798E+01  0.10188384E+02  0.10828952E+02
  0.11372485E+02  0.11794545E+02  0.12113964E+02  0.12330893E+02  0.12444675E+02
  0.12476634E+02  0.12411092E+02  0.12282380E+02  0.12066779E+02  0.11804594E+02
  0.11469760E+02  0.11102915E+02  0.10680195E+02  0.10237778E+02  0.97575653E+01
  0.92675864E+01  0.87577552E+01  0.82458463E+01  0.77304752E+01  0.72188182E+01
  0.67174126E+01  0.62240158E+01  0.57512565E+01  0.52896471E+01  0.48555804E+01
  0.44348927E+01  0.40454348E+01  0.36708181E+01  0.33284382E+01  0.30016797E+01
  0.27061482E+01  0.24263995E+01  0.21755156E+01  0.19400296E+01  0.17302753E+01
  0.15350801E+01  0.13621709E+01  0.12026395E+01  0.10619627E+01  0.93325945E+00
  0.82020249E+00  0.71760686E+00  0.62778673E+00  0.54690743E+00  0.47631691E+00
  0.41321569E+00  0.35830230E+00  0.30954873E+00  0.26724268E+00  0.22991981E+00
  0.19762581E+00  0.16930330E+00  0.14486881E+00  0.12355701E+00  0.10522675E+00
  0.89321885E-01  0.75686009E-01  0.63913290E-01  0.53854764E-01  0.45213563E-01
  0.37858484E-01  0.31571992E-01  0.26244275E-01  0.21715472E-01  0.17896601E-01
  0.14670121E-01  0.11965258E-01  0.96952282E-02  0.78044954E-02  0.62293890E-02
  0.49272574E-02  0.38512270E-02  0.29697814E-02  0.22520732E-02  0.16778211E-02
  0.12245720E-02  0.87330900E-03  0.60394492E-03  0.40135172E-03  0.25241526E-03
  0.14726291E-03  0.76317551E-04  0.31118918E-04  0.38854031E-05 -0.11560185E-04
  0.00000000E+00
  0.10000000E+01  0.27688854E+01  0.43099469E+01  0.56207199E+01  0.68456276E+01
  0.79769474E+01  0.90319690E+01  0.99829802E+01  0.10844319E+02  0.11582862E+02
  0.12227630E+02  0.12754573E+02  0.13184363E+02  0.13512952E+02  0.13743479E+02
  0.13889762E+02  0.13941510E+02  0.13923853E+02  0.13819053E+02  0.13658335E+02
  0.13420861E+02  0.13140009E+02  0.12795250E+02  0.12418487E+02  0.11992501E+02
  0.11544434E+02  0.11062720E+02  0.10567320E+02  0.10053606E+02  0.95331920E+01
  0.90084741E+01  0.84828438E+01  0.79647621E+01  0.74505611E+01  0.69531254E+01
  0.64635096E+01  0.59971189E+01  0.55417070E+01  0.51133974E+01  0.46984703E+01
  0.43123138E+01  0.39411974E+01  0.35987833E+01  0.32723428E+01  0.29732855E+01
  0.26904633E+01  0.24328948E+01  0.21912370E+01  0.19722568E+01  0.17683890E+01
  0.15844531E+01  0.14144835E+01  0.12617253E+01  0.11215654E+01  0.99604799E+00
  0.88165272E+00  0.77955578E+00  0.68709052E+00  0.60483911E+00  0.53078632E+00
  0.46513043E+00  0.40634701E+00  0.35440262E+00  0.30814020E+00  0.26740053E+00
  0.23130038E+00  0.19962494E+00  0.17169614E+00  0.14728573E+00  0.12587195E+00
  0.10723616E+00  0.90975994E-01  0.76895210E-01  0.64681750E-01  0.54165842E-01
  0.45105037E-01  0.37354943E-01  0.30725506E-01  0.25095488E-01  0.20317302E-01
  0.16292158E-01  0.12904603E-01  0.10078502E-01  0.77377247E-02  0.58351557E-02
  0.43120599E-02  0.31159729E-02  0.21866346E-02  0.14789061E-02  0.95220198E-03
  0.57660391E-03  0.32066908E-03  0.15653695E-03  0.56704185E-04 -0.21455636E-06
  0.00000000E+00
  0.10000000E+01  0.27932804E+01  0.43819956E+01  0.57644459E+01  0.70650899E+01
  0.82744464E+01  0.94055574E+01  0.10434627E+02  0.11374600E+02  0.12197529E+02
  0.12930618E+02  0.13551682E+02  0.14080991E+02  0.14512319E+02  0.14850689E+02
  0.15104631E+02  0.15267761E+02  0.15358001E+02  0.15362671E+02  0.15305185E+02
  0.15169767E+02  0.14982704E+02  0.14727471E+02  0.14430675E+02  0.14077353E+02
  0.13691768E+02  0.13262634E+02  0.12809574E+02  0.12326461E+02  0.11826799E+02
  0.11310206E+02  0.10783579E+02  0.10251962E+02  0.97160756E+01  0.91853774E+01
  0.86554920E+01  0.81388782E+01  0.76274990E+01  0.71353023E+01  0.66520776E+01
  0.61918999E+01  0.57437056E+01  0.53206394E+01  0.49118109E+01  0.45287412E+01
  0.41614041E+01  0.38193534E+01  0.34938078E+01  0.31922962E+01  0.29074144E+01
  0.26448097E+01  0.23984159E+01  0.21722576E+01  0.19614681E+01  0.17687550E+01
  0.15902672E+01  0.14277001E+01  0.12780273E+01  0.11422049E+01  0.10178581E+01
  0.90542804E+00  0.80304824E+00  0.71081863E+00  0.62726597E+00  0.55228087E+00
  0.48469116E+00  0.42427400E+00  0.37008958E+00  0.32186288E+00  0.27883936E+00
  0.24072859E+00  0.20692315E+00  0.17714284E+00  0.15089368E+00  0.12791692E+00
  0.10780953E+00  0.90335933E-01  0.75162201E-01  0.62076594E-01  0.50806456E-01
  0.41169510E-01  0.32940500E-01  0.25974306E-01  0.20125754E-01  0.15312370E-01
  0.11416366E-01  0.83246247E-02  0.58977857E-02  0.40309331E-02  0.26283660E-02
  0.16198860E-02  0.92770486E-03  0.48128829E-03  0.20819552E-03  0.51808835E-04
 -0.33476202E-04
  0.10000000E+01  0.28133052E+01  0.44407193E+01  0.58811673E+01  0.72418289E+01
  0.85134780E+01  0.97062305E+01  0.10800396E+02  0.11807373E+02  0.12704125E+02
  0.13515038E+02  0.14220324E+02  0.14838633E+02  0.15362844E+02  0.15798649E+02
  0.16151026E+02  0.16416283E+02  0.16607006E+02  0.16714469E+02  0.16755895E+02
  0.16719811E+02  0.16626416E+02  0.16462992E+02  0.16251009E+02  0.15978179E+02
  0.15665202E+02  0.15301993E+02  0.14906489E+02  0.14472257E+02  0.14012975E+02
  0.13526674E+02  0.13022001E+02  0.12501545E+02  0.11968888E+02  0.11430637E+02
  0.10885878E+02  0.10344271E+02  0.98013575E+01  0.92686773E+01  0.87393529E+01
  0.82256376E+01  0.77193242E+01  0.72323843E+01  0.67562054E+01  0.63017366E+01
  0.58606518E+01  0.54424190E+01  0.50394428E+01  0.46595101E+01  0.42959826E+01
  0.39549701E+01  0.36308520E+01  0.33282020E+01  0.30423687E+01  0.27766068E+01
  0.25271235E+01  0.22961031E+01  0.20804732E+01  0.18815922E+01  0.16969722E+01
  0.15273597E+01  0.13707359E+01  0.12274103E+01  0.10957369E+01  0.97573295E+00
  0.86604107E+00  0.76650156E+00  0.67598334E+00  0.59422467E+00  0.52028390E+00
  0.45384386E+00  0.39411803E+00  0.34077347E+00  0.29314201E+00  0.25089319E+00
  0.21345651E+00  0.18050767E+00  0.15154768E+00  0.12626313E+00  0.10422736E+00
  0.85156100E-01  0.68678403E-01  0.54562511E-01  0.42580545E-01  0.32619412E-01
  0.24485528E-01  0.17976190E-01  0.12824802E-01  0.88293653E-02  0.58045708E-02
  0.36148298E-02  0.21032351E-02  0.11237770E-02  0.52209285E-03  0.17634127E-03
 -0.13102539E-04
    91
  0.10000000E+01  0.76377163E+00  0.65640394E+00  0.17905257E+00  0.30488196E-01
  0.37921621E-02  0.37827840E-03  0.32047126E-04  0.23904573E-05  0.16044753E-06
  0.98073830E-08  0.54881329E-09  0.27076609E-10  0.11717469E-11 -0.10497860E-11
 -0.11950777E-12 -0.12394047E-11 -0.16711264E-12 -0.15114140E-11 -0.25260591E-12
 -0.17744241E-11 -0.29862652E-12 -0.19085889E-11 -0.28078611E-12 -0.19600915E-11
 -0.25402828E-12 -0.20664325E-11 -0.27907783E-12 -0.22882652E-11 -0.35164150E-12
 -0.25512834E-11 -0.41123091E-12 -0.27277399E-11  0.00000000E+00  0.00000000E+00
  0.00000000E+00  0.00000000E+00  0.00000000E+00  0.00000000E+00  0.00000000E+00
  0.00000000E+00  0.00000000E+00  0.00000000E+00  0.00000000E+00  0.00000000E+00
  0.00000000E+00  0.00000000E+00  0.00000000E+00  0.00000000E+00  0.00000000E+00
  0.00000000E+00  0.00000000E+00  0.00000000E+00  0.00000000E+00  0.00000000E+00
  0.00000000E+00  0.00000000E+00  0.00000000E+00  0.00000000E+00  0.00000000E+00
  0.00000000E+00  0.00000000E+00  0.00000000E+00  0.00000000E+00  0.00000000E+00
  0.00000000E+00  0.00000000E+00  0.00000000E+00  0.00000000E+00  0.00000000E+00
  0.00000000E+00  0.00000000E+00  0.00000000E+00  0.00000000E+00  0.00000000E+00
  0.00000000E+00  0.00000000E+00  0.00000000E+00  0.00000000E+00  0.00000000E+00
  0.00000000E+00  0.00000000E+00  0.00000000E+00  0.00000000E+00  0.00000000E+00
  0.00000000E+00  0.00000000E+00  0.00000000E+00  0.00000000E+00  0.00000000E+00
  0.00000000E+00  0.00000000E+00
  0.10000000E+01  0.14390123E+01  0.11110849E+01  0.48338909E+00  0.15757999E+00
  0.39081294E-01  0.80533185E-02  0.14233397E-02  0.22338348E-03  0.31691454E-04
  0.41192029E-05  0.49338148E-06  0.54532107E-07  0.55550594E-08  0.51911408E-09
  0.44132783E-10  0.19449871E-11 -0.49677834E-12 -0.18919047E-11 -0.96228608E-12
 -0.22335833E-11 -0.11003744E-11 -0.24092436E-11 -0.11161096E-11 -0.24867810E-11
 -0.11164144E-11 -0.26248665E-11 -0.12094574E-11 -0.28967250E-11 -0.13935825E-11
 -0.32188743E-11 -0.15573864E-11 -0.34447606E-11  0.00000000E+00  0.00000000E+00
  0.00000000E+00  0.00000000E+00  0.00000000E+00  0.00000000E+00  0.00000000E+00
  0.00000000E+00  0.00000000E+00  0.00000000E+00  0.00000000E+00  0.00000000E+00
  0.00000000E+00  0.00000000E+00  0.00000000E+00  0.00000000E+00  0.00000000E+00
  0.00000000E+00  0.00000000E+00  0.00000000E+00  0.00000000E+00  0.00000000E+00
  0.00000000E+00  0.00000000E+00  0.00000000E+00  0.00000000E+00  0.00000000E+00
  0.00000000E+00  0.00000000E+00  0.00000000E+00  0.00000000E+00  0.00000000E+00
  0.00000000E+00  0.00000000E+00  0.00000000E+00  0.00000000E+00  0.00000000E+00
  0.00000000E+00  0.00000000E+00  0.00000000E+00  0.00000000E+00  0.00000000E+00
  0.00000000E+00  0.00000000E+00  0.00000000E+00  0.00000000E+00  0.00000000E+00
  0.00000000E+00  0.00000000E+00  0.00000000E+00  0.00000000E+00  0.00000000E+00
  0.00000000E+00  0.00000000E+00  0.00000000E+00  0.00000000E+00  0.00000000E+00
  0.00000000E+00  0.00000000E+00
  0.10000000E+01  0.18951241E+01  0.17104072E+01  0.10030557E+01  0.47311562E+00
  0.17727735E+00  0.57816304E-01  0.16277683E-01  0.41651870E-02  0.96438340E-03
  0.20822589E-03  0.41652761E-04  0.78205150E-05  0.13663680E-05  0.22139621E-06
  0.33097656E-07  0.45475076E-08  0.57328695E-09  0.63628190E-10  0.57553230E-11
 -0.26976487E-11 -0.14601058E-11 -0.36729720E-11 -0.15528574E-11 -0.38459502E-11
 -0.15551636E-11 -0.40780510E-11 -0.16816475E-11 -0.44667881E-11 -0.19300869E-11
 -0.49178357E-11 -0.21591430E-11 -0.52619784E-11  0.00000000E+00  0.00000000E+00
  0.00000000E+00  0.00000000E+00  0.00000000E+00  0.00000000E+00  0.00000000E+00
  0.00000000E+00  0.00000000E+00  0.00000000E+00  0.00000000E+00  0.00000000E+00
  0.00000000E+00  0.00000000E+00  0.00000000E+00  0.00000000E+00  0.00000000E+00
  0.00000000E+00  0.00000000E+00  0.00000000E+00  0.00000000E+00  0.00000000E+00
  0.00000000E+00  0.00000000E+00  0.00000000E+00  0.00000000E+00  0.00000000E+00
  0.00000000E+00  0.00000000E+00  0.00000000E+00  0.00000000E+00  0.00000000E+00
  0.00000000E+00  0.00000000E+00  0.00000000E+00  0.00000000E+00  0.00000000E+00
  0.00000000E+00  0.00000000E+00  0.00000000E+00  0.00000000E+00  0.00000000E+00
  0.00000000E+00  0.00000000E+00  0.00000000E+00  0.00000000E+00  0.00000000E+00
  0.00000000E+00  0.00000000E+00  0.00000000E+00  0.00000000E+00  0.00000000E+00
  0.00000000E+00  0.00000000E+00  0.00000000E+00  0.00000000E+00  0.00000000E+00
  0.00000000E+00  0.00000000E+00
  0.10000000E+01  0.21537827E+01  0.22432332E+01  0.16320931E+01  0.97926847E+00
  0.48577636E+00  0.21483439E+00  0.83086714E-01  0.29789215E-01  0.96603947E-02
  0.29767853E-02  0.84767991E-03  0.23276951E-03  0.59662131E-04  0.14753023E-04
  0.33766464E-05  0.72668496E-06  0.14409863E-06  0.26215478E-07  0.43683410E-08
  0.66238917E-09  0.92252754E-10  0.64693828E-11 -0.46993327E-13 -0.58281689E-11
 -0.14621986E-11 -0.63815872E-11 -0.15961544E-11 -0.69408123E-11 -0.18473214E-11
 -0.75776798E-11 -0.21112350E-11 -0.81663730E-11  0.00000000E+00  0.00000000E+00
  0.00000000E+00  0.00000000E+00  0.00000000E+00  0.00000000E+00  0.00000000E+00
  0.00000000E+00  0.00000000E+00  0.00000000E+00  0.00000000E+00  0.00000000E+00
  0.00000000E+00  0.00000000E+00  0.00000000E+00  0.00000000E+00  0.00000000E+00
  0.00000000E+00  0.00000000E+00  0.00000000E+00  0.00000000E+00  0.00000000E+00
  0.00000000E+00  0.00000000E+00  0.00000000E+00  0.00000000E+00  0.00000000E+00
  0.00000000E+00  0.00000000E+00  0.00000000E+00  0.00000000E+00  0.00000000E+00
  0.00000000E+00  0.00000000E+00  0.00000000E+00  0.00000000E+00  0.00000000E+00
  0.00000000E+00  0.00000000E+00  0.00000000E+00  0.00000000E+00  0.00000000E+00
  0.00000000E+00  0.00000000E+00  0.00000000E+00  0.00000000E+00  0.00000000E+00
  0.00000000E+00  0.00000000E+00  0.00000000E+00  0.00000000E+00  0.00000000E+00
  0.00000000E+00  0.00000000E+00  0.00000000E+00  0.00000000E+00  0.00000000E+00
  0.00000000E+00  0.00000000E+00
  0.10000000E+01  0.23125309E+01  0.26608676E+01  0.22417943E+01  0.15861822E+01
  0.95849671E+00  0.52230849E+00  0.25364485E+00  0.11516517E+00  0.47675356E-01
  0.18920275E-01  0.69418527E-02  0.24869321E-02  0.83039203E-03  0.27428348E-03
  0.84582472E-04  0.25892975E-04  0.72908750E-05  0.20085136E-05  0.49758294E-06
  0.11455563E-06  0.24091614E-07  0.46186655E-08  0.81338594E-09  0.12257257E-09
  0.19266945E-10 -0.70090402E-11 -0.85155475E-13 -0.10493239E-10 -0.63344561E-12
 -0.11525746E-10 -0.10739379E-11 -0.12837490E-10  0.00000000E+00  0.00000000E+00
  0.00000000E+00  0.00000000E+00  0.00000000E+00  0.00000000E+00  0.00000000E+00
  0.00000000E+00  0.00000000E+00  0.00000000E+00  0.00000000E+00  0.00000000E+00
  0.00000000E+00  0.00000000E+00  0.00000000E+00  0.00000000E+00  0.00000000E+00
  0.00000000E+00  0.00000000E+00  0.00000000E+00  0.00000000E+00  0.00000000E+00
  0.00000000E+00  0.00000000E+00  0.00000000E+00  0.00000000E+00  0.00000000E+00
  0.00000000E+00  0.00000000E+00  0.00000000E+00  0.00000000E+00  0.00000000E+00
  0.00000000E+00  0.00000000E+00  0.00000000E+00  0.00000000E+00  0.00000000E+00
  0.00000000E+00  0.00000000E+00  0.00000000E+00  0.00000000E+00  0.00000000E+00
  0.00000000E+00  0.00000000E+00  0.00000000E+00  0.00000000E+00  0.00000000E+00
  0.00000000E+00  0.00000000E+00  0.00000000E+00  0.00000000E+00  0.00000000E+00
  0.00000000E+00  0.00000000E+00  0.00000000E+00  0.00000000E+00  0.00000000E+00
  0.00000000E+00  0.00000000E+00
  0.10000000E+01  0.24182262E+01  0.29765703E+01  0.27688590E+01  0.21982911E+01
  0.15272792E+01  0.96502811E+00  0.55331405E+00  0.29767327E+00  0.14781294E+00
  0.70486622E-01  0.31301917E-01  0.13606265E-01  0.55284700E-02  0.22349119E-02
  0.84446880E-03  0.32191187E-03  0.11419413E-03  0.41228632E-04  0.13622493E-04
  0.45515499E-05  0.13330703E-05  0.38691945E-06  0.98870778E-07  0.23136515E-07
  0.49443563E-08  0.95116297E-09  0.17600083E-09  0.13533973E-10  0.67547266E-11
 -0.16559767E-10  0.11913439E-11 -0.20094391E-10  0.00000000E+00  0.00000000E+00
  0.00000000E+00  0.00000000E+00  0.00000000E+00  0.00000000E+00  0.00000000E+00
  0.00000000E+00  0.00000000E+00  0.00000000E+00  0.00000000E+00  0.00000000E+00
  0.00000000E+00  0.00000000E+00  0.00000000E+00  0.00000000E+00  0.00000000E+00
  0.00000000E+00  0.00000000E+00  0.00000000E+00  0.00000000E+00  0.00000000E+00
  0.00000000E+00  0.00000000E+00  0.00000000E+00  0.00000000E+00  0.00000000E+00
  0.00000000E+00  0.00000000E+00  0.00000000E+00  0.00000000E+00  0.00000000E+00
  0.00000000E+00  0.00000000E+00  0.00000000E+00  0.00000000E+00  0.00000000E+00
  0.00000000E+00  0.00000000E+00  0.00000000E+00  0.00000000E+00  0.00000000E+00
  0.00000000E+00  0.00000000E+00  0.00000000E+00  0.00000000E+00  0.00000000E+00
  0.00000000E+00  0.00000000E+00  0.00000000E+00  0.00000000E+00  0.00000000E+00
  0.00000000E+00  0.00000000E+00  0.00000000E+00  0.00000000E+00  0.00000000E+00
  0.00000000E+00  0.00000000E+00
  0.10000000E+01  0.24918220E+01  0.32133967E+01  0.32004481E+01  0.27578200E+01
  0.21171737E+01  0.14900614E+01  0.96580099E+00  0.58903302E+00  0.33559314E+00
  0.18353993E+00  0.94389171E-01  0.47427917E-01  0.22443785E-01  0.10549589E-01
  0.46595304E-02  0.20768728E-02  0.86516098E-03  0.36931053E-03  0.14604984E-03
  0.59977388E-04  0.22447163E-04  0.87590964E-05  0.29923412E-05  0.10584332E-05
  0.30763210E-06  0.89398934E-07  0.22983791E-07  0.53536882E-08  0.11571966E-08
  0.20088615E-09  0.46218165E-10 -0.23050916E-10  0.00000000E+00  0.00000000E+00
  0.00000000E+00  0.00000000E+00  0.00000000E+00  0.00000000E+00  0.00000000E+00
  0.00000000E+00  0.00000000E+00  0.00000000E+00  0.00000000E+00  0.00000000E+00
  0.00000000E+00  0.00000000E+00  0.00000000E+00  0.00000000E+00  0.00000000E+00
  0.00000000E+00  0.00000000E+00  0.00000000E+00  0.00000000E+00  0.00000000E+00
  0.00000000E+00  0.00000000E+00  0.00000000E+00  0.00000000E+00  0.00000000E+00
  0.00000000E+00  0.00000000E+00  0.00000000E+00  0.00000000E+00  0.00000000E+00
  0.00000000E+00  0.00000000E+00  0.00000000E+00  0.00000000E+00  0.00000000E+00
  0.00000000E+00  0.00000000E+00  0.00000000E+00  0.00000000E+00  0.00000000E+00
  0.00000000E+00  0.00000000E+00  0.00000000E+00  0.00000000E+00  0.00000000E+00
  0.00000000E+00  0.00000000E+00  0.00000000E+00  0.00000000E+00  0.00000000E+00
  0.00000000E+00  0.00000000E+00  0.00000000E+00  0.00000000E+00  0.00000000E+00
  0.00000000E+00  0.00000000E+00
  0.10000000E+01  0.25443883E+01  0.33914240E+01  0.35451549E+01  0.32416408E+01
  0.26762737E+01  0.20409229E+01  0.14500663E+01  0.97261499E+00  0.61564082E+00
  0.37399445E+00  0.21562005E+00  0.12114712E+00  0.64656441E-01  0.34141663E-01
  0.17074876E-01  0.85803620E-02  0.40585323E-02  0.19599261E-02  0.88290254E-03
  0.41279773E-03  0.17792645E-03  0.80891319E-04  0.33348214E-04  0.14675466E-04
  0.56709314E-05  0.23381703E-05  0.79354074E-06  0.29124067E-06  0.83158017E-07
  0.23453221E-07  0.59838957E-08  0.13448782E-08  0.00000000E+00  0.00000000E+00
  0.00000000E+00  0.00000000E+00  0.00000000E+00  0.00000000E+00  0.00000000E+00
  0.00000000E+00  0.00000000E+00  0.00000000E+00  0.00000000E+00  0.00000000E+00
  0.00000000E+00  0.00000000E+00  0.00000000E+00  0.00000000E+00  0.00000000E+00
  0.00000000E+00  0.00000000E+00  0.00000000E+00  0.00000000E+00  0.00000000E+00
  0.00000000E+00  0.00000000E+00  0.00000000E+00  0.00000000E+00  0.00000000E+00
  0.00000000E+00  0.00000000E+00  0.00000000E+00  0.00000000E+00  0.00000000E+00
  0.00000000E+00  0.00000000E+00  0.00000000E+00  0.00000000E+00  0.00000000E+00
  0.00000000E+00  0.00000000E+00  0.00000000E+00  0.00000000E+00  0.00000000E+00
  0.00000000E+00  0.00000000E+00  0.00000000E+00  0.00000000E+00  0.00000000E+00
  0.00000000E+00  0.00000000E+00  0.00000000E+00  0.00000000E+00  0.00000000E+00
  0.00000000E+00  0.00000000E+00  0.00000000E+00  0.00000000E+00  0.00000000E+00
  0.00000000E+00  0.00000000E+00
  0.10000000E+01  0.25824986E+01  0.35258302E+01  0.38172829E+01  0.36468334E+01
  0.31777516E+01  0.25753213E+01  0.19621557E+01  0.14165498E+01  0.97301505E+00
  0.64181399E+00  0.40494548E+00  0.24849952E+00  0.14600332E+00  0.84542022E-01
  0.46742230E-01  0.25829531E-01  0.13547451E-01  0.72097846E-02  0.36097145E-02
  0.18636984E-02  0.89496341E-03  0.45083784E-03  0.20833673E-03  0.10277689E-03
  0.45730456E-04  0.22070005E-04  0.93642716E-05  0.43398954E-05  0.16756102E-05
  0.70914619E-06  0.22809638E-06  0.84138349E-07  0.00000000E+00  0.00000000E+00
  0.00000000E+00  0.00000000E+00  0.00000000E+00  0.00000000E+00  0.00000000E+00
  0.00000000E+00  0.00000000E+00  0.00000000E+00  0.00000000E+00  0.00000000E+00
  0.00000000E+00  0.00000000E+00  0.00000000E+00  0.00000000E+00  0.00000000E+00
  0.00000000E+00  0.00000000E+00  0.00000000E+00  0.00000000E+00  0.00000000E+00
  0.00000000E+00  0.00000000E+00  0.00000000E+00  0.00000000E+00  0.00000000E+00
  0.00000000E+00  0.00000000E+00  0.00000000E+00  0.00000000E+00  0.00000000E+00
  0.00000000E+00  0.00000000E+00  0.00000000E+00  0.00000000E+00  0.00000000E+00
  0.00000000E+00  0.00000000E+00  0.00000000E+00  0.00000000E+00  0.00000000E+00
  0.00000000E+00  0.00000000E+00  0.00000000E+00  0.00000000E+00  0.00000000E+00
  0.00000000E+00  0.00000000E+00  0.00000000E+00  0.00000000E+00  0.00000000E+00
  0.00000000E+00  0.00000000E+00  0.00000000E+00  0.00000000E+00  0.00000000E+00
  0.00000000E+00  0.00000000E+00
  0.10000000E+01  0.26103088E+01  0.36276077E+01  0.40307718E+01  0.39797090E+01
  0.36122457E+01  0.30679471E+01  0.24672366E+01  0.18873211E+01  0.13826440E+01
  0.97395871E+00  0.66046617E+00  0.43514902E+00  0.27634070E+00  0.17241443E+00
  0.10346413E+00  0.61755401E-01  0.35266475E-01  0.20306900E-01  0.11096927E-01
  0.62069137E-02  0.32598381E-02  0.17811254E-02  0.90209114E-03  0.48358188E-03
  0.23676423E-03  0.12488388E-03  0.59155757E-04  0.30708102E-04  0.14015420E-04
  0.71002243E-05  0.30440317E-05  0.14515737E-05  0.54314010E-06  0.00000000E+00
  0.00000000E+00  0.00000000E+00  0.00000000E+00  0.00000000E+00  0.00000000E+00
  0.00000000E+00  0.00000000E+00  0.00000000E+00  0.00000000E+00  0.00000000E+00
  0.00000000E+00  0.00000000E+00  0.00000000E+00  0.00000000E+00  0.00000000E+00
  0.00000000E+00  0.00000000E+00  0.00000000E+00  0.00000000E+00  0.00000000E+00
  0.00000000E+00  0.00000000E+00  0.00000000E+00  0.00000000E+00  0.00000000E+00
  0.00000000E+00  0.00000000E+00  0.00000000E+00  0.00000000E+00  0.00000000E+00
  0.00000000E+00  0.00000000E+00  0.00000000E+00  0.00000000E+00  0.00000000E+00
  0.00000000E+00  0.00000000E+00  0.00000000E+00  0.00000000E+00  0.00000000E+00
  0.00000000E+00  0.00000000E+00  0.00000000E+00  0.00000000E+00  0.00000000E+00
  0.00000000E+00  0.00000000E+00  0.00000000E+00  0.00000000E+00  0.00000000E+00
  0.00000000E+00  0.00000000E+00  0.00000000E+00  0.00000000E+00  0.00000000E+00
  0.00000000E+00  0.00000000E+00
  0.10000000E+01  0.26305604E+01  0.37046627E+01  0.41974411E+01  0.42497558E+01
  0.39803377E+01  0.35069388E+01  0.29425380E+01  0.23574603E+01  0.18183629E+01
  0.13510173E+01  0.97132676E+00  0.67832100E+00  0.45910546E+00  0.30462764E+00
  0.19560769E+00  0.12444229E+00  0.76278355E-01  0.46884122E-01  0.27568247E-01
  0.16476241E-01  0.93304070E-02  0.54510880E-02  0.29824020E-02  0.17106188E-02
  0.90653962E-03  0.51215457E-03  0.26338926E-03  0.14686693E-03  0.73348915E-04
  0.40375314E-04  0.19543620E-04  0.10577834E-04  0.49029400E-05  0.25552828E-05
  0.10789290E-05  0.51599006E-06  0.00000000E+00  0.00000000E+00  0.00000000E+00
  0.00000000E+00  0.00000000E+00  0.00000000E+00  0.00000000E+00  0.00000000E+00
  0.00000000E+00  0.00000000E+00  0.00000000E+00  0.00000000E+00  0.00000000E+00
  0.00000000E+00  0.00000000E+00  0.00000000E+00  0.00000000E+00  0.00000000E+00
  0.00000000E+00  0.00000000E+00  0.00000000E+00  0.00000000E+00  0.00000000E+00
  0.00000000E+00  0.00000000E+00  0.00000000E+00  0.00000000E+00  0.00000000E+00
  0.00000000E+00  0.00000000E+00  0.00000000E+00  0.00000000E+00  0.00000000E+00
  0.00000000E+00  0.00000000E+00  0.00000000E+00  0.00000000E+00  0.00000000E+00
  0.00000000E+00  0.00000000E+00  0.00000000E+00  0.00000000E+00  0.00000000E+00
  0.00000000E+00  0.00000000E+00  0.00000000E+00  0.00000000E+00  0.00000000E+00
  0.00000000E+00  0.00000000E+00  0.00000000E+00  0.00000000E+00  0.00000000E+00
  0.00000000E+00  0.00000000E+00
  0.10000000E+01  0.26451296E+01  0.37627387E+01  0.43268324E+01  0.44668138E+01
  0.42874888E+01  0.38893417E+01  0.33757896E+01  0.28079306E+01  0.22582472E+01
  0.17530862E+01  0.13224340E+01  0.96931559E+00  0.69167334E+00  0.48320808E+00
  0.32834515E+00  0.22039399E+00  0.14338290E+00  0.93112287E-01  0.58250971E-01
  0.36814418E-01  0.22225879E-01  0.13738575E-01  0.80279741E-02  0.48735464E-02
  0.27631810E-02  0.16528327E-02  0.91116618E-03  0.53831239E-03  0.28899794E-03
  0.16885447E-03  0.88338696E-04  0.51032281E-04  0.25985968E-04  0.14804624E-04
  0.72967375E-05  0.40610210E-05  0.18886550E-05  0.99064817E-06  0.00000000E+00
  0.00000000E+00  0.00000000E+00  0.00000000E+00  0.00000000E+00  0.00000000E+00
  0.00000000E+00  0.00000000E+00  0.00000000E+00  0.00000000E+00  0.00000000E+00
  0.00000000E+00  0.00000000E+00  0.00000000E+00  0.00000000E+00  0.00000000E+00
  0.00000000E+00  0.00000000E+00  0.00000000E+00  0.00000000E+00  0.00000000E+00
  0.00000000E+00  0.00000000E+00  0.00000000E+00  0.00000000E+00  0.00000000E+00
  0.00000000E+00  0.00000000E+00  0.00000000E+00  0.00000000E+00  0.00000000E+00
  0.00000000E+00  0.00000000E+00  0.00000000E+00  0.00000000E+00  0.00000000E+00
  0.00000000E+00  0.00000000E+00  0.00000000E+00  0.00000000E+00  0.00000000E+00
  0.00000000E+00  0.00000000E+00  0.00000000E+00  0.00000000E+00  0.00000000E+00
  0.00000000E+00  0.00000000E+00  0.00000000E+00  0.00000000E+00  0.00000000E+00
  0.00000000E+00  0.00000000E+00
  0.10000000E+01  0.26553476E+01  0.38060873E+01  0.44265441E+01  0.46399549E+01
  0.45411363E+01  0.42174739E+01  0.37624070E+01  0.32275728E+01  0.26865562E+01
  0.21633223E+01  0.16984952E+01  0.12967847E+01  0.96735598E+00  0.70599921E+00
  0.50325042E+00  0.35359190E+00  0.24198428E+00  0.16470780E+00  0.10864040E+00
  0.72024311E-01  0.45935477E-01  0.29799420E-01  0.18426701E-01  0.11742607E-01
  0.70565683E-02  0.44313780E-02  0.25933417E-02  0.16087545E-02  0.91854314E-03
  0.56380693E-03  0.31453030E-03  0.19115484E-03  0.10426141E-03  0.62694273E-04
  0.33397782E-04  0.19817706E-04  0.10270881E-04  0.59819956E-05  0.29813885E-05
  0.16716198E-05  0.76510147E-06  0.00000000E+00  0.00000000E+00  0.00000000E+00
  0.00000000E+00  0.00000000E+00  0.00000000E+00  0.00000000E+00  0.00000000E+00
  0.00000000E+00  0.00000000E+00  0.00000000E+00  0.00000000E+00  0.00000000E+00
  0.00000000E+00  0.00000000E+00  0.00000000E+00  0.00000000E+00  0.00000000E+00
  0.00000000E+00  0.00000000E+00  0.00000000E+00  0.00000000E+00  0.00000000E+00
  0.00000000E+00  0.00000000E+00  0.00000000E+00  0.00000000E+00  0.00000000E+00
  0.00000000E+00  0.00000000E+00  0.00000000E+00  0.00000000E+00  0.00000000E+00
  0.00000000E+00  0.00000000E+00  0.00000000E+00  0.00000000E+00  0.00000000E+00
  0.00000000E+00  0.00000000E+00  0.00000000E+00  0.00000000E+00  0.00000000E+00
  0.00000000E+00  0.00000000E+00  0.00000000E+00  0.00000000E+00  0.00000000E+00
  0.00000000E+00  0.00000000E+00
  0.10000000E+01  0.26621945E+01  0.38379348E+01  0.45026506E+01  0.47771635E+01
  0.47491899E+01  0.44964809E+01  0.41028886E+01  0.36114612E+01  0.30936309E+01
  0.25693828E+01  0.20865161E+01  0.16494310E+01  0.12777254E+01  0.96817720E+00
  0.71894822E+00  0.52545409E+00  0.37557549E+00  0.26624865E+00  0.18381018E+00
  0.12701703E+00  0.84943759E-01  0.57463012E-01  0.37319152E-01  0.24804543E-01
  0.15678512E-01  0.10269434E-01  0.63302415E-02  0.40957274E-02  0.24666966E-02
  0.15792432E-02  0.93087875E-03  0.59034790E-03  0.34106277E-03  0.21430143E-03
  0.12143599E-03  0.75522451E-04  0.41939854E-04  0.25741627E-04  0.13959144E-04
  0.84141632E-05  0.44249312E-05  0.25961921E-05  0.12946009E-05  0.71539766E-06
  0.00000000E+00  0.00000000E+00  0.00000000E+00  0.00000000E+00  0.00000000E+00
  0.00000000E+00  0.00000000E+00  0.00000000E+00  0.00000000E+00  0.00000000E+00
  0.00000000E+00  0.00000000E+00  0.00000000E+00  0.00000000E+00  0.00000000E+00
  0.00000000E+00  0.00000000E+00  0.00000000E+00  0.00000000E+00  0.00000000E+00
  0.00000000E+00  0.00000000E+00  0.00000000E+00  0.00000000E+00  0.00000000E+00
  0.00000000E+00  0.00000000E+00  0.00000000E+00  0.00000000E+00  0.00000000E+00
  0.00000000E+00  0.00000000E+00  0.00000000E+00  0.00000000E+00  0.00000000E+00
  0.00000000E+00  0.00000000E+00  0.00000000E+00  0.00000000E+00  0.00000000E+00
  0.00000000E+00  0.00000000E+00  0.00000000E+00  0.00000000E+00  0.00000000E+00
  0.00000000E+00  0.00000000E+00
  0.10000000E+01  0.26664206E+01  0.38607994E+01  0.45600744E+01  0.48853543E+01
  0.49193250E+01  0.47328333E+01  0.44008403E+01  0.39591427E+01  0.34748836E+01
  0.29634970E+01  0.24768811E+01  0.20176878E+01  0.16144819E+01  0.12638436E+01
  0.97222727E+00  0.73539409E+00  0.54580500E+00  0.40092426E+00  0.28797547E+00
  0.20635384E+00  0.14382382E+00  0.10093474E+00  0.68420537E-01  0.47186951E-01
  0.31173926E-01  0.21187360E-01  0.13667789E-01  0.91751590E-02  0.57899620E-02
  0.38455933E-02  0.23780934E-02  0.15645768E-02  0.94970516E-03  0.61929775E-03
  0.36951917E-03  0.23881032E-03  0.14018092E-03  0.89685002E-04  0.51760314E-04
  0.32688704E-04  0.18486874E-04  0.11463808E-04  0.63109937E-05  0.38178116E-05
  0.20241079E-05  0.11754467E-05  0.57780081E-06  0.00000000E+00  0.00000000E+00
  0.00000000E+00  0.00000000E+00  0.00000000E+00  0.00000000E+00  0.00000000E+00
  0.00000000E+00  0.00000000E+00  0.00000000E+00  0.00000000E+00  0.00000000E+00
  0.00000000E+00  0.00000000E+00  0.00000000E+00  0.00000000E+00  0.00000000E+00
  0.00000000E+00  0.00000000E+00  0.00000000E+00  0.00000000E+00  0.00000000E+00
  0.00000000E+00  0.00000000E+00  0.00000000E+00  0.00000000E+00  0.00000000E+00
  0.00000000E+00  0.00000000E+00  0.00000000E+00  0.00000000E+00  0.00000000E+00
  0.00000000E+00  0.00000000E+00  0.00000000E+00  0.00000000E+00  0.00000000E+00
  0.00000000E+00  0.00000000E+00  0.00000000E+00  0.00000000E+00  0.00000000E+00
  0.00000000E+00  0.00000000E+00
  0.10000000E+01  0.26676968E+01  0.38982581E+01  0.46754828E+01  0.51365468E+01
  0.53543349E+01  0.53880053E+01  0.52834928E+01  0.50607405E+01  0.47607101E+01
  0.43849859E+01  0.39813169E+01  0.35412641E+01  0.31120042E+01  0.26817237E+01
  0.22859136E+01  0.19146071E+01  0.15862776E+01  0.12955608E+01  0.10453551E+01
  0.83514797E+00  0.65747180E+00  0.51529491E+00  0.39648219E+00  0.30563310E+00
  0.23020974E+00  0.17492775E+00  0.12918397E+00  0.96938654E-01  0.70295716E-01
  0.52167852E-01  0.37202014E-01  0.27334178E-01  0.19197684E-01  0.13976430E-01
  0.96819074E-02  0.69877857E-02  0.47813767E-02  0.34220475E-02  0.23160149E-02
  0.16438672E-02  0.11017842E-02  0.77548325E-03  0.51523881E-03  0.35950083E-03
  0.23692461E-03  0.16377191E-03  0.10705680E-03  0.73221043E-04  0.47419629E-04
  0.32007015E-04  0.20464171E-04  0.13556178E-04  0.84858623E-05  0.54554113E-05
  0.32972937E-05  0.20308370E-05  0.11711901E-05  0.68072102E-06  0.00000000E+00
  0.00000000E+00  0.00000000E+00  0.00000000E+00  0.00000000E+00  0.00000000E+00
  0.00000000E+00  0.00000000E+00  0.00000000E+00  0.00000000E+00  0.00000000E+00
  0.00000000E+00  0.00000000E+00  0.00000000E+00  0.00000000E+00  0.00000000E+00
  0.00000000E+00  0.00000000E+00  0.00000000E+00  0.00000000E+00  0.00000000E+00
  0.00000000E+00  0.00000000E+00  0.00000000E+00  0.00000000E+00  0.00000000E+00
  0.00000000E+00  0.00000000E+00  0.00000000E+00  0.00000000E+00  0.00000000E+00
  0.00000000E+00  0.00000000E+00
  0.10000000E+01  0.26616803E+01  0.39080938E+01  0.47289003E+01  0.52848298E+01
  0.56424209E+01  0.58581754E+01  0.59549299E+01  0.59496739E+01  0.58548654E+01
  0.56702577E+01  0.54246544E+01  0.51047041E+01  0.47557002E+01  0.43572054E+01
  0.39585181E+01  0.35391291E+01  0.31400672E+01  0.27460191E+01  0.23829361E+01
  0.20431534E+01  0.17366255E+01  0.14631396E+01  0.12197962E+01  0.10118979E+01
  0.82852569E+00  0.67794880E+00  0.54586415E+00  0.44123801E+00  0.34979766E+00
  0.27966803E+00  0.21856161E+00  0.17300878E+00  0.13344787E+00  0.10466632E+00
  0.79777549E-01  0.62033555E-01  0.46777309E-01  0.36075708E-01  0.26942751E-01
  0.20615237E-01  0.15264673E-01  0.11590417E-01  0.85169584E-02  0.64185523E-02
  0.46846146E-02  0.35045162E-02  0.25422719E-02  0.18880954E-02  0.13620999E-02
  0.10043414E-02  0.72077719E-03  0.52761941E-03  0.37670231E-03  0.27368713E-03
  0.19433201E-03  0.14004541E-03  0.98806283E-04  0.70542436E-04  0.49369861E-04
  0.34844443E-04  0.24120896E-04  0.16765727E-04  0.11422773E-04  0.77593967E-05
  0.51435248E-05  0.33494649E-05  0.21083005E-05  0.12713868E-05  0.73306524E-06
  0.00000000E+00  0.00000000E+00  0.00000000E+00  0.00000000E+00  0.00000000E+00
  0.00000000E+00  0.00000000E+00  0.00000000E+00  0.00000000E+00  0.00000000E+00
  0.00000000E+00  0.00000000E+00  0.00000000E+00  0.00000000E+00  0.00000000E+00
  0.00000000E+00  0.00000000E+00  0.00000000E+00  0.00000000E+00  0.00000000E+00
  0.00000000E+00  0.00000000E+00
  0.10000000E+01  0.26633669E+01  0.39373807E+01  0.48160265E+01  0.54778153E+01
  0.59795796E+01  0.63739866E+01  0.66641149E+01  0.68679152E+01  0.69734014E+01
  0.69863218E+01  0.69149209E+01  0.67496096E+01  0.65248031E+01  0.62185989E+01
  0.58808758E+01  0.54847832E+01  0.50820923E+01  0.46480539E+01  0.42258051E+01
  0.37975772E+01  0.33920620E+01  0.30006543E+01  0.26363610E+01  0.22994328E+01
  0.19893746E+01  0.17132532E+01  0.14610823E+01  0.12439671E+01  0.10467779E+01
  0.88201061E+00  0.73305768E+00  0.61181332E+00  0.50271409E+00  0.41588044E+00
  0.33815764E+00  0.27744544E+00  0.22344755E+00  0.18190312E+00  0.14523354E+00
  0.11735344E+00  0.92962952E-01  0.74582264E-01  0.58663422E-01  0.46741873E-01
  0.36530340E-01  0.28914342E-01  0.22466704E-01  0.17669496E-01  0.13656972E-01
  0.10674995E-01  0.82108913E-02  0.63801913E-02  0.48853870E-02  0.37745871E-02
  0.28779866E-02  0.22114224E-02  0.16792467E-02  0.12834313E-02  0.97064146E-03
  0.73792916E-03  0.55577570E-03  0.42024871E-03  0.31510227E-03  0.23688931E-03
  0.17671115E-03  0.13197163E-03  0.97822544E-04  0.72454682E-04  0.53249007E-04
  0.38998071E-04  0.28309279E-04  0.20391766E-04  0.14526770E-04  0.10197040E-04
  0.70519715E-05  0.47374501E-05  0.30973569E-05  0.18828905E-05  0.10576131E-05
  0.44530233E-06  0.00000000E+00  0.00000000E+00  0.00000000E+00  0.00000000E+00
  0.00000000E+00  0.00000000E+00  0.00000000E+00  0.00000000E+00  0.00000000E+00
  0.00000000E+00  0.00000000E+00
  0.10000000E+01  0.26775649E+01  0.39993486E+01  0.49622458E+01  0.57506227E+01
  0.64083114E+01  0.69807877E+01  0.74558159E+01  0.78521263E+01  0.81406981E+01
  0.83354824E+01  0.84285452E+01  0.84184569E+01  0.83272595E+01  0.81375606E+01
  0.78924526E+01  0.75652226E+01  0.72076163E+01  0.67909227E+01  0.63650056E+01
  0.59050823E+01  0.54516117E+01  0.49876807E+01  0.45401789E+01  0.41017305E+01
  0.36847728E+01  0.32909993E+01  0.29201394E+01  0.25809545E+01  0.22637794E+01
  0.19817351E+01  0.17195451E+01  0.14920301E+01  0.12817095E+01  0.11029923E+01
  0.93875356E+00  0.80163229E+00  0.67644916E+00  0.57343603E+00  0.48009407E+00
  0.40416569E+00  0.33594290E+00  0.28094295E+00  0.23198013E+00  0.19277246E+00
  0.15821286E+00  0.13067426E+00  0.10665022E+00  0.87573054E-01  0.71104938E-01
  0.58059115E-01  0.46914921E-01  0.38101268E-01  0.30648951E-01  0.24762216E-01
  0.19833306E-01  0.15943703E-01  0.12717016E-01  0.10173121E-01  0.80809846E-02
  0.64332810E-02  0.50890302E-02  0.40316422E-02  0.31753845E-02  0.25028565E-02
  0.19620042E-02  0.15379728E-02  0.11991723E-02  0.93412573E-03  0.72367312E-03
  0.55945936E-03  0.42987873E-03  0.32908469E-03  0.25007637E-03  0.18887927E-03
  0.14130082E-03  0.10468295E-03  0.76562561E-04  0.55189697E-04  0.39099055E-04
  0.27043147E-04  0.18131838E-04  0.11535387E-04  0.68266615E-05  0.34778112E-05
  0.12785997E-05 -0.18592296E-06  0.00000000E+00  0.00000000E+00  0.00000000E+00
  0.00000000E+00  0.00000000E+00
  0.10000000E+01  0.27012033E+01  0.40838262E+01  0.51465438E+01  0.60680752E+01
  0.68786887E+01  0.76147910E+01  0.82544351E+01  0.88160143E+01  0.92616653E+01
  0.96122572E+01  0.98498635E+01  0.99813083E+01  0.10018359E+02  0.99503505E+01
  0.98110990E+01  0.95782374E+01  0.92970596E+01  0.89402107E+01  0.85556604E+01
  0.81167182E+01  0.76670841E+01  0.71851816E+01  0.67053767E+01  0.62141094E+01
  0.57336098E+01  0.52593880E+01  0.48011014E+01  0.43626448E+01  0.39426287E+01
  0.35514124E+01  0.31793022E+01  0.28406387E+01  0.25205772E+01  0.22350055E+01
  0.19668410E+01  0.17315505E+01  0.15120942E+01  0.13222013E+01  0.11463857E+01
  0.99596861E+00  0.85781071E+00  0.74067619E+00  0.63400590E+00  0.54420766E+00
  0.46316473E+00  0.39531467E+00  0.33464502E+00  0.28406662E+00  0.23926144E+00
  0.20203173E+00  0.16935481E+00  0.14227433E+00  0.11871786E+00  0.99239159E-01
  0.82440213E-01  0.68577098E-01  0.56718020E-01  0.46950520E-01  0.38658565E-01
  0.31842814E-01  0.26097942E-01  0.21386102E-01  0.17441194E-01  0.14213516E-01
  0.11528355E-01  0.93374757E-02  0.75259930E-02  0.60526462E-02  0.48417961E-02
  0.38605834E-02  0.30591493E-02  0.24125588E-02  0.18880171E-02  0.14673386E-02
  0.11290250E-02  0.86012164E-03  0.64678791E-03  0.48011583E-03  0.35073368E-03
  0.25156601E-03  0.17584245E-03  0.11876655E-03  0.76558183E-04  0.46376795E-04
  0.25745022E-04  0.12271484E-04  0.39808694E-05 -0.94353148E-06  0.00000000E+00
  0.00000000E+00  0.00000000E+00
  0.10000000E+01  0.27287482E+01  0.41747305E+01  0.53376122E+01  0.63828826E+01
  0.73291060E+01  0.82038073E+01  0.89805817E+01  0.96766795E+01  0.10252028E+02
  0.10731846E+02  0.11093575E+02  0.11350141E+02  0.11506038E+02  0.11556768E+02
  0.11527225E+02  0.11400708E+02  0.11213700E+02  0.10943160E+02  0.10630476E+02
  0.10250963E+02  0.98455051E+01  0.93918078E+01  0.89255909E+01  0.84301969E+01
  0.79327002E+01  0.74240574E+01  0.69208973E+01  0.64222520E+01  0.59342761E+01
  0.54631829E+01  0.50060618E+01  0.45745015E+01  0.41588075E+01  0.37737601E+01
  0.34054406E+01  0.30697301E+01  0.27508477E+01  0.24640918E+01  0.21936922E+01
  0.19532295E+01  0.17282182E+01  0.15299307E+01  0.13458714E+01  0.11848613E+01
  0.10366421E+01  0.90775070E+00  0.79009783E+00  0.68827716E+00  0.59611719E+00
  0.51667384E+00  0.44536369E+00  0.38409920E+00  0.32954872E+00  0.28282185E+00
  0.24153648E+00  0.20626969E+00  0.17533829E+00  0.14898733E+00  0.12603629E+00
  0.10653788E+00  0.89667375E-01  0.75376593E-01  0.63090134E-01  0.52715549E-01
  0.43850710E-01  0.36391872E-01  0.30057043E-01  0.24748030E-01  0.20266658E-01
  0.16527828E-01  0.13391944E-01  0.10789456E-01  0.86223764E-02  0.68367238E-02
  0.53640019E-02  0.41633719E-02  0.31882641E-02  0.24093791E-02  0.17921028E-02
  0.13095260E-02  0.93329442E-03  0.64425001E-03  0.42619085E-03  0.26803824E-03
  0.15814969E-03  0.85929536E-04  0.40780916E-04  0.14062720E-04 -0.94933302E-06
  0.00000000E+00  0.00000000E+00
  0.10000000E+01  0.27559288E+01  0.42606449E+01  0.55143093E+01  0.66657145E+01
  0.77246594E+01  0.87112179E+01  0.95984217E+01  0.10402024E+02  0.11083967E+02
  0.11671289E+02  0.12140416E+02  0.12507756E+02  0.12773131E+02  0.12936541E+02
  0.13015469E+02  0.12998437E+02  0.12913277E+02  0.12742093E+02  0.12518246E+02
  0.12221005E+02  0.11885492E+02  0.11491333E+02  0.11071678E+02  0.10609520E+02
  0.10132658E+02  0.96297574E+01  0.91208914E+01  0.86015764E+01  0.80831441E+01
  0.75679252E+01  0.70588196E+01  0.65639380E+01  0.60790697E+01  0.56164552E+01
  0.51666669E+01  0.47442207E+01  0.43365076E+01  0.39586049E+01  0.35965661E+01
  0.32646759E+01  0.29491033E+01  0.26624408E+01  0.23919628E+01  0.21481118E+01
  0.19198217E+01  0.17152882E+01  0.15253073E+01  0.13559837E+01  0.11999311E+01
  0.10614647E+01  0.93482408E+00  0.82289292E+00  0.72127854E+00  0.63178449E+00
  0.55111780E+00  0.48031030E+00  0.41692246E+00  0.36146536E+00  0.31214386E+00
  0.26913858E+00  0.23113273E+00  0.19811109E+00  0.16910848E+00  0.14400558E+00
  0.12209229E+00  0.10320534E+00  0.86819265E-01  0.72761317E-01  0.60641674E-01
  0.50297467E-01  0.41438560E-01  0.33922427E-01  0.27534579E-01  0.22158625E-01
  0.17637019E-01  0.13877151E-01  0.10768201E-01  0.82419623E-02  0.62086724E-02
  0.45942766E-02  0.33158837E-02  0.23183109E-02  0.15545753E-02  0.99376214E-03
  0.59981511E-03  0.33893749E-03  0.17451218E-03  0.76874345E-04  0.21514565E-04
 -0.81979678E-05  0.00000000E+00
  0.10000000E+01  0.27804782E+01  0.43362210E+01  0.56676028E+01  0.69061722E+01
  0.80559117E+01  0.91312337E+01  0.10106983E+02  0.10997332E+02  0.11768340E+02
  0.12446910E+02  0.13010470E+02  0.13476711E+02  0.13842672E+02  0.14111139E+02
  0.14293905E+02  0.14383631E+02  0.14400771E+02  0.14332221E+02  0.14203726E+02
  0.13998973E+02  0.13746594E+02  0.13429368E+02  0.13076064E+02  0.12671052E+02
  0.12240316E+02  0.11772075E+02  0.11287087E+02  0.10778921E+02  0.10261622E+02
  0.97346355E+01  0.92048858E+01  0.86773008E+01  0.81522286E+01  0.76389978E+01
  0.71325955E+01  0.66452949E+01  0.61682740E+01  0.57152256E+01  0.52751040E+01
  0.48616682E+01  0.44630425E+01  0.40920168E+01  0.37369614E+01  0.34090305E+01
  0.30975633E+01  0.28117586E+01  0.25423219E+01  0.22964567E+01  0.20663718E+01
  0.18574317E+01  0.16633033E+01  0.14877790E+01  0.13258324E+01  0.11799914E+01
  0.10463377E+01  0.92643585E+00  0.81726808E+00  0.71970452E+00  0.63143448E+00
  0.55285390E+00  0.48219790E+00  0.41955326E+00  0.36357267E+00  0.31415609E+00
  0.27026830E+00  0.23171159E+00  0.19768338E+00  0.16794261E+00  0.14186551E+00
  0.11920308E+00  0.99468564E-01  0.82429222E-01  0.67709747E-01  0.55112355E-01
  0.44350556E-01  0.35260348E-01  0.27636812E-01  0.21358467E-01  0.16244319E-01
  0.12134068E-01  0.88392121E-02  0.62355684E-02  0.42189400E-02  0.27230286E-02
  0.16633676E-02  0.95704615E-03  0.50931157E-03  0.24240901E-03  0.90324589E-04
  0.85364763E-05 -0.33243048E-04
  0.10000000E+01  0.28015636E+01  0.44000802E+01  0.57959901E+01  0.71047278E+01
  0.83268943E+01  0.94728755E+01  0.10520479E+02  0.11482327E+02  0.12329253E+02
  0.13086720E+02  0.13734080E+02  0.14288782E+02  0.14746344E+02  0.15111004E+02
  0.15390413E+02  0.15580243E+02  0.15695141E+02  0.15725977E+02  0.15692066E+02
  0.15581177E+02  0.15415916E+02  0.15182461E+02  0.14904794E+02  0.14569462E+02
  0.14199438E+02  0.13783650E+02  0.13341828E+02  0.12866843E+02  0.12373565E+02
  0.11859636E+02  0.11334272E+02  0.10799937E+02  0.10260213E+02  0.97217789E+01
  0.91832489E+01  0.86544712E+01  0.81301686E+01  0.76221211E+01  0.71224038E+01
  0.66435124E+01  0.61760795E+01  0.57322847E+01  0.53023397E+01  0.48973487E+01
  0.45078694E+01  0.41434645E+01  0.37955376E+01  0.34719105E+01  0.31650933E+01
  0.28811806E+01  0.26138618E+01  0.23676609E+01  0.21373959E+01  0.19262515E+01
  0.17300546E+01  0.15509098E+01  0.13854975E+01  0.12350998E+01  0.10970880E+01
  0.97214733E+00  0.85820051E+00  0.75551108E+00  0.66243881E+00  0.57896688E+00
  0.50378648E+00  0.43671506E+00  0.37669422E+00  0.32344646E+00  0.27611456E+00
  0.23437841E+00  0.19754038E+00  0.16528041E+00  0.13704187E+00  0.11254480E+00
  0.91351659E-01  0.73222575E-01  0.57844696E-01  0.45044012E-01  0.34517449E-01
  0.25974589E-01  0.19058607E-01  0.13536998E-01  0.92196371E-02  0.59902332E-02
  0.36871164E-02  0.21435985E-02  0.11607940E-02  0.57291395E-03  0.23676950E-03
  0.55584104E-04 -0.37359795E-04
    80
  0.10000000E+01  0.56298860E+00  0.58452317E+00  0.12850894E+00  0.16552721E-01
  0.15420191E-02  0.11488047E-03  0.72582993E-05  0.40322512E-06  0.20125599E-07
  0.91193348E-09  0.37827593E-10  0.30131664E-12  0.11574771E-12 -0.11642698E-11
  0.11286160E-12 -0.13090546E-11  0.10493831E-12 -0.15863829E-11  0.66972850E-13
 -0.18557411E-11  0.59722711E-13 -0.19961329E-11  0.99070939E-13 -0.20594014E-11
  0.14346722E-12 -0.21753887E-11  0.14986027E-12 -0.24021979E-11  0.12275955E-12
 -0.26684516E-11  0.10368157E-12 -0.28535512E-11  0.00000000E+00  0.00000000E+00
  0.00000000E+00  0.00000000E+00  0.00000000E+00  0.00000000E+00  0.00000000E+00
  0.00000000E+00  0.00000000E+00  0.00000000E+00  0.00000000E+00  0.00000000E+00
  0.00000000E+00  0.00000000E+00  0.00000000E+00  0.00000000E+00  0.00000000E+00
  0.00000000E+00  0.00000000E+00  0.00000000E+00  0.00000000E+00  0.00000000E+00
  0.00000000E+00  0.00000000E+00  0.00000000E+00  0.00000000E+00  0.00000000E+00
  0.00000000E+00  0.00000000E+00  0.00000000E+00  0.00000000E+00  0.00000000E+00
  0.00000000E+00  0.00000000E+00  0.00000000E+00  0.00000000E+00  0.00000000E+00
  0.00000000E+00  0.00000000E+00  0.00000000E+00  0.00000000E+00  0.00000000E+00
  0.00000000E+00  0.00000000E+00  0.00000000E+00  0.00000000E+00  0.00000000E+00
  0.00000000E+00
  0.10000000E+01  0.11440092E+01  0.87083283E+00  0.32563126E+00  0.84279694E-01
  0.16315780E-01  0.25682990E-02  0.34524121E-03  0.40977387E-04  0.43851627E-05
  0.42840968E-06  0.38430397E-07  0.31681490E-08  0.23944407E-09  0.15479160E-10
  0.57314455E-12 -0.12289080E-11 -0.58391549E-12 -0.15777069E-11 -0.75561731E-12
 -0.18566799E-11 -0.86162705E-12 -0.19971213E-11 -0.87385587E-12 -0.20494569E-11
 -0.87184933E-12 -0.21556392E-11 -0.94491947E-12 -0.23898427E-11 -0.10911232E-11
 -0.26680211E-11 -0.12194130E-11 -0.28546512E-11  0.00000000E+00  0.00000000E+00
  0.00000000E+00  0.00000000E+00  0.00000000E+00  0.00000000E+00  0.00000000E+00
  0.00000000E+00  0.00000000E+00  0.00000000E+00  0.00000000E+00  0.00000000E+00
  0.00000000E+00  0.00000000E+00  0.00000000E+00  0.00000000E+00  0.00000000E+00
  0.00000000E+00  0.00000000E+00  0.00000000E+00  0.00000000E+00  0.00000000E+00
  0.00000000E+00  0.00000000E+00  0.00000000E+00  0.00000000E+00  0.00000000E+00
  0.00000000E+00  0.00000000E+00  0.00000000E+00  0.00000000E+00  0.00000000E+00
  0.00000000E+00  0.00000000E+00  0.00000000E+00  0.00000000E+00  0.00000000E+00
  0.00000000E+00  0.00000000E+00  0.00000000E+00  0.00000000E+00  0.00000000E+00
  0.00000000E+00  0.00000000E+00  0.00000000E+00  0.00000000E+00  0.00000000E+00
  0.00000000E+00
  0.10000000E+01  0.16520358E+01  0.13553656E+01  0.68205613E+00  0.26472130E+00
  0.80186523E-01  0.20502117E-01  0.45247782E-02  0.89209032E-03  0.15947556E-03
  0.26237350E-04  0.39934426E-05  0.56313376E-06  0.73426164E-07  0.88237191E-08
  0.97416648E-09  0.96996109E-10  0.81744458E-11 -0.13934310E-11 -0.11972946E-11
 -0.25301464E-11 -0.14293035E-11 -0.27371002E-11 -0.14641035E-11 -0.28353930E-11
 -0.14774358E-11 -0.29943907E-11 -0.15995431E-11 -0.33002253E-11 -0.18262068E-11
 -0.36584937E-11 -0.20312273E-11 -0.39153591E-11  0.00000000E+00  0.00000000E+00
  0.00000000E+00  0.00000000E+00  0.00000000E+00  0.00000000E+00  0.00000000E+00
  0.00000000E+00  0.00000000E+00  0.00000000E+00  0.00000000E+00  0.00000000E+00
  0.00000000E+00  0.00000000E+00  0.00000000E+00  0.00000000E+00  0.00000000E+00
  0.00000000E+00  0.00000000E+00  0.00000000E+00  0.00000000E+00  0.00000000E+00
  0.00000000E+00  0.00000000E+00  0.00000000E+00  0.00000000E+00  0.00000000E+00
  0.00000000E+00  0.00000000E+00  0.00000000E+00  0.00000000E+00  0.00000000E+00
  0.00000000E+00  0.00000000E+00  0.00000000E+00  0.00000000E+00  0.00000000E+00
  0.00000000E+00  0.00000000E+00  0.00000000E+00  0.00000000E+00  0.00000000E+00
  0.00000000E+00  0.00000000E+00  0.00000000E+00  0.00000000E+00  0.00000000E+00
  0.00000000E+00
  0.10000000E+01  0.19829532E+01  0.18714716E+01  0.11787558E+01  0.59760784E+00
  0.24520545E+00  0.87650405E-01  0.27310132E-01  0.77333659E-02  0.19922928E-02
  0.47863125E-03  0.10703897E-03  0.22533364E-04  0.44321678E-05  0.81227752E-06
  0.13777825E-06  0.21521940E-07  0.30873838E-08  0.40370985E-09  0.47532337E-10
  0.19271429E-11 -0.13174590E-11 -0.37845237E-11 -0.19274895E-11 -0.40124530E-11
 -0.19605128E-11 -0.42570233E-11 -0.21196526E-11 -0.46602544E-11 -0.24007589E-11
 -0.51269575E-11 -0.26667215E-11 -0.54894307E-11  0.00000000E+00  0.00000000E+00
  0.00000000E+00  0.00000000E+00  0.00000000E+00  0.00000000E+00  0.00000000E+00
  0.00000000E+00  0.00000000E+00  0.00000000E+00  0.00000000E+00  0.00000000E+00
  0.00000000E+00  0.00000000E+00  0.00000000E+00  0.00000000E+00  0.00000000E+00
  0.00000000E+00  0.00000000E+00  0.00000000E+00  0.00000000E+00  0.00000000E+00
  0.00000000E+00  0.00000000E+00  0.00000000E+00  0.00000000E+00  0.00000000E+00
  0.00000000E+00  0.00000000E+00  0.00000000E+00  0.00000000E+00  0.00000000E+00
  0.00000000E+00  0.00000000E+00  0.00000000E+00  0.00000000E+00  0.00000000E+00
  0.00000000E+00  0.00000000E+00  0.00000000E+00  0.00000000E+00  0.00000000E+00
  0.00000000E+00  0.00000000E+00  0.00000000E+00  0.00000000E+00  0.00000000E+00
  0.00000000E+00
  0.10000000E+01  0.21898051E+01  0.23199823E+01  0.17304654E+01  0.10615699E+01
  0.54328834E+00  0.24676150E+00  0.98918055E-01  0.36530404E-01  0.12314920E-01
  0.39154503E-02  0.11611884E-02  0.32938319E-03  0.88082562E-04  0.22550928E-04
  0.54060093E-05  0.12167035E-05  0.25335126E-06  0.48530962E-07  0.85271901E-08
  0.13698935E-08  0.20152942E-09  0.22445310E-10  0.13376704E-11 -0.52235483E-11
 -0.21512127E-11 -0.59881910E-11 -0.23623107E-11 -0.65201263E-11 -0.26700253E-11
 -0.71340778E-11 -0.30019706E-11 -0.77229846E-11  0.00000000E+00  0.00000000E+00
  0.00000000E+00  0.00000000E+00  0.00000000E+00  0.00000000E+00  0.00000000E+00
  0.00000000E+00  0.00000000E+00  0.00000000E+00  0.00000000E+00  0.00000000E+00
  0.00000000E+00  0.00000000E+00  0.00000000E+00  0.00000000E+00  0.00000000E+00
  0.00000000E+00  0.00000000E+00  0.00000000E+00  0.00000000E+00  0.00000000E+00
  0.00000000E+00  0.00000000E+00  0.00000000E+00  0.00000000E+00  0.00000000E+00
  0.00000000E+00  0.00000000E+00  0.00000000E+00  0.00000000E+00  0.00000000E+00
  0.00000000E+00  0.00000000E+00  0.00000000E+00  0.00000000E+00  0.00000000E+00
  0.00000000E+00  0.00000000E+00  0.00000000E+00  0.00000000E+00  0.00000000E+00
  0.00000000E+00  0.00000000E+00  0.00000000E+00  0.00000000E+00  0.00000000E+00
  0.00000000E+00
  0.10000000E+01  0.23276783E+01  0.26827865E+01  0.22620904E+01  0.15951750E+01
  0.96204975E+00  0.52088997E+00  0.25244876E+00  0.11364287E+00  0.47000825E-01
  0.18460116E-01  0.67764020E-02  0.23983379E-02  0.80220821E-03  0.26109799E-03
  0.80600695E-04  0.24158194E-04  0.67746191E-05  0.18065949E-05  0.44308309E-06
  0.99988168E-07  0.20660082E-07  0.39019416E-08  0.67698607E-09  0.10095740E-09
  0.14112948E-10 -0.59952840E-11 -0.18213912E-11 -0.88537775E-11 -0.24165772E-11
 -0.97626531E-11 -0.29678767E-11 -0.10949367E-10  0.00000000E+00  0.00000000E+00
  0.00000000E+00  0.00000000E+00  0.00000000E+00  0.00000000E+00  0.00000000E+00
  0.00000000E+00  0.00000000E+00  0.00000000E+00  0.00000000E+00  0.00000000E+00
  0.00000000E+00  0.00000000E+00  0.00000000E+00  0.00000000E+00  0.00000000E+00
  0.00000000E+00  0.00000000E+00  0.00000000E+00  0.00000000E+00  0.00000000E+00
  0.00000000E+00  0.00000000E+00  0.00000000E+00  0.00000000E+00  0.00000000E+00
  0.00000000E+00  0.00000000E+00  0.00000000E+00  0.00000000E+00  0.00000000E+00
  0.00000000E+00  0.00000000E+00  0.00000000E+00  0.00000000E+00  0.00000000E+00
  0.00000000E+00  0.00000000E+00  0.00000000E+00  0.00000000E+00  0.00000000E+00
  0.00000000E+00  0.00000000E+00  0.00000000E+00  0.00000000E+00  0.00000000E+00
  0.00000000E+00
  0.10000000E+01  0.24252454E+01  0.29698365E+01  0.27356452E+01  0.21384068E+01
  0.14581558E+01  0.90061821E+00  0.50464282E+00  0.26402292E+00  0.12795705E+00
  0.59102863E-01  0.25628667E-01  0.10752262E-01  0.42722142E-02  0.16608681E-02
  0.61466861E-03  0.22420729E-03  0.77818495E-04  0.26571205E-04  0.84932431E-05
  0.26206296E-05  0.73523672E-06  0.19192233E-06  0.45769482E-07  0.99646964E-08
  0.19905468E-08  0.35509990E-09  0.61130073E-10 -0.18364119E-11  0.10205683E-13
 -0.12939041E-10 -0.26317593E-11 -0.15547870E-10  0.00000000E+00  0.00000000E+00
  0.00000000E+00  0.00000000E+00  0.00000000E+00  0.00000000E+00  0.00000000E+00
  0.00000000E+00  0.00000000E+00  0.00000000E+00  0.00000000E+00  0.00000000E+00
  0.00000000E+00  0.00000000E+00  0.00000000E+00  0.00000000E+00  0.00000000E+00
  0.00000000E+00  0.00000000E+00  0.00000000E+00  0.00000000E+00  0.00000000E+00
  0.00000000E+00  0.00000000E+00  0.00000000E+00  0.00000000E+00  0.00000000E+00
  0.00000000E+00  0.00000000E+00  0.00000000E+00  0.00000000E+00  0.00000000E+00
  0.00000000E+00  0.00000000E+00  0.00000000E+00  0.00000000E+00  0.00000000E+00
  0.00000000E+00  0.00000000E+00  0.00000000E+00  0.00000000E+00  0.00000000E+00
  0.00000000E+00  0.00000000E+00  0.00000000E+00  0.00000000E+00  0.00000000E+00
  0.00000000E+00
  0.10000000E+01  0.24969882E+01  0.31960582E+01  0.31405859E+01  0.26516150E+01
  0.19835616E+01  0.13546120E+01  0.84907180E+00  0.49900098E+00  0.27392029E+00
  0.14360054E+00  0.71080329E-01  0.34081233E-01  0.15534450E-01  0.69374878E-02
  0.29569608E-02  0.12463627E-02  0.50214313E-03  0.20141267E-03  0.77002793E-04
  0.29304557E-04  0.10455059E-04  0.36518578E-05  0.11523625E-05  0.34696389E-06
  0.94192348E-07  0.23365986E-07  0.53068792E-08  0.10903389E-08  0.21285892E-09
  0.20438332E-10  0.42973157E-11 -0.20484719E-10  0.00000000E+00  0.00000000E+00
  0.00000000E+00  0.00000000E+00  0.00000000E+00  0.00000000E+00  0.00000000E+00
  0.00000000E+00  0.00000000E+00  0.00000000E+00  0.00000000E+00  0.00000000E+00
  0.00000000E+00  0.00000000E+00  0.00000000E+00  0.00000000E+00  0.00000000E+00
  0.00000000E+00  0.00000000E+00  0.00000000E+00  0.00000000E+00  0.00000000E+00
  0.00000000E+00  0.00000000E+00  0.00000000E+00  0.00000000E+00  0.00000000E+00
  0.00000000E+00  0.00000000E+00  0.00000000E+00  0.00000000E+00  0.00000000E+00
  0.00000000E+00  0.00000000E+00  0.00000000E+00  0.00000000E+00  0.00000000E+00
  0.00000000E+00  0.00000000E+00  0.00000000E+00  0.00000000E+00  0.00000000E+00
  0.00000000E+00  0.00000000E+00  0.00000000E+00  0.00000000E+00  0.00000000E+00
  0.00000000E+00
  0.10000000E+01  0.25510866E+01  0.33749202E+01  0.34799380E+01  0.31150491E+01
  0.25009288E+01  0.18461658E+01  0.12630423E+01  0.81337283E+00  0.49293249E+00
  0.28575970E+00  0.15732962E+00  0.83932828E-01  0.42761156E-01  0.21340065E-01
  0.10200471E-01  0.48213910E-02  0.21848374E-02  0.98716035E-03  0.42721137E-03
  0.18556080E-03  0.76861810E-04  0.32003082E-04  0.12509745E-04  0.48519903E-05
  0.17013890E-05  0.58131103E-06  0.17454211E-06  0.48701252E-07  0.12404838E-07
  0.28673628E-08  0.61955859E-09  0.95490340E-10  0.00000000E+00  0.00000000E+00
  0.00000000E+00  0.00000000E+00  0.00000000E+00  0.00000000E+00  0.00000000E+00
  0.00000000E+00  0.00000000E+00  0.00000000E+00  0.00000000E+00  0.00000000E+00
  0.00000000E+00  0.00000000E+00  0.00000000E+00  0.00000000E+00  0.00000000E+00
  0.00000000E+00  0.00000000E+00  0.00000000E+00  0.00000000E+00  0.00000000E+00
  0.00000000E+00  0.00000000E+00  0.00000000E+00  0.00000000E+00  0.00000000E+00
  0.00000000E+00  0.00000000E+00  0.00000000E+00  0.00000000E+00  0.00000000E+00
  0.00000000E+00  0.00000000E+00  0.00000000E+00  0.00000000E+00  0.00000000E+00
  0.00000000E+00  0.00000000E+00  0.00000000E+00  0.00000000E+00  0.00000000E+00
  0.00000000E+00  0.00000000E+00  0.00000000E+00  0.00000000E+00  0.00000000E+00
  0.00000000E+00
  0.10000000E+01  0.25926252E+01  0.35171723E+01  0.37617143E+01  0.35223215E+01
  0.29868706E+01  0.23438409E+01  0.17182900E+01  0.11902913E+01  0.78100439E+00
  0.49101983E+00  0.29476177E+00  0.17149167E+00  0.95719521E-01  0.52297788E-01
  0.27477548E-01  0.14259594E-01  0.71197798E-02  0.35406106E-02  0.16922781E-02
  0.81184970E-03  0.37337622E-03  0.17350780E-03  0.76887017E-04  0.34531120E-04
  0.14582784E-04  0.61854190E-05  0.23800994E-05  0.90326447E-06  0.29629778E-06
  0.93859614E-07  0.26635033E-07  0.68747748E-08  0.00000000E+00  0.00000000E+00
  0.00000000E+00  0.00000000E+00  0.00000000E+00  0.00000000E+00  0.00000000E+00
  0.00000000E+00  0.00000000E+00  0.00000000E+00  0.00000000E+00  0.00000000E+00
  0.00000000E+00  0.00000000E+00  0.00000000E+00  0.00000000E+00  0.00000000E+00
  0.00000000E+00  0.00000000E+00  0.00000000E+00  0.00000000E+00  0.00000000E+00
  0.00000000E+00  0.00000000E+00  0.00000000E+00  0.00000000E+00  0.00000000E+00
  0.00000000E+00  0.00000000E+00  0.00000000E+00  0.00000000E+00  0.00000000E+00
  0.00000000E+00  0.00000000E+00  0.00000000E+00  0.00000000E+00  0.00000000E+00
  0.00000000E+00  0.00000000E+00  0.00000000E+00  0.00000000E+00  0.00000000E+00
  0.00000000E+00  0.00000000E+00  0.00000000E+00  0.00000000E+00  0.00000000E+00
  0.00000000E+00
  0.10000000E+01  0.26249551E+01  0.36310306E+01  0.39948452E+01  0.38744442E+01
  0.34294334E+01  0.28251375E+01  0.21886913E+01  0.16081976E+01  0.11254614E+01
  0.75608374E+00  0.48728454E+00  0.30448282E+00  0.18329861E+00  0.10794331E+00
  0.61368147E-01  0.34414009E-01  0.18636767E-01  0.10034368E-01  0.52114077E-02
  0.27116448E-02  0.13577424E-02  0.68615106E-03  0.33245633E-03  0.16366632E-03
  0.76797190E-04  0.36760293E-04  0.16562393E-04  0.75694989E-05  0.31523100E-05
  0.13083382E-05  0.46997277E-06  0.16811447E-06  0.00000000E+00  0.00000000E+00
  0.00000000E+00  0.00000000E+00  0.00000000E+00  0.00000000E+00  0.00000000E+00
  0.00000000E+00  0.00000000E+00  0.00000000E+00  0.00000000E+00  0.00000000E+00
  0.00000000E+00  0.00000000E+00  0.00000000E+00  0.00000000E+00  0.00000000E+00
  0.00000000E+00  0.00000000E+00  0.00000000E+00  0.00000000E+00  0.00000000E+00
  0.00000000E+00  0.00000000E+00  0.00000000E+00  0.00000000E+00  0.00000000E+00
  0.00000000E+00  0.00000000E+00  0.00000000E+00  0.00000000E+00  0.00000000E+00
  0.00000000E+00  0.00000000E+00  0.00000000E+00  0.00000000E+00  0.00000000E+00
  0.00000000E+00  0.00000000E+00  0.00000000E+00  0.00000000E+00  0.00000000E+00
  0.00000000E+00  0.00000000E+00  0.00000000E+00  0.00000000E+00  0.00000000E+00
  0.00000000E+00
  0.10000000E+01  0.26503684E+01  0.37226874E+01  0.41875622E+01  0.41759077E+01
  0.38243832E+01  0.32761049E+01  0.26537851E+01  0.20461379E+01  0.15096158E+01
  0.10712982E+01  0.73230568E+00  0.48564682E+00  0.31144550E+00  0.19530076E+00
  0.11865629E+00  0.71022170E-01  0.41198616E-01  0.23717418E-01  0.13217748E-01
  0.73636673E-02  0.39622879E-02  0.21467373E-02  0.11196759E-02  0.59219712E-03
  0.30021564E-03  0.15535370E-03  0.76593447E-04  0.38728240E-04  0.18457885E-04
  0.90022548E-05  0.40294233E-05  0.18169078E-05  0.71596263E-06  0.00000000E+00
  0.00000000E+00  0.00000000E+00  0.00000000E+00  0.00000000E+00  0.00000000E+00
  0.00000000E+00  0.00000000E+00  0.00000000E+00  0.00000000E+00  0.00000000E+00
  0.00000000E+00  0.00000000E+00  0.00000000E+00  0.00000000E+00  0.00000000E+00
  0.00000000E+00  0.00000000E+00  0.00000000E+00  0.00000000E+00  0.00000000E+00
  0.00000000E+00  0.00000000E+00  0.00000000E+00  0.00000000E+00  0.00000000E+00
  0.00000000E+00  0.00000000E+00  0.00000000E+00  0.00000000E+00  0.00000000E+00
  0.00000000E+00  0.00000000E+00  0.00000000E+00  0.00000000E+00  0.00000000E+00
  0.00000000E+00  0.00000000E+00  0.00000000E+00  0.00000000E+00  0.00000000E+00
  0.00000000E+00  0.00000000E+00  0.00000000E+00  0.00000000E+00  0.00000000E+00
  0.00000000E+00
  0.10000000E+01  0.26704783E+01  0.37968091E+01  0.43469116E+01  0.44324615E+01
  0.41721069E+01  0.36894506E+01  0.30993836E+01  0.24866178E+01  0.19165793E+01
  0.14238177E+01  0.10224312E+01  0.71291586E+00  0.48225798E+00  0.31895162E+00
  0.20502629E+00  0.12971792E+00  0.79795083E-01  0.48634975E-01  0.28792958E-01
  0.17003421E-01  0.97329083E-02  0.55951850E-02  0.31082662E-02  0.17460674E-02
  0.94417049E-03  0.51977372E-03  0.27414299E-03  0.14813601E-03  0.76233266E-04
  0.40390433E-04  0.20190206E-04  0.10390986E-04  0.49379955E-05  0.23841181E-05
  0.10159870E-05  0.43544657E-06  0.00000000E+00  0.00000000E+00  0.00000000E+00
  0.00000000E+00  0.00000000E+00  0.00000000E+00  0.00000000E+00  0.00000000E+00
  0.00000000E+00  0.00000000E+00  0.00000000E+00  0.00000000E+00  0.00000000E+00
  0.00000000E+00  0.00000000E+00  0.00000000E+00  0.00000000E+00  0.00000000E+00
  0.00000000E+00  0.00000000E+00  0.00000000E+00  0.00000000E+00  0.00000000E+00
  0.00000000E+00  0.00000000E+00  0.00000000E+00  0.00000000E+00  0.00000000E+00
  0.00000000E+00  0.00000000E+00  0.00000000E+00  0.00000000E+00  0.00000000E+00
  0.00000000E+00  0.00000000E+00  0.00000000E+00  0.00000000E+00  0.00000000E+00
  0.00000000E+00  0.00000000E+00  0.00000000E+00  0.00000000E+00  0.00000000E+00
  0.00000000E+00
  0.10000000E+01  0.26864482E+01  0.38569366E+01  0.44787333E+01  0.46499828E+01
  0.44754790E+01  0.40625114E+01  0.35167652E+01  0.29165354E+01  0.23315669E+01
  0.18002844E+01  0.13476844E+01  0.98064794E+00  0.69420307E+00  0.48053018E+00
  0.32418330E+00  0.21512117E+00  0.13918707E+00  0.89112081E-01  0.55584712E-01
  0.34519138E-01  0.20846835E-01  0.12613656E-01  0.74014332E-02  0.43792860E-02
  0.25039872E-02  0.14530617E-02  0.81145454E-03  0.46283118E-03  0.25282553E-03
  0.14189190E-03  0.75829044E-04  0.41832900E-04  0.21797930E-04  0.11741260E-04
  0.58751750E-05  0.30090488E-05  0.13776010E-05  0.63629131E-06  0.00000000E+00
  0.00000000E+00  0.00000000E+00  0.00000000E+00  0.00000000E+00  0.00000000E+00
  0.00000000E+00  0.00000000E+00  0.00000000E+00  0.00000000E+00  0.00000000E+00
  0.00000000E+00  0.00000000E+00  0.00000000E+00  0.00000000E+00  0.00000000E+00
  0.00000000E+00  0.00000000E+00  0.00000000E+00  0.00000000E+00  0.00000000E+00
  0.00000000E+00  0.00000000E+00  0.00000000E+00  0.00000000E+00  0.00000000E+00
  0.00000000E+00  0.00000000E+00  0.00000000E+00  0.00000000E+00  0.00000000E+00
  0.00000000E+00  0.00000000E+00  0.00000000E+00  0.00000000E+00  0.00000000E+00
  0.00000000E+00  0.00000000E+00  0.00000000E+00  0.00000000E+00  0.00000000E+00
  0.00000000E+00
  0.10000000E+01  0.26991365E+01  0.39057858E+01  0.45878062E+01  0.48339605E+01
  0.47385337E+01  0.43955946E+01  0.39014278E+01  0.33270010E+01  0.27428909E+01
  0.21885849E+01  0.16974519E+01  0.12811850E+01  0.94302112E+00  0.67895267E+00
  0.47756128E+00  0.33027395E+00  0.22326565E+00  0.14919191E+00  0.97389424E-01
  0.63192721E-01  0.39991732E-01  0.25302849E-01  0.15575602E-01  0.96427901E-02
  0.57896544E-02  0.35173617E-02  0.20646169E-02  0.12336692E-02  0.70921913E-03
  0.41747125E-03  0.23532269E-03  0.13654269E-03  0.75462053E-04  0.43113791E-04
  0.23297310E-04  0.13038910E-04  0.68152206E-05  0.36648519E-05  0.17835585E-05
  0.87794166E-06  0.00000000E+00  0.00000000E+00  0.00000000E+00  0.00000000E+00
  0.00000000E+00  0.00000000E+00  0.00000000E+00  0.00000000E+00  0.00000000E+00
  0.00000000E+00  0.00000000E+00  0.00000000E+00  0.00000000E+00  0.00000000E+00
  0.00000000E+00  0.00000000E+00  0.00000000E+00  0.00000000E+00  0.00000000E+00
  0.00000000E+00  0.00000000E+00  0.00000000E+00  0.00000000E+00  0.00000000E+00
  0.00000000E+00  0.00000000E+00  0.00000000E+00  0.00000000E+00  0.00000000E+00
  0.00000000E+00  0.00000000E+00  0.00000000E+00  0.00000000E+00  0.00000000E+00
  0.00000000E+00  0.00000000E+00  0.00000000E+00  0.00000000E+00  0.00000000E+00
  0.00000000E+00
  0.10000000E+01  0.27280204E+01  0.40246016E+01  0.48649071E+01  0.53238309E+01
  0.54745807E+01  0.53814212E+01  0.51094343E+01  0.47043870E+01  0.42231007E+01
  0.36959457E+01  0.31678272E+01  0.26552569E+01  0.21855005E+01  0.17639982E+01
  0.14004183E+01  0.10934364E+01  0.84041019E+00  0.63734813E+00  0.47580843E+00
  0.35174890E+00  0.25579335E+00  0.18491993E+00  0.13131935E+00  0.93093071E-01
  0.64699877E-01  0.45083674E-01  0.30724554E-01  0.21086599E-01  0.14115542E-01
  0.95577895E-02  0.62941442E-02  0.42104902E-02  0.27314055E-02  0.18070789E-02
  0.11561112E-02  0.75698239E-03  0.47800505E-03  0.30981090E-03  0.19314067E-03
  0.12383672E-03  0.76156014E-04  0.48211435E-04  0.29169862E-04  0.18161043E-04
  0.10754337E-04  0.65426434E-05  0.37540493E-05  0.21948308E-05  0.11815300E-05
  0.63551396E-06  0.00000000E+00  0.00000000E+00  0.00000000E+00  0.00000000E+00
  0.00000000E+00  0.00000000E+00  0.00000000E+00  0.00000000E+00  0.00000000E+00
  0.00000000E+00  0.00000000E+00  0.00000000E+00  0.00000000E+00  0.00000000E+00
  0.00000000E+00  0.00000000E+00  0.00000000E+00  0.00000000E+00  0.00000000E+00
  0.00000000E+00  0.00000000E+00  0.00000000E+00  0.00000000E+00  0.00000000E+00
  0.00000000E+00  0.00000000E+00  0.00000000E+00  0.00000000E+00  0.00000000E+00
  0.00000000E+00
  0.10000000E+01  0.27372729E+01  0.40736605E+01  0.49931320E+01  0.55740870E+01
  0.58846168E+01  0.59792819E+01  0.59031223E+01  0.56888797E+01  0.53734818E+01
  0.49759350E+01  0.45336626E+01  0.40569288E+01  0.35797752E+01  0.31066355E+01
  0.26622883E+01  0.22473888E+01  0.18750361E+01  0.15439270E+01  0.12569010E+01
  0.10121393E+01  0.80567280E+00  0.63600314E+00  0.49595963E+00  0.38463377E+00
  0.29434245E+00  0.22469228E+00  0.16900256E+00  0.12720114E+00  0.94170931E-01
  0.69984858E-01  0.51064644E-01  0.37517092E-01  0.27012270E-01  0.19639766E-01
  0.13969145E-01  0.10059497E-01  0.70755334E-02  0.50499581E-02  0.35158186E-02
  0.24882657E-02  0.17161106E-02  0.12047582E-02  0.82363915E-03  0.57361487E-03
  0.38886902E-03  0.26860240E-03  0.18054386E-03  0.12357929E-03  0.82274155E-04
  0.55696763E-04  0.36630814E-04  0.24429018E-04  0.15786674E-04  0.10299393E-04
  0.64844110E-05  0.41024195E-05  0.24914254E-05  0.15067490E-05  0.86040037E-06
  0.00000000E+00  0.00000000E+00  0.00000000E+00  0.00000000E+00  0.00000000E+00
  0.00000000E+00  0.00000000E+00  0.00000000E+00  0.00000000E+00  0.00000000E+00
  0.00000000E+00  0.00000000E+00  0.00000000E+00  0.00000000E+00  0.00000000E+00
  0.00000000E+00  0.00000000E+00  0.00000000E+00  0.00000000E+00  0.00000000E+00
  0.00000000E+00
  0.10000000E+01  0.27386737E+01  0.40942530E+01  0.50588125E+01  0.57200123E+01
  0.61455742E+01  0.63873041E+01  0.64762882E+01  0.64399097E+01  0.62973924E+01
  0.60610643E+01  0.57560046E+01  0.53859328E+01  0.49818481E+01  0.45433349E+01
  0.41009971E+01  0.36527311E+01  0.32229343E+01  0.28092194E+01  0.24268676E+01
  0.20740889E+01  0.17570977E+01  0.14751218E+01  0.12272980E+01  0.10138667E+01
  0.82958375E+00  0.67541531E+00  0.54421224E+00  0.43728735E+00  0.34737830E+00
  0.27581876E+00  0.21626268E+00  0.16985909E+00  0.13158897E+00  0.10233171E+00
  0.78403446E-01  0.60415275E-01  0.45820499E-01  0.35008741E-01  0.26305392E-01
  0.19939045E-01  0.14854826E-01  0.11175517E-01  0.82610600E-02  0.61707535E-02
  0.45288447E-02  0.33598529E-02  0.24495463E-02  0.18052624E-02  0.13079895E-02
  0.95769200E-03  0.68976067E-03  0.50172373E-03  0.35921244E-03  0.25949703E-03
  0.18462043E-03  0.13236264E-03  0.93489203E-04  0.66424167E-04  0.46484678E-04
  0.32638424E-04  0.22542818E-04  0.15556526E-04  0.10523636E-04  0.70616504E-05
  0.46154866E-05  0.29628515E-05  0.18377680E-05  0.10993678E-05  0.62071110E-06
  0.00000000E+00  0.00000000E+00  0.00000000E+00  0.00000000E+00  0.00000000E+00
  0.00000000E+00  0.00000000E+00  0.00000000E+00  0.00000000E+00  0.00000000E+00
  0.00000000E+00
  0.10000000E+01  0.27391814E+01  0.41104030E+01  0.51127218E+01  0.58436715E+01
  0.63706847E+01  0.67438874E+01  0.69830250E+01  0.71131174E+01  0.71386025E+01
  0.70689311E+01  0.69172330E+01  0.66834232E+01  0.63919669E+01  0.60384655E+01
  0.56532347E+01  0.52305769E+01  0.48002500E+01  0.43569084E+01  0.39248584E+01
  0.35001431E+01  0.30990424E+01  0.27195357E+01  0.23695653E+01  0.20490820E+01
  0.17590135E+01  0.15008997E+01  0.12707745E+01  0.10711657E+01  0.89540654E+00
  0.74640041E+00  0.61658560E+00  0.50875788E+00  0.41569543E+00  0.33978939E+00
  0.27483793E+00  0.22270533E+00  0.17845831E+00  0.14343969E+00  0.11395352E+00
  0.90899087E-01  0.71640459E-01  0.56738175E-01  0.44389041E-01  0.34916623E-01
  0.27130909E-01  0.21202321E-01  0.16369689E-01  0.12711923E-01  0.97552925E-02
  0.75285402E-02  0.57437925E-02  0.44051524E-02  0.33412859E-02  0.25461228E-02
  0.19195096E-02  0.14526225E-02  0.10878151E-02  0.81682750E-03  0.60690459E-03
  0.45148731E-03  0.33216326E-03  0.24416785E-03  0.17724775E-03  0.12815038E-03
  0.91211389E-04  0.64297787E-04  0.44333564E-04  0.30022814E-04  0.19736815E-04
  0.12638382E-04  0.77792801E-05  0.45764762E-05  0.25053858E-05  0.12167542E-05
  0.45659888E-06  0.00000000E+00  0.00000000E+00  0.00000000E+00  0.00000000E+00
  0.00000000E+00
  0.10000000E+01  0.27428598E+01  0.41355251E+01  0.51826540E+01  0.59892581E+01
  0.66205748E+01  0.71237107E+01  0.75084582E+01  0.77979989E+01  0.79848805E+01
  0.80777991E+01  0.80800216E+01  0.79903015E+01  0.78262018E+01  0.75816649E+01
  0.72836219E+01  0.69242695E+01  0.65340437E+01  0.61050980E+01  0.56662371E+01
  0.52108592E+01  0.47623581E+01  0.43163328E+01  0.38887495E+01  0.34778413E+01
  0.30918648E+01  0.27315524E+01  0.23984817E+01  0.20953209E+01  0.18187185E+01
  0.15725146E+01  0.13503440E+01  0.11564694E+01  0.98320150E+00  0.83463348E+00
  0.70301556E+00  0.59189519E+00  0.49425968E+00  0.41294041E+00  0.34205559E+00
  0.28370816E+00  0.23324512E+00  0.19212657E+00  0.15684220E+00  0.12833942E+00
  0.10407313E+00  0.84614252E-01  0.68178893E-01  0.55081322E-01  0.44107061E-01
  0.35407789E-01  0.28177145E-01  0.22471812E-01  0.17767741E-01  0.14071433E-01
  0.11048492E-01  0.86826277E-02  0.67637439E-02  0.52681990E-02  0.40655808E-02
  0.31326888E-02  0.23893461E-02  0.18159048E-02  0.13634767E-02  0.10169029E-02
  0.74655146E-03  0.54132200E-03  0.38365790E-03  0.26644212E-03  0.17961407E-03
  0.11800250E-03  0.74758393E-04  0.45683707E-04  0.26421608E-04  0.14333258E-04
  0.70040885E-05  0.28777677E-05  0.67478070E-06  0.00000000E+00  0.00000000E+00
  0.00000000E+00
  0.10000000E+01  0.27511849E+01  0.41740501E+01  0.52772945E+01  0.61694865E+01
  0.69113405E+01  0.75450844E+01  0.80719336E+01  0.85128554E+01  0.88515557E+01
  0.90969406E+01  0.92450247E+01  0.92951639E+01  0.92589876E+01  0.91308548E+01
  0.89331470E+01  0.86579312E+01  0.83333319E+01  0.79505314E+01  0.75389348E+01
  0.70901598E+01  0.66310143E+01  0.61548545E+01  0.56830567E+01  0.52116358E+01
  0.47550772E+01  0.43123692E+01  0.38909886E+01  0.34926301E+01  0.31186671E+01
  0.27728330E+01  0.24518865E+01  0.21607633E+01  0.18932619E+01  0.16547177E+01
  0.14374761E+01  0.12466370E+01  0.10742752E+01  0.92484165E+00  0.79094163E+00
  0.67617899E+00  0.57413843E+00  0.48754859E+00  0.41114546E+00  0.34686654E+00
  0.29058185E+00  0.24357918E+00  0.20273650E+00  0.16884812E+00  0.13962691E+00
  0.11551803E+00  0.94889808E-01  0.77957508E-01  0.63582603E-01  0.51840240E-01
  0.41950827E-01  0.33911581E-01  0.27197048E-01  0.21767190E-01  0.17271742E-01
  0.13658062E-01  0.10694622E-01  0.83287881E-02  0.64086757E-02  0.48887397E-02
  0.36698221E-02  0.27150114E-02  0.19617286E-02  0.13858115E-02  0.94970967E-03
  0.63351623E-03  0.40775664E-03  0.25334334E-03  0.14949886E-03  0.83463264E-04
  0.42909303E-04  0.19956222E-04  0.75517737E-05  0.14719953E-05 -0.13941149E-05
  0.00000000E+00
  0.10000000E+01  0.27635914E+01  0.42237693E+01  0.53917237E+01  0.63754924E+01
  0.72294800E+01  0.79896913E+01  0.86504700E+01  0.92301575E+01  0.97066852E+01
  0.10089494E+02  0.10369922E+02  0.10548806E+02  0.10633248E+02  0.10619266E+02
  0.10524635E+02  0.10342749E+02  0.10097899E+02  0.97817728E+01  0.94217333E+01
  0.90088938E+01  0.85703244E+01  0.80980197E+01  0.76158009E+01  0.71178306E+01
  0.66226158E+01  0.61272416E+01  0.56439408E+01  0.51728501E+01  0.47199980E+01
  0.42881763E+01  0.38780527E+01  0.34943457E+01  0.31336466E+01  0.28017540E+01
  0.24925933E+01  0.22122537E+01  0.19532921E+01  0.17214678E+01  0.15090107E+01
  0.13209448E+01  0.11499055E+01  0.99998322E+00  0.86465663E+00  0.74705240E+00
  0.64168759E+00  0.55080847E+00  0.46999306E+00  0.40075146E+00  0.33963788E+00
  0.28759083E+00  0.24200026E+00  0.20339138E+00  0.16983212E+00  0.14156815E+00
  0.11719718E+00  0.96787588E-01  0.79338117E-01  0.64815523E-01  0.52511622E-01
  0.42343900E-01  0.33814936E-01  0.26822809E-01  0.21020657E-01  0.16309542E-01
  0.12448538E-01  0.93493208E-02  0.68526803E-02  0.49020173E-02  0.33997492E-02
  0.22924257E-02  0.14916286E-02  0.93653363E-03  0.55907047E-03  0.31634821E-03
  0.16595039E-03  0.80212442E-04  0.33575044E-04  0.10720129E-04 -0.12034083E-06
  0.00000000E+00
  0.10000000E+01  0.27784717E+01  0.42793712E+01  0.55150416E+01  0.65896842E+01
  0.75505265E+01  0.84268723E+01  0.92080751E+01  0.99097336E+01  0.10506751E+02
  0.11009119E+02  0.11405677E+02  0.11698973E+02  0.11892940E+02  0.11985696E+02
  0.11990902E+02  0.11903961E+02  0.11744873E+02  0.11506747E+02  0.11213516E+02
  0.10856831E+02  0.10461932E+02  0.10020446E+02  0.95562365E+01  0.90623774E+01
  0.85591339E+01  0.80420894E+01  0.75264855E+01  0.70108944E+01  0.65049866E+01
  0.60102445E+01  0.55309981E+01  0.50711363E+01  0.46304450E+01  0.42144729E+01
  0.38195711E+01  0.34521387E+01  0.31062787E+01  0.27885099E+01  0.24917733E+01
  0.22221431E+01  0.19722762E+01  0.17474376E+01  0.15406275E+01  0.13561287E+01
  0.11876696E+01  0.10385317E+01  0.90335718E+00  0.78451022E+00  0.67758590E+00
  0.58417471E+00  0.50076443E+00  0.42834070E+00  0.36416921E+00  0.30879091E+00
  0.26012121E+00  0.21838888E+00  0.18203190E+00  0.15107761E+00  0.12436367E+00
  0.10180179E+00  0.82531552E-01  0.66399988E-01  0.52774721E-01  0.41487408E-01
  0.32074813E-01  0.24371284E-01  0.18060682E-01  0.13044568E-01  0.91295605E-02
  0.62064261E-02  0.40713589E-02  0.25757753E-02  0.15499669E-02  0.88436445E-03
  0.46907969E-03  0.23081274E-03  0.10059845E-03  0.36623018E-04  0.61881907E-05
 -0.65661160E-05
  0.10000000E+01  0.27941113E+01  0.43354876E+01  0.56366112E+01  0.67956998E+01
  0.78527892E+01  0.88307625E+01  0.97157617E+01  0.10520827E+02  0.11219993E+02
  0.11823690E+02  0.12319873E+02  0.12712640E+02  0.13003863E+02  0.13193649E+02
  0.13292237E+02  0.13297109E+02  0.13224158E+02  0.13068253E+02  0.12849457E+02
  0.12560558E+02  0.12223895E+02  0.11831490E+02  0.11405699E+02  0.10939274E+02
  0.10452483E+02  0.99400189E+01  0.94184723E+01  0.88851957E+01  0.83521873E+01
  0.78196562E+01  0.72947760E+01  0.67803588E+01  0.62790976E+01  0.57958392E+01
  0.53295416E+01  0.48863606E+01  0.44624708E+01  0.40645984E+01  0.36871197E+01
  0.33366861E+01  0.30067663E+01  0.27034502E+01  0.24200136E+01  0.21616827E+01
  0.19220486E+01  0.17053408E+01  0.15057835E+01  0.13266049E+01  0.11628228E+01
  0.10167519E+01  0.88423665E+00  0.76682827E+00  0.66114517E+00  0.56813616E+00
  0.48511143E+00  0.41255848E+00  0.34837730E+00  0.29273007E+00  0.24398246E+00
  0.20208891E+00  0.16578150E+00  0.13487510E+00  0.10839352E+00  0.86099513E-01
  0.67243755E-01  0.51567235E-01  0.38548036E-01  0.28054437E-01  0.19775437E-01
  0.13530160E-01  0.89323121E-02  0.56844811E-02  0.34413353E-02  0.19751429E-02
  0.10552480E-02  0.52459506E-03  0.23351217E-03  0.90083878E-04  0.21710487E-04
 -0.68625853E-05
    73
  0.10000000E+01  0.44526099E+00  0.55312526E+00  0.10218758E+00  0.10692461E-01
  0.80368350E-03  0.48226592E-04  0.24520358E-05  0.10950475E-06  0.43880041E-08
  0.15844851E-09  0.54454311E-11 -0.10388923E-11  0.23340172E-12 -0.12479246E-11
  0.29070733E-12 -0.14022821E-11  0.30992296E-12 -0.16895629E-11  0.30598310E-12
 -0.19676914E-11  0.32548565E-12 -0.21211111E-11  0.38235619E-12 -0.21969203E-11
  0.44320014E-12 -0.23234165E-11  0.47433760E-12 -0.25608643E-11  0.47670869E-12
 -0.28382408E-11  0.48623869E-12 -0.30314283E-11  0.00000000E+00  0.00000000E+00
  0.00000000E+00  0.00000000E+00  0.00000000E+00  0.00000000E+00  0.00000000E+00
  0.00000000E+00  0.00000000E+00  0.00000000E+00  0.00000000E+00  0.00000000E+00
  0.00000000E+00  0.00000000E+00  0.00000000E+00  0.00000000E+00  0.00000000E+00
  0.00000000E+00  0.00000000E+00  0.00000000E+00  0.00000000E+00  0.00000000E+00
  0.00000000E+00  0.00000000E+00  0.00000000E+00  0.00000000E+00  0.00000000E+00
  0.00000000E+00  0.00000000E+00  0.00000000E+00  0.00000000E+00  0.00000000E+00
  0.00000000E+00  0.00000000E+00  0.00000000E+00  0.00000000E+00  0.00000000E+00
  0.00000000E+00  0.00000000E+00  0.00000000E+00  0.00000000E+00
  0.10000000E+01  0.93446763E+00  0.74385525E+00  0.24792349E+00  0.53607711E-01
  0.85537461E-02  0.10996357E-02  0.12028671E-03  0.11591638E-04  0.10053702E-05
  0.79438341E-07  0.57486154E-08  0.38031166E-09  0.22784361E-10  0.22598471E-12
 -0.28968773E-12 -0.11778016E-11 -0.43708913E-12 -0.14490232E-11 -0.56928981E-12
 -0.17101878E-11 -0.65105456E-12 -0.18375490E-11 -0.65645986E-12 -0.18800697E-11
 -0.65029410E-12 -0.19766366E-11 -0.70438692E-12 -0.21933934E-11 -0.81974310E-12
 -0.24527209E-11 -0.91877459E-12 -0.26257220E-11  0.00000000E+00  0.00000000E+00
  0.00000000E+00  0.00000000E+00  0.00000000E+00  0.00000000E+00  0.00000000E+00
  0.00000000E+00  0.00000000E+00  0.00000000E+00  0.00000000E+00  0.00000000E+00
  0.00000000E+00  0.00000000E+00  0.00000000E+00  0.00000000E+00  0.00000000E+00
  0.00000000E+00  0.00000000E+00  0.00000000E+00  0.00000000E+00  0.00000000E+00
  0.00000000E+00  0.00000000E+00  0.00000000E+00  0.00000000E+00  0.00000000E+00
  0.00000000E+00  0.00000000E+00  0.00000000E+00  0.00000000E+00  0.00000000E+00
  0.00000000E+00  0.00000000E+00  0.00000000E+00  0.00000000E+00  0.00000000E+00
  0.00000000E+00  0.00000000E+00  0.00000000E+00  0.00000000E+00
  0.10000000E+01  0.14349095E+01  0.11195581E+01  0.50833590E+00  0.16947890E+00
  0.43486275E-01  0.92322678E-02  0.16858101E-02  0.27309268E-03  0.40026190E-04
  0.53756595E-05  0.66549533E-06  0.76027826E-07  0.80011264E-08  0.77233707E-09
  0.67788663E-10  0.40739443E-11 -0.47790144E-12 -0.17671382E-11 -0.11155513E-11
 -0.21066188E-11 -0.12691320E-11 -0.22700270E-11 -0.12994712E-11 -0.23340691E-11
 -0.13130261E-11 -0.24604946E-11 -0.14255941E-11 -0.27238895E-11 -0.16243744E-11
 -0.30322572E-11 -0.18015195E-11 -0.32443586E-11  0.00000000E+00  0.00000000E+00
  0.00000000E+00  0.00000000E+00  0.00000000E+00  0.00000000E+00  0.00000000E+00
  0.00000000E+00  0.00000000E+00  0.00000000E+00  0.00000000E+00  0.00000000E+00
  0.00000000E+00  0.00000000E+00  0.00000000E+00  0.00000000E+00  0.00000000E+00
  0.00000000E+00  0.00000000E+00  0.00000000E+00  0.00000000E+00  0.00000000E+00
  0.00000000E+00  0.00000000E+00  0.00000000E+00  0.00000000E+00  0.00000000E+00
  0.00000000E+00  0.00000000E+00  0.00000000E+00  0.00000000E+00  0.00000000E+00
  0.00000000E+00  0.00000000E+00  0.00000000E+00  0.00000000E+00  0.00000000E+00
  0.00000000E+00  0.00000000E+00  0.00000000E+00  0.00000000E+00
  0.10000000E+01  0.18148635E+01  0.15879035E+01  0.89893033E+00  0.39791693E+00
  0.14086023E+00  0.42518525E-01  0.11169545E-01  0.26337633E-02  0.56538353E-03
  0.11215593E-03  0.20673025E-04  0.35493630E-05  0.56626420E-06  0.83596879E-07
  0.11371539E-07  0.14191288E-08  0.16152089E-09  0.14698517E-10  0.40333276E-13
 -0.26396974E-11 -0.18074018E-11 -0.30129814E-11 -0.18799245E-11 -0.31258561E-11
 -0.19156431E-11 -0.33049339E-11 -0.20719531E-11 -0.36351897E-11 -0.23405691E-11
 -0.40243785E-11 -0.25913368E-11 -0.43084651E-11  0.00000000E+00  0.00000000E+00
  0.00000000E+00  0.00000000E+00  0.00000000E+00  0.00000000E+00  0.00000000E+00
  0.00000000E+00  0.00000000E+00  0.00000000E+00  0.00000000E+00  0.00000000E+00
  0.00000000E+00  0.00000000E+00  0.00000000E+00  0.00000000E+00  0.00000000E+00
  0.00000000E+00  0.00000000E+00  0.00000000E+00  0.00000000E+00  0.00000000E+00
  0.00000000E+00  0.00000000E+00  0.00000000E+00  0.00000000E+00  0.00000000E+00
  0.00000000E+00  0.00000000E+00  0.00000000E+00  0.00000000E+00  0.00000000E+00
  0.00000000E+00  0.00000000E+00  0.00000000E+00  0.00000000E+00  0.00000000E+00
  0.00000000E+00  0.00000000E+00  0.00000000E+00  0.00000000E+00
  0.10000000E+01  0.20682617E+01  0.20395944E+01  0.13761642E+01  0.74801647E+00
  0.33488276E+00  0.13073161E+00  0.44926045E-01  0.14030734E-01  0.40097676E-02
  0.10685500E-02  0.26640744E-03  0.62681737E-04  0.13869917E-04  0.28795124E-05
  0.55670212E-06  0.99577087E-07  0.16400307E-07  0.24784385E-08  0.34258901E-09
  0.40335023E-10  0.28095511E-11 -0.33856328E-11 -0.23889135E-11 -0.41182962E-11
 -0.25079182E-11 -0.43717677E-11 -0.27077709E-11 -0.47844940E-11 -0.30381711E-11
 -0.52680375E-11 -0.33551718E-11 -0.56531400E-11  0.00000000E+00  0.00000000E+00
  0.00000000E+00  0.00000000E+00  0.00000000E+00  0.00000000E+00  0.00000000E+00
  0.00000000E+00  0.00000000E+00  0.00000000E+00  0.00000000E+00  0.00000000E+00
  0.00000000E+00  0.00000000E+00  0.00000000E+00  0.00000000E+00  0.00000000E+00
  0.00000000E+00  0.00000000E+00  0.00000000E+00  0.00000000E+00  0.00000000E+00
  0.00000000E+00  0.00000000E+00  0.00000000E+00  0.00000000E+00  0.00000000E+00
  0.00000000E+00  0.00000000E+00  0.00000000E+00  0.00000000E+00  0.00000000E+00
  0.00000000E+00  0.00000000E+00  0.00000000E+00  0.00000000E+00  0.00000000E+00
  0.00000000E+00  0.00000000E+00  0.00000000E+00  0.00000000E+00
  0.10000000E+01  0.22383140E+01  0.24283846E+01  0.18769328E+01  0.11912952E+01
  0.63757769E+00  0.30205526E+00  0.12742869E+00  0.49343630E-01  0.17572842E-01
  0.58772133E-02  0.18456281E-02  0.55202603E-03  0.15672952E-03  0.42497859E-04
  0.10888666E-04  0.26262284E-05  0.58924177E-06  0.12211148E-06  0.23265461E-07
  0.40651931E-08  0.65109571E-09  0.91595991E-10  0.10262659E-10 -0.36838148E-11
 -0.28161828E-11 -0.56608586E-11 -0.32365916E-11 -0.61840238E-11 -0.36098913E-11
 -0.67844733E-11 -0.40291594E-11 -0.74098315E-11  0.00000000E+00  0.00000000E+00
  0.00000000E+00  0.00000000E+00  0.00000000E+00  0.00000000E+00  0.00000000E+00
  0.00000000E+00  0.00000000E+00  0.00000000E+00  0.00000000E+00  0.00000000E+00
  0.00000000E+00  0.00000000E+00  0.00000000E+00  0.00000000E+00  0.00000000E+00
  0.00000000E+00  0.00000000E+00  0.00000000E+00  0.00000000E+00  0.00000000E+00
  0.00000000E+00  0.00000000E+00  0.00000000E+00  0.00000000E+00  0.00000000E+00
  0.00000000E+00  0.00000000E+00  0.00000000E+00  0.00000000E+00  0.00000000E+00
  0.00000000E+00  0.00000000E+00  0.00000000E+00  0.00000000E+00  0.00000000E+00
  0.00000000E+00  0.00000000E+00  0.00000000E+00  0.00000000E+00
  0.10000000E+01  0.23583532E+01  0.27490626E+01  0.23547670E+01  0.16824596E+01
  0.10333755E+01  0.56804566E+00  0.28118392E+00  0.12870339E+00  0.54493745E-01
  0.21782676E-01  0.82001576E-02  0.29551603E-02  0.10149314E-02  0.33640256E-03
  0.10673859E-03  0.32602078E-04  0.94300838E-05  0.25760077E-05  0.65343049E-06
  0.15295788E-06  0.32884134E-07  0.64811754E-08  0.11727073E-08  0.18965627E-09
  0.27005738E-10 -0.28128742E-11 -0.29608901E-11 -0.76837924E-11 -0.39582318E-11
 -0.85797858E-11 -0.46731501E-11 -0.97874790E-11  0.00000000E+00  0.00000000E+00
  0.00000000E+00  0.00000000E+00  0.00000000E+00  0.00000000E+00  0.00000000E+00
  0.00000000E+00  0.00000000E+00  0.00000000E+00  0.00000000E+00  0.00000000E+00
  0.00000000E+00  0.00000000E+00  0.00000000E+00  0.00000000E+00  0.00000000E+00
  0.00000000E+00  0.00000000E+00  0.00000000E+00  0.00000000E+00  0.00000000E+00
  0.00000000E+00  0.00000000E+00  0.00000000E+00  0.00000000E+00  0.00000000E+00
  0.00000000E+00  0.00000000E+00  0.00000000E+00  0.00000000E+00  0.00000000E+00
  0.00000000E+00  0.00000000E+00  0.00000000E+00  0.00000000E+00  0.00000000E+00
  0.00000000E+00  0.00000000E+00  0.00000000E+00  0.00000000E+00
  0.10000000E+01  0.24470303E+01  0.30101430E+01  0.27863345E+01  0.21806523E+01
  0.14905643E+01  0.92008487E+00  0.51671344E+00  0.26987992E+00  0.13119289E+00
  0.60443730E-01  0.26318425E-01  0.11004669E-01  0.43954673E-02  0.17013843E-02
  0.63345501E-03  0.22965306E-03  0.80137123E-04  0.27085726E-04  0.86856374E-05
  0.26410029E-05  0.74417889E-06  0.19371230E-06  0.46288038E-07  0.10137046E-07
  0.20396875E-08  0.37065362E-09  0.61748909E-10  0.10658861E-11 -0.24640894E-11
 -0.10471239E-10 -0.54044330E-11 -0.12975442E-10  0.00000000E+00  0.00000000E+00
  0.00000000E+00  0.00000000E+00  0.00000000E+00  0.00000000E+00  0.00000000E+00
  0.00000000E+00  0.00000000E+00  0.00000000E+00  0.00000000E+00  0.00000000E+00
  0.00000000E+00  0.00000000E+00  0.00000000E+00  0.00000000E+00  0.00000000E+00
  0.00000000E+00  0.00000000E+00  0.00000000E+00  0.00000000E+00  0.00000000E+00
  0.00000000E+00  0.00000000E+00  0.00000000E+00  0.00000000E+00  0.00000000E+00
  0.00000000E+00  0.00000000E+00  0.00000000E+00  0.00000000E+00  0.00000000E+00
  0.00000000E+00  0.00000000E+00  0.00000000E+00  0.00000000E+00  0.00000000E+00
  0.00000000E+00  0.00000000E+00  0.00000000E+00  0.00000000E+00
  0.10000000E+01  0.25146843E+01  0.32224929E+01  0.31645057E+01  0.26580197E+01
  0.19755004E+01  0.13363179E+01  0.82992048E+00  0.48171810E+00  0.26179676E+00
  0.13526308E+00  0.66301628E-01  0.31276183E-01  0.14128139E-01  0.61971145E-02
  0.26202385E-02  0.10826263E-02  0.43285985E-03  0.16958456E-03  0.64172763E-04
  0.23630550E-04  0.82650086E-05  0.27502242E-05  0.84601494E-06  0.24105691E-06
  0.62996561E-07  0.15082258E-07  0.33181442E-08  0.66283709E-09  0.12285390E-09
  0.89527877E-11 -0.27391275E-11 -0.16309575E-10  0.00000000E+00  0.00000000E+00
  0.00000000E+00  0.00000000E+00  0.00000000E+00  0.00000000E+00  0.00000000E+00
  0.00000000E+00  0.00000000E+00  0.00000000E+00  0.00000000E+00  0.00000000E+00
  0.00000000E+00  0.00000000E+00  0.00000000E+00  0.00000000E+00  0.00000000E+00
  0.00000000E+00  0.00000000E+00  0.00000000E+00  0.00000000E+00  0.00000000E+00
  0.00000000E+00  0.00000000E+00  0.00000000E+00  0.00000000E+00  0.00000000E+00
  0.00000000E+00  0.00000000E+00  0.00000000E+00  0.00000000E+00  0.00000000E+00
  0.00000000E+00  0.00000000E+00  0.00000000E+00  0.00000000E+00  0.00000000E+00
  0.00000000E+00  0.00000000E+00  0.00000000E+00  0.00000000E+00
  0.10000000E+01  0.25675025E+01  0.33959149E+01  0.34907329E+01  0.30992334E+01
  0.24608724E+01  0.17908660E+01  0.12060218E+01  0.76242800E+00  0.45379583E+00
  0.25747372E+00  0.13912329E+00  0.72466680E-01  0.36242449E-01  0.17621852E-01
  0.82753583E-02  0.38026850E-02  0.16946356E-02  0.74240336E-03  0.31602642E-03
  0.13244159E-03  0.53749646E-04  0.21312685E-04  0.80385813E-05  0.28947505E-05
  0.96251253E-06  0.29786640E-06  0.84397193E-07  0.21904907E-07  0.52226964E-08
  0.11323561E-08  0.22664848E-09  0.23698461E-10  0.00000000E+00  0.00000000E+00
  0.00000000E+00  0.00000000E+00  0.00000000E+00  0.00000000E+00  0.00000000E+00
  0.00000000E+00  0.00000000E+00  0.00000000E+00  0.00000000E+00  0.00000000E+00
  0.00000000E+00  0.00000000E+00  0.00000000E+00  0.00000000E+00  0.00000000E+00
  0.00000000E+00  0.00000000E+00  0.00000000E+00  0.00000000E+00  0.00000000E+00
  0.00000000E+00  0.00000000E+00  0.00000000E+00  0.00000000E+00  0.00000000E+00
  0.00000000E+00  0.00000000E+00  0.00000000E+00  0.00000000E+00  0.00000000E+00
  0.00000000E+00  0.00000000E+00  0.00000000E+00  0.00000000E+00  0.00000000E+00
  0.00000000E+00  0.00000000E+00  0.00000000E+00  0.00000000E+00
  0.10000000E+01  0.26094745E+01  0.35384264E+01  0.37701149E+01  0.34979428E+01
  0.29279524E+01  0.22601984E+01  0.16255045E+01  0.11019441E+01  0.70682503E+00
  0.43326984E+00  0.25385006E+00  0.14358334E+00  0.78187615E-01  0.41429133E-01
  0.21245168E-01  0.10667380E-01  0.52033420E-02  0.24973902E-02  0.11673356E-02
  0.53876667E-03  0.24230872E-03  0.10767047E-03  0.46415070E-04  0.19611611E-04
  0.78914483E-05  0.30410405E-05  0.10817464E-05  0.35993011E-06  0.10928816E-06
  0.30419374E-07  0.77755562E-08  0.18107965E-08  0.00000000E+00  0.00000000E+00
  0.00000000E+00  0.00000000E+00  0.00000000E+00  0.00000000E+00  0.00000000E+00
  0.00000000E+00  0.00000000E+00  0.00000000E+00  0.00000000E+00  0.00000000E+00
  0.00000000E+00  0.00000000E+00  0.00000000E+00  0.00000000E+00  0.00000000E+00
  0.00000000E+00  0.00000000E+00  0.00000000E+00  0.00000000E+00  0.00000000E+00
  0.00000000E+00  0.00000000E+00  0.00000000E+00  0.00000000E+00  0.00000000E+00
  0.00000000E+00  0.00000000E+00  0.00000000E+00  0.00000000E+00  0.00000000E+00
  0.00000000E+00  0.00000000E+00  0.00000000E+00  0.00000000E+00  0.00000000E+00
  0.00000000E+00  0.00000000E+00  0.00000000E+00  0.00000000E+00
  0.10000000E+01  0.26433097E+01  0.36563487E+01  0.40087921E+01  0.38532906E+01
  0.33656348E+01  0.27259367E+01  0.20689134E+01  0.14857721E+01  0.10140598E+01
  0.66298925E+00  0.41569321E+00  0.25197243E+00  0.14742017E+00  0.83989381E-01
  0.46404653E-01  0.25113821E-01  0.13225769E-01  0.68553984E-02  0.34661411E-02
  0.17316243E-02  0.84503897E-03  0.40858769E-03  0.19293263E-03  0.90278407E-04
  0.41057619E-04  0.18364611E-04  0.78420206E-05  0.32205205E-05  0.12234212E-05
  0.43703716E-06  0.14187320E-06  0.42367897E-07  0.00000000E+00  0.00000000E+00
  0.00000000E+00  0.00000000E+00  0.00000000E+00  0.00000000E+00  0.00000000E+00
  0.00000000E+00  0.00000000E+00  0.00000000E+00  0.00000000E+00  0.00000000E+00
  0.00000000E+00  0.00000000E+00  0.00000000E+00  0.00000000E+00  0.00000000E+00
  0.00000000E+00  0.00000000E+00  0.00000000E+00  0.00000000E+00  0.00000000E+00
  0.00000000E+00  0.00000000E+00  0.00000000E+00  0.00000000E+00  0.00000000E+00
  0.00000000E+00  0.00000000E+00  0.00000000E+00  0.00000000E+00  0.00000000E+00
  0.00000000E+00  0.00000000E+00  0.00000000E+00  0.00000000E+00  0.00000000E+00
  0.00000000E+00  0.00000000E+00  0.00000000E+00  0.00000000E+00
  0.10000000E+01  0.26709138E+01  0.37545999E+01  0.42127455E+01  0.41673921E+01
  0.37684731E+01  0.31752438E+01  0.25195608E+01  0.18984015E+01  0.13647356E+01
  0.94197990E+00  0.62542181E+00  0.40199219E+00  0.24999095E+00  0.15150164E+00
  0.89212465E-01  0.51474270E-01  0.28948396E-01  0.16025089E-01  0.86658877E-02
  0.46306388E-02  0.24207410E-02  0.12544353E-02  0.63638418E-03  0.32072588E-03
  0.15811094E-03  0.77421050E-04  0.36897666E-04  0.17341854E-04  0.77977944E-05
  0.33841334E-05  0.13615725E-05  0.51700742E-06  0.00000000E+00  0.00000000E+00
  0.00000000E+00  0.00000000E+00  0.00000000E+00  0.00000000E+00  0.00000000E+00
  0.00000000E+00  0.00000000E+00  0.00000000E+00  0.00000000E+00  0.00000000E+00
  0.00000000E+00  0.00000000E+00  0.00000000E+00  0.00000000E+00  0.00000000E+00
  0.00000000E+00  0.00000000E+00  0.00000000E+00  0.00000000E+00  0.00000000E+00
  0.00000000E+00  0.00000000E+00  0.00000000E+00  0.00000000E+00  0.00000000E+00
  0.00000000E+00  0.00000000E+00  0.00000000E+00  0.00000000E+00  0.00000000E+00
  0.00000000E+00  0.00000000E+00  0.00000000E+00  0.00000000E+00  0.00000000E+00
  0.00000000E+00  0.00000000E+00  0.00000000E+00  0.00000000E+00
  0.10000000E+01  0.26936622E+01  0.38369962E+01  0.43873260E+01  0.44437487E+01
  0.41347978E+01  0.36000561E+01  0.29645227E+01  0.23255557E+01  0.17465933E+01
  0.12622703E+01  0.87990262E+00  0.59460625E+00  0.38961673E+00  0.24898066E+00
  0.15488098E+00  0.94435349E-01  0.56210763E-01  0.32935848E-01  0.18878231E-01
  0.10691053E-01  0.59311173E-02  0.32613701E-02  0.17582722E-02  0.94203434E-03
  0.49492424E-03  0.25886619E-03  0.13261231E-03  0.67607075E-04  0.33590256E-04
  0.16498971E-04  0.77717493E-05  0.35458415E-05  0.15041798E-05  0.60398965E-06
  0.00000000E+00  0.00000000E+00  0.00000000E+00  0.00000000E+00  0.00000000E+00
  0.00000000E+00  0.00000000E+00  0.00000000E+00  0.00000000E+00  0.00000000E+00
  0.00000000E+00  0.00000000E+00  0.00000000E+00  0.00000000E+00  0.00000000E+00
  0.00000000E+00  0.00000000E+00  0.00000000E+00  0.00000000E+00  0.00000000E+00
  0.00000000E+00  0.00000000E+00  0.00000000E+00  0.00000000E+00  0.00000000E+00
  0.00000000E+00  0.00000000E+00  0.00000000E+00  0.00000000E+00  0.00000000E+00
  0.00000000E+00  0.00000000E+00  0.00000000E+00  0.00000000E+00  0.00000000E+00
  0.00000000E+00  0.00000000E+00  0.00000000E+00  0.00000000E+00
  0.10000000E+01  0.27125679E+01  0.39065082E+01  0.45371307E+01  0.46863307E+01
  0.44652599E+01  0.39959716E+01  0.33945943E+01  0.27553185E+01  0.21476824E+01
  0.16142972E+01  0.11732265E+01  0.82773198E+00  0.56738307E+00  0.37960435E+00
  0.24763797E+00  0.15840649E+00  0.99062726E-01  0.60988286E-01  0.36778803E-01
  0.21910849E-01  0.12803092E-01  0.74132970E-02  0.42137652E-02  0.23797618E-02
  0.13198672E-02  0.72895016E-03  0.39528640E-03  0.21375580E-03  0.11333031E-03
  0.59886622E-04  0.30876518E-04  0.15769798E-04  0.77418445E-05  0.36929917E-05
  0.16431047E-05  0.69381886E-06  0.00000000E+00  0.00000000E+00  0.00000000E+00
  0.00000000E+00  0.00000000E+00  0.00000000E+00  0.00000000E+00  0.00000000E+00
  0.00000000E+00  0.00000000E+00  0.00000000E+00  0.00000000E+00  0.00000000E+00
  0.00000000E+00  0.00000000E+00  0.00000000E+00  0.00000000E+00  0.00000000E+00
  0.00000000E+00  0.00000000E+00  0.00000000E+00  0.00000000E+00  0.00000000E+00
  0.00000000E+00  0.00000000E+00  0.00000000E+00  0.00000000E+00  0.00000000E+00
  0.00000000E+00  0.00000000E+00  0.00000000E+00  0.00000000E+00  0.00000000E+00
  0.00000000E+00  0.00000000E+00  0.00000000E+00  0.00000000E+00
  0.10000000E+01  0.27625479E+01  0.40955738E+01  0.49569876E+01  0.53934672E+01
  0.54752030E+01  0.52772438E+01  0.48795439E+01  0.43518147E+01  0.37613257E+01
  0.31579461E+01  0.25831807E+01  0.20619208E+01  0.16092033E+01  0.12299594E+01
  0.92158376E+00  0.67841251E+00  0.49055766E+00  0.34949420E+00  0.24495434E+00
  0.16959554E+00  0.11564257E+00  0.78080616E-01  0.51960328E-01  0.34314613E-01
  0.22345771E-01  0.14470084E-01  0.92418883E-02  0.58805215E-02  0.36906685E-02
  0.23114410E-02  0.14276897E-02  0.88123152E-03  0.53623619E-03  0.32642357E-03
  0.19573779E-03  0.11745908E-03  0.69316674E-04  0.40893380E-04  0.23633016E-04
  0.13593214E-04  0.75820240E-05  0.41497754E-05  0.21499730E-05  0.10671767E-05
  0.48688007E-06  0.00000000E+00  0.00000000E+00  0.00000000E+00  0.00000000E+00
  0.00000000E+00  0.00000000E+00  0.00000000E+00  0.00000000E+00  0.00000000E+00
  0.00000000E+00  0.00000000E+00  0.00000000E+00  0.00000000E+00  0.00000000E+00
  0.00000000E+00  0.00000000E+00  0.00000000E+00  0.00000000E+00  0.00000000E+00
  0.00000000E+00  0.00000000E+00  0.00000000E+00  0.00000000E+00  0.00000000E+00
  0.00000000E+00  0.00000000E+00  0.00000000E+00  0.00000000E+00
  0.10000000E+01  0.27886817E+01  0.41991081E+01  0.51966389E+01  0.58176949E+01
  0.61165284E+01  0.61470743E+01  0.59646881E+01  0.56184251E+01  0.51593216E+01
  0.46275499E+01  0.40648238E+01  0.34993650E+01  0.29585309E+01  0.24575556E+01
  0.20088247E+01  0.16168077E+01  0.12825166E+01  0.10037178E+01  0.77513734E+00
  0.59170775E+00  0.44612859E+00  0.33308065E+00  0.24578812E+00  0.17990493E+00
  0.13021264E+00  0.93632621E-01  0.66597597E-01  0.47130827E-01  0.32997231E-01
  0.23018214E-01  0.15885969E-01  0.10937932E-01  0.74506125E-02  0.50690947E-02
  0.34116473E-02  0.22957010E-02  0.15278968E-02  0.10175150E-02  0.67004581E-03
  0.44174205E-03  0.28784349E-03  0.18780155E-03  0.12100656E-03  0.78027527E-04
  0.49611262E-04  0.31517841E-04  0.19684970E-04  0.12241408E-04  0.74378936E-05
  0.44585047E-05  0.25685489E-05  0.14297328E-05  0.74495775E-06  0.00000000E+00
  0.00000000E+00  0.00000000E+00  0.00000000E+00  0.00000000E+00  0.00000000E+00
  0.00000000E+00  0.00000000E+00  0.00000000E+00  0.00000000E+00  0.00000000E+00
  0.00000000E+00  0.00000000E+00  0.00000000E+00  0.00000000E+00  0.00000000E+00
  0.00000000E+00  0.00000000E+00  0.00000000E+00  0.00000000E+00
  0.10000000E+01  0.28027353E+01  0.42581308E+01  0.53390415E+01  0.60806852E+01
  0.65317259E+01  0.67374204E+01  0.67385498E+01  0.65718821E+01  0.62736652E+01
  0.58733203E+01  0.54045570E+01  0.48907267E+01  0.43601983E+01  0.38296993E+01
  0.33191820E+01  0.28384089E+01  0.23980524E+01  0.20018266E+01  0.16525770E+01
  0.13497980E+01  0.10911513E+01  0.87386974E+00  0.69307909E+00  0.54528311E+00
  0.42504322E+00  0.32906777E+00  0.25249253E+00  0.19264930E+00  0.14570974E+00
  0.10971155E+00  0.81897900E-01  0.60924358E-01  0.44935956E-01  0.33060855E-01
  0.24117407E-01  0.17564808E-01  0.12683992E-01  0.91516488E-02  0.65470139E-02
  0.46827709E-02  0.33209597E-02  0.23559610E-02  0.16571836E-02  0.11664796E-02
  0.81407196E-03  0.56862484E-03  0.39373676E-03  0.27284508E-03  0.18736500E-03
  0.12869556E-03  0.87532108E-04  0.59480751E-04  0.39964244E-04  0.26771328E-04
  0.17685577E-04  0.11608848E-04  0.74830531E-05  0.47646201E-05  0.29502477E-05
  0.17763710E-05  0.10167796E-05  0.55011183E-06  0.00000000E+00  0.00000000E+00
  0.00000000E+00  0.00000000E+00  0.00000000E+00  0.00000000E+00  0.00000000E+00
  0.00000000E+00  0.00000000E+00  0.00000000E+00  0.00000000E+00
  0.10000000E+01  0.28104817E+01  0.42936222E+01  0.54290236E+01  0.62542557E+01
  0.68166647E+01  0.71581818E+01  0.73106689E+01  0.73039888E+01  0.71633167E+01
  0.69099311E+01  0.65686538E+01  0.61564969E+01  0.56978214E+01  0.52065750E+01
  0.47041203E+01  0.42009290E+01  0.37129945E+01  0.32469662E+01  0.28125044E+01
  0.24127401E+01  0.20515331E+01  0.17293220E+01  0.14456325E+01  0.11992082E+01
  0.98696112E+00  0.80682381E+00  0.65458426E+00  0.52799800E+00  0.42277436E+00
  0.33686399E+00  0.26649008E+00  0.20996410E+00  0.16426208E+00  0.12808809E+00
  0.99183689E-01  0.76605802E-01  0.58757715E-01  0.44981445E-01  0.34197909E-01
  0.25963668E-01  0.19576787E-01  0.14747073E-01  0.11032732E-01  0.82486531E-02
  0.61246864E-02  0.45454063E-02  0.33497798E-02  0.24673063E-02  0.18041489E-02
  0.13180537E-02  0.95544617E-03  0.69144062E-03  0.49600251E-03  0.35472083E-03
  0.25102987E-03  0.17670990E-03  0.12275392E-03  0.84534332E-04  0.57219254E-04
  0.38216507E-04  0.24907989E-04  0.15832158E-04  0.96394111E-05  0.55950065E-05
  0.30279381E-05  0.15182673E-05  0.67606448E-06  0.00000000E+00  0.00000000E+00
  0.00000000E+00  0.00000000E+00  0.00000000E+00  0.00000000E+00
  0.10000000E+01  0.28152327E+01  0.43177937E+01  0.54932450E+01  0.63827816E+01
  0.70339933E+01  0.74874784E+01  0.77690183E+01  0.79042997E+01  0.79103323E+01
  0.78026715E+01  0.75985092E+01  0.73094138E+01  0.69544315E+01  0.65437112E+01
  0.60967634E+01  0.56224525E+01  0.51384062E+01  0.46516720E+01  0.41760281E+01
  0.37163577E+01  0.32816726E+01  0.28747406E+01  0.24999661E+01  0.21583633E+01
  0.18506186E+01  0.15764963E+01  0.13341525E+01  0.11225994E+01  0.93860727E+00
  0.78084022E+00  0.64559036E+00  0.53145635E+00  0.43486049E+00  0.35450606E+00
  0.28728115E+00  0.23207671E+00  0.18637585E+00  0.14928172E+00  0.11886893E+00
  0.94442788E-01  0.74595090E-01  0.58806301E-01  0.46084381E-01  0.36052162E-01
  0.28032816E-01  0.21759581E-01  0.16783309E-01  0.12919738E-01  0.98779569E-02
  0.75333724E-02  0.57016376E-02  0.43001269E-02  0.32142224E-02  0.23902030E-02
  0.17579777E-02  0.12831852E-02  0.92355729E-03  0.65739646E-03  0.45955537E-03
  0.31631715E-03  0.21228002E-03  0.13860577E-03  0.86565978E-04  0.51454755E-04
  0.28559904E-04  0.14808578E-04  0.70041538E-05  0.30118816E-05  0.10717953E-05
  0.22617163E-06  0.00000000E+00  0.00000000E+00  0.00000000E+00
  0.10000000E+01  0.28190509E+01  0.43382097E+01  0.55482449E+01  0.64940795E+01
  0.72237567E+01  0.77769067E+01  0.81745605E+01  0.84393893E+01  0.85821617E+01
  0.86143417E+01  0.85470282E+01  0.83876909E+01  0.81503130E+01  0.78416833E+01
  0.74782080E+01  0.70665387E+01  0.66236803E+01  0.61557639E+01  0.56782739E+01
  0.51963529E+01  0.47223522E+01  0.42601493E+01  0.38181982E+01  0.33990702E+01
  0.30073645E+01  0.26444879E+01  0.23117891E+01  0.20097518E+01  0.17373495E+01
  0.14944089E+01  0.12784310E+01  0.10888289E+01  0.92240406E+00  0.77835223E+00
  0.65334835E+00  0.54651502E+00  0.45476746E+00  0.37725120E+00  0.31131423E+00
  0.25618228E+00  0.20970076E+00  0.17120382E+00  0.13901754E+00  0.11259230E+00
  0.90674645E-01  0.72826237E-01  0.58136978E-01  0.46267792E-01  0.36575150E-01
  0.28803473E-01  0.22508553E-01  0.17502120E-01  0.13483608E-01  0.10317783E-01
  0.78046858E-02  0.58488868E-02  0.43191272E-02  0.31488601E-02  0.22531220E-02
  0.15850151E-02  0.10864334E-02  0.72314084E-03  0.45974211E-03  0.27751860E-03
  0.15627764E-03  0.82208752E-04  0.39636669E-04  0.17663606E-04  0.69096680E-05
  0.22340788E-05  0.27911840E-06  0.00000000E+00  0.00000000E+00
  0.10000000E+01  0.28231692E+01  0.43592962E+01  0.56035940E+01  0.66041314E+01
  0.74089180E+01  0.80562155E+01  0.85629139E+01  0.89490375E+01  0.92204043E+01
  0.93854136E+01  0.94504256E+01  0.94200121E+01  0.93038706E+01  0.91063100E+01
  0.88404536E+01  0.85110018E+01  0.81332303E+01  0.77119831E+01  0.72627849E+01
  0.67902409E+01  0.63083296E+01  0.58211008E+01  0.53397412E+01  0.48675524E+01
  0.44123627E+01  0.39766581E+01  0.35649456E+01  0.31789268E+01  0.28202483E+01
  0.24899217E+01  0.21874146E+01  0.19131744E+01  0.16652175E+01  0.14435606E+01
  0.12454229E+01  0.10705166E+01  0.91577969E+00  0.78073101E+00  0.66238744E+00
  0.56016588E+00  0.47137992E+00  0.39541520E+00  0.32998635E+00  0.27449809E+00
  0.22709050E+00  0.18722009E+00  0.15342585E+00  0.12523490E+00  0.10153302E+00
  0.81923302E-01  0.65579055E-01  0.52176933E-01  0.41116343E-01  0.32143051E-01
  0.24828187E-01  0.18975693E-01  0.14283123E-01  0.10600798E-01  0.77185825E-02
  0.55195425E-02  0.38441958E-02  0.25961971E-02  0.16727893E-02  0.10213168E-02
  0.58103265E-03  0.30843323E-03  0.15021489E-03  0.67922060E-04  0.27413757E-04
  0.97688408E-05  0.23828381E-05 -0.47351834E-06  0.00000000E+00
  0.10000000E+01  0.28281586E+01  0.43830081E+01  0.56634150E+01  0.67196426E+01
  0.75988866E+01  0.83373767E+01  0.89481963E+01  0.94487742E+01  0.98409380E+01
  0.10130696E+02  0.10320800E+02  0.10413866E+02  0.10416192E+02  0.10330480E+02
  0.10166892E+02  0.99287347E+01  0.96291797E+01  0.92719224E+01  0.88715559E+01
  0.84318963E+01  0.79672526E+01  0.74813297E+01  0.69867556E+01  0.64869381E+01
  0.59919241E+01  0.55046935E+01  0.50323348E+01  0.45773226E+01  0.41438544E+01
  0.37338696E+01  0.33490560E+01  0.29908257E+01  0.26589081E+01  0.23542264E+01
  0.20751474E+01  0.18221653E+01  0.15928353E+01  0.13872964E+01  0.12027438E+01
  0.10390423E+01  0.89336003E+00  0.76536857E+00  0.65242711E+00  0.55408713E+00
  0.46802205E+00  0.39372569E+00  0.32923313E+00  0.27403208E+00  0.22651871E+00
  0.18620597E+00  0.15182704E+00  0.12293974E+00  0.98565361E-01  0.78324220E-01
  0.61473359E-01  0.47693751E-01  0.36427680E-01  0.27409114E-01  0.20226168E-01
  0.14648387E-01  0.10329720E-01  0.70559741E-02  0.45941401E-02  0.28298532E-02
  0.16225413E-02  0.86700661E-03  0.42507543E-03  0.19376147E-03  0.79361942E-04
  0.29407670E-04  0.84584784E-05  0.39320040E-06  0.00000000E+00
  0.10000000E+01  0.28340752E+01  0.44094309E+01  0.57277947E+01  0.68405610E+01
  0.77933232E+01  0.86196575E+01  0.93291305E+01  0.99365766E+01  0.10440630E+02
  0.10845402E+02  0.11150973E+02  0.11358709E+02  0.11472342E+02  0.11493672E+02
  0.11430405E+02  0.11285016E+02  0.11068603E+02  0.10784039E+02  0.10444522E+02
  0.10053136E+02  0.96236754E+01  0.91593154E+01  0.86730959E+01  0.81681759E+01
  0.76558234E+01  0.71390770E+01  0.66268164E+01  0.61218622E+01  0.56304791E+01
  0.51551828E+01  0.46997230E+01  0.42662414E+01  0.38563023E+01  0.34716285E+01
  0.31120555E+01  0.27788698E+01  0.24706724E+01  0.21883245E+01  0.19296541E+01
  0.16951357E+01  0.14822105E+01  0.12910258E+01  0.11189314E+01  0.96581565E+00
  0.82914371E+00  0.70861739E+00  0.60193836E+00  0.50869619E+00  0.42689077E+00
  0.35604973E+00  0.29450246E+00  0.24175538E+00  0.19644519E+00  0.15810554E+00
  0.12564363E+00  0.98630172E-01  0.76197459E-01  0.57952524E-01  0.43219013E-01
  0.31617122E-01  0.22517793E-01  0.15522194E-01  0.10191758E-01  0.63224968E-02
  0.36477189E-02  0.19591913E-02  0.96529134E-03  0.44235370E-03  0.18272679E-03
  0.69090315E-04  0.21343164E-04  0.29891299E-05 -0.36931425E-05
    68
  0.10000000E+01  0.37752820E+00  0.53860577E+00  0.88357259E-01  0.80643960E-02
  0.52600212E-03  0.27336338E-04  0.12023489E-05  0.46400950E-07  0.16051543E-08
  0.49179416E-10  0.16876773E-11 -0.12137732E-11  0.33159947E-12 -0.13086282E-11
  0.40541778E-12 -0.14717564E-11  0.44197704E-12 -0.17676367E-11  0.45827925E-12
 -0.20527617E-11  0.49568851E-12 -0.22138328E-11  0.56377509E-12 -0.22985540E-11
  0.63412431E-12 -0.24336853E-11  0.68039550E-12 -0.26800392E-11  0.70282637E-12
 -0.29636618E-11  0.73128487E-12 -0.31645565E-11  0.00000000E+00  0.00000000E+00
  0.00000000E+00  0.00000000E+00  0.00000000E+00  0.00000000E+00  0.00000000E+00
  0.00000000E+00  0.00000000E+00  0.00000000E+00  0.00000000E+00  0.00000000E+00
  0.00000000E+00  0.00000000E+00  0.00000000E+00  0.00000000E+00  0.00000000E+00
  0.00000000E+00  0.00000000E+00  0.00000000E+00  0.00000000E+00  0.00000000E+00
  0.00000000E+00  0.00000000E+00  0.00000000E+00  0.00000000E+00  0.00000000E+00
  0.00000000E+00  0.00000000E+00  0.00000000E+00  0.00000000E+00  0.00000000E+00
  0.00000000E+00  0.00000000E+00  0.00000000E+00  0.00000000E+00
  0.10000000E+01  0.80325042E+00  0.68013967E+00  0.20959454E+00  0.40144411E-01
  0.56186831E-02  0.63076222E-03  0.60116569E-04  0.50397714E-05  0.37974712E-06
  0.26026508E-07  0.16304803E-08  0.92441472E-10  0.46136826E-11 -0.79152286E-12
 -0.25271544E-12 -0.11459525E-11 -0.32862648E-12 -0.14080246E-11 -0.43668893E-12
 -0.16613827E-11 -0.50176315E-12 -0.17844644E-11 -0.50098948E-12 -0.18242258E-11
 -0.48929132E-12 -0.19183429E-11 -0.53246052E-12 -0.21299000E-11 -0.62495396E-12
 -0.23819574E-11 -0.70364018E-12 -0.25485722E-11  0.00000000E+00  0.00000000E+00
  0.00000000E+00  0.00000000E+00  0.00000000E+00  0.00000000E+00  0.00000000E+00
  0.00000000E+00  0.00000000E+00  0.00000000E+00  0.00000000E+00  0.00000000E+00
  0.00000000E+00  0.00000000E+00  0.00000000E+00  0.00000000E+00  0.00000000E+00
  0.00000000E+00  0.00000000E+00  0.00000000E+00  0.00000000E+00  0.00000000E+00
  0.00000000E+00  0.00000000E+00  0.00000000E+00  0.00000000E+00  0.00000000E+00
  0.00000000E+00  0.00000000E+00  0.00000000E+00  0.00000000E+00  0.00000000E+00
  0.00000000E+00  0.00000000E+00  0.00000000E+00  0.00000000E+00
  0.10000000E+01  0.12740176E+01  0.98021979E+00  0.41928573E+00  0.12618007E+00
  0.28882653E-01  0.54118750E-02  0.86892977E-03  0.12339757E-03  0.15824999E-04
  0.18559216E-05  0.20019878E-06  0.19879948E-07  0.18134121E-08  0.15047912E-09
  0.10907804E-10 -0.49285299E-12 -0.75812767E-12 -0.15882829E-11 -0.10139520E-11
 -0.18775117E-11 -0.11515870E-11 -0.20181860E-11 -0.11810034E-11 -0.20672741E-11
 -0.11975370E-11 -0.21746338E-11 -0.12965235E-11 -0.24111438E-11 -0.14753867E-11
 -0.26944391E-11 -0.16357492E-11 -0.28846036E-11  0.00000000E+00  0.00000000E+00
  0.00000000E+00  0.00000000E+00  0.00000000E+00  0.00000000E+00  0.00000000E+00
  0.00000000E+00  0.00000000E+00  0.00000000E+00  0.00000000E+00  0.00000000E+00
  0.00000000E+00  0.00000000E+00  0.00000000E+00  0.00000000E+00  0.00000000E+00
  0.00000000E+00  0.00000000E+00  0.00000000E+00  0.00000000E+00  0.00000000E+00
  0.00000000E+00  0.00000000E+00  0.00000000E+00  0.00000000E+00  0.00000000E+00
  0.00000000E+00  0.00000000E+00  0.00000000E+00  0.00000000E+00  0.00000000E+00
  0.00000000E+00  0.00000000E+00  0.00000000E+00  0.00000000E+00
  0.10000000E+01  0.16730341E+01  0.13960702E+01  0.74191237E+00  0.29954949E+00
  0.95890689E-01  0.25804744E-01  0.60255122E-02  0.12555811E-02  0.23778316E-03
  0.41463632E-04  0.67012196E-05  0.10053368E-05  0.13969475E-06  0.17907475E-07
  0.21089214E-08  0.22606374E-09  0.21260792E-10 -0.18072525E-13 -0.13440378E-11
 -0.23847639E-11 -0.17114639E-11 -0.25877114E-11 -0.17702264E-11 -0.26700986E-11
 -0.18060943E-11 -0.28160457E-11 -0.19552783E-11 -0.31096383E-11 -0.22082069E-11
 -0.34559629E-11 -0.24399833E-11 -0.37017070E-11  0.00000000E+00  0.00000000E+00
  0.00000000E+00  0.00000000E+00  0.00000000E+00  0.00000000E+00  0.00000000E+00
  0.00000000E+00  0.00000000E+00  0.00000000E+00  0.00000000E+00  0.00000000E+00
  0.00000000E+00  0.00000000E+00  0.00000000E+00  0.00000000E+00  0.00000000E+00
  0.00000000E+00  0.00000000E+00  0.00000000E+00  0.00000000E+00  0.00000000E+00
  0.00000000E+00  0.00000000E+00  0.00000000E+00  0.00000000E+00  0.00000000E+00
  0.00000000E+00  0.00000000E+00  0.00000000E+00  0.00000000E+00  0.00000000E+00
  0.00000000E+00  0.00000000E+00  0.00000000E+00  0.00000000E+00
  0.10000000E+01  0.19610793E+01  0.18346952E+01  0.11590347E+01  0.57833059E+00
  0.23617176E+00  0.82941689E-01  0.25594475E-01  0.71212501E-02  0.18125480E-02
  0.42793933E-03  0.94394185E-04  0.19531858E-04  0.37860456E-05  0.68450696E-06
  0.11475976E-06  0.17745635E-07  0.25207180E-08  0.32619476E-09  0.37225706E-10
  0.12764593E-11 -0.18908632E-11 -0.32379173E-11 -0.24186134E-11 -0.34050140E-11
 -0.24915907E-11 -0.36005049E-11 -0.26922932E-11 -0.39575894E-11 -0.30161430E-11
 -0.43775610E-11 -0.33212954E-11 -0.46918846E-11  0.00000000E+00  0.00000000E+00
  0.00000000E+00  0.00000000E+00  0.00000000E+00  0.00000000E+00  0.00000000E+00
  0.00000000E+00  0.00000000E+00  0.00000000E+00  0.00000000E+00  0.00000000E+00
  0.00000000E+00  0.00000000E+00  0.00000000E+00  0.00000000E+00  0.00000000E+00
  0.00000000E+00  0.00000000E+00  0.00000000E+00  0.00000000E+00  0.00000000E+00
  0.00000000E+00  0.00000000E+00  0.00000000E+00  0.00000000E+00  0.00000000E+00
  0.00000000E+00  0.00000000E+00  0.00000000E+00  0.00000000E+00  0.00000000E+00
  0.00000000E+00  0.00000000E+00  0.00000000E+00  0.00000000E+00
  0.10000000E+01  0.21600514E+01  0.22348321E+01  0.16231504E+01  0.95273713E+00
  0.46850531E+00  0.20148720E+00  0.77018064E-01  0.26795427E-01  0.85777692E-02
  0.25628838E-02  0.71951345E-03  0.19116941E-03  0.48101538E-04  0.11444567E-04
  0.25580704E-05  0.53316093E-06  0.10288584E-06  0.18287972E-07  0.29850476E-08
  0.44428389E-09  0.58758393E-10  0.37505167E-11 -0.21925054E-11 -0.41571048E-11
 -0.32098776E-11 -0.45114998E-11 -0.34706262E-11 -0.49333115E-11 -0.38551207E-11
 -0.54327951E-11 -0.42477461E-11 -0.58743041E-11  0.00000000E+00  0.00000000E+00
  0.00000000E+00  0.00000000E+00  0.00000000E+00  0.00000000E+00  0.00000000E+00
  0.00000000E+00  0.00000000E+00  0.00000000E+00  0.00000000E+00  0.00000000E+00
  0.00000000E+00  0.00000000E+00  0.00000000E+00  0.00000000E+00  0.00000000E+00
  0.00000000E+00  0.00000000E+00  0.00000000E+00  0.00000000E+00  0.00000000E+00
  0.00000000E+00  0.00000000E+00  0.00000000E+00  0.00000000E+00  0.00000000E+00
  0.00000000E+00  0.00000000E+00  0.00000000E+00  0.00000000E+00  0.00000000E+00
  0.00000000E+00  0.00000000E+00  0.00000000E+00  0.00000000E+00
  0.10000000E+01  0.23006623E+01  0.25768449E+01  0.20889070E+01  0.13922672E+01
  0.79180831E+00  0.39882661E+00  0.18039920E+00  0.74856707E-01  0.28738188E-01
  0.10349610E-01  0.35157068E-02  0.11365092E-02  0.35047653E-03  0.10343230E-03
  0.29103192E-04  0.77680198E-05  0.19477524E-05  0.45479994E-06  0.98180339E-07
  0.19507800E-07  0.35604039E-08  0.59353879E-09  0.88764855E-10  0.80017852E-11
 -0.21809967E-11 -0.53003734E-11 -0.41881089E-11 -0.59957512E-11 -0.46593811E-11
 -0.66161311E-11 -0.52200854E-11 -0.73703872E-11  0.00000000E+00  0.00000000E+00
  0.00000000E+00  0.00000000E+00  0.00000000E+00  0.00000000E+00  0.00000000E+00
  0.00000000E+00  0.00000000E+00  0.00000000E+00  0.00000000E+00  0.00000000E+00
  0.00000000E+00  0.00000000E+00  0.00000000E+00  0.00000000E+00  0.00000000E+00
  0.00000000E+00  0.00000000E+00  0.00000000E+00  0.00000000E+00  0.00000000E+00
  0.00000000E+00  0.00000000E+00  0.00000000E+00  0.00000000E+00  0.00000000E+00
  0.00000000E+00  0.00000000E+00  0.00000000E+00  0.00000000E+00  0.00000000E+00
  0.00000000E+00  0.00000000E+00  0.00000000E+00  0.00000000E+00
  0.10000000E+01  0.24041117E+01  0.28620519E+01  0.25271894E+01  0.18615931E+01
  0.11879176E+01  0.67820315E+00  0.35092977E+00  0.16768007E+00  0.74520123E-01
  0.31199975E-01  0.12361385E-01  0.46767343E-02  0.16938828E-02  0.59079631E-03
  0.19837422E-03  0.64162436E-04  0.19855125E-04  0.58360466E-05  0.16102991E-05
  0.41335127E-06  0.98011497E-07  0.21385934E-07  0.42893414E-08  0.78732850E-09
  0.13078322E-09  0.14846478E-10 -0.16990989E-11 -0.66302623E-11 -0.53262584E-11
 -0.79205947E-11 -0.63515572E-11 -0.93498597E-11  0.00000000E+00  0.00000000E+00
  0.00000000E+00  0.00000000E+00  0.00000000E+00  0.00000000E+00  0.00000000E+00
  0.00000000E+00  0.00000000E+00  0.00000000E+00  0.00000000E+00  0.00000000E+00
  0.00000000E+00  0.00000000E+00  0.00000000E+00  0.00000000E+00  0.00000000E+00
  0.00000000E+00  0.00000000E+00  0.00000000E+00  0.00000000E+00  0.00000000E+00
  0.00000000E+00  0.00000000E+00  0.00000000E+00  0.00000000E+00  0.00000000E+00
  0.00000000E+00  0.00000000E+00  0.00000000E+00  0.00000000E+00  0.00000000E+00
  0.00000000E+00  0.00000000E+00  0.00000000E+00  0.00000000E+00
  0.10000000E+01  0.24829671E+01  0.30983632E+01  0.29242311E+01  0.23315096E+01
  0.16308872E+01  0.10295218E+01  0.59387709E+00  0.31813764E+00  0.15931158E+00
  0.75434752E-01  0.33905963E-01  0.14590994E-01  0.60250253E-02  0.24026001E-02
  0.92590321E-03  0.34619857E-03  0.12531009E-03  0.43847360E-04  0.14697085E-04
  0.46782387E-05  0.13958004E-05  0.38695869E-06  0.99008140E-07  0.23307317E-07
  0.50466873E-08  0.10016722E-08  0.18113936E-09  0.23947472E-10 -0.87401779E-12
 -0.86270262E-11 -0.76720235E-11 -0.11894705E-10  0.00000000E+00  0.00000000E+00
  0.00000000E+00  0.00000000E+00  0.00000000E+00  0.00000000E+00  0.00000000E+00
  0.00000000E+00  0.00000000E+00  0.00000000E+00  0.00000000E+00  0.00000000E+00
  0.00000000E+00  0.00000000E+00  0.00000000E+00  0.00000000E+00  0.00000000E+00
  0.00000000E+00  0.00000000E+00  0.00000000E+00  0.00000000E+00  0.00000000E+00
  0.00000000E+00  0.00000000E+00  0.00000000E+00  0.00000000E+00  0.00000000E+00
  0.00000000E+00  0.00000000E+00  0.00000000E+00  0.00000000E+00  0.00000000E+00
  0.00000000E+00  0.00000000E+00  0.00000000E+00  0.00000000E+00
  0.10000000E+01  0.25447190E+01  0.32944564E+01  0.32762832E+01  0.27823518E+01
  0.20952945E+01  0.14348053E+01  0.90437437E+00  0.53203658E+00  0.29395917E+00
  0.15408255E+00  0.76896856E-01  0.36825327E-01  0.16956648E-01  0.75541551E-02
  0.32587618E-02  0.13677952E-02  0.55831662E-03  0.22221105E-03  0.85917004E-04
  0.32180527E-04  0.11551532E-04  0.39363158E-05  0.12558433E-05  0.37206973E-06
  0.10169697E-06  0.25578335E-07  0.59219581E-08  0.12584791E-08  0.24440840E-09
  0.35116536E-10 -0.15737036E-11 -0.13534728E-10  0.00000000E+00  0.00000000E+00
  0.00000000E+00  0.00000000E+00  0.00000000E+00  0.00000000E+00  0.00000000E+00
  0.00000000E+00  0.00000000E+00  0.00000000E+00  0.00000000E+00  0.00000000E+00
  0.00000000E+00  0.00000000E+00  0.00000000E+00  0.00000000E+00  0.00000000E+00
  0.00000000E+00  0.00000000E+00  0.00000000E+00  0.00000000E+00  0.00000000E+00
  0.00000000E+00  0.00000000E+00  0.00000000E+00  0.00000000E+00  0.00000000E+00
  0.00000000E+00  0.00000000E+00  0.00000000E+00  0.00000000E+00  0.00000000E+00
  0.00000000E+00  0.00000000E+00  0.00000000E+00  0.00000000E+00
  0.10000000E+01  0.25940817E+01  0.34579850E+01  0.35849471E+01  0.32030078E+01
  0.25606287E+01  0.18739615E+01  0.12704865E+01  0.80758864E+00  0.48421851E+00
  0.27626022E+00  0.15049941E+00  0.78834362E-01  0.39783598E-01  0.19453221E-01
  0.92247725E-02  0.42625079E-02  0.19191297E-02  0.84504274E-03  0.36340849E-03
  0.15287414E-03  0.62602559E-04  0.24855479E-04  0.94541097E-05  0.34106465E-05
  0.11505296E-05  0.36022085E-06  0.10401490E-06  0.27643441E-07  0.67665698E-08
  0.15199017E-08  0.31040492E-09  0.45589370E-10  0.00000000E+00  0.00000000E+00
  0.00000000E+00  0.00000000E+00  0.00000000E+00  0.00000000E+00  0.00000000E+00
  0.00000000E+00  0.00000000E+00  0.00000000E+00  0.00000000E+00  0.00000000E+00
  0.00000000E+00  0.00000000E+00  0.00000000E+00  0.00000000E+00  0.00000000E+00
  0.00000000E+00  0.00000000E+00  0.00000000E+00  0.00000000E+00  0.00000000E+00
  0.00000000E+00  0.00000000E+00  0.00000000E+00  0.00000000E+00  0.00000000E+00
  0.00000000E+00  0.00000000E+00  0.00000000E+00  0.00000000E+00  0.00000000E+00
  0.00000000E+00  0.00000000E+00  0.00000000E+00  0.00000000E+00
  0.10000000E+01  0.26341947E+01  0.35952346E+01  0.38541977E+01  0.35885512E+01
  0.30123993E+01  0.23286633E+01  0.16770661E+01  0.11371141E+01  0.73013971E+00
  0.44734609E+00  0.26242230E+00  0.14829951E+00  0.80892312E-01  0.42810470E-01
  0.22002436E-01  0.11030734E-01  0.53952820E-02  0.25843910E-02  0.12116148E-02
  0.55757952E-03  0.25137857E-03  0.11112006E-03  0.47894109E-04  0.20033250E-04
  0.80302055E-05  0.30533247E-05  0.10854957E-05  0.35834546E-06  0.10913026E-06
  0.30603744E-07  0.79086434E-08  0.18769706E-08  0.00000000E+00  0.00000000E+00
  0.00000000E+00  0.00000000E+00  0.00000000E+00  0.00000000E+00  0.00000000E+00
  0.00000000E+00  0.00000000E+00  0.00000000E+00  0.00000000E+00  0.00000000E+00
  0.00000000E+00  0.00000000E+00  0.00000000E+00  0.00000000E+00  0.00000000E+00
  0.00000000E+00  0.00000000E+00  0.00000000E+00  0.00000000E+00  0.00000000E+00
  0.00000000E+00  0.00000000E+00  0.00000000E+00  0.00000000E+00  0.00000000E+00
  0.00000000E+00  0.00000000E+00  0.00000000E+00  0.00000000E+00  0.00000000E+00
  0.00000000E+00  0.00000000E+00  0.00000000E+00  0.00000000E+00
  0.10000000E+01  0.26672413E+01  0.37112282E+01  0.40887498E+01  0.39379951E+01
  0.34414928E+01  0.27841449E+01  0.21088331E+01  0.15095494E+01  0.10269785E+01
  0.66840748E+00  0.41758341E+00  0.25176612E+00  0.14677869E+00  0.83126528E-01
  0.45778956E-01  0.24615128E-01  0.12926137E-01  0.66532705E-02  0.33554775E-02
  0.16633981E-02  0.80966344E-03  0.38787770E-03  0.18243238E-03  0.84259225E-04
  0.37980613E-04  0.16619768E-04  0.69683880E-05  0.27708280E-05  0.10299109E-05
  0.35560145E-06  0.11329056E-06  0.33260253E-07  0.00000000E+00  0.00000000E+00
  0.00000000E+00  0.00000000E+00  0.00000000E+00  0.00000000E+00  0.00000000E+00
  0.00000000E+00  0.00000000E+00  0.00000000E+00  0.00000000E+00  0.00000000E+00
  0.00000000E+00  0.00000000E+00  0.00000000E+00  0.00000000E+00  0.00000000E+00
  0.00000000E+00  0.00000000E+00  0.00000000E+00  0.00000000E+00  0.00000000E+00
  0.00000000E+00  0.00000000E+00  0.00000000E+00  0.00000000E+00  0.00000000E+00
  0.00000000E+00  0.00000000E+00  0.00000000E+00  0.00000000E+00  0.00000000E+00
  0.00000000E+00  0.00000000E+00  0.00000000E+00  0.00000000E+00
  0.10000000E+01  0.26947890E+01  0.38099415E+01  0.42932549E+01  0.42526212E+01
  0.38429361E+01  0.32295546E+01  0.25522339E+01  0.19127278E+01  0.13668140E+01
  0.93667560E+00  0.61761146E+00  0.39366342E+00  0.24304578E+00  0.14593905E+00
  0.85320105E-01  0.48742460E-01  0.27221673E-01  0.14911191E-01  0.80100026E-02
  0.42324487E-02  0.21983547E-02  0.11254025E-02  0.56706474E-03  0.28176295E-03
  0.13767120E-03  0.66128531E-04  0.31021859E-04  0.14131556E-04  0.61686312E-05
  0.25538286E-05  0.98854327E-06  0.35568511E-06  0.00000000E+00  0.00000000E+00
  0.00000000E+00  0.00000000E+00  0.00000000E+00  0.00000000E+00  0.00000000E+00
  0.00000000E+00  0.00000000E+00  0.00000000E+00  0.00000000E+00  0.00000000E+00
  0.00000000E+00  0.00000000E+00  0.00000000E+00  0.00000000E+00  0.00000000E+00
  0.00000000E+00  0.00000000E+00  0.00000000E+00  0.00000000E+00  0.00000000E+00
  0.00000000E+00  0.00000000E+00  0.00000000E+00  0.00000000E+00  0.00000000E+00
  0.00000000E+00  0.00000000E+00  0.00000000E+00  0.00000000E+00  0.00000000E+00
  0.00000000E+00  0.00000000E+00  0.00000000E+00  0.00000000E+00
  0.10000000E+01  0.27179906E+01  0.38945162E+01  0.44719539E+01  0.45348743E+01
  0.42146649E+01  0.36575504E+01  0.29962510E+01  0.23349947E+01  0.17401914E+01
  0.12465808E+01  0.86107027E+00  0.57588619E+00  0.37366872E+00  0.23607306E+00
  0.14538645E+00  0.87564202E-01  0.51603631E-01  0.29845895E-01  0.16940959E-01
  0.94635885E-02  0.52004638E-02  0.28185600E-02  0.15052790E-02  0.79396500E-03
  0.41294361E-03  0.21209282E-03  0.10724313E-03  0.53348005E-04  0.25929282E-04
  0.12239167E-04  0.55360312E-05  0.23751062E-05  0.95303712E-06  0.00000000E+00
  0.00000000E+00  0.00000000E+00  0.00000000E+00  0.00000000E+00  0.00000000E+00
  0.00000000E+00  0.00000000E+00  0.00000000E+00  0.00000000E+00  0.00000000E+00
  0.00000000E+00  0.00000000E+00  0.00000000E+00  0.00000000E+00  0.00000000E+00
  0.00000000E+00  0.00000000E+00  0.00000000E+00  0.00000000E+00  0.00000000E+00
  0.00000000E+00  0.00000000E+00  0.00000000E+00  0.00000000E+00  0.00000000E+00
  0.00000000E+00  0.00000000E+00  0.00000000E+00  0.00000000E+00  0.00000000E+00
  0.00000000E+00  0.00000000E+00  0.00000000E+00  0.00000000E+00
  0.10000000E+01  0.27818542E+01  0.41342704E+01  0.49954068E+01  0.53989872E+01
  0.54159464E+01  0.51333356E+01  0.46448413E+01  0.40378803E+01  0.33879965E+01
  0.27533262E+01  0.21731292E+01  0.16701088E+01  0.12521055E+01  0.91776249E+00
  0.65851486E+00  0.46346975E+00  0.32022098E+00  0.21760990E+00  0.14550906E+00
  0.95914580E-01  0.62330087E-01  0.40005053E-01  0.25353835E-01  0.15895018E-01
  0.98528438E-02  0.60494170E-02  0.36762549E-02  0.22150612E-02  0.13219892E-02
  0.78275033E-03  0.45917961E-03  0.26720487E-03  0.15392633E-03  0.87807150E-04
  0.49422633E-04  0.27396453E-04  0.14848458E-04  0.78149220E-05  0.39429889E-05
  0.18883949E-05  0.84759621E-06  0.00000000E+00  0.00000000E+00  0.00000000E+00
  0.00000000E+00  0.00000000E+00  0.00000000E+00  0.00000000E+00  0.00000000E+00
  0.00000000E+00  0.00000000E+00  0.00000000E+00  0.00000000E+00  0.00000000E+00
  0.00000000E+00  0.00000000E+00  0.00000000E+00  0.00000000E+00  0.00000000E+00
  0.00000000E+00  0.00000000E+00  0.00000000E+00  0.00000000E+00  0.00000000E+00
  0.00000000E+00  0.00000000E+00  0.00000000E+00  0.00000000E+00
  0.10000000E+01  0.28188254E+01  0.42781060E+01  0.53211709E+01  0.59633936E+01
  0.62479645E+01  0.62297512E+01  0.59712687E+01  0.55352704E+01  0.49832294E+01
  0.43694952E+01  0.37404295E+01  0.31317128E+01  0.25686515E+01  0.20669235E+01
  0.16336059E+01  0.12698051E+01  0.97154873E+00  0.73259090E+00  0.54473026E+00
  0.39989218E+00  0.28993051E+00  0.20784992E+00  0.14735444E+00  0.10343145E+00
  0.71876040E-01  0.49508889E-01  0.33793893E-01  0.22886675E-01  0.15372178E-01
  0.10252653E-01  0.67864152E-02  0.44636390E-02  0.29152504E-02  0.18929170E-02
  0.12209052E-02  0.78311079E-03  0.49898624E-03  0.31614763E-03  0.19888562E-03
  0.12429465E-03  0.77003009E-04  0.47268605E-04  0.28647634E-04  0.17098903E-04
  0.99816473E-05  0.56589061E-05  0.30792870E-05  0.15931660E-05  0.77513146E-06
  0.00000000E+00  0.00000000E+00  0.00000000E+00  0.00000000E+00  0.00000000E+00
  0.00000000E+00  0.00000000E+00  0.00000000E+00  0.00000000E+00  0.00000000E+00
  0.00000000E+00  0.00000000E+00  0.00000000E+00  0.00000000E+00  0.00000000E+00
  0.00000000E+00  0.00000000E+00  0.00000000E+00  0.00000000E+00
  0.10000000E+01  0.28419452E+01  0.43703796E+01  0.55350246E+01  0.63448319E+01
  0.68301519E+01  0.70295093E+01  0.69861725E+01  0.67447453E+01  0.63509759E+01
  0.58480812E+01  0.52771251E+01  0.46735250E+01  0.40677072E+01  0.34831767E+01
  0.29373971E+01  0.24417301E+01  0.20022665E+01  0.16210289E+01  0.12964783E+01
  0.10251553E+01  0.80177389E+00  0.62071941E+00  0.47581620E+00  0.36143626E+00
  0.27209959E+00  0.20318136E+00  0.15048570E+00  0.11064400E+00  0.80746373E-01
  0.58540528E-01  0.42152274E-01  0.30171801E-01  0.21460806E-01  0.15182643E-01
  0.10678621E-01  0.74738531E-02  0.52024750E-02  0.36049879E-02  0.24852256E-02
  0.17059872E-02  0.11652915E-02  0.79267145E-03  0.53653737E-03  0.36161670E-03
  0.24243952E-03  0.16175211E-03  0.10725164E-03  0.70672249E-04  0.46186994E-04
  0.29909021E-04  0.19128988E-04  0.12050191E-04  0.74308063E-05  0.44547453E-05
  0.25689426E-05  0.14113850E-05  0.73061115E-06  0.00000000E+00  0.00000000E+00
  0.00000000E+00  0.00000000E+00  0.00000000E+00  0.00000000E+00  0.00000000E+00
  0.00000000E+00  0.00000000E+00  0.00000000E+00  0.00000000E+00
  0.10000000E+01  0.28572521E+01  0.44328685E+01  0.56823897E+01  0.66130707E+01
  0.72492411E+01  0.76210812E+01  0.77605579E+01  0.77006184E+01  0.74749780E+01
  0.71164234E+01  0.66577930E+01  0.61291348E+01  0.55589568E+01  0.49714796E+01
  0.43878994E+01  0.38246543E+01  0.32945209E+01  0.28061249E+01  0.23647118E+01
  0.19726178E+01  0.16296413E+01  0.13340139E+01  0.10824065E+01  0.87100478E+00
  0.69525880E+00  0.55082464E+00  0.43318352E+00  0.33835730E+00  0.26250200E+00
  0.20239745E+00  0.15508211E+00  0.11816053E+00  0.89509603E-01  0.67457331E-01
  0.50564980E-01  0.37723362E-01  0.28001288E-01  0.20693284E-01  0.15219501E-01
  0.11147007E-01  0.81265170E-02  0.59004524E-02  0.42644163E-02  0.30692674E-02
  0.21984126E-02  0.15675533E-02  0.11116793E-02  0.78415879E-03  0.54947269E-03
  0.38232367E-03  0.26365789E-03  0.17998246E-03  0.12125186E-03  0.80390210E-04
  0.52161564E-04  0.32903140E-04  0.19974886E-04  0.11559101E-04  0.63096270E-05
  0.32249284E-05  0.15290243E-05  0.66459856E-06  0.00000000E+00  0.00000000E+00
  0.00000000E+00  0.00000000E+00  0.00000000E+00  0.00000000E+00
  0.10000000E+01  0.28678962E+01  0.44773346E+01  0.57888319E+01  0.68099160E+01
  0.75621332E+01  0.80712875E+01  0.83626441E+01  0.84618137E+01  0.83941524E+01
  0.81844554E+01  0.78580402E+01  0.74388054E+01  0.69508020E+01  0.64155747E+01
  0.58538185E+01  0.52829271E+01  0.47184917E+01  0.41726478E+01  0.36552382E+01
  0.31731098E+01  0.27308527E+01  0.23308837E+01  0.19737661E+01  0.16587858E+01
  0.13839293E+01  0.11466682E+01  0.94370749E+00  0.77177368E+00  0.62724561E+00
  0.50683148E+00  0.40717161E+00  0.32536252E+00  0.25859004E+00  0.20450369E+00
  0.16090983E+00  0.12602188E+00  0.98221476E-01  0.76216180E-01  0.58863879E-01
  0.45266748E-01  0.34648049E-01  0.26405045E-01  0.20025904E-01  0.15117736E-01
  0.11352390E-01  0.84802560E-02  0.62959623E-02  0.46444885E-02  0.33999852E-02
  0.24681278E-02  0.17732417E-02  0.12588806E-02  0.88037737E-03  0.60458163E-03
  0.40533632E-03  0.26339089E-03  0.16416650E-03  0.97190186E-04  0.54112710E-04
  0.28164140E-04  0.13618908E-04  0.60994617E-05  0.25003886E-05  0.90937907E-06
  0.00000000E+00  0.00000000E+00  0.00000000E+00  0.00000000E+00
  0.10000000E+01  0.28756716E+01  0.45106161E+01  0.58695710E+01  0.69611495E+01
  0.78056849E+01  0.84265772E+01  0.88449596E+01  0.90817006E+01  0.91564391E+01
  0.90881845E+01  0.88962762E+01  0.85992337E+01  0.82163605E+01  0.77655118E+01
  0.72649448E+01  0.67307417E+01  0.61786297E+01  0.56217164E+01  0.50720452E+01
  0.45390268E+01  0.40305881E+01  0.35523877E+01  0.31085160E+01  0.27013795E+01
  0.23319897E+01  0.20003090E+01  0.17052164E+01  0.14451001E+01  0.12176097E+01
  0.10203215E+01  0.85038017E+00  0.70512348E+00  0.58169228E+00  0.47755735E+00
  0.39015079E+00  0.31727600E+00  0.25679013E+00  0.20690347E+00  0.16592341E+00
  0.13246158E+00  0.10523800E+00  0.83217487E-01  0.65466215E-01  0.51237489E-01
  0.39870377E-01  0.30841211E-01  0.23694302E-01  0.18071281E-01  0.13664820E-01
  0.10235001E-01  0.75786234E-02  0.55375937E-02  0.39802961E-02  0.28048284E-02
  0.19261567E-02  0.12791444E-02  0.81271345E-03  0.48910907E-03  0.27613080E-03
  0.14542983E-03  0.71090756E-04  0.32227722E-04  0.13469495E-04  0.51341439E-05
  0.16952093E-05  0.36808565E-06  0.00000000E+00  0.00000000E+00
  0.10000000E+01  0.28816589E+01  0.45368707E+01  0.59339778E+01  0.70829606E+01
  0.80036843E+01  0.87181086E+01  0.92446571E+01  0.96009657E+01  0.98026832E+01
  0.98646487E+01  0.98016597E+01  0.96279457E+01  0.93586186E+01  0.90079470E+01
  0.85911942E+01  0.81222210E+01  0.76154600E+01  0.70834428E+01  0.65386431E+01
  0.59913910E+01  0.54513879E+01  0.49262504E+01  0.44225964E+01  0.39452625E+01
  0.34979473E+01  0.30830093E+01  0.27017206E+01  0.23544848E+01  0.20407913E+01
  0.17596835E+01  0.15095147E+01  0.12885215E+01  0.10944740E+01  0.92525065E+00
  0.77845463E+00  0.65192819E+00  0.54338393E+00  0.45082989E+00  0.37224459E+00
  0.30590679E+00  0.25012690E+00  0.20348953E+00  0.16464219E+00  0.13246597E+00
  0.10591556E+00  0.84134273E-01  0.66337641E-01  0.51887387E-01  0.40208417E-01
  0.30836615E-01  0.23359268E-01  0.17443724E-01  0.12800751E-01  0.91983853E-02
  0.64328982E-02  0.43431684E-02  0.27999549E-02  0.17061459E-02  0.97332454E-03
  0.51710326E-03  0.25468764E-03  0.11630267E-03  0.49057631E-04  0.19033668E-04
  0.66117407E-05  0.18229303E-05  0.81655731E-07  0.00000000E+00
  0.10000000E+01  0.28865203E+01  0.45586442E+01  0.59878182E+01  0.71854085E+01
  0.81711292E+01  0.89659454E+01  0.95863555E+01  0.10047639E+02  0.10362553E+02
  0.10542874E+02  0.10599978E+02  0.10544790E+02  0.10388989E+02  0.10143765E+02
  0.98215035E+01  0.94336943E+01  0.89929053E+01  0.85103505E+01  0.79978776E+01
  0.74656526E+01  0.69239352E+01  0.63811885E+01  0.58454945E+01  0.53232381E+01
  0.48200969E+01  0.43403130E+01  0.38872637E+01  0.34632394E+01  0.30696539E+01
  0.27071990E+01  0.23757807E+01  0.20749116E+01  0.18034653E+01  0.15601851E+01
  0.13433397E+01  0.11512553E+01  0.98193747E+00  0.83356758E+00  0.70413534E+00
  0.59186625E+00  0.49489319E+00  0.41160171E+00  0.34035380E+00  0.27975376E+00
  0.22842548E+00  0.18520800E+00  0.14898477E+00  0.11882039E+00  0.93831582E-01
  0.73285607E-01  0.56500197E-01  0.42908313E-01  0.31997746E-01  0.23345177E-01
  0.16560172E-01  0.11325939E-01  0.73853505E-02  0.45442174E-02  0.26135993E-02
  0.13979361E-02  0.69245958E-03  0.31784831E-03  0.13483271E-03  0.52791136E-04
  0.18753957E-04  0.56220625E-05  0.86241119E-06  0.00000000E+00
  0.10000000E+01  0.28906527E+01  0.45774441E+01  0.60345050E+01  0.72744717E+01
  0.83170006E+01  0.91822452E+01  0.98852153E+01  0.10439353E+02  0.10855229E+02
  0.11142307E+02  0.11309368E+02  0.11364818E+02  0.11317619E+02  0.11176471E+02
  0.10951258E+02  0.10651309E+02  0.10287248E+02  0.98687425E+01  0.94065074E+01
  0.89099562E+01  0.83891208E+01  0.78525321E+01  0.73088746E+01  0.67653032E+01
  0.62287245E+01  0.57046393E+01  0.51980143E+01  0.47126410E+01  0.42516199E+01
  0.38171607E+01  0.34107397E+01  0.30332327E+01  0.26848260E+01  0.23653663E+01
  0.20741086E+01  0.18101807E+01  0.15722404E+01  0.13589753E+01  0.11687275E+01
  0.99997126E+00  0.85094917E+00  0.72009259E+00  0.60569423E+00  0.50625919E+00
  0.42022427E+00  0.34623567E+00  0.28292389E+00  0.22911120E+00  0.18363172E+00
  0.14549557E+00  0.11373789E+00  0.87534290E-01  0.66114095E-01  0.48823374E-01
  0.35028965E-01  0.24206433E-01  0.15929482E-01  0.98782456E-02  0.57187209E-02
  0.30753157E-02  0.15302322E-02  0.70518265E-03  0.30033821E-03  0.11825268E-03
  0.42525350E-04  0.13273609E-04  0.26827162E-05 -0.97715056E-06
    63
  0.10000000E+01  0.31984139E+00  0.52810089E+00  0.76877690E-01  0.61482102E-02
  0.34928201E-03  0.15758676E-04  0.60050876E-06  0.20046783E-07  0.59928575E-09
  0.15025441E-10  0.73725736E-12 -0.12969786E-11  0.42837922E-12 -0.13720801E-11
  0.51323448E-12 -0.15440969E-11  0.56645687E-12 -0.18477023E-11  0.60118428E-12
 -0.21417136E-11  0.65429932E-12 -0.23115373E-11  0.73341250E-12 -0.24055822E-11
  0.81555951E-12 -0.25483132E-11  0.87730598E-12 -0.28021513E-11  0.91596911E-12
 -0.30946036E-11  0.95955263E-12 -0.33044066E-11  0.00000000E+00  0.00000000E+00
  0.00000000E+00  0.00000000E+00  0.00000000E+00  0.00000000E+00  0.00000000E+00
  0.00000000E+00  0.00000000E+00  0.00000000E+00  0.00000000E+00  0.00000000E+00
  0.00000000E+00  0.00000000E+00  0.00000000E+00  0.00000000E+00  0.00000000E+00
  0.00000000E+00  0.00000000E+00  0.00000000E+00  0.00000000E+00  0.00000000E+00
  0.00000000E+00  0.00000000E+00  0.00000000E+00  0.00000000E+00  0.00000000E+00
  0.00000000E+00  0.00000000E+00  0.00000000E+00  0.00000000E+00
  0.10000000E+01  0.68835699E+00  0.63313643E+00  0.18014669E+00  0.30757952E-01
  0.37923067E-02  0.37306490E-03  0.31062987E-04  0.22699188E-05  0.14879042E-06
  0.88520788E-08  0.48023924E-09  0.22784337E-10  0.89059810E-12 -0.97709436E-12
 -0.16282168E-12 -0.11439115E-11 -0.21325166E-12 -0.14020726E-11 -0.29652440E-12
 -0.16529786E-11 -0.34554275E-12 -0.17761958E-11 -0.33664763E-12 -0.18173711E-11
 -0.31926589E-12 -0.19118099E-11 -0.34858741E-12 -0.21220947E-11 -0.42092036E-12
 -0.23730610E-11 -0.48264597E-12 -0.25370451E-11  0.00000000E+00  0.00000000E+00
  0.00000000E+00  0.00000000E+00  0.00000000E+00  0.00000000E+00  0.00000000E+00
  0.00000000E+00  0.00000000E+00  0.00000000E+00  0.00000000E+00  0.00000000E+00
  0.00000000E+00  0.00000000E+00  0.00000000E+00  0.00000000E+00  0.00000000E+00
  0.00000000E+00  0.00000000E+00  0.00000000E+00  0.00000000E+00  0.00000000E+00
  0.00000000E+00  0.00000000E+00  0.00000000E+00  0.00000000E+00  0.00000000E+00
  0.00000000E+00  0.00000000E+00  0.00000000E+00  0.00000000E+00
  0.10000000E+01  0.11164487E+01  0.86634570E+00  0.35172190E+00  0.96282219E-01
  0.19727322E-01  0.32781591E-02  0.46452088E-03  0.58029405E-04  0.65302642E-05
  0.67039286E-06  0.63129305E-07  0.54550581E-08  0.43126814E-09  0.30161565E-10
  0.14562358E-11 -0.10490959E-11 -0.71158683E-12 -0.14433380E-11 -0.89931249E-12
 -0.17096052E-11 -0.10215846E-11 -0.18365281E-11 -0.10494704E-11 -0.18752408E-11
 -0.10638561E-11 -0.19682694E-11 -0.11527851E-11 -0.21890310E-11 -0.13106925E-11
 -0.24503541E-11 -0.14512416E-11 -0.26246364E-11  0.00000000E+00  0.00000000E+00
  0.00000000E+00  0.00000000E+00  0.00000000E+00  0.00000000E+00  0.00000000E+00
  0.00000000E+00  0.00000000E+00  0.00000000E+00  0.00000000E+00  0.00000000E+00
  0.00000000E+00  0.00000000E+00  0.00000000E+00  0.00000000E+00  0.00000000E+00
  0.00000000E+00  0.00000000E+00  0.00000000E+00  0.00000000E+00  0.00000000E+00
  0.00000000E+00  0.00000000E+00  0.00000000E+00  0.00000000E+00  0.00000000E+00
  0.00000000E+00  0.00000000E+00  0.00000000E+00  0.00000000E+00
  0.10000000E+01  0.15117757E+01  0.12166366E+01  0.61485194E+00  0.22872673E+00
  0.66511768E-01  0.16061963E-01  0.33462095E-02  0.61918434E-03  0.10382470E-03
  0.15984315E-04  0.22742764E-05  0.29938253E-06  0.36367741E-07  0.40589560E-08
  0.41403214E-09  0.37240895E-10  0.21810158E-11 -0.15403412E-11 -0.13559760E-11
 -0.21125116E-11 -0.15555092E-11 -0.22771994E-11 -0.16091284E-11 -0.23384282E-11
 -0.16406831E-11 -0.24607400E-11 -0.17763619E-11 -0.27252671E-11 -0.20066563E-11
 -0.30386173E-11 -0.22145401E-11 -0.32518303E-11  0.00000000E+00  0.00000000E+00
  0.00000000E+00  0.00000000E+00  0.00000000E+00  0.00000000E+00  0.00000000E+00
  0.00000000E+00  0.00000000E+00  0.00000000E+00  0.00000000E+00  0.00000000E+00
  0.00000000E+00  0.00000000E+00  0.00000000E+00  0.00000000E+00  0.00000000E+00
  0.00000000E+00  0.00000000E+00  0.00000000E+00  0.00000000E+00  0.00000000E+00
  0.00000000E+00  0.00000000E+00  0.00000000E+00  0.00000000E+00  0.00000000E+00
  0.00000000E+00  0.00000000E+00  0.00000000E+00  0.00000000E+00
  0.10000000E+01  0.18232771E+01  0.16198999E+01  0.96759935E+00  0.44707237E+00
  0.16742298E+00  0.53261823E-01  0.14810078E-01  0.36913181E-02  0.83922178E-03
  0.17636807E-03  0.34535334E-04  0.63207058E-05  0.10794868E-05  0.17121642E-06
  0.25073252E-07  0.33714967E-08  0.41391227E-09  0.44517304E-10  0.29158697E-11
 -0.21724431E-11 -0.20973436E-11 -0.28324279E-11 -0.22253858E-11 -0.29332108E-11
 -0.22908898E-11 -0.30966853E-11 -0.24753118E-11 -0.34128708E-11 -0.27750137E-11
 -0.37879694E-11 -0.30547635E-11 -0.40576950E-11  0.00000000E+00  0.00000000E+00
  0.00000000E+00  0.00000000E+00  0.00000000E+00  0.00000000E+00  0.00000000E+00
  0.00000000E+00  0.00000000E+00  0.00000000E+00  0.00000000E+00  0.00000000E+00
  0.00000000E+00  0.00000000E+00  0.00000000E+00  0.00000000E+00  0.00000000E+00
  0.00000000E+00  0.00000000E+00  0.00000000E+00  0.00000000E+00  0.00000000E+00
  0.00000000E+00  0.00000000E+00  0.00000000E+00  0.00000000E+00  0.00000000E+00
  0.00000000E+00  0.00000000E+00  0.00000000E+00  0.00000000E+00
  0.10000000E+01  0.20508506E+01  0.20144379E+01  0.13803460E+01  0.75265672E+00
  0.34144229E+00  0.13399221E+00  0.46531101E-01  0.14614193E-01  0.42130922E-02
  0.11292236E-02  0.28379096E-03  0.67235440E-04  0.15029300E-04  0.31596693E-05
  0.62079040E-06  0.11315104E-06  0.19010101E-07  0.29291077E-08  0.41155023E-09
  0.50329008E-10  0.35438343E-11 -0.27669927E-11 -0.28626840E-11 -0.35890252E-11
 -0.30376465E-11 -0.38027070E-11 -0.32792433E-11 -0.41739707E-11 -0.36461009E-11
 -0.46099179E-11 -0.40001213E-11 -0.49571127E-11  0.00000000E+00  0.00000000E+00
  0.00000000E+00  0.00000000E+00  0.00000000E+00  0.00000000E+00  0.00000000E+00
  0.00000000E+00  0.00000000E+00  0.00000000E+00  0.00000000E+00  0.00000000E+00
  0.00000000E+00  0.00000000E+00  0.00000000E+00  0.00000000E+00  0.00000000E+00
  0.00000000E+00  0.00000000E+00  0.00000000E+00  0.00000000E+00  0.00000000E+00
  0.00000000E+00  0.00000000E+00  0.00000000E+00  0.00000000E+00  0.00000000E+00
  0.00000000E+00  0.00000000E+00  0.00000000E+00  0.00000000E+00
  0.10000000E+01  0.22150607E+01  0.23679348E+01  0.18150582E+01  0.11287226E+01
  0.59522885E+00  0.27535825E+00  0.11394328E+00  0.42983719E-01  0.14970510E-01
  0.48712184E-02  0.14930418E-02  0.43398976E-03  0.12003793E-03  0.31601788E-04
  0.78875087E-05  0.18533483E-05  0.40647968E-06  0.82559825E-07  0.15438919E-07
  0.26471504E-08  0.41379930E-09  0.56129285E-10  0.43200187E-11 -0.33414060E-11
 -0.37234059E-11 -0.45640074E-11 -0.41252097E-11 -0.49959759E-11 -0.45578232E-11
 -0.55095413E-11 -0.50255962E-11 -0.60249140E-11  0.00000000E+00  0.00000000E+00
  0.00000000E+00  0.00000000E+00  0.00000000E+00  0.00000000E+00  0.00000000E+00
  0.00000000E+00  0.00000000E+00  0.00000000E+00  0.00000000E+00  0.00000000E+00
  0.00000000E+00  0.00000000E+00  0.00000000E+00  0.00000000E+00  0.00000000E+00
  0.00000000E+00  0.00000000E+00  0.00000000E+00  0.00000000E+00  0.00000000E+00
  0.00000000E+00  0.00000000E+00  0.00000000E+00  0.00000000E+00  0.00000000E+00
  0.00000000E+00  0.00000000E+00  0.00000000E+00  0.00000000E+00
  0.10000000E+01  0.23359443E+01  0.26716445E+01  0.22412606E+01  0.15491542E+01
  0.92161088E+00  0.48636296E+00  0.23171170E+00  0.10133354E+00  0.41132705E-01
  0.15664939E-01  0.56394908E-02  0.19326511E-02  0.63335270E-03  0.19910007E-03
  0.60028997E-04  0.17300459E-04  0.47322325E-05  0.12174182E-05  0.29184863E-06
  0.64712433E-07  0.13207246E-07  0.24727984E-08  0.42240040E-09  0.62557749E-10
  0.52650814E-11 -0.40306428E-11 -0.47807744E-11 -0.58163112E-11 -0.54556015E-11
 -0.64801036E-11 -0.61577284E-11 -0.73813617E-11  0.00000000E+00  0.00000000E+00
  0.00000000E+00  0.00000000E+00  0.00000000E+00  0.00000000E+00  0.00000000E+00
  0.00000000E+00  0.00000000E+00  0.00000000E+00  0.00000000E+00  0.00000000E+00
  0.00000000E+00  0.00000000E+00  0.00000000E+00  0.00000000E+00  0.00000000E+00
  0.00000000E+00  0.00000000E+00  0.00000000E+00  0.00000000E+00  0.00000000E+00
  0.00000000E+00  0.00000000E+00  0.00000000E+00  0.00000000E+00  0.00000000E+00
  0.00000000E+00  0.00000000E+00  0.00000000E+00  0.00000000E+00
  0.10000000E+01  0.24275797E+01  0.29282246E+01  0.26404787E+01  0.19878981E+01
  0.13039480E+01  0.76582701E+00  0.40928123E+00  0.20199441E+00  0.92980144E-01
  0.40308115E-01  0.16569283E-01  0.65013235E-02  0.24462302E-02  0.88632804E-03
  0.30989742E-03  0.10460467E-03  0.33985948E-04  0.10562860E-04  0.31116173E-05
  0.86011805E-06  0.22109112E-06  0.52504138E-07  0.11475839E-07  0.23026898E-08
  0.42186044E-09  0.66809598E-10  0.58493704E-11 -0.49150757E-11 -0.60692382E-11
 -0.75013118E-11 -0.74945332E-11 -0.91608067E-11  0.00000000E+00  0.00000000E+00
  0.00000000E+00  0.00000000E+00  0.00000000E+00  0.00000000E+00  0.00000000E+00
  0.00000000E+00  0.00000000E+00  0.00000000E+00  0.00000000E+00  0.00000000E+00
  0.00000000E+00  0.00000000E+00  0.00000000E+00  0.00000000E+00  0.00000000E+00
  0.00000000E+00  0.00000000E+00  0.00000000E+00  0.00000000E+00  0.00000000E+00
  0.00000000E+00  0.00000000E+00  0.00000000E+00  0.00000000E+00  0.00000000E+00
  0.00000000E+00  0.00000000E+00  0.00000000E+00  0.00000000E+00
  0.10000000E+01  0.24989902E+01  0.31440978E+01  0.30041597E+01  0.24242358E+01
  0.17221807E+01  0.11042840E+01  0.64880760E+00  0.35390648E+00  0.18084671E+00
  0.87332811E-01  0.40103781E-01  0.17619686E-01  0.74391560E-02  0.30311811E-02
  0.11953482E-02  0.45725403E-03  0.16972115E-03  0.61020966E-04  0.21141055E-04
  0.70005489E-05  0.21927238E-05  0.64308713E-06  0.17512748E-06  0.44039419E-07
  0.10197971E-07  0.21702584E-08  0.42212467E-09  0.70697187E-10  0.60862493E-11
 -0.66246979E-11 -0.88366525E-11 -0.11348375E-10  0.00000000E+00  0.00000000E+00
  0.00000000E+00  0.00000000E+00  0.00000000E+00  0.00000000E+00  0.00000000E+00
  0.00000000E+00  0.00000000E+00  0.00000000E+00  0.00000000E+00  0.00000000E+00
  0.00000000E+00  0.00000000E+00  0.00000000E+00  0.00000000E+00  0.00000000E+00
  0.00000000E+00  0.00000000E+00  0.00000000E+00  0.00000000E+00  0.00000000E+00
  0.00000000E+00  0.00000000E+00  0.00000000E+00  0.00000000E+00  0.00000000E+00
  0.00000000E+00  0.00000000E+00  0.00000000E+00  0.00000000E+00
  0.10000000E+01  0.25559355E+01  0.33260874E+01  0.33301478E+01  0.28440849E+01
  0.21574341E+01  0.14876603E+01  0.94572703E+00  0.56084368E+00  0.31283551E+00
  0.16542648E+00  0.83403026E-01  0.40317127E-01  0.18763308E-01  0.84413214E-02
  0.36817515E-02  0.15611192E-02  0.64452087E-03  0.25930563E-03  0.10153480E-03
  0.38554434E-04  0.14097013E-04  0.49160400E-05  0.16173956E-05  0.49715212E-06
  0.14171365E-06  0.37294890E-07  0.90443572E-08  0.20177283E-08  0.41102871E-09
  0.70243842E-10  0.32381628E-11 -0.11441743E-10  0.00000000E+00  0.00000000E+00
  0.00000000E+00  0.00000000E+00  0.00000000E+00  0.00000000E+00  0.00000000E+00
  0.00000000E+00  0.00000000E+00  0.00000000E+00  0.00000000E+00  0.00000000E+00
  0.00000000E+00  0.00000000E+00  0.00000000E+00  0.00000000E+00  0.00000000E+00
  0.00000000E+00  0.00000000E+00  0.00000000E+00  0.00000000E+00  0.00000000E+00
  0.00000000E+00  0.00000000E+00  0.00000000E+00  0.00000000E+00  0.00000000E+00
  0.00000000E+00  0.00000000E+00  0.00000000E+00  0.00000000E+00
  0.10000000E+01  0.26022028E+01  0.34802572E+01  0.36198104E+01  0.32391634E+01
  0.25943627E+01  0.19007365E+01  0.12908587E+01  0.82135728E+00  0.49338310E+00
  0.28178499E+00  0.15381936E+00  0.80667289E-01  0.40797788E-01  0.19974904E-01
  0.94942751E-02  0.43931803E-02  0.19827670E-02  0.87434337E-03  0.37694744E-03
  0.15882865E-03  0.65243607E-04  0.25996682E-04  0.99648905E-05  0.36368610E-05
  0.12501534E-05  0.40104404E-06  0.11927625E-06  0.32768278E-07  0.83037304E-08
  0.19360025E-08  0.40948117E-09  0.69380409E-10  0.00000000E+00  0.00000000E+00
  0.00000000E+00  0.00000000E+00  0.00000000E+00  0.00000000E+00  0.00000000E+00
  0.00000000E+00  0.00000000E+00  0.00000000E+00  0.00000000E+00  0.00000000E+00
  0.00000000E+00  0.00000000E+00  0.00000000E+00  0.00000000E+00  0.00000000E+00
  0.00000000E+00  0.00000000E+00  0.00000000E+00  0.00000000E+00  0.00000000E+00
  0.00000000E+00  0.00000000E+00  0.00000000E+00  0.00000000E+00  0.00000000E+00
  0.00000000E+00  0.00000000E+00  0.00000000E+00  0.00000000E+00
  0.10000000E+01  0.26403785E+01  0.36116548E+01  0.38761698E+01  0.36054854E+01
  0.30217412E+01  0.23294819E+01  0.16727969E+01  0.11298942E+01  0.72293478E+00
  0.44097928E+00  0.25769115E+00  0.14493848E+00  0.78743894E-01  0.41470216E-01
  0.21227549E-01  0.10589371E-01  0.51582214E-02  0.24582355E-02  0.11475363E-02
  0.52519598E-03  0.23561783E-03  0.10347698E-03  0.44323908E-04  0.18401610E-04
  0.73364660E-05  0.27790117E-05  0.98966089E-06  0.32855738E-06  0.10110875E-06
  0.28755634E-07  0.75492698E-08  0.18241655E-08  0.00000000E+00  0.00000000E+00
  0.00000000E+00  0.00000000E+00  0.00000000E+00  0.00000000E+00  0.00000000E+00
  0.00000000E+00  0.00000000E+00  0.00000000E+00  0.00000000E+00  0.00000000E+00
  0.00000000E+00  0.00000000E+00  0.00000000E+00  0.00000000E+00  0.00000000E+00
  0.00000000E+00  0.00000000E+00  0.00000000E+00  0.00000000E+00  0.00000000E+00
  0.00000000E+00  0.00000000E+00  0.00000000E+00  0.00000000E+00  0.00000000E+00
  0.00000000E+00  0.00000000E+00  0.00000000E+00  0.00000000E+00
  0.10000000E+01  0.26722904E+01  0.37243737E+01  0.41028278E+01  0.39419305E+01
  0.34320912E+01  0.27622229E+01  0.20798530E+01  0.14783600E+01  0.99848685E+00
  0.64455093E+00  0.39945990E+00  0.23870189E+00  0.13798965E+00  0.77422587E-01
  0.42268058E-01  0.22510084E-01  0.11716357E-01  0.59716262E-02  0.29845193E-02
  0.14645351E-02  0.70608021E-03  0.33453705E-03  0.15562721E-03  0.70926317E-04
  0.31520415E-04  0.13560616E-04  0.55923821E-05  0.21871439E-05  0.80307595E-06
  0.27472802E-06  0.87133675E-07  0.25564123E-07  0.00000000E+00  0.00000000E+00
  0.00000000E+00  0.00000000E+00  0.00000000E+00  0.00000000E+00  0.00000000E+00
  0.00000000E+00  0.00000000E+00  0.00000000E+00  0.00000000E+00  0.00000000E+00
  0.00000000E+00  0.00000000E+00  0.00000000E+00  0.00000000E+00  0.00000000E+00
  0.00000000E+00  0.00000000E+00  0.00000000E+00  0.00000000E+00  0.00000000E+00
  0.00000000E+00  0.00000000E+00  0.00000000E+00  0.00000000E+00  0.00000000E+00
  0.00000000E+00  0.00000000E+00  0.00000000E+00  0.00000000E+00
  0.10000000E+01  0.26992680E+01  0.38217020E+01  0.43034001E+01  0.42491349E+01
  0.38209347E+01  0.31899620E+01  0.25013118E+01  0.18575845E+01  0.13145637E+01
  0.89122512E+00  0.58126386E+00  0.36614064E+00  0.22343718E+00  0.13249848E+00
  0.76532126E-01  0.43160016E-01  0.23807849E-01  0.12869514E-01  0.68267322E-02
  0.35585584E-02  0.18245390E-02  0.92087326E-03  0.45761167E-03  0.22382151E-03
  0.10758433E-03  0.50665580E-04  0.23248595E-04  0.10310995E-04  0.43751674E-05
  0.17574483E-05  0.66201984E-06  0.23226591E-06  0.00000000E+00  0.00000000E+00
  0.00000000E+00  0.00000000E+00  0.00000000E+00  0.00000000E+00  0.00000000E+00
  0.00000000E+00  0.00000000E+00  0.00000000E+00  0.00000000E+00  0.00000000E+00
  0.00000000E+00  0.00000000E+00  0.00000000E+00  0.00000000E+00  0.00000000E+00
  0.00000000E+00  0.00000000E+00  0.00000000E+00  0.00000000E+00  0.00000000E+00
  0.00000000E+00  0.00000000E+00  0.00000000E+00  0.00000000E+00  0.00000000E+00
  0.00000000E+00  0.00000000E+00  0.00000000E+00  0.00000000E+00
  0.10000000E+01  0.27744165E+01  0.41027065E+01  0.49066363E+01  0.52233841E+01
  0.51361923E+01  0.47502831E+01  0.41756708E+01  0.35128254E+01  0.28421683E+01
  0.22203998E+01  0.16802633E+01  0.12351659E+01  0.88409650E+00  0.61754454E+00
  0.42173214E+00  0.28208874E+00  0.18508093E+00  0.11928939E+00  0.75618656E-01
  0.47202576E-01  0.29042600E-01  0.17630528E-01  0.10568015E-01  0.62597776E-02
  0.36661821E-02  0.21242080E-02  0.12179872E-02  0.69124069E-03  0.38821476E-03
  0.21563697E-03  0.11830964E-03  0.63974008E-04  0.33967603E-04  0.17610272E-04
  0.88449743E-05  0.42633562E-05  0.19527615E-05  0.84259281E-06  0.00000000E+00
  0.00000000E+00  0.00000000E+00  0.00000000E+00  0.00000000E+00  0.00000000E+00
  0.00000000E+00  0.00000000E+00  0.00000000E+00  0.00000000E+00  0.00000000E+00
  0.00000000E+00  0.00000000E+00  0.00000000E+00  0.00000000E+00  0.00000000E+00
  0.00000000E+00  0.00000000E+00  0.00000000E+00  0.00000000E+00  0.00000000E+00
  0.00000000E+00  0.00000000E+00  0.00000000E+00  0.00000000E+00
  0.10000000E+01  0.28191667E+01  0.42771108E+01  0.52981410E+01  0.58927055E+01
  0.61045047E+01  0.59961426E+01  0.56408846E+01  0.51147379E+01  0.44893958E+01
  0.38270546E+01  0.31766635E+01  0.25731353E+01  0.20377090E+01  0.15803187E+01
  0.12019970E+01  0.89787849E+00  0.65948564E+00  0.47683327E+00  0.33972795E+00
  0.23873722E+00  0.16561224E+00  0.11350200E+00  0.76904970E-01  0.51552006E-01
  0.34208103E-01  0.22483164E-01  0.14643312E-01  0.94554638E-02  0.60555414E-02
  0.38477710E-02  0.24264044E-02  0.15188236E-02  0.94377699E-03  0.58213918E-03
  0.35632837E-03  0.21631883E-03  0.13011079E-03  0.77412685E-04  0.45448249E-04
  0.26232907E-04  0.14808241E-04  0.81171631E-05  0.42837151E-05  0.21569832E-05
  0.10278678E-05  0.46064715E-06  0.00000000E+00  0.00000000E+00  0.00000000E+00
  0.00000000E+00  0.00000000E+00  0.00000000E+00  0.00000000E+00  0.00000000E+00
  0.00000000E+00  0.00000000E+00  0.00000000E+00  0.00000000E+00  0.00000000E+00
  0.00000000E+00  0.00000000E+00  0.00000000E+00  0.00000000E+00
  0.10000000E+01  0.28482122E+01  0.43933213E+01  0.55659535E+01  0.63656473E+01
  0.68163902E+01  0.69564888E+01  0.68338680E+01  0.65019599E+01  0.60158892E+01
  0.54289142E+01  0.47891419E+01  0.41374019E+01  0.35057704E+01  0.29174902E+01
  0.23873421E+01  0.19229625E+01  0.15261441E+01  0.11944979E+01  0.92276742E+00
  0.70413365E+00  0.53109686E+00  0.39622320E+00  0.29255683E+00  0.21391271E+00
  0.15496700E+00  0.11128480E+00  0.79252994E-01  0.55997259E-01  0.39269138E-01
  0.27342052E-01  0.18907920E-01  0.12990503E-01  0.88693404E-02  0.60193568E-02
  0.40615142E-02  0.27250992E-02  0.18183615E-02  0.12067288E-02  0.79644345E-03
  0.52270847E-03  0.34103188E-03  0.22108064E-03  0.14229480E-03  0.90826311E-04
  0.57397101E-04  0.35826061E-04  0.22013825E-04  0.13254860E-04  0.77724199E-05
  0.44051892E-05  0.23935765E-05  0.12371428E-05  0.60422569E-06  0.00000000E+00
  0.00000000E+00  0.00000000E+00  0.00000000E+00  0.00000000E+00  0.00000000E+00
  0.00000000E+00  0.00000000E+00  0.00000000E+00  0.00000000E+00
  0.10000000E+01  0.28682827E+01  0.44751652E+01  0.57578743E+01  0.67115456E+01
  0.73500107E+01  0.76978272E+01  0.77870060E+01  0.76547460E+01  0.73414617E+01
  0.68887571E+01  0.63373168E+01  0.57250740E+01  0.50855901E+01  0.44470959E+01
  0.38318707E+01  0.32563306E+01  0.27313188E+01  0.22628887E+01  0.18530644E+01
  0.15008252E+01  0.12029050E+01  0.95462822E+00  0.75050793E+00  0.58479580E+00
  0.45182407E+00  0.34628537E+00  0.26336744E+00  0.19884428E+00  0.14908311E+00
  0.11103149E+00  0.82164940E-01  0.60431888E-01  0.44185907E-01  0.32124235E-01
  0.23226682E-01  0.16703665E-01  0.11949445E-01  0.85039323E-02  0.60203289E-02
  0.42394687E-02  0.29689753E-02  0.20671185E-02  0.14301035E-02  0.98242137E-03
  0.66943367E-03  0.45183387E-03  0.30148378E-03  0.19834696E-03  0.12821081E-03
  0.81036165E-04  0.49768294E-04  0.29474977E-04  0.16697753E-04  0.89796993E-05
  0.45552008E-05  0.21689034E-05  0.96486025E-06  0.00000000E+00  0.00000000E+00
  0.00000000E+00  0.00000000E+00  0.00000000E+00  0.00000000E+00
  0.10000000E+01  0.28828301E+01  0.45353986E+01  0.59009124E+01  0.69729431E+01
  0.77598931E+01  0.82783394E+01  0.85504229E+01  0.86024489E+01  0.84638354E+01
  0.81660484E+01  0.77414110E+01  0.72218746E+01  0.66377989E+01  0.60169405E+01
  0.53836077E+01  0.47581985E+01  0.41569270E+01  0.35919380E+01  0.30715202E+01
  0.26005986E+01  0.21812057E+01  0.18130991E+01  0.14942711E+01  0.12215023E+01
  0.99077391E+00  0.79766884E+00  0.63764049E+00  0.50625149E+00  0.39931079E+00
  0.31298354E+00  0.24383373E+00  0.18884999E+00  0.14543308E+00  0.11137682E+00
  0.84830867E-01  0.64263966E-01  0.48421278E-01  0.36285810E-01  0.27040118E-01
  0.20033285E-01  0.14750691E-01  0.10788737E-01  0.78328682E-02  0.56396556E-02
  0.40217488E-02  0.28358202E-02  0.19727836E-02  0.13500761E-02  0.90541311E-03
  0.59198968E-03  0.37485806E-03  0.22807938E-03  0.13225412E-03  0.72545702E-04
  0.37423904E-04  0.18082983E-04  0.81626253E-05  0.34331798E-05  0.13365125E-05
  0.46964141E-06  0.00000000E+00  0.00000000E+00  0.00000000E+00
  0.10000000E+01  0.28937762E+01  0.45813188E+01  0.60110365E+01  0.71762224E+01
  0.80822846E+01  0.87410030E+01  0.91683020E+01  0.93832688E+01  0.94075499E+01
  0.92648166E+01  0.89801448E+01  0.85792832E+01  0.80878707E+01  0.75306452E+01
  0.69307132E+01  0.63089639E+01  0.56836062E+01  0.50699351E+01  0.44802090E+01
  0.39237540E+01  0.34071184E+01  0.29343974E+01  0.25075401E+01  0.21267543E+01
  0.17908455E+01  0.14975949E+01  0.12440499E+01  0.10268180E+01  0.84227423E+00
  0.68675589E+00  0.55668597E+00  0.44868104E+00  0.35960718E+00  0.28662407E+00
  0.22719555E+00  0.17909356E+00  0.14038310E+00  0.10940510E+00  0.84750340E-01
  0.65234308E-01  0.49869191E-01  0.37838446E-01  0.28471593E-01  0.21222311E-01
  0.15647993E-01  0.11392267E-01  0.81697900E-02  0.57534503E-02  0.39629104E-02
  0.26554557E-02  0.17190904E-02  0.10665579E-02  0.62893463E-03  0.34993612E-03
  0.18269038E-03  0.89172287E-04  0.40616152E-04  0.17244389E-04  0.68080332E-05
  0.24735844E-05  0.79122809E-06  0.00000000E+00  0.00000000E+00
  0.10000000E+01  0.29022550E+01  0.46173068E+01  0.60980342E+01  0.73380385E+01
  0.83410366E+01  0.91158172E+01  0.96742873E+01  0.10030708E+02  0.10201311E+02
  0.10204047E+02  0.10058281E+02  0.97844022E+01  0.94033639E+01  0.89361457E+01
  0.84032223E+01  0.78240434E+01  0.72165818E+01  0.65969815E+01  0.59792924E+01
  0.53753497E+01  0.47947195E+01  0.42447856E+01  0.37308630E+01  0.32564204E+01
  0.28232880E+01  0.24319346E+01  0.20816999E+01  0.17710616E+01  0.14978431E+01
  0.12594325E+01  0.10529417E+01  0.87536302E+00  0.72367418E+00  0.59493601E+00
  0.48635035E+00  0.39531029E+00  0.31942265E+00  0.25652516E+00  0.20468591E+00
  0.16219999E+00  0.12757642E+00  0.99524243E-01  0.76933865E-01  0.58859797E-01
  0.44501269E-01  0.33184398E-01  0.24345627E-01  0.17516764E-01  0.12309220E-01
  0.84013585E-02  0.55299582E-02  0.34815104E-02  0.20790859E-02  0.11692267E-02
  0.61590766E-03  0.30289495E-03  0.13885627E-03  0.59313269E-04  0.23588374E-04
  0.86882284E-05  0.28925912E-05  0.77522902E-06  0.00000000E+00
  0.10000000E+01  0.29089644E+01  0.46460856E+01  0.61680706E+01  0.74690807E+01
  0.85518623E+01  0.94232719E+01  0.10092544E+02  0.10570654E+02  0.10870053E+02
  0.11004552E+02  0.10989200E+02  0.10840091E+02  0.10574126E+02  0.10208670E+02
  0.97612100E+01  0.92489501E+01  0.86884496E+01  0.80952742E+01  0.74837084E+01
  0.68665376E+01  0.62548908E+01  0.56581775E+01  0.50840666E+01  0.45385561E+01
  0.40260582E+01  0.35495572E+01  0.31107551E+01  0.27102675E+01  0.23477887E+01
  0.20222844E+01  0.17321449E+01  0.14753492E+01  0.12495888E+01  0.10523924E+01
  0.88121401E+00  0.73351740E+00  0.60683088E+00  0.49879730E+00  0.40720191E+00
  0.32999556E+00  0.26530360E+00  0.21143111E+00  0.16685854E+00  0.13023740E+00
  0.10037885E+00  0.76241808E-01  0.56921290E-01  0.41636541E-01  0.29713332E-01
  0.20570609E-01  0.13715243E-01  0.87333514E-02  0.52667477E-02  0.29865925E-02
  0.15842181E-02  0.78364359E-03  0.36102435E-03  0.15489923E-03  0.61894423E-04
  0.22966166E-04  0.77894000E-05  0.22439829E-05  0.32237535E-06
  0.10000000E+01  0.29143509E+01  0.46694083E+01  0.62251486E+01  0.75763791E+01
  0.87252841E+01  0.96774292E+01  0.10440220E+02  0.11022349E+02  0.11433596E+02
  0.11684785E+02  0.11787755E+02  0.11755281E+02  0.11600975E+02  0.11339080E+02
  0.10984265E+02  0.10551341E+02  0.10054997E+02  0.95095003E+01  0.89284487E+01
  0.83245307E+01  0.77093372E+01  0.70932248E+01  0.64852183E+01  0.58929794E+01
  0.53228011E+01  0.47796643E+01  0.42673022E+01  0.37883160E+01  0.33442806E+01
  0.29358872E+01  0.25630637E+01  0.22251179E+01  0.19208520E+01  0.16486889E+01
  0.14067683E+01  0.11930470E+01  0.10053717E+01  0.84155128E+00  0.69940641E+00
  0.57681541E+00  0.47174445E+00  0.38227290E+00  0.30660583E+00  0.24308692E+00
  0.19019925E+00  0.14656342E+00  0.11093666E+00  0.82209262E-01  0.59386850E-01
  0.41579519E-01  0.28007260E-01  0.17995856E-01  0.10937720E-01  0.62436511E-02
  0.33303585E-02  0.16550510E-02  0.76547500E-03  0.32956321E-03  0.13213954E-03
  0.49262272E-04  0.16883445E-04  0.50431974E-05  0.94937041E-06
    59
  0.10000000E+01  0.26224415E+00  0.51901382E+00  0.63981842E-01  0.43050642E-02
  0.20461200E-03  0.76944857E-05  0.24383029E-06  0.67575511E-08  0.16780749E-09
  0.25130391E-11  0.52475833E-12 -0.13801727E-11  0.55068368E-12 -0.14622560E-11
  0.64884682E-12 -0.16458031E-11  0.72273533E-12 -0.19611649E-11  0.78059715E-12
 -0.22678354E-11  0.85290355E-12 -0.24491874E-11  0.94661351E-12 -0.25547685E-11
  0.10423753E-11 -0.27110939E-11  0.11214473E-11 -0.29758056E-11  0.11832625E-11
 -0.32793492E-11  0.12467156E-11 -0.35020970E-11  0.00000000E+00  0.00000000E+00
  0.00000000E+00  0.00000000E+00  0.00000000E+00  0.00000000E+00  0.00000000E+00
  0.00000000E+00  0.00000000E+00  0.00000000E+00  0.00000000E+00  0.00000000E+00
  0.00000000E+00  0.00000000E+00  0.00000000E+00  0.00000000E+00  0.00000000E+00
  0.00000000E+00  0.00000000E+00  0.00000000E+00  0.00000000E+00  0.00000000E+00
  0.00000000E+00  0.00000000E+00  0.00000000E+00  0.00000000E+00  0.00000000E+00
  0.10000000E+01  0.57262087E+00  0.59239167E+00  0.14941081E+00  0.22025431E-01
  0.23089110E-02  0.19167640E-03  0.13409919E-04  0.82080707E-06  0.44944283E-07
  0.22269290E-08  0.10036634E-09  0.30789724E-11  0.10483352E-12 -0.10592506E-11
 -0.18136783E-13 -0.11933847E-11 -0.44440769E-13 -0.14573650E-11 -0.99476076E-13
 -0.17121758E-11 -0.12516833E-12 -0.18401279E-11 -0.10208300E-12 -0.18899202E-11
 -0.74090316E-13 -0.19912989E-11 -0.83155223E-13 -0.22064623E-11 -0.12927089E-12
 -0.24603874E-11 -0.16448752E-12 -0.26298955E-11  0.00000000E+00  0.00000000E+00
  0.00000000E+00  0.00000000E+00  0.00000000E+00  0.00000000E+00  0.00000000E+00
  0.00000000E+00  0.00000000E+00  0.00000000E+00  0.00000000E+00  0.00000000E+00
  0.00000000E+00  0.00000000E+00  0.00000000E+00  0.00000000E+00  0.00000000E+00
  0.00000000E+00  0.00000000E+00  0.00000000E+00  0.00000000E+00  0.00000000E+00
  0.00000000E+00  0.00000000E+00  0.00000000E+00  0.00000000E+00  0.00000000E+00
  0.10000000E+01  0.94805503E+00  0.76318239E+00  0.28692803E+00  0.69890669E-01
  0.12432184E-01  0.17733691E-02  0.21418684E-03  0.22696142E-04  0.21579310E-05
  0.18644333E-06  0.14713970E-07  0.10601668E-08  0.69317402E-10  0.31897946E-11
 -0.25183380E-12 -0.10907612E-11 -0.57685793E-12 -0.13615606E-11 -0.72656802E-12
 -0.16127820E-11 -0.82542491E-12 -0.17303036E-11 -0.84545765E-12 -0.17633264E-11
 -0.85358821E-12 -0.18493878E-11 -0.92377353E-12 -0.20586393E-11 -0.10559382E-11
 -0.23095632E-11 -0.11715814E-11 -0.24721754E-11  0.00000000E+00  0.00000000E+00
  0.00000000E+00  0.00000000E+00  0.00000000E+00  0.00000000E+00  0.00000000E+00
  0.00000000E+00  0.00000000E+00  0.00000000E+00  0.00000000E+00  0.00000000E+00
  0.00000000E+00  0.00000000E+00  0.00000000E+00  0.00000000E+00  0.00000000E+00
  0.00000000E+00  0.00000000E+00  0.00000000E+00  0.00000000E+00  0.00000000E+00
  0.00000000E+00  0.00000000E+00  0.00000000E+00  0.00000000E+00  0.00000000E+00
  0.10000000E+01  0.13174360E+01  0.10375407E+01  0.49369604E+00  0.16721076E+00
  0.43121083E-01  0.91070395E-02  0.16431859E-02  0.26166498E-03  0.37575289E-04
  0.49321102E-05  0.59536805E-06  0.66118602E-07  0.67347585E-08  0.62572573E-09
  0.52354561E-10  0.27832328E-11 -0.64900380E-12 -0.15882384E-11 -0.11590644E-11
 -0.18964890E-11 -0.13128394E-11 -0.20396598E-11 -0.13560377E-11 -0.20886626E-11
 -0.13821052E-11 -0.21958401E-11 -0.14958432E-11 -0.24358783E-11 -0.16925460E-11
 -0.27237665E-11 -0.18715543E-11 -0.29167899E-11  0.00000000E+00  0.00000000E+00
  0.00000000E+00  0.00000000E+00  0.00000000E+00  0.00000000E+00  0.00000000E+00
  0.00000000E+00  0.00000000E+00  0.00000000E+00  0.00000000E+00  0.00000000E+00
  0.00000000E+00  0.00000000E+00  0.00000000E+00  0.00000000E+00  0.00000000E+00
  0.00000000E+00  0.00000000E+00  0.00000000E+00  0.00000000E+00  0.00000000E+00
  0.00000000E+00  0.00000000E+00  0.00000000E+00  0.00000000E+00  0.00000000E+00
  0.10000000E+01  0.16311302E+01  0.13787351E+01  0.77489809E+00  0.32977081E+00
  0.11133404E+00  0.31485394E-01  0.76987610E-02  0.16751057E-02  0.33059663E-03
  0.60034915E-04  0.10110851E-04  0.15827938E-05  0.22966529E-06  0.30718126E-07
  0.37649461E-08  0.41969437E-09  0.41624875E-10  0.19866523E-11 -0.12498387E-11
 -0.23091210E-11 -0.17915396E-11 -0.25203503E-11 -0.18629275E-11 -0.25985662E-11
 -0.19090456E-11 -0.27393198E-11 -0.20644031E-11 -0.30253586E-11 -0.23213887E-11
 -0.33629846E-11 -0.25576557E-11 -0.36021826E-11  0.00000000E+00  0.00000000E+00
  0.00000000E+00  0.00000000E+00  0.00000000E+00  0.00000000E+00  0.00000000E+00
  0.00000000E+00  0.00000000E+00  0.00000000E+00  0.00000000E+00  0.00000000E+00
  0.00000000E+00  0.00000000E+00  0.00000000E+00  0.00000000E+00  0.00000000E+00
  0.00000000E+00  0.00000000E+00  0.00000000E+00  0.00000000E+00  0.00000000E+00
  0.00000000E+00  0.00000000E+00  0.00000000E+00  0.00000000E+00  0.00000000E+00
  0.10000000E+01  0.18759343E+01  0.17374974E+01  0.11165757E+01  0.56349129E+00
  0.23295232E+00  0.82284668E-01  0.25455099E-01  0.70687438E-02  0.17911204E-02
  0.41996461E-03  0.91932802E-04  0.18882452E-04  0.36374272E-05  0.65403180E-06
  0.10895176E-06  0.16689372E-07  0.23368187E-08  0.29630542E-09  0.32680439E-10
  0.87069032E-12 -0.19901679E-11 -0.30175490E-11 -0.24521854E-11 -0.31612529E-11
 -0.25323231E-11 -0.33388881E-11 -0.27347741E-11 -0.36728502E-11 -0.30542417E-11
 -0.40689959E-11 -0.33578562E-11 -0.43621361E-11  0.00000000E+00  0.00000000E+00
  0.00000000E+00  0.00000000E+00  0.00000000E+00  0.00000000E+00  0.00000000E+00
  0.00000000E+00  0.00000000E+00  0.00000000E+00  0.00000000E+00  0.00000000E+00
  0.00000000E+00  0.00000000E+00  0.00000000E+00  0.00000000E+00  0.00000000E+00
  0.00000000E+00  0.00000000E+00  0.00000000E+00  0.00000000E+00  0.00000000E+00
  0.00000000E+00  0.00000000E+00  0.00000000E+00  0.00000000E+00  0.00000000E+00
  0.10000000E+01  0.20605678E+01  0.20780451E+01  0.14929001E+01  0.86186361E+00
  0.41719574E+00  0.17533407E+00  0.65311189E-01  0.22020123E-01  0.68145008E-02
  0.19610619E-02  0.52947355E-03  0.13503870E-03  0.32621099E-04  0.74541371E-05
  0.16017264E-05  0.32088078E-06  0.59398592E-07  0.10086531E-07  0.15631360E-08
  0.21833335E-09  0.25681642E-10 -0.22829486E-12 -0.27452039E-11 -0.37288871E-11
 -0.32323889E-11 -0.39875310E-11 -0.34890222E-11 -0.43676147E-11 -0.38679371E-11
 -0.48208687E-11 -0.42475932E-11 -0.52047154E-11  0.00000000E+00  0.00000000E+00
  0.00000000E+00  0.00000000E+00  0.00000000E+00  0.00000000E+00  0.00000000E+00
  0.00000000E+00  0.00000000E+00  0.00000000E+00  0.00000000E+00  0.00000000E+00
  0.00000000E+00  0.00000000E+00  0.00000000E+00  0.00000000E+00  0.00000000E+00
  0.00000000E+00  0.00000000E+00  0.00000000E+00  0.00000000E+00  0.00000000E+00
  0.00000000E+00  0.00000000E+00  0.00000000E+00  0.00000000E+00  0.00000000E+00
  0.10000000E+01  0.21995544E+01  0.23831199E+01  0.18777842E+01  0.12090334E+01
  0.66402925E+00  0.32070285E+00  0.13871665E+00  0.54712851E-01  0.19919499E-01
  0.67734123E-02  0.21690644E-02  0.65896619E-03  0.19077947E-03  0.52750522E-04
  0.13903810E-04  0.34733685E-05  0.81490532E-06  0.17777040E-06  0.35747412E-07
  0.65854585E-08  0.11064412E-08  0.16664523E-09  0.20267395E-10 -0.12987079E-11
 -0.35946054E-11 -0.46296866E-11 -0.42595809E-11 -0.50949613E-11 -0.47052705E-11
 -0.56240361E-11 -0.52067668E-11 -0.62024707E-11  0.00000000E+00  0.00000000E+00
  0.00000000E+00  0.00000000E+00  0.00000000E+00  0.00000000E+00  0.00000000E+00
  0.00000000E+00  0.00000000E+00  0.00000000E+00  0.00000000E+00  0.00000000E+00
  0.00000000E+00  0.00000000E+00  0.00000000E+00  0.00000000E+00  0.00000000E+00
  0.00000000E+00  0.00000000E+00  0.00000000E+00  0.00000000E+00  0.00000000E+00
  0.00000000E+00  0.00000000E+00  0.00000000E+00  0.00000000E+00  0.00000000E+00
  0.10000000E+01  0.23056922E+01  0.26483276E+01  0.22516035E+01  0.15856077E+01
  0.96528247E+00  0.52214718E+00  0.25520426E+00  0.11448660E+00  0.47655015E-01
  0.18600398E-01  0.68593018E-02  0.24068832E-02  0.80760802E-03  0.26013789E-03
  0.80540406E-04  0.23930825E-04  0.67858624E-05  0.18201318E-05  0.45689299E-06
  0.10627989E-06  0.22739519E-07  0.44535509E-08  0.79504921E-09  0.12620776E-09
  0.15105569E-10 -0.26048136E-11 -0.46496967E-11 -0.57713594E-11 -0.55144616E-11
 -0.64773288E-11 -0.62714511E-11 -0.74644345E-11  0.00000000E+00  0.00000000E+00
  0.00000000E+00  0.00000000E+00  0.00000000E+00  0.00000000E+00  0.00000000E+00
  0.00000000E+00  0.00000000E+00  0.00000000E+00  0.00000000E+00  0.00000000E+00
  0.00000000E+00  0.00000000E+00  0.00000000E+00  0.00000000E+00  0.00000000E+00
  0.00000000E+00  0.00000000E+00  0.00000000E+00  0.00000000E+00  0.00000000E+00
  0.00000000E+00  0.00000000E+00  0.00000000E+00  0.00000000E+00  0.00000000E+00
  0.10000000E+01  0.23883924E+01  0.28757710E+01  0.26024175E+01  0.19734867E+01
  0.13079254E+01  0.77696588E+00  0.42020997E+00  0.20979815E+00  0.97651001E-01
  0.42774374E-01  0.17755185E-01  0.70300246E-02  0.26679961E-02  0.97475522E-03
  0.34377078E-03  0.11718725E-03  0.38556025E-04  0.12186556E-04  0.36696500E-05
  0.10416779E-05  0.27574213E-06  0.67465347E-07  0.15166260E-07  0.31208375E-08
  0.58509494E-09  0.96374214E-10  0.10692747E-10 -0.40510102E-11 -0.59531692E-11
 -0.73600682E-11 -0.75189176E-11 -0.90835069E-11  0.00000000E+00  0.00000000E+00
  0.00000000E+00  0.00000000E+00  0.00000000E+00  0.00000000E+00  0.00000000E+00
  0.00000000E+00  0.00000000E+00  0.00000000E+00  0.00000000E+00  0.00000000E+00
  0.00000000E+00  0.00000000E+00  0.00000000E+00  0.00000000E+00  0.00000000E+00
  0.00000000E+00  0.00000000E+00  0.00000000E+00  0.00000000E+00  0.00000000E+00
  0.00000000E+00  0.00000000E+00  0.00000000E+00  0.00000000E+00  0.00000000E+00
  0.10000000E+01  0.24541596E+01  0.30700064E+01  0.29244782E+01  0.23583401E+01
  0.16775004E+01  0.10775967E+01  0.63437211E+00  0.34651579E+00  0.17721389E+00
  0.85574616E-01  0.39266502E-01  0.17224755E-01  0.72565042E-02  0.29484787E-02
  0.11590735E-02  0.44191722E-03  0.16356064E-03  0.58710317E-04  0.20356544E-04
  0.67683980E-05  0.21361595E-05  0.63286732E-06  0.17424077E-06  0.44251608E-07
  0.10321134E-07  0.22042338E-08  0.42840942E-09  0.71634448E-10  0.61571322E-11
 -0.63828352E-11 -0.87312805E-11 -0.11027088E-10  0.00000000E+00  0.00000000E+00
  0.00000000E+00  0.00000000E+00  0.00000000E+00  0.00000000E+00  0.00000000E+00
  0.00000000E+00  0.00000000E+00  0.00000000E+00  0.00000000E+00  0.00000000E+00
  0.00000000E+00  0.00000000E+00  0.00000000E+00  0.00000000E+00  0.00000000E+00
  0.00000000E+00  0.00000000E+00  0.00000000E+00  0.00000000E+00  0.00000000E+00
  0.00000000E+00  0.00000000E+00  0.00000000E+00  0.00000000E+00  0.00000000E+00
  0.10000000E+01  0.25074382E+01  0.32360326E+01  0.32161751E+01  0.27301464E+01
  0.20605764E+01  0.14138236E+01  0.89412256E+00  0.52708593E+00  0.29204056E+00
  0.15325074E+00  0.76613024E-01  0.36690058E-01  0.16904588E-01  0.75236223E-02
  0.32446342E-02  0.13596589E-02  0.55465341E-03  0.22049103E-03  0.85357805E-04
  0.32085869E-04  0.11640181E-04  0.40387791E-05  0.13255797E-05  0.40712047E-06
  0.11596449E-06  0.30450722E-07  0.73472750E-08  0.16242384E-08  0.32551957E-09
  0.53220091E-10  0.20720413E-12 -0.11430307E-10  0.00000000E+00  0.00000000E+00
  0.00000000E+00  0.00000000E+00  0.00000000E+00  0.00000000E+00  0.00000000E+00
  0.00000000E+00  0.00000000E+00  0.00000000E+00  0.00000000E+00  0.00000000E+00
  0.00000000E+00  0.00000000E+00  0.00000000E+00  0.00000000E+00  0.00000000E+00
  0.00000000E+00  0.00000000E+00  0.00000000E+00  0.00000000E+00  0.00000000E+00
  0.00000000E+00  0.00000000E+00  0.00000000E+00  0.00000000E+00  0.00000000E+00
  0.10000000E+01  0.25513007E+01  0.33784597E+01  0.34783261E+01  0.30826809E+01
  0.24460209E+01  0.17747454E+01  0.11929630E+01  0.75058661E+00  0.44543270E+00
  0.25106411E+00  0.13513263E+00  0.69809544E-01  0.34752933E-01  0.16735259E-01
  0.78187476E-02  0.35539287E-02  0.15749147E-02  0.68159369E-03  0.28831240E-03
  0.11916639E-03  0.48020383E-04  0.18775876E-04  0.70674430E-05  0.25349370E-05
  0.85680803E-06  0.27019245E-06  0.78897131E-07  0.21233374E-07  0.52538532E-08
  0.11894128E-08  0.24004444E-09  0.34165469E-10  0.00000000E+00  0.00000000E+00
  0.00000000E+00  0.00000000E+00  0.00000000E+00  0.00000000E+00  0.00000000E+00
  0.00000000E+00  0.00000000E+00  0.00000000E+00  0.00000000E+00  0.00000000E+00
  0.00000000E+00  0.00000000E+00  0.00000000E+00  0.00000000E+00  0.00000000E+00
  0.00000000E+00  0.00000000E+00  0.00000000E+00  0.00000000E+00  0.00000000E+00
  0.00000000E+00  0.00000000E+00  0.00000000E+00  0.00000000E+00  0.00000000E+00
  0.10000000E+01  0.25879155E+01  0.35012489E+01  0.37130002E+01  0.34126423E+01
  0.28253674E+01  0.21501437E+01  0.15228600E+01  0.10133799E+01  0.63810276E+00
  0.38261700E+00  0.21956990E+00  0.12115547E+00  0.64521447E-01  0.33280211E-01
  0.16673394E-01  0.81352826E-02  0.38739281E-02  0.18037784E-02  0.82232799E-03
  0.36737056E-03  0.16080386E-03  0.68859993E-04  0.28740854E-04  0.11617440E-04
  0.45063361E-05  0.16594596E-05  0.57398595E-06  0.18483117E-06  0.55067499E-07
  0.15124138E-07  0.38197069E-08  0.88012910E-09  0.00000000E+00  0.00000000E+00
  0.00000000E+00  0.00000000E+00  0.00000000E+00  0.00000000E+00  0.00000000E+00
  0.00000000E+00  0.00000000E+00  0.00000000E+00  0.00000000E+00  0.00000000E+00
  0.00000000E+00  0.00000000E+00  0.00000000E+00  0.00000000E+00  0.00000000E+00
  0.00000000E+00  0.00000000E+00  0.00000000E+00  0.00000000E+00  0.00000000E+00
  0.00000000E+00  0.00000000E+00  0.00000000E+00  0.00000000E+00  0.00000000E+00
  0.10000000E+01  0.26188488E+01  0.36076954E+01  0.39227886E+01  0.37187872E+01
  0.31926480E+01  0.25312320E+01  0.18754110E+01  0.13100095E+01  0.86844348E+00
  0.54956371E+00  0.33352426E+00  0.19495565E+00  0.11014534E+00  0.60345197E-01
  0.32146500E-01  0.16692956E-01  0.84671275E-02  0.42030665E-02  0.20448858E-02
  0.97629159E-03  0.45771470E-03  0.21073718E-03  0.95179539E-04  0.42054530E-04
  0.18084951E-04  0.75107088E-05  0.29824050E-05  0.11202204E-05  0.39410220E-06
  0.12887551E-06  0.38979950E-07  0.10876302E-07  0.00000000E+00  0.00000000E+00
  0.00000000E+00  0.00000000E+00  0.00000000E+00  0.00000000E+00  0.00000000E+00
  0.00000000E+00  0.00000000E+00  0.00000000E+00  0.00000000E+00  0.00000000E+00
  0.00000000E+00  0.00000000E+00  0.00000000E+00  0.00000000E+00  0.00000000E+00
  0.00000000E+00  0.00000000E+00  0.00000000E+00  0.00000000E+00  0.00000000E+00
  0.00000000E+00  0.00000000E+00  0.00000000E+00  0.00000000E+00  0.00000000E+00
  0.10000000E+01  0.27050684E+01  0.39171820E+01  0.45647596E+01  0.47175904E+01
  0.44855361E+01  0.39949819E+01  0.33678704E+01  0.27065712E+01  0.20843532E+01
  0.15448265E+01  0.11058034E+01  0.76690187E+00  0.51669422E+00  0.33902821E+00
  0.21710547E+00  0.13595592E+00  0.83398529E-01  0.50192925E-01  0.29678778E-01
  0.17263277E-01  0.98889204E-02  0.55841497E-02  0.31110397E-02  0.17111822E-02
  0.92967576E-03  0.49900327E-03  0.26455658E-03  0.13842905E-03  0.71363076E-04
  0.36134113E-04  0.17881759E-04  0.85878300E-05  0.39670171E-05  0.17454715E-05
  0.72480648E-06  0.00000000E+00  0.00000000E+00  0.00000000E+00  0.00000000E+00
  0.00000000E+00  0.00000000E+00  0.00000000E+00  0.00000000E+00  0.00000000E+00
  0.00000000E+00  0.00000000E+00  0.00000000E+00  0.00000000E+00  0.00000000E+00
  0.00000000E+00  0.00000000E+00  0.00000000E+00  0.00000000E+00  0.00000000E+00
  0.00000000E+00  0.00000000E+00  0.00000000E+00  0.00000000E+00  0.00000000E+00
  0.10000000E+01  0.27566053E+01  0.41110459E+01  0.49897132E+01  0.54259601E+01
  0.54812472E+01  0.52344563E+01  0.47722989E+01  0.41801380E+01  0.35333853E+01
  0.28922293E+01  0.22989684E+01  0.17788940E+01  0.13427528E+01  0.99060703E+00
  0.71547986E+00  0.50671189E+00  0.35236479E+00  0.24090761E+00  0.16211816E+00
  0.10749776E+00  0.70301736E-01  0.45385414E-01  0.28946244E-01  0.18252043E-01
  0.11385557E-01  0.70303391E-02  0.42992769E-02  0.26049426E-02  0.15643096E-02
  0.93122364E-03  0.54953550E-03  0.32139911E-03  0.18618157E-03  0.10670447E-03
  0.60390219E-04  0.33652350E-04  0.18383774E-04  0.97856902E-05  0.50367041E-05
  0.24849892E-05  0.11650870E-05  0.51514990E-06  0.00000000E+00  0.00000000E+00
  0.00000000E+00  0.00000000E+00  0.00000000E+00  0.00000000E+00  0.00000000E+00
  0.00000000E+00  0.00000000E+00  0.00000000E+00  0.00000000E+00  0.00000000E+00
  0.00000000E+00  0.00000000E+00  0.00000000E+00  0.00000000E+00  0.00000000E+00
  0.10000000E+01  0.27902285E+01  0.42411800E+01  0.52841807E+01  0.59364700E+01
  0.62339649E+01  0.62259374E+01  0.59708110E+01  0.55316141E+01  0.49707991E+01
  0.43457554E+01  0.37050663E+01  0.30865949E+01  0.25168243E+01  0.20117578E+01
  0.15784634E+01  0.12172216E+01  0.92356623E+00  0.69021299E+00  0.50854035E+00
  0.36972489E+00  0.26545507E+00  0.18835985E+00  0.13218024E+00  0.91791557E-01
  0.63117343E-01  0.42997168E-01  0.29032851E-01  0.19440021E-01  0.12913368E-01
  0.85129748E-02  0.55714068E-02  0.36208790E-02  0.23373674E-02  0.14989029E-02
  0.95495621E-03  0.60441620E-03  0.37996115E-03  0.23713953E-03  0.14682688E-03
  0.90080949E-04  0.54666242E-04  0.32730330E-04  0.19263994E-04  0.11090382E-04
  0.62054914E-05  0.33495333E-05  0.17304755E-05  0.84950932E-06  0.00000000E+00
  0.00000000E+00  0.00000000E+00  0.00000000E+00  0.00000000E+00  0.00000000E+00
  0.00000000E+00  0.00000000E+00  0.00000000E+00  0.00000000E+00  0.00000000E+00
  0.10000000E+01  0.28135841E+01  0.43333805E+01  0.54971433E+01  0.63147985E+01
  0.68085009E+01  0.70098947E+01  0.69582549E+01  0.66983795E+01  0.62778779E+01
  0.57443488E+01  0.51424857E+01  0.45118315E+01  0.38851017E+01  0.32875067E+01
  0.27367042E+01  0.22435011E+01  0.18128472E+01  0.14451195E+01  0.11373490E+01
  0.88440112E+00  0.67992712E+00  0.51713856E+00  0.38934500E+00  0.29032290E+00
  0.21451784E+00  0.15713871E+00  0.11416298E+00  0.82292628E-01  0.58876830E-01
  0.41823067E-01  0.29505130E-01  0.20677320E-01  0.14397550E-01  0.99618166E-02
  0.68496701E-02  0.46802387E-02  0.31773645E-02  0.21425574E-02  0.14342982E-02
  0.95245469E-03  0.62667770E-03  0.40787520E-03  0.26200318E-03  0.16558924E-03
  0.10253677E-03  0.61866941E-04  0.36126566E-04  0.20262017E-04  0.10832097E-04
  0.54823056E-05  0.26128223E-05  0.11682507E-05  0.48883824E-06  0.00000000E+00
  0.00000000E+00  0.00000000E+00  0.00000000E+00  0.00000000E+00  0.00000000E+00
  0.10000000E+01  0.28305899E+01  0.44015290E+01  0.56568515E+01  0.66032038E+01
  0.72550359E+01  0.76334052E+01  0.77651873E+01  0.76821148E+01  0.74194450E+01
  0.70143941E+01  0.65042901E+01  0.59248300E+01  0.53084649E+01  0.46832664E+01
  0.40721638E+01  0.34927424E+01  0.29573721E+01  0.24737244E+01  0.20454338E+01
  0.16729100E+01  0.13541192E+01  0.10853432E+01  0.86181550E+00  0.67825932E+00
  0.52928862E+00  0.40970596E+00  0.31469269E+00  0.23992376E+00  0.18161537E+00
  0.13653014E+00  0.10194937E+00  0.75627914E-01  0.55738505E-01  0.40813728E-01
  0.29689072E-01  0.21450551E-01  0.15387938E-01  0.10954467E-01  0.77327987E-02
  0.54069366E-02  0.37393693E-02  0.25528292E-02  0.17158621E-02  0.11315403E-02
  0.72877077E-03  0.45570604E-03  0.27470539E-03  0.15840294E-03  0.86712137E-04
  0.44768959E-04  0.21692422E-04  0.98329668E-05  0.41626325E-05  0.16441179E-05
  0.60433527E-06  0.00000000E+00  0.00000000E+00  0.00000000E+00  0.00000000E+00
  0.10000000E+01  0.28434281E+01  0.44536000E+01  0.57802223E+01  0.68286092E+01
  0.76087233E+01  0.81350893E+01  0.84265621E+01  0.85058890E+01  0.83990739E+01
  0.81345690E+01  0.77422047E+01  0.72520333E+01  0.66931086E+01  0.60924305E+01
  0.54740429E+01  0.48584574E+01  0.42623111E+01  0.36983482E+01  0.31755839E+01
  0.26996827E+01  0.22734126E+01  0.18971837E+01  0.15695680E+01  0.12878097E+01
  0.10482636E+01  0.84677832E+00  0.67899568E+00  0.54058599E+00  0.42741275E+00
  0.33564530E+00  0.26182235E+00  0.20288175E+00  0.15616191E+00  0.11938564E+00
  0.90631131E-01  0.68296635E-01  0.51061926E-01  0.37849900E-01  0.27789952E-01
  0.20184419E-01  0.14478540E-01  0.10234469E-01  0.71089389E-02  0.48343123E-02
  0.32029866E-02  0.20549271E-02  0.12673118E-02  0.74541759E-03  0.41502908E-03
  0.21735602E-03  0.10657831E-03  0.48791324E-04  0.20827901E-04  0.82883478E-05
  0.30730931E-05  0.10563469E-05  0.32782913E-06  0.00000000E+00  0.00000000E+00
  0.10000000E+01  0.28533881E+01  0.44944041E+01  0.58777336E+01  0.70083323E+01
  0.78934575E+01  0.85434711E+01  0.89719584E+01  0.91955319E+01  0.92335301E+01
  0.91076230E+01  0.88412297E+01  0.84588153E+01  0.79850669E+01  0.74440828E+01
  0.68585855E+01  0.62492883E+01  0.56343883E+01  0.50292751E+01  0.44463867E+01
  0.38952581E+01  0.33826763E+01  0.29129591E+01  0.24882766E+01  0.21090219E+01
  0.17741712E+01  0.14816381E+01  0.12285861E+01  0.10117060E+01  0.82744292E+00
  0.67218038E+00  0.54237842E+00  0.43467504E+00  0.34595233E+00  0.27337660E+00
  0.21441558E+00  0.16683993E+00  0.12871231E+00  0.98368609E-01  0.74394364E-01
  0.55598617E-01  0.40986911E-01  0.29735587E-01  0.21167272E-01  0.14727790E-01
  0.99660190E-02  0.65173209E-02  0.40882549E-02  0.24405131E-02  0.13761105E-02
  0.72840942E-03  0.36036246E-03  0.16620153E-03  0.71390773E-04  0.28564113E-04
  0.10648867E-04  0.36910306E-05  0.11720198E-05  0.31562075E-06  0.00000000E+00
  0.10000000E+01  0.28612667E+01  0.45269537E+01  0.59560612E+01  0.71536770E+01
  0.81253806E+01  0.88787972E+01  0.94239755E+01  0.97733100E+01  0.99413952E+01
  0.99448436E+01  0.98019862E+01  0.95324703E+01  0.91567391E+01  0.86954666E+01
  0.81689556E+01  0.75965873E+01  0.69963186E+01  0.63843024E+01  0.57746014E+01
  0.51790445E+01  0.46071771E+01  0.40663304E+01  0.35617553E+01  0.30968308E+01
  0.26732974E+01  0.22915217E+01  0.19507532E+01  0.16493790E+01  0.13851510E+01
  0.11553932E+01  0.95717377E+00  0.78745123E+00  0.64318772E+00  0.52143736E+00
  0.41940861E+00  0.33450714E+00  0.26436072E+00  0.20683031E+00  0.16001105E+00
  0.12222487E+00  0.92007019E-01  0.68090607E-01  0.49388331E-01  0.34971491E-01
  0.24050774E-01  0.15960972E-01  0.10143999E-01  0.61249902E-02  0.34875223E-02
  0.18613042E-02  0.92720451E-03  0.43010015E-03  0.18564027E-03  0.74585148E-04
  0.27915121E-04  0.97246703E-05  0.31233881E-05  0.87901896E-06  0.00000000E+00
  0.10000000E+01  0.28675776E+01  0.45532121E+01  0.60196099E+01  0.72722281E+01
  0.83155836E+01  0.91554504E+01  0.97994505E+01  0.10257042E+02  0.10539440E+02
  0.10659543E+02  0.10631784E+02  0.10471917E+02  0.10196703E+02  0.98235383E+01
  0.93700277E+01  0.88535545E+01  0.82908545E+01  0.76976469E+01  0.70883137E+01
  0.64756715E+01  0.58708097E+01  0.52830248E+01  0.47198160E+01  0.41869557E+01
  0.36886019E+01  0.32274562E+01  0.28049385E+01  0.24213807E+01  0.20762156E+01
  0.17681648E+01  0.14954087E+01  0.12557436E+01  0.10467151E+01  0.86573455E+00
  0.71017157E+00  0.57742983E+00  0.46500367E+00  0.37051876E+00  0.29176074E+00
  0.22669134E+00  0.17345421E+00  0.13037708E+00  0.95966630E-01  0.68895187E-01
  0.47988354E-01  0.32218121E-01  0.20689024E-01  0.12605441E-01  0.72332281E-02
  0.38857543E-02  0.19463302E-02  0.90698958E-03  0.39298481E-03  0.15841037E-03
  0.59467293E-04  0.20788807E-04  0.67225093E-05  0.19364672E-05  0.39568479E-06
    56
  0.10000000E+01  0.23007918E+00  0.51442962E+00  0.54851608E-01  0.31962482E-02
  0.13162950E-03  0.42893921E-05  0.11779347E-06  0.28285335E-08  0.61181331E-10
 -0.11312700E-12  0.55010445E-12 -0.14461811E-11  0.64279976E-12 -0.15384565E-11
  0.75363486E-12 -0.17332425E-11  0.84109765E-12 -0.20577146E-11  0.91622106E-12
 -0.23746060E-11  0.10045152E-11 -0.25665980E-11  0.11079693E-11 -0.26826061E-11
  0.12150758E-11 -0.28493695E-11  0.13077537E-11 -0.31246952E-11  0.13854225E-11
 -0.34377901E-11  0.14635114E-11 -0.36698566E-11  0.00000000E+00  0.00000000E+00
  0.00000000E+00  0.00000000E+00  0.00000000E+00  0.00000000E+00  0.00000000E+00
  0.00000000E+00  0.00000000E+00  0.00000000E+00  0.00000000E+00  0.00000000E+00
  0.00000000E+00  0.00000000E+00  0.00000000E+00  0.00000000E+00  0.00000000E+00
  0.00000000E+00  0.00000000E+00  0.00000000E+00  0.00000000E+00  0.00000000E+00
  0.00000000E+00  0.00000000E+00
  0.10000000E+01  0.50661140E+00  0.57112485E+00  0.12769528E+00  0.16573743E-01
  0.15197621E-02  0.11000443E-03  0.67001366E-05  0.35669735E-06  0.16971189E-07
  0.72915360E-09  0.28558120E-10 -0.88608540E-13  0.10284983E-12 -0.11336115E-11
  0.11365522E-12 -0.12732345E-11  0.10759051E-12 -0.15462423E-11  0.74404573E-13
 -0.18092414E-11  0.69916617E-13 -0.19467048E-11  0.10576134E-12 -0.20059862E-11
  0.14784239E-12 -0.21178634E-11  0.15544948E-12 -0.23403088E-11  0.13306019E-12
 -0.26033160E-11  0.11712480E-12 -0.27824392E-11  0.00000000E+00  0.00000000E+00
  0.00000000E+00  0.00000000E+00  0.00000000E+00  0.00000000E+00  0.00000000E+00
  0.00000000E+00  0.00000000E+00  0.00000000E+00  0.00000000E+00  0.00000000E+00
  0.00000000E+00  0.00000000E+00  0.00000000E+00  0.00000000E+00  0.00000000E+00
  0.00000000E+00  0.00000000E+00  0.00000000E+00  0.00000000E+00  0.00000000E+00
  0.00000000E+00  0.00000000E+00
  0.10000000E+01  0.85013994E+00  0.70769343E+00  0.24416153E+00  0.53622267E-01
  0.84574683E-02  0.10630271E-02  0.11272919E-03  0.10462560E-04  0.86935451E-06
  0.65483264E-07  0.44935867E-08  0.28011444E-09  0.15635753E-10 -0.16568958E-12
 -0.32216807E-12 -0.11072355E-11 -0.44085413E-12 -0.13671989E-11 -0.56704255E-12
 -0.16187070E-11 -0.64680712E-12 -0.17367892E-11 -0.65578953E-12 -0.17724036E-11
 -0.65514998E-12 -0.18601244E-11 -0.71076614E-12 -0.20690952E-11 -0.81934200E-12
 -0.23178288E-11 -0.91370670E-12 -0.24812142E-11  0.00000000E+00  0.00000000E+00
  0.00000000E+00  0.00000000E+00  0.00000000E+00  0.00000000E+00  0.00000000E+00
  0.00000000E+00  0.00000000E+00  0.00000000E+00  0.00000000E+00  0.00000000E+00
  0.00000000E+00  0.00000000E+00  0.00000000E+00  0.00000000E+00  0.00000000E+00
  0.00000000E+00  0.00000000E+00  0.00000000E+00  0.00000000E+00  0.00000000E+00
  0.00000000E+00  0.00000000E+00
  0.10000000E+01  0.12002797E+01  0.93714808E+00  0.41867985E+00  0.13059714E+00
  0.30337665E-01  0.57250588E-02  0.91713093E-03  0.12917922E-03  0.16355472E-04
  0.18865359E-05  0.19932966E-06  0.19291275E-07  0.17050021E-08  0.13618422E-09
  0.93791146E-11 -0.58606040E-12 -0.75527868E-12 -0.15349638E-11 -0.99249362E-12
 -0.18155087E-11 -0.11257317E-11 -0.19515140E-11 -0.11574377E-11 -0.19957947E-11
 -0.11736204E-11 -0.20970787E-11 -0.12720069E-11 -0.23287577E-11 -0.14451521E-11
 -0.26041242E-11 -0.15998347E-11 -0.27889846E-11  0.00000000E+00  0.00000000E+00
  0.00000000E+00  0.00000000E+00  0.00000000E+00  0.00000000E+00  0.00000000E+00
  0.00000000E+00  0.00000000E+00  0.00000000E+00  0.00000000E+00  0.00000000E+00
  0.00000000E+00  0.00000000E+00  0.00000000E+00  0.00000000E+00  0.00000000E+00
  0.00000000E+00  0.00000000E+00  0.00000000E+00  0.00000000E+00  0.00000000E+00
  0.00000000E+00  0.00000000E+00
  0.10000000E+01  0.15089372E+01  0.12363052E+01  0.65816915E+00  0.26155697E+00
  0.80739177E-01  0.20693154E-01  0.45463542E-02  0.88474457E-03  0.15554921E-03
  0.25078464E-04  0.37342438E-05  0.51413224E-06  0.65214774E-07  0.75789989E-08
  0.80263103E-09  0.75901408E-10  0.56811030E-11 -0.13404045E-11 -0.13204661E-11
 -0.22044788E-11 -0.15397043E-11 -0.23795603E-11 -0.15923493E-11 -0.24509164E-11
 -0.16245752E-11 -0.25826373E-11 -0.17576686E-11 -0.28545044E-11 -0.19858653E-11
 -0.31780899E-11 -0.21958295E-11 -0.34037734E-11  0.00000000E+00  0.00000000E+00
  0.00000000E+00  0.00000000E+00  0.00000000E+00  0.00000000E+00  0.00000000E+00
  0.00000000E+00  0.00000000E+00  0.00000000E+00  0.00000000E+00  0.00000000E+00
  0.00000000E+00  0.00000000E+00  0.00000000E+00  0.00000000E+00  0.00000000E+00
  0.00000000E+00  0.00000000E+00  0.00000000E+00  0.00000000E+00  0.00000000E+00
  0.00000000E+00  0.00000000E+00
  0.10000000E+01  0.17579679E+01  0.15647963E+01  0.95527720E+00  0.45369709E+00
  0.17354772E+00  0.56234476E-01  0.15809358E-01  0.39698625E-02  0.90528371E-03
  0.19040369E-03  0.37248907E-04  0.68062030E-05  0.11590301E-05  0.18282919E-06
  0.26512554E-07  0.35105029E-08  0.42196088E-09  0.44111152E-10  0.28427119E-11
 -0.22354628E-11 -0.19757955E-11 -0.28691266E-11 -0.20928270E-11 -0.29741928E-11
 -0.21490348E-11 -0.31405997E-11 -0.23234399E-11 -0.34596322E-11 -0.26072326E-11
 -0.38332416E-11 -0.28702558E-11 -0.41037519E-11  0.00000000E+00  0.00000000E+00
  0.00000000E+00  0.00000000E+00  0.00000000E+00  0.00000000E+00  0.00000000E+00
  0.00000000E+00  0.00000000E+00  0.00000000E+00  0.00000000E+00  0.00000000E+00
  0.00000000E+00  0.00000000E+00  0.00000000E+00  0.00000000E+00  0.00000000E+00
  0.00000000E+00  0.00000000E+00  0.00000000E+00  0.00000000E+00  0.00000000E+00
  0.00000000E+00  0.00000000E+00
  0.10000000E+01  0.19507067E+01  0.18881114E+01  0.12911979E+01  0.70485514E+00
  0.31850757E+00  0.12398368E+00  0.42392262E-01  0.13053148E-01  0.36701623E-02
  0.95649666E-03  0.23306608E-03  0.53466248E-04  0.11560644E-04  0.23484747E-05
  0.44468905E-06  0.77766043E-07  0.12458749E-07  0.18171818E-08  0.23950769E-09
  0.26097657E-10  0.67639283E-12 -0.30619931E-11 -0.26355645E-11 -0.35235532E-11
 -0.27582071E-11 -0.37316754E-11 -0.29774155E-11 -0.40939152E-11 -0.33166819E-11
 -0.45222402E-11 -0.36436263E-11 -0.48568853E-11  0.00000000E+00  0.00000000E+00
  0.00000000E+00  0.00000000E+00  0.00000000E+00  0.00000000E+00  0.00000000E+00
  0.00000000E+00  0.00000000E+00  0.00000000E+00  0.00000000E+00  0.00000000E+00
  0.00000000E+00  0.00000000E+00  0.00000000E+00  0.00000000E+00  0.00000000E+00
  0.00000000E+00  0.00000000E+00  0.00000000E+00  0.00000000E+00  0.00000000E+00
  0.00000000E+00  0.00000000E+00
  0.10000000E+01  0.20983921E+01  0.21861084E+01  0.16439254E+01  0.10045922E+01
  0.51853298E+00  0.23372911E+00  0.93588939E-01  0.34002102E-01  0.11343727E-01
  0.35231035E-02  0.10269931E-02  0.28326101E-03  0.74198533E-04  0.18477937E-04
  0.43557382E-05  0.96404279E-06  0.19823090E-06  0.37508194E-07  0.64855540E-08
  0.10188129E-08  0.14359751E-09  0.15266078E-10 -0.98371260E-12 -0.38597309E-11
 -0.33884150E-11 -0.43538781E-11 -0.36766882E-11 -0.47610160E-11 -0.40721631E-11
 -0.52495697E-11 -0.44837705E-11 -0.57055822E-11  0.00000000E+00  0.00000000E+00
  0.00000000E+00  0.00000000E+00  0.00000000E+00  0.00000000E+00  0.00000000E+00
  0.00000000E+00  0.00000000E+00  0.00000000E+00  0.00000000E+00  0.00000000E+00
  0.00000000E+00  0.00000000E+00  0.00000000E+00  0.00000000E+00  0.00000000E+00
  0.00000000E+00  0.00000000E+00  0.00000000E+00  0.00000000E+00  0.00000000E+00
  0.00000000E+00  0.00000000E+00
  0.10000000E+01  0.22124117E+01  0.24507888E+01  0.19947571E+01  0.13379238E+01
  0.76964883E+00  0.39096910E+00  0.17816748E+00  0.74165635E-01  0.28502645E-01
  0.10237756E-01  0.34627128E-02  0.11117569E-02  0.34040696E-03  0.99766295E-04
  0.27977733E-04  0.74786861E-05  0.18892285E-05  0.44615070E-06  0.97426129E-07
  0.19509267E-07  0.35637553E-08  0.58995274E-09  0.86467191E-10  0.78458211E-11
 -0.24709503E-11 -0.48118944E-11 -0.43561375E-11 -0.54434009E-11 -0.48280929E-11
 -0.60182517E-11 -0.53915759E-11 -0.67283364E-11  0.00000000E+00  0.00000000E+00
  0.00000000E+00  0.00000000E+00  0.00000000E+00  0.00000000E+00  0.00000000E+00
  0.00000000E+00  0.00000000E+00  0.00000000E+00  0.00000000E+00  0.00000000E+00
  0.00000000E+00  0.00000000E+00  0.00000000E+00  0.00000000E+00  0.00000000E+00
  0.00000000E+00  0.00000000E+00  0.00000000E+00  0.00000000E+00  0.00000000E+00
  0.00000000E+00  0.00000000E+00
  0.10000000E+01  0.23017964E+01  0.26814108E+01  0.23307621E+01  0.16892841E+01
  0.10628990E+01  0.59608570E+00  0.30242133E+00  0.14099386E+00  0.60991965E-01
  0.24749496E-01  0.94856950E-02  0.34598512E-02  0.12066775E-02  0.40429213E-03
  0.13038558E-03  0.40482644E-04  0.12052288E-04  0.34142199E-05  0.91010619E-06
  0.22566571E-06  0.51542114E-07  0.10772905E-07  0.20526906E-08  0.35312612E-09
  0.52431591E-10  0.27410782E-11 -0.38926442E-11 -0.59582972E-11 -0.55378859E-11
 -0.68318319E-11 -0.64148855E-11 -0.80151865E-11  0.00000000E+00  0.00000000E+00
  0.00000000E+00  0.00000000E+00  0.00000000E+00  0.00000000E+00  0.00000000E+00
  0.00000000E+00  0.00000000E+00  0.00000000E+00  0.00000000E+00  0.00000000E+00
  0.00000000E+00  0.00000000E+00  0.00000000E+00  0.00000000E+00  0.00000000E+00
  0.00000000E+00  0.00000000E+00  0.00000000E+00  0.00000000E+00  0.00000000E+00
  0.00000000E+00  0.00000000E+00
  0.10000000E+01  0.23731002E+01  0.28806645E+01  0.26444866E+01  0.20451637E+01
  0.13869123E+01  0.84498914E+00  0.46911465E+00  0.24060593E+00  0.11502854E+00
  0.51759392E-01  0.22060691E-01  0.89682156E-02  0.34932644E-02  0.13099750E-02
  0.47427465E-03  0.16614234E-03  0.56285920E-04  0.18383538E-04  0.57461814E-05
  0.17010435E-05  0.47117763E-06  0.12081580E-06  0.28451992E-07  0.61248234E-08
  0.12015949E-08  0.21121337E-09  0.30381408E-10 -0.11857811E-11 -0.54496165E-11
 -0.76107745E-11 -0.76139726E-11 -0.96327451E-11  0.00000000E+00  0.00000000E+00
  0.00000000E+00  0.00000000E+00  0.00000000E+00  0.00000000E+00  0.00000000E+00
  0.00000000E+00  0.00000000E+00  0.00000000E+00  0.00000000E+00  0.00000000E+00
  0.00000000E+00  0.00000000E+00  0.00000000E+00  0.00000000E+00  0.00000000E+00
  0.00000000E+00  0.00000000E+00  0.00000000E+00  0.00000000E+00  0.00000000E+00
  0.00000000E+00  0.00000000E+00
  0.10000000E+01  0.24309471E+01  0.30524435E+01  0.29326001E+01  0.23952168E+01
  0.17301057E+01  0.11305619E+01  0.67743767E+00  0.37681037E+00  0.19617859E+00
  0.96431322E-01  0.45018484E-01  0.20087161E-01  0.86035982E-02  0.35535160E-02
  0.14196207E-02  0.55015814E-03  0.20709261E-03  0.75724526E-04  0.26820664E-04
  0.91468005E-05  0.29744595E-05  0.91158775E-06  0.26023257E-06  0.68561968E-07
  0.16571508E-07  0.36616808E-08  0.73719704E-09  0.13102006E-09  0.16800938E-10
 -0.49392535E-11 -0.85085819E-11 -0.11464227E-10  0.00000000E+00  0.00000000E+00
  0.00000000E+00  0.00000000E+00  0.00000000E+00  0.00000000E+00  0.00000000E+00
  0.00000000E+00  0.00000000E+00  0.00000000E+00  0.00000000E+00  0.00000000E+00
  0.00000000E+00  0.00000000E+00  0.00000000E+00  0.00000000E+00  0.00000000E+00
  0.00000000E+00  0.00000000E+00  0.00000000E+00  0.00000000E+00  0.00000000E+00
  0.00000000E+00  0.00000000E+00
  0.10000000E+01  0.24785988E+01  0.32007476E+01  0.31944774E+01  0.27323053E+01
  0.20821080E+01  0.14442267E+01  0.92367530E+00  0.55075879E+00  0.30854291E+00
  0.16366731E+00  0.82660248E-01  0.39978513E-01  0.18591979E-01  0.83493285E-02
  0.36316881E-02  0.15346643E-02  0.63123873E-03  0.25309509E-03  0.98899546E-04
  0.37587979E-04  0.13822264E-04  0.48766152E-05  0.16321771E-05  0.51212184E-06
  0.14907407E-06  0.39961679E-07  0.98238153E-08  0.22081793E-08  0.45079849E-09
  0.77444042E-10  0.46571442E-11 -0.11024211E-10  0.00000000E+00  0.00000000E+00
  0.00000000E+00  0.00000000E+00  0.00000000E+00  0.00000000E+00  0.00000000E+00
  0.00000000E+00  0.00000000E+00  0.00000000E+00  0.00000000E+00  0.00000000E+00
  0.00000000E+00  0.00000000E+00  0.00000000E+00  0.00000000E+00  0.00000000E+00
  0.00000000E+00  0.00000000E+00  0.00000000E+00  0.00000000E+00  0.00000000E+00
  0.00000000E+00  0.00000000E+00
  0.10000000E+01  0.25183851E+01  0.33292237E+01  0.34310841E+01  0.30520163E+01
  0.24344351E+01  0.17772308E+01  0.12021872E+01  0.76114605E+00  0.45432493E+00
  0.25746798E+00  0.13924417E+00  0.72246654E-01  0.36100936E-01  0.17442453E-01
  0.81722828E-02  0.37239941E-02  0.16538851E-02  0.71724980E-03  0.30402715E-03
  0.12597765E-03  0.50939186E-04  0.20017766E-04  0.75889516E-05  0.27474127E-05
  0.93866107E-06  0.29930386E-06  0.88292775E-07  0.23961064E-07  0.59646169E-08
  0.13555459E-08  0.27534247E-09  0.40740608E-10  0.00000000E+00  0.00000000E+00
  0.00000000E+00  0.00000000E+00  0.00000000E+00  0.00000000E+00  0.00000000E+00
  0.00000000E+00  0.00000000E+00  0.00000000E+00  0.00000000E+00  0.00000000E+00
  0.00000000E+00  0.00000000E+00  0.00000000E+00  0.00000000E+00  0.00000000E+00
  0.00000000E+00  0.00000000E+00  0.00000000E+00  0.00000000E+00  0.00000000E+00
  0.00000000E+00  0.00000000E+00
  0.10000000E+01  0.25519998E+01  0.34410205E+01  0.36442126E+01  0.33520212E+01
  0.27806293E+01  0.21215018E+01  0.15063779E+01  0.10047404E+01  0.63378147E+00
  0.38051281E+00  0.21849284E+00  0.12057020E+00  0.64173390E-01  0.33066380E-01
  0.16540106E-01  0.80543626E-02  0.38262171E-02  0.17767969E-02  0.80764777E-03
  0.35972179E-03  0.15698845E-03  0.67051001E-04  0.27931945E-04  0.11280211E-04
  0.43760410E-05  0.16126670E-05  0.55809635E-06  0.17960819E-06  0.53377793E-07
  0.14587862E-07  0.36565098E-08  0.83323112E-09  0.00000000E+00  0.00000000E+00
  0.00000000E+00  0.00000000E+00  0.00000000E+00  0.00000000E+00  0.00000000E+00
  0.00000000E+00  0.00000000E+00  0.00000000E+00  0.00000000E+00  0.00000000E+00
  0.00000000E+00  0.00000000E+00  0.00000000E+00  0.00000000E+00  0.00000000E+00
  0.00000000E+00  0.00000000E+00  0.00000000E+00  0.00000000E+00  0.00000000E+00
  0.00000000E+00  0.00000000E+00
  0.10000000E+01  0.26457024E+01  0.37680304E+01  0.43048115E+01  0.43507362E+01
  0.40335447E+01  0.34918592E+01  0.28521099E+01  0.22139595E+01  0.16420568E+01
  0.11690371E+01  0.80187043E+00  0.53178202E+00  0.34194606E+00  0.21378492E+00
  0.13024854E+00  0.77500371E-01  0.45118185E-01  0.25744332E-01  0.14418386E-01
  0.79370761E-02  0.42992870E-02  0.22938914E-02  0.12064603E-02  0.62582861E-03
  0.32021820E-03  0.16154906E-03  0.80250056E-04  0.39148287E-04  0.18668401E-04
  0.86423026E-05  0.38486370E-05  0.16315999E-05  0.65180450E-06  0.00000000E+00
  0.00000000E+00  0.00000000E+00  0.00000000E+00  0.00000000E+00  0.00000000E+00
  0.00000000E+00  0.00000000E+00  0.00000000E+00  0.00000000E+00  0.00000000E+00
  0.00000000E+00  0.00000000E+00  0.00000000E+00  0.00000000E+00  0.00000000E+00
  0.00000000E+00  0.00000000E+00  0.00000000E+00  0.00000000E+00  0.00000000E+00
  0.00000000E+00  0.00000000E+00
  0.10000000E+01  0.27017386E+01  0.39742851E+01  0.47482720E+01  0.50749973E+01
  0.50289256E+01  0.47000132E+01  0.41831492E+01  0.35680188E+01  0.29296979E+01
  0.23241506E+01  0.17866126E+01  0.13343588E+01  0.97044327E+00  0.68872120E+00
  0.47783992E+00  0.32466910E+00  0.21635463E+00  0.14160509E+00  0.91140587E-01
  0.57753255E-01  0.36067173E-01  0.22219723E-01  0.13514992E-01  0.81223669E-02
  0.48264023E-02  0.28372285E-02  0.16507814E-02  0.95093589E-03  0.54240944E-03
  0.30630306E-03  0.17114854E-03  0.94512191E-04  0.51475962E-04  0.27560840E-04
  0.14434354E-04  0.73441844E-05  0.35993458E-05  0.16832964E-05  0.74443473E-06
  0.00000000E+00  0.00000000E+00  0.00000000E+00  0.00000000E+00  0.00000000E+00
  0.00000000E+00  0.00000000E+00  0.00000000E+00  0.00000000E+00  0.00000000E+00
  0.00000000E+00  0.00000000E+00  0.00000000E+00  0.00000000E+00  0.00000000E+00
  0.00000000E+00  0.00000000E+00
  0.10000000E+01  0.27383306E+01  0.41134155E+01  0.50582595E+01  0.56040446E+01
  0.57958913E+01  0.56913685E+01  0.53564267E+01  0.48601979E+01  0.42688343E+01
  0.36406291E+01  0.30221678E+01  0.24471174E+01  0.19363047E+01  0.14996856E+01
  0.11386034E+01  0.84857687E+00  0.62156754E+00  0.44799052E+00  0.31803890E+00
  0.22261189E+00  0.15376266E+00  0.10489313E+00  0.70722229E-01  0.47160710E-01
  0.31123565E-01  0.20339332E-01  0.13168820E-01  0.84513903E-02  0.53784935E-02
  0.33955005E-02  0.21270800E-02  0.13224950E-02  0.81616402E-03  0.49993694E-03
  0.30387640E-03  0.18318416E-03  0.10941418E-03  0.64653465E-04  0.37707836E-04
  0.21632569E-04  0.12148630E-04  0.66361671E-05  0.34987878E-05  0.17655428E-05
  0.84585919E-06  0.00000000E+00  0.00000000E+00  0.00000000E+00  0.00000000E+00
  0.00000000E+00  0.00000000E+00  0.00000000E+00  0.00000000E+00  0.00000000E+00
  0.00000000E+00  0.00000000E+00
  0.10000000E+01  0.27637800E+01  0.42123946E+01  0.52838721E+01  0.59996766E+01
  0.63886440E+01  0.64883690E+01  0.63440172E+01  0.60060095E+01  0.55266794E+01
  0.49568910E+01  0.43426558E+01  0.37228677E+01  0.31277601E+01  0.25787734E+01
  0.20890079E+01  0.16645664E+01  0.13059745E+01  0.10098444E+01  0.77025462E+00
  0.58000061E+00  0.43147659E+00  0.31733942E+00  0.23088885E+00  0.16628489E+00
  0.11860599E+00  0.83826768E-01  0.58732127E-01  0.40809794E-01  0.28132190E-01
  0.19245449E-01  0.13069054E-01  0.88110723E-02  0.58981727E-02  0.39200970E-02
  0.25863357E-02  0.16932145E-02  0.10992271E-02  0.70690249E-03  0.44963386E-03
  0.28224608E-03  0.17430890E-03  0.10545807E-03  0.62150593E-04  0.35427874E-04
  0.19376950E-04  0.10085846E-04  0.49594127E-05  0.22904963E-05  0.98981300E-06
  0.00000000E+00  0.00000000E+00  0.00000000E+00  0.00000000E+00  0.00000000E+00
  0.00000000E+00  0.00000000E+00
  0.10000000E+01  0.27823380E+01  0.42858167E+01  0.54539157E+01  0.63032690E+01
  0.68533448E+01  0.71294752E+01  0.71629229E+01  0.69899716E+01  0.66502862E+01
  0.61849329E+01  0.56340597E+01  0.50348767E+01  0.44198625E+01  0.38157544E+01
  0.32429740E+01  0.27158204E+01  0.22429416E+01  0.18282514E+01  0.14718613E+01
  0.11711299E+01  0.92155091E+00  0.71756759E+00  0.55317914E+00  0.42241899E+00
  0.31966060E+00  0.23981710E+00  0.17843145E+00  0.13170388E+00  0.96465339E-01
  0.70125062E-01  0.50600361E-01  0.36242871E-01  0.25765523E-01  0.18176029E-01
  0.12717929E-01  0.88206501E-02  0.60579231E-02  0.41141472E-02  0.27575934E-02
  0.18194274E-02  0.11774765E-02  0.74391572E-03  0.45601962E-03  0.26921124E-03
  0.15179923E-03  0.81091924E-04  0.40751448E-04  0.19161980E-04  0.84022590E-05
  0.34303622E-05  0.13039247E-05  0.46178412E-06  0.00000000E+00  0.00000000E+00
  0.00000000E+00  0.00000000E+00
  0.10000000E+01  0.27963708E+01  0.43420950E+01  0.55858104E+01  0.65417506E+01
  0.72237619E+01  0.76494885E+01  0.78410237E+01  0.78246313E+01  0.76300008E+01
  0.72891960E+01  0.68352431E+01  0.63006796E+01  0.57160660E+01  0.51088398E+01
  0.45023866E+01  0.39156207E+01  0.33628186E+01  0.28538830E+01  0.23947435E+01
  0.19879956E+01  0.16335333E+01  0.13292429E+01  0.10715996E+01  0.85621989E+00
  0.67828965E+00  0.53291409E+00  0.41535897E+00  0.32122129E+00  0.24652491E+00
  0.18776894E+00  0.14193339E+00  0.10646070E+00  0.79218397E-01  0.58453805E-01
  0.42744235E-01  0.30948278E-01  0.22159595E-01  0.15665374E-01  0.10909966E-01
  0.74637014E-02  0.49965638E-02  0.32567748E-02  0.20535719E-02  0.12430710E-02
  0.71633305E-03  0.38981755E-03  0.19895885E-03  0.94764266E-04  0.41994785E-04
  0.17293986E-04  0.66198324E-05  0.23578396E-05  0.78169994E-06  0.00000000E+00
  0.00000000E+00  0.00000000E+00
  0.10000000E+01  0.28072765E+01  0.43863189E+01  0.56904167E+01  0.67326699E+01
  0.75234118E+01  0.80753219E+01  0.84043945E+01  0.85299258E+01  0.84742041E+01
  0.82619950E+01  0.79197442E+01  0.74746412E+01  0.69535489E+01  0.63820305E+01
  0.57834358E+01  0.51782714E+01  0.45837310E+01  0.40135504E+01  0.34780093E+01
  0.29841829E+01  0.25362631E+01  0.21360127E+01  0.17832096E+01  0.14761231E+01
  0.12119293E+01  0.98709888E+00  0.79770692E+00  0.63969307E+00  0.50905126E+00
  0.40197144E+00  0.31492932E+00  0.24474096E+00  0.18858467E+00  0.14400224E+00
  0.10888279E+00  0.81437742E-01  0.60168907E-01  0.43834330E-01  0.31414484E-01
  0.22079504E-01  0.15158346E-01  0.10112150E-01  0.65115112E-02  0.40156059E-02
  0.23517327E-02  0.12975123E-02  0.66992864E-03  0.32216397E-03  0.14390382E-03
  0.59650457E-04  0.22956833E-04  0.82140024E-05  0.27353709E-05  0.84493897E-06
  0.00000000E+00  0.00000000E+00
  0.10000000E+01  0.28159181E+01  0.44216830E+01  0.57746877E+01  0.68875807E+01
  0.77684211E+01  0.84265828E+01  0.88739325E+01  0.91249211E+01  0.91964702E+01
  0.91077444E+01  0.88797287E+01  0.85346650E+01  0.80953416E+01  0.75843656E+01
  0.70234099E+01  0.64325916E+01  0.58299240E+01  0.52309795E+01  0.46486626E+01
  0.40931896E+01  0.35721556E+01  0.30907497E+01  0.26520095E+01  0.22571502E+01
  0.19058858E+01  0.15967670E+01  0.13274797E+01  0.10951250E+01  0.89644926E+00
  0.72804039E+00  0.58647789E+00  0.46844921E+00  0.37082956E+00  0.29073597E+00
  0.22555559E+00  0.17295829E+00  0.13089357E+00  0.97578011E-01  0.71477747E-01
  0.51285586E-01  0.35894621E-01  0.24374466E-01  0.15950028E-01  0.99777947E-02
  0.59164901E-02  0.32990343E-02  0.17185780E-02  0.83259939E-03  0.37419630E-03
  0.15590190E-03  0.60254123E-04  0.21636351E-04  0.72295011E-05  0.22442536E-05
  0.63495993E-06  0.00000000E+00
  0.10000000E+01  0.28228517E+01  0.44502730E+01  0.58432276E+01  0.70142825E+01
  0.79699811E+01  0.87174333E+01  0.92656569E+01  0.96257043E+01  0.98106298E+01
  0.98354046E+01  0.97167101E+01  0.94726176E+01  0.91221407E+01  0.86847297E+01
  0.81797056E+01  0.76257346E+01  0.70403197E+01  0.64394121E+01  0.58370884E+01
  0.52453765E+01  0.46741570E+01  0.41311961E+01  0.36222335E+01  0.31511601E+01
  0.27202186E+01  0.23302481E+01  0.19809222E+01  0.16709957E+01  0.13985257E+01
  0.11610786E+01  0.95590490E+00  0.78009009E+00  0.63067389E+00  0.50474641E+00
  0.39951614E+00  0.31236138E+00  0.24086025E+00  0.18280627E+00  0.13621626E+00
  0.99325944E-01  0.70575615E-01  0.48597779E-01  0.32206288E-01  0.20375320E-01
  0.12200930E-01  0.68604746E-02  0.35991507E-02  0.17539720E-02  0.79215400E-03
  0.33137972E-03  0.12850874E-03  0.46278148E-04  0.15503987E-04  0.48294228E-05
  0.13791270E-05  0.32946135E-06
 ! ------------------------------------------------------
ICE_CLOUD_BAUM
 !
        1          ! File format version
        0          ! Contents ID
       10          ! Number of channels for which optical parameters are stored
        0          ! Number of channels for which phase functions are stored
      128          ! Maximum number of Legendre coefficients
        1          ! Number of ice cloud types
        1          ! Relative humidity values (%)
   0.00
   0.00000000E+00  ! Conversion factor to particle density [part.cm^-3]/[g.m^-3]
       23          ! Effective diameters (microns)
  0.100000E+02  0.150000E+02  0.200000E+02  0.250000E+02  0.300000E+02  0.350000E+02
  0.400000E+02  0.450000E+02  0.500000E+02  0.550000E+02  0.600000E+02  0.650000E+02
  0.700000E+02  0.750000E+02  0.800000E+02  0.850000E+02  0.900000E+02  0.950000E+02
  0.100000E+03  0.105000E+03  0.110000E+03  0.115000E+03  0.120000E+03
 ! ------------------------------------------------------
 ! OPTICAL PROPERTY DATA
  0.40897976E+02  0.36203291E+02  0.32417655E+02  0.28799622E+02  0.26189618E+02
  0.24370832E+02  0.22339868E+02  0.20840584E+02  0.19531488E+02  0.18338679E+02
  0.17308642E+02  0.16349600E+02  0.15516612E+02  0.14688178E+02  0.13991836E+02
  0.13233913E+02  0.12718371E+02  0.12140218E+02  0.11684961E+02  0.11100658E+02
  0.10756962E+02  0.10333164E+02  0.98130011E+01  0.10038440E+03  0.78554191E+02
  0.63484345E+02  0.51636005E+02  0.43920797E+02  0.39170256E+02  0.33986618E+02
  0.30476686E+02  0.27617266E+02  0.25226511E+02  0.23208295E+02  0.21515493E+02
  0.20044983E+02  0.18732095E+02  0.17595097E+02  0.16460960E+02  0.15687023E+02
  0.14869045E+02  0.14174019E+02  0.13384487E+02  0.12946497E+02  0.12327156E+02
  0.11738248E+02  0.88064665E+02  0.71533957E+02  0.59056619E+02  0.48619178E+02
  0.41734467E+02  0.37410220E+02  0.32677576E+02  0.29437288E+02  0.26772971E+02
  0.24530035E+02  0.22637366E+02  0.21036627E+02  0.19638809E+02  0.18377166E+02
  0.17294691E+02  0.16197252E+02  0.15446805E+02  0.14650017E+02  0.13979528E+02
  0.13209077E+02  0.12771511E+02  0.12175863E+02  0.11581469E+02  0.78051468E+02
  0.65155247E+02  0.54712817E+02  0.45574005E+02  0.39489717E+02  0.35570940E+02
  0.31282281E+02  0.28311764E+02  0.25856199E+02  0.23774060E+02  0.22009404E+02
  0.20498677E+02  0.19184293E+02  0.17981325E+02  0.16950521E+02  0.15888829E+02
  0.15170271E+02  0.14397009E+02  0.13755936E+02  0.13003515E+02  0.12578570E+02
  0.12001263E+02  0.11419254E+02  0.57963367E+02  0.51232490E+02  0.44748131E+02
  0.38392313E+02  0.34000665E+02  0.31039841E+02  0.27767773E+02  0.25438203E+02
  0.23475893E+02  0.21775913E+02  0.20325886E+02  0.19048964E+02  0.17931523E+02
  0.16880288E+02  0.15983846E+02  0.15040390E+02  0.14396064E+02  0.13694034E+02
  0.13125616E+02  0.12428774E+02  0.12020621E+02  0.11506686E+02  0.10925939E+02
  0.55381376E+02  0.49492518E+02  0.43680122E+02  0.37700080E+02  0.33516194E+02
  0.30680530E+02  0.27530116E+02  0.25276669E+02  0.23367762E+02  0.21699171E+02
  0.20278235E+02  0.19019179E+02  0.17925257E+02  0.16880545E+02  0.15993405E+02
  0.15055158E+02  0.14416945E+02  0.13720298E+02  0.13155978E+02  0.12457400E+02
  0.12059126E+02  0.11539324E+02  0.10979975E+02  0.77737124E+02  0.64738868E+02
  0.54655681E+02  0.45803141E+02  0.39804365E+02  0.35938967E+02  0.31691267E+02
  0.28731457E+02  0.26276254E+02  0.24176699E+02  0.22396153E+02  0.20863354E+02
  0.19517619E+02  0.18295365E+02  0.17242899E+02  0.16168317E+02  0.15434988E+02
  0.14651813E+02  0.14002577E+02  0.13230893E+02  0.12802384E+02  0.12214736E+02
  0.11609434E+02  0.13410081E+03  0.96067791E+02  0.74086358E+02  0.58442234E+02
  0.48499405E+02  0.42596506E+02  0.36144462E+02  0.31894303E+02  0.28483220E+02
  0.25721243E+02  0.23412093E+02  0.21581723E+02  0.19981603E+02  0.18617157E+02
  0.17429437E+02  0.16267659E+02  0.15471396E+02  0.14646814E+02  0.13925094E+02
  0.13148349E+02  0.12722420E+02  0.12081566E+02  0.11555153E+02  0.15676962E+03
  0.10822188E+03  0.81705617E+02  0.63577392E+02  0.52116052E+02  0.45445559E+02
  0.38150440E+02  0.33395524E+02  0.29616316E+02  0.26592778E+02  0.24088839E+02
  0.22142331E+02  0.20442741E+02  0.19025176E+02  0.17774496E+02  0.16576599E+02
  0.15742909E+02  0.14897442E+02  0.14138813E+02  0.13351005E+02  0.12923093E+02
  0.12258380E+02  0.11725867E+02  0.15566019E+03  0.10945167E+03  0.83144379E+02
  0.64827833E+02  0.53237151E+02  0.46439177E+02  0.38998846E+02  0.34128304E+02
  0.30244543E+02  0.27142647E+02  0.24571232E+02  0.22577852E+02  0.20838876E+02
  0.19387270E+02  0.18113080E+02  0.16885144E+02  0.16040980E+02  0.15174076E+02
  0.14403670E+02  0.13595764E+02  0.13161844E+02  0.12484999E+02  0.11934067E+02
  0.31317314E+03  0.19882630E+03  0.14169427E+03  0.10681231E+03  0.85169331E+02
  0.72932221E+02  0.59646694E+02  0.51201850E+02  0.44590350E+02  0.39462564E+02
  0.35230235E+02  0.32028681E+02  0.29232840E+02  0.26974210E+02  0.24965253E+02
  0.23106109E+02  0.21818123E+02  0.20534509E+02  0.19346232E+02  0.18207003E+02
  0.17610698E+02  0.16590964E+02  0.15926427E+02  0.19999901E+03  0.13881512E+03
  0.10385675E+03  0.79562758E+02  0.64049750E+02  0.55037714E+02  0.45313010E+02
  0.39173064E+02  0.34464022E+02  0.30901955E+02  0.27977350E+02  0.25740149E+02
  0.23767838E+02  0.22130727E+02  0.20677726E+02  0.19290453E+02  0.18324388E+02
  0.17340955E+02  0.16457392E+02  0.15546924E+02  0.15060681E+02  0.14284255E+02
  0.13673163E+02  0.20875658E+03  0.14696605E+03  0.11024667E+03  0.84549689E+02
  0.67968827E+02  0.58144871E+02  0.47523412E+02  0.40793041E+02  0.35650144E+02
  0.31826193E+02  0.28728861E+02  0.26403043E+02  0.24340863E+02  0.22639390E+02
  0.21128424E+02  0.19689306E+02  0.18686308E+02  0.17669983E+02  0.16750472E+02
  0.15820924E+02  0.15315376E+02  0.14520693E+02  0.13905089E+02  0.21453037E+03
  0.15329930E+03  0.11533264E+03  0.88571452E+02  0.71301182E+02  0.60806325E+02
  0.49431350E+02  0.42149140E+02  0.36576528E+02  0.32485029E+02  0.29219686E+02
  0.26840413E+02  0.24714797E+02  0.22987764E+02  0.21438570E+02  0.19970261E+02
  0.18948818E+02  0.17917537E+02  0.16968609E+02  0.16031030E+02  0.15525975E+02
  0.14703282E+02  0.14093472E+02  0.19538582E+03  0.15341160E+03  0.11841053E+03
  0.92617521E+02  0.76360354E+02  0.65952876E+02  0.54268092E+02  0.46156678E+02
  0.39594106E+02  0.34467748E+02  0.30470217E+02  0.27810799E+02  0.25498239E+02
  0.23718255E+02  0.22093478E+02  0.20585712E+02  0.19520037E+02  0.18462068E+02
  0.17479266E+02  0.16504887E+02  0.15976702E+02  0.15136975E+02  0.14522604E+02
  0.13019133E+03  0.11980153E+03  0.97804950E+02  0.77414039E+02  0.65541554E+02
  0.58498327E+02  0.50622629E+02  0.44900598E+02  0.39907713E+02  0.35271726E+02
  0.31308604E+02  0.28140948E+02  0.25541582E+02  0.23553132E+02  0.21820272E+02
  0.20261936E+02  0.19190150E+02  0.18126796E+02  0.17144407E+02  0.16139694E+02
  0.15627969E+02  0.14781062E+02  0.14187120E+02  0.49916102E+02  0.53354214E+02
  0.50335175E+02  0.44337989E+02  0.39801466E+02  0.36686219E+02  0.33332827E+02
  0.30948650E+02  0.28928085E+02  0.27062094E+02  0.25376649E+02  0.23634349E+02
  0.22104539E+02  0.20590581E+02  0.19346164E+02  0.18033640E+02  0.17168753E+02
  0.16233486E+02  0.15484281E+02  0.14567301E+02  0.14056255E+02  0.13385240E+02
  0.12680766E+02  0.66354624E+02  0.59956278E+02  0.52438559E+02  0.44969798E+02
  0.39870311E+02  0.36523376E+02  0.32834947E+02  0.30196564E+02  0.27949747E+02
  0.25929790E+02  0.24179668E+02  0.22574073E+02  0.21178228E+02  0.19864691E+02
  0.18754429E+02  0.17600884E+02  0.16821824E+02  0.15981083E+02  0.15297483E+02
  0.14461567E+02  0.13987495E+02  0.13363027E+02  0.12719441E+02  0.10160502E+03
  0.82323053E+02  0.67795829E+02  0.55895075E+02  0.48080399E+02  0.43192195E+02
  0.37809995E+02  0.34097664E+02  0.31026800E+02  0.28415990E+02  0.26207031E+02
  0.24326363E+02  0.22694504E+02  0.21226346E+02  0.19971302E+02  0.18703473E+02
  0.17841440E+02  0.16926905E+02  0.16155535E+02  0.15267618E+02  0.14769806E+02
  0.14080243E+02  0.13408408E+02  0.12127173E+03  0.93832830E+02  0.75118995E+02
  0.60814415E+02  0.51531392E+02  0.45818800E+02  0.39555425E+02  0.35311743E+02
  0.31868650E+02  0.29018431E+02  0.26635103E+02  0.24681114E+02  0.22972720E+02
  0.21466955E+02  0.20171145E+02  0.18871708E+02  0.17985874E+02  0.17048037E+02
  0.16255813E+02  0.15356348E+02  0.14860269E+02  0.14147113E+02  0.13478046E+02
  0.15222709E+00  0.13815315E+00  0.12506098E+00  0.11363816E+00  0.10347711E+00
  0.96661561E-01  0.86318652E-01  0.78324630E-01  0.71016112E-01  0.65148936E-01
  0.59647613E-01  0.56502036E-01  0.53089469E-01  0.51379550E-01  0.49059517E-01
  0.47719467E-01  0.46418104E-01  0.45674867E-01  0.43844686E-01  0.43867583E-01
  0.44356406E-01  0.42850416E-01  0.45279350E-01  0.11609312E+00  0.98899050E-01
  0.85939854E-01  0.75988967E-01  0.67501970E-01  0.61894659E-01  0.53418596E-01
  0.46975783E-01  0.41211386E-01  0.36888986E-01  0.33011483E-01  0.31113802E-01
  0.29052919E-01  0.28195337E-01  0.26892153E-01  0.26263208E-01  0.25571712E-01
  0.25258508E-01  0.24233780E-01  0.24420392E-01  0.24782715E-01  0.23977904E-01
  0.25476631E-01  0.12503401E+00  0.10889413E+00  0.96026127E-01  0.85421807E-01
  0.76429469E-01  0.70399969E-01  0.61183927E-01  0.53967319E-01  0.47404493E-01
  0.42339835E-01  0.37804268E-01  0.35497098E-01  0.33013066E-01  0.31936292E-01
  0.30360604E-01  0.29549373E-01  0.28687852E-01  0.28248402E-01  0.27002944E-01
  0.27116413E-01  0.27437271E-01  0.26474995E-01  0.28137906E-01  0.12915064E+00
  0.11441817E+00  0.10216963E+00  0.91385749E-01  0.82251998E-01  0.76056894E-01
  0.66527411E-01  0.58899358E-01  0.51818637E-01  0.46224731E-01  0.41169649E-01
  0.38574901E-01  0.35776701E-01  0.34528672E-01  0.32737649E-01  0.31783374E-01
  0.30790218E-01  0.30272427E-01  0.28840888E-01  0.28891687E-01  0.29272669E-01
  0.28098351E-01  0.29753624E-01  0.13060684E+00  0.11921810E+00  0.11066028E+00
  0.10093244E+00  0.92308465E-01  0.86062438E-01  0.76823995E-01  0.69172417E-01
  0.61766840E-01  0.55402854E-01  0.49377973E-01  0.45946104E-01  0.42379755E-01
  0.40623165E-01  0.38308274E-01  0.36931902E-01  0.35604717E-01  0.34787277E-01
  0.32980831E-01  0.32735193E-01  0.32927567E-01  0.31499844E-01  0.33396705E-01
  0.12501370E+00  0.10999601E+00  0.10343539E+00  0.95987495E-01  0.88289895E-01
  0.81997190E-01  0.73152016E-01  0.65981193E-01  0.59318763E-01  0.53621099E-01
  0.48212950E-01  0.44821020E-01  0.41323190E-01  0.39357610E-01  0.36956306E-01
  0.35393394E-01  0.34026927E-01  0.33119614E-01  0.31312577E-01  0.30795584E-01
  0.30934122E-01  0.29401267E-01  0.30753999E-01  0.12142505E+00  0.96617995E-01
  0.84353258E-01  0.75264253E-01  0.68181196E-01  0.62775523E-01  0.55428193E-01
  0.49443372E-01  0.43984012E-01  0.39354444E-01  0.35320621E-01  0.32715452E-01
  0.30220892E-01  0.28656004E-01  0.26934792E-01  0.25671759E-01  0.24655226E-01
  0.23891779E-01  0.22668694E-01  0.22160536E-01  0.22128387E-01  0.21102194E-01
  0.21962895E-01  0.14012365E+00  0.11135755E+00  0.97365974E-01  0.87150391E-01
  0.78711437E-01  0.72590746E-01  0.64312198E-01  0.57865342E-01  0.52103375E-01
  0.47425984E-01  0.43370536E-01  0.40974736E-01  0.38644270E-01  0.37304558E-01
  0.35748173E-01  0.34676022E-01  0.33760936E-01  0.33107891E-01  0.31981181E-01
  0.31687314E-01  0.31756232E-01  0.30835649E-01  0.31673109E-01  0.15915930E+00
  0.12813542E+00  0.11218504E+00  0.10156574E+00  0.92651978E-01  0.86514272E-01
  0.77881447E-01  0.71216924E-01  0.65188481E-01  0.60313583E-01  0.55992492E-01
  0.53516405E-01  0.51050273E-01  0.49697238E-01  0.48037953E-01  0.46941895E-01
  0.45963549E-01  0.45285333E-01  0.44033243E-01  0.43732053E-01  0.43811738E-01
  0.42752465E-01  0.43705342E-01  0.16991279E+00  0.13773180E+00  0.12021322E+00
  0.10869103E+00  0.98976013E-01  0.92459911E-01  0.83106953E-01  0.75924326E-01
  0.69407039E-01  0.64180788E-01  0.59535771E-01  0.56911116E-01  0.54262809E-01
  0.52860142E-01  0.51094239E-01  0.49960896E-01  0.48918266E-01  0.48202189E-01
  0.46851801E-01  0.46584542E-01  0.46708305E-01  0.45549051E-01  0.46736844E-01
   128
  0.10000000E+01  0.23734098E+01  0.33490993E+01  0.39556056E+01  0.44109957E+01
  0.47329927E+01  0.49706246E+01  0.51186459E+01  0.51839827E+01  0.51795920E+01
  0.51062135E+01  0.49825737E+01  0.48152269E+01  0.46156226E+01  0.43888973E+01
  0.41421142E+01  0.38872275E+01  0.36196565E+01  0.33486477E+01  0.30713582E+01
  0.28115179E+01  0.25540726E+01  0.23200725E+01  0.21010099E+01  0.18969017E+01
  0.17068690E+01  0.15310845E+01  0.13687232E+01  0.12188238E+01  0.10807798E+01
  0.95581034E+00  0.84321279E+00  0.74255604E+00  0.65312631E+00  0.57432030E+00
  0.50488622E+00  0.44346371E+00  0.38854594E+00  0.34063790E+00  0.29748618E+00
  0.25917783E+00  0.22538277E+00  0.19480559E+00  0.16770166E+00  0.14412233E+00
  0.12335312E+00  0.10552909E+00  0.90030985E-01  0.76651092E-01  0.65174302E-01
  0.55219991E-01  0.46812658E-01  0.39917999E-01  0.34215716E-01  0.29574411E-01
  0.25789132E-01  0.22549153E-01  0.19930713E-01  0.17595430E-01  0.15458736E-01
  0.13675236E-01  0.11962959E-01  0.10380324E-01  0.90457903E-02  0.77097018E-02
  0.64925454E-02  0.53953575E-02  0.42556021E-02  0.32694214E-02  0.23778871E-02
  0.14628793E-02  0.78055579E-03  0.25009264E-03 -0.12800622E-03  0.00000000E+00
  0.00000000E+00  0.00000000E+00  0.00000000E+00  0.00000000E+00  0.00000000E+00
  0.00000000E+00  0.00000000E+00  0.00000000E+00  0.00000000E+00  0.00000000E+00
  0.00000000E+00  0.00000000E+00  0.00000000E+00  0.00000000E+00  0.00000000E+00
  0.00000000E+00  0.00000000E+00  0.00000000E+00  0.00000000E+00  0.00000000E+00
  0.00000000E+00  0.00000000E+00  0.00000000E+00  0.00000000E+00  0.00000000E+00
  0.00000000E+00  0.00000000E+00  0.00000000E+00  0.00000000E+00  0.00000000E+00
  0.00000000E+00  0.00000000E+00  0.00000000E+00  0.00000000E+00  0.00000000E+00
  0.00000000E+00  0.00000000E+00  0.00000000E+00  0.00000000E+00  0.00000000E+00
  0.00000000E+00  0.00000000E+00  0.00000000E+00  0.00000000E+00  0.00000000E+00
  0.00000000E+00  0.00000000E+00  0.00000000E+00  0.00000000E+00  0.00000000E+00
  0.00000000E+00  0.00000000E+00  0.00000000E+00  0.00000000E+00
  0.10000000E+01  0.24220045E+01  0.35157264E+01  0.43092791E+01  0.49656953E+01
  0.55156880E+01  0.60038731E+01  0.64269965E+01  0.67796923E+01  0.70597635E+01
  0.72672053E+01  0.74065076E+01  0.74860368E+01  0.75088974E+01  0.74826233E+01
  0.74091089E+01  0.72978737E+01  0.71474516E+01  0.69650666E+01  0.67508199E+01
  0.65194253E+01  0.62661443E+01  0.60049085E+01  0.57342577E+01  0.54581336E+01
  0.51785037E+01  0.48990002E+01  0.46214617E+01  0.43484373E+01  0.40811575E+01
  0.38225769E+01  0.35733090E+01  0.33349408E+01  0.31072168E+01  0.28912459E+01
  0.26860633E+01  0.24917571E+01  0.23074168E+01  0.21342725E+01  0.19710513E+01
  0.18182842E+01  0.16750423E+01  0.15405840E+01  0.14144128E+01  0.12971357E+01
  0.11879281E+01  0.10871352E+01  0.99382166E+00  0.90747939E+00  0.82758990E+00
  0.75375970E+00  0.68590641E+00  0.62382089E+00  0.56705361E+00  0.51512164E+00
  0.46751286E+00  0.42385410E+00  0.38388207E+00  0.34728871E+00  0.31387701E+00
  0.28334635E+00  0.25548585E+00  0.23011691E+00  0.20688759E+00  0.18562698E+00
  0.16615287E+00  0.14842163E+00  0.13217994E+00  0.11739217E+00  0.10402946E+00
  0.92046973E-01  0.81221626E-01  0.71576884E-01  0.63000214E-01  0.55353949E-01
  0.48588563E-01  0.42527758E-01  0.37150750E-01  0.32373158E-01  0.28063467E-01
  0.24237849E-01  0.20927185E-01  0.18018867E-01  0.15565160E-01  0.13350789E-01
  0.11420079E-01  0.97176265E-02  0.81562655E-02  0.68481096E-02  0.56396871E-02
  0.45945739E-02  0.37329931E-02  0.30129170E-02  0.25040001E-02  0.21592164E-02
  0.19160204E-02  0.17151275E-02  0.15389270E-02  0.14519659E-02  0.13260161E-02
  0.11208780E-02  0.10643679E-02  0.10278108E-02  0.95289445E-03  0.94205594E-03
  0.10681214E-02  0.11800145E-02  0.11911884E-02  0.12063667E-02  0.11318137E-02
  0.10423114E-02  0.92006115E-03  0.70270012E-03  0.53278202E-03  0.45926430E-03
  0.42385199E-03  0.37644045E-03  0.41437714E-03  0.45018903E-03  0.42681857E-03
  0.39025912E-03  0.36585426E-03  0.36959879E-03  0.26845310E-03  0.25027513E-03
  0.24741606E-03  0.21803463E-03  0.26423450E-03  0.23081828E-03
  0.10000000E+01  0.24760770E+01  0.36652749E+01  0.45953733E+01  0.53921534E+01
  0.60905718E+01  0.67381843E+01  0.73393069E+01  0.78849089E+01  0.83678643E+01
  0.87855552E+01  0.91369201E+01  0.94283473E+01  0.96599176E+01  0.98386430E+01
  0.99641283E+01  0.10043457E+02  0.10075041E+02  0.10063777E+02  0.10009810E+02
  0.99217065E+01  0.97981850E+01  0.96478327E+01  0.94713777E+01  0.92728466E+01
  0.90547170E+01  0.88211730E+01  0.85748223E+01  0.83190746E+01  0.80560161E+01
  0.77890290E+01  0.75196264E+01  0.72501434E+01  0.69812873E+01  0.67149790E+01
  0.64512793E+01  0.61913635E+01  0.59353347E+01  0.56848925E+01  0.54398505E+01
  0.52016298E+01  0.49694542E+01  0.47436225E+01  0.45238843E+01  0.43113413E+01
  0.41058005E+01  0.39079346E+01  0.37172841E+01  0.35337448E+01  0.33570595E+01
  0.31872384E+01  0.30245423E+01  0.28690603E+01  0.27204676E+01  0.25785779E+01
  0.24429177E+01  0.23133394E+01  0.21897555E+01  0.20719029E+01  0.19595715E+01
  0.18526619E+01  0.17509878E+01  0.16542200E+01  0.15621806E+01  0.14746025E+01
  0.13913809E+01  0.13123742E+01  0.12372491E+01  0.11660469E+01  0.10985246E+01
  0.10346741E+01  0.97423048E+00  0.91700010E+00  0.86298697E+00  0.81190040E+00
  0.76363507E+00  0.71800948E+00  0.67488669E+00  0.63418046E+00  0.59576960E+00
  0.55947749E+00  0.52519459E+00  0.49292134E+00  0.46250623E+00  0.43385844E+00
  0.40687737E+00  0.38143083E+00  0.35746801E+00  0.33492294E+00  0.31369057E+00
  0.29372075E+00  0.27495079E+00  0.25733647E+00  0.24079091E+00  0.22525360E+00
  0.21082494E+00  0.19718645E+00  0.18433469E+00  0.17222396E+00  0.16088716E+00
  0.15013642E+00  0.14004923E+00  0.13063202E+00  0.12180897E+00  0.11360389E+00
  0.10590646E+00  0.98761355E-01  0.92079731E-01  0.85712479E-01  0.79693054E-01
  0.74114091E-01  0.68869373E-01  0.63817207E-01  0.59126180E-01  0.54971913E-01
  0.51022716E-01  0.47373494E-01  0.44064175E-01  0.41001969E-01  0.38071900E-01
  0.35285200E-01  0.32673288E-01  0.30234403E-01  0.28025733E-01  0.25977146E-01
  0.24138760E-01  0.22461641E-01  0.20917013E-01  0.19461463E-01
  0.10000000E+01  0.25259061E+01  0.37906797E+01  0.48238108E+01  0.57278428E+01
  0.65366729E+01  0.72996402E+01  0.80277225E+01  0.87124470E+01  0.93461974E+01
  0.99242489E+01  0.10444266E+02  0.10909523E+02  0.11320098E+02  0.11680874E+02
  0.11991834E+02  0.12258049E+02  0.12478302E+02  0.12655891E+02  0.12790847E+02
  0.12888918E+02  0.12949129E+02  0.12977366E+02  0.12974047E+02  0.12942040E+02
  0.12883220E+02  0.12800650E+02  0.12696310E+02  0.12572903E+02  0.12432229E+02
  0.12276960E+02  0.12108493E+02  0.11928848E+02  0.11738959E+02  0.11540662E+02
  0.11334445E+02  0.11121544E+02  0.10902493E+02  0.10679041E+02  0.10451561E+02
  0.10221392E+02  0.99885946E+01  0.97539242E+01  0.95175690E+01  0.92808368E+01
  0.90440774E+01  0.88082188E+01  0.85733515E+01  0.83398661E+01  0.81079921E+01
  0.78781286E+01  0.76508023E+01  0.74265444E+01  0.72055620E+01  0.69879669E+01
  0.67738127E+01  0.65632613E+01  0.63565839E+01  0.61538594E+01  0.59552047E+01
  0.57607785E+01  0.55705862E+01  0.53846856E+01  0.52031810E+01  0.50260490E+01
  0.48532040E+01  0.46847008E+01  0.45205736E+01  0.43607317E+01  0.42051551E+01
  0.40538432E+01  0.39067438E+01  0.37637792E+01  0.36248979E+01  0.34900174E+01
  0.33590966E+01  0.32320890E+01  0.31088220E+01  0.29892488E+01  0.28733368E+01
  0.27609934E+01  0.26521270E+01  0.25467324E+01  0.24447668E+01  0.23460531E+01
  0.22505887E+01  0.21583562E+01  0.20692339E+01  0.19831495E+01  0.19000377E+01
  0.18198219E+01  0.17424074E+01  0.16677848E+01  0.15959079E+01  0.15266321E+01
  0.14599669E+01  0.13958711E+01  0.13342645E+01  0.12750366E+01  0.12181265E+01
  0.11634896E+01  0.11110083E+01  0.10606147E+01  0.10122219E+01  0.96578059E+00
  0.92127035E+00  0.87862629E+00  0.83772372E+00  0.79851286E+00  0.76095346E+00
  0.72505543E+00  0.69073053E+00  0.65782844E+00  0.62633912E+00  0.59624934E+00
  0.56747270E+00  0.53994560E+00  0.51364934E+00  0.48849447E+00  0.46443342E+00
  0.44144092E+00  0.41947049E+00  0.39849396E+00  0.37849551E+00  0.35942176E+00
  0.34119409E+00  0.32382033E+00  0.30722713E+00  0.29131547E+00
  0.10000000E+01  0.25696471E+01  0.39012942E+01  0.50259621E+01  0.60270720E+01
  0.69377380E+01  0.78072987E+01  0.86513433E+01  0.94617242E+01  0.10230232E+02
  0.10950843E+02  0.11619855E+02  0.12238479E+02  0.12806384E+02  0.13326973E+02
  0.13800336E+02  0.14230065E+02  0.14615417E+02  0.14958605E+02  0.15259724E+02
  0.15522376E+02  0.15746182E+02  0.15934961E+02  0.16089237E+02  0.16211153E+02
  0.16302175E+02  0.16364638E+02  0.16400180E+02  0.16410930E+02  0.16398388E+02
  0.16364689E+02  0.16311097E+02  0.16239327E+02  0.16150349E+02  0.16045751E+02
  0.15926246E+02  0.15793096E+02  0.15646984E+02  0.15489449E+02  0.15321153E+02
  0.15143350E+02  0.14956305E+02  0.14760944E+02  0.14557768E+02  0.14348022E+02
  0.14132246E+02  0.13911499E+02  0.13686193E+02  0.13456865E+02  0.13224007E+02
  0.12988283E+02  0.12750349E+02  0.12510847E+02  0.12270228E+02  0.12028821E+02
  0.11786992E+02  0.11545182E+02  0.11303750E+02  0.11063033E+02  0.10823396E+02
  0.10585194E+02  0.10348636E+02  0.10113948E+02  0.98813777E+01  0.96510975E+01
  0.94232398E+01  0.91979871E+01  0.89754852E+01  0.87558418E+01  0.85391997E+01
  0.83257548E+01  0.81155770E+01  0.79086187E+01  0.77049460E+01  0.75046654E+01
  0.73077682E+01  0.71142199E+01  0.69240470E+01  0.67372903E+01  0.65539317E+01
  0.63739548E+01  0.61974205E+01  0.60243283E+01  0.58546324E+01  0.56883264E+01
  0.55254526E+01  0.53660240E+01  0.52100160E+01  0.50573648E+01  0.49080678E+01
  0.47621370E+01  0.46195199E+01  0.44801100E+01  0.43438686E+01  0.42108473E+01
  0.40810528E+01  0.39544010E+01  0.38308880E+01  0.37105330E+01  0.35933057E+01
  0.34791575E+01  0.33679954E+01  0.32597992E+01  0.31544988E+01  0.30520340E+01
  0.29523586E+01  0.28554345E+01  0.27612524E+01  0.26697957E+01  0.25810325E+01
  0.24948995E+01  0.24113848E+01  0.23304456E+01  0.22519781E+01  0.21758818E+01
  0.21021332E+01  0.20307258E+01  0.19615701E+01  0.18945411E+01  0.18296474E+01
  0.17669240E+01  0.17062474E+01  0.16475005E+01  0.15906843E+01  0.15357693E+01
  0.14826091E+01  0.14310711E+01  0.13811573E+01  0.13328757E+01
  0.10000000E+01  0.25991393E+01  0.39739325E+01  0.51562599E+01  0.62198442E+01
  0.71965222E+01  0.81345959E+01  0.90519054E+01  0.99410557E+01  0.10794215E+02
  0.11604866E+02  0.12369027E+02  0.13086865E+02  0.13758006E+02  0.14384983E+02
  0.14968022E+02  0.15510038E+02  0.16010569E+02  0.16471357E+02  0.16892479E+02
  0.17276688E+02  0.17623666E+02  0.17936358E+02  0.18215141E+02  0.18461656E+02
  0.18677094E+02  0.18863239E+02  0.19021398E+02  0.19153280E+02  0.19260167E+02
  0.19343764E+02  0.19405093E+02  0.19445534E+02  0.19465979E+02  0.19467763E+02
  0.19451520E+02  0.19418340E+02  0.19368898E+02  0.19304469E+02  0.19225641E+02
  0.19133564E+02  0.19028625E+02  0.18911635E+02  0.18783088E+02  0.18644112E+02
  0.18495287E+02  0.18337533E+02  0.18171306E+02  0.17997218E+02  0.17815819E+02
  0.17627762E+02  0.17433683E+02  0.17234237E+02  0.17029967E+02  0.16821324E+02
  0.16608688E+02  0.16392489E+02  0.16173243E+02  0.15951423E+02  0.15727375E+02
  0.15501451E+02  0.15274045E+02  0.15045519E+02  0.14816128E+02  0.14586106E+02
  0.14355708E+02  0.14125223E+02  0.13894867E+02  0.13664867E+02  0.13435473E+02
  0.13206888E+02  0.12979284E+02  0.12752790E+02  0.12527505E+02  0.12303482E+02
  0.12080851E+02  0.11859799E+02  0.11640448E+02  0.11422816E+02  0.11207036E+02
  0.10993271E+02  0.10781591E+02  0.10572020E+02  0.10364645E+02  0.10159553E+02
  0.99567275E+01  0.97562289E+01  0.95582005E+01  0.93626790E+01  0.91696379E+01
  0.89791154E+01  0.87912220E+01  0.86059941E+01  0.84233967E+01  0.82434635E+01
  0.80662445E+01  0.78917134E+01  0.77198559E+01  0.75507466E+01  0.73844229E+01
  0.72208556E+01  0.70600442E+01  0.69020412E+01  0.67468377E+01  0.65943831E+01
  0.64446969E+01  0.62977988E+01  0.61536604E+01  0.60122400E+01  0.58735591E+01
  0.57376129E+01  0.56043829E+01  0.54738595E+01  0.53460339E+01  0.52209042E+01
  0.50984513E+01  0.49786660E+01  0.48615191E+01  0.47469369E+01  0.46348715E+01
  0.45253190E+01  0.44182782E+01  0.43136849E+01  0.42114167E+01  0.41114195E+01
  0.40136763E+01  0.39181400E+01  0.38247807E+01  0.37335513E+01
  0.10000000E+01  0.26439507E+01  0.40838497E+01  0.53525871E+01  0.65095662E+01
  0.75852238E+01  0.86264152E+01  0.96544048E+01  0.10663130E+02  0.11644981E+02
  0.12592793E+02  0.13501762E+02  0.14370606E+02  0.15198638E+02  0.15987164E+02
  0.16736568E+02  0.17448796E+02  0.18123800E+02  0.18762587E+02  0.19365267E+02
  0.19933268E+02  0.20466519E+02  0.20966592E+02  0.21433808E+02  0.21869124E+02
  0.22273369E+02  0.22647688E+02  0.22993038E+02  0.23310529E+02  0.23601079E+02
  0.23865875E+02  0.24105702E+02  0.24321484E+02  0.24513926E+02  0.24684004E+02
  0.24832299E+02  0.24959629E+02  0.25066604E+02  0.25154184E+02  0.25222936E+02
  0.25273747E+02  0.25307046E+02  0.25323538E+02  0.25323761E+02  0.25308614E+02
  0.25278633E+02  0.25234595E+02  0.25177008E+02  0.25106467E+02  0.25023526E+02
  0.24928809E+02  0.24822960E+02  0.24706613E+02  0.24580320E+02  0.24444600E+02
  0.24299957E+02  0.24146886E+02  0.23985886E+02  0.23817462E+02  0.23642059E+02
  0.23460145E+02  0.23272167E+02  0.23078528E+02  0.22879616E+02  0.22675800E+02
  0.22467434E+02  0.22254842E+02  0.22038323E+02  0.21818245E+02  0.21594963E+02
  0.21368796E+02  0.21139957E+02  0.20908644E+02  0.20675100E+02  0.20439554E+02
  0.20202232E+02  0.19963317E+02  0.19723035E+02  0.19481636E+02  0.19239328E+02
  0.18996277E+02  0.18752660E+02  0.18508687E+02  0.18264543E+02  0.18020362E+02
  0.17776278E+02  0.17532455E+02  0.17289064E+02  0.17046277E+02  0.16804221E+02
  0.16562980E+02  0.16322650E+02  0.16083353E+02  0.15845255E+02  0.15608470E+02
  0.15373076E+02  0.15139161E+02  0.14906865E+02  0.14676289E+02  0.14447489E+02
  0.14220523E+02  0.13995493E+02  0.13772500E+02  0.13551542E+02  0.13332634E+02
  0.13115856E+02  0.12901347E+02  0.12689207E+02  0.12479454E+02  0.12272166E+02
  0.12067377E+02  0.11865091E+02  0.11665333E+02  0.11468128E+02  0.11273531E+02
  0.11081583E+02  0.10892310E+02  0.10705688E+02  0.10521745E+02  0.10340524E+02
  0.10162089E+02  0.99864546E+01  0.98135322E+01  0.96432588E+01  0.94755868E+01
  0.93104968E+01  0.91479529E+01  0.89879202E+01  0.88304002E+01
  0.10000000E+01  0.26788139E+01  0.41676173E+01  0.54996607E+01  0.67257725E+01
  0.78751096E+01  0.89928448E+01  0.10102237E+02  0.11198737E+02  0.12275303E+02
  0.13324642E+02  0.14341583E+02  0.15323942E+02  0.16270833E+02  0.17182847E+02
  0.18060481E+02  0.18905143E+02  0.19717002E+02  0.20496660E+02  0.21244255E+02
  0.21960517E+02  0.22645399E+02  0.23299716E+02  0.23923673E+02  0.24517800E+02
  0.25082673E+02  0.25618947E+02  0.26127295E+02  0.26608444E+02  0.27063059E+02
  0.27491887E+02  0.27895512E+02  0.28274581E+02  0.28629623E+02  0.28961281E+02
  0.29269999E+02  0.29556390E+02  0.29820988E+02  0.30064448E+02  0.30287212E+02
  0.30489882E+02  0.30672854E+02  0.30836688E+02  0.30981818E+02  0.31108917E+02
  0.31218481E+02  0.31311109E+02  0.31387220E+02  0.31447308E+02  0.31491869E+02
  0.31521475E+02  0.31536665E+02  0.31537929E+02  0.31525746E+02  0.31500624E+02
  0.31463039E+02  0.31413415E+02  0.31352185E+02  0.31279869E+02  0.31196955E+02
  0.31103870E+02  0.31001002E+02  0.30888740E+02  0.30767523E+02  0.30637733E+02
  0.30499709E+02  0.30353806E+02  0.30200363E+02  0.30039736E+02  0.29872314E+02
  0.29698441E+02  0.29518423E+02  0.29332491E+02  0.29140890E+02  0.28943907E+02
  0.28741832E+02  0.28534931E+02  0.28323447E+02  0.28107642E+02  0.27887804E+02
  0.27664173E+02  0.27436994E+02  0.27206523E+02  0.26972993E+02  0.26736597E+02
  0.26497530E+02  0.26256079E+02  0.26012501E+02  0.25767014E+02  0.25519751E+02
  0.25270886E+02  0.25020647E+02  0.24769216E+02  0.24516740E+02  0.24263359E+02
  0.24009262E+02  0.23754637E+02  0.23499646E+02  0.23244436E+02  0.22989154E+02
  0.22733981E+02  0.22479057E+02  0.22224483E+02  0.21970352E+02  0.21716770E+02
  0.21463887E+02  0.21211870E+02  0.20960856E+02  0.20710943E+02  0.20462197E+02
  0.20214709E+02  0.19968602E+02  0.19723961E+02  0.19480870E+02  0.19239398E+02
  0.18999626E+02  0.18761667E+02  0.18525596E+02  0.18291480E+02  0.18059409E+02
  0.17829439E+02  0.17601601E+02  0.17375859E+02  0.17152178E+02  0.16930595E+02
  0.16711145E+02  0.16493816E+02  0.16278618E+02  0.16065600E+02
  0.10000000E+01  0.27106890E+01  0.42437005E+01  0.56322025E+01  0.69205130E+01
  0.81365727E+01  0.93235711E+01  0.10505994E+02  0.11680830E+02  0.12841664E+02
  0.13981290E+02  0.15094292E+02  0.16177930E+02  0.17231177E+02  0.18254122E+02
  0.19247298E+02  0.20211763E+02  0.21147879E+02  0.22056001E+02  0.22936280E+02
  0.23788945E+02  0.24613914E+02  0.25411501E+02  0.26181811E+02  0.26924990E+02
  0.27641394E+02  0.28331347E+02  0.28995380E+02  0.29633911E+02  0.30247398E+02
  0.30836310E+02  0.31401102E+02  0.31942145E+02  0.32459787E+02  0.32954425E+02
  0.33426405E+02  0.33876103E+02  0.34303882E+02  0.34710135E+02  0.35095219E+02
  0.35459536E+02  0.35803398E+02  0.36127204E+02  0.36431308E+02  0.36716182E+02
  0.36982165E+02  0.37229679E+02  0.37459080E+02  0.37670734E+02  0.37864998E+02
  0.38042277E+02  0.38202991E+02  0.38347557E+02  0.38476354E+02  0.38589733E+02
  0.38688079E+02  0.38771798E+02  0.38841302E+02  0.38896971E+02  0.38939152E+02
  0.38968206E+02  0.38984507E+02  0.38988441E+02  0.38980347E+02  0.38960557E+02
  0.38929405E+02  0.38887230E+02  0.38834355E+02  0.38771088E+02  0.38697789E+02
  0.38614804E+02  0.38522431E+02  0.38420910E+02  0.38310467E+02  0.38191355E+02
  0.38063877E+02  0.37928353E+02  0.37785065E+02  0.37634286E+02  0.37476305E+02
  0.37311421E+02  0.37139906E+02  0.36962018E+02  0.36777987E+02  0.36588067E+02
  0.36392507E+02  0.36191577E+02  0.35985581E+02  0.35774773E+02  0.35559389E+02
  0.35339639E+02  0.35115733E+02  0.34887905E+02  0.34656405E+02  0.34421428E+02
  0.34183123E+02  0.33941713E+02  0.33697442E+02  0.33450549E+02  0.33201246E+02
  0.32949697E+02  0.32696074E+02  0.32440557E+02  0.32183309E+02  0.31924465E+02
  0.31664189E+02  0.31402708E+02  0.31140240E+02  0.30876945E+02  0.30612938E+02
  0.30348354E+02  0.30083348E+02  0.29818075E+02  0.29552658E+02  0.29287212E+02
  0.29021881E+02  0.28756784E+02  0.28492025E+02  0.28227735E+02  0.27964077E+02
  0.27701180E+02  0.27439074E+02  0.27177794E+02  0.26917380E+02  0.26657904E+02
  0.26399472E+02  0.26142137E+02  0.25885953E+02  0.25630981E+02
  0.10000000E+01  0.27363654E+01  0.43044359E+01  0.57368168E+01  0.70740794E+01
  0.83431527E+01  0.95850903E+01  0.10824606E+02  0.12060085E+02  0.13285769E+02
  0.14494780E+02  0.15681689E+02  0.16843498E+02  0.17979093E+02  0.19088348E+02
  0.20171796E+02  0.21230328E+02  0.22264415E+02  0.23274293E+02  0.24260105E+02
  0.25221845E+02  0.26159377E+02  0.27072782E+02  0.27962088E+02  0.28827225E+02
  0.29668411E+02  0.30485759E+02  0.31279673E+02  0.32050373E+02  0.32798229E+02
  0.33523553E+02  0.34226713E+02  0.34907933E+02  0.35567449E+02  0.36205519E+02
  0.36822401E+02  0.37418336E+02  0.37993591E+02  0.38548374E+02  0.39082938E+02
  0.39597552E+02  0.40092458E+02  0.40567934E+02  0.41024232E+02  0.41461640E+02
  0.41880418E+02  0.42280866E+02  0.42663254E+02  0.43027823E+02  0.43374835E+02
  0.43704605E+02  0.44017416E+02  0.44313565E+02  0.44593287E+02  0.44856851E+02
  0.45104571E+02  0.45336754E+02  0.45553668E+02  0.45755602E+02  0.45942841E+02
  0.46115671E+02  0.46274354E+02  0.46419124E+02  0.46550269E+02  0.46668091E+02
  0.46772868E+02  0.46864866E+02  0.46944318E+02  0.47011481E+02  0.47066665E+02
  0.47110151E+02  0.47142159E+02  0.47162878E+02  0.47172503E+02  0.47171269E+02
  0.47159432E+02  0.47137263E+02  0.47105006E+02  0.47062892E+02  0.47011176E+02
  0.46950138E+02  0.46880022E+02  0.46801062E+02  0.46713484E+02  0.46617532E+02
  0.46513431E+02  0.46401444E+02  0.46281846E+02  0.46154903E+02  0.46020863E+02
  0.45879927E+02  0.45732260E+02  0.45578081E+02  0.45417623E+02  0.45251100E+02
  0.45078742E+02  0.44900745E+02  0.44717328E+02  0.44528742E+02  0.44335206E+02
  0.44136922E+02  0.43934093E+02  0.43726909E+02  0.43515545E+02  0.43300169E+02
  0.43080943E+02  0.42858116E+02  0.42631904E+02  0.42402487E+02  0.42170030E+02
  0.41934679E+02  0.41696631E+02  0.41456045E+02  0.41213093E+02  0.40967895E+02
  0.40720613E+02  0.40471420E+02  0.40220473E+02  0.39967927E+02  0.39713911E+02
  0.39458571E+02  0.39202025E+02  0.38944379E+02  0.38685726E+02  0.38426162E+02
  0.38165795E+02  0.37904740E+02  0.37643093E+02  0.37380972E+02
  0.10000000E+01  0.27603664E+01  0.43616085E+01  0.58356403E+01  0.72195913E+01
  0.85394509E+01  0.98340478E+01  0.11127992E+02  0.12420853E+02  0.13707434E+02
  0.14981226E+02  0.16236837E+02  0.17471088E+02  0.18682774E+02  0.19871639E+02
  0.21038219E+02  0.22183251E+02  0.23307283E+02  0.24410455E+02  0.25492911E+02
  0.26554436E+02  0.27594868E+02  0.28614058E+02  0.29611958E+02  0.30588345E+02
  0.31543324E+02  0.32476860E+02  0.33389263E+02  0.34280616E+02  0.35151227E+02
  0.36001268E+02  0.36831040E+02  0.37640661E+02  0.38430312E+02  0.39200134E+02
  0.39950295E+02  0.40680915E+02  0.41392183E+02  0.42084198E+02  0.42757138E+02
  0.43411144E+02  0.44046371E+02  0.44662991E+02  0.45261227E+02  0.45841295E+02
  0.46403366E+02  0.46947618E+02  0.47474229E+02  0.47983356E+02  0.48475189E+02
  0.48949952E+02  0.49407815E+02  0.49848942E+02  0.50273509E+02  0.50681729E+02
  0.51073802E+02  0.51449949E+02  0.51810346E+02  0.52155229E+02  0.52484821E+02
  0.52799328E+02  0.53098929E+02  0.53383802E+02  0.53654141E+02  0.53910170E+02
  0.54152086E+02  0.54380087E+02  0.54594370E+02  0.54795137E+02  0.54982593E+02
  0.55156950E+02  0.55318382E+02  0.55467077E+02  0.55603234E+02  0.55727042E+02
  0.55838683E+02  0.55938354E+02  0.56026238E+02  0.56102547E+02  0.56167500E+02
  0.56221303E+02  0.56264153E+02  0.56296234E+02  0.56317753E+02  0.56328943E+02
  0.56330027E+02  0.56321245E+02  0.56302840E+02  0.56275015E+02  0.56237994E+02
  0.56191993E+02  0.56137191E+02  0.56073787E+02  0.56001956E+02  0.55921871E+02
  0.55833736E+02  0.55737740E+02  0.55634102E+02  0.55523038E+02  0.55404758E+02
  0.55279481E+02  0.55147409E+02  0.55008744E+02  0.54863666E+02  0.54712365E+02
  0.54555033E+02  0.54391886E+02  0.54223131E+02  0.54048939E+02  0.53869500E+02
  0.53684983E+02  0.53495543E+02  0.53301340E+02  0.53102545E+02  0.52899340E+02
  0.52691912E+02  0.52480449E+02  0.52265106E+02  0.52046030E+02  0.51823405E+02
  0.51597397E+02  0.51368158E+02  0.51135806E+02  0.50900416E+02  0.50662120E+02
  0.50421071E+02  0.50177438E+02  0.49931386E+02  0.49683051E+02
  0.10000000E+01  0.27739933E+01  0.43946127E+01  0.58928729E+01  0.73048731E+01
  0.86558650E+01  0.99827049E+01  0.11309058E+02  0.12635138E+02  0.13956132E+02
  0.15265897E+02  0.16559256E+02  0.17833156E+02  0.19086407E+02  0.20318777E+02
  0.21530769E+02  0.22723092E+02  0.23896293E+02  0.25050537E+02  0.26185966E+02
  0.27302371E+02  0.28399541E+02  0.29477326E+02  0.30535658E+02  0.31574302E+02
  0.32593296E+02  0.33592570E+02  0.34572373E+02  0.35532774E+02  0.36474075E+02
  0.37396461E+02  0.38300177E+02  0.39185312E+02  0.40052031E+02  0.40900469E+02
  0.41730776E+02  0.42543044E+02  0.43337411E+02  0.44113933E+02  0.44872775E+02
  0.45614049E+02  0.46337882E+02  0.47044410E+02  0.47733803E+02  0.48406252E+02
  0.49061907E+02  0.49700936E+02  0.50323473E+02  0.50929614E+02  0.51519498E+02
  0.52093332E+02  0.52651269E+02  0.53193441E+02  0.53719971E+02  0.54230994E+02
  0.54726676E+02  0.55207221E+02  0.55672793E+02  0.56123560E+02  0.56559673E+02
  0.56981310E+02  0.57388612E+02  0.57781733E+02  0.58160814E+02  0.58526009E+02
  0.58877479E+02  0.59215411E+02  0.59539957E+02  0.59851277E+02  0.60149536E+02
  0.60434920E+02  0.60707572E+02  0.60967640E+02  0.61215251E+02  0.61450536E+02
  0.61673653E+02  0.61884756E+02  0.62083986E+02  0.62271504E+02  0.62447464E+02
  0.62612052E+02  0.62765462E+02  0.62907851E+02  0.63039380E+02  0.63160217E+02
  0.63270539E+02  0.63370555E+02  0.63460478E+02  0.63540491E+02  0.63610726E+02
  0.63671313E+02  0.63722412E+02  0.63764209E+02  0.63796877E+02  0.63820572E+02
  0.63835409E+02  0.63841528E+02  0.63839146E+02  0.63828449E+02  0.63809632E+02
  0.63782884E+02  0.63748336E+02  0.63706158E+02  0.63656520E+02  0.63599597E+02
  0.63535508E+02  0.63464453E+02  0.63386593E+02  0.63302106E+02  0.63211177E+02
  0.63113940E+02  0.63010546E+02  0.62901149E+02  0.62785884E+02  0.62664882E+02
  0.62538299E+02  0.62406305E+02  0.62269047E+02  0.62126680E+02  0.61979347E+02
  0.61827209E+02  0.61670396E+02  0.61509039E+02  0.61343281E+02  0.61173234E+02
  0.60999017E+02  0.60820737E+02  0.60638545E+02  0.60452601E+02
  0.10000000E+01  0.27887399E+01  0.44306062E+01  0.59557504E+01  0.73987145E+01
  0.87839362E+01  0.10146282E+02  0.11508583E+02  0.12871672E+02  0.14231111E+02
  0.15581096E+02  0.16916640E+02  0.18234758E+02  0.19534265E+02  0.20814914E+02
  0.22077185E+02  0.23321722E+02  0.24549073E+02  0.25759401E+02  0.26952834E+02
  0.28129124E+02  0.29288041E+02  0.30429360E+02  0.31552961E+02  0.32658565E+02
  0.33746143E+02  0.34815609E+02  0.35867157E+02  0.36900803E+02  0.37916818E+02
  0.38915360E+02  0.39896644E+02  0.40860739E+02  0.41807767E+02  0.42737818E+02
  0.43651011E+02  0.44547414E+02  0.45427137E+02  0.46290189E+02  0.47136681E+02
  0.47966671E+02  0.48780262E+02  0.49577579E+02  0.50358769E+02  0.51123992E+02
  0.51873344E+02  0.52606958E+02  0.53324947E+02  0.54027384E+02  0.54714381E+02
  0.55386091E+02  0.56042594E+02  0.56684007E+02  0.57310418E+02  0.57921937E+02
  0.58518687E+02  0.59100814E+02  0.59668436E+02  0.60221713E+02  0.60760765E+02
  0.61285749E+02  0.61796756E+02  0.62293916E+02  0.62777347E+02  0.63247194E+02
  0.63703570E+02  0.64146599E+02  0.64576394E+02  0.64993069E+02  0.65396770E+02
  0.65787618E+02  0.66165712E+02  0.66531193E+02  0.66884182E+02  0.67224809E+02
  0.67553185E+02  0.67869448E+02  0.68173683E+02  0.68466029E+02  0.68746650E+02
  0.69015688E+02  0.69273288E+02  0.69519564E+02  0.69754622E+02  0.69978613E+02
  0.70191684E+02  0.70394007E+02  0.70585737E+02  0.70767035E+02  0.70938023E+02
  0.71098830E+02  0.71249598E+02  0.71390474E+02  0.71521583E+02  0.71643051E+02
  0.71754995E+02  0.71857544E+02  0.71950843E+02  0.72035058E+02  0.72110316E+02
  0.72176777E+02  0.72234597E+02  0.72283928E+02  0.72324934E+02  0.72357730E+02
  0.72382466E+02  0.72399301E+02  0.72408374E+02  0.72409830E+02  0.72403813E+02
  0.72390441E+02  0.72369843E+02  0.72342166E+02  0.72307524E+02  0.72266042E+02
  0.72217858E+02  0.72163127E+02  0.72101977E+02  0.72034545E+02  0.71960986E+02
  0.71881425E+02  0.71796020E+02  0.71704864E+02  0.71608067E+02  0.71505738E+02
  0.71397998E+02  0.71284979E+02  0.71166799E+02  0.71043627E+02
  0.10000000E+01  0.27960727E+01  0.44494769E+01  0.59894204E+01  0.74502143E+01
  0.88555151E+01  0.10238580E+02  0.11621117E+02  0.13004199E+02  0.14383673E+02
  0.15754070E+02  0.17110726E+02  0.18450885E+02  0.19773416E+02  0.21078131E+02
  0.22365463E+02  0.23636066E+02  0.24890441E+02  0.26128776E+02  0.27351156E+02
  0.28557409E+02  0.29747277E+02  0.30920610E+02  0.32077278E+02  0.33217023E+02
  0.34339799E+02  0.35445533E+02  0.36534381E+02  0.37606391E+02  0.38661822E+02
  0.39700846E+02  0.40723661E+02  0.41730368E+02  0.42721072E+02  0.43695867E+02
  0.44654863E+02  0.45598126E+02  0.46525742E+02  0.47437753E+02  0.48334240E+02
  0.49215271E+02  0.50080942E+02  0.50931359E+02  0.51766643E+02  0.52586977E+02
  0.53392438E+02  0.54183162E+02  0.54959259E+02  0.55720796E+02  0.56467861E+02
  0.57200609E+02  0.57919123E+02  0.58623508E+02  0.59313844E+02  0.59990231E+02
  0.60652758E+02  0.61301558E+02  0.61936745E+02  0.62558476E+02  0.63166864E+02
  0.63762031E+02  0.64344048E+02  0.64913023E+02  0.65469059E+02  0.66012296E+02
  0.66542828E+02  0.67060781E+02  0.67566215E+02  0.68059264E+02  0.68540054E+02
  0.69008723E+02  0.69465369E+02  0.69910099E+02  0.70343014E+02  0.70764206E+02
  0.71173746E+02  0.71571758E+02  0.71958332E+02  0.72333595E+02  0.72697661E+02
  0.73050650E+02  0.73392668E+02  0.73723822E+02  0.74044235E+02  0.74354034E+02
  0.74653342E+02  0.74942317E+02  0.75221092E+02  0.75489795E+02  0.75748534E+02
  0.75997407E+02  0.76236523E+02  0.76466007E+02  0.76685964E+02  0.76896525E+02
  0.77097761E+02  0.77289773E+02  0.77472679E+02  0.77646621E+02  0.77811733E+02
  0.77968160E+02  0.78116054E+02  0.78255506E+02  0.78386633E+02  0.78509548E+02
  0.78624362E+02  0.78731214E+02  0.78830249E+02  0.78921581E+02  0.79005314E+02
  0.79081559E+02  0.79150411E+02  0.79212002E+02  0.79266417E+02  0.79313766E+02
  0.79354176E+02  0.79387794E+02  0.79414741E+02  0.79435137E+02  0.79449081E+02
  0.79456687E+02  0.79458064E+02  0.79453321E+02  0.79442560E+02  0.79425873E+02
  0.79403328E+02  0.79375035E+02  0.79341115E+02  0.79301710E+02
  0.10000000E+01  0.28060687E+01  0.44748274E+01  0.60345859E+01  0.75185779E+01
  0.89496373E+01  0.10359337E+02  0.11768489E+02  0.13178483E+02  0.14585438E+02
  0.15984192E+02  0.17370335E+02  0.18741268E+02  0.20095906E+02  0.21434071E+02
  0.22756148E+02  0.24062739E+02  0.25354309E+02  0.26631047E+02  0.27893033E+02
  0.29140085E+02  0.30371950E+02  0.31588435E+02  0.32789386E+02  0.33974551E+02
  0.35143845E+02  0.36297206E+02  0.37434753E+02  0.38556511E+02  0.39662713E+02
  0.40753529E+02  0.41829128E+02  0.42889639E+02  0.43935151E+02  0.44965749E+02
  0.45981523E+02  0.46982513E+02  0.47968776E+02  0.48940357E+02  0.49897310E+02
  0.50839698E+02  0.51767573E+02  0.52681033E+02  0.53580197E+02  0.54465230E+02
  0.55336205E+02  0.56193243E+02  0.57036420E+02  0.57865801E+02  0.58681475E+02
  0.59483597E+02  0.60272219E+02  0.61047424E+02  0.61809272E+02  0.62557847E+02
  0.63293227E+02  0.64015530E+02  0.64724846E+02  0.65421294E+02  0.66104954E+02
  0.66775940E+02  0.67434326E+02  0.68080228E+02  0.68713729E+02  0.69334942E+02
  0.69943939E+02  0.70540826E+02  0.71125660E+02  0.71698564E+02  0.72259625E+02
  0.72808938E+02  0.73346595E+02  0.73872705E+02  0.74387335E+02  0.74890584E+02
  0.75382501E+02  0.75863194E+02  0.76332759E+02  0.76791293E+02  0.77238868E+02
  0.77675597E+02  0.78101578E+02  0.78516896E+02  0.78921660E+02  0.79315990E+02
  0.79699956E+02  0.80073677E+02  0.80437250E+02  0.80790804E+02  0.81134452E+02
  0.81468297E+02  0.81792438E+02  0.82106966E+02  0.82411964E+02  0.82707534E+02
  0.82993745E+02  0.83270706E+02  0.83538502E+02  0.83797246E+02  0.84047028E+02
  0.84287955E+02  0.84520135E+02  0.84743697E+02  0.84958747E+02  0.85165384E+02
  0.85363690E+02  0.85553806E+02  0.85735843E+02  0.85909914E+02  0.86076109E+02
  0.86234498E+02  0.86385180E+02  0.86528271E+02  0.86663858E+02  0.86792031E+02
  0.86912874E+02  0.87026506E+02  0.87133014E+02  0.87232503E+02  0.87325093E+02
  0.87410898E+02  0.87490014E+02  0.87562538E+02  0.87628542E+02  0.87688113E+02
  0.87741313E+02  0.87788253E+02  0.87829028E+02  0.87863759E+02
  0.10000000E+01  0.28119630E+01  0.44906865E+01  0.60634848E+01  0.75633441E+01
  0.90122412E+01  0.10440266E+02  0.11867145E+02  0.13294405E+02  0.14718442E+02
  0.16134438E+02  0.17538345E+02  0.18927821E+02  0.20301848E+02  0.21660303E+02
  0.23003534E+02  0.24332130E+02  0.25646500E+02  0.26946834E+02  0.28233160E+02
  0.29505362E+02  0.30763157E+02  0.32006427E+02  0.33235007E+02  0.34448679E+02
  0.35647353E+02  0.36830996E+02  0.37999697E+02  0.39153514E+02  0.40292659E+02
  0.41417307E+02  0.42527632E+02  0.43623777E+02  0.44705829E+02  0.45773858E+02
  0.46827929E+02  0.47868099E+02  0.48894408E+02  0.49906913E+02  0.50905685E+02
  0.51890769E+02  0.52862205E+02  0.53820087E+02  0.54764530E+02  0.55695722E+02
  0.56613740E+02  0.57518696E+02  0.58410658E+02  0.59289682E+02  0.60155819E+02
  0.61009245E+02  0.61850010E+02  0.62678200E+02  0.63493866E+02  0.64297081E+02
  0.65087916E+02  0.65866490E+02  0.66632878E+02  0.67387199E+02  0.68129523E+02
  0.68859967E+02  0.69578578E+02  0.70285483E+02  0.70980752E+02  0.71664476E+02
  0.72336730E+02  0.72997582E+02  0.73647106E+02  0.74285423E+02  0.74912622E+02
  0.75528805E+02  0.76134029E+02  0.76728384E+02  0.77311915E+02  0.77884725E+02
  0.78446851E+02  0.78998393E+02  0.79539408E+02  0.80069996E+02  0.80590240E+02
  0.81100228E+02  0.81600050E+02  0.82089816E+02  0.82569600E+02  0.83039504E+02
  0.83499591E+02  0.83949971E+02  0.84390737E+02  0.84822001E+02  0.85243834E+02
  0.85656300E+02  0.86059469E+02  0.86453452E+02  0.86838312E+02  0.87214163E+02
  0.87581066E+02  0.87939122E+02  0.88288387E+02  0.88628951E+02  0.88960912E+02
  0.89284382E+02  0.89599449E+02  0.89906228E+02  0.90204783E+02  0.90495173E+02
  0.90777462E+02  0.91051784E+02  0.91318240E+02  0.91576936E+02  0.91827951E+02
  0.92071347E+02  0.92307205E+02  0.92535613E+02  0.92756654E+02  0.92970431E+02
  0.93177006E+02  0.93376461E+02  0.93568877E+02  0.93754339E+02  0.93932954E+02
  0.94104813E+02  0.94270016E+02  0.94428633E+02  0.94580715E+02  0.94726340E+02
  0.94865575E+02  0.94998498E+02  0.95125188E+02  0.95245739E+02
  0.10000000E+01  0.28177243E+01  0.45058822E+01  0.60910490E+01  0.76055689E+01
  0.90707271E+01  0.10515466E+02  0.11958830E+02  0.13402497E+02  0.14843075E+02
  0.16276011E+02  0.17697493E+02  0.19105336E+02  0.20498560E+02  0.21877048E+02
  0.23241119E+02  0.24591322E+02  0.25928039E+02  0.27251442E+02  0.28561535E+02
  0.29858206E+02  0.31141173E+02  0.32410321E+02  0.33665467E+02  0.34906408E+02
  0.36133047E+02  0.37345350E+02  0.38543393E+02  0.39727231E+02  0.40897054E+02
  0.42053025E+02  0.43195300E+02  0.44324021E+02  0.45439260E+02  0.46541091E+02
  0.47629575E+02  0.48704758E+02  0.49766672E+02  0.50815390E+02  0.51850952E+02
  0.52873404E+02  0.53882784E+02  0.54879163E+02  0.55862641E+02  0.56833400E+02
  0.57791503E+02  0.58737067E+02  0.59670153E+02  0.60590812E+02  0.61499104E+02
  0.62395178E+02  0.63279080E+02  0.64150907E+02  0.65010702E+02  0.65858534E+02
  0.66694447E+02  0.67518554E+02  0.68330913E+02  0.69131657E+02  0.69920862E+02
  0.70698625E+02  0.71464991E+02  0.72220044E+02  0.72963837E+02  0.73696478E+02
  0.74418032E+02  0.75128588E+02  0.75828187E+02  0.76516944E+02  0.77194933E+02
  0.77862263E+02  0.78518982E+02  0.79165180E+02  0.79800907E+02  0.80426230E+02
  0.81041193E+02  0.81645900E+02  0.82240406E+02  0.82824816E+02  0.83399175E+02
  0.83963572E+02  0.84518077E+02  0.85062779E+02  0.85597747E+02  0.86123097E+02
  0.86638868E+02  0.87145163E+02  0.87642060E+02  0.88129673E+02  0.88608089E+02
  0.89077373E+02  0.89537591E+02  0.89988846E+02  0.90431182E+02  0.90864699E+02
  0.91289446E+02  0.91705504E+02  0.92112940E+02  0.92511827E+02  0.92902233E+02
  0.93284266E+02  0.93658014E+02  0.94023569E+02  0.94381007E+02  0.94730408E+02
  0.95071831E+02  0.95405385E+02  0.95731164E+02  0.96049283E+02  0.96359795E+02
  0.96662773E+02  0.96958272E+02  0.97246364E+02  0.97527118E+02  0.97800622E+02
  0.98066945E+02  0.98326183E+02  0.98578384E+02  0.98823639E+02  0.99062034E+02
  0.99293664E+02  0.99518609E+02  0.99736949E+02  0.99948745E+02  0.10015405E+03
  0.10035294E+03  0.10054546E+03  0.10073170E+03  0.10091174E+03
  0.10000000E+01  0.28212565E+01  0.45159282E+01  0.61097754E+01  0.76349473E+01
  0.91120621E+01  0.10569042E+02  0.12024156E+02  0.13479111E+02  0.14930717E+02
  0.16374695E+02  0.17807523E+02  0.19227205E+02  0.20632834E+02  0.22024314E+02
  0.23401930E+02  0.24766223E+02  0.26117515E+02  0.27455977E+02  0.28781581E+02
  0.30094250E+02  0.31393689E+02  0.32679844E+02  0.33952541E+02  0.35211602E+02
  0.36456946E+02  0.37688537E+02  0.38906431E+02  0.40110693E+02  0.41301498E+02
  0.42479014E+02  0.43643403E+02  0.44794827E+02  0.45933342E+02  0.47059030E+02
  0.48171930E+02  0.49272092E+02  0.50359565E+02  0.51434436E+02  0.52496729E+02
  0.53546496E+02  0.54583760E+02  0.55608600E+02  0.56621110E+02  0.57621487E+02
  0.58609775E+02  0.59586083E+02  0.60550469E+02  0.61502995E+02  0.62443722E+02
  0.63372816E+02  0.64290314E+02  0.65196292E+02  0.66090792E+02  0.66973885E+02
  0.67845629E+02  0.68706135E+02  0.69555447E+02  0.70393685E+02  0.71220917E+02
  0.72037244E+02  0.72842699E+02  0.73637388E+02  0.74421364E+02  0.75194721E+02
  0.75957508E+02  0.76709821E+02  0.77451702E+02  0.78183277E+02  0.78904608E+02
  0.79615807E+02  0.80316900E+02  0.81007953E+02  0.81689020E+02  0.82360181E+02
  0.83021492E+02  0.83673037E+02  0.84314864E+02  0.84947066E+02  0.85569671E+02
  0.86182776E+02  0.86786462E+02  0.87380830E+02  0.87965909E+02  0.88541786E+02
  0.89108537E+02  0.89666246E+02  0.90214991E+02  0.90754882E+02  0.91285973E+02
  0.91808340E+02  0.92322016E+02  0.92827110E+02  0.93323691E+02  0.93811833E+02
  0.94291593E+02  0.94763035E+02  0.95226204E+02  0.95681205E+02  0.96128111E+02
  0.96567021E+02  0.96998005E+02  0.97421126E+02  0.97836464E+02  0.98244095E+02
  0.98644044E+02  0.99036430E+02  0.99421318E+02  0.99798809E+02  0.10016896E+03
  0.10053184E+03  0.10088752E+03  0.10123607E+03  0.10157754E+03  0.10191202E+03
  0.10223955E+03  0.10256021E+03  0.10287408E+03  0.10318124E+03  0.10348175E+03
  0.10377573E+03  0.10406322E+03  0.10434429E+03  0.10461896E+03  0.10488730E+03
  0.10514936E+03  0.10540522E+03  0.10565495E+03  0.10589864E+03
  0.10000000E+01  0.28293547E+01  0.45369388E+01  0.61477025E+01  0.76926006E+01
  0.91914724E+01  0.10670894E+02  0.12148467E+02  0.13626116E+02  0.15100876E+02
  0.16568738E+02  0.18026400E+02  0.19471999E+02  0.20904664E+02  0.22324285E+02
  0.23731118E+02  0.25125634E+02  0.26508134E+02  0.27878752E+02  0.29237448E+02
  0.30584093E+02  0.31918408E+02  0.33240298E+02  0.34549573E+02  0.35846052E+02
  0.37129641E+02  0.38400297E+02  0.39658040E+02  0.40902913E+02  0.42135071E+02
  0.43354655E+02  0.44561808E+02  0.45756702E+02  0.46939377E+02  0.48109884E+02
  0.49268245E+02  0.50414494E+02  0.51548652E+02  0.52670809E+02  0.53780982E+02
  0.54879210E+02  0.55965509E+02  0.57039930E+02  0.58102549E+02  0.59153548E+02
  0.60192966E+02  0.61220905E+02  0.62237419E+02  0.63242557E+02  0.64236371E+02
  0.65219009E+02  0.66190499E+02  0.67150916E+02  0.68100294E+02  0.69038677E+02
  0.69966120E+02  0.70882708E+02  0.71788461E+02  0.72683502E+02  0.73567888E+02
  0.74441726E+02  0.75305033E+02  0.76157882E+02  0.77000322E+02  0.77832456E+02
  0.78654324E+02  0.79466018E+02  0.80267570E+02  0.81059069E+02  0.81840578E+02
  0.82612193E+02  0.83373939E+02  0.84125899E+02  0.84868102E+02  0.85600614E+02
  0.86323466E+02  0.87036738E+02  0.87740488E+02  0.88434812E+02  0.89119737E+02
  0.89795349E+02  0.90461680E+02  0.91118830E+02  0.91766834E+02  0.92405787E+02
  0.93035731E+02  0.93656754E+02  0.94268908E+02  0.94872293E+02  0.95466957E+02
  0.96052991E+02  0.96630438E+02  0.97199381E+02  0.97759859E+02  0.98311953E+02
  0.98855704E+02  0.99391187E+02  0.99918449E+02  0.10043757E+03  0.10094862E+03
  0.10145166E+03  0.10194676E+03  0.10243402E+03  0.10291346E+03  0.10338517E+03
  0.10384918E+03  0.10430558E+03  0.10475445E+03  0.10519587E+03  0.10562991E+03
  0.10605662E+03  0.10647604E+03  0.10688825E+03  0.10729330E+03  0.10769129E+03
  0.10808225E+03  0.10846624E+03  0.10884334E+03  0.10921363E+03  0.10957715E+03
  0.10993401E+03  0.11028427E+03  0.11062797E+03  0.11096515E+03  0.11129586E+03
  0.11162014E+03  0.11193808E+03  0.11224976E+03  0.11255521E+03
  0.10000000E+01  0.28300749E+01  0.45398278E+01  0.61533881E+01  0.77025042E+01
  0.92064909E+01  0.10691123E+02  0.12173125E+02  0.13654406E+02  0.15132198E+02
  0.16602759E+02  0.18063097E+02  0.19511581E+02  0.20947428E+02  0.22370619E+02
  0.23781360E+02  0.25180172E+02  0.26567262E+02  0.27942815E+02  0.29306751E+02
  0.30659069E+02  0.31999448E+02  0.33327912E+02  0.34644253E+02  0.35948333E+02
  0.37240074E+02  0.38519481E+02  0.39786569E+02  0.41041406E+02  0.42284136E+02
  0.43514908E+02  0.44733884E+02  0.45941236E+02  0.47137007E+02  0.48321271E+02
  0.49494026E+02  0.50655320E+02  0.51805190E+02  0.52943756E+02  0.54071030E+02
  0.55187058E+02  0.56291848E+02  0.57385443E+02  0.58467919E+02  0.59539473E+02
  0.60600143E+02  0.61650052E+02  0.62689237E+02  0.63717736E+02  0.64735591E+02
  0.65742937E+02  0.66739820E+02  0.67726334E+02  0.68702487E+02  0.69668354E+02
  0.70623978E+02  0.71569433E+02  0.72504725E+02  0.73429976E+02  0.74345233E+02
  0.75250611E+02  0.76146133E+02  0.77031887E+02  0.77907898E+02  0.78774254E+02
  0.79630987E+02  0.80478180E+02  0.81315883E+02  0.82144194E+02  0.82963173E+02
  0.83772905E+02  0.84573396E+02  0.85364692E+02  0.86146826E+02  0.86919876E+02
  0.87683856E+02  0.88438874E+02  0.89184950E+02  0.89922155E+02  0.90650519E+02
  0.91370121E+02  0.92081011E+02  0.92783285E+02  0.93476995E+02  0.94162206E+02
  0.94838941E+02  0.95507284E+02  0.96167270E+02  0.96819006E+02  0.97462530E+02
  0.98097907E+02  0.98725162E+02  0.99344381E+02  0.99955583E+02  0.10055884E+03
  0.10115420E+03  0.10174174E+03  0.10232148E+03  0.10289352E+03  0.10345792E+03
  0.10401475E+03  0.10456406E+03  0.10510592E+03  0.10564034E+03  0.10616739E+03
  0.10668711E+03  0.10719960E+03  0.10770488E+03  0.10820305E+03  0.10869414E+03
  0.10917819E+03  0.10965528E+03  0.11012547E+03  0.11058880E+03  0.11104534E+03
  0.11149512E+03  0.11193822E+03  0.11237470E+03  0.11280464E+03  0.11322807E+03
  0.11364507E+03  0.11405567E+03  0.11445991E+03  0.11485781E+03  0.11524945E+03
  0.11563486E+03  0.11601408E+03  0.11638715E+03  0.11675416E+03
  0.10000000E+01  0.28286097E+01  0.45370280E+01  0.61489593E+01  0.76968185E+01
  0.91997107E+01  0.10683167E+02  0.12163466E+02  0.13642425E+02  0.15117336E+02
  0.16584596E+02  0.18041361E+02  0.19486132E+02  0.20918172E+02  0.22337512E+02
  0.23744361E+02  0.25139283E+02  0.26522431E+02  0.27894011E+02  0.29253916E+02
  0.30602202E+02  0.31938519E+02  0.33262999E+02  0.34575430E+02  0.35875705E+02
  0.37163764E+02  0.38439620E+02  0.39703297E+02  0.40954895E+02  0.42194564E+02
  0.43422491E+02  0.44638829E+02  0.45843780E+02  0.47037381E+02  0.48219710E+02
  0.49390784E+02  0.50550658E+02  0.51699359E+02  0.52837016E+02  0.53963632E+02
  0.55079272E+02  0.56183966E+02  0.57277748E+02  0.58360705E+02  0.59433033E+02
  0.60494757E+02  0.61546007E+02  0.62586830E+02  0.63617293E+02  0.64637454E+02
  0.65647441E+02  0.66647300E+02  0.67637133E+02  0.68616948E+02  0.69586838E+02
  0.70546842E+02  0.71497028E+02  0.72437408E+02  0.73368098E+02  0.74289159E+02
  0.75200696E+02  0.76102736E+02  0.76995361E+02  0.77878581E+02  0.78752496E+02
  0.79617157E+02  0.80472656E+02  0.81319043E+02  0.82156415E+02  0.82984797E+02
  0.83804289E+02  0.84614920E+02  0.85416749E+02  0.86209815E+02  0.86994222E+02
  0.87769956E+02  0.88537075E+02  0.89295628E+02  0.90045682E+02  0.90787274E+02
  0.91520502E+02  0.92245391E+02  0.92962017E+02  0.93670407E+02  0.94370650E+02
  0.95062786E+02  0.95746898E+02  0.96423032E+02  0.97091268E+02  0.97751650E+02
  0.98404239E+02  0.99049065E+02  0.99686223E+02  0.10031575E+03  0.10093773E+03
  0.10155216E+03  0.10215913E+03  0.10275867E+03  0.10335085E+03  0.10393571E+03
  0.10451336E+03  0.10508383E+03  0.10564717E+03  0.10620342E+03  0.10675261E+03
  0.10729480E+03  0.10783005E+03  0.10835843E+03  0.10888003E+03  0.10939488E+03
  0.10990305E+03  0.11040455E+03  0.11089949E+03  0.11138789E+03  0.11186981E+03
  0.11234529E+03  0.11281438E+03  0.11327715E+03  0.11373364E+03  0.11418392E+03
  0.11462805E+03  0.11506606E+03  0.11549799E+03  0.11592386E+03  0.11634373E+03
  0.11675765E+03  0.11716567E+03  0.11756784E+03  0.11796422E+03
  0.10000000E+01  0.28356742E+01  0.45556862E+01  0.61829002E+01  0.77486765E+01
  0.92714020E+01  0.10775372E+02  0.12276196E+02  0.13775828E+02  0.15271753E+02
  0.16760622E+02  0.18239805E+02  0.19707930E+02  0.21164290E+02  0.22608905E+02
  0.24041952E+02  0.25463932E+02  0.26874973E+02  0.28275262E+02  0.29664684E+02
  0.31043259E+02  0.32410639E+02  0.33766930E+02  0.35111906E+02  0.36445465E+02
  0.37767553E+02  0.39078179E+02  0.40377332E+02  0.41665081E+02  0.42941545E+02
  0.44206888E+02  0.45461265E+02  0.46704872E+02  0.47937745E+02  0.49159942E+02
  0.50371452E+02  0.51572308E+02  0.52762554E+02  0.53942307E+02  0.55111583E+02
  0.56270429E+02  0.57418837E+02  0.58556850E+02  0.59684523E+02  0.60802060E+02
  0.61909489E+02  0.63006903E+02  0.64094331E+02  0.65171843E+02  0.66239472E+02
  0.67297375E+02  0.68345585E+02  0.69384187E+02  0.70413178E+02  0.71432617E+02
  0.72442530E+02  0.73443004E+02  0.74434044E+02  0.75415769E+02  0.76388227E+02
  0.77351508E+02  0.78305637E+02  0.79250686E+02  0.80186668E+02  0.81113657E+02
  0.82031686E+02  0.82940835E+02  0.83841132E+02  0.84732682E+02  0.85615528E+02
  0.86489762E+02  0.87355376E+02  0.88212425E+02  0.89060917E+02  0.89900949E+02
  0.90732543E+02  0.91555787E+02  0.92370715E+02  0.93177387E+02  0.93975804E+02
  0.94766037E+02  0.95548110E+02  0.96322105E+02  0.97088044E+02  0.97846011E+02
  0.98596024E+02  0.99338153E+02  0.10007244E+03  0.10079897E+03  0.10151778E+03
  0.10222894E+03  0.10293248E+03  0.10362847E+03  0.10431694E+03  0.10499796E+03
  0.10567156E+03  0.10633778E+03  0.10699665E+03  0.10764822E+03  0.10829253E+03
  0.10892968E+03  0.10955968E+03  0.11018262E+03  0.11079852E+03  0.11140744E+03
  0.11200940E+03  0.11260448E+03  0.11319272E+03  0.11377420E+03  0.11434894E+03
  0.11491702E+03  0.11547846E+03  0.11603333E+03  0.11658164E+03  0.11712346E+03
  0.11765881E+03  0.11818775E+03  0.11871033E+03  0.11922662E+03  0.11973666E+03
  0.12024051E+03  0.12073821E+03  0.12122982E+03  0.12171532E+03  0.12219479E+03
  0.12266822E+03  0.12313568E+03  0.12359722E+03  0.12405289E+03
  0.10000000E+01  0.28271036E+01  0.45354539E+01  0.61476977E+01  0.76971776E+01
  0.92025061E+01  0.10688592E+02  0.12170753E+02  0.13650571E+02  0.15125427E+02
  0.16591976E+02  0.18047637E+02  0.19491176E+02  0.20921925E+02  0.22340016E+02
  0.23745623E+02  0.25139374E+02  0.26521305E+02  0.27891676E+02  0.29250336E+02
  0.30597474E+02  0.31932693E+02  0.33256280E+02  0.34568008E+02  0.35867825E+02
  0.37155710E+02  0.38431732E+02  0.39695921E+02  0.40948394E+02  0.42189308E+02
  0.43418871E+02  0.44637253E+02  0.45844666E+02  0.47041184E+02  0.48226900E+02
  0.49401820E+02  0.50566016E+02  0.51719537E+02  0.52862520E+02  0.53994988E+02
  0.55117029E+02  0.56228656E+02  0.57329920E+02  0.58420891E+02  0.59501788E+02
  0.60572638E+02  0.61633596E+02  0.62684692E+02  0.63726030E+02  0.64757673E+02
  0.65779768E+02  0.66792359E+02  0.67795569E+02  0.68789397E+02  0.69773932E+02
  0.70749220E+02  0.71715338E+02  0.72672317E+02  0.73620277E+02  0.74559285E+02
  0.75489445E+02  0.76410786E+02  0.77323369E+02  0.78227223E+02  0.79122449E+02
  0.80009100E+02  0.80887298E+02  0.81757083E+02  0.82618567E+02  0.83471797E+02
  0.84316850E+02  0.85153727E+02  0.85982480E+02  0.86803152E+02  0.87615828E+02
  0.88420541E+02  0.89217391E+02  0.90006412E+02  0.90787663E+02  0.91561168E+02
  0.92326993E+02  0.93085177E+02  0.93835811E+02  0.94578924E+02  0.95314610E+02
  0.96042898E+02  0.96763879E+02  0.97477593E+02  0.98184131E+02  0.98883532E+02
  0.99575861E+02  0.10026113E+03  0.10093943E+03  0.10161079E+03  0.10227529E+03
  0.10293295E+03  0.10358383E+03  0.10422797E+03  0.10486542E+03  0.10549625E+03
  0.10612054E+03  0.10673832E+03  0.10734968E+03  0.10795464E+03  0.10855325E+03
  0.10914554E+03  0.10973156E+03  0.11031139E+03  0.11088512E+03  0.11145277E+03
  0.11201442E+03  0.11257007E+03  0.11311976E+03  0.11366354E+03  0.11420146E+03
  0.11473358E+03  0.11525996E+03  0.11578063E+03  0.11629566E+03  0.11680509E+03
  0.11730901E+03  0.11780745E+03  0.11830046E+03  0.11878804E+03  0.11927022E+03
  0.11974700E+03  0.12021849E+03  0.12068471E+03  0.12114572E+03
   128
  0.10000000E+01  0.26368933E+01  0.37944950E+01  0.45124504E+01  0.48976509E+01
  0.50247491E+01  0.49726241E+01  0.47929666E+01  0.45315027E+01  0.42066083E+01
  0.38344990E+01  0.34310236E+01  0.30163029E+01  0.26072053E+01  0.22157302E+01
  0.18510893E+01  0.15234587E+01  0.12378156E+01  0.10003152E+01  0.80663198E+00
  0.65159677E+00  0.52581243E+00  0.42459583E+00  0.34353241E+00  0.27877513E+00
  0.22660857E+00  0.18414961E+00  0.14934439E+00  0.12074125E+00  0.97014345E-01
  0.77027912E-01  0.59985408E-01  0.45674740E-01  0.34188247E-01  0.25390711E-01
  0.18781377E-01  0.13836596E-01  0.10204925E-01  0.76300014E-02  0.58754642E-02
  0.47236376E-02  0.39922457E-02  0.35065617E-02  0.31301857E-02  0.27815677E-02
  0.24182328E-02  0.20105600E-02  0.15631227E-02  0.11120131E-02  0.69138760E-03
  0.33041743E-03  0.31507674E-04 -0.17939141E-03  0.00000000E+00  0.00000000E+00
  0.00000000E+00  0.00000000E+00  0.00000000E+00  0.00000000E+00  0.00000000E+00
  0.00000000E+00  0.00000000E+00  0.00000000E+00  0.00000000E+00  0.00000000E+00
  0.00000000E+00  0.00000000E+00  0.00000000E+00  0.00000000E+00  0.00000000E+00
  0.00000000E+00  0.00000000E+00  0.00000000E+00  0.00000000E+00  0.00000000E+00
  0.00000000E+00  0.00000000E+00  0.00000000E+00  0.00000000E+00  0.00000000E+00
  0.00000000E+00  0.00000000E+00  0.00000000E+00  0.00000000E+00  0.00000000E+00
  0.00000000E+00  0.00000000E+00  0.00000000E+00  0.00000000E+00  0.00000000E+00
  0.00000000E+00  0.00000000E+00  0.00000000E+00  0.00000000E+00  0.00000000E+00
  0.00000000E+00  0.00000000E+00  0.00000000E+00  0.00000000E+00  0.00000000E+00
  0.00000000E+00  0.00000000E+00  0.00000000E+00  0.00000000E+00  0.00000000E+00
  0.00000000E+00  0.00000000E+00  0.00000000E+00  0.00000000E+00  0.00000000E+00
  0.00000000E+00  0.00000000E+00  0.00000000E+00  0.00000000E+00  0.00000000E+00
  0.00000000E+00  0.00000000E+00  0.00000000E+00  0.00000000E+00  0.00000000E+00
  0.00000000E+00  0.00000000E+00  0.00000000E+00  0.00000000E+00  0.00000000E+00
  0.00000000E+00  0.00000000E+00  0.00000000E+00  0.00000000E+00
  0.10000000E+01  0.26957339E+01  0.40017624E+01  0.49653381E+01  0.56686805E+01
  0.61602250E+01  0.64818346E+01  0.66595827E+01  0.67191890E+01  0.66718049E+01
  0.65304534E+01  0.63066507E+01  0.60169095E+01  0.56765394E+01  0.52990962E+01
  0.48988793E+01  0.44910428E+01  0.40878682E+01  0.37025766E+01  0.33389624E+01
  0.29999724E+01  0.26835401E+01  0.23903974E+01  0.21198679E+01  0.18717144E+01
  0.16451969E+01  0.14397280E+01  0.12543873E+01  0.10885713E+01  0.94113731E+00
  0.81084417E+00  0.69617541E+00  0.59597862E+00  0.50908639E+00  0.43420650E+00
  0.36980843E+00  0.31453371E+00  0.26714858E+00  0.22660802E+00  0.19190981E+00
  0.16217268E+00  0.13664205E+00  0.11466461E+00  0.95705633E-01  0.79356062E-01
  0.65323680E-01  0.53365696E-01  0.43255849E-01  0.34791124E-01  0.27758282E-01
  0.21939022E-01  0.17136220E-01  0.13198628E-01  0.10022498E-01  0.75209549E-02
  0.56297631E-02  0.42510551E-02  0.32803993E-02  0.26202129E-02  0.21556101E-02
  0.18044795E-02  0.15393223E-02  0.13100850E-02  0.10996666E-02  0.90039243E-03
  0.70784418E-03  0.54619629E-03  0.41436243E-03  0.30647473E-03  0.23051483E-03
  0.18073699E-03  0.15847766E-03  0.14712339E-03  0.13952965E-03  0.12644180E-03
  0.11934206E-03  0.13683441E-03  0.16276626E-03  0.18864463E-03  0.23508701E-03
  0.29618318E-03  0.33540219E-03  0.33605657E-03  0.29973100E-03  0.25462865E-03
  0.21106578E-03  0.16445633E-03  0.11678075E-03  0.80279145E-04  0.58230317E-04
  0.24279106E-04 -0.51326478E-04  0.00000000E+00  0.00000000E+00  0.00000000E+00
  0.00000000E+00  0.00000000E+00  0.00000000E+00  0.00000000E+00  0.00000000E+00
  0.00000000E+00  0.00000000E+00  0.00000000E+00  0.00000000E+00  0.00000000E+00
  0.00000000E+00  0.00000000E+00  0.00000000E+00  0.00000000E+00  0.00000000E+00
  0.00000000E+00  0.00000000E+00  0.00000000E+00  0.00000000E+00  0.00000000E+00
  0.00000000E+00  0.00000000E+00  0.00000000E+00  0.00000000E+00  0.00000000E+00
  0.00000000E+00  0.00000000E+00  0.00000000E+00  0.00000000E+00  0.00000000E+00
  0.00000000E+00  0.00000000E+00  0.00000000E+00  0.00000000E+00
  0.10000000E+01  0.27399571E+01  0.41521562E+01  0.52784073E+01  0.61877533E+01
  0.69194695E+01  0.75016235E+01  0.79496395E+01  0.82786101E+01  0.84956253E+01
  0.86108928E+01  0.86320645E+01  0.85706942E+01  0.84363175E+01  0.82386665E+01
  0.79881852E+01  0.76965271E+01  0.73739993E+01  0.70322846E+01  0.66773890E+01
  0.63153646E+01  0.59489829E+01  0.55828313E+01  0.52200033E+01  0.48639393E+01
  0.45174363E+01  0.41830661E+01  0.38626429E+01  0.35581524E+01  0.32706749E+01
  0.30009829E+01  0.27491097E+01  0.25151508E+01  0.22987749E+01  0.20993149E+01
  0.19157287E+01  0.17470171E+01  0.15920854E+01  0.14499198E+01  0.13194884E+01
  0.11998894E+01  0.10902558E+01  0.98977405E+00  0.89773073E+00  0.81350801E+00
  0.73656121E+00  0.66641457E+00  0.60258441E+00  0.54455602E+00  0.49188942E+00
  0.44409093E+00  0.40074802E+00  0.36146903E+00  0.32590958E+00  0.29374658E+00
  0.26467546E+00  0.23840181E+00  0.21465225E+00  0.19317175E+00  0.17373593E+00
  0.15615160E+00  0.14023364E+00  0.12583130E+00  0.11281640E+00  0.10107618E+00
  0.90512421E-01  0.80998268E-01  0.72436664E-01  0.64739170E-01  0.57813254E-01
  0.51606363E-01  0.46041316E-01  0.41051769E-01  0.36573391E-01  0.32579858E-01
  0.29025606E-01  0.25850423E-01  0.23011771E-01  0.20456944E-01  0.18167660E-01
  0.16116370E-01  0.14282863E-01  0.12651938E-01  0.11229073E-01  0.10004846E-01
  0.89536398E-02  0.80488627E-02  0.72500184E-02  0.65354186E-02  0.58936474E-02
  0.53080904E-02  0.47673409E-02  0.42537369E-02  0.37709201E-02  0.33348053E-02
  0.29524102E-02  0.26318410E-02  0.23732774E-02  0.21737425E-02  0.20167090E-02
  0.18775485E-02  0.16984872E-02  0.14711540E-02  0.12280211E-02  0.10081586E-02
  0.83507999E-03  0.70012096E-03  0.58305606E-03  0.48453257E-03  0.39713375E-03
  0.34047410E-03  0.28202191E-03  0.22488751E-03  0.17076555E-03  0.10362816E-03
  0.61085923E-04  0.55777890E-04  0.10588657E-03  0.22133618E-03  0.38330049E-03
  0.55704467E-03  0.72515688E-03  0.84762682E-03  0.88921014E-03  0.86247765E-03
  0.77859531E-03  0.66384976E-03  0.55541856E-03  0.45822599E-03
  0.10000000E+01  0.27724092E+01  0.42632375E+01  0.55057381E+01  0.65593697E+01
  0.74589412E+01  0.82288583E+01  0.88811496E+01  0.94261208E+01  0.98683044E+01
  0.10215140E+02  0.10472153E+02  0.10647907E+02  0.10748824E+02  0.10781713E+02
  0.10753155E+02  0.10670616E+02  0.10540555E+02  0.10370736E+02  0.10165623E+02
  0.99301434E+01  0.96674717E+01  0.93822824E+01  0.90784118E+01  0.87601150E+01
  0.84313064E+01  0.80957846E+01  0.77568048E+01  0.74177475E+01  0.70812283E+01
  0.67495999E+01  0.64245247E+01  0.61076390E+01  0.58000914E+01  0.55026525E+01
  0.52156789E+01  0.49395010E+01  0.46742016E+01  0.44197474E+01  0.41760249E+01
  0.39429068E+01  0.37201887E+01  0.35075930E+01  0.33048395E+01  0.31116600E+01
  0.29277824E+01  0.27529755E+01  0.25869921E+01  0.24294870E+01  0.22801695E+01
  0.21386379E+01  0.20045896E+01  0.18776759E+01  0.17575926E+01  0.16440205E+01
  0.15366889E+01  0.14353440E+01  0.13397388E+01  0.12496512E+01  0.11648564E+01
  0.10851223E+01  0.10102173E+01  0.93992609E+00  0.87402818E+00  0.81228799E+00
  0.75447691E+00  0.70038769E+00  0.64981532E+00  0.60257525E+00  0.55847927E+00
  0.51731055E+00  0.47890012E+00  0.44307319E+00  0.40967446E+00  0.37857932E+00
  0.34961963E+00  0.32266252E+00  0.29756343E+00  0.27418981E+00  0.25243496E+00
  0.23218852E+00  0.21334071E+00  0.19580085E+00  0.17949821E+00  0.16436242E+00
  0.15034257E+00  0.13735708E+00  0.12533932E+00  0.11423324E+00  0.10398304E+00
  0.94525801E-01  0.85792525E-01  0.77713511E-01  0.70257673E-01  0.63419130E-01
  0.57158990E-01  0.51445913E-01  0.46231826E-01  0.41470259E-01  0.37143375E-01
  0.33221186E-01  0.29662974E-01  0.26410148E-01  0.23432761E-01  0.20729192E-01
  0.18317709E-01  0.16182879E-01  0.14291967E-01  0.12612066E-01  0.11140686E-01
  0.98901114E-02  0.88561111E-02  0.80086039E-02  0.73063401E-02  0.67118785E-02
  0.61913235E-02  0.57562978E-02  0.54025607E-02  0.50938018E-02  0.48193857E-02
  0.45816825E-02  0.43822975E-02  0.42129037E-02  0.40679122E-02  0.39286298E-02
  0.37648711E-02  0.35706192E-02  0.33372643E-02  0.30881085E-02
  0.10000000E+01  0.27993821E+01  0.43563439E+01  0.56978079E+01  0.68751536E+01
  0.79181948E+01  0.88478945E+01  0.96731958E+01  0.10401216E+02  0.11034185E+02
  0.11577468E+02  0.12034611E+02  0.12411991E+02  0.12713875E+02  0.12945327E+02
  0.13110744E+02  0.13215227E+02  0.13263082E+02  0.13259815E+02  0.13208956E+02
  0.13114651E+02  0.12980061E+02  0.12809501E+02  0.12606783E+02  0.12376136E+02
  0.12121622E+02  0.11847243E+02  0.11556617E+02  0.11253467E+02  0.10940920E+02
  0.10621909E+02  0.10298778E+02  0.99738179E+01  0.96488931E+01  0.93255220E+01
  0.90048512E+01  0.86879754E+01  0.83756664E+01  0.80685456E+01  0.77671556E+01
  0.74720019E+01  0.71834662E+01  0.69018262E+01  0.66273077E+01  0.63600541E+01
  0.61001593E+01  0.58477177E+01  0.56027796E+01  0.53652744E+01  0.51351806E+01
  0.49123534E+01  0.46967017E+01  0.44880792E+01  0.42864089E+01  0.40915604E+01
  0.39034312E+01  0.37218997E+01  0.35468737E+01  0.33782871E+01  0.32160489E+01
  0.30600709E+01  0.29102479E+01  0.27664493E+01  0.26285224E+01  0.24963410E+01
  0.23697873E+01  0.22487510E+01  0.21331432E+01  0.20228399E+01  0.19176746E+01
  0.18174656E+01  0.17220371E+01  0.16312179E+01  0.15448158E+01  0.14626436E+01
  0.13845298E+01  0.13102887E+01  0.12397401E+01  0.11726980E+01  0.11089812E+01
  0.10484028E+01  0.99080702E+00  0.93605308E+00  0.88401748E+00  0.83458720E+00
  0.78766854E+00  0.74316180E+00  0.70093921E+00  0.66089124E+00  0.62290380E+00
  0.58686214E+00  0.55269389E+00  0.52030734E+00  0.48964772E+00  0.46066777E+00
  0.43326529E+00  0.40736852E+00  0.38290783E+00  0.35979265E+00  0.33793989E+00
  0.31727407E+00  0.29771855E+00  0.27920148E+00  0.26165531E+00  0.24505744E+00
  0.22939408E+00  0.21467669E+00  0.20086986E+00  0.18793051E+00  0.17580475E+00
  0.16442122E+00  0.15373589E+00  0.14373996E+00  0.13441028E+00  0.12571862E+00
  0.11764465E+00  0.11013717E+00  0.10317401E+00  0.96709241E-01  0.90693422E-01
  0.85036372E-01  0.79699837E-01  0.74639413E-01  0.69819228E-01  0.65264071E-01
  0.60934606E-01  0.56837722E-01  0.52988050E-01  0.49404907E-01
  0.10000000E+01  0.28164256E+01  0.44153860E+01  0.58193938E+01  0.70748423E+01
  0.82082585E+01  0.92394804E+01  0.10176272E+02  0.11025078E+02  0.11786725E+02
  0.12465620E+02  0.13063841E+02  0.13586785E+02  0.14037407E+02  0.14420075E+02
  0.14737919E+02  0.14995078E+02  0.15194588E+02  0.15340845E+02  0.15436496E+02
  0.15484984E+02  0.15488865E+02  0.15451817E+02  0.15377055E+02  0.15268277E+02
  0.15129016E+02  0.14962859E+02  0.14773076E+02  0.14563055E+02  0.14335719E+02
  0.14093880E+02  0.13839902E+02  0.13576114E+02  0.13304480E+02  0.13026667E+02
  0.12744047E+02  0.12457944E+02  0.12169412E+02  0.11879393E+02  0.11588746E+02
  0.11298266E+02  0.11008630E+02  0.10720429E+02  0.10434204E+02  0.10150396E+02
  0.98693960E+01  0.95915661E+01  0.93172310E+01  0.90466242E+01  0.87800098E+01
  0.85175155E+01  0.82593060E+01  0.80054712E+01  0.77561413E+01  0.75114287E+01
  0.72714563E+01  0.70363344E+01  0.68061511E+01  0.65810101E+01  0.63610045E+01
  0.61461991E+01  0.59366433E+01  0.57323701E+01  0.55333953E+01  0.53397054E+01
  0.51513026E+01  0.49682128E+01  0.47904658E+01  0.46180555E+01  0.44509496E+01
  0.42891026E+01  0.41324747E+01  0.39809910E+01  0.38345570E+01  0.36930795E+01
  0.35564688E+01  0.34246048E+01  0.32973333E+01  0.31744767E+01  0.30558681E+01
  0.29413691E+01  0.28308687E+01  0.27242525E+01  0.26214352E+01  0.25223180E+01
  0.24267821E+01  0.23347555E+01  0.22461313E+01  0.21607793E+01  0.20785461E+01
  0.19992802E+01  0.19228409E+01  0.18491623E+01  0.17781965E+01  0.17098950E+01
  0.16441812E+01  0.15809584E+01  0.15201099E+01  0.14615552E+01  0.14051750E+01
  0.13508032E+01  0.12983174E+01  0.12475978E+01  0.11986024E+01  0.11513485E+01
  0.11058636E+01  0.10621470E+01  0.10201920E+01  0.97994695E+00  0.94132744E+00
  0.90426360E+00  0.86865646E+00  0.83442849E+00  0.80152247E+00  0.76989348E+00
  0.73950727E+00  0.71030421E+00  0.68223063E+00  0.65524437E+00  0.62928625E+00
  0.60433222E+00  0.58029916E+00  0.55711699E+00  0.53474255E+00  0.51313685E+00
  0.49229696E+00  0.47224032E+00  0.45297822E+00  0.43447931E+00
  0.10000000E+01  0.28418574E+01  0.45036121E+01  0.60016474E+01  0.73755044E+01
  0.86465246E+01  0.98323979E+01  0.10938456E+02  0.11970164E+02  0.12926108E+02
  0.13809658E+02  0.14620568E+02  0.15363024E+02  0.16037864E+02  0.16648660E+02
  0.17196604E+02  0.17684774E+02  0.18114438E+02  0.18488749E+02  0.18809136E+02
  0.19078311E+02  0.19297980E+02  0.19471091E+02  0.19599977E+02  0.19687647E+02
  0.19736825E+02  0.19750485E+02  0.19731268E+02  0.19682050E+02  0.19605350E+02
  0.19503720E+02  0.19379344E+02  0.19234429E+02  0.19070919E+02  0.18890607E+02
  0.18695083E+02  0.18485893E+02  0.18264360E+02  0.18031692E+02  0.17789046E+02
  0.17537562E+02  0.17278281E+02  0.17012140E+02  0.16740009E+02  0.16462647E+02
  0.16180764E+02  0.15895044E+02  0.15606149E+02  0.15314650E+02  0.15021132E+02
  0.14726081E+02  0.14429984E+02  0.14133284E+02  0.13836454E+02  0.13539904E+02
  0.13244040E+02  0.12949255E+02  0.12655926E+02  0.12364481E+02  0.12075291E+02
  0.11788656E+02  0.11504879E+02  0.11224240E+02  0.10946988E+02  0.10673344E+02
  0.10403538E+02  0.10137822E+02  0.98764284E+01  0.96195342E+01  0.93673035E+01
  0.91198869E+01  0.88774324E+01  0.86400465E+01  0.84077954E+01  0.81807146E+01
  0.79588236E+01  0.77421211E+01  0.75305364E+01  0.73239659E+01  0.71223525E+01
  0.69256136E+01  0.67336626E+01  0.65464629E+01  0.63639759E+01  0.61861621E+01
  0.60129780E+01  0.58443986E+01  0.56803545E+01  0.55207272E+01  0.53653627E+01
  0.52140881E+01  0.50667762E+01  0.49233487E+01  0.47837708E+01  0.46480227E+01
  0.45160444E+01  0.43877454E+01  0.42630273E+01  0.41417573E+01  0.40238024E+01
  0.39089941E+01  0.37971396E+01  0.36880955E+01  0.35817746E+01  0.34782034E+01
  0.33774595E+01  0.32796000E+01  0.31846266E+01  0.30924482E+01  0.30029589E+01
  0.29160471E+01  0.28316216E+01  0.27495900E+01  0.26698679E+01  0.25923549E+01
  0.25169552E+01  0.24436359E+01  0.23723401E+01  0.23030335E+01  0.22356878E+01
  0.21701810E+01  0.21064148E+01  0.20442875E+01  0.19837494E+01  0.19248053E+01
  0.18674578E+01  0.18116992E+01  0.17575025E+01  0.17048505E+01
  0.10000000E+01  0.28603762E+01  0.45681035E+01  0.61349456E+01  0.75960742E+01
  0.89688042E+01  0.10269829E+02  0.11502647E+02  0.12673006E+02  0.13777762E+02
  0.14820214E+02  0.15798183E+02  0.16715532E+02  0.17571382E+02  0.18369159E+02
  0.19108555E+02  0.19792364E+02  0.20420541E+02  0.20995736E+02  0.21518314E+02
  0.21990598E+02  0.22413384E+02  0.22789069E+02  0.23119046E+02  0.23405725E+02
  0.23650908E+02  0.23856943E+02  0.24025719E+02  0.24159485E+02  0.24260123E+02
  0.24329702E+02  0.24369981E+02  0.24382822E+02  0.24369863E+02  0.24332726E+02
  0.24272860E+02  0.24191711E+02  0.24090538E+02  0.23970562E+02  0.23832969E+02
  0.23678931E+02  0.23509552E+02  0.23325883E+02  0.23128885E+02  0.22919442E+02
  0.22698393E+02  0.22466546E+02  0.22224716E+02  0.21973677E+02  0.21714205E+02
  0.21446995E+02  0.21172734E+02  0.20892059E+02  0.20605647E+02  0.20314140E+02
  0.20018144E+02  0.19718242E+02  0.19415034E+02  0.19109087E+02  0.18800976E+02
  0.18491222E+02  0.18180337E+02  0.17868839E+02  0.17557172E+02  0.17245761E+02
  0.16935028E+02  0.16625400E+02  0.16317297E+02  0.16011092E+02  0.15707128E+02
  0.15405729E+02  0.15107223E+02  0.14811877E+02  0.14519917E+02  0.14231540E+02
  0.13946945E+02  0.13666277E+02  0.13389609E+02  0.13117001E+02  0.12848499E+02
  0.12584143E+02  0.12323964E+02  0.12068022E+02  0.11816415E+02  0.11569213E+02
  0.11326438E+02  0.11088112E+02  0.10854235E+02  0.10624762E+02  0.10399604E+02
  0.10178677E+02  0.99619245E+01  0.97493051E+01  0.95407988E+01  0.93364358E+01
  0.91362259E+01  0.89401218E+01  0.87480579E+01  0.85599457E+01  0.83756416E+01
  0.81949745E+01  0.80177702E+01  0.78438908E+01  0.76732831E+01  0.75059904E+01
  0.73420941E+01  0.71816967E+01  0.70248020E+01  0.68713957E+01  0.67213725E+01
  0.65745901E+01  0.64309454E+01  0.62903129E+01  0.61525830E+01  0.60176679E+01
  0.58855250E+01  0.57561052E+01  0.56293930E+01  0.55053696E+01  0.53839619E+01
  0.52650711E+01  0.51485770E+01  0.50343898E+01  0.49224676E+01  0.48128066E+01
  0.47054036E+01  0.46002405E+01  0.44972760E+01  0.43964807E+01
  0.10000000E+01  0.28764762E+01  0.46243584E+01  0.62514014E+01  0.77893140E+01
  0.92516369E+01  0.10654297E+02  0.11998923E+02  0.13292007E+02  0.14528845E+02
  0.15713189E+02  0.16841108E+02  0.17916602E+02  0.18937215E+02  0.19906525E+02
  0.20822916E+02  0.21689243E+02  0.22504358E+02  0.23270766E+02  0.23987888E+02
  0.24657870E+02  0.25280658E+02  0.25858280E+02  0.26391264E+02  0.26881513E+02
  0.27329966E+02  0.27738411E+02  0.28107969E+02  0.28440306E+02  0.28736647E+02
  0.28998533E+02  0.29227207E+02  0.29424092E+02  0.29590401E+02  0.29727438E+02
  0.29836343E+02  0.29918331E+02  0.29974428E+02  0.30005714E+02  0.30013227E+02
  0.29998034E+02  0.29961157E+02  0.29903574E+02  0.29826197E+02  0.29729896E+02
  0.29615490E+02  0.29483814E+02  0.29335726E+02  0.29172042E+02  0.28993602E+02
  0.28801177E+02  0.28595541E+02  0.28377441E+02  0.28147663E+02  0.27906978E+02
  0.27656111E+02  0.27395773E+02  0.27126682E+02  0.26849539E+02  0.26565041E+02
  0.26273845E+02  0.25976629E+02  0.25674070E+02  0.25366770E+02  0.25055304E+02
  0.24740233E+02  0.24422138E+02  0.24101574E+02  0.23779084E+02  0.23455161E+02
  0.23130288E+02  0.22804944E+02  0.22479566E+02  0.22154566E+02  0.21830306E+02
  0.21507140E+02  0.21185359E+02  0.20865181E+02  0.20546804E+02  0.20230437E+02
  0.19916281E+02  0.19604520E+02  0.19295357E+02  0.18988986E+02  0.18685585E+02
  0.18385301E+02  0.18088259E+02  0.17794562E+02  0.17504295E+02  0.17217473E+02
  0.16934073E+02  0.16654108E+02  0.16377625E+02  0.16104689E+02  0.15835379E+02
  0.15569790E+02  0.15307967E+02  0.15049879E+02  0.14795516E+02  0.14544804E+02
  0.14297636E+02  0.14053876E+02  0.13813432E+02  0.13576264E+02  0.13342455E+02
  0.13112158E+02  0.12885472E+02  0.12662491E+02  0.12443183E+02  0.12227453E+02
  0.12015180E+02  0.11806224E+02  0.11600509E+02  0.11397969E+02  0.11198559E+02
  0.11002254E+02  0.10809010E+02  0.10618834E+02  0.10431719E+02  0.10247602E+02
  0.10066400E+02  0.98880418E+01  0.97124169E+01  0.95395120E+01  0.93693193E+01
  0.92018312E+01  0.90370502E+01  0.88749172E+01  0.87154042E+01
  0.10000000E+01  0.28879056E+01  0.46646765E+01  0.63351694E+01  0.79290937E+01
  0.94570197E+01  0.10934506E+02  0.12361459E+02  0.13745380E+02  0.15080398E+02
  0.16371115E+02  0.17612382E+02  0.18808689E+02  0.19956491E+02  0.21059680E+02
  0.22115723E+02  0.23127699E+02  0.24093735E+02  0.25016395E+02  0.25894456E+02
  0.26730033E+02  0.27522472E+02  0.28273621E+02  0.28983386E+02  0.29653378E+02
  0.30283931E+02  0.30876477E+02  0.31431588E+02  0.31950513E+02  0.32433969E+02
  0.32883117E+02  0.33298753E+02  0.33681935E+02  0.34033461E+02  0.34354310E+02
  0.34645272E+02  0.34907252E+02  0.35140995E+02  0.35347345E+02  0.35527072E+02
  0.35681027E+02  0.35809966E+02  0.35914676E+02  0.35995890E+02  0.36054332E+02
  0.36090685E+02  0.36105659E+02  0.36099974E+02  0.36074366E+02  0.36029550E+02
  0.35966236E+02  0.35885124E+02  0.35786903E+02  0.35672298E+02  0.35542015E+02
  0.35396727E+02  0.35237137E+02  0.35063941E+02  0.34877820E+02  0.34679469E+02
  0.34469564E+02  0.34248771E+02  0.34017777E+02  0.33777242E+02  0.33527806E+02
  0.33270097E+02  0.33004733E+02  0.32732318E+02  0.32453426E+02  0.32168615E+02
  0.31878453E+02  0.31583491E+02  0.31284266E+02  0.30981279E+02  0.30674997E+02
  0.30365851E+02  0.30054235E+02  0.29740501E+02  0.29424970E+02  0.29107996E+02
  0.28789902E+02  0.28471003E+02  0.28151617E+02  0.27832061E+02  0.27512633E+02
  0.27193587E+02  0.26875153E+02  0.26557534E+02  0.26240927E+02  0.25925457E+02
  0.25611261E+02  0.25298487E+02  0.24987258E+02  0.24677752E+02  0.24370124E+02
  0.24064555E+02  0.23761168E+02  0.23460064E+02  0.23161340E+02  0.22865013E+02
  0.22571064E+02  0.22279447E+02  0.21990126E+02  0.21703145E+02  0.21418614E+02
  0.21136710E+02  0.20857572E+02  0.20581300E+02  0.20307949E+02  0.20037483E+02
  0.19769849E+02  0.19505010E+02  0.19242907E+02  0.18983500E+02  0.18726788E+02
  0.18472765E+02  0.18221454E+02  0.17972901E+02  0.17727132E+02  0.17484103E+02
  0.17243776E+02  0.17006058E+02  0.16770882E+02  0.16538266E+02  0.16308241E+02
  0.16080843E+02  0.15856072E+02  0.15633892E+02  0.15414267E+02
  0.10000000E+01  0.28980413E+01  0.47005955E+01  0.64100101E+01  0.80542013E+01
  0.96410521E+01  0.11185632E+02  0.12686225E+02  0.14151093E+02  0.15573418E+02
  0.16958510E+02  0.18300333E+02  0.19603723E+02  0.20864366E+02  0.22086316E+02
  0.23266430E+02  0.24407828E+02  0.25508155E+02  0.26569925E+02  0.27591487E+02
  0.28574874E+02  0.29519035E+02  0.30425624E+02  0.31294114E+02  0.32125863E+02
  0.32920778E+02  0.33679980E+02  0.34403643E+02  0.35092696E+02  0.35747466E+02
  0.36368794E+02  0.36957150E+02  0.37513290E+02  0.38037701E+02  0.38531103E+02
  0.38993991E+02  0.39427033E+02  0.39830713E+02  0.40205680E+02  0.40552474E+02
  0.40871735E+02  0.41164019E+02  0.41429937E+02  0.41670020E+02  0.41884853E+02
  0.42074940E+02  0.42240871E+02  0.42383230E+02  0.42502620E+02  0.42599628E+02
  0.42674840E+02  0.42728844E+02  0.42762244E+02  0.42775658E+02  0.42769731E+02
  0.42745065E+02  0.42702266E+02  0.42641952E+02  0.42564750E+02  0.42471286E+02
  0.42362199E+02  0.42238135E+02  0.42099742E+02  0.41947647E+02  0.41782482E+02
  0.41604844E+02  0.41415333E+02  0.41214567E+02  0.41003127E+02  0.40781589E+02
  0.40550540E+02  0.40310556E+02  0.40062205E+02  0.39806044E+02  0.39542608E+02
  0.39272385E+02  0.38995850E+02  0.38713409E+02  0.38425467E+02  0.38132455E+02
  0.37834803E+02  0.37532934E+02  0.37227247E+02  0.36918150E+02  0.36606031E+02
  0.36291213E+02  0.35974019E+02  0.35654771E+02  0.35333748E+02  0.35011221E+02
  0.34687419E+02  0.34362583E+02  0.34036960E+02  0.33710796E+02  0.33384313E+02
  0.33057779E+02  0.32731439E+02  0.32405489E+02  0.32080080E+02  0.31755361E+02
  0.31431413E+02  0.31108276E+02  0.30786022E+02  0.30464746E+02  0.30144617E+02
  0.29825841E+02  0.29508596E+02  0.29193037E+02  0.28879277E+02  0.28567366E+02
  0.28257322E+02  0.27949165E+02  0.27642896E+02  0.27338536E+02  0.27036121E+02
  0.26735697E+02  0.26437326E+02  0.26141071E+02  0.25846961E+02  0.25554996E+02
  0.25265162E+02  0.24977441E+02  0.24691840E+02  0.24408398E+02  0.24127181E+02
  0.23848234E+02  0.23571580E+02  0.23297171E+02  0.23024986E+02
  0.10000000E+01  0.29024816E+01  0.47167160E+01  0.64441653E+01  0.81120179E+01
  0.97270325E+01  0.11303793E+02  0.12839893E+02  0.14343729E+02  0.15808417E+02
  0.17239442E+02  0.18630841E+02  0.19987433E+02  0.21305037E+02  0.22587521E+02
  0.23831913E+02  0.25041106E+02  0.26212913E+02  0.27349596E+02  0.28449659E+02
  0.29514876E+02  0.30544282E+02  0.31539315E+02  0.32499481E+02  0.33425919E+02
  0.34318527E+02  0.35178218E+02  0.36005142E+02  0.36800032E+02  0.37563176E+02
  0.38295248E+02  0.38996614E+02  0.39667892E+02  0.40309450E+02  0.40921877E+02
  0.41505545E+02  0.42060997E+02  0.42588600E+02  0.43088876E+02  0.43562224E+02
  0.44009165E+02  0.44430105E+02  0.44825547E+02  0.45195894E+02  0.45541624E+02
  0.45863114E+02  0.46160860E+02  0.46435280E+02  0.46686893E+02  0.46916133E+02
  0.47123489E+02  0.47309401E+02  0.47474364E+02  0.47618866E+02  0.47743414E+02
  0.47848494E+02  0.47934590E+02  0.48002206E+02  0.48051849E+02  0.48084014E+02
  0.48099231E+02  0.48098036E+02  0.48080942E+02  0.48048498E+02  0.48001216E+02
  0.47939608E+02  0.47864181E+02  0.47775439E+02  0.47673882E+02  0.47560002E+02
  0.47434303E+02  0.47297290E+02  0.47149483E+02  0.46991381E+02  0.46823454E+02
  0.46646150E+02  0.46459881E+02  0.46265028E+02  0.46061975E+02  0.45851123E+02
  0.45632885E+02  0.45407661E+02  0.45175849E+02  0.44937842E+02  0.44694036E+02
  0.44444769E+02  0.44190366E+02  0.43931168E+02  0.43667484E+02  0.43399616E+02
  0.43127826E+02  0.42852403E+02  0.42573620E+02  0.42291763E+02  0.42007113E+02
  0.41719953E+02  0.41430562E+02  0.41139178E+02  0.40846025E+02  0.40551284E+02
  0.40255101E+02  0.39957593E+02  0.39658899E+02  0.39359190E+02  0.39058658E+02
  0.38757540E+02  0.38456030E+02  0.38154321E+02  0.37852584E+02  0.37550943E+02
  0.37249489E+02  0.36948319E+02  0.36647491E+02  0.36347075E+02  0.36047153E+02
  0.35747797E+02  0.35449120E+02  0.35151216E+02  0.34854176E+02  0.34558052E+02
  0.34262871E+02  0.33968671E+02  0.33675493E+02  0.33383388E+02  0.33092449E+02
  0.32802744E+02  0.32514329E+02  0.32227214E+02  0.31941416E+02
  0.10000000E+01  0.29075023E+01  0.47347573E+01  0.64822897E+01  0.81762875E+01
  0.98223779E+01  0.11434510E+02  0.13009662E+02  0.14556208E+02  0.16067188E+02
  0.17548142E+02  0.18993133E+02  0.20406877E+02  0.21785253E+02  0.23131927E+02
  0.24444007E+02  0.25724135E+02  0.26970244E+02  0.28184329E+02  0.29364969E+02
  0.30513693E+02  0.31629588E+02  0.32713844E+02  0.33765986E+02  0.34786924E+02
  0.35776530E+02  0.36735505E+02  0.37663951E+02  0.38562401E+02  0.39431074E+02
  0.40270457E+02  0.41080860E+02  0.41862731E+02  0.42616366E+02  0.43342215E+02
  0.44040556E+02  0.44711821E+02  0.45356259E+02  0.45974311E+02  0.46566268E+02
  0.47132571E+02  0.47673490E+02  0.48189474E+02  0.48680806E+02  0.49147890E+02
  0.49590981E+02  0.50010523E+02  0.50406801E+02  0.50780281E+02  0.51131284E+02
  0.51460222E+02  0.51767449E+02  0.52053361E+02  0.52318347E+02  0.52562820E+02
  0.52787165E+02  0.52991793E+02  0.53177117E+02  0.53343557E+02  0.53491560E+02
  0.53621535E+02  0.53733936E+02  0.53829192E+02  0.53907754E+02  0.53970058E+02
  0.54016541E+02  0.54047639E+02  0.54063788E+02  0.54065411E+02  0.54052920E+02
  0.54026748E+02  0.53987351E+02  0.53935166E+02  0.53870662E+02  0.53794245E+02
  0.53706318E+02  0.53607272E+02  0.53497452E+02  0.53377205E+02  0.53246926E+02
  0.53107003E+02  0.52957812E+02  0.52799761E+02  0.52633207E+02  0.52458530E+02
  0.52276063E+02  0.52086140E+02  0.51889093E+02  0.51685233E+02  0.51474865E+02
  0.51258289E+02  0.51035782E+02  0.50807647E+02  0.50574183E+02  0.50335695E+02
  0.50092478E+02  0.49844826E+02  0.49593021E+02  0.49337318E+02  0.49077939E+02
  0.48815081E+02  0.48548934E+02  0.48279675E+02  0.48007519E+02  0.47732698E+02
  0.47455459E+02  0.47176033E+02  0.46894638E+02  0.46611486E+02  0.46326740E+02
  0.46040545E+02  0.45753025E+02  0.45464301E+02  0.45174490E+02  0.44883729E+02
  0.44592139E+02  0.44299858E+02  0.44007023E+02  0.43713749E+02  0.43420136E+02
  0.43126249E+02  0.42832192E+02  0.42538052E+02  0.42243937E+02  0.41949968E+02
  0.41656220E+02  0.41362747E+02  0.41069612E+02  0.40776857E+02
  0.10000000E+01  0.29092297E+01  0.47411956E+01  0.64964175E+01  0.82007034E+01
  0.98594887E+01  0.11486242E+02  0.13077856E+02  0.14642472E+02  0.16173353E+02
  0.17675939E+02  0.19144551E+02  0.20583820E+02  0.21989874E+02  0.23366226E+02
  0.24710213E+02  0.26024306E+02  0.27306661E+02  0.28559099E+02  0.29780401E+02
  0.30971903E+02  0.32132860E+02  0.33264297E+02  0.34365870E+02  0.35438347E+02
  0.36481707E+02  0.37496534E+02  0.38483002E+02  0.39441548E+02  0.40372446E+02
  0.41276110E+02  0.42152855E+02  0.43003060E+02  0.43827033E+02  0.44625161E+02
  0.45397696E+02  0.46145019E+02  0.46867341E+02  0.47565078E+02  0.48238446E+02
  0.48887871E+02  0.49513537E+02  0.50115888E+02  0.50695097E+02  0.51251596E+02
  0.51785528E+02  0.52297331E+02  0.52787213E+02  0.53255613E+02  0.53702749E+02
  0.54129004E+02  0.54534634E+02  0.54920013E+02  0.55285451E+02  0.55631320E+02
  0.55957925E+02  0.56265613E+02  0.56554731E+02  0.56825603E+02  0.57078602E+02
  0.57314088E+02  0.57532437E+02  0.57734011E+02  0.57919202E+02  0.58088358E+02
  0.58241833E+02  0.58379998E+02  0.58503217E+02  0.58611836E+02  0.58706218E+02
  0.58786722E+02  0.58853727E+02  0.58907603E+02  0.58948727E+02  0.58977453E+02
  0.58994127E+02  0.58999076E+02  0.58992594E+02  0.58974970E+02  0.58946520E+02
  0.58907574E+02  0.58858455E+02  0.58799500E+02  0.58731041E+02  0.58653415E+02
  0.58566897E+02  0.58471790E+02  0.58368365E+02  0.58256880E+02  0.58137623E+02
  0.58010846E+02  0.57876833E+02  0.57735858E+02  0.57588179E+02  0.57434075E+02
  0.57273799E+02  0.57107624E+02  0.56935811E+02  0.56758603E+02  0.56576229E+02
  0.56388897E+02  0.56196764E+02  0.56000006E+02  0.55798827E+02  0.55593459E+02
  0.55384125E+02  0.55171059E+02  0.54954515E+02  0.54734672E+02  0.54511710E+02
  0.54285782E+02  0.54057013E+02  0.53825548E+02  0.53591511E+02  0.53355058E+02
  0.53116333E+02  0.52875500E+02  0.52632723E+02  0.52388124E+02  0.52141801E+02
  0.51893879E+02  0.51644452E+02  0.51393641E+02  0.51141561E+02  0.50888334E+02
  0.50634056E+02  0.50378823E+02  0.50122723E+02  0.49865816E+02
  0.10000000E+01  0.29123167E+01  0.47523536E+01  0.65202548E+01  0.82411493E+01
  0.99198663E+01  0.11569360E+02  0.13186171E+02  0.14778307E+02  0.16339004E+02
  0.17873718E+02  0.19376803E+02  0.20852851E+02  0.22298030E+02  0.23715772E+02
  0.25103466E+02  0.26463443E+02  0.27793947E+02  0.29096639E+02  0.30370403E+02
  0.31616395E+02  0.32833977E+02  0.34024001E+02  0.35186206E+02  0.36321189E+02
  0.37428982E+02  0.38510014E+02  0.39564505E+02  0.40592761E+02  0.41595090E+02
  0.42571770E+02  0.43523118E+02  0.44449417E+02  0.45350960E+02  0.46228051E+02
  0.47080917E+02  0.47909880E+02  0.48715101E+02  0.49496966E+02  0.50255611E+02
  0.50991426E+02  0.51704516E+02  0.52395334E+02  0.53063942E+02  0.53710788E+02
  0.54335911E+02  0.54939754E+02  0.55522409E+02  0.56084326E+02  0.56625608E+02
  0.57146649E+02  0.57647610E+02  0.58128842E+02  0.58590573E+02  0.59033128E+02
  0.59456748E+02  0.59861739E+02  0.60248395E+02  0.60616982E+02  0.60967832E+02
  0.61301227E+02  0.61617497E+02  0.61916933E+02  0.62199877E+02  0.62466617E+02
  0.62717474E+02  0.62952737E+02  0.63172737E+02  0.63377753E+02  0.63568087E+02
  0.63744040E+02  0.63905950E+02  0.64054144E+02  0.64188936E+02  0.64310633E+02
  0.64419517E+02  0.64515888E+02  0.64600003E+02  0.64672109E+02  0.64732490E+02
  0.64781457E+02  0.64819285E+02  0.64846264E+02  0.64862702E+02  0.64868875E+02
  0.64865056E+02  0.64851522E+02  0.64828529E+02  0.64796323E+02  0.64755159E+02
  0.64705285E+02  0.64646939E+02  0.64580370E+02  0.64505833E+02  0.64423583E+02
  0.64333857E+02  0.64236938E+02  0.64133061E+02  0.64022451E+02  0.63905336E+02
  0.63781909E+02  0.63652356E+02  0.63516860E+02  0.63375616E+02  0.63228861E+02
  0.63076817E+02  0.62919739E+02  0.62757845E+02  0.62591350E+02  0.62420436E+02
  0.62245272E+02  0.62065990E+02  0.61882733E+02  0.61695656E+02  0.61504921E+02
  0.61310692E+02  0.61113130E+02  0.60912426E+02  0.60708713E+02  0.60502104E+02
  0.60292738E+02  0.60080740E+02  0.59866242E+02  0.59649381E+02  0.59430292E+02
  0.59209088E+02  0.58985881E+02  0.58760765E+02  0.58533833E+02
  0.10000000E+01  0.29135589E+01  0.47570780E+01  0.65307583E+01  0.82595370E+01
  0.99480511E+01  0.11609000E+02  0.13238766E+02  0.14845296E+02  0.16421821E+02
  0.17973872E+02  0.19495826E+02  0.20992356E+02  0.22459669E+02  0.23901218E+02
  0.25314465E+02  0.26701707E+02  0.28061313E+02  0.29394830E+02  0.30701295E+02
  0.31981704E+02  0.33235578E+02  0.34463605E+02  0.35665691E+02  0.36842267E+02
  0.37993522E+02  0.39119729E+02  0.40221243E+02  0.41298239E+02  0.42351116E+02
  0.43380054E+02  0.44385440E+02  0.45367467E+02  0.46326468E+02  0.47262690E+02
  0.48176358E+02  0.49067776E+02  0.49937071E+02  0.50784632E+02  0.51610512E+02
  0.52415163E+02  0.53198555E+02  0.53961207E+02  0.54703069E+02  0.55424661E+02
  0.56125888E+02  0.56807286E+02  0.57468797E+02  0.58110928E+02  0.58733672E+02
  0.59337448E+02  0.59922330E+02  0.60488686E+02  0.61036678E+02  0.61566607E+02
  0.62078686E+02  0.62573153E+02  0.63050286E+02  0.63510289E+02  0.63953474E+02
  0.64380037E+02  0.64790301E+02  0.65184483E+02  0.65562897E+02  0.65925766E+02
  0.66273391E+02  0.66606005E+02  0.66923898E+02  0.67227301E+02  0.67516469E+02
  0.67791667E+02  0.68053161E+02  0.68301236E+02  0.68536160E+02  0.68758200E+02
  0.68967579E+02  0.69164562E+02  0.69349342E+02  0.69522150E+02  0.69683202E+02
  0.69832754E+02  0.69971045E+02  0.70098319E+02  0.70214815E+02  0.70320788E+02
  0.70416463E+02  0.70502075E+02  0.70577858E+02  0.70644013E+02  0.70700752E+02
  0.70748311E+02  0.70786856E+02  0.70816604E+02  0.70837780E+02  0.70850600E+02
  0.70855269E+02  0.70852037E+02  0.70841098E+02  0.70822659E+02  0.70796910E+02
  0.70764004E+02  0.70724120E+02  0.70677423E+02  0.70624094E+02  0.70564354E+02
  0.70498390E+02  0.70426427E+02  0.70348661E+02  0.70265302E+02  0.70176504E+02
  0.70082424E+02  0.69983230E+02  0.69879041E+02  0.69769982E+02  0.69656206E+02
  0.69537851E+02  0.69415094E+02  0.69288114E+02  0.69157044E+02  0.69022024E+02
  0.68883178E+02  0.68740623E+02  0.68594486E+02  0.68444887E+02  0.68291973E+02
  0.68135865E+02  0.67976696E+02  0.67814576E+02  0.67649598E+02
  0.10000000E+01  0.29151767E+01  0.47630167E+01  0.65435472E+01  0.82814568E+01
  0.99809935E+01  0.11654718E+02  0.13298695E+02  0.14920935E+02  0.16514484E+02
  0.18085031E+02  0.19626800E+02  0.21144605E+02  0.22634536E+02  0.24100129E+02
  0.25538774E+02  0.26952785E+02  0.28340518E+02  0.29703476E+02  0.31040731E+02
  0.32353186E+02  0.33640444E+02  0.34903055E+02  0.36141019E+02  0.37354629E+02
  0.38544163E+02  0.39709756E+02  0.40851845E+02  0.41970478E+02  0.43066117E+02
  0.44138841E+02  0.45189074E+02  0.46216937E+02  0.47222786E+02  0.48206821E+02
  0.49169259E+02  0.50110374E+02  0.51030263E+02  0.51929316E+02  0.52807523E+02
  0.53665360E+02  0.54502718E+02  0.55320189E+02  0.56117597E+02  0.56895540E+02
  0.57653807E+02  0.58392994E+02  0.59112948E+02  0.59814222E+02  0.60496742E+02
  0.61160959E+02  0.61806882E+02  0.62434883E+02  0.63045078E+02  0.63637761E+02
  0.64213113E+02  0.64771360E+02  0.65312756E+02  0.65837478E+02  0.66345828E+02
  0.66837966E+02  0.67314195E+02  0.67774697E+02  0.68219784E+02  0.68649631E+02
  0.69064527E+02  0.69464678E+02  0.69850346E+02  0.70221723E+02  0.70579060E+02
  0.70922601E+02  0.71252591E+02  0.71569300E+02  0.71872955E+02  0.72163799E+02
  0.72442033E+02  0.72707896E+02  0.72961575E+02  0.73203255E+02  0.73433160E+02
  0.73651521E+02  0.73858529E+02  0.74054443E+02  0.74239450E+02  0.74413788E+02
  0.74577662E+02  0.74731298E+02  0.74874885E+02  0.75008630E+02  0.75132716E+02
  0.75247353E+02  0.75352716E+02  0.75449003E+02  0.75536405E+02  0.75615119E+02
  0.75685334E+02  0.75747260E+02  0.75801076E+02  0.75846994E+02  0.75885183E+02
  0.75915802E+02  0.75939011E+02  0.75954958E+02  0.75963791E+02  0.75965709E+02
  0.75960920E+02  0.75949614E+02  0.75931987E+02  0.75908234E+02  0.75878510E+02
  0.75842955E+02  0.75801709E+02  0.75754876E+02  0.75702594E+02  0.75645006E+02
  0.75582268E+02  0.75514547E+02  0.75441994E+02  0.75364734E+02  0.75282877E+02
  0.75196556E+02  0.75105859E+02  0.75010952E+02  0.74911958E+02  0.74809014E+02
  0.74702249E+02  0.74591783E+02  0.74477704E+02  0.74360121E+02
  0.10000000E+01  0.29157989E+01  0.47655178E+01  0.65491932E+01  0.82915923E+01
  0.99966920E+01  0.11677148E+02  0.13328702E+02  0.14959554E+02  0.16562502E+02
  0.18143500E+02  0.19696566E+02  0.21226760E+02  0.22730015E+02  0.24210036E+02
  0.25664140E+02  0.27094708E+02  0.28500122E+02  0.29881842E+02  0.31239052E+02
  0.32572522E+02  0.33882022E+02  0.35167909E+02  0.36430395E+02  0.37669567E+02
  0.38885914E+02  0.40079375E+02  0.41250576E+02  0.42399395E+02  0.43526461E+02
  0.44631693E+02  0.45715638E+02  0.46778317E+02  0.47820147E+02  0.48841279E+02
  0.49841931E+02  0.50822399E+02  0.51782715E+02  0.52723326E+02  0.53644133E+02
  0.54545705E+02  0.55427807E+02  0.56291145E+02  0.57135397E+02  0.57961278E+02
  0.58768436E+02  0.59557575E+02  0.60328413E+02  0.61081603E+02  0.61816960E+02
  0.62535009E+02  0.63235675E+02  0.63919353E+02  0.64586126E+02  0.65236261E+02
  0.65869939E+02  0.66487360E+02  0.67088772E+02  0.67674311E+02  0.68244283E+02
  0.68798793E+02  0.69338168E+02  0.69862539E+02  0.70372214E+02  0.70867341E+02
  0.71348199E+02  0.71814944E+02  0.72267832E+02  0.72707039E+02  0.73132783E+02
  0.73545293E+02  0.73944803E+02  0.74331551E+02  0.74705748E+02  0.75067598E+02
  0.75417274E+02  0.75755007E+02  0.76080917E+02  0.76395223E+02  0.76698091E+02
  0.76989745E+02  0.77270357E+02  0.77540138E+02  0.77799266E+02  0.78047948E+02
  0.78286360E+02  0.78514722E+02  0.78733191E+02  0.78941961E+02  0.79141208E+02
  0.79331094E+02  0.79511767E+02  0.79683431E+02  0.79846222E+02  0.80000319E+02
  0.80145890E+02  0.80283122E+02  0.80412159E+02  0.80533211E+02  0.80646406E+02
  0.80751898E+02  0.80849830E+02  0.80940326E+02  0.81023526E+02  0.81099608E+02
  0.81168746E+02  0.81231123E+02  0.81286921E+02  0.81336300E+02  0.81379403E+02
  0.81416365E+02  0.81447305E+02  0.81472302E+02  0.81491488E+02  0.81504985E+02
  0.81512923E+02  0.81515459E+02  0.81512732E+02  0.81504873E+02  0.81491966E+02
  0.81474140E+02  0.81451486E+02  0.81424129E+02  0.81392180E+02  0.81355790E+02
  0.81315063E+02  0.81270113E+02  0.81221040E+02  0.81167959E+02
  0.10000000E+01  0.29183641E+01  0.47748071E+01  0.65689359E+01  0.83251004E+01
  0.10046589E+02  0.11745888E+02  0.13418216E+02  0.15071907E+02  0.16699424E+02
  0.18306964E+02  0.19888250E+02  0.21448531E+02  0.22983505E+02  0.24496993E+02
  0.25986169E+02  0.27453417E+02  0.28897073E+02  0.30318510E+02  0.31716949E+02
  0.33093021E+02  0.34446588E+02  0.35777831E+02  0.37087075E+02  0.38374182E+02
  0.39639778E+02  0.40883574E+02  0.42106317E+02  0.43307682E+02  0.44488395E+02
  0.45648211E+02  0.46787731E+02  0.47906853E+02  0.49006021E+02  0.50085313E+02
  0.51144941E+02  0.52185153E+02  0.53205952E+02  0.54207788E+02  0.55190460E+02
  0.56154596E+02  0.57099830E+02  0.58026952E+02  0.58935507E+02  0.59826304E+02
  0.60698849E+02  0.61553944E+02  0.62391170E+02  0.63211257E+02  0.64013894E+02
  0.64799667E+02  0.65568422E+02  0.66320566E+02  0.67056130E+02  0.67775387E+02
  0.68478479E+02  0.69165583E+02  0.69836942E+02  0.70492649E+02  0.71133004E+02
  0.71758076E+02  0.72368176E+02  0.72963386E+02  0.73544023E+02  0.74110165E+02
  0.74662113E+02  0.75199982E+02  0.75724012E+02  0.76234350E+02  0.76731208E+02
  0.77214790E+02  0.77685297E+02  0.78142947E+02  0.78587918E+02  0.79020407E+02
  0.79440560E+02  0.79848605E+02  0.80244663E+02  0.80628924E+02  0.81001540E+02
  0.81362718E+02  0.81712595E+02  0.82051389E+02  0.82379227E+02  0.82696317E+02
  0.83002838E+02  0.83298981E+02  0.83584902E+02  0.83860787E+02  0.84126777E+02
  0.84383057E+02  0.84629743E+02  0.84867017E+02  0.85094998E+02  0.85313868E+02
  0.85523772E+02  0.85724887E+02  0.85917373E+02  0.86101408E+02  0.86277130E+02
  0.86444668E+02  0.86604157E+02  0.86755723E+02  0.86899491E+02  0.87035617E+02
  0.87164284E+02  0.87285665E+02  0.87399941E+02  0.87507263E+02  0.87607758E+02
  0.87701565E+02  0.87788779E+02  0.87869496E+02  0.87943832E+02  0.88011899E+02
  0.88073824E+02  0.88129769E+02  0.88179872E+02  0.88224261E+02  0.88263024E+02
  0.88296286E+02  0.88324129E+02  0.88346684E+02  0.88364060E+02  0.88376395E+02
  0.88383810E+02  0.88386421E+02  0.88384315E+02  0.88377607E+02
  0.10000000E+01  0.29176598E+01  0.47726906E+01  0.65649838E+01  0.83193284E+01
  0.10039108E+02  0.11737032E+02  0.13408263E+02  0.15061313E+02  0.16688614E+02
  0.18296518E+02  0.19878773E+02  0.21440767E+02  0.22978272E+02  0.24495155E+02
  0.25988703E+02  0.27461302E+02  0.28911441E+02  0.30340438E+02  0.31747679E+02
  0.33133657E+02  0.34498421E+02  0.35841982E+02  0.37164866E+02  0.38466779E+02
  0.39748538E+02  0.41009691E+02  0.42251166E+02  0.43472516E+02  0.44674593E+02
  0.45857057E+02  0.47020602E+02  0.48165060E+02  0.49290920E+02  0.50398230E+02
  0.51487189E+02  0.52558074E+02  0.53610822E+02  0.54645954E+02  0.55663158E+02
  0.56663154E+02  0.57645460E+02  0.58610956E+02  0.59559060E+02  0.60490665E+02
  0.61405160E+02  0.62303420E+02  0.63184931E+02  0.64050470E+02  0.64899678E+02
  0.65733131E+02  0.66550641E+02  0.67352612E+02  0.68139031E+02  0.68910143E+02
  0.69666103E+02  0.70407032E+02  0.71133177E+02  0.71844589E+02  0.72541562E+02
  0.73224109E+02  0.73892541E+02  0.74546901E+02  0.75187490E+02  0.75814369E+02
  0.76427797E+02  0.77027881E+02  0.77614813E+02  0.78188733E+02  0.78749808E+02
  0.79298222E+02  0.79834137E+02  0.80357777E+02  0.80869258E+02  0.81368764E+02
  0.81856425E+02  0.82332418E+02  0.82796857E+02  0.83249887E+02  0.83691642E+02
  0.84122297E+02  0.84541974E+02  0.84950841E+02  0.85349041E+02  0.85736739E+02
  0.86114078E+02  0.86481254E+02  0.86838381E+02  0.87185636E+02  0.87523113E+02
  0.87850986E+02  0.88169353E+02  0.88478364E+02  0.88778129E+02  0.89068811E+02
  0.89350520E+02  0.89623422E+02  0.89887632E+02  0.90143311E+02  0.90390581E+02
  0.90629567E+02  0.90860362E+02  0.91083111E+02  0.91297905E+02  0.91504897E+02
  0.91704245E+02  0.91896096E+02  0.92080619E+02  0.92257937E+02  0.92428200E+02
  0.92591494E+02  0.92747926E+02  0.92897597E+02  0.93040589E+02  0.93177014E+02
  0.93306977E+02  0.93430623E+02  0.93548075E+02  0.93659477E+02  0.93764902E+02
  0.93864470E+02  0.93958244E+02  0.94046370E+02  0.94128914E+02  0.94206020E+02
  0.94277781E+02  0.94344334E+02  0.94405764E+02  0.94462186E+02
  0.10000000E+01  0.29166634E+01  0.47693963E+01  0.65583302E+01  0.83086884E+01
  0.10023973E+02  0.11717167E+02  0.13383396E+02  0.15031347E+02  0.16653371E+02
  0.18255965E+02  0.19832836E+02  0.21389508E+02  0.22921760E+02  0.24433532E+02
  0.25922167E+02  0.27390075E+02  0.28835836E+02  0.30260734E+02  0.31664291E+02
  0.33046904E+02  0.34408763E+02  0.35749764E+02  0.37070628E+02  0.38370914E+02
  0.39651626E+02  0.40912200E+02  0.42153708E+02  0.43375604E+02  0.44578871E+02
  0.45763095E+02  0.46929056E+02  0.48076548E+02  0.49206106E+02  0.50317788E+02
  0.51411783E+02  0.52488404E+02  0.53547541E+02  0.54589771E+02  0.55614729E+02
  0.56623205E+02  0.57614644E+02  0.58590014E+02  0.59548657E+02  0.60491546E+02
  0.61417988E+02  0.62328932E+02  0.63223795E+02  0.64103403E+02  0.64967363E+02
  0.65816273E+02  0.66649940E+02  0.67468749E+02  0.68272704E+02  0.69062026E+02
  0.69836869E+02  0.70597335E+02  0.71343681E+02  0.72075949E+02  0.72794440E+02
  0.73499146E+02  0.74190392E+02  0.74868201E+02  0.75532873E+02  0.76184475E+02
  0.76823239E+02  0.77449260E+02  0.78062744E+02  0.78663814E+02  0.79252625E+02
  0.79829371E+02  0.80394206E+02  0.80947333E+02  0.81488850E+02  0.82018951E+02
  0.82537734E+02  0.83045363E+02  0.83541945E+02  0.84027627E+02  0.84502533E+02
  0.84966820E+02  0.85420588E+02  0.85864010E+02  0.86297196E+02  0.86720301E+02
  0.87133461E+02  0.87536868E+02  0.87930643E+02  0.88314938E+02  0.88689860E+02
  0.89055553E+02  0.89412077E+02  0.89759594E+02  0.90098177E+02  0.90427985E+02
  0.90749114E+02  0.91061729E+02  0.91365927E+02  0.91661881E+02  0.91949671E+02
  0.92229419E+02  0.92501200E+02  0.92765135E+02  0.93021321E+02  0.93269900E+02
  0.93511026E+02  0.93744825E+02  0.93971458E+02  0.94191030E+02  0.94403671E+02
  0.94609476E+02  0.94808539E+02  0.95000941E+02  0.95186775E+02  0.95366115E+02
  0.95539071E+02  0.95705764E+02  0.95866300E+02  0.96020829E+02  0.96169406E+02
  0.96312144E+02  0.96449099E+02  0.96580402E+02  0.96706113E+02  0.96826379E+02
  0.96941261E+02  0.97050922E+02  0.97155422E+02  0.97254877E+02
  0.10000000E+01  0.29187790E+01  0.47771192E+01  0.65747727E+01  0.83366901E+01
  0.10065707E+02  0.11774756E+02  0.13458426E+02  0.15125607E+02  0.16768290E+02
  0.18393239E+02  0.19993870E+02  0.21575899E+02  0.23134883E+02  0.24674866E+02
  0.26193079E+02  0.27691924E+02  0.29169978E+02  0.30628426E+02  0.32066861E+02
  0.33485507E+02  0.34884704E+02  0.36264118E+02  0.37624639E+02  0.38965586E+02
  0.40288145E+02  0.41591499E+02  0.42876898E+02  0.44143565E+02  0.45392617E+02
  0.46623461E+02  0.47836959E+02  0.49032791E+02  0.50211515E+02  0.51373130E+02
  0.52517811E+02  0.53645874E+02  0.54757134E+02  0.55852212E+02  0.56930633E+02
  0.57993267E+02  0.59039419E+02  0.60070156E+02  0.61084676E+02  0.62084060E+02
  0.63067479E+02  0.64035975E+02  0.64988852E+02  0.65927000E+02  0.66849927E+02
  0.67758287E+02  0.68651806E+02  0.69530887E+02  0.70395498E+02  0.71245852E+02
  0.72082103E+02  0.72904310E+02  0.73712741E+02  0.74507378E+02  0.75288534E+02
  0.76056150E+02  0.76810563E+02  0.77551759E+02  0.78280031E+02  0.78995421E+02
  0.79698158E+02  0.80388312E+02  0.81066069E+02  0.81731524E+02  0.82384828E+02
  0.83026162E+02  0.83655653E+02  0.84273498E+02  0.84879783E+02  0.85474665E+02
  0.86058228E+02  0.86630646E+02  0.87191999E+02  0.87742427E+02  0.88282029E+02
  0.88810965E+02  0.89329328E+02  0.89837262E+02  0.90334859E+02  0.90822282E+02
  0.91299649E+02  0.91767137E+02  0.92224851E+02  0.92672948E+02  0.93111522E+02
  0.93540719E+02  0.93960591E+02  0.94371292E+02  0.94772880E+02  0.95165505E+02
  0.95549222E+02  0.95924200E+02  0.96290509E+02  0.96648341E+02  0.96997745E+02
  0.97338868E+02  0.97671797E+02  0.97996625E+02  0.98313441E+02  0.98622347E+02
  0.98923519E+02  0.99217074E+02  0.99503155E+02  0.99781894E+02  0.10005340E+03
  0.10031775E+03  0.10057506E+03  0.10082536E+03  0.10106876E+03  0.10130533E+03
  0.10153518E+03  0.10175844E+03  0.10197519E+03  0.10218558E+03  0.10238964E+03
  0.10258749E+03  0.10277918E+03  0.10296485E+03  0.10314453E+03  0.10331840E+03
  0.10348651E+03  0.10364902E+03  0.10380598E+03  0.10395751E+03
  0.10000000E+01  0.29151648E+01  0.47646040E+01  0.65487799E+01  0.82937294E+01
  0.10002960E+02  0.11690034E+02  0.13349837E+02  0.14991467E+02  0.16607025E+02
  0.18203326E+02  0.19773957E+02  0.21324668E+02  0.22851256E+02  0.24357736E+02
  0.25841586E+02  0.27305177E+02  0.28747337E+02  0.30169213E+02  0.31570618E+02
  0.32951701E+02  0.34313004E+02  0.35654117E+02  0.36976148E+02  0.38278344E+02
  0.39562111E+02  0.40826580E+02  0.42073196E+02  0.43301150E+02  0.44511726E+02
  0.45704319E+02  0.46879907E+02  0.48038200E+02  0.49179806E+02  0.50304803E+02
  0.51413366E+02  0.52505905E+02  0.53582201E+02  0.54642993E+02  0.55687719E+02
  0.56717391E+02  0.57731254E+02  0.58730479E+02  0.59714225E+02  0.60683651E+02
  0.61637898E+02  0.62578056E+02  0.63503424E+02  0.64414918E+02  0.65312092E+02
  0.66195583E+02  0.67065181E+02  0.67921269E+02  0.68763877E+02  0.69593165E+02
  0.70409359E+02  0.71212480E+02  0.72002862E+02  0.72780452E+02  0.73545620E+02
  0.74298315E+02  0.75038872E+02  0.75767297E+02  0.76483876E+02  0.77188681E+02
  0.77881933E+02  0.78563746E+02  0.79234255E+02  0.79893633E+02  0.80541982E+02
  0.81179516E+02  0.81806364E+02  0.82422740E+02  0.83028728E+02  0.83624503E+02
  0.84210146E+02  0.84785803E+02  0.85351553E+02  0.85907536E+02  0.86453865E+02
  0.86990678E+02  0.87518086E+02  0.88036217E+02  0.88545183E+02  0.89045116E+02
  0.89536109E+02  0.90018348E+02  0.90491925E+02  0.90957002E+02  0.91413646E+02
  0.91862011E+02  0.92302126E+02  0.92734151E+02  0.93158108E+02  0.93574163E+02
  0.93982329E+02  0.94382815E+02  0.94775659E+02  0.95161038E+02  0.95538989E+02
  0.95909651E+02  0.96273063E+02  0.96629320E+02  0.96978489E+02  0.97320676E+02
  0.97656030E+02  0.97984656E+02  0.98306721E+02  0.98622293E+02  0.98931481E+02
  0.99234343E+02  0.99530986E+02  0.99821406E+02  0.10010572E+03  0.10038397E+03
  0.10065624E+03  0.10092263E+03  0.10118326E+03  0.10143823E+03  0.10168755E+03
  0.10193137E+03  0.10216967E+03  0.10240259E+03  0.10263015E+03  0.10285252E+03
  0.10306970E+03  0.10328187E+03  0.10348904E+03  0.10369133E+03
   128
  0.10000000E+01  0.25952075E+01  0.36800104E+01  0.42852159E+01  0.45517698E+01
  0.45689166E+01  0.44262455E+01  0.41783859E+01  0.38644861E+01  0.35107968E+01
  0.31332355E+01  0.27484403E+01  0.23692420E+01  0.20076266E+01  0.16714586E+01
  0.13647492E+01  0.10930477E+01  0.85685665E+00  0.66015147E+00  0.49961556E+00
  0.37547974E+00  0.28079885E+00  0.21197865E+00  0.16134248E+00  0.12467321E+00
  0.97889803E-01  0.78216753E-01  0.63089769E-01  0.50905280E-01  0.41020082E-01
  0.32997924E-01  0.26148917E-01  0.20046616E-01  0.14860422E-01  0.10669855E-01
  0.72191609E-02  0.42983780E-02  0.20651876E-02  0.67007771E-03 -0.59246230E-04
  0.00000000E+00  0.00000000E+00  0.00000000E+00  0.00000000E+00  0.00000000E+00
  0.00000000E+00  0.00000000E+00  0.00000000E+00  0.00000000E+00  0.00000000E+00
  0.00000000E+00  0.00000000E+00  0.00000000E+00  0.00000000E+00  0.00000000E+00
  0.00000000E+00  0.00000000E+00  0.00000000E+00  0.00000000E+00  0.00000000E+00
  0.00000000E+00  0.00000000E+00  0.00000000E+00  0.00000000E+00  0.00000000E+00
  0.00000000E+00  0.00000000E+00  0.00000000E+00  0.00000000E+00  0.00000000E+00
  0.00000000E+00  0.00000000E+00  0.00000000E+00  0.00000000E+00  0.00000000E+00
  0.00000000E+00  0.00000000E+00  0.00000000E+00  0.00000000E+00  0.00000000E+00
  0.00000000E+00  0.00000000E+00  0.00000000E+00  0.00000000E+00  0.00000000E+00
  0.00000000E+00  0.00000000E+00  0.00000000E+00  0.00000000E+00  0.00000000E+00
  0.00000000E+00  0.00000000E+00  0.00000000E+00  0.00000000E+00  0.00000000E+00
  0.00000000E+00  0.00000000E+00  0.00000000E+00  0.00000000E+00  0.00000000E+00
  0.00000000E+00  0.00000000E+00  0.00000000E+00  0.00000000E+00  0.00000000E+00
  0.00000000E+00  0.00000000E+00  0.00000000E+00  0.00000000E+00  0.00000000E+00
  0.00000000E+00  0.00000000E+00  0.00000000E+00  0.00000000E+00  0.00000000E+00
  0.00000000E+00  0.00000000E+00  0.00000000E+00  0.00000000E+00  0.00000000E+00
  0.00000000E+00  0.00000000E+00  0.00000000E+00  0.00000000E+00  0.00000000E+00
  0.00000000E+00  0.00000000E+00  0.00000000E+00  0.00000000E+00
  0.10000000E+01  0.26498672E+01  0.38752624E+01  0.47265234E+01  0.53107200E+01
  0.56831291E+01  0.58949587E+01  0.59734080E+01  0.59438719E+01  0.58226613E+01
  0.56211479E+01  0.53521030E+01  0.50277468E+01  0.46642205E+01  0.42736149E+01
  0.38689577E+01  0.34629746E+01  0.30664449E+01  0.26919543E+01  0.23451289E+01
  0.20335831E+01  0.17558430E+01  0.15131428E+01  0.13001147E+01  0.11143975E+01
  0.95242591E+00  0.81180319E+00  0.68983086E+00  0.58444590E+00  0.49378648E+00
  0.41617285E+00  0.34958616E+00  0.29244714E+00  0.24374517E+00  0.20250832E+00
  0.16749838E+00  0.13768752E+00  0.11256367E+00  0.91712449E-01  0.74463768E-01
  0.60139849E-01  0.48267389E-01  0.38433238E-01  0.30251218E-01  0.23582480E-01
  0.18262176E-01  0.14033903E-01  0.10683800E-01  0.80670748E-02  0.61013413E-02
  0.46767769E-02  0.36338255E-02  0.28046625E-02  0.20935635E-02  0.15107241E-02
  0.10892244E-02  0.86155205E-03  0.79414002E-03  0.77686556E-03  0.75351645E-03
  0.75992074E-03  0.80490643E-03  0.83077058E-03  0.77906361E-03  0.61462290E-03
  0.39875997E-03  0.20950707E-03  0.80890072E-04  0.10374609E-04 -0.26614702E-04
  0.00000000E+00  0.00000000E+00  0.00000000E+00  0.00000000E+00  0.00000000E+00
  0.00000000E+00  0.00000000E+00  0.00000000E+00  0.00000000E+00  0.00000000E+00
  0.00000000E+00  0.00000000E+00  0.00000000E+00  0.00000000E+00  0.00000000E+00
  0.00000000E+00  0.00000000E+00  0.00000000E+00  0.00000000E+00  0.00000000E+00
  0.00000000E+00  0.00000000E+00  0.00000000E+00  0.00000000E+00  0.00000000E+00
  0.00000000E+00  0.00000000E+00  0.00000000E+00  0.00000000E+00  0.00000000E+00
  0.00000000E+00  0.00000000E+00  0.00000000E+00  0.00000000E+00  0.00000000E+00
  0.00000000E+00  0.00000000E+00  0.00000000E+00  0.00000000E+00  0.00000000E+00
  0.00000000E+00  0.00000000E+00  0.00000000E+00  0.00000000E+00  0.00000000E+00
  0.00000000E+00  0.00000000E+00  0.00000000E+00  0.00000000E+00  0.00000000E+00
  0.00000000E+00  0.00000000E+00  0.00000000E+00  0.00000000E+00  0.00000000E+00
  0.00000000E+00  0.00000000E+00  0.00000000E+00  0.00000000E+00
  0.10000000E+01  0.26947450E+01  0.40252045E+01  0.50434011E+01  0.58377150E+01
  0.64522989E+01  0.69218297E+01  0.72620632E+01  0.74888416E+01  0.76117924E+01
  0.76397130E+01  0.75799374E+01  0.74413409E+01  0.72351228E+01  0.69708023E+01
  0.66595400E+01  0.63127389E+01  0.59416189E+01  0.55591603E+01  0.51741431E+01
  0.47969407E+01  0.44310323E+01  0.40818178E+01  0.37490140E+01  0.34342429E+01
  0.31376773E+01  0.28600676E+01  0.26013533E+01  0.23616519E+01  0.21405016E+01
  0.19373972E+01  0.17511136E+01  0.15806058E+01  0.14249977E+01  0.12832969E+01
  0.11542337E+01  0.10367329E+01  0.93002786E+00  0.83342185E+00  0.74605775E+00
  0.66711358E+00  0.59591471E+00  0.53178970E+00  0.47410100E+00  0.42237337E+00
  0.37610977E+00  0.33478248E+00  0.29787153E+00  0.26492955E+00  0.23559677E+00
  0.20947479E+00  0.18620665E+00  0.16541697E+00  0.14682373E+00  0.13023876E+00
  0.11549003E+00  0.10239957E+00  0.90768295E-01  0.80388822E-01  0.71111890E-01
  0.62843852E-01  0.55491776E-01  0.48942493E-01  0.43074118E-01  0.37802654E-01
  0.33100386E-01  0.28961433E-01  0.25371841E-01  0.22275974E-01  0.19594690E-01
  0.17240139E-01  0.15157957E-01  0.13335607E-01  0.11745011E-01  0.10364398E-01
  0.91724204E-02  0.81798443E-02  0.73595547E-02  0.66656350E-02  0.60711894E-02
  0.55424335E-02  0.50906926E-02  0.47072497E-02  0.43409569E-02  0.39595492E-02
  0.35604343E-02  0.31729419E-02  0.27988730E-02  0.24316010E-02  0.20824704E-02
  0.17913523E-02  0.15795778E-02  0.14109222E-02  0.12435884E-02  0.10596794E-02
  0.86793355E-03  0.70159401E-03  0.57405407E-03  0.45002141E-03  0.32139927E-03
  0.19459426E-03  0.88806097E-04  0.21376240E-04 -0.21628087E-04  0.00000000E+00
  0.00000000E+00  0.00000000E+00  0.00000000E+00  0.00000000E+00  0.00000000E+00
  0.00000000E+00  0.00000000E+00  0.00000000E+00  0.00000000E+00  0.00000000E+00
  0.00000000E+00  0.00000000E+00  0.00000000E+00  0.00000000E+00  0.00000000E+00
  0.00000000E+00  0.00000000E+00  0.00000000E+00  0.00000000E+00  0.00000000E+00
  0.00000000E+00  0.00000000E+00  0.00000000E+00  0.00000000E+00
  0.10000000E+01  0.27314825E+01  0.41465237E+01  0.52894588E+01  0.62352452E+01
  0.70239119E+01  0.76847042E+01  0.82301041E+01  0.86703215E+01  0.90115554E+01
  0.92606005E+01  0.94223347E+01  0.95036667E+01  0.95119309E+01  0.94539323E+01
  0.93368421E+01  0.91684296E+01  0.89561981E+01  0.87094094E+01  0.84350526E+01
  0.81416734E+01  0.78335313E+01  0.75165008E+01  0.71927903E+01  0.68658960E+01
  0.65383625E+01  0.62131341E+01  0.58923576E+01  0.55781718E+01  0.52720043E+01
  0.49752184E+01  0.46883964E+01  0.44121047E+01  0.41469021E+01  0.38930385E+01
  0.36504651E+01  0.34191581E+01  0.31991625E+01  0.29904200E+01  0.27927014E+01
  0.26057234E+01  0.24292257E+01  0.22628592E+01  0.21062685E+01  0.19591174E+01
  0.18209744E+01  0.16914316E+01  0.15700219E+01  0.14563022E+01  0.13499158E+01
  0.12504206E+01  0.11574719E+01  0.10706630E+01  0.98967981E+00  0.91421272E+00
  0.84395440E+00  0.77861384E+00  0.71785781E+00  0.66135338E+00  0.60883720E+00
  0.56006952E+00  0.51482578E+00  0.47287190E+00  0.43397405E+00  0.39793889E+00
  0.36459602E+00  0.33380486E+00  0.30540785E+00  0.27925119E+00  0.25513100E+00
  0.23287933E+00  0.21235063E+00  0.19340541E+00  0.17593770E+00  0.15984086E+00
  0.14501658E+00  0.13136604E+00  0.11879316E+00  0.10725333E+00  0.96708171E-01
  0.87095605E-01  0.78341477E-01  0.70363434E-01  0.63091319E-01  0.56474944E-01
  0.50477180E-01  0.45028146E-01  0.40080252E-01  0.35587545E-01  0.31516722E-01
  0.27847305E-01  0.24544256E-01  0.21570105E-01  0.18881556E-01  0.16462512E-01
  0.14301965E-01  0.12390972E-01  0.10712589E-01  0.92238086E-02  0.78979729E-02
  0.67346666E-02  0.57308842E-02  0.49067811E-02  0.42525605E-02  0.37241644E-02
  0.32763116E-02  0.28739457E-02  0.25297015E-02  0.22389955E-02  0.19941838E-02
  0.17772071E-02  0.15750945E-02  0.13908966E-02  0.12369804E-02  0.11141774E-02
  0.10249422E-02  0.96962690E-03  0.94144024E-03  0.94096507E-03  0.93824793E-03
  0.92361955E-03  0.90073216E-03  0.87855427E-03  0.86960393E-03  0.86525867E-03
  0.85976655E-03  0.85630531E-03  0.87528099E-03  0.90019450E-03
  0.10000000E+01  0.27618677E+01  0.42478003E+01  0.54962139E+01  0.65708002E+01
  0.75068290E+01  0.83289472E+01  0.90469896E+01  0.96674303E+01  0.10193773E+02
  0.10630842E+02  0.10981708E+02  0.11251672E+02  0.11445893E+02  0.11569538E+02
  0.11627667E+02  0.11625911E+02  0.11569649E+02  0.11465764E+02  0.11319903E+02
  0.11139065E+02  0.10927467E+02  0.10690661E+02  0.10431742E+02  0.10154703E+02
  0.98629239E+01  0.95601182E+01  0.92493068E+01  0.89334769E+01  0.86149490E+01
  0.82959731E+01  0.79781150E+01  0.76628373E+01  0.73515248E+01  0.70452429E+01
  0.67448017E+01  0.64509815E+01  0.61645454E+01  0.58860767E+01  0.56159740E+01
  0.53545390E+01  0.51019584E+01  0.48582778E+01  0.46235088E+01  0.43975964E+01
  0.41803684E+01  0.39716787E+01  0.37713026E+01  0.35790045E+01  0.33946258E+01
  0.32179101E+01  0.30486885E+01  0.28867132E+01  0.27318001E+01  0.25837431E+01
  0.24423533E+01  0.23074190E+01  0.21787230E+01  0.20560448E+01  0.19392036E+01
  0.18280513E+01  0.17224494E+01  0.16222578E+01  0.15273133E+01  0.14374264E+01
  0.13524097E+01  0.12720668E+01  0.11961912E+01  0.11245810E+01  0.10569841E+01
  0.99315307E+00  0.93284577E+00  0.87586123E+00  0.82203373E+00  0.77119818E+00
  0.72321087E+00  0.67792787E+00  0.63524272E+00  0.59504378E+00  0.55717782E+00
  0.52150123E+00  0.48785835E+00  0.45615977E+00  0.42633126E+00  0.39828542E+00
  0.37193688E+00  0.34716043E+00  0.32387427E+00  0.30200572E+00  0.28148585E+00
  0.26221457E+00  0.24405826E+00  0.22695314E+00  0.21086439E+00  0.19577544E+00
  0.18169369E+00  0.16855436E+00  0.15627193E+00  0.14480937E+00  0.13414848E+00
  0.12426745E+00  0.11515532E+00  0.10675443E+00  0.99000496E-01  0.91866196E-01
  0.85313395E-01  0.79282663E-01  0.73686037E-01  0.68445525E-01  0.63527748E-01
  0.58943001E-01  0.54680624E-01  0.50710133E-01  0.47001335E-01  0.43557608E-01
  0.40388445E-01  0.37487502E-01  0.34837273E-01  0.32375627E-01  0.30057757E-01
  0.27888360E-01  0.25881196E-01  0.24039617E-01  0.22326755E-01  0.20721276E-01
  0.19230173E-01  0.17860720E-01  0.16613034E-01  0.15482283E-01
  0.10000000E+01  0.27816067E+01  0.43134714E+01  0.56290939E+01  0.67853964E+01
  0.78147633E+01  0.87402197E+01  0.95710063E+01  0.10312328E+02  0.10966384E+02
  0.11536692E+02  0.12025373E+02  0.12436662E+02  0.12774661E+02  0.13043567E+02
  0.13247319E+02  0.13390293E+02  0.13476589E+02  0.13511559E+02  0.13499718E+02
  0.13446722E+02  0.13356149E+02  0.13232702E+02  0.13079297E+02  0.12899582E+02
  0.12696786E+02  0.12474429E+02  0.12235476E+02  0.11982890E+02  0.11719132E+02
  0.11446609E+02  0.11167155E+02  0.10882491E+02  0.10594288E+02  0.10303962E+02
  0.10012723E+02  0.97217303E+01  0.94320784E+01  0.91446759E+01  0.88603060E+01
  0.85796546E+01  0.83032666E+01  0.80315205E+01  0.77647501E+01  0.75032178E+01
  0.72470723E+01  0.69964803E+01  0.67515247E+01  0.65122206E+01  0.62786561E+01
  0.60508309E+01  0.58287991E+01  0.56125128E+01  0.54019964E+01  0.51972438E+01
  0.49982666E+01  0.48050367E+01  0.46175046E+01  0.44356238E+01  0.42593863E+01
  0.40887892E+01  0.39238395E+01  0.37645387E+01  0.36108578E+01  0.34627425E+01
  0.33201126E+01  0.31828862E+01  0.30509361E+01  0.29241377E+01  0.28023143E+01
  0.26852790E+01  0.25728429E+01  0.24648283E+01  0.23610838E+01  0.22614949E+01
  0.21659461E+01  0.20743138E+01  0.19864739E+01  0.19022633E+01  0.18215019E+01
  0.17440144E+01  0.16696558E+01  0.15983182E+01  0.15298944E+01  0.14643018E+01
  0.14014558E+01  0.13412503E+01  0.12835644E+01  0.12282673E+01  0.11752047E+01
  0.11242211E+01  0.10751956E+01  0.10280590E+01  0.98279208E+00  0.93940184E+00
  0.89788962E+00  0.85822858E+00  0.82035340E+00  0.78418761E+00  0.74965604E+00
  0.71666251E+00  0.68512776E+00  0.65498126E+00  0.62616986E+00  0.59863304E+00
  0.57231502E+00  0.54716526E+00  0.52308989E+00  0.50000481E+00  0.47784120E+00
  0.45656198E+00  0.43613782E+00  0.41654135E+00  0.39776944E+00  0.37981360E+00
  0.36268670E+00  0.34637670E+00  0.33083332E+00  0.31599053E+00  0.30180823E+00
  0.28825040E+00  0.27527096E+00  0.26283938E+00  0.25091157E+00  0.23947285E+00
  0.22852361E+00  0.21807656E+00  0.20812514E+00  0.19863698E+00
  0.10000000E+01  0.28113719E+01  0.44126597E+01  0.58306929E+01  0.71126167E+01
  0.82859641E+01  0.93706550E+01  0.10374575E+02  0.11301117E+02  0.12150540E+02
  0.12924545E+02  0.13623798E+02  0.14250982E+02  0.14808639E+02  0.15299613E+02
  0.15726406E+02  0.16091807E+02  0.16398341E+02  0.16649390E+02  0.16848036E+02
  0.16998164E+02  0.17102541E+02  0.17164700E+02  0.17187220E+02  0.17173128E+02
  0.17125310E+02  0.17046877E+02  0.16940614E+02  0.16809293E+02  0.16655346E+02
  0.16481220E+02  0.16288985E+02  0.16080600E+02  0.15857992E+02  0.15622891E+02
  0.15376867E+02  0.15121463E+02  0.14858165E+02  0.14588278E+02  0.14313001E+02
  0.14033430E+02  0.13750516E+02  0.13465049E+02  0.13177761E+02  0.12889283E+02
  0.12600157E+02  0.12310957E+02  0.12022150E+02  0.11734126E+02  0.11447349E+02
  0.11162174E+02  0.10879018E+02  0.10598197E+02  0.10320045E+02  0.10044879E+02
  0.97730028E+01  0.95046883E+01  0.92401972E+01  0.89797643E+01  0.87236310E+01
  0.84720201E+01  0.82251653E+01  0.79833064E+01  0.77466480E+01  0.75153632E+01
  0.72895530E+01  0.70693124E+01  0.68546955E+01  0.66456974E+01  0.64422730E+01
  0.62443375E+01  0.60517766E+01  0.58644934E+01  0.56824244E+01  0.55055134E+01
  0.53337173E+01  0.51669822E+01  0.50052368E+01  0.48483709E+01  0.46962311E+01
  0.45486386E+01  0.44054370E+01  0.42665103E+01  0.41317858E+01  0.40011960E+01
  0.38746468E+01  0.37520335E+01  0.36332285E+01  0.35180603E+01  0.34063339E+01
  0.32978502E+01  0.31924438E+01  0.30900347E+01  0.29906227E+01  0.28942600E+01
  0.28009661E+01  0.27107086E+01  0.26234009E+01  0.25389408E+01  0.24571905E+01
  0.23780372E+01  0.23013580E+01  0.22270663E+01  0.21551218E+01  0.20854784E+01
  0.20180632E+01  0.19527819E+01  0.18895008E+01  0.18280886E+01  0.17684840E+01
  0.17106416E+01  0.16545316E+01  0.16001058E+01  0.15473209E+01  0.14961958E+01
  0.14467386E+01  0.13989416E+01  0.13527852E+01  0.13081496E+01  0.12649407E+01
  0.12230653E+01  0.11824662E+01  0.11431027E+01  0.11049221E+01  0.10678949E+01
  0.10320013E+01  0.99726687E+00  0.96369099E+00  0.93122978E+00
  0.10000000E+01  0.28339212E+01  0.44877838E+01  0.59829883E+01  0.73601520E+01
  0.86430274E+01  0.98497139E+01  0.10987306E+02  0.12058730E+02  0.13063033E+02
  0.14000942E+02  0.14872036E+02  0.15678034E+02  0.16420328E+02  0.17100927E+02
  0.17721341E+02  0.18283408E+02  0.18788635E+02  0.19239178E+02  0.19637046E+02
  0.19984826E+02  0.20284497E+02  0.20538524E+02  0.20748926E+02  0.20917949E+02
  0.21047892E+02  0.21141169E+02  0.21200058E+02  0.21226804E+02  0.21223485E+02
  0.21192189E+02  0.21134831E+02  0.21053219E+02  0.20949169E+02  0.20824332E+02
  0.20680296E+02  0.20518644E+02  0.20340896E+02  0.20148457E+02  0.19942628E+02
  0.19724626E+02  0.19495565E+02  0.19256421E+02  0.19008135E+02  0.18751562E+02
  0.18487480E+02  0.18216687E+02  0.17939921E+02  0.17657876E+02  0.17371255E+02
  0.17080703E+02  0.16786888E+02  0.16490362E+02  0.16191737E+02  0.15891600E+02
  0.15590525E+02  0.15289049E+02  0.14987650E+02  0.14686820E+02  0.14387039E+02
  0.14088759E+02  0.13792451E+02  0.13498572E+02  0.13207525E+02  0.12919698E+02
  0.12635428E+02  0.12355004E+02  0.12078668E+02  0.11806606E+02  0.11538937E+02
  0.11275737E+02  0.11017054E+02  0.10762953E+02  0.10513519E+02  0.10268829E+02
  0.10028947E+02  0.97939372E+01  0.95638298E+01  0.93385956E+01  0.91181529E+01
  0.89023858E+01  0.86912032E+01  0.84845446E+01  0.82824044E+01  0.80847521E+01
  0.78915613E+01  0.77027798E+01  0.75183417E+01  0.73381329E+01  0.71619589E+01
  0.69896218E+01  0.68209530E+01  0.66558885E+01  0.64944648E+01  0.63367634E+01
  0.61828318E+01  0.60326542E+01  0.58861353E+01  0.57431643E+01  0.56036191E+01
  0.54673782E+01  0.53343345E+01  0.52043942E+01  0.50775093E+01  0.49536455E+01
  0.48327636E+01  0.47147642E+01  0.45995061E+01  0.44868501E+01  0.43767088E+01
  0.42690229E+01  0.41637546E+01  0.40608868E+01  0.39603862E+01  0.38622411E+01
  0.37664541E+01  0.36730165E+01  0.35818873E+01  0.34929769E+01  0.34062023E+01
  0.33214705E+01  0.32386798E+01  0.31577795E+01  0.30787141E+01  0.30014748E+01
  0.29260513E+01  0.28524609E+01  0.27806967E+01  0.27107080E+01
  0.10000000E+01  0.28539146E+01  0.45544972E+01  0.61182368E+01  0.75804749E+01
  0.89613335E+01  0.10277402E+02  0.11534908E+02  0.12736943E+02  0.13881576E+02
  0.14969132E+02  0.15998179E+02  0.16969876E+02  0.17884570E+02  0.18743731E+02
  0.19548002E+02  0.20298634E+02  0.20996381E+02  0.21642589E+02  0.22238447E+02
  0.22785567E+02  0.23285247E+02  0.23739053E+02  0.24148416E+02  0.24514830E+02
  0.24839953E+02  0.25125427E+02  0.25372940E+02  0.25584090E+02  0.25760497E+02
  0.25903733E+02  0.26015342E+02  0.26096770E+02  0.26149518E+02  0.26174986E+02
  0.26174546E+02  0.26149595E+02  0.26101498E+02  0.26031544E+02  0.25940964E+02
  0.25830938E+02  0.25702560E+02  0.25556847E+02  0.25394782E+02  0.25217296E+02
  0.25025294E+02  0.24819691E+02  0.24601365E+02  0.24371157E+02  0.24129905E+02
  0.23878435E+02  0.23617587E+02  0.23348136E+02  0.23070879E+02  0.22786584E+02
  0.22496023E+02  0.22199896E+02  0.21898901E+02  0.21593737E+02  0.21285073E+02
  0.20973554E+02  0.20659825E+02  0.20344513E+02  0.20028229E+02  0.19711569E+02
  0.19395061E+02  0.19079208E+02  0.18764448E+02  0.18451167E+02  0.18139695E+02
  0.17830301E+02  0.17523220E+02  0.17218699E+02  0.16916978E+02  0.16618284E+02
  0.16322836E+02  0.16030830E+02  0.15742440E+02  0.15457762E+02  0.15176848E+02
  0.14899711E+02  0.14626362E+02  0.14356842E+02  0.14091213E+02  0.13829553E+02
  0.13571920E+02  0.13318367E+02  0.13068905E+02  0.12823471E+02  0.12581926E+02
  0.12344118E+02  0.12109920E+02  0.11879338E+02  0.11652472E+02  0.11429455E+02
  0.11210392E+02  0.10995278E+02  0.10784033E+02  0.10576561E+02  0.10372750E+02
  0.10172495E+02  0.99757148E+01  0.97823714E+01  0.95924202E+01  0.94058661E+01
  0.92227033E+01  0.90428367E+01  0.88661656E+01  0.86925631E+01  0.85219530E+01
  0.83542999E+01  0.81895606E+01  0.80277086E+01  0.78687288E+01  0.77126122E+01
  0.75593689E+01  0.74089978E+01  0.72614625E+01  0.71166814E+01  0.69745804E+01
  0.68350841E+01  0.66981098E+01  0.65635823E+01  0.64314451E+01  0.63016799E+01
  0.61742781E+01  0.60492719E+01  0.59266775E+01  0.58064617E+01
  0.10000000E+01  0.28686714E+01  0.46040763E+01  0.62188930E+01  0.77452457E+01
  0.92002579E+01  0.10599510E+02  0.11948129E+02  0.13249918E+02  0.14502182E+02
  0.15705631E+02  0.16857965E+02  0.17960444E+02  0.19012477E+02  0.20015497E+02
  0.20969419E+02  0.21875369E+02  0.22733560E+02  0.23545036E+02  0.24310443E+02
  0.25030860E+02  0.25707140E+02  0.26340261E+02  0.26931240E+02  0.27481004E+02
  0.27990758E+02  0.28461520E+02  0.28894525E+02  0.29290813E+02  0.29651585E+02
  0.29977898E+02  0.30270921E+02  0.30531678E+02  0.30761293E+02  0.30960787E+02
  0.31131212E+02  0.31273624E+02  0.31389076E+02  0.31478581E+02  0.31543120E+02
  0.31583663E+02  0.31601102E+02  0.31596307E+02  0.31570131E+02  0.31523402E+02
  0.31456954E+02  0.31371627E+02  0.31268227E+02  0.31147565E+02  0.31010443E+02
  0.30857658E+02  0.30690036E+02  0.30508370E+02  0.30313451E+02  0.30106091E+02
  0.29887101E+02  0.29657243E+02  0.29417275E+02  0.29167952E+02  0.28910010E+02
  0.28644160E+02  0.28371118E+02  0.28091592E+02  0.27806282E+02  0.27515872E+02
  0.27221016E+02  0.26922333E+02  0.26620390E+02  0.26315726E+02  0.26008813E+02
  0.25700074E+02  0.25389910E+02  0.25078727E+02  0.24766911E+02  0.24454846E+02
  0.24142900E+02  0.23831398E+02  0.23520650E+02  0.23210908E+02  0.22902377E+02
  0.22595205E+02  0.22289567E+02  0.21985644E+02  0.21683614E+02  0.21383654E+02
  0.21085926E+02  0.20790589E+02  0.20497765E+02  0.20207508E+02  0.19919790E+02
  0.19634596E+02  0.19351908E+02  0.19071808E+02  0.18794442E+02  0.18519984E+02
  0.18248573E+02  0.17980273E+02  0.17715087E+02  0.17452983E+02  0.17193906E+02
  0.16937809E+02  0.16684659E+02  0.16434447E+02  0.16187217E+02  0.15942998E+02
  0.15701823E+02  0.15463656E+02  0.15228395E+02  0.14995958E+02  0.14766314E+02
  0.14539466E+02  0.14315428E+02  0.14094205E+02  0.13875786E+02  0.13660158E+02
  0.13447316E+02  0.13237274E+02  0.13030021E+02  0.12825548E+02  0.12623819E+02
  0.12424784E+02  0.12228377E+02  0.12034520E+02  0.11843169E+02  0.11654291E+02
  0.11467909E+02  0.11284112E+02  0.11102918E+02  0.10924317E+02
  0.10000000E+01  0.28817096E+01  0.46481805E+01  0.63086827E+01  0.78926131E+01
  0.94142049E+01  0.10888097E+02  0.12318080E+02  0.13708706E+02  0.15056463E+02
  0.16362678E+02  0.17624188E+02  0.18842582E+02  0.20016360E+02  0.21147092E+02
  0.22233979E+02  0.23278151E+02  0.24279310E+02  0.25238317E+02  0.26155354E+02
  0.27031128E+02  0.27866131E+02  0.28660914E+02  0.29416181E+02  0.30132434E+02
  0.30810541E+02  0.31451034E+02  0.32054814E+02  0.32622467E+02  0.33154877E+02
  0.33652688E+02  0.34116758E+02  0.34547759E+02  0.34946497E+02  0.35313692E+02
  0.35650103E+02  0.35956505E+02  0.36233648E+02  0.36482314E+02  0.36703235E+02
  0.36897155E+02  0.37064777E+02  0.37206823E+02  0.37323976E+02  0.37416962E+02
  0.37486467E+02  0.37533203E+02  0.37557866E+02  0.37561148E+02  0.37543763E+02
  0.37506442E+02  0.37449944E+02  0.37374998E+02  0.37282353E+02  0.37172757E+02
  0.37046970E+02  0.36905746E+02  0.36749844E+02  0.36580000E+02  0.36396951E+02
  0.36201404E+02  0.35994065E+02  0.35775670E+02  0.35546932E+02  0.35308598E+02
  0.35061372E+02  0.34805932E+02  0.34542898E+02  0.34272885E+02  0.33996465E+02
  0.33714176E+02  0.33426555E+02  0.33134108E+02  0.32837330E+02  0.32536695E+02
  0.32232660E+02  0.31925676E+02  0.31616167E+02  0.31304530E+02  0.30991100E+02
  0.30676182E+02  0.30360051E+02  0.30042986E+02  0.29725285E+02  0.29407239E+02
  0.29089126E+02  0.28771210E+02  0.28453713E+02  0.28136804E+02  0.27820599E+02
  0.27505183E+02  0.27190679E+02  0.26877238E+02  0.26565087E+02  0.26254424E+02
  0.25945455E+02  0.25638300E+02  0.25333032E+02  0.25029708E+02  0.24728336E+02
  0.24428951E+02  0.24131595E+02  0.23836335E+02  0.23543269E+02  0.23252488E+02
  0.22964054E+02  0.22677964E+02  0.22394178E+02  0.22112666E+02  0.21833423E+02
  0.21556494E+02  0.21281936E+02  0.21009760E+02  0.20739979E+02  0.20472616E+02
  0.20207680E+02  0.19945218E+02  0.19685248E+02  0.19427773E+02  0.19172769E+02
  0.18920223E+02  0.18670106E+02  0.18422345E+02  0.18176922E+02  0.17933844E+02
  0.17693141E+02  0.17454878E+02  0.17219097E+02  0.16985794E+02
  0.10000000E+01  0.28877194E+01  0.46691566E+01  0.63519235E+01  0.79645262E+01
  0.95196069E+01  0.11031295E+02  0.12502303E+02  0.13937737E+02  0.15333682E+02
  0.16692137E+02  0.18009530E+02  0.19287955E+02  0.20525473E+02  0.21723967E+02
  0.22882273E+02  0.24001733E+02  0.25081805E+02  0.26123458E+02  0.27126667E+02
  0.28092131E+02  0.29020180E+02  0.29911289E+02  0.30766019E+02  0.31584760E+02
  0.32368233E+02  0.33116818E+02  0.33831263E+02  0.34511993E+02  0.35159739E+02
  0.35774980E+02  0.36358420E+02  0.36910574E+02  0.37432084E+02  0.37923509E+02
  0.38385439E+02  0.38818497E+02  0.39223248E+02  0.39600331E+02  0.39950297E+02
  0.40273750E+02  0.40571221E+02  0.40843291E+02  0.41090496E+02  0.41313400E+02
  0.41512554E+02  0.41688530E+02  0.41841883E+02  0.41973165E+02  0.42082942E+02
  0.42171802E+02  0.42240349E+02  0.42289194E+02  0.42318932E+02  0.42330185E+02
  0.42323599E+02  0.42299797E+02  0.42259410E+02  0.42203058E+02  0.42131353E+02
  0.42044883E+02  0.41944272E+02  0.41830128E+02  0.41703091E+02  0.41563815E+02
  0.41412913E+02  0.41250987E+02  0.41078620E+02  0.40896351E+02  0.40704720E+02
  0.40504251E+02  0.40295438E+02  0.40078781E+02  0.39854761E+02  0.39623846E+02
  0.39386492E+02  0.39143154E+02  0.38894268E+02  0.38640232E+02  0.38381436E+02
  0.38118226E+02  0.37850917E+02  0.37579852E+02  0.37305369E+02  0.37027790E+02
  0.36747428E+02  0.36464611E+02  0.36179617E+02  0.35892690E+02  0.35604035E+02
  0.35313816E+02  0.35022233E+02  0.34729507E+02  0.34435876E+02  0.34141620E+02
  0.33846965E+02  0.33552106E+02  0.33257178E+02  0.32962276E+02  0.32667505E+02
  0.32372966E+02  0.32078779E+02  0.31785084E+02  0.31492032E+02  0.31199757E+02
  0.30908369E+02  0.30617922E+02  0.30328444E+02  0.30039978E+02  0.29752572E+02
  0.29466311E+02  0.29181275E+02  0.28897527E+02  0.28615106E+02  0.28334074E+02
  0.28054493E+02  0.27776412E+02  0.27499876E+02  0.27224907E+02  0.26951518E+02
  0.26679725E+02  0.26409513E+02  0.26140886E+02  0.25873849E+02  0.25608415E+02
  0.25344646E+02  0.25082599E+02  0.24822335E+02  0.24563886E+02
  0.10000000E+01  0.28943841E+01  0.46922519E+01  0.63995245E+01  0.80434226E+01
  0.96350383E+01  0.11187791E+02  0.12703465E+02  0.14187475E+02  0.15635565E+02
  0.17050155E+02  0.18427345E+02  0.19769522E+02  0.21074376E+02  0.22343967E+02
  0.23576815E+02  0.24774361E+02  0.25935800E+02  0.27062097E+02  0.28152994E+02
  0.29209129E+02  0.30230631E+02  0.31217901E+02  0.32171334E+02  0.33091215E+02
  0.33978094E+02  0.34832224E+02  0.35654190E+02  0.36444262E+02  0.37203037E+02
  0.37930846E+02  0.38628250E+02  0.39295637E+02  0.39933494E+02  0.40542267E+02
  0.41122396E+02  0.41674375E+02  0.42198633E+02  0.42695687E+02  0.43165944E+02
  0.43609909E+02  0.44027990E+02  0.44420665E+02  0.44788350E+02  0.45131520E+02
  0.45450611E+02  0.45746091E+02  0.46018402E+02  0.46268007E+02  0.46495378E+02
  0.46700981E+02  0.46885325E+02  0.47048901E+02  0.47192209E+02  0.47315764E+02
  0.47420114E+02  0.47505792E+02  0.47573334E+02  0.47623276E+02  0.47656129E+02
  0.47672412E+02  0.47672646E+02  0.47657353E+02  0.47627098E+02  0.47582455E+02
  0.47523974E+02  0.47452193E+02  0.47367630E+02  0.47270785E+02  0.47162146E+02
  0.47042191E+02  0.46911391E+02  0.46770212E+02  0.46619110E+02  0.46458541E+02
  0.46288965E+02  0.46110825E+02  0.45924544E+02  0.45730545E+02  0.45529209E+02
  0.45320905E+02  0.45105993E+02  0.44884827E+02  0.44657771E+02  0.44425171E+02
  0.44187372E+02  0.43944710E+02  0.43697496E+02  0.43446026E+02  0.43190549E+02
  0.42931304E+02  0.42668556E+02  0.42402566E+02  0.42133618E+02  0.41862018E+02
  0.41588026E+02  0.41311863E+02  0.41033722E+02  0.40753778E+02  0.40472197E+02
  0.40189140E+02  0.39904786E+02  0.39619329E+02  0.39332956E+02  0.39045849E+02
  0.38758169E+02  0.38470040E+02  0.38181536E+02  0.37892730E+02  0.37603734E+02
  0.37314673E+02  0.37025674E+02  0.36736856E+02  0.36448314E+02  0.36160134E+02
  0.35872399E+02  0.35585181E+02  0.35298556E+02  0.35012580E+02  0.34727311E+02
  0.34442809E+02  0.34159095E+02  0.33876180E+02  0.33594093E+02  0.33312880E+02
  0.33032597E+02  0.32753340E+02  0.32475177E+02  0.32198163E+02
  0.10000000E+01  0.28968012E+01  0.47010589E+01  0.64182913E+01  0.80752823E+01
  0.96827010E+01  0.11253377E+02  0.12788785E+02  0.14294208E+02  0.15765533E+02
  0.17205259E+02  0.18609644E+02  0.19981161E+02  0.21317582E+02  0.22621008E+02
  0.23889977E+02  0.25125976E+02  0.26328182E+02  0.27497629E+02  0.28634019E+02
  0.29738055E+02  0.30809811E+02  0.31849731E+02  0.32858124E+02  0.33835313E+02
  0.34781768E+02  0.35697766E+02  0.36583812E+02  0.37440204E+02  0.38267443E+02
  0.39065867E+02  0.39835944E+02  0.40578043E+02  0.41292591E+02  0.41980008E+02
  0.42640653E+02  0.43274992E+02  0.43883378E+02  0.44466272E+02  0.45024000E+02
  0.45557013E+02  0.46065663E+02  0.46550374E+02  0.47011492E+02  0.47449426E+02
  0.47864526E+02  0.48257188E+02  0.48627778E+02  0.48976696E+02  0.49304332E+02
  0.49611088E+02  0.49897391E+02  0.50163653E+02  0.50410286E+02  0.50637714E+02
  0.50846385E+02  0.51036752E+02  0.51209263E+02  0.51364354E+02  0.51502467E+02
  0.51624035E+02  0.51729486E+02  0.51819261E+02  0.51893832E+02  0.51953681E+02
  0.51999261E+02  0.52031036E+02  0.52049426E+02  0.52054867E+02  0.52047772E+02
  0.52028555E+02  0.51997608E+02  0.51955311E+02  0.51902066E+02  0.51838246E+02
  0.51764246E+02  0.51680450E+02  0.51587248E+02  0.51484994E+02  0.51374027E+02
  0.51254684E+02  0.51127285E+02  0.50992148E+02  0.50849607E+02  0.50699980E+02
  0.50543572E+02  0.50380689E+02  0.50211632E+02  0.50036676E+02  0.49856059E+02
  0.49670035E+02  0.49478843E+02  0.49282737E+02  0.49081999E+02  0.48876894E+02
  0.48667681E+02  0.48454605E+02  0.48237861E+02  0.48017646E+02  0.47794146E+02
  0.47567546E+02  0.47338039E+02  0.47105821E+02  0.46871100E+02  0.46634072E+02
  0.46394930E+02  0.46153822E+02  0.45910854E+02  0.45666134E+02  0.45419778E+02
  0.45171936E+02  0.44922750E+02  0.44672353E+02  0.44420867E+02  0.44168418E+02
  0.43915114E+02  0.43661043E+02  0.43406312E+02  0.43151010E+02  0.42895222E+02
  0.42639023E+02  0.42382462E+02  0.42125601E+02  0.41868480E+02  0.41611163E+02
  0.41353743E+02  0.41096302E+02  0.40838927E+02  0.40581686E+02
  0.10000000E+01  0.29008572E+01  0.47152902E+01  0.64480298E+01  0.81249345E+01
  0.97558870E+01  0.11353005E+02  0.12917308E+02  0.14453974E+02  0.15958874E+02
  0.17434589E+02  0.18877389E+02  0.20289811E+02  0.21669567E+02  0.23018775E+02
  0.24335896E+02  0.25622428E+02  0.26877464E+02  0.28102030E+02  0.29295737E+02
  0.30459271E+02  0.31592603E+02  0.32696179E+02  0.33770200E+02  0.34814983E+02
  0.35830890E+02  0.36818193E+02  0.37777295E+02  0.38708464E+02  0.39612097E+02
  0.40488507E+02  0.41338063E+02  0.42161111E+02  0.42957973E+02  0.43729037E+02
  0.44474576E+02  0.45195000E+02  0.45890596E+02  0.46561749E+02  0.47208736E+02
  0.47831951E+02  0.48431664E+02  0.49008250E+02  0.49561969E+02  0.50093190E+02
  0.50602187E+02  0.51089299E+02  0.51554836E+02  0.51999140E+02  0.52422537E+02
  0.52825364E+02  0.53207970E+02  0.53570710E+02  0.53913922E+02  0.54237973E+02
  0.54543248E+02  0.54830124E+02  0.55098978E+02  0.55350176E+02  0.55584090E+02
  0.55801088E+02  0.56001529E+02  0.56185805E+02  0.56354319E+02  0.56507478E+02
  0.56645673E+02  0.56769302E+02  0.56878731E+02  0.56974334E+02  0.57056467E+02
  0.57125506E+02  0.57181790E+02  0.57225655E+02  0.57257455E+02  0.57277540E+02
  0.57286259E+02  0.57283967E+02  0.57271004E+02  0.57247695E+02  0.57214360E+02
  0.57171294E+02  0.57118811E+02  0.57057213E+02  0.56986811E+02  0.56907902E+02
  0.56820775E+02  0.56725723E+02  0.56623027E+02  0.56512965E+02  0.56395778E+02
  0.56271712E+02  0.56141022E+02  0.56003961E+02  0.55860796E+02  0.55711806E+02
  0.55557250E+02  0.55397368E+02  0.55232376E+02  0.55062484E+02  0.54887881E+02
  0.54708786E+02  0.54525401E+02  0.54337943E+02  0.54146620E+02  0.53951644E+02
  0.53753224E+02  0.53551532E+02  0.53346707E+02  0.53138874E+02  0.52928175E+02
  0.52714774E+02  0.52498818E+02  0.52280483E+02  0.52059901E+02  0.51837214E+02
  0.51612569E+02  0.51386080E+02  0.51157873E+02  0.50928039E+02  0.50696689E+02
  0.50463915E+02  0.50229787E+02  0.49994382E+02  0.49757788E+02  0.49520090E+02
  0.49281387E+02  0.49041781E+02  0.48801371E+02  0.48560241E+02
  0.10000000E+01  0.29026096E+01  0.47217839E+01  0.64621041E+01  0.81490714E+01
  0.97923611E+01  0.11403577E+02  0.12983586E+02  0.14537335E+02  0.16060874E+02
  0.17556740E+02  0.19021391E+02  0.20457364E+02  0.21862497E+02  0.23238905E+02
  0.24585105E+02  0.25902607E+02  0.27190521E+02  0.28449918E+02  0.29680385E+02
  0.30882674E+02  0.32056693E+02  0.33202952E+02  0.34321570E+02  0.35412934E+02
  0.36477314E+02  0.37515051E+02  0.38526455E+02  0.39511856E+02  0.40471554E+02
  0.41405909E+02  0.42315200E+02  0.43199796E+02  0.44059951E+02  0.44896057E+02
  0.45708342E+02  0.46497221E+02  0.47262919E+02  0.48005812E+02  0.48726123E+02
  0.49424203E+02  0.50100288E+02  0.50754714E+02  0.51387710E+02  0.51999599E+02
  0.52590624E+02  0.53161084E+02  0.53711236E+02  0.54241380E+02  0.54751782E+02
  0.55242750E+02  0.55714575E+02  0.56167567E+02  0.56602019E+02  0.57018252E+02
  0.57416586E+02  0.57797354E+02  0.58160854E+02  0.58507407E+02  0.58837316E+02
  0.59150899E+02  0.59448465E+02  0.59730340E+02  0.59996872E+02  0.60248408E+02
  0.60485275E+02  0.60707797E+02  0.60916290E+02  0.61111057E+02  0.61292418E+02
  0.61460679E+02  0.61616128E+02  0.61759064E+02  0.61889767E+02  0.62008526E+02
  0.62115631E+02  0.62211385E+02  0.62296080E+02  0.62369989E+02  0.62433371E+02
  0.62486510E+02  0.62529642E+02  0.62563039E+02  0.62586950E+02  0.62601633E+02
  0.62607344E+02  0.62604328E+02  0.62592846E+02  0.62573127E+02  0.62545397E+02
  0.62509875E+02  0.62466764E+02  0.62416309E+02  0.62358751E+02  0.62294349E+02
  0.62223320E+02  0.62145899E+02  0.62062270E+02  0.61972612E+02  0.61877113E+02
  0.61775982E+02  0.61669411E+02  0.61557595E+02  0.61440754E+02  0.61319091E+02
  0.61192782E+02  0.61062007E+02  0.60926908E+02  0.60787608E+02  0.60644271E+02
  0.60497062E+02  0.60346134E+02  0.60191656E+02  0.60033781E+02  0.59872649E+02
  0.59708402E+02  0.59541166E+02  0.59371071E+02  0.59198233E+02  0.59022767E+02
  0.58844780E+02  0.58664351E+02  0.58481558E+02  0.58296510E+02  0.58109289E+02
  0.57920007E+02  0.57728802E+02  0.57535775E+02  0.57341032E+02
  0.10000000E+01  0.29047678E+01  0.47294483E+01  0.64783018E+01  0.81763404E+01
  0.98328759E+01  0.11459107E+02  0.13055694E+02  0.14627450E+02  0.16170428E+02
  0.17687170E+02  0.19174172E+02  0.20633979E+02  0.22064433E+02  0.23467647E+02
  0.24842111E+02  0.26189339E+02  0.27508394E+02  0.28800350E+02  0.30064743E+02
  0.31302326E+02  0.32512947E+02  0.33697129E+02  0.34854916E+02  0.35986712E+02
  0.37092716E+02  0.38173293E+02  0.39228665E+02  0.40259186E+02  0.41265072E+02
  0.42246709E+02  0.43204301E+02  0.44138234E+02  0.45048707E+02  0.45936100E+02
  0.46800599E+02  0.47642590E+02  0.48462276E+02  0.49260003E+02  0.50035971E+02
  0.50790512E+02  0.51523827E+02  0.52236246E+02  0.52927961E+02  0.53599260E+02
  0.54250353E+02  0.54881523E+02  0.55493006E+02  0.56085078E+02  0.56657992E+02
  0.57212017E+02  0.57747416E+02  0.58264491E+02  0.58763482E+02  0.59244685E+02
  0.59708393E+02  0.60154915E+02  0.60584515E+02  0.60997491E+02  0.61394115E+02
  0.61774683E+02  0.62139465E+02  0.62488766E+02  0.62822894E+02  0.63142172E+02
  0.63446898E+02  0.63737372E+02  0.64013875E+02  0.64276684E+02  0.64526076E+02
  0.64762342E+02  0.64985739E+02  0.65196535E+02  0.65394992E+02  0.65581382E+02
  0.65755972E+02  0.65919031E+02  0.66070808E+02  0.66211563E+02  0.66341527E+02
  0.66460956E+02  0.66570075E+02  0.66669137E+02  0.66758376E+02  0.66838025E+02
  0.66908301E+02  0.66969437E+02  0.67021671E+02  0.67065218E+02  0.67100283E+02
  0.67127076E+02  0.67145783E+02  0.67156619E+02  0.67159808E+02  0.67155596E+02
  0.67144199E+02  0.67125836E+02  0.67100679E+02  0.67068903E+02  0.67030677E+02
  0.66986183E+02  0.66935604E+02  0.66879145E+02  0.66816994E+02  0.66749349E+02
  0.66676392E+02  0.66598279E+02  0.66515145E+02  0.66427108E+02  0.66334317E+02
  0.66236948E+02  0.66135167E+02  0.66029127E+02  0.65918991E+02  0.65804905E+02
  0.65686997E+02  0.65565394E+02  0.65440224E+02  0.65311608E+02  0.65179640E+02
  0.65044448E+02  0.64906121E+02  0.64764741E+02  0.64620413E+02  0.64473243E+02
  0.64323320E+02  0.64170770E+02  0.64015704E+02  0.63858233E+02
  0.10000000E+01  0.29056868E+01  0.47329942E+01  0.64861350E+01  0.81900186E+01
  0.98537879E+01  0.11488450E+02  0.13094489E+02  0.14676648E+02  0.16230984E+02
  0.17760079E+02  0.19260470E+02  0.20734763E+02  0.22180819E+02  0.23600804E+02
  0.24993206E+02  0.26359579E+02  0.27698978E+02  0.29012527E+02  0.30299725E+02
  0.31561395E+02  0.32797329E+02  0.34008113E+02  0.35193734E+02  0.36354671E+02
  0.37491037E+02  0.38603278E+02  0.39691520E+02  0.40756200E+02  0.41797447E+02
  0.42815716E+02  0.43811132E+02  0.44784129E+02  0.45734846E+02  0.46663696E+02
  0.47570825E+02  0.48456624E+02  0.49321274E+02  0.50165119E+02  0.50988338E+02
  0.51791236E+02  0.52574023E+02  0.53336979E+02  0.54080298E+02  0.54804253E+02
  0.55509028E+02  0.56194905E+02  0.56862079E+02  0.57510817E+02  0.58141334E+02
  0.58753903E+02  0.59348752E+02  0.59926152E+02  0.60486330E+02  0.61029576E+02
  0.61556131E+02  0.62066285E+02  0.62560278E+02  0.63038386E+02  0.63500839E+02
  0.63947918E+02  0.64379864E+02  0.64796966E+02  0.65199478E+02  0.65587709E+02
  0.65961930E+02  0.66322412E+02  0.66669417E+02  0.67003182E+02  0.67323965E+02
  0.67632008E+02  0.67927530E+02  0.68210779E+02  0.68481981E+02  0.68741394E+02
  0.68989246E+02  0.69225789E+02  0.69451240E+02  0.69665828E+02  0.69869751E+02
  0.70063223E+02  0.70246454E+02  0.70419676E+02  0.70583097E+02  0.70736925E+02
  0.70881355E+02  0.71016589E+02  0.71142823E+02  0.71260245E+02  0.71369041E+02
  0.71469385E+02  0.71561443E+02  0.71645432E+02  0.71721536E+02  0.71789968E+02
  0.71850931E+02  0.71904617E+02  0.71951174E+02  0.71990767E+02  0.72023549E+02
  0.72049691E+02  0.72069369E+02  0.72082758E+02  0.72090026E+02  0.72091349E+02
  0.72086861E+02  0.72076732E+02  0.72061071E+02  0.72040008E+02  0.72013678E+02
  0.71982241E+02  0.71945844E+02  0.71904630E+02  0.71858729E+02  0.71808297E+02
  0.71753457E+02  0.71694336E+02  0.71631062E+02  0.71563749E+02  0.71492500E+02
  0.71417411E+02  0.71338556E+02  0.71256024E+02  0.71169900E+02  0.71080286E+02
  0.70987296E+02  0.70891050E+02  0.70791645E+02  0.70689192E+02
  0.10000000E+01  0.29090177E+01  0.47446392E+01  0.65104580E+01  0.82306093E+01
  0.99135708E+01  0.11569865E+02  0.13199590E+02  0.14807419E+02  0.16389294E+02
  0.17947846E+02  0.19479527E+02  0.20986994E+02  0.22467994E+02  0.23924714E+02
  0.25355536E+02  0.26762021E+02  0.28143120E+02  0.29499945E+02  0.30831891E+02
  0.32139756E+02  0.33423245E+02  0.34682928E+02  0.35918696E+02  0.37131044E+02
  0.38319971E+02  0.39485944E+02  0.40628962E+02  0.41749489E+02  0.42847539E+02
  0.43923588E+02  0.44977672E+02  0.46010217E+02  0.47021283E+02  0.48011263E+02
  0.48980245E+02  0.49928600E+02  0.50856475E+02  0.51764167E+02  0.52651837E+02
  0.53519750E+02  0.54368077E+02  0.55197072E+02  0.56006908E+02  0.56797817E+02
  0.57569973E+02  0.58323621E+02  0.59058936E+02  0.59776172E+02  0.60475495E+02
  0.61157174E+02  0.61821382E+02  0.62468394E+02  0.63098396E+02  0.63711655E+02
  0.64308379E+02  0.64888840E+02  0.65453223E+02  0.66001784E+02  0.66534739E+02
  0.67052335E+02  0.67554780E+02  0.68042339E+02  0.68515255E+02  0.68973793E+02
  0.69418201E+02  0.69848738E+02  0.70265628E+02  0.70669107E+02  0.71059395E+02
  0.71436734E+02  0.71801304E+02  0.72153337E+02  0.72493044E+02  0.72820640E+02
  0.73136353E+02  0.73440412E+02  0.73733013E+02  0.74014371E+02  0.74284672E+02
  0.74544116E+02  0.74792897E+02  0.75031220E+02  0.75259293E+02  0.75477314E+02
  0.75685444E+02  0.75883903E+02  0.76072851E+02  0.76252485E+02  0.76422955E+02
  0.76584446E+02  0.76737127E+02  0.76881178E+02  0.77016792E+02  0.77144175E+02
  0.77263495E+02  0.77374943E+02  0.77478670E+02  0.77574816E+02  0.77663525E+02
  0.77744982E+02  0.77819346E+02  0.77886786E+02  0.77947462E+02  0.78001560E+02
  0.78049228E+02  0.78090605E+02  0.78125807E+02  0.78154965E+02  0.78178193E+02
  0.78195655E+02  0.78207501E+02  0.78213879E+02  0.78214931E+02  0.78210813E+02
  0.78201637E+02  0.78187540E+02  0.78168630E+02  0.78145014E+02  0.78116800E+02
  0.78084085E+02  0.78046954E+02  0.78005510E+02  0.77959835E+02  0.77910027E+02
  0.77856211E+02  0.77798496E+02  0.77736987E+02  0.77671801E+02
  0.10000000E+01  0.29083289E+01  0.47427986E+01  0.65072172E+01  0.82262187E+01
  0.99083916E+01  0.11564378E+02  0.13194203E+02  0.14802609E+02  0.16385590E+02
  0.17945908E+02  0.19480098E+02  0.20990929E+02  0.22476229E+02  0.23938264E+02
  0.25375469E+02  0.26789476E+02  0.28179288E+02  0.29546100E+02  0.30889355E+02
  0.32209927E+02  0.33507513E+02  0.34782746E+02  0.36035472E+02  0.37266238E+02
  0.38474997E+02  0.39662290E+02  0.40828058E+02  0.41972836E+02  0.43096574E+02
  0.44199794E+02  0.45282468E+02  0.46345069E+02  0.47387600E+02  0.48410484E+02
  0.49413768E+02  0.50397830E+02  0.51362786E+02  0.52308933E+02  0.53236388E+02
  0.54145422E+02  0.55036169E+02  0.55908881E+02  0.56763683E+02  0.57600815E+02
  0.58420398E+02  0.59222669E+02  0.60007763E+02  0.60775923E+02  0.61527272E+02
  0.62262054E+02  0.62980412E+02  0.63682587E+02  0.64368735E+02  0.65039110E+02
  0.65693873E+02  0.66333271E+02  0.66957453E+02  0.67566643E+02  0.68161017E+02
  0.68740800E+02  0.69306168E+02  0.69857367E+02  0.70394603E+02  0.70918102E+02
  0.71428080E+02  0.71924750E+02  0.72408304E+02  0.72878948E+02  0.73336862E+02
  0.73782252E+02  0.74215287E+02  0.74636156E+02  0.75045024E+02  0.75442089E+02
  0.75827524E+02  0.76201525E+02  0.76564269E+02  0.76915942E+02  0.77256697E+02
  0.77586727E+02  0.77906191E+02  0.78215272E+02  0.78514146E+02  0.78802989E+02
  0.79081939E+02  0.79351192E+02  0.79610884E+02  0.79861184E+02  0.80102226E+02
  0.80334164E+02  0.80557138E+02  0.80771306E+02  0.80976827E+02  0.81173909E+02
  0.81362696E+02  0.81543367E+02  0.81716054E+02  0.81880887E+02  0.82037989E+02
  0.82187525E+02  0.82329635E+02  0.82464496E+02  0.82592250E+02  0.82713056E+02
  0.82827067E+02  0.82934401E+02  0.83035146E+02  0.83129444E+02  0.83217407E+02
  0.83299176E+02  0.83374907E+02  0.83444755E+02  0.83508822E+02  0.83567265E+02
  0.83620176E+02  0.83667691E+02  0.83709915E+02  0.83746965E+02  0.83778946E+02
  0.83805959E+02  0.83828091E+02  0.83845415E+02  0.83858010E+02  0.83865988E+02
  0.83869459E+02  0.83868533E+02  0.83863320E+02  0.83853950E+02
  0.10000000E+01  0.29072710E+01  0.47395011E+01  0.65007492E+01  0.82161227E+01
  0.98943517E+01  0.11546294E+02  0.13171931E+02  0.14776108E+02  0.16354801E+02
  0.17910882E+02  0.19440881E+02  0.20947671E+02  0.22429100E+02  0.23887521E+02
  0.25321389E+02  0.26732414E+02  0.28119621E+02  0.29484282E+02  0.30825861E+02
  0.32145290E+02  0.33442282E+02  0.34717523E+02  0.35970835E+02  0.37202839E+02
  0.38413454E+02  0.39603297E+02  0.40772270E+02  0.41920969E+02  0.43049314E+02
  0.44157901E+02  0.45246661E+02  0.46316101E+02  0.47366212E+02  0.48397453E+02
  0.49409838E+02  0.50403788E+02  0.51379395E+02  0.52336988E+02  0.53276672E+02
  0.54198713E+02  0.55103243E+02  0.55990519E+02  0.56860649E+02  0.57713881E+02
  0.58550312E+02  0.59370205E+02  0.60173666E+02  0.60960938E+02  0.61732142E+02
  0.62487516E+02  0.63227196E+02  0.63951439E+02  0.64660377E+02  0.65354250E+02
  0.66033209E+02  0.66697490E+02  0.67347240E+02  0.67982669E+02  0.68603949E+02
  0.69211301E+02  0.69804890E+02  0.70384943E+02  0.70951639E+02  0.71505207E+02
  0.72045849E+02  0.72573770E+02  0.73089161E+02  0.73592207E+02  0.74083078E+02
  0.74561950E+02  0.75028973E+02  0.75484327E+02  0.75928159E+02  0.76360662E+02
  0.76782004E+02  0.77192383E+02  0.77591953E+02  0.77980871E+02  0.78359267E+02
  0.78727323E+02  0.79085189E+02  0.79433031E+02  0.79771008E+02  0.80099291E+02
  0.80418003E+02  0.80727312E+02  0.81027350E+02  0.81318266E+02  0.81600160E+02
  0.81873201E+02  0.82137475E+02  0.82393151E+02  0.82640374E+02  0.82879332E+02
  0.83110170E+02  0.83333054E+02  0.83548089E+02  0.83755413E+02  0.83955140E+02
  0.84147409E+02  0.84332336E+02  0.84510096E+02  0.84680806E+02  0.84844620E+02
  0.85001660E+02  0.85152053E+02  0.85295887E+02  0.85433267E+02  0.85564290E+02
  0.85689111E+02  0.85807850E+02  0.85920639E+02  0.86027608E+02  0.86128881E+02
  0.86224564E+02  0.86314795E+02  0.86399645E+02  0.86479235E+02  0.86553649E+02
  0.86622989E+02  0.86687318E+02  0.86746714E+02  0.86801262E+02  0.86851057E+02
  0.86896188E+02  0.86936778E+02  0.86972925E+02  0.87004722E+02
  0.10000000E+01  0.29099056E+01  0.47487977E+01  0.65202269E+01  0.82487660E+01
  0.99425234E+01  0.11612065E+02  0.13256950E+02  0.14882059E+02  0.16483172E+02
  0.18063284E+02  0.19618796E+02  0.21152687E+02  0.22662667E+02  0.24151150E+02
  0.25616470E+02  0.27060378E+02  0.28481794E+02  0.29882008E+02  0.31260387E+02
  0.32617879E+02  0.33954092E+02  0.35269726E+02  0.36564520E+02  0.37839109E+02
  0.39093319E+02  0.40327804E+02  0.41542349E+02  0.42737602E+02  0.43913360E+02
  0.45070256E+02  0.46208122E+02  0.47327503E+02  0.48428308E+02  0.49511004E+02
  0.50575562E+02  0.51622383E+02  0.52651520E+02  0.53663266E+02  0.54657708E+02
  0.55635087E+02  0.56595519E+02  0.57539248E+02  0.58466350E+02  0.59377041E+02
  0.60271408E+02  0.61149674E+02  0.62011927E+02  0.62858411E+02  0.63689219E+02
  0.64504582E+02  0.65304606E+02  0.66089517E+02  0.66859428E+02  0.67614564E+02
  0.68355044E+02  0.69081113E+02  0.69792864E+02  0.70490522E+02  0.71174208E+02
  0.71844132E+02  0.72500427E+02  0.73143302E+02  0.73772931E+02  0.74389512E+02
  0.74993235E+02  0.75584287E+02  0.76162836E+02  0.76729056E+02  0.77283080E+02
  0.77825090E+02  0.78355218E+02  0.78873631E+02  0.79380462E+02  0.79875898E+02
  0.80360069E+02  0.80833162E+02  0.81295308E+02  0.81746667E+02  0.82187354E+02
  0.82617542E+02  0.83037368E+02  0.83446993E+02  0.83846561E+02  0.84236225E+02
  0.84616111E+02  0.84986365E+02  0.85347102E+02  0.85698477E+02  0.86040570E+02
  0.86373543E+02  0.86697480E+02  0.87012548E+02  0.87318882E+02  0.87616655E+02
  0.87905988E+02  0.88187055E+02  0.88459946E+02  0.88724795E+02  0.88981712E+02
  0.89230829E+02  0.89472285E+02  0.89706213E+02  0.89932730E+02  0.90152000E+02
  0.90364100E+02  0.90569168E+02  0.90767279E+02  0.90958547E+02  0.91143067E+02
  0.91320979E+02  0.91492390E+02  0.91657465E+02  0.91816294E+02  0.91969016E+02
  0.92115736E+02  0.92256578E+02  0.92391624E+02  0.92520980E+02  0.92644738E+02
  0.92762986E+02  0.92875785E+02  0.92983218E+02  0.93085356E+02  0.93182303E+02
  0.93274145E+02  0.93361007E+02  0.93442970E+02  0.93520138E+02
  0.10000000E+01  0.29053463E+01  0.47336230E+01  0.64892877E+01  0.81984492E+01
  0.98698961E+01  0.11515073E+02  0.13133671E+02  0.14730898E+02  0.16302500E+02
  0.17851680E+02  0.19374840E+02  0.20875122E+02  0.22350332E+02  0.23803005E+02
  0.25231609E+02  0.26637986E+02  0.28021207E+02  0.29382674E+02  0.30721906E+02
  0.32039950E+02  0.33336540E+02  0.34612450E+02  0.35867494E+02  0.37102382E+02
  0.38316998E+02  0.39512099E+02  0.40687525E+02  0.41844021E+02  0.42981430E+02
  0.44100476E+02  0.45201023E+02  0.46283696E+02  0.47348402E+02  0.48395711E+02
  0.49425572E+02  0.50438486E+02  0.51434512E+02  0.52414036E+02  0.53377133E+02
  0.54324119E+02  0.55255094E+02  0.56170348E+02  0.57069949E+02  0.57954185E+02
  0.58823112E+02  0.59677024E+02  0.60515999E+02  0.61340301E+02  0.62150033E+02
  0.62945449E+02  0.63726652E+02  0.64493910E+02  0.65247343E+02  0.65987195E+02
  0.66713609E+02  0.67426819E+02  0.68126943E+02  0.68814189E+02  0.69488703E+02
  0.70150701E+02  0.70800339E+02  0.71437839E+02  0.72063376E+02  0.72677165E+02
  0.73279398E+02  0.73870259E+02  0.74449918E+02  0.75018548E+02  0.75576292E+02
  0.76123331E+02  0.76659777E+02  0.77185812E+02  0.77701557E+02  0.78207181E+02
  0.78702817E+02  0.79188638E+02  0.79664764E+02  0.80131355E+02  0.80588518E+02
  0.81036403E+02  0.81475134E+02  0.81904873E+02  0.82325728E+02  0.82737861E+02
  0.83141357E+02  0.83536386E+02  0.83923029E+02  0.84301435E+02  0.84671656E+02
  0.85033829E+02  0.85388035E+02  0.85734404E+02  0.86073049E+02  0.86404165E+02
  0.86727843E+02  0.87044247E+02  0.87353440E+02  0.87655546E+02  0.87950629E+02
  0.88238832E+02  0.88520232E+02  0.88794973E+02  0.89063146E+02  0.89324892E+02
  0.89580274E+02  0.89829394E+02  0.90072309E+02  0.90309126E+02  0.90539896E+02
  0.90764764E+02  0.90983818E+02  0.91197201E+02  0.91404975E+02  0.91607274E+02
  0.91804170E+02  0.91995776E+02  0.92182156E+02  0.92363415E+02  0.92539596E+02
  0.92710789E+02  0.92877020E+02  0.93038363E+02  0.93194859E+02  0.93346602E+02
  0.93493661E+02  0.93636148E+02  0.93774136E+02  0.93907716E+02
   128
  0.10000000E+01  0.25773774E+01  0.36234210E+01  0.41712627E+01  0.43785535E+01
  0.43387843E+01  0.41520688E+01  0.38667487E+01  0.35243843E+01  0.31509236E+01
  0.27620443E+01  0.23758232E+01  0.20046732E+01  0.16586016E+01  0.13447794E+01
  0.10668687E+01  0.83003473E+00  0.63172786E+00  0.47370990E+00  0.34994459E+00
  0.25871428E+00  0.19070709E+00  0.14269049E+00  0.10838147E+00  0.84060117E-01
  0.66002037E-01  0.52063856E-01  0.40920214E-01  0.31870909E-01  0.24592528E-01
  0.18712040E-01  0.13750900E-01  0.94690740E-02  0.60866307E-02  0.36597534E-02
  0.19264610E-02  0.68844301E-03 -0.32757442E-04  0.00000000E+00  0.00000000E+00
  0.00000000E+00  0.00000000E+00  0.00000000E+00  0.00000000E+00  0.00000000E+00
  0.00000000E+00  0.00000000E+00  0.00000000E+00  0.00000000E+00  0.00000000E+00
  0.00000000E+00  0.00000000E+00  0.00000000E+00  0.00000000E+00  0.00000000E+00
  0.00000000E+00  0.00000000E+00  0.00000000E+00  0.00000000E+00  0.00000000E+00
  0.00000000E+00  0.00000000E+00  0.00000000E+00  0.00000000E+00  0.00000000E+00
  0.00000000E+00  0.00000000E+00  0.00000000E+00  0.00000000E+00  0.00000000E+00
  0.00000000E+00  0.00000000E+00  0.00000000E+00  0.00000000E+00  0.00000000E+00
  0.00000000E+00  0.00000000E+00  0.00000000E+00  0.00000000E+00  0.00000000E+00
  0.00000000E+00  0.00000000E+00  0.00000000E+00  0.00000000E+00  0.00000000E+00
  0.00000000E+00  0.00000000E+00  0.00000000E+00  0.00000000E+00  0.00000000E+00
  0.00000000E+00  0.00000000E+00  0.00000000E+00  0.00000000E+00  0.00000000E+00
  0.00000000E+00  0.00000000E+00  0.00000000E+00  0.00000000E+00  0.00000000E+00
  0.00000000E+00  0.00000000E+00  0.00000000E+00  0.00000000E+00  0.00000000E+00
  0.00000000E+00  0.00000000E+00  0.00000000E+00  0.00000000E+00  0.00000000E+00
  0.00000000E+00  0.00000000E+00  0.00000000E+00  0.00000000E+00  0.00000000E+00
  0.00000000E+00  0.00000000E+00  0.00000000E+00  0.00000000E+00  0.00000000E+00
  0.00000000E+00  0.00000000E+00  0.00000000E+00  0.00000000E+00  0.00000000E+00
  0.00000000E+00  0.00000000E+00  0.00000000E+00  0.00000000E+00
  0.10000000E+01  0.26253023E+01  0.38018119E+01  0.45884750E+01  0.51035037E+01
  0.54067237E+01  0.55566559E+01  0.55779652E+01  0.54974029E+01  0.53301431E+01
  0.50861776E+01  0.47817470E+01  0.44300985E+01  0.40487571E+01  0.36505282E+01
  0.32499551E+01  0.28603940E+01  0.24906346E+01  0.21510372E+01  0.18436353E+01
  0.15739403E+01  0.13373412E+01  0.11345341E+01  0.95968274E+00  0.81008637E+00
  0.68157347E+00  0.57152081E+00  0.47750044E+00  0.39761871E+00  0.33006141E+00
  0.27317980E+00  0.22522803E+00  0.18485000E+00  0.15112211E+00  0.12312747E+00
  0.99805760E-01  0.80354513E-01  0.64335440E-01  0.51356339E-01  0.40879400E-01
  0.32348446E-01  0.25392813E-01  0.19697870E-01  0.14994649E-01  0.11204825E-01
  0.82582837E-02  0.60037587E-02  0.42926925E-02  0.30143690E-02  0.20982681E-02
  0.14903218E-02  0.11212660E-02  0.90401442E-03  0.74715379E-03  0.60934699E-03
  0.49422394E-03  0.43384384E-03  0.44260583E-03  0.48052100E-03  0.48816332E-03
  0.46301058E-03  0.42332316E-03  0.36667544E-03  0.29031159E-03  0.19945933E-03
  0.13067831E-03  0.10451474E-03  0.99827570E-04  0.10399906E-03  0.11508946E-03
  0.12965760E-03  0.12396742E-03  0.81670271E-04  0.26180591E-04  0.35103441E-05
  0.20302441E-04  0.59451001E-04  0.97867662E-04  0.12614715E-03  0.16045232E-03
  0.18898993E-03  0.19757223E-03  0.18089172E-03  0.16076282E-03  0.12472451E-03
  0.67508712E-04  0.50033414E-06  0.00000000E+00  0.00000000E+00  0.00000000E+00
  0.00000000E+00  0.00000000E+00  0.00000000E+00  0.00000000E+00  0.00000000E+00
  0.00000000E+00  0.00000000E+00  0.00000000E+00  0.00000000E+00  0.00000000E+00
  0.00000000E+00  0.00000000E+00  0.00000000E+00  0.00000000E+00  0.00000000E+00
  0.00000000E+00  0.00000000E+00  0.00000000E+00  0.00000000E+00  0.00000000E+00
  0.00000000E+00  0.00000000E+00  0.00000000E+00  0.00000000E+00  0.00000000E+00
  0.00000000E+00  0.00000000E+00  0.00000000E+00  0.00000000E+00  0.00000000E+00
  0.00000000E+00  0.00000000E+00  0.00000000E+00  0.00000000E+00  0.00000000E+00
  0.00000000E+00  0.00000000E+00  0.00000000E+00  0.00000000E+00
  0.10000000E+01  0.26673258E+01  0.39448343E+01  0.48959119E+01  0.56184722E+01
  0.61609622E+01  0.65633872E+01  0.68403096E+01  0.70081902E+01  0.70751106E+01
  0.70480703E+01  0.69367057E+01  0.67507259E+01  0.65031542E+01  0.62044607E+01
  0.58679204E+01  0.55062663E+01  0.51305604E+01  0.47531219E+01  0.43807100E+01
  0.40226769E+01  0.36802922E+01  0.33584277E+01  0.30559022E+01  0.27738961E+01
  0.25116966E+01  0.22694194E+01  0.20465061E+01  0.18425055E+01  0.16564139E+01
  0.14872876E+01  0.13336784E+01  0.11943378E+01  0.10682076E+01  0.95419608E+00
  0.85112434E+00  0.75803554E+00  0.67425488E+00  0.59914346E+00  0.53191612E+00
  0.47176527E+00  0.41799586E+00  0.36997924E+00  0.32712980E+00  0.28898612E+00
  0.25511745E+00  0.22509483E+00  0.19851063E+00  0.17498145E+00  0.15420659E+00
  0.13588492E+00  0.11975147E+00  0.10550733E+00  0.92877162E-01  0.81646973E-01
  0.71698539E-01  0.62938589E-01  0.55252230E-01  0.48473392E-01  0.42467588E-01
  0.37151093E-01  0.32473915E-01  0.28345453E-01  0.24679906E-01  0.21425802E-01
  0.18563969E-01  0.16087441E-01  0.13961971E-01  0.12121980E-01  0.10513947E-01
  0.91157359E-02  0.79151449E-02  0.68965162E-02  0.60282459E-02  0.53078060E-02
  0.47120192E-02  0.42214837E-02  0.38230337E-02  0.34873809E-02  0.31843267E-02
  0.28899779E-02  0.26123264E-02  0.23651554E-02  0.21408807E-02  0.19397528E-02
  0.17692921E-02  0.16212707E-02  0.14918574E-02  0.13704358E-02  0.12548981E-02
  0.11431984E-02  0.10227353E-02  0.87682966E-03  0.70647462E-03  0.53371579E-03
  0.40678038E-03  0.34088693E-03  0.30541162E-03  0.29193336E-03  0.29652675E-03
  0.31673135E-03  0.35593720E-03  0.38889022E-03  0.40115471E-03  0.39087333E-03
  0.37486691E-03  0.36571923E-03  0.31879336E-03  0.23995997E-03  0.14419558E-03
  0.59276468E-04  0.21166588E-05 -0.33656930E-04  0.00000000E+00  0.00000000E+00
  0.00000000E+00  0.00000000E+00  0.00000000E+00  0.00000000E+00  0.00000000E+00
  0.00000000E+00  0.00000000E+00  0.00000000E+00  0.00000000E+00  0.00000000E+00
  0.00000000E+00  0.00000000E+00  0.00000000E+00  0.00000000E+00
  0.10000000E+01  0.27052683E+01  0.40698189E+01  0.51490366E+01  0.60261502E+01
  0.67452087E+01  0.73398957E+01  0.78221867E+01  0.82024970E+01  0.84857044E+01
  0.86772197E+01  0.87830980E+01  0.88107367E+01  0.87684413E+01  0.86634526E+01
  0.85042593E+01  0.82996251E+01  0.80575183E+01  0.77874271E+01  0.74956455E+01
  0.71905657E+01  0.68755049E+01  0.65563660E+01  0.62350445E+01  0.59150313E+01
  0.55983463E+01  0.52875135E+01  0.49842555E+01  0.46902252E+01  0.44063208E+01
  0.41334310E+01  0.38718425E+01  0.36218209E+01  0.33836122E+01  0.31572061E+01
  0.29424126E+01  0.27390743E+01  0.25471065E+01  0.23663319E+01  0.21964093E+01
  0.20368803E+01  0.18873018E+01  0.17471702E+01  0.16160078E+01  0.14933992E+01
  0.13789201E+01  0.12721488E+01  0.11726887E+01  0.10801162E+01  0.99412621E+00
  0.91431650E+00  0.84033120E+00  0.77175141E+00  0.70820037E+00  0.64933258E+00
  0.59486165E+00  0.54452013E+00  0.49805035E+00  0.45518524E+00  0.41566062E+00
  0.37924543E+00  0.34572976E+00  0.31490021E+00  0.28655295E+00  0.26048517E+00
  0.23652508E+00  0.21452716E+00  0.19435776E+00  0.17588521E+00  0.15896648E+00
  0.14348274E+00  0.12931718E+00  0.11637602E+00  0.10457236E+00  0.93812048E-01
  0.84010534E-01  0.75091940E-01  0.67003366E-01  0.59669908E-01  0.53054040E-01
  0.47108633E-01  0.41779302E-01  0.36995086E-01  0.32680376E-01  0.28793879E-01
  0.25298421E-01  0.22156458E-01  0.19343888E-01  0.16808322E-01  0.14532057E-01
  0.12515292E-01  0.10737024E-01  0.91790997E-02  0.77781564E-02  0.65449319E-02
  0.54839303E-02  0.45997725E-02  0.38804099E-02  0.32887549E-02  0.28396272E-02
  0.25193315E-02  0.23022299E-02  0.21367166E-02  0.19636289E-02  0.17901533E-02
  0.16309416E-02  0.14920457E-02  0.13350084E-02  0.11612529E-02  0.10279789E-02
  0.97830941E-03  0.98096418E-03  0.10017490E-02  0.10298486E-02  0.10635641E-02
  0.11108756E-02  0.11220578E-02  0.10562800E-02  0.91505177E-03  0.75370928E-03
  0.62308483E-03  0.52026998E-03  0.44494340E-03  0.38727004E-03  0.35644499E-03
  0.37263417E-03  0.39458385E-03  0.38358132E-03  0.34266742E-03
  0.10000000E+01  0.27368051E+01  0.41742405E+01  0.53613910E+01  0.63689173E+01
  0.72360184E+01  0.79912187E+01  0.86446132E+01  0.92026129E+01  0.96675996E+01
  0.10043248E+02  0.10333312E+02  0.10543480E+02  0.10679506E+02  0.10746756E+02
  0.10751084E+02  0.10698841E+02  0.10596066E+02  0.10450185E+02  0.10266755E+02
  0.10053015E+02  0.98128665E+01  0.95521005E+01  0.92737976E+01  0.89822155E+01
  0.86805012E+01  0.83721424E+01  0.80598784E+01  0.77463453E+01  0.74334548E+01
  0.71230995E+01  0.68165900E+01  0.65151317E+01  0.62198720E+01  0.59316543E+01
  0.56511516E+01  0.53789462E+01  0.51155730E+01  0.48613875E+01  0.46165435E+01
  0.43810450E+01  0.41548003E+01  0.39376289E+01  0.37293553E+01  0.35297809E+01
  0.33386879E+01  0.31558723E+01  0.29811428E+01  0.28142314E+01  0.26549999E+01
  0.25031694E+01  0.23585407E+01  0.22208130E+01  0.20897383E+01  0.19650965E+01
  0.18467264E+01  0.17344803E+01  0.16281837E+01  0.15276339E+01  0.14326414E+01
  0.13430202E+01  0.12585787E+01  0.11790947E+01  0.11042978E+01  0.10339165E+01
  0.96769186E+00  0.90540215E+00  0.84680338E+00  0.79167584E+00  0.73981107E+00
  0.69103211E+00  0.64520924E+00  0.60219887E+00  0.56183811E+00  0.52395874E+00
  0.48840362E+00  0.45502628E+00  0.42370979E+00  0.39435409E+00  0.36685311E+00
  0.34112098E+00  0.31707836E+00  0.29463475E+00  0.27367243E+00  0.25405549E+00
  0.23564800E+00  0.21835957E+00  0.20212754E+00  0.18693118E+00  0.17275360E+00
  0.15953457E+00  0.14723005E+00  0.13578278E+00  0.12519182E+00  0.11543876E+00
  0.10649594E+00  0.98283828E-01  0.90738278E-01  0.83821633E-01  0.77480528E-01
  0.71660036E-01  0.66271124E-01  0.61268996E-01  0.56608471E-01  0.52276348E-01
  0.48255402E-01  0.44523876E-01  0.41080157E-01  0.37920536E-01  0.35046273E-01
  0.32422161E-01  0.30001129E-01  0.27768339E-01  0.25683021E-01  0.23727244E-01
  0.21894513E-01  0.20179522E-01  0.18619212E-01  0.17216560E-01  0.15955905E-01
  0.14806967E-01  0.13745668E-01  0.12771693E-01  0.11878264E-01  0.11036488E-01
  0.10220105E-01  0.94306004E-02  0.86809165E-02  0.79879673E-02
  0.10000000E+01  0.27578368E+01  0.42430691E+01  0.54992623E+01  0.65895805E+01
  0.75503432E+01  0.84082318E+01  0.91731840E+01  0.98502341E+01  0.10440630E+02
  0.10946907E+02  0.11371661E+02  0.11719451E+02  0.11994770E+02  0.12201893E+02
  0.12345304E+02  0.12429911E+02  0.12460434E+02  0.12442761E+02  0.12381474E+02
  0.12282551E+02  0.12149494E+02  0.11987336E+02  0.11799104E+02  0.11588790E+02
  0.11359555E+02  0.11114860E+02  0.10857553E+02  0.10590396E+02  0.10315544E+02
  0.10035183E+02  0.97510048E+01  0.94645974E+01  0.91774926E+01  0.88909421E+01
  0.86060377E+01  0.83237729E+01  0.80450737E+01  0.77706521E+01  0.75010462E+01
  0.72366221E+01  0.69776446E+01  0.67242665E+01  0.64766526E+01  0.62349198E+01
  0.59991281E+01  0.57693605E+01  0.55456903E+01  0.53280911E+01  0.51166545E+01
  0.49113304E+01  0.47121288E+01  0.45189567E+01  0.43317647E+01  0.41505362E+01
  0.39752661E+01  0.38059538E+01  0.36425813E+01  0.34851091E+01  0.33334939E+01
  0.31877065E+01  0.30476867E+01  0.29133330E+01  0.27844929E+01  0.26609979E+01
  0.25426680E+01  0.24292876E+01  0.23206764E+01  0.22166461E+01  0.21170331E+01
  0.20216920E+01  0.19304954E+01  0.18433228E+01  0.17600249E+01  0.16804176E+01
  0.16043087E+01  0.15315001E+01  0.14618452E+01  0.13952292E+01  0.13315427E+01
  0.12707058E+01  0.12126069E+01  0.11571275E+01  0.11041300E+01  0.10534414E+01
  0.10048864E+01  0.95834133E+00  0.91372823E+00  0.87103656E+00  0.83027926E+00
  0.79141493E+00  0.75437914E+00  0.71907378E+00  0.68544178E+00  0.65342624E+00
  0.62294640E+00  0.59392631E+00  0.56629484E+00  0.53998197E+00  0.51492678E+00
  0.49104691E+00  0.46822837E+00  0.44638460E+00  0.42543630E+00  0.40536069E+00
  0.38615201E+00  0.36780989E+00  0.35032212E+00  0.33368094E+00  0.31787858E+00
  0.30287337E+00  0.28860870E+00  0.27500848E+00  0.26201493E+00  0.24958962E+00
  0.23770741E+00  0.22634636E+00  0.21548479E+00  0.20513336E+00  0.19529123E+00
  0.18594503E+00  0.17706835E+00  0.16860999E+00  0.16052414E+00  0.15280142E+00
  0.14541183E+00  0.13832933E+00  0.13153956E+00  0.12506078E+00
  0.10000000E+01  0.27897707E+01  0.43477240E+01  0.57098941E+01  0.69283753E+01
  0.80345228E+01  0.90515372E+01  0.99887587E+01  0.10849267E+02  0.11632637E+02
  0.12339719E+02  0.12971393E+02  0.13530543E+02  0.14019950E+02  0.14442425E+02
  0.14800669E+02  0.15097727E+02  0.15336678E+02  0.15521417E+02  0.15655296E+02
  0.15742594E+02  0.15786236E+02  0.15790131E+02  0.15757095E+02  0.15690627E+02
  0.15593730E+02  0.15469642E+02  0.15321180E+02  0.15151129E+02  0.14961831E+02
  0.14755693E+02  0.14534762E+02  0.14300990E+02  0.14056296E+02  0.13802376E+02
  0.13540796E+02  0.13272973E+02  0.13000253E+02  0.12723759E+02  0.12444457E+02
  0.12163176E+02  0.11880621E+02  0.11597391E+02  0.11314097E+02  0.11031261E+02
  0.10749345E+02  0.10468828E+02  0.10190175E+02  0.99137342E+01  0.96399312E+01
  0.93690690E+01  0.91014972E+01  0.88374586E+01  0.85772304E+01  0.83211020E+01
  0.80693615E+01  0.78222723E+01  0.75800906E+01  0.73430411E+01  0.71113434E+01
  0.68851961E+01  0.66647300E+01  0.64500439E+01  0.62411883E+01  0.60381616E+01
  0.58409086E+01  0.56493332E+01  0.54633435E+01  0.52828337E+01  0.51077139E+01
  0.49379338E+01  0.47734463E+01  0.46141958E+01  0.44600757E+01  0.43109280E+01
  0.41665544E+01  0.40267824E+01  0.38914861E+01  0.37605642E+01  0.36339324E+01
  0.35115123E+01  0.33932005E+01  0.32788429E+01  0.31682424E+01  0.30611800E+01
  0.29574395E+01  0.28568899E+01  0.27594765E+01  0.26651867E+01  0.25740383E+01
  0.24860077E+01  0.24010477E+01  0.23190683E+01  0.22399545E+01  0.21635640E+01
  0.20897503E+01  0.20184079E+01  0.19494762E+01  0.18829111E+01  0.18186177E+01
  0.17564842E+01  0.16963639E+01  0.16381358E+01  0.15817206E+01  0.15270591E+01
  0.14741350E+01  0.14229288E+01  0.13734188E+01  0.13255939E+01  0.12794127E+01
  0.12348521E+01  0.11918454E+01  0.11503027E+01  0.11101419E+01  0.10712660E+01
  0.10336148E+01  0.99714749E+00  0.96185659E+00  0.92772623E+00  0.89476225E+00
  0.86296610E+00  0.83229497E+00  0.80270042E+00  0.77412547E+00  0.74649392E+00
  0.71976454E+00  0.69390562E+00  0.66889947E+00  0.64474421E+00
  0.10000000E+01  0.28147349E+01  0.44289947E+01  0.58724895E+01  0.71897618E+01
  0.84082912E+01  0.95491341E+01  0.10621464E+02  0.11627771E+02  0.12566739E+02
  0.13438200E+02  0.14241889E+02  0.14979499E+02  0.15652642E+02  0.16263164E+02
  0.16812683E+02  0.17303108E+02  0.17736413E+02  0.18115129E+02  0.18441547E+02
  0.18718596E+02  0.18948436E+02  0.19133914E+02  0.19277263E+02  0.19381228E+02
  0.19448236E+02  0.19480933E+02  0.19481677E+02  0.19452883E+02  0.19396664E+02
  0.19315223E+02  0.19210497E+02  0.19084393E+02  0.18938789E+02  0.18775435E+02
  0.18595977E+02  0.18401953E+02  0.18194803E+02  0.17975780E+02  0.17746054E+02
  0.17506686E+02  0.17258621E+02  0.17002728E+02  0.16739865E+02  0.16470828E+02
  0.16196363E+02  0.15917238E+02  0.15634194E+02  0.15347860E+02  0.15058910E+02
  0.14767953E+02  0.14475622E+02  0.14182442E+02  0.13888984E+02  0.13595790E+02
  0.13303417E+02  0.13012381E+02  0.12723196E+02  0.12436342E+02  0.12152265E+02
  0.11871381E+02  0.11594057E+02  0.11320642E+02  0.11051415E+02  0.10786584E+02
  0.10526289E+02  0.10270631E+02  0.10019691E+02  0.97735474E+01  0.95322803E+01
  0.92959672E+01  0.90646888E+01  0.88385001E+01  0.86174031E+01  0.84013325E+01
  0.81901646E+01  0.79838078E+01  0.77822080E+01  0.75853154E+01  0.73931052E+01
  0.72055810E+01  0.70227017E+01  0.68443737E+01  0.66704253E+01  0.65006314E+01
  0.63347760E+01  0.61727239E+01  0.60144477E+01  0.58599930E+01  0.57094248E+01
  0.55627360E+01  0.54198813E+01  0.52807725E+01  0.51452773E+01  0.50132399E+01
  0.48845332E+01  0.47590543E+01  0.46367488E+01  0.45175706E+01  0.44014259E+01
  0.42881954E+01  0.41777317E+01  0.40699097E+01  0.39646326E+01  0.38618314E+01
  0.37614719E+01  0.36635492E+01  0.35680631E+01  0.34750128E+01  0.33843743E+01
  0.32960819E+01  0.32100604E+01  0.31262084E+01  0.30444436E+01  0.29646787E+01
  0.28868040E+01  0.28107654E+01  0.27365555E+01  0.26641738E+01  0.25936272E+01
  0.25249053E+01  0.24579596E+01  0.23927366E+01  0.23291851E+01  0.22672344E+01
  0.22068295E+01  0.21479137E+01  0.20904495E+01  0.20344456E+01
  0.10000000E+01  0.28374523E+01  0.45027833E+01  0.60198665E+01  0.74270222E+01
  0.87480041E+01  0.10001959E+02  0.11197773E+02  0.12337949E+02  0.13420595E+02
  0.14444958E+02  0.15409819E+02  0.16315980E+02  0.17164087E+02  0.17955302E+02
  0.18690436E+02  0.19370644E+02  0.19997050E+02  0.20571230E+02  0.21094599E+02
  0.21569057E+02  0.21996006E+02  0.22377353E+02  0.22714614E+02  0.23009760E+02
  0.23264503E+02  0.23480813E+02  0.23660422E+02  0.23805191E+02  0.23916769E+02
  0.23996949E+02  0.24047322E+02  0.24069538E+02  0.24065194E+02  0.24035855E+02
  0.23982991E+02  0.23908038E+02  0.23812336E+02  0.23697119E+02  0.23563555E+02
  0.23412758E+02  0.23245756E+02  0.23063537E+02  0.22867095E+02  0.22657370E+02
  0.22435278E+02  0.22201754E+02  0.21957740E+02  0.21704061E+02  0.21441564E+02
  0.21171051E+02  0.20893355E+02  0.20609225E+02  0.20319448E+02  0.20024803E+02
  0.19726026E+02  0.19423860E+02  0.19119024E+02  0.18812207E+02  0.18504088E+02
  0.18195322E+02  0.17886498E+02  0.17578165E+02  0.17270838E+02  0.16964954E+02
  0.16660883E+02  0.16358942E+02  0.16059413E+02  0.15762573E+02  0.15468702E+02
  0.15178052E+02  0.14890874E+02  0.14607385E+02  0.14327721E+02  0.14051956E+02
  0.13780132E+02  0.13512307E+02  0.13248521E+02  0.12988825E+02  0.12733266E+02
  0.12481913E+02  0.12234835E+02  0.11992042E+02  0.11753476E+02  0.11518981E+02
  0.11288372E+02  0.11061572E+02  0.10838624E+02  0.10619624E+02  0.10404683E+02
  0.10193837E+02  0.99870617E+01  0.97842785E+01  0.95853684E+01  0.93902117E+01
  0.91986969E+01  0.90107384E+01  0.88263253E+01  0.86454596E+01  0.84680713E+01
  0.82940716E+01  0.81233301E+01  0.79557491E+01  0.77912484E+01  0.76297499E+01
  0.74712291E+01  0.73156645E+01  0.71630460E+01  0.70133842E+01  0.68666518E+01
  0.67227999E+01  0.65817715E+01  0.64435076E+01  0.63079237E+01  0.61749408E+01
  0.60444651E+01  0.59164105E+01  0.57907629E+01  0.56675406E+01  0.55467747E+01
  0.54284580E+01  0.53125313E+01  0.51989164E+01  0.50875326E+01  0.49783180E+01
  0.48712168E+01  0.47661938E+01  0.46632376E+01  0.45623485E+01
  0.10000000E+01  0.28547856E+01  0.45591441E+01  0.61323401E+01  0.76087380E+01
  0.90090425E+01  0.10350922E+02  0.11642640E+02  0.12887203E+02  0.14082468E+02
  0.15227733E+02  0.16321149E+02  0.17363186E+02  0.18353769E+02  0.19293795E+02
  0.20183524E+02  0.21023841E+02  0.21815312E+02  0.22559071E+02  0.23255901E+02
  0.23907155E+02  0.24513644E+02  0.25076721E+02  0.25597302E+02  0.26076819E+02
  0.26516349E+02  0.26917331E+02  0.27280895E+02  0.27608426E+02  0.27901033E+02
  0.28160073E+02  0.28386662E+02  0.28582064E+02  0.28747451E+02  0.28884037E+02
  0.28992943E+02  0.29075319E+02  0.29132226E+02  0.29164692E+02  0.29173683E+02
  0.29160165E+02  0.29125026E+02  0.29069164E+02  0.28993498E+02  0.28898916E+02
  0.28786277E+02  0.28656475E+02  0.28510403E+02  0.28348891E+02  0.28172790E+02
  0.27982941E+02  0.27780208E+02  0.27565393E+02  0.27339319E+02  0.27102809E+02
  0.26856690E+02  0.26601769E+02  0.26338871E+02  0.26068785E+02  0.25792281E+02
  0.25510111E+02  0.25222984E+02  0.24931593E+02  0.24636605E+02  0.24338616E+02
  0.24038159E+02  0.23735749E+02  0.23431846E+02  0.23126901E+02  0.22821369E+02
  0.22515661E+02  0.22210179E+02  0.21905275E+02  0.21601272E+02  0.21298422E+02
  0.20996936E+02  0.20697036E+02  0.20398908E+02  0.20102741E+02  0.19808718E+02
  0.19517030E+02  0.19227869E+02  0.18941352E+02  0.18657525E+02  0.18376381E+02
  0.18097904E+02  0.17822120E+02  0.17549156E+02  0.17279186E+02  0.17012346E+02
  0.16748735E+02  0.16488377E+02  0.16231260E+02  0.15977347E+02  0.15726567E+02
  0.15478868E+02  0.15234256E+02  0.14992768E+02  0.14754439E+02  0.14519261E+02
  0.14287164E+02  0.14058058E+02  0.13831880E+02  0.13608605E+02  0.13388224E+02
  0.13170728E+02  0.12956112E+02  0.12744375E+02  0.12535524E+02  0.12329549E+02
  0.12126443E+02  0.11926203E+02  0.11728797E+02  0.11534166E+02  0.11342228E+02
  0.11152912E+02  0.10966154E+02  0.10781949E+02  0.10600342E+02  0.10421379E+02
  0.10245055E+02  0.10071328E+02  0.99001387E+01  0.97314346E+01  0.95651605E+01
  0.94012823E+01  0.92397784E+01  0.90806281E+01  0.89238428E+01
  0.10000000E+01  0.28702399E+01  0.46097277E+01  0.62335917E+01  0.77727742E+01
  0.92450892E+01  0.10666735E+02  0.12045069E+02  0.13383582E+02  0.14679813E+02
  0.15933323E+02  0.17141672E+02  0.18305237E+02  0.19423294E+02  0.20496630E+02
  0.21524989E+02  0.22509109E+02  0.23449049E+02  0.24345665E+02  0.25199222E+02
  0.26010702E+02  0.26780427E+02  0.27509368E+02  0.28197936E+02  0.28847159E+02
  0.29457590E+02  0.30030283E+02  0.30565866E+02  0.31065370E+02  0.31529454E+02
  0.31959122E+02  0.32355079E+02  0.32718271E+02  0.33049490E+02  0.33349680E+02
  0.33619621E+02  0.33860214E+02  0.34072233E+02  0.34256492E+02  0.34413723E+02
  0.34544721E+02  0.34650235E+02  0.34731018E+02  0.34787839E+02  0.34821472E+02
  0.34832671E+02  0.34822222E+02  0.34790931E+02  0.34739569E+02  0.34668916E+02
  0.34579759E+02  0.34472903E+02  0.34349126E+02  0.34209238E+02  0.34054052E+02
  0.33884369E+02  0.33701004E+02  0.33504798E+02  0.33296552E+02  0.33077062E+02
  0.32847122E+02  0.32607490E+02  0.32358929E+02  0.32102172E+02  0.31837907E+02
  0.31566785E+02  0.31289423E+02  0.31006412E+02  0.30718344E+02  0.30425786E+02
  0.30129269E+02  0.29829322E+02  0.29526453E+02  0.29221107E+02  0.28913696E+02
  0.28604591E+02  0.28294129E+02  0.27982651E+02  0.27670457E+02  0.27357861E+02
  0.27045172E+02  0.26732686E+02  0.26420653E+02  0.26109252E+02  0.25798612E+02
  0.25488850E+02  0.25180120E+02  0.24872623E+02  0.24566620E+02  0.24262322E+02
  0.23959899E+02  0.23659459E+02  0.23361062E+02  0.23064730E+02  0.22770492E+02
  0.22478378E+02  0.22188458E+02  0.21900845E+02  0.21615609E+02  0.21332779E+02
  0.21052349E+02  0.20774305E+02  0.20498643E+02  0.20225373E+02  0.19954531E+02
  0.19686144E+02  0.19420225E+02  0.19156791E+02  0.18895878E+02  0.18637490E+02
  0.18381648E+02  0.18128361E+02  0.17877615E+02  0.17629398E+02  0.17383670E+02
  0.17140390E+02  0.16899512E+02  0.16661034E+02  0.16425004E+02  0.16191478E+02
  0.15960487E+02  0.15732054E+02  0.15506115E+02  0.15282635E+02  0.15061569E+02
  0.14842869E+02  0.14626554E+02  0.14412612E+02  0.14201084E+02
  0.10000000E+01  0.28775243E+01  0.46342295E+01  0.62831224E+01  0.78540080E+01
  0.93630953E+01  0.10825746E+02  0.12248300E+02  0.13634677E+02  0.14982245E+02
  0.16291077E+02  0.17558524E+02  0.18785295E+02  0.19970373E+02  0.21114766E+02
  0.22217959E+02  0.23280842E+02  0.24303229E+02  0.25286046E+02  0.26229327E+02
  0.27134060E+02  0.28000346E+02  0.28829122E+02  0.29620578E+02  0.30375645E+02
  0.31094641E+02  0.31778516E+02  0.32427658E+02  0.33042975E+02  0.33624898E+02
  0.34174303E+02  0.34691663E+02  0.35177785E+02  0.35633235E+02  0.36058795E+02
  0.36455048E+02  0.36822720E+02  0.37162400E+02  0.37474739E+02  0.37760305E+02
  0.38019744E+02  0.38253622E+02  0.38462545E+02  0.38647120E+02  0.38807958E+02
  0.38945659E+02  0.39060861E+02  0.39154218E+02  0.39226352E+02  0.39277896E+02
  0.39309497E+02  0.39321816E+02  0.39315494E+02  0.39291204E+02  0.39249626E+02
  0.39191424E+02  0.39117295E+02  0.39027947E+02  0.38924066E+02  0.38806342E+02
  0.38675462E+02  0.38532091E+02  0.38376906E+02  0.38210558E+02  0.38033685E+02
  0.37846890E+02  0.37650763E+02  0.37445866E+02  0.37232763E+02  0.37012010E+02
  0.36784127E+02  0.36549617E+02  0.36308999E+02  0.36062738E+02  0.35811280E+02
  0.35555039E+02  0.35294405E+02  0.35029756E+02  0.34761450E+02  0.34489832E+02
  0.34215264E+02  0.33938099E+02  0.33658655E+02  0.33377185E+02  0.33093908E+02
  0.32809038E+02  0.32522796E+02  0.32235476E+02  0.31947348E+02  0.31658694E+02
  0.31369750E+02  0.31080685E+02  0.30791642E+02  0.30502730E+02  0.30214050E+02
  0.29925726E+02  0.29637896E+02  0.29350709E+02  0.29064318E+02  0.28778812E+02
  0.28494220E+02  0.28210603E+02  0.27928008E+02  0.27646508E+02  0.27366208E+02
  0.27087178E+02  0.26809468E+02  0.26533144E+02  0.26258255E+02  0.25984851E+02
  0.25712995E+02  0.25442744E+02  0.25174132E+02  0.24907173E+02  0.24641842E+02
  0.24378115E+02  0.24115989E+02  0.23855484E+02  0.23596671E+02  0.23339639E+02
  0.23084436E+02  0.22831060E+02  0.22579491E+02  0.22329702E+02  0.22081680E+02
  0.21835427E+02  0.21590966E+02  0.21348322E+02  0.21107535E+02
  0.10000000E+01  0.28855466E+01  0.46611674E+01  0.63376625E+01  0.79432888E+01
  0.94925976E+01  0.10999982E+02  0.12470837E+02  0.13909337E+02  0.15312646E+02
  0.16681211E+02  0.18012149E+02  0.19306376E+02  0.20562562E+02  0.21781820E+02
  0.22963366E+02  0.24108128E+02  0.25215681E+02  0.26286926E+02  0.27321643E+02
  0.28320747E+02  0.29284115E+02  0.30212589E+02  0.31106152E+02  0.31965634E+02
  0.32791144E+02  0.33583512E+02  0.34342918E+02  0.35070133E+02  0.35765389E+02
  0.36429417E+02  0.37062512E+02  0.37665359E+02  0.38238343E+02  0.38782120E+02
  0.39297105E+02  0.39783911E+02  0.40242973E+02  0.40674834E+02  0.41079921E+02
  0.41458777E+02  0.41811841E+02  0.42139607E+02  0.42442568E+02  0.42721241E+02
  0.42976103E+02  0.43207676E+02  0.43416495E+02  0.43603082E+02  0.43767960E+02
  0.43911662E+02  0.44034732E+02  0.44137722E+02  0.44221187E+02  0.44285705E+02
  0.44331848E+02  0.44360229E+02  0.44371452E+02  0.44366111E+02  0.44344812E+02
  0.44308147E+02  0.44256704E+02  0.44191084E+02  0.44111872E+02  0.44019640E+02
  0.43914959E+02  0.43798363E+02  0.43670396E+02  0.43531582E+02  0.43382451E+02
  0.43223501E+02  0.43055221E+02  0.42878105E+02  0.42692629E+02  0.42499247E+02
  0.42298396E+02  0.42090506E+02  0.41875977E+02  0.41655183E+02  0.41428495E+02
  0.41196296E+02  0.40958966E+02  0.40716857E+02  0.40470286E+02  0.40219538E+02
  0.39964894E+02  0.39706661E+02  0.39445135E+02  0.39180642E+02  0.38913498E+02
  0.38643975E+02  0.38372314E+02  0.38098718E+02  0.37823371E+02  0.37546450E+02
  0.37268137E+02  0.36988635E+02  0.36708150E+02  0.36426852E+02  0.36144891E+02
  0.35862381E+02  0.35579419E+02  0.35296141E+02  0.35012661E+02  0.34729112E+02
  0.34445616E+02  0.34162294E+02  0.33879254E+02  0.33596594E+02  0.33314394E+02
  0.33032737E+02  0.32751714E+02  0.32471392E+02  0.32191814E+02  0.31913018E+02
  0.31635023E+02  0.31357844E+02  0.31081536E+02  0.30806179E+02  0.30531876E+02
  0.30258682E+02  0.29986622E+02  0.29715713E+02  0.29445940E+02  0.29177319E+02
  0.28909858E+02  0.28643598E+02  0.28378600E+02  0.28114890E+02
  0.10000000E+01  0.28885966E+01  0.46719711E+01  0.63601547E+01  0.79809711E+01
  0.95483622E+01  0.11076092E+02  0.12568989E+02  0.14031202E+02  0.15459948E+02
  0.16855881E+02  0.18216224E+02  0.19542073E+02  0.20832140E+02  0.22087637E+02
  0.23307788E+02  0.24493589E+02  0.25644594E+02  0.26761743E+02  0.27844805E+02
  0.28894692E+02  0.29911268E+02  0.30895373E+02  0.31846968E+02  0.32766858E+02
  0.33655115E+02  0.34512517E+02  0.35339205E+02  0.36135905E+02  0.36902802E+02
  0.37640596E+02  0.38349519E+02  0.39030207E+02  0.39682980E+02  0.40308429E+02
  0.40906899E+02  0.41478944E+02  0.42024922E+02  0.42545315E+02  0.43040476E+02
  0.43510869E+02  0.43956859E+02  0.44378874E+02  0.44777315E+02  0.45152637E+02
  0.45505237E+02  0.45835556E+02  0.46144032E+02  0.46431107E+02  0.46697208E+02
  0.46942804E+02  0.47168349E+02  0.47374300E+02  0.47561128E+02  0.47729305E+02
  0.47879312E+02  0.48011646E+02  0.48126820E+02  0.48225335E+02  0.48307688E+02
  0.48374365E+02  0.48425867E+02  0.48462697E+02  0.48485338E+02  0.48494287E+02
  0.48490026E+02  0.48473011E+02  0.48443681E+02  0.48402493E+02  0.48349897E+02
  0.48286330E+02  0.48212229E+02  0.48128018E+02  0.48034102E+02  0.47930862E+02
  0.47818691E+02  0.47697969E+02  0.47569056E+02  0.47432307E+02  0.47288061E+02
  0.47136652E+02  0.46978422E+02  0.46813696E+02  0.46642783E+02  0.46465955E+02
  0.46283496E+02  0.46095687E+02  0.45902829E+02  0.45705243E+02  0.45503219E+02
  0.45297047E+02  0.45086972E+02  0.44873207E+02  0.44655945E+02  0.44435390E+02
  0.44211735E+02  0.43985193E+02  0.43755978E+02  0.43524306E+02  0.43290350E+02
  0.43054240E+02  0.42816133E+02  0.42576172E+02  0.42334514E+02  0.42091316E+02
  0.41846718E+02  0.41600852E+02  0.41353860E+02  0.41105875E+02  0.40857008E+02
  0.40607387E+02  0.40357112E+02  0.40106258E+02  0.39854905E+02  0.39603105E+02
  0.39350912E+02  0.39098406E+02  0.38845661E+02  0.38592771E+02  0.38339852E+02
  0.38086971E+02  0.37834175E+02  0.37581509E+02  0.37329008E+02  0.37076723E+02
  0.36824684E+02  0.36572920E+02  0.36321469E+02  0.36070372E+02
  0.10000000E+01  0.28935021E+01  0.46887591E+01  0.63946212E+01  0.80378760E+01
  0.96315122E+01  0.11188472E+02  0.12712981E+02  0.14209124E+02  0.15674094E+02
  0.17108681E+02  0.18510111E+02  0.19879570E+02  0.21215706E+02  0.22519772E+02
  0.23790910E+02  0.25030107E+02  0.26236843E+02  0.27412016E+02  0.28555320E+02
  0.29667617E+02  0.30748711E+02  0.31799386E+02  0.32819538E+02  0.33809902E+02
  0.34770480E+02  0.35701992E+02  0.36604494E+02  0.37478656E+02  0.38324595E+02
  0.39142923E+02  0.39933799E+02  0.40697787E+02  0.41435124E+02  0.42146332E+02
  0.42831677E+02  0.43491654E+02  0.44126539E+02  0.44736757E+02  0.45322588E+02
  0.45884446E+02  0.46422610E+02  0.46937463E+02  0.47429317E+02  0.47898565E+02
  0.48345539E+02  0.48770612E+02  0.49174150E+02  0.49556534E+02  0.49918126E+02
  0.50259315E+02  0.50580479E+02  0.50881994E+02  0.51164263E+02  0.51427694E+02
  0.51672693E+02  0.51899685E+02  0.52109105E+02  0.52301373E+02  0.52476909E+02
  0.52636151E+02  0.52779526E+02  0.52907454E+02  0.53020374E+02  0.53118711E+02
  0.53202877E+02  0.53273288E+02  0.53330319E+02  0.53374379E+02  0.53405869E+02
  0.53425164E+02  0.53432654E+02  0.53428725E+02  0.53413737E+02  0.53388053E+02
  0.53352042E+02  0.53306052E+02  0.53250426E+02  0.53185490E+02  0.53111556E+02
  0.53028963E+02  0.52938028E+02  0.52839063E+02  0.52732380E+02  0.52618242E+02
  0.52496931E+02  0.52368726E+02  0.52233935E+02  0.52092879E+02  0.51945847E+02
  0.51793117E+02  0.51634944E+02  0.51471556E+02  0.51303166E+02  0.51129995E+02
  0.50952269E+02  0.50770234E+02  0.50584121E+02  0.50394150E+02  0.50200500E+02
  0.50003332E+02  0.49802814E+02  0.49599116E+02  0.49392414E+02  0.49182893E+02
  0.48970726E+02  0.48756079E+02  0.48539105E+02  0.48319955E+02  0.48098771E+02
  0.47875705E+02  0.47650879E+02  0.47424411E+02  0.47196399E+02  0.46966938E+02
  0.46736107E+02  0.46503971E+02  0.46270648E+02  0.46036232E+02  0.45800851E+02
  0.45564594E+02  0.45327533E+02  0.45089730E+02  0.44851231E+02  0.44612098E+02
  0.44372371E+02  0.44132115E+02  0.43891391E+02  0.43650270E+02
  0.10000000E+01  0.28957322E+01  0.46968456E+01  0.64117498E+01  0.80668731E+01
  0.96748295E+01  0.11248014E+02  0.12790261E+02  0.14305515E+02  0.15791038E+02
  0.17247712E+02  0.18672910E+02  0.20067923E+02  0.21431472E+02  0.22764857E+02
  0.24067263E+02  0.25339706E+02  0.26581681E+02  0.27794109E+02  0.28976695E+02
  0.30130303E+02  0.31254728E+02  0.32350742E+02  0.33418246E+02  0.34457954E+02
  0.35469869E+02  0.36454666E+02  0.37412402E+02  0.38343703E+02  0.39248670E+02
  0.40127887E+02  0.40981492E+02  0.41810020E+02  0.42613677E+02  0.43392952E+02
  0.44148065E+02  0.44879474E+02  0.45587429E+02  0.46272321E+02  0.46934377E+02
  0.47573979E+02  0.48191351E+02  0.48786838E+02  0.49360697E+02  0.49913285E+02
  0.50444882E+02  0.50955824E+02  0.51446403E+02  0.51916961E+02  0.52367793E+02
  0.52799250E+02  0.53211643E+02  0.53605314E+02  0.53980592E+02  0.54337822E+02
  0.54677347E+02  0.54999529E+02  0.55304732E+02  0.55593325E+02  0.55865667E+02
  0.56122114E+02  0.56363029E+02  0.56588768E+02  0.56799689E+02  0.56996152E+02
  0.57178515E+02  0.57347121E+02  0.57502297E+02  0.57644361E+02  0.57773660E+02
  0.57890536E+02  0.57995303E+02  0.58088283E+02  0.58169793E+02  0.58240120E+02
  0.58299555E+02  0.58348415E+02  0.58386986E+02  0.58415564E+02  0.58434430E+02
  0.58443852E+02  0.58444118E+02  0.58435480E+02  0.58418186E+02  0.58392495E+02
  0.58358658E+02  0.58316949E+02  0.58267622E+02  0.58210955E+02  0.58147224E+02
  0.58076677E+02  0.57999540E+02  0.57916037E+02  0.57826363E+02  0.57730732E+02
  0.57629331E+02  0.57522384E+02  0.57410119E+02  0.57292747E+02  0.57170455E+02
  0.57043422E+02  0.56911800E+02  0.56775762E+02  0.56635477E+02  0.56491124E+02
  0.56342901E+02  0.56190972E+02  0.56035513E+02  0.55876690E+02  0.55714636E+02
  0.55549496E+02  0.55381417E+02  0.55210514E+02  0.55036913E+02  0.54860729E+02
  0.54682045E+02  0.54500946E+02  0.54317533E+02  0.54131952E+02  0.53944331E+02
  0.53754788E+02  0.53563419E+02  0.53370283E+02  0.53175460E+02  0.52978999E+02
  0.52780955E+02  0.52581421E+02  0.52380475E+02  0.52178205E+02
  0.10000000E+01  0.28983573E+01  0.47059786E+01  0.64307318E+01  0.80984751E+01
  0.97213617E+01  0.11311311E+02  0.12871841E+02  0.14406782E+02  0.15913399E+02
  0.17392606E+02  0.18841810E+02  0.20262345E+02  0.21652930E+02  0.23014875E+02
  0.24347348E+02  0.25651341E+02  0.26926329E+02  0.28173194E+02  0.29391627E+02
  0.30582437E+02  0.31745409E+02  0.32881270E+02  0.33989900E+02  0.35071982E+02
  0.36127481E+02  0.37157042E+02  0.38160687E+02  0.39139010E+02  0.40092089E+02
  0.41020468E+02  0.41924255E+02  0.42803957E+02  0.43659737E+02  0.44492055E+02
  0.45301110E+02  0.46087329E+02  0.46850923E+02  0.47592271E+02  0.48311572E+02
  0.49009177E+02  0.49685279E+02  0.50340199E+02  0.50974163E+02  0.51587512E+02
  0.52180488E+02  0.52753399E+02  0.53306510E+02  0.53840139E+02  0.54354542E+02
  0.54850045E+02  0.55326924E+02  0.55785503E+02  0.56226070E+02  0.56648947E+02
  0.57054434E+02  0.57442882E+02  0.57814607E+02  0.58169941E+02  0.58509213E+02
  0.58832765E+02  0.59140924E+02  0.59434007E+02  0.59712338E+02  0.59976240E+02
  0.60226040E+02  0.60462049E+02  0.60684565E+02  0.60893894E+02  0.61090334E+02
  0.61274188E+02  0.61445743E+02  0.61605291E+02  0.61753124E+02  0.61889509E+02
  0.62014727E+02  0.62129061E+02  0.62232771E+02  0.62326117E+02  0.62409355E+02
  0.62482741E+02  0.62546532E+02  0.62600987E+02  0.62646334E+02  0.62682802E+02
  0.62710620E+02  0.62730023E+02  0.62741251E+02  0.62744566E+02  0.62740228E+02
  0.62728467E+02  0.62709500E+02  0.62683543E+02  0.62650758E+02  0.62611347E+02
  0.62565502E+02  0.62513418E+02  0.62455314E+02  0.62391400E+02  0.62321852E+02
  0.62246822E+02  0.62166496E+02  0.62081036E+02  0.61990608E+02  0.61895407E+02
  0.61795588E+02  0.61691331E+02  0.61582801E+02  0.61470152E+02  0.61353529E+02
  0.61233099E+02  0.61108987E+02  0.60981336E+02  0.60850248E+02  0.60715838E+02
  0.60578201E+02  0.60437428E+02  0.60293628E+02  0.60146922E+02  0.59997461E+02
  0.59845342E+02  0.59690677E+02  0.59533548E+02  0.59374023E+02  0.59212197E+02
  0.59048128E+02  0.58881903E+02  0.58713604E+02  0.58543313E+02
  0.10000000E+01  0.28995060E+01  0.47103283E+01  0.64401512E+01  0.81147048E+01
  0.97459005E+01  0.11345420E+02  0.12916490E+02  0.14462882E+02  0.15981831E+02
  0.17474354E+02  0.18937894E+02  0.20373897E+02  0.21781084E+02  0.23160847E+02
  0.24512340E+02  0.25836613E+02  0.27133122E+02  0.28402796E+02  0.29645307E+02
  0.30861493E+02  0.32051124E+02  0.33214952E+02  0.34352843E+02  0.35465491E+02
  0.36552854E+02  0.37615583E+02  0.38653679E+02  0.39667738E+02  0.40657821E+02
  0.41624484E+02  0.42567811E+02  0.43488310E+02  0.44386125E+02  0.45261705E+02
  0.46115216E+02  0.46947078E+02  0.47757479E+02  0.48546786E+02  0.49315180E+02
  0.50062999E+02  0.50790419E+02  0.51497747E+02  0.52185180E+02  0.52853053E+02
  0.53501562E+02  0.54131029E+02  0.54741669E+02  0.55333792E+02  0.55907612E+02
  0.56463451E+02  0.57001555E+02  0.57522230E+02  0.58025707E+02  0.58512300E+02
  0.58982276E+02  0.59435940E+02  0.59873583E+02  0.60295525E+02  0.60702064E+02
  0.61093515E+02  0.61470175E+02  0.61832331E+02  0.62180266E+02  0.62514254E+02
  0.62834596E+02  0.63141565E+02  0.63435428E+02  0.63716460E+02  0.63984937E+02
  0.64241128E+02  0.64485285E+02  0.64717658E+02  0.64938502E+02  0.65148055E+02
  0.65346558E+02  0.65534258E+02  0.65711389E+02  0.65878201E+02  0.66034904E+02
  0.66181749E+02  0.66318952E+02  0.66446734E+02  0.66565298E+02  0.66674836E+02
  0.66775546E+02  0.66867655E+02  0.66951366E+02  0.67026917E+02  0.67094537E+02
  0.67154431E+02  0.67206781E+02  0.67251766E+02  0.67289551E+02  0.67320316E+02
  0.67344228E+02  0.67361487E+02  0.67372292E+02  0.67376821E+02  0.67375226E+02
  0.67367671E+02  0.67354296E+02  0.67335268E+02  0.67310734E+02  0.67280858E+02
  0.67245805E+02  0.67205728E+02  0.67160776E+02  0.67111098E+02  0.67056830E+02
  0.66998119E+02  0.66935098E+02  0.66867902E+02  0.66796620E+02  0.66721380E+02
  0.66642256E+02  0.66559356E+02  0.66472772E+02  0.66382646E+02  0.66289131E+02
  0.66192311E+02  0.66092292E+02  0.65989158E+02  0.65882965E+02  0.65773797E+02
  0.65661727E+02  0.65546839E+02  0.65429225E+02  0.65308970E+02
  0.10000000E+01  0.29035318E+01  0.47240856E+01  0.64684602E+01  0.81614351E+01
  0.98141634E+01  0.11437698E+02  0.13034839E+02  0.14609263E+02  0.16158120E+02
  0.17682490E+02  0.19179761E+02  0.20651411E+02  0.22096071E+02  0.23515130E+02
  0.24907654E+02  0.26274670E+02  0.27615549E+02  0.28931171E+02  0.30221126E+02
  0.31486192E+02  0.32726065E+02  0.33941438E+02  0.35132120E+02  0.36298764E+02
  0.37441265E+02  0.38560234E+02  0.39655600E+02  0.40727934E+02  0.41777214E+02
  0.42803964E+02  0.43808219E+02  0.44790446E+02  0.45750737E+02  0.46689505E+02
  0.47606861E+02  0.48503201E+02  0.49378655E+02  0.50233570E+02  0.51068078E+02
  0.51882509E+02  0.52676988E+02  0.53451806E+02  0.54207118E+02  0.54943231E+02
  0.55660312E+02  0.56358663E+02  0.57038470E+02  0.57700029E+02  0.58343525E+02
  0.58969252E+02  0.59577398E+02  0.60168256E+02  0.60742026E+02  0.61298998E+02
  0.61839402E+02  0.62363526E+02  0.62871627E+02  0.63363986E+02  0.63840856E+02
  0.64302529E+02  0.64749269E+02  0.65181337E+02  0.65598997E+02  0.66002502E+02
  0.66392131E+02  0.66768136E+02  0.67130753E+02  0.67480229E+02  0.67816831E+02
  0.68140795E+02  0.68452365E+02  0.68751780E+02  0.69039263E+02  0.69315045E+02
  0.69579340E+02  0.69832388E+02  0.70074400E+02  0.70305607E+02  0.70526206E+02
  0.70736411E+02  0.70936440E+02  0.71126498E+02  0.71306774E+02  0.71477467E+02
  0.71638764E+02  0.71790869E+02  0.71933985E+02  0.72068337E+02  0.72194120E+02
  0.72311550E+02  0.72420802E+02  0.72522045E+02  0.72615440E+02  0.72701166E+02
  0.72779379E+02  0.72850262E+02  0.72914009E+02  0.72970800E+02  0.73020784E+02
  0.73064132E+02  0.73100974E+02  0.73131479E+02  0.73155795E+02  0.73174091E+02
  0.73186514E+02  0.73193227E+02  0.73194369E+02  0.73190095E+02  0.73180541E+02
  0.73165848E+02  0.73146156E+02  0.73121583E+02  0.73092251E+02  0.73058270E+02
  0.73019734E+02  0.72976754E+02  0.72929427E+02  0.72877897E+02  0.72822283E+02
  0.72762698E+02  0.72699246E+02  0.72632012E+02  0.72561082E+02  0.72486536E+02
  0.72408455E+02  0.72326938E+02  0.72242068E+02  0.72153935E+02
  0.10000000E+01  0.29029464E+01  0.47227307E+01  0.64662429E+01  0.81588379E+01
  0.98116866E+01  0.11435985E+02  0.13034252E+02  0.14610311E+02  0.16161271E+02
  0.17688445E+02  0.19189237E+02  0.20665359E+02  0.22115457E+02  0.23541087E+02
  0.24941319E+02  0.26317307E+02  0.27668438E+02  0.28995693E+02  0.30298674E+02
  0.31578238E+02  0.32834077E+02  0.34066934E+02  0.35276603E+02  0.36463765E+02
  0.37628284E+02  0.38770800E+02  0.39891212E+02  0.40990124E+02  0.42067485E+02
  0.43123850E+02  0.44159203E+02  0.45174037E+02  0.46168390E+02  0.47142689E+02
  0.48097007E+02  0.49031722E+02  0.49946960E+02  0.50843034E+02  0.51720066E+02
  0.52578340E+02  0.53417971E+02  0.54239212E+02  0.55042194E+02  0.55827203E+02
  0.56594371E+02  0.57343984E+02  0.58076180E+02  0.58791232E+02  0.59489284E+02
  0.60170610E+02  0.60835356E+02  0.61483801E+02  0.62116083E+02  0.62732484E+02
  0.63333176E+02  0.63918435E+02  0.64488453E+02  0.65043496E+02  0.65583775E+02
  0.66109539E+02  0.66621017E+02  0.67118433E+02  0.67602005E+02  0.68071951E+02
  0.68528509E+02  0.68971890E+02  0.69402301E+02  0.69819946E+02  0.70225057E+02
  0.70617848E+02  0.70998523E+02  0.71367287E+02  0.71724322E+02  0.72069834E+02
  0.72403991E+02  0.72727009E+02  0.73039066E+02  0.73340370E+02  0.73631097E+02
  0.73911430E+02  0.74181537E+02  0.74441610E+02  0.74691798E+02  0.74932282E+02
  0.75163222E+02  0.75384825E+02  0.75597259E+02  0.75800722E+02  0.75995395E+02
  0.76181470E+02  0.76359074E+02  0.76528395E+02  0.76689551E+02  0.76842725E+02
  0.76988058E+02  0.77125732E+02  0.77255904E+02  0.77378737E+02  0.77494369E+02
  0.77602949E+02  0.77704601E+02  0.77799477E+02  0.77887730E+02  0.77969507E+02
  0.78044945E+02  0.78114214E+02  0.78177445E+02  0.78234772E+02  0.78286339E+02
  0.78332289E+02  0.78372742E+02  0.78407837E+02  0.78437674E+02  0.78462371E+02
  0.78482009E+02  0.78496704E+02  0.78506546E+02  0.78511665E+02  0.78512189E+02
  0.78508231E+02  0.78499896E+02  0.78487258E+02  0.78470395E+02  0.78449403E+02
  0.78424358E+02  0.78395358E+02  0.78362497E+02  0.78325879E+02
  0.10000000E+01  0.29016211E+01  0.47186752E+01  0.64583479E+01  0.81465786E+01
  0.97946874E+01  0.11414138E+02  0.13007322E+02  0.14578197E+02  0.16123794E+02
  0.17645593E+02  0.19140972E+02  0.20611821E+02  0.22056761E+02  0.23477492E+02
  0.24873071E+02  0.26244783E+02  0.27592003E+02  0.28915828E+02  0.30215862E+02
  0.31493041E+02  0.32747050E+02  0.33978707E+02  0.35187785E+02  0.36375029E+02
  0.37540291E+02  0.38684272E+02  0.39806862E+02  0.40908713E+02  0.41989753E+02
  0.43050588E+02  0.44091172E+02  0.45112043E+02  0.46113229E+02  0.47095170E+02
  0.48057947E+02  0.49001943E+02  0.49927280E+02  0.50834280E+02  0.51723057E+02
  0.52593908E+02  0.53446941E+02  0.54282418E+02  0.55100450E+02  0.55901329E+02
  0.56685165E+02  0.57452240E+02  0.58202677E+02  0.58936763E+02  0.59654631E+02
  0.60356548E+02  0.61042639E+02  0.61713180E+02  0.62368284E+02  0.63008257E+02
  0.63633228E+02  0.64243505E+02  0.64839249E+02  0.65420726E+02  0.65988120E+02
  0.66541671E+02  0.67081595E+02  0.67608109E+02  0.68121428E+02  0.68621761E+02
  0.69109318E+02  0.69584282E+02  0.70046849E+02  0.70497202E+02  0.70935563E+02
  0.71362130E+02  0.71777087E+02  0.72180633E+02  0.72572939E+02  0.72954176E+02
  0.73324489E+02  0.73684083E+02  0.74033143E+02  0.74371855E+02  0.74700370E+02
  0.75018860E+02  0.75327470E+02  0.75626376E+02  0.75915705E+02  0.76195627E+02
  0.76466294E+02  0.76727893E+02  0.76980568E+02  0.77224511E+02  0.77459869E+02
  0.77686819E+02  0.77905484E+02  0.78116026E+02  0.78318566E+02  0.78513261E+02
  0.78700227E+02  0.78879645E+02  0.79051646E+02  0.79216392E+02  0.79374004E+02
  0.79524625E+02  0.79668354E+02  0.79805332E+02  0.79935690E+02  0.80059582E+02
  0.80177137E+02  0.80288505E+02  0.80393802E+02  0.80493154E+02  0.80586670E+02
  0.80674491E+02  0.80756725E+02  0.80833519E+02  0.80904975E+02  0.80971215E+02
  0.81032304E+02  0.81088333E+02  0.81139385E+02  0.81185578E+02  0.81227017E+02
  0.81263831E+02  0.81296123E+02  0.81323961E+02  0.81347420E+02  0.81366570E+02
  0.81381484E+02  0.81392262E+02  0.81398990E+02  0.81401773E+02
  0.10000000E+01  0.29049693E+01  0.47302190E+01  0.64821749E+01  0.81860568E+01
  0.98524544E+01  0.11492396E+02  0.13107796E+02  0.14702622E+02  0.16273719E+02
  0.17822724E+02  0.19346874E+02  0.20848183E+02  0.22325115E+02  0.23779454E+02
  0.25210106E+02  0.26618404E+02  0.28003602E+02  0.29366800E+02  0.30707501E+02
  0.32026632E+02  0.33323793E+02  0.34599780E+02  0.35854303E+02  0.37088092E+02
  0.38300923E+02  0.39493496E+02  0.40665613E+02  0.41817924E+02  0.42950292E+02
  0.44063308E+02  0.45156877E+02  0.46231518E+02  0.47287203E+02  0.48324365E+02
  0.49343017E+02  0.50343539E+02  0.51325996E+02  0.52290694E+02  0.53237719E+02
  0.54167341E+02  0.55079647E+02  0.55974871E+02  0.56853104E+02  0.57714612E+02
  0.58559488E+02  0.59387998E+02  0.60200233E+02  0.60996473E+02  0.61776792E+02
  0.62541479E+02  0.63290600E+02  0.64024440E+02  0.64743071E+02  0.65446785E+02
  0.66135670E+02  0.66810018E+02  0.67469959E+02  0.68115739E+02  0.68747527E+02
  0.69365543E+02  0.69969981E+02  0.70561031E+02  0.71138872E+02  0.71703691E+02
  0.72255691E+02  0.72795046E+02  0.73321930E+02  0.73836521E+02  0.74339017E+02
  0.74829591E+02  0.75308414E+02  0.75775668E+02  0.76231501E+02  0.76676094E+02
  0.77109572E+02  0.77532127E+02  0.77943910E+02  0.78345101E+02  0.78735848E+02
  0.79116308E+02  0.79486622E+02  0.79846956E+02  0.80197431E+02  0.80538193E+02
  0.80869384E+02  0.81191178E+02  0.81503709E+02  0.81807180E+02  0.82101721E+02
  0.82387499E+02  0.82664621E+02  0.82933248E+02  0.83193472E+02  0.83445462E+02
  0.83689331E+02  0.83925234E+02  0.84153315E+02  0.84373730E+02  0.84586567E+02
  0.84791988E+02  0.84990105E+02  0.85181055E+02  0.85364958E+02  0.85541960E+02
  0.85712176E+02  0.85875738E+02  0.86032753E+02  0.86183368E+02  0.86327691E+02
  0.86465856E+02  0.86597990E+02  0.86724215E+02  0.86844605E+02  0.86959272E+02
  0.87068298E+02  0.87171782E+02  0.87269791E+02  0.87362463E+02  0.87449903E+02
  0.87532236E+02  0.87609541E+02  0.87681897E+02  0.87749383E+02  0.87812075E+02
  0.87870056E+02  0.87923409E+02  0.87972236E+02  0.88016636E+02
  0.10000000E+01  0.29001035E+01  0.47144421E+01  0.64504747E+01  0.81350835E+01
  0.97794865E+01  0.11395687E+02  0.12985568E+02  0.14553490E+02  0.16096112E+02
  0.17615383E+02  0.19108429E+02  0.20577581E+02  0.22021269E+02  0.23441537E+02
  0.24837303E+02  0.26210130E+02  0.27559304E+02  0.28886142E+02  0.30190195E+02
  0.31472572E+02  0.32732903E+02  0.33972145E+02  0.35190020E+02  0.36387398E+02
  0.37564064E+02  0.38720860E+02  0.39857584E+02  0.40975043E+02  0.42073068E+02
  0.43152404E+02  0.44212924E+02  0.45255271E+02  0.46279408E+02  0.47285856E+02
  0.48274645E+02  0.49246207E+02  0.50200644E+02  0.51138290E+02  0.52059270E+02
  0.52963859E+02  0.53852185E+02  0.54724486E+02  0.55580877E+02  0.56421632E+02
  0.57246882E+02  0.58056880E+02  0.58851746E+02  0.59631786E+02  0.60397067E+02
  0.61147910E+02  0.61884373E+02  0.62606779E+02  0.63315154E+02  0.64009873E+02
  0.64690989E+02  0.65358849E+02  0.66013551E+02  0.66655390E+02  0.67284510E+02
  0.67901157E+02  0.68505504E+02  0.69097754E+02  0.69678101E+02  0.70246727E+02
  0.70803828E+02  0.71349564E+02  0.71884114E+02  0.72407638E+02  0.72920340E+02
  0.73422385E+02  0.73913932E+02  0.74395162E+02  0.74866221E+02  0.75327263E+02
  0.75778405E+02  0.76219841E+02  0.76651688E+02  0.77074121E+02  0.77487255E+02
  0.77891247E+02  0.78286216E+02  0.78672310E+02  0.79049647E+02  0.79418356E+02
  0.79778544E+02  0.80130377E+02  0.80473955E+02  0.80809471E+02  0.81137017E+02
  0.81456777E+02  0.81768834E+02  0.82073334E+02  0.82370340E+02  0.82659999E+02
  0.82942384E+02  0.83217657E+02  0.83485917E+02  0.83747329E+02  0.84001969E+02
  0.84249952E+02  0.84491359E+02  0.84726304E+02  0.84954881E+02  0.85177226E+02
  0.85393430E+02  0.85603610E+02  0.85807861E+02  0.86006297E+02  0.86199001E+02
  0.86386114E+02  0.86567724E+02  0.86743953E+02  0.86914850E+02  0.87080535E+02
  0.87241029E+02  0.87396429E+02  0.87546786E+02  0.87692227E+02  0.87832826E+02
  0.87968695E+02  0.88099887E+02  0.88226462E+02  0.88348476E+02  0.88465986E+02
  0.88579070E+02  0.88687813E+02  0.88792293E+02  0.88892611E+02
   128
  0.10000000E+01  0.25846245E+01  0.36001360E+01  0.40727291E+01  0.41739713E+01
  0.40197951E+01  0.37169087E+01  0.33269389E+01  0.29040506E+01  0.24764806E+01
  0.20648800E+01  0.16819831E+01  0.13395886E+01  0.10413951E+01  0.78986032E+00
  0.58237009E+00  0.41954423E+00  0.29460018E+00  0.20368678E+00  0.13846270E+00
  0.94901098E-01  0.65546776E-01  0.46724687E-01  0.34620292E-01  0.26792164E-01
  0.21119821E-01  0.16641009E-01  0.13022742E-01  0.98100216E-02  0.69311898E-02
  0.46508616E-02  0.28571986E-02  0.12754842E-02  0.17739717E-04 -0.74057419E-03
  0.00000000E+00  0.00000000E+00  0.00000000E+00  0.00000000E+00  0.00000000E+00
  0.00000000E+00  0.00000000E+00  0.00000000E+00  0.00000000E+00  0.00000000E+00
  0.00000000E+00  0.00000000E+00  0.00000000E+00  0.00000000E+00  0.00000000E+00
  0.00000000E+00  0.00000000E+00  0.00000000E+00  0.00000000E+00  0.00000000E+00
  0.00000000E+00  0.00000000E+00  0.00000000E+00  0.00000000E+00  0.00000000E+00
  0.00000000E+00  0.00000000E+00  0.00000000E+00  0.00000000E+00  0.00000000E+00
  0.00000000E+00  0.00000000E+00  0.00000000E+00  0.00000000E+00  0.00000000E+00
  0.00000000E+00  0.00000000E+00  0.00000000E+00  0.00000000E+00  0.00000000E+00
  0.00000000E+00  0.00000000E+00  0.00000000E+00  0.00000000E+00  0.00000000E+00
  0.00000000E+00  0.00000000E+00  0.00000000E+00  0.00000000E+00  0.00000000E+00
  0.00000000E+00  0.00000000E+00  0.00000000E+00  0.00000000E+00  0.00000000E+00
  0.00000000E+00  0.00000000E+00  0.00000000E+00  0.00000000E+00  0.00000000E+00
  0.00000000E+00  0.00000000E+00  0.00000000E+00  0.00000000E+00  0.00000000E+00
  0.00000000E+00  0.00000000E+00  0.00000000E+00  0.00000000E+00  0.00000000E+00
  0.00000000E+00  0.00000000E+00  0.00000000E+00  0.00000000E+00  0.00000000E+00
  0.00000000E+00  0.00000000E+00  0.00000000E+00  0.00000000E+00  0.00000000E+00
  0.00000000E+00  0.00000000E+00  0.00000000E+00  0.00000000E+00  0.00000000E+00
  0.00000000E+00  0.00000000E+00  0.00000000E+00  0.00000000E+00  0.00000000E+00
  0.00000000E+00  0.00000000E+00  0.00000000E+00  0.00000000E+00
  0.10000000E+01  0.26151605E+01  0.37416589E+01  0.44391051E+01  0.48323677E+01
  0.49978179E+01  0.50008795E+01  0.48767921E+01  0.46597624E+01  0.43684479E+01
  0.40182487E+01  0.36289175E+01  0.32194242E+01  0.28082506E+01  0.24088185E+01
  0.20326649E+01  0.16909461E+01  0.13881632E+01  0.11294011E+01  0.91200417E+00
  0.73657230E+00  0.59397332E+00  0.47975157E+00  0.38721868E+00  0.31209909E+00
  0.25060027E+00  0.20027281E+00  0.15925767E+00  0.12561221E+00  0.98054965E-01
  0.75893232E-01  0.58173787E-01  0.43951250E-01  0.32755109E-01  0.24260988E-01
  0.17864415E-01  0.13029074E-01  0.94553284E-02  0.69089045E-02  0.50671469E-02
  0.37591902E-02  0.28893467E-02  0.22944597E-02  0.18727469E-02  0.15586506E-02
  0.13708550E-02  0.12259770E-02  0.98646679E-03  0.66762114E-03  0.36858561E-03
  0.20507698E-03  0.19794901E-03  0.25722183E-03  0.30790803E-03  0.32993707E-03
  0.32781243E-03  0.30216470E-03  0.23843597E-03  0.14121216E-03  0.31277234E-04
 -0.69367845E-04  0.00000000E+00  0.00000000E+00  0.00000000E+00  0.00000000E+00
  0.00000000E+00  0.00000000E+00  0.00000000E+00  0.00000000E+00  0.00000000E+00
  0.00000000E+00  0.00000000E+00  0.00000000E+00  0.00000000E+00  0.00000000E+00
  0.00000000E+00  0.00000000E+00  0.00000000E+00  0.00000000E+00  0.00000000E+00
  0.00000000E+00  0.00000000E+00  0.00000000E+00  0.00000000E+00  0.00000000E+00
  0.00000000E+00  0.00000000E+00  0.00000000E+00  0.00000000E+00  0.00000000E+00
  0.00000000E+00  0.00000000E+00  0.00000000E+00  0.00000000E+00  0.00000000E+00
  0.00000000E+00  0.00000000E+00  0.00000000E+00  0.00000000E+00  0.00000000E+00
  0.00000000E+00  0.00000000E+00  0.00000000E+00  0.00000000E+00  0.00000000E+00
  0.00000000E+00  0.00000000E+00  0.00000000E+00  0.00000000E+00  0.00000000E+00
  0.00000000E+00  0.00000000E+00  0.00000000E+00  0.00000000E+00  0.00000000E+00
  0.00000000E+00  0.00000000E+00  0.00000000E+00  0.00000000E+00  0.00000000E+00
  0.00000000E+00  0.00000000E+00  0.00000000E+00  0.00000000E+00  0.00000000E+00
  0.00000000E+00  0.00000000E+00  0.00000000E+00  0.00000000E+00
  0.10000000E+01  0.26377967E+01  0.38372780E+01  0.46742374E+01  0.52560445E+01
  0.56452453E+01  0.58880401E+01  0.60059142E+01  0.60188348E+01  0.59355660E+01
  0.57648319E+01  0.55204041E+01  0.52170732E+01  0.48719682E+01  0.44990951E+01
  0.41134182E+01  0.37293965E+01  0.33573996E+01  0.30076670E+01  0.26841188E+01
  0.23924674E+01  0.21286194E+01  0.18919293E+01  0.16786408E+01  0.14868113E+01
  0.13142588E+01  0.11594985E+01  0.10210879E+01  0.89741073E+00  0.78710290E+00
  0.68921796E+00  0.60254894E+00  0.52599236E+00  0.45871066E+00  0.39985321E+00
  0.34835079E+00  0.30324011E+00  0.26384680E+00  0.22949006E+00  0.19941140E+00
  0.17304003E+00  0.14999414E+00  0.12990172E+00  0.11237689E+00  0.97081053E-01
  0.83750291E-01  0.72120801E-01  0.61928593E-01  0.52992143E-01  0.45208386E-01
  0.38530497E-01  0.32891487E-01  0.28111249E-01  0.24027837E-01  0.20528984E-01
  0.17543421E-01  0.14996659E-01  0.12795032E-01  0.10851408E-01  0.91322759E-02
  0.76692769E-02  0.64687832E-02  0.55062974E-02  0.47211541E-02  0.40446880E-02
  0.34705910E-02  0.29885918E-02  0.25879372E-02  0.22378888E-02  0.19198890E-02
  0.16577569E-02  0.14597429E-02  0.13057690E-02  0.11874793E-02  0.10951278E-02
  0.10074402E-02  0.90473018E-03  0.77364282E-03  0.65348907E-03  0.55335770E-03
  0.46587322E-03  0.41361798E-03  0.39068011E-03  0.40467774E-03  0.44157732E-03
  0.47518077E-03  0.50074027E-03  0.53744535E-03  0.57765338E-03  0.59167524E-03
  0.59210113E-03  0.57231564E-03  0.53550748E-03  0.47321050E-03  0.36796734E-03
  0.21967959E-03  0.63120075E-04 -0.50206794E-04  0.00000000E+00  0.00000000E+00
  0.00000000E+00  0.00000000E+00  0.00000000E+00  0.00000000E+00  0.00000000E+00
  0.00000000E+00  0.00000000E+00  0.00000000E+00  0.00000000E+00  0.00000000E+00
  0.00000000E+00  0.00000000E+00  0.00000000E+00  0.00000000E+00  0.00000000E+00
  0.00000000E+00  0.00000000E+00  0.00000000E+00  0.00000000E+00  0.00000000E+00
  0.00000000E+00  0.00000000E+00  0.00000000E+00  0.00000000E+00  0.00000000E+00
  0.00000000E+00  0.00000000E+00  0.00000000E+00  0.00000000E+00
  0.10000000E+01  0.26698220E+01  0.39489589E+01  0.49101354E+01  0.56475482E+01
  0.62171338E+01  0.66583178E+01  0.69885034E+01  0.72195046E+01  0.73553522E+01
  0.74015390E+01  0.73663439E+01  0.72600605E+01  0.70938993E+01  0.68777622E+01
  0.66226823E+01  0.63401916E+01  0.60396066E+01  0.57305377E+01  0.54187968E+01
  0.51114107E+01  0.48087640E+01  0.45134648E+01  0.42256845E+01  0.39466789E+01
  0.36771840E+01  0.34182439E+01  0.31705565E+01  0.29345533E+01  0.27105141E+01
  0.24988586E+01  0.22995593E+01  0.21125071E+01  0.19376356E+01  0.17746758E+01
  0.16231611E+01  0.14825082E+01  0.13522404E+01  0.12318164E+01  0.11206310E+01
  0.10181451E+01  0.92387396E+00  0.83734668E+00  0.75807382E+00  0.68552295E+00
  0.61921251E+00  0.55866952E+00  0.50345077E+00  0.45314909E+00  0.40743231E+00
  0.36593899E+00  0.32834872E+00  0.29428883E+00  0.26344985E+00  0.23553403E+00
  0.21028328E+00  0.18745125E+00  0.16681152E+00  0.14817270E+00  0.13135886E+00
  0.11622595E+00  0.10264351E+00  0.90468161E-01  0.79565062E-01  0.69820560E-01
  0.61139480E-01  0.53426079E-01  0.46597985E-01  0.40558587E-01  0.35232876E-01
  0.30543028E-01  0.26400455E-01  0.22762991E-01  0.19572270E-01  0.16788458E-01
  0.14374536E-01  0.12274341E-01  0.10419023E-01  0.87601239E-02  0.72771575E-02
  0.59928942E-02  0.49106711E-02  0.40109332E-02  0.32613553E-02  0.26471579E-02
  0.21684753E-02  0.18094499E-02  0.15131529E-02  0.12304155E-02  0.96788636E-03
  0.74563358E-03  0.59233215E-03  0.48864792E-03  0.38914002E-03  0.29781220E-03
  0.25879113E-03  0.27311319E-03  0.30369017E-03  0.29471129E-03  0.23147671E-03
  0.15022847E-03  0.75685545E-04  0.13765382E-04 -0.36033418E-04  0.00000000E+00
  0.00000000E+00  0.00000000E+00  0.00000000E+00  0.00000000E+00  0.00000000E+00
  0.00000000E+00  0.00000000E+00  0.00000000E+00  0.00000000E+00  0.00000000E+00
  0.00000000E+00  0.00000000E+00  0.00000000E+00  0.00000000E+00  0.00000000E+00
  0.00000000E+00  0.00000000E+00  0.00000000E+00  0.00000000E+00  0.00000000E+00
  0.00000000E+00  0.00000000E+00  0.00000000E+00  0.00000000E+00
  0.10000000E+01  0.26988718E+01  0.40482648E+01  0.51164620E+01  0.59849291E+01
  0.67029405E+01  0.73051458E+01  0.78069513E+01  0.82152987E+01  0.85312770E+01
  0.87579604E+01  0.89004596E+01  0.89664041E+01  0.89637316E+01  0.88997369E+01
  0.87826640E+01  0.86216031E+01  0.84244178E+01  0.81993970E+01  0.79524609E+01
  0.76904393E+01  0.74155842E+01  0.71317037E+01  0.68408084E+01  0.65456307E+01
  0.62483705E+01  0.59514302E+01  0.56567711E+01  0.53661690E+01  0.50810943E+01
  0.48031121E+01  0.45333071E+01  0.42725392E+01  0.40215893E+01  0.37808826E+01
  0.35506403E+01  0.33308648E+01  0.31215537E+01  0.29225452E+01  0.27336159E+01
  0.25545823E+01  0.23852122E+01  0.22251849E+01  0.20741725E+01  0.19318035E+01
  0.17977357E+01  0.16716493E+01  0.15531933E+01  0.14420395E+01  0.13379591E+01
  0.12406055E+01  0.11497198E+01  0.10649155E+01  0.98588439E+00  0.91230240E+00
  0.84384723E+00  0.78015014E+00  0.72084278E+00  0.66560537E+00  0.61415795E+00
  0.56630368E+00  0.52183384E+00  0.48053720E+00  0.44221766E+00  0.40666660E+00
  0.37371332E+00  0.34319552E+00  0.31499173E+00  0.28898517E+00  0.26502012E+00
  0.24290500E+00  0.22243929E+00  0.20345733E+00  0.18586293E+00  0.16959008E+00
  0.15457529E+00  0.14077772E+00  0.12812260E+00  0.11652757E+00  0.10593655E+00
  0.96284361E-01  0.87500829E-01  0.79518047E-01  0.72272817E-01  0.65715356E-01
  0.59800244E-01  0.54453416E-01  0.49587267E-01  0.45125409E-01  0.41015738E-01
  0.37264923E-01  0.33850420E-01  0.30734613E-01  0.27891683E-01  0.25300977E-01
  0.22951620E-01  0.20826989E-01  0.18880697E-01  0.17110020E-01  0.15502657E-01
  0.14055267E-01  0.12764213E-01  0.11611107E-01  0.10583870E-01  0.96509225E-02
  0.88108757E-02  0.80847762E-02  0.74716249E-02  0.69364256E-02  0.64531876E-02
  0.59891850E-02  0.55904614E-02  0.52409165E-02  0.49003307E-02  0.45366122E-02
  0.41628852E-02  0.38139990E-02  0.35016368E-02  0.32422188E-02  0.30091384E-02
  0.27996897E-02  0.26265783E-02  0.24801571E-02  0.23100775E-02  0.21182249E-02
  0.19193204E-02  0.17366454E-02  0.15742164E-02  0.14218857E-02
  0.10000000E+01  0.27205094E+01  0.41192201E+01  0.52588449E+01  0.62126832E+01
  0.70260058E+01  0.77317557E+01  0.83456069E+01  0.88730500E+01  0.93141001E+01
  0.96705865E+01  0.99459792E+01  0.10146304E+02  0.10277619E+02  0.10345540E+02
  0.10356335E+02  0.10317172E+02  0.10234388E+02  0.10114760E+02  0.99633909E+01
  0.97861591E+01  0.95855506E+01  0.93653334E+01  0.91279391E+01  0.88763919E+01
  0.86132984E+01  0.83414558E+01  0.80632824E+01  0.77810605E+01  0.74968091E+01
  0.72125964E+01  0.69300789E+01  0.66506813E+01  0.63757226E+01  0.61061696E+01
  0.58428042E+01  0.55861796E+01  0.53367829E+01  0.50948878E+01  0.48606722E+01
  0.46342878E+01  0.44157956E+01  0.42051754E+01  0.40023356E+01  0.38071388E+01
  0.36194491E+01  0.34391514E+01  0.32661388E+01  0.31002944E+01  0.29416153E+01
  0.27899587E+01  0.26452516E+01  0.25073036E+01  0.23759340E+01  0.22509058E+01
  0.21319618E+01  0.20188235E+01  0.19112137E+01  0.18089025E+01  0.17116716E+01
  0.16193477E+01  0.15317855E+01  0.14488080E+01  0.13701950E+01  0.12957062E+01
  0.12250868E+01  0.11581133E+01  0.10946753E+01  0.10346759E+01  0.97795778E+00
  0.92428495E+00  0.87338795E+00  0.82506412E+00  0.77918238E+00  0.73562207E+00
  0.69430334E+00  0.65519378E+00  0.61824388E+00  0.58337933E+00  0.55045458E+00
  0.51931929E+00  0.48989267E+00  0.46213783E+00  0.43602098E+00  0.41143035E+00
  0.38822068E+00  0.36626496E+00  0.34547217E+00  0.32576457E+00  0.30708023E+00
  0.28935902E+00  0.27258684E+00  0.25677838E+00  0.24194373E+00  0.22803028E+00
  0.21495521E+00  0.20263079E+00  0.19099601E+00  0.18001197E+00  0.16963199E+00
  0.15981547E+00  0.15054423E+00  0.14182998E+00  0.13367546E+00  0.12602538E+00
  0.11883654E+00  0.11205433E+00  0.10568900E+00  0.99709086E-01  0.94048614E-01
  0.88692262E-01  0.83628100E-01  0.78882933E-01  0.74428475E-01  0.70218650E-01
  0.66226211E-01  0.62453423E-01  0.58913529E-01  0.55611989E-01  0.52486954E-01
  0.49511927E-01  0.46680237E-01  0.43979390E-01  0.41426415E-01  0.38999972E-01
  0.36695693E-01  0.34546646E-01  0.32551037E-01  0.30679759E-01
  0.10000000E+01  0.27522405E+01  0.42232936E+01  0.54683238E+01  0.65486491E+01
  0.75031761E+01  0.83618296E+01  0.91404479E+01  0.98426566E+01  0.10467037E+02
  0.11013665E+02  0.11483833E+02  0.11881375E+02  0.12210012E+02  0.12473264E+02
  0.12674991E+02  0.12819920E+02  0.12912427E+02  0.12957325E+02  0.12958580E+02
  0.12920748E+02  0.12846439E+02  0.12739180E+02  0.12601774E+02  0.12437406E+02
  0.12248990E+02  0.12039620E+02  0.11812091E+02  0.11569180E+02  0.11313454E+02
  0.11047493E+02  0.10773555E+02  0.10493674E+02  0.10209787E+02  0.99234778E+01
  0.96361568E+01  0.93489984E+01  0.90630831E+01  0.87792731E+01  0.84982786E+01
  0.82207580E+01  0.79472432E+01  0.76781344E+01  0.74137614E+01  0.71543836E+01
  0.69002558E+01  0.66516122E+01  0.64086699E+01  0.61716088E+01  0.59407141E+01
  0.57161493E+01  0.54981210E+01  0.52866858E+01  0.50818792E+01  0.48837032E+01
  0.46921356E+01  0.45070793E+01  0.43284032E+01  0.41559384E+01  0.39895942E+01
  0.38293531E+01  0.36751417E+01  0.35268022E+01  0.33841354E+01  0.32469267E+01
  0.31149921E+01  0.29881567E+01  0.28662723E+01  0.27492359E+01  0.26369447E+01
  0.25291910E+01  0.24256843E+01  0.23261133E+01  0.22302533E+01  0.21380096E+01
  0.20493676E+01  0.19643209E+01  0.18828004E+01  0.18046690E+01  0.17297442E+01
  0.16578805E+01  0.15889643E+01  0.15228794E+01  0.14595142E+01  0.13987484E+01
  0.13404934E+01  0.12846239E+01  0.12309738E+01  0.11794003E+01  0.11297905E+01
  0.10821049E+01  0.10363439E+01  0.99249221E+00  0.95053490E+00  0.91043404E+00
  0.87210159E+00  0.83538045E+00  0.80012338E+00  0.76626437E+00  0.73378382E+00
  0.70266696E+00  0.67287351E+00  0.64435206E+00  0.61705567E+00  0.59093760E+00
  0.56594799E+00  0.54202087E+00  0.51907109E+00  0.49703586E+00  0.47593474E+00
  0.45574949E+00  0.43644333E+00  0.41794658E+00  0.40019876E+00  0.38320648E+00
  0.36696444E+00  0.35142552E+00  0.33652581E+00  0.32221391E+00  0.30845892E+00
  0.29528922E+00  0.28268808E+00  0.27060940E+00  0.25901149E+00  0.24787558E+00
  0.23720827E+00  0.22698414E+00  0.21718747E+00  0.20781868E+00
  0.10000000E+01  0.27785125E+01  0.43077235E+01  0.56358067E+01  0.68154060E+01
  0.78805820E+01  0.88591806E+01  0.97676557E+01  0.10609364E+02  0.11382403E+02
  0.12085814E+02  0.12719475E+02  0.13285572E+02  0.13786294E+02  0.14223782E+02
  0.14600321E+02  0.14918926E+02  0.15182488E+02  0.15394288E+02  0.15557201E+02
  0.15674548E+02  0.15748553E+02  0.15782092E+02  0.15777667E+02  0.15738080E+02
  0.15665999E+02  0.15564277E+02  0.15435598E+02  0.15282686E+02  0.15108108E+02
  0.14914461E+02  0.14704112E+02  0.14479260E+02  0.14242035E+02  0.13994279E+02
  0.13737693E+02  0.13473785E+02  0.13203976E+02  0.12929458E+02  0.12651319E+02
  0.12370551E+02  0.12088028E+02  0.11804524E+02  0.11520724E+02  0.11237230E+02
  0.10954592E+02  0.10673347E+02  0.10394034E+02  0.10117161E+02  0.98432988E+01
  0.95728775E+01  0.93063781E+01  0.90441693E+01  0.87866005E+01  0.85339171E+01
  0.82863385E+01  0.80439959E+01  0.78069652E+01  0.75753036E+01  0.73491146E+01
  0.71285359E+01  0.69136630E+01  0.67045016E+01  0.65010066E+01  0.63030957E+01
  0.61106526E+01  0.59235857E+01  0.57418585E+01  0.55655025E+01  0.53944633E+01
  0.52285220E+01  0.50673828E+01  0.49107853E+01  0.47586003E+01  0.46107901E+01
  0.44673318E+01  0.43282655E+01  0.41935844E+01  0.40631865E+01  0.39368820E+01
  0.38144802E+01  0.36958479E+01  0.35808773E+01  0.34694754E+01  0.33615334E+01
  0.32569432E+01  0.31555862E+01  0.30573121E+01  0.29619758E+01  0.28694659E+01
  0.27797395E+01  0.26927767E+01  0.26085481E+01  0.25270308E+01  0.24481507E+01
  0.23718075E+01  0.22978582E+01  0.22261409E+01  0.21565667E+01  0.20890956E+01
  0.20237159E+01  0.19604362E+01  0.18992333E+01  0.18400406E+01  0.17827457E+01
  0.17272140E+01  0.16733874E+01  0.16212192E+01  0.15706538E+01  0.15216599E+01
  0.14741802E+01  0.14281870E+01  0.13836476E+01  0.13405293E+01  0.12987973E+01
  0.12583820E+01  0.12192357E+01  0.11813165E+01  0.11445854E+01  0.11089857E+01
  0.10744732E+01  0.10410215E+01  0.10086123E+01  0.97722295E+00  0.94680684E+00
  0.91732252E+00  0.88871489E+00  0.86099946E+00  0.83418608E+00
  0.10000000E+01  0.28037744E+01  0.43880505E+01  0.57940922E+01  0.70669930E+01
  0.82363209E+01  0.93278110E+01  0.10358426E+02  0.11331859E+02  0.12246119E+02
  0.13099589E+02  0.13891062E+02  0.14621293E+02  0.15291266E+02  0.15902105E+02
  0.16454965E+02  0.16951614E+02  0.17393798E+02  0.17783575E+02  0.18122842E+02
  0.18413786E+02  0.18658068E+02  0.18857808E+02  0.19014969E+02  0.19131742E+02
  0.19210264E+02  0.19252841E+02  0.19261731E+02  0.19239273E+02  0.19187735E+02
  0.19109444E+02  0.19006579E+02  0.18881208E+02  0.18735392E+02  0.18570999E+02
  0.18389779E+02  0.18193341E+02  0.17983229E+02  0.17760810E+02  0.17527360E+02
  0.17284108E+02  0.17032155E+02  0.16772507E+02  0.16506117E+02  0.16233867E+02
  0.15956612E+02  0.15675180E+02  0.15390379E+02  0.15102980E+02  0.14813808E+02
  0.14523566E+02  0.14232992E+02  0.13942716E+02  0.13653332E+02  0.13365354E+02
  0.13079254E+02  0.12795459E+02  0.12514316E+02  0.12236146E+02  0.11961290E+02
  0.11690132E+02  0.11422986E+02  0.11160069E+02  0.10901538E+02  0.10647463E+02
  0.10397897E+02  0.10152882E+02  0.99125057E+01  0.96769335E+01  0.94462479E+01
  0.92203866E+01  0.89991614E+01  0.87823768E+01  0.85699928E+01  0.83620232E+01
  0.81585582E+01  0.79597168E+01  0.77655557E+01  0.75760141E+01  0.73908994E+01
  0.72100548E+01  0.70333719E+01  0.68607959E+01  0.66922756E+01  0.65277668E+01
  0.63672054E+01  0.62104904E+01  0.60574872E+01  0.59080332E+01  0.57620206E+01
  0.56194141E+01  0.54801943E+01  0.53443086E+01  0.52117562E+01  0.50825016E+01
  0.49564672E+01  0.48335209E+01  0.47135077E+01  0.45963105E+01  0.44818771E+01
  0.43702022E+01  0.42612809E+01  0.41550991E+01  0.40516044E+01  0.39506915E+01
  0.38522434E+01  0.37561695E+01  0.36624176E+01  0.35709425E+01  0.34817054E+01
  0.33946592E+01  0.33097801E+01  0.32270380E+01  0.31463592E+01  0.30676565E+01
  0.29908919E+01  0.29160065E+01  0.28429350E+01  0.27716632E+01  0.27021629E+01
  0.26343929E+01  0.25683109E+01  0.25038490E+01  0.24409485E+01  0.23795722E+01
  0.23196833E+01  0.22612454E+01  0.22042093E+01  0.21485677E+01
  0.10000000E+01  0.28251406E+01  0.44552448E+01  0.59255282E+01  0.72758070E+01
  0.85321092E+01  0.97180957E+01  0.10850660E+02  0.11934184E+02  0.12966993E+02
  0.13947322E+02  0.14873363E+02  0.15744949E+02  0.16562304E+02  0.17325993E+02
  0.18036590E+02  0.18695183E+02  0.19302861E+02  0.19860974E+02  0.20370765E+02
  0.20833693E+02  0.21250887E+02  0.21623831E+02  0.21953934E+02  0.22242791E+02
  0.22491954E+02  0.22703104E+02  0.22877912E+02  0.23018124E+02  0.23125492E+02
  0.23201815E+02  0.23248808E+02  0.23268115E+02  0.23261387E+02  0.23230203E+02
  0.23176061E+02  0.23100408E+02  0.23004630E+02  0.22889998E+02  0.22757747E+02
  0.22609070E+02  0.22445076E+02  0.22266792E+02  0.22075219E+02  0.21871311E+02
  0.21656004E+02  0.21430220E+02  0.21194860E+02  0.20950826E+02  0.20699058E+02
  0.20440405E+02  0.20175728E+02  0.19905838E+02  0.19631514E+02  0.19353467E+02
  0.19072387E+02  0.18788900E+02  0.18503579E+02  0.18216974E+02  0.17929619E+02
  0.17642085E+02  0.17354905E+02  0.17068507E+02  0.16783266E+02  0.16499504E+02
  0.16217487E+02  0.15937494E+02  0.15659819E+02  0.15384789E+02  0.15112663E+02
  0.14843542E+02  0.14577435E+02  0.14314334E+02  0.14054315E+02  0.13797523E+02
  0.13544155E+02  0.13294411E+02  0.13048438E+02  0.12806252E+02  0.12567773E+02
  0.12332941E+02  0.12101741E+02  0.11874221E+02  0.11650368E+02  0.11430191E+02
  0.11213671E+02  0.11000788E+02  0.10791487E+02  0.10585644E+02  0.10383207E+02
  0.10184130E+02  0.99883808E+01  0.97959508E+01  0.96068949E+01  0.94212379E+01
  0.92389199E+01  0.90598188E+01  0.88838088E+01  0.87107988E+01  0.85407821E+01
  0.83737665E+01  0.82097637E+01  0.80487644E+01  0.78907281E+01  0.77355554E+01
  0.75831487E+01  0.74334359E+01  0.72863976E+01  0.71420085E+01  0.70002485E+01
  0.68611061E+01  0.67245474E+01  0.65905334E+01  0.64590230E+01  0.63299685E+01
  0.62033395E+01  0.60790786E+01  0.59571179E+01  0.58373827E+01  0.57198329E+01
  0.56044660E+01  0.54912469E+01  0.53801631E+01  0.52711646E+01  0.51642237E+01
  0.50592937E+01  0.49563550E+01  0.48553657E+01  0.47563056E+01
  0.10000000E+01  0.28451775E+01  0.45184182E+01  0.60492646E+01  0.74727885E+01
  0.88117077E+01  0.10087493E+02  0.11316569E+02  0.12503869E+02  0.13648039E+02
  0.14747298E+02  0.15799380E+02  0.16803391E+02  0.17758918E+02  0.18666118E+02
  0.19525095E+02  0.20336427E+02  0.21100650E+02  0.21818555E+02  0.22490875E+02
  0.23118524E+02  0.23702238E+02  0.24243007E+02  0.24741774E+02  0.25199582E+02
  0.25617478E+02  0.25996611E+02  0.26338136E+02  0.26643314E+02  0.26913383E+02
  0.27149657E+02  0.27353392E+02  0.27525828E+02  0.27668245E+02  0.27781887E+02
  0.27867962E+02  0.27927652E+02  0.27962092E+02  0.27972375E+02  0.27959597E+02
  0.27924826E+02  0.27869082E+02  0.27793346E+02  0.27698571E+02  0.27585691E+02
  0.27455647E+02  0.27309371E+02  0.27147787E+02  0.26971824E+02  0.26782429E+02
  0.26580511E+02  0.26366977E+02  0.26142700E+02  0.25908537E+02  0.25665314E+02
  0.25413847E+02  0.25154951E+02  0.24889382E+02  0.24617823E+02  0.24340971E+02
  0.24059563E+02  0.23774285E+02  0.23485775E+02  0.23194615E+02  0.22901315E+02
  0.22606338E+02  0.22310131E+02  0.22013175E+02  0.21715956E+02  0.21418909E+02
  0.21122336E+02  0.20826439E+02  0.20531430E+02  0.20237571E+02  0.19945134E+02
  0.19654419E+02  0.19365740E+02  0.19079320E+02  0.18795295E+02  0.18513711E+02
  0.18234629E+02  0.17958153E+02  0.17684398E+02  0.17413453E+02  0.17145385E+02
  0.16880260E+02  0.16618119E+02  0.16358964E+02  0.16102779E+02  0.15849565E+02
  0.15599314E+02  0.15352028E+02  0.15107732E+02  0.14866470E+02  0.14628300E+02
  0.14393201E+02  0.14161090E+02  0.13931868E+02  0.13705482E+02  0.13481939E+02
  0.13261278E+02  0.13043546E+02  0.12828749E+02  0.12616874E+02  0.12407865E+02
  0.12201653E+02  0.11998192E+02  0.11797499E+02  0.11599548E+02  0.11404316E+02
  0.11211776E+02  0.11021903E+02  0.10834671E+02  0.10650059E+02  0.10468060E+02
  0.10288652E+02  0.10111823E+02  0.99375211E+01  0.97657169E+01  0.95963749E+01
  0.94294937E+01  0.92650772E+01  0.91030647E+01  0.89434494E+01  0.87862219E+01
  0.86313559E+01  0.84788051E+01  0.83285315E+01  0.81805217E+01
  0.10000000E+01  0.28560571E+01  0.45529765E+01  0.61169761E+01  0.75812336E+01
  0.89668243E+01  0.10293723E+02  0.11577329E+02  0.12822841E+02  0.14029166E+02
  0.15194813E+02  0.16317521E+02  0.17396379E+02  0.18430830E+02  0.19421055E+02
  0.20367068E+02  0.21269408E+02  0.22128460E+02  0.22944922E+02  0.23719352E+02
  0.24452517E+02  0.25144977E+02  0.25797547E+02  0.26410952E+02  0.26986046E+02
  0.27523605E+02  0.28024523E+02  0.28489675E+02  0.28920045E+02  0.29316594E+02
  0.29680348E+02  0.30012268E+02  0.30313317E+02  0.30584484E+02  0.30826730E+02
  0.31040994E+02  0.31228216E+02  0.31389306E+02  0.31525125E+02  0.31636562E+02
  0.31724485E+02  0.31789716E+02  0.31833051E+02  0.31855271E+02  0.31857160E+02
  0.31839497E+02  0.31803074E+02  0.31748659E+02  0.31677038E+02  0.31589024E+02
  0.31485396E+02  0.31366956E+02  0.31234477E+02  0.31088721E+02  0.30930444E+02
  0.30760407E+02  0.30579372E+02  0.30388058E+02  0.30187153E+02  0.29977328E+02
  0.29759290E+02  0.29533728E+02  0.29301284E+02  0.29062578E+02  0.28818176E+02
  0.28568584E+02  0.28314336E+02  0.28055975E+02  0.27794024E+02  0.27529024E+02
  0.27261371E+02  0.26991387E+02  0.26719412E+02  0.26445798E+02  0.26170933E+02
  0.25895202E+02  0.25618983E+02  0.25342592E+02  0.25066246E+02  0.24790121E+02
  0.24514406E+02  0.24239309E+02  0.23965041E+02  0.23691782E+02  0.23419670E+02
  0.23148817E+02  0.22879339E+02  0.22611330E+02  0.22344871E+02  0.22080034E+02
  0.21816865E+02  0.21555392E+02  0.21295667E+02  0.21037777E+02  0.20781832E+02
  0.20527898E+02  0.20275956E+02  0.20025954E+02  0.19777863E+02  0.19531727E+02
  0.19287587E+02  0.19045517E+02  0.18805580E+02  0.18567771E+02  0.18332065E+02
  0.18098411E+02  0.17866791E+02  0.17637235E+02  0.17409764E+02  0.17184375E+02
  0.16961054E+02  0.16739797E+02  0.16520573E+02  0.16303406E+02  0.16088324E+02
  0.15875346E+02  0.15664477E+02  0.15455688E+02  0.15248955E+02  0.15044244E+02
  0.14841574E+02  0.14640945E+02  0.14442350E+02  0.14245785E+02  0.14051256E+02
  0.13858750E+02  0.13668255E+02  0.13479757E+02  0.13293267E+02
  0.10000000E+01  0.28673720E+01  0.45892060E+01  0.61883571E+01  0.76957637E+01
  0.91307164E+01  0.10511673E+02  0.11853032E+02  0.13160110E+02  0.14431978E+02
  0.15667331E+02  0.16863808E+02  0.18020426E+02  0.19136422E+02  0.20211914E+02
  0.21246746E+02  0.22241330E+02  0.23195831E+02  0.24110794E+02  0.24986565E+02
  0.25823740E+02  0.26622711E+02  0.27384123E+02  0.28108511E+02  0.28796526E+02
  0.29448734E+02  0.30065802E+02  0.30648371E+02  0.31197199E+02  0.31713003E+02
  0.32196584E+02  0.32648665E+02  0.33070004E+02  0.33461356E+02  0.33823502E+02
  0.34157188E+02  0.34463168E+02  0.34742169E+02  0.34994900E+02  0.35222065E+02
  0.35424385E+02  0.35602542E+02  0.35757189E+02  0.35888973E+02  0.35998548E+02
  0.36086588E+02  0.36153760E+02  0.36200742E+02  0.36228221E+02  0.36236914E+02
  0.36227509E+02  0.36200701E+02  0.36157185E+02  0.36097634E+02  0.36022714E+02
  0.35933135E+02  0.35829604E+02  0.35712785E+02  0.35583322E+02  0.35441870E+02
  0.35289071E+02  0.35125600E+02  0.34952114E+02  0.34769233E+02  0.34577542E+02
  0.34377599E+02  0.34169973E+02  0.33955232E+02  0.33733967E+02  0.33506742E+02
  0.33274033E+02  0.33036238E+02  0.32793756E+02  0.32546996E+02  0.32296402E+02
  0.32042426E+02  0.31785513E+02  0.31526061E+02  0.31264385E+02  0.31000737E+02
  0.30735388E+02  0.30468633E+02  0.30200759E+02  0.29932048E+02  0.29662727E+02
  0.29392994E+02  0.29123045E+02  0.28853040E+02  0.28583096E+02  0.28313348E+02
  0.28043921E+02  0.27774932E+02  0.27506472E+02  0.27238665E+02  0.26971665E+02
  0.26705537E+02  0.26440325E+02  0.26176062E+02  0.25912775E+02  0.25650552E+02
  0.25389475E+02  0.25129610E+02  0.24871027E+02  0.24613765E+02  0.24357844E+02
  0.24103257E+02  0.23850035E+02  0.23598221E+02  0.23347850E+02  0.23098925E+02
  0.22851434E+02  0.22605401E+02  0.22360828E+02  0.22117749E+02  0.21876209E+02
  0.21636231E+02  0.21397827E+02  0.21160996E+02  0.20925726E+02  0.20692029E+02
  0.20459933E+02  0.20229452E+02  0.20000587E+02  0.19773343E+02  0.19547732E+02
  0.19323770E+02  0.19101458E+02  0.18880804E+02  0.18661807E+02
  0.10000000E+01  0.28724060E+01  0.46058534E+01  0.62215891E+01  0.77499138E+01
  0.92094349E+01  0.10617706E+02  0.11988165E+02  0.13326028E+02  0.14630451E+02
  0.15900329E+02  0.17133450E+02  0.18329046E+02  0.19486442E+02  0.20605886E+02
  0.21687253E+02  0.22731028E+02  0.23737366E+02  0.24706835E+02  0.25639760E+02
  0.26536754E+02  0.27398143E+02  0.28224543E+02  0.29016415E+02  0.29774365E+02
  0.30498883E+02  0.31190588E+02  0.31850030E+02  0.32477888E+02  0.33074782E+02
  0.33641426E+02  0.34178438E+02  0.34686487E+02  0.35166219E+02  0.35618293E+02
  0.36043343E+02  0.36442011E+02  0.36814923E+02  0.37162677E+02  0.37485881E+02
  0.37785129E+02  0.38060989E+02  0.38313998E+02  0.38544698E+02  0.38753641E+02
  0.38941384E+02  0.39108498E+02  0.39255529E+02  0.39383052E+02  0.39491666E+02
  0.39581953E+02  0.39654519E+02  0.39709934E+02  0.39748758E+02  0.39771550E+02
  0.39778911E+02  0.39771431E+02  0.39749670E+02  0.39714176E+02  0.39665500E+02
  0.39604211E+02  0.39530884E+02  0.39446083E+02  0.39350379E+02  0.39244270E+02
  0.39128261E+02  0.39002844E+02  0.38868526E+02  0.38725841E+02  0.38575293E+02
  0.38417341E+02  0.38252362E+02  0.38080728E+02  0.37902846E+02  0.37719130E+02
  0.37530022E+02  0.37335960E+02  0.37137333E+02  0.36934460E+02  0.36727652E+02
  0.36517198E+02  0.36303404E+02  0.36086580E+02  0.35866987E+02  0.35644903E+02
  0.35420547E+02  0.35194146E+02  0.34965911E+02  0.34736023E+02  0.34504635E+02
  0.34271893E+02  0.34037939E+02  0.33802913E+02  0.33566984E+02  0.33330339E+02
  0.33093130E+02  0.32855430E+02  0.32617285E+02  0.32378770E+02  0.32139967E+02
  0.31900991E+02  0.31661963E+02  0.31422969E+02  0.31184077E+02  0.30945339E+02
  0.30706766E+02  0.30468426E+02  0.30230386E+02  0.29992717E+02  0.29755458E+02
  0.29518627E+02  0.29282268E+02  0.29046398E+02  0.28811060E+02  0.28576324E+02
  0.28342236E+02  0.28108826E+02  0.27876110E+02  0.27644082E+02  0.27412777E+02
  0.27182256E+02  0.26952552E+02  0.26723690E+02  0.26495688E+02  0.26268576E+02
  0.26042386E+02  0.25817142E+02  0.25592886E+02  0.25369620E+02
  0.10000000E+01  0.28794101E+01  0.46287930E+01  0.62673561E+01  0.78240389E+01
  0.93163532E+01  0.10760752E+02  0.12169769E+02  0.13548509E+02  0.14896179E+02
  0.16211795E+02  0.17493163E+02  0.18739580E+02  0.19950335E+02  0.21125717E+02
  0.22265549E+02  0.23370281E+02  0.24439978E+02  0.25475150E+02  0.26476028E+02
  0.27443156E+02  0.28376792E+02  0.29277478E+02  0.30145600E+02  0.30981677E+02
  0.31786108E+02  0.32559410E+02  0.33302021E+02  0.34014522E+02  0.34697410E+02
  0.35351283E+02  0.35976649E+02  0.36574072E+02  0.37144083E+02  0.37687230E+02
  0.38204023E+02  0.38695009E+02  0.39160699E+02  0.39601611E+02  0.40018239E+02
  0.40411105E+02  0.40780684E+02  0.41127407E+02  0.41451747E+02  0.41754160E+02
  0.42035127E+02  0.42295148E+02  0.42534693E+02  0.42754231E+02  0.42954269E+02
  0.43135309E+02  0.43297859E+02  0.43442432E+02  0.43569511E+02  0.43679578E+02
  0.43773145E+02  0.43850720E+02  0.43912800E+02  0.43959893E+02  0.43992499E+02
  0.44011117E+02  0.44016264E+02  0.44008450E+02  0.43988158E+02  0.43955866E+02
  0.43912027E+02  0.43857123E+02  0.43791659E+02  0.43716104E+02  0.43630951E+02
  0.43536616E+02  0.43433481E+02  0.43321948E+02  0.43202419E+02  0.43075309E+02
  0.42941057E+02  0.42800075E+02  0.42652766E+02  0.42499461E+02  0.42340486E+02
  0.42176160E+02  0.42006796E+02  0.41832724E+02  0.41654242E+02  0.41471642E+02
  0.41285192E+02  0.41095165E+02  0.40901790E+02  0.40705280E+02  0.40505825E+02
  0.40303615E+02  0.40098826E+02  0.39891627E+02  0.39682207E+02  0.39470764E+02
  0.39257451E+02  0.39042391E+02  0.38825667E+02  0.38607398E+02  0.38387716E+02
  0.38166760E+02  0.37944643E+02  0.37721497E+02  0.37497407E+02  0.37272442E+02
  0.37046694E+02  0.36820233E+02  0.36593170E+02  0.36365576E+02  0.36137486E+02
  0.35908960E+02  0.35680043E+02  0.35450782E+02  0.35221238E+02  0.34991491E+02
  0.34761596E+02  0.34531606E+02  0.34301560E+02  0.34071483E+02  0.33841446E+02
  0.33611497E+02  0.33381685E+02  0.33152036E+02  0.32922582E+02  0.32693371E+02
  0.32464457E+02  0.32235891E+02  0.32007702E+02  0.31779909E+02
  0.10000000E+01  0.28831524E+01  0.46415493E+01  0.62932399E+01  0.78666856E+01
  0.93788661E+01  0.10845535E+02  0.12278385E+02  0.13682338E+02  0.15056605E+02
  0.16400354E+02  0.17711515E+02  0.18989602E+02  0.20234000E+02  0.21445128E+02
  0.22622849E+02  0.23767682E+02  0.24879699E+02  0.25959425E+02  0.27007074E+02
  0.28023200E+02  0.29008025E+02  0.29962090E+02  0.30885721E+02  0.31779433E+02
  0.32643574E+02  0.33478647E+02  0.34285035E+02  0.35063284E+02  0.35813834E+02
  0.36537253E+02  0.37233973E+02  0.37904519E+02  0.38549339E+02  0.39168962E+02
  0.39763800E+02  0.40334365E+02  0.40881084E+02  0.41404414E+02  0.41904772E+02
  0.42382631E+02  0.42838383E+02  0.43272427E+02  0.43685151E+02  0.44076939E+02
  0.44448196E+02  0.44799359E+02  0.45130809E+02  0.45442952E+02  0.45736231E+02
  0.46011061E+02  0.46267871E+02  0.46507069E+02  0.46729070E+02  0.46934275E+02
  0.47123121E+02  0.47296052E+02  0.47453496E+02  0.47595860E+02  0.47723560E+02
  0.47837020E+02  0.47936678E+02  0.48022971E+02  0.48096320E+02  0.48157125E+02
  0.48205781E+02  0.48242679E+02  0.48268216E+02  0.48282826E+02  0.48286905E+02
  0.48280826E+02  0.48264931E+02  0.48239562E+02  0.48205083E+02  0.48161854E+02
  0.48110258E+02  0.48050692E+02  0.47983508E+02  0.47909016E+02  0.47827513E+02
  0.47739294E+02  0.47644683E+02  0.47543990E+02  0.47437502E+02  0.47325481E+02
  0.47208177E+02  0.47085835E+02  0.46958685E+02  0.46826948E+02  0.46690831E+02
  0.46550540E+02  0.46406240E+02  0.46258120E+02  0.46106366E+02  0.45951178E+02
  0.45792757E+02  0.45631255E+02  0.45466798E+02  0.45299510E+02  0.45129549E+02
  0.44957034E+02  0.44782126E+02  0.44604958E+02  0.44425660E+02  0.44244314E+02
  0.44061014E+02  0.43875857E+02  0.43688923E+02  0.43500340E+02  0.43310169E+02
  0.43118489E+02  0.42925377E+02  0.42730876E+02  0.42535086E+02  0.42338084E+02
  0.42139946E+02  0.41940776E+02  0.41740621E+02  0.41539543E+02  0.41337588E+02
  0.41134825E+02  0.40931314E+02  0.40727107E+02  0.40522238E+02  0.40316776E+02
  0.40110780E+02  0.39904305E+02  0.39697389E+02  0.39490061E+02
  0.10000000E+01  0.28869919E+01  0.46544332E+01  0.63192773E+01  0.79092419E+01
  0.94406969E+01  0.10928775E+02  0.12384580E+02  0.13812900E+02  0.15212916E+02
  0.16583865E+02  0.17923696E+02  0.19232012E+02  0.20508197E+02  0.21752728E+02
  0.22965430E+02  0.24146836E+02  0.25296951E+02  0.26416283E+02  0.27504975E+02
  0.28563570E+02  0.29592239E+02  0.30591487E+02  0.31561604E+02  0.32503061E+02
  0.33416161E+02  0.34301372E+02  0.35159021E+02  0.35989639E+02  0.36793589E+02
  0.37571418E+02  0.38323486E+02  0.39050302E+02  0.39752242E+02  0.40429804E+02
  0.41083341E+02  0.41713348E+02  0.42320182E+02  0.42904314E+02  0.43466086E+02
  0.44005931E+02  0.44524203E+02  0.45021269E+02  0.45497455E+02  0.45953146E+02
  0.46388720E+02  0.46804563E+02  0.47201045E+02  0.47578525E+02  0.47937385E+02
  0.48277999E+02  0.48600756E+02  0.48906033E+02  0.49194226E+02  0.49465688E+02
  0.49720837E+02  0.49960053E+02  0.50183711E+02  0.50392189E+02  0.50585868E+02
  0.50765149E+02  0.50930443E+02  0.51082135E+02  0.51220604E+02  0.51346217E+02
  0.51459310E+02  0.51560258E+02  0.51649444E+02  0.51727245E+02  0.51794040E+02
  0.51850174E+02  0.51895941E+02  0.51931658E+02  0.51957660E+02  0.51974287E+02
  0.51981897E+02  0.51980856E+02  0.51971496E+02  0.51954107E+02  0.51928962E+02
  0.51896356E+02  0.51856569E+02  0.51809885E+02  0.51756595E+02  0.51696946E+02
  0.51631186E+02  0.51559555E+02  0.51482275E+02  0.51399563E+02  0.51311596E+02
  0.51218581E+02  0.51120692E+02  0.51018123E+02  0.50911081E+02  0.50799763E+02
  0.50684352E+02  0.50564990E+02  0.50441823E+02  0.50314981E+02  0.50184607E+02
  0.50050860E+02  0.49913882E+02  0.49773825E+02  0.49630786E+02  0.49484883E+02
  0.49336228E+02  0.49184930E+02  0.49031127E+02  0.48874905E+02  0.48716342E+02
  0.48555515E+02  0.48392503E+02  0.48227388E+02  0.48060269E+02  0.47891245E+02
  0.47720411E+02  0.47547854E+02  0.47373620E+02  0.47197764E+02  0.47020354E+02
  0.46841481E+02  0.46661219E+02  0.46479643E+02  0.46296799E+02  0.46112747E+02
  0.45927561E+02  0.45741310E+02  0.45554038E+02  0.45365807E+02
  0.10000000E+01  0.28891027E+01  0.46618983E+01  0.63347018E+01  0.79349965E+01
  0.94787946E+01  0.10980882E+02  0.12451756E+02  0.13896084E+02  0.15312949E+02
  0.16701725E+02  0.18060377E+02  0.19388713E+02  0.20686147E+02  0.21953295E+02
  0.23189978E+02  0.24396822E+02  0.25573803E+02  0.26721479E+02  0.27839961E+02
  0.28929819E+02  0.29991185E+02  0.31024599E+02  0.32030299E+02  0.33008779E+02
  0.33960287E+02  0.34885327E+02  0.35784154E+02  0.36657338E+02  0.37505178E+02
  0.38328257E+02  0.39126868E+02  0.39901539E+02  0.40652563E+02  0.41380464E+02
  0.42085523E+02  0.42768263E+02  0.43428963E+02  0.44068113E+02  0.44685989E+02
  0.45283023E+02  0.45859497E+02  0.46415775E+02  0.46952138E+02  0.47468955E+02
  0.47966563E+02  0.48445333E+02  0.48905582E+02  0.49347630E+02  0.49771848E+02
  0.50178550E+02  0.50568112E+02  0.50940853E+02  0.51297127E+02  0.51637267E+02
  0.51961625E+02  0.52270543E+02  0.52564368E+02  0.52843411E+02  0.53108021E+02
  0.53358550E+02  0.53595363E+02  0.53818816E+02  0.54029250E+02  0.54226974E+02
  0.54412304E+02  0.54585568E+02  0.54747082E+02  0.54897200E+02  0.55036251E+02
  0.55164529E+02  0.55282313E+02  0.55389880E+02  0.55487509E+02  0.55575502E+02
  0.55654172E+02  0.55723843E+02  0.55784815E+02  0.55837373E+02  0.55881747E+02
  0.55918187E+02  0.55946959E+02  0.55968326E+02  0.55982523E+02  0.55989798E+02
  0.55990388E+02  0.55984487E+02  0.55972289E+02  0.55953991E+02  0.55929778E+02
  0.55899820E+02  0.55864305E+02  0.55823413E+02  0.55777336E+02  0.55726264E+02
  0.55670365E+02  0.55609808E+02  0.55544699E+02  0.55475176E+02  0.55401376E+02
  0.55323430E+02  0.55241474E+02  0.55155665E+02  0.55066114E+02  0.54972953E+02
  0.54876276E+02  0.54776196E+02  0.54672817E+02  0.54566246E+02  0.54456589E+02
  0.54343934E+02  0.54228396E+02  0.54110049E+02  0.53988979E+02  0.53865278E+02
  0.53739027E+02  0.53610329E+02  0.53479255E+02  0.53345879E+02  0.53210265E+02
  0.53072481E+02  0.52932601E+02  0.52790683E+02  0.52646809E+02  0.52501053E+02
  0.52353502E+02  0.52204260E+02  0.52053350E+02  0.51900812E+02
  0.10000000E+01  0.28945467E+01  0.46799491E+01  0.63710298E+01  0.79940510E+01
  0.95641092E+01  0.11095170E+02  0.12597087E+02  0.14074380E+02  0.15526084E+02
  0.16951623E+02  0.18348932E+02  0.19717831E+02  0.21057679E+02  0.22369077E+02
  0.23651780E+02  0.24906347E+02  0.26132665E+02  0.27331212E+02  0.28502025E+02
  0.29645581E+02  0.30761958E+02  0.31851631E+02  0.32914783E+02  0.33951860E+02
  0.34963041E+02  0.35948771E+02  0.36909249E+02  0.37844965E+02  0.38756143E+02
  0.39643315E+02  0.40506700E+02  0.41346796E+02  0.42163803E+02  0.42958237E+02
  0.43730294E+02  0.44480467E+02  0.45208982E+02  0.45916284E+02  0.46602596E+02
  0.47268316E+02  0.47913685E+02  0.48539047E+02  0.49144638E+02  0.49730810E+02
  0.50297841E+02  0.50846063E+02  0.51375780E+02  0.51887260E+02  0.52380857E+02
  0.52856853E+02  0.53315575E+02  0.53757333E+02  0.54182442E+02  0.54591201E+02
  0.54983957E+02  0.55361016E+02  0.55722687E+02  0.56069266E+02  0.56401048E+02
  0.56718362E+02  0.57021550E+02  0.57310920E+02  0.57586807E+02  0.57849495E+02
  0.58099273E+02  0.58336443E+02  0.58561304E+02  0.58774180E+02  0.58975389E+02
  0.59165218E+02  0.59343938E+02  0.59511808E+02  0.59669091E+02  0.59816069E+02
  0.59953039E+02  0.60080316E+02  0.60198173E+02  0.60306877E+02  0.60406651E+02
  0.60497714E+02  0.60580334E+02  0.60654769E+02  0.60721258E+02  0.60780046E+02
  0.60831334E+02  0.60875346E+02  0.60912275E+02  0.60942314E+02  0.60965646E+02
  0.60982456E+02  0.60992922E+02  0.60997229E+02  0.60995544E+02  0.60988065E+02
  0.60974964E+02  0.60956379E+02  0.60932438E+02  0.60903292E+02  0.60869054E+02
  0.60829895E+02  0.60785969E+02  0.60737411E+02  0.60684369E+02  0.60626975E+02
  0.60565324E+02  0.60499524E+02  0.60429722E+02  0.60356021E+02  0.60278523E+02
  0.60197330E+02  0.60112539E+02  0.60024238E+02  0.59932510E+02  0.59837458E+02
  0.59739179E+02  0.59637767E+02  0.59533328E+02  0.59425922E+02  0.59315631E+02
  0.59202541E+02  0.59086738E+02  0.58968305E+02  0.58847305E+02  0.58723848E+02
  0.58598013E+02  0.58469892E+02  0.58339535E+02  0.58207005E+02
  0.10000000E+01  0.28948472E+01  0.46814847E+01  0.63744104E+01  0.80004022E+01
  0.95745037E+01  0.11110712E+02  0.12618247E+02  0.14101758E+02  0.15560110E+02
  0.16993050E+02  0.18398486E+02  0.19776617E+02  0.21126796E+02  0.22449897E+02
  0.23745667E+02  0.25014862E+02  0.26257368E+02  0.27473782E+02  0.28664104E+02
  0.29828904E+02  0.30968222E+02  0.32082540E+02  0.33172020E+02  0.34237104E+02
  0.35277947E+02  0.36294997E+02  0.37288401E+02  0.38258680E+02  0.39205989E+02
  0.40130910E+02  0.41033557E+02  0.41914483E+02  0.42773775E+02  0.43611992E+02
  0.44429204E+02  0.45225969E+02  0.46002388E+02  0.46758982E+02  0.47495814E+02
  0.48213345E+02  0.48911673E+02  0.49591177E+02  0.50252004E+02  0.50894502E+02
  0.51518888E+02  0.52125484E+02  0.52714515E+02  0.53286208E+02  0.53840886E+02
  0.54378761E+02  0.54900167E+02  0.55405320E+02  0.55894541E+02  0.56368044E+02
  0.56826141E+02  0.57269063E+02  0.57697098E+02  0.58110477E+02  0.58509496E+02
  0.58894411E+02  0.59265506E+02  0.59623074E+02  0.59967345E+02  0.60298594E+02
  0.60617063E+02  0.60923029E+02  0.61216731E+02  0.61498468E+02  0.61768497E+02
  0.62027065E+02  0.62274412E+02  0.62510767E+02  0.62736366E+02  0.62951466E+02
  0.63156323E+02  0.63351216E+02  0.63536387E+02  0.63712059E+02  0.63878459E+02
  0.64035791E+02  0.64184285E+02  0.64324157E+02  0.64455641E+02  0.64578935E+02
  0.64694241E+02  0.64801774E+02  0.64901715E+02  0.64994254E+02  0.65079538E+02
  0.65157760E+02  0.65229068E+02  0.65293647E+02  0.65351664E+02  0.65403340E+02
  0.65448801E+02  0.65488220E+02  0.65521718E+02  0.65549429E+02  0.65571481E+02
  0.65588018E+02  0.65599179E+02  0.65605114E+02  0.65605943E+02  0.65601789E+02
  0.65592784E+02  0.65579048E+02  0.65560724E+02  0.65537922E+02  0.65510736E+02
  0.65479255E+02  0.65443569E+02  0.65403784E+02  0.65360014E+02  0.65312370E+02
  0.65260967E+02  0.65205893E+02  0.65147222E+02  0.65085030E+02  0.65019376E+02
  0.64950367E+02  0.64878099E+02  0.64802656E+02  0.64724109E+02  0.64642557E+02
  0.64558077E+02  0.64470777E+02  0.64380704E+02  0.64287932E+02
  0.10000000E+01  0.28939612E+01  0.46790354E+01  0.63698433E+01  0.79936867E+01
  0.95657063E+01  0.11100098E+02  0.12605759E+02  0.14087433E+02  0.15543821E+02
  0.16974881E+02  0.18378478E+02  0.19755077E+02  0.21104015E+02  0.22426344E+02
  0.23721807E+02  0.24991308E+02  0.26234727E+02  0.27452765E+02  0.28645428E+02
  0.29813348E+02  0.30956536E+02  0.32075524E+02  0.33170456E+02  0.34241805E+02
  0.35289726E+02  0.36314711E+02  0.37316891E+02  0.38296834E+02  0.39254671E+02
  0.40191043E+02  0.41106022E+02  0.42000228E+02  0.42873682E+02  0.43727022E+02
  0.44560226E+02  0.45373936E+02  0.46168152E+02  0.46943469E+02  0.47699881E+02
  0.48437897E+02  0.49157535E+02  0.49859225E+02  0.50543064E+02  0.51209406E+02
  0.51858441E+02  0.52490489E+02  0.53105782E+02  0.53704537E+02  0.54287050E+02
  0.54853510E+02  0.55404249E+02  0.55939438E+02  0.56459393E+02  0.56964300E+02
  0.57454488E+02  0.57930149E+02  0.58391555E+02  0.58838903E+02  0.59272462E+02
  0.59692462E+02  0.60099194E+02  0.60492912E+02  0.60873841E+02  0.61242243E+02
  0.61598314E+02  0.61942314E+02  0.62274458E+02  0.62595021E+02  0.62904243E+02
  0.63202359E+02  0.63489568E+02  0.63766087E+02  0.64032102E+02  0.64287836E+02
  0.64533524E+02  0.64769428E+02  0.64995789E+02  0.65212819E+02  0.65420722E+02
  0.65619668E+02  0.65809875E+02  0.65991535E+02  0.66164857E+02  0.66330041E+02
  0.66487268E+02  0.66636736E+02  0.66778587E+02  0.66913006E+02  0.67040117E+02
  0.67160101E+02  0.67273077E+02  0.67379246E+02  0.67478750E+02  0.67571778E+02
  0.67658459E+02  0.67738967E+02  0.67813387E+02  0.67881870E+02  0.67944530E+02
  0.68001508E+02  0.68052934E+02  0.68098967E+02  0.68139707E+02  0.68175275E+02
  0.68205792E+02  0.68231347E+02  0.68252074E+02  0.68268071E+02  0.68279461E+02
  0.68286316E+02  0.68288750E+02  0.68286834E+02  0.68280671E+02  0.68270375E+02
  0.68256039E+02  0.68237770E+02  0.68215641E+02  0.68189740E+02  0.68160117E+02
  0.68126882E+02  0.68090098E+02  0.68049875E+02  0.68006259E+02  0.67959347E+02
  0.67909242E+02  0.67856033E+02  0.67799777E+02  0.67740562E+02
  0.10000000E+01  0.28982440E+01  0.46934117E+01  0.63989148E+01  0.80411691E+01
  0.96344982E+01  0.11192548E+02  0.12723543E+02  0.14232192E+02  0.15717024E+02
  0.17178151E+02  0.18613300E+02  0.20023052E+02  0.21406623E+02  0.22765160E+02
  0.24098282E+02  0.25406913E+02  0.26690820E+02  0.27950678E+02  0.29186402E+02
  0.30398601E+02  0.31587240E+02  0.32752813E+02  0.33895409E+02  0.35015483E+02
  0.36113104E+02  0.37188759E+02  0.38242486E+02  0.39274854E+02  0.40285890E+02
  0.41276247E+02  0.42245882E+02  0.43195436E+02  0.44124806E+02  0.45034678E+02
  0.45924920E+02  0.46796209E+02  0.47648445E+02  0.48482256E+02  0.49297529E+02
  0.50094799E+02  0.50874022E+02  0.51635642E+02  0.52379702E+02  0.53106562E+02
  0.53816362E+02  0.54509386E+02  0.55185839E+02  0.55845909E+02  0.56489883E+02
  0.57117923E+02  0.57730339E+02  0.58327276E+02  0.58909031E+02  0.59475742E+02
  0.60027734E+02  0.60565163E+02  0.61088312E+02  0.61597337E+02  0.62092492E+02
  0.62573999E+02  0.63042102E+02  0.63497037E+02  0.63939013E+02  0.64368263E+02
  0.64784976E+02  0.65189400E+02  0.65581731E+02  0.65962229E+02  0.66331095E+02
  0.66688572E+02  0.67034836E+02  0.67370110E+02  0.67694561E+02  0.68008397E+02
  0.68311846E+02  0.68605129E+02  0.68888495E+02  0.69162128E+02  0.69426214E+02
  0.69680938E+02  0.69926491E+02  0.70163063E+02  0.70390867E+02  0.70610053E+02
  0.70820811E+02  0.71023322E+02  0.71217746E+02  0.71404245E+02  0.71582950E+02
  0.71754054E+02  0.71917664E+02  0.72073976E+02  0.72223110E+02  0.72365267E+02
  0.72500555E+02  0.72629142E+02  0.72751109E+02  0.72866601E+02  0.72975722E+02
  0.73078609E+02  0.73175392E+02  0.73266235E+02  0.73351253E+02  0.73430561E+02
  0.73504265E+02  0.73572471E+02  0.73635308E+02  0.73692895E+02  0.73745338E+02
  0.73792729E+02  0.73835193E+02  0.73872802E+02  0.73905642E+02  0.73933821E+02
  0.73957438E+02  0.73976588E+02  0.73991340E+02  0.74001780E+02  0.74007969E+02
  0.74010015E+02  0.74007987E+02  0.74001992E+02  0.73992098E+02  0.73978419E+02
  0.73961037E+02  0.73940055E+02  0.73915533E+02  0.73887568E+02
  0.10000000E+01  0.28920954E+01  0.46740713E+01  0.63607668E+01  0.79806257E+01
  0.95487446E+01  0.11079962E+02  0.12582280E+02  0.14060870E+02  0.15513793E+02
  0.16941668E+02  0.18341982E+02  0.19715903E+02  0.21062510E+02  0.22383378E+02
  0.23678066E+02  0.24947891E+02  0.26192629E+02  0.27413251E+02  0.28609713E+02
  0.29782810E+02  0.30932532E+02  0.32059477E+02  0.33163789E+02  0.34246015E+02
  0.35306308E+02  0.36345257E+02  0.37362953E+02  0.38360088E+02  0.39336710E+02
  0.40293651E+02  0.41230818E+02  0.42149068E+02  0.43048207E+02  0.43929148E+02
  0.44791594E+02  0.45636485E+02  0.46463559E+02  0.47273676E+02  0.48066560E+02
  0.48842969E+02  0.49602690E+02  0.50346345E+02  0.51073846E+02  0.51785685E+02
  0.52481937E+02  0.53162952E+02  0.53828925E+02  0.54480044E+02  0.55116619E+02
  0.55738776E+02  0.56346891E+02  0.56941063E+02  0.57521673E+02  0.58088801E+02
  0.58642820E+02  0.59183826E+02  0.59712128E+02  0.60227817E+02  0.60731191E+02
  0.61222439E+02  0.61701824E+02  0.62169565E+02  0.62625850E+02  0.63070896E+02
  0.63504845E+02  0.63927958E+02  0.64340362E+02  0.64742348E+02  0.65134085E+02
  0.65515814E+02  0.65887656E+02  0.66249818E+02  0.66602420E+02  0.66945656E+02
  0.67279731E+02  0.67604847E+02  0.67921228E+02  0.68229042E+02  0.68528454E+02
  0.68819582E+02  0.69102595E+02  0.69377635E+02  0.69644899E+02  0.69904508E+02
  0.70156625E+02  0.70401403E+02  0.70638944E+02  0.70869419E+02  0.71092904E+02
  0.71309576E+02  0.71519504E+02  0.71722897E+02  0.71919812E+02  0.72110447E+02
  0.72294852E+02  0.72473205E+02  0.72645533E+02  0.72811995E+02  0.72972643E+02
  0.73127611E+02  0.73276985E+02  0.73420905E+02  0.73559454E+02  0.73692727E+02
  0.73820839E+02  0.73943848E+02  0.74061869E+02  0.74174991E+02  0.74283311E+02
  0.74386876E+02  0.74485801E+02  0.74580133E+02  0.74669981E+02  0.74755412E+02
  0.74836500E+02  0.74913336E+02  0.74985968E+02  0.75054496E+02  0.75118951E+02
  0.75179436E+02  0.75235988E+02  0.75288708E+02  0.75337630E+02  0.75382866E+02
  0.75424477E+02  0.75462588E+02  0.75497232E+02  0.75528483E+02
   128
  0.10000000E+01  0.26283645E+01  0.36768160E+01  0.41476826E+01  0.42051768E+01
  0.39798800E+01  0.35933772E+01  0.31275366E+01  0.26461918E+01  0.21796549E+01
  0.17506480E+01  0.13693012E+01  0.10434651E+01  0.77367107E+00  0.55737575E+00
  0.38837037E+00  0.26237275E+00  0.17216472E+00  0.11083429E+00  0.70619268E-01
  0.45459547E-01  0.29992412E-01  0.21157820E-01  0.16318204E-01  0.13446081E-01
  0.11325888E-01  0.93949032E-02  0.74059823E-02  0.53838798E-02  0.34209124E-02
  0.17112640E-02  0.41868646E-03 -0.46916872E-03  0.00000000E+00  0.00000000E+00
  0.00000000E+00  0.00000000E+00  0.00000000E+00  0.00000000E+00  0.00000000E+00
  0.00000000E+00  0.00000000E+00  0.00000000E+00  0.00000000E+00  0.00000000E+00
  0.00000000E+00  0.00000000E+00  0.00000000E+00  0.00000000E+00  0.00000000E+00
  0.00000000E+00  0.00000000E+00  0.00000000E+00  0.00000000E+00  0.00000000E+00
  0.00000000E+00  0.00000000E+00  0.00000000E+00  0.00000000E+00  0.00000000E+00
  0.00000000E+00  0.00000000E+00  0.00000000E+00  0.00000000E+00  0.00000000E+00
  0.00000000E+00  0.00000000E+00  0.00000000E+00  0.00000000E+00  0.00000000E+00
  0.00000000E+00  0.00000000E+00  0.00000000E+00  0.00000000E+00  0.00000000E+00
  0.00000000E+00  0.00000000E+00  0.00000000E+00  0.00000000E+00  0.00000000E+00
  0.00000000E+00  0.00000000E+00  0.00000000E+00  0.00000000E+00  0.00000000E+00
  0.00000000E+00  0.00000000E+00  0.00000000E+00  0.00000000E+00  0.00000000E+00
  0.00000000E+00  0.00000000E+00  0.00000000E+00  0.00000000E+00  0.00000000E+00
  0.00000000E+00  0.00000000E+00  0.00000000E+00  0.00000000E+00  0.00000000E+00
  0.00000000E+00  0.00000000E+00  0.00000000E+00  0.00000000E+00  0.00000000E+00
  0.00000000E+00  0.00000000E+00  0.00000000E+00  0.00000000E+00  0.00000000E+00
  0.00000000E+00  0.00000000E+00  0.00000000E+00  0.00000000E+00  0.00000000E+00
  0.00000000E+00  0.00000000E+00  0.00000000E+00  0.00000000E+00  0.00000000E+00
  0.00000000E+00  0.00000000E+00  0.00000000E+00  0.00000000E+00  0.00000000E+00
  0.00000000E+00  0.00000000E+00  0.00000000E+00  0.00000000E+00
  0.10000000E+01  0.26771029E+01  0.38737955E+01  0.46193668E+01  0.50173688E+01
  0.51511991E+01  0.50922368E+01  0.48899162E+01  0.45869800E+01  0.42088172E+01
  0.37805478E+01  0.33254079E+01  0.28674101E+01  0.24257587E+01  0.20142179E+01
  0.16418040E+01  0.13165642E+01  0.10410091E+01  0.81499172E+00  0.63393290E+00
  0.49319327E+00  0.38468184E+00  0.30177532E+00  0.23739979E+00  0.18646586E+00
  0.14553364E+00  0.11244283E+00  0.85756115E-01  0.64339150E-01  0.47250734E-01
  0.33905875E-01  0.23797364E-01  0.16264369E-01  0.10874128E-01  0.73437574E-02
  0.51169512E-02  0.36922021E-02  0.28192967E-02  0.22938764E-02  0.18607264E-02
  0.13993066E-02  0.90629885E-03  0.42731497E-03  0.55079528E-04 -0.17224350E-03
  0.00000000E+00  0.00000000E+00  0.00000000E+00  0.00000000E+00  0.00000000E+00
  0.00000000E+00  0.00000000E+00  0.00000000E+00  0.00000000E+00  0.00000000E+00
  0.00000000E+00  0.00000000E+00  0.00000000E+00  0.00000000E+00  0.00000000E+00
  0.00000000E+00  0.00000000E+00  0.00000000E+00  0.00000000E+00  0.00000000E+00
  0.00000000E+00  0.00000000E+00  0.00000000E+00  0.00000000E+00  0.00000000E+00
  0.00000000E+00  0.00000000E+00  0.00000000E+00  0.00000000E+00  0.00000000E+00
  0.00000000E+00  0.00000000E+00  0.00000000E+00  0.00000000E+00  0.00000000E+00
  0.00000000E+00  0.00000000E+00  0.00000000E+00  0.00000000E+00  0.00000000E+00
  0.00000000E+00  0.00000000E+00  0.00000000E+00  0.00000000E+00  0.00000000E+00
  0.00000000E+00  0.00000000E+00  0.00000000E+00  0.00000000E+00  0.00000000E+00
  0.00000000E+00  0.00000000E+00  0.00000000E+00  0.00000000E+00  0.00000000E+00
  0.00000000E+00  0.00000000E+00  0.00000000E+00  0.00000000E+00  0.00000000E+00
  0.00000000E+00  0.00000000E+00  0.00000000E+00  0.00000000E+00  0.00000000E+00
  0.00000000E+00  0.00000000E+00  0.00000000E+00  0.00000000E+00  0.00000000E+00
  0.00000000E+00  0.00000000E+00  0.00000000E+00  0.00000000E+00  0.00000000E+00
  0.00000000E+00  0.00000000E+00  0.00000000E+00  0.00000000E+00  0.00000000E+00
  0.00000000E+00  0.00000000E+00  0.00000000E+00  0.00000000E+00
  0.10000000E+01  0.26898224E+01  0.39411780E+01  0.48084852E+01  0.53837025E+01
  0.57358927E+01  0.59138992E+01  0.59485994E+01  0.58648193E+01  0.56763329E+01
  0.53996293E+01  0.50531398E+01  0.46587304E+01  0.42374092E+01  0.38070489E+01
  0.33828164E+01  0.29789542E+01  0.26052797E+01  0.22686789E+01  0.19710396E+01
  0.17127950E+01  0.14893173E+01  0.12961200E+01  0.11274249E+01  0.97907983E+00
  0.84809083E+00  0.73245937E+00  0.63069468E+00  0.54148618E+00  0.46356052E+00
  0.39595561E+00  0.33769413E+00  0.28764672E+00  0.24486302E+00  0.20853666E+00
  0.17768630E+00  0.15137685E+00  0.12894397E+00  0.10975847E+00  0.93179920E-01
  0.78764188E-01  0.66284059E-01  0.55587641E-01  0.46526025E-01  0.38901805E-01
  0.32508103E-01  0.27173962E-01  0.22759387E-01  0.19149031E-01  0.16214425E-01
  0.13836941E-01  0.11914899E-01  0.10358079E-01  0.90833599E-02  0.79932947E-02
  0.70086979E-02  0.60916374E-02  0.52492687E-02  0.44759397E-02  0.37560202E-02
  0.30759454E-02  0.24607665E-02  0.19314189E-02  0.15024054E-02  0.11623151E-02
  0.90039640E-03  0.71703715E-03  0.59440218E-03  0.52423644E-03  0.47038552E-03
  0.41394876E-03  0.35082790E-03  0.28323601E-03  0.22171216E-03  0.16333945E-03
  0.11602609E-03  0.81450406E-04  0.68256516E-04  0.88525347E-04  0.12350492E-03
  0.16158396E-03  0.17367404E-03  0.15353069E-03  0.13182494E-03  0.13265183E-03
  0.14612325E-03  0.14864255E-03  0.13509093E-03  0.11222763E-03  0.11284137E-03
  0.12616922E-03  0.12203203E-03  0.10082193E-03  0.53780758E-04  0.73987848E-05
 -0.25166091E-04  0.00000000E+00  0.00000000E+00  0.00000000E+00  0.00000000E+00
  0.00000000E+00  0.00000000E+00  0.00000000E+00  0.00000000E+00  0.00000000E+00
  0.00000000E+00  0.00000000E+00  0.00000000E+00  0.00000000E+00  0.00000000E+00
  0.00000000E+00  0.00000000E+00  0.00000000E+00  0.00000000E+00  0.00000000E+00
  0.00000000E+00  0.00000000E+00  0.00000000E+00  0.00000000E+00  0.00000000E+00
  0.00000000E+00  0.00000000E+00  0.00000000E+00  0.00000000E+00  0.00000000E+00
  0.00000000E+00  0.00000000E+00  0.00000000E+00  0.00000000E+00
  0.10000000E+01  0.27096706E+01  0.40195501E+01  0.49904370E+01  0.57089065E+01
  0.62370411E+01  0.66150285E+01  0.68669088E+01  0.70075801E+01  0.70438771E+01
  0.69856785E+01  0.68444514E+01  0.66350634E+01  0.63724859E+01  0.60706519E+01
  0.57425444E+01  0.54011719E+01  0.50570473E+01  0.47189709E+01  0.43923240E+01
  0.40811763E+01  0.37856044E+01  0.35053319E+01  0.32387209E+01  0.29850439E+01
  0.27439778E+01  0.25156813E+01  0.23004032E+01  0.20983407E+01  0.19094616E+01
  0.17337702E+01  0.15710695E+01  0.14208792E+01  0.12827645E+01  0.11562035E+01
  0.10405193E+01  0.93493179E+00  0.83880849E+00  0.75147834E+00  0.67221892E+00
  0.60039664E+00  0.53548636E+00  0.47699541E+00  0.42446790E+00  0.37740767E+00
  0.33529151E+00  0.29762140E+00  0.26390779E+00  0.23374691E+00  0.20680025E+00
  0.18271139E+00  0.16118366E+00  0.14191419E+00  0.12468369E+00  0.10927943E+00
  0.95500916E-01  0.83178623E-01  0.72198500E-01  0.62466349E-01  0.53882166E-01
  0.46355008E-01  0.39774658E-01  0.34042766E-01  0.29081053E-01  0.24781917E-01
  0.21025180E-01  0.17722221E-01  0.14835228E-01  0.12351969E-01  0.10247212E-01
  0.84635836E-02  0.69702071E-02  0.57371651E-02  0.47455794E-02  0.39712994E-02
  0.33353051E-02  0.27983508E-02  0.23391057E-02  0.19428409E-02  0.16151317E-02
  0.13544933E-02  0.11420690E-02  0.98669284E-03  0.90762886E-03  0.88858723E-03
  0.89953164E-03  0.91599941E-03  0.93852451E-03  0.95897359E-03  0.98198062E-03
  0.99992149E-03  0.10026575E-02  0.96954013E-03  0.89474240E-03  0.79622030E-03
  0.68943076E-03  0.58200392E-03  0.49805027E-03  0.44245444E-03  0.40031403E-03
  0.36404600E-03  0.33307553E-03  0.30198809E-03  0.25424585E-03  0.20023381E-03
  0.12903292E-03  0.38728590E-04 -0.46840108E-04  0.00000000E+00  0.00000000E+00
  0.00000000E+00  0.00000000E+00  0.00000000E+00  0.00000000E+00  0.00000000E+00
  0.00000000E+00  0.00000000E+00  0.00000000E+00  0.00000000E+00  0.00000000E+00
  0.00000000E+00  0.00000000E+00  0.00000000E+00  0.00000000E+00  0.00000000E+00
  0.00000000E+00  0.00000000E+00  0.00000000E+00  0.00000000E+00
  0.10000000E+01  0.27331916E+01  0.41050441E+01  0.51759043E+01  0.60234634E+01
  0.67019527E+01  0.72459754E+01  0.76764166E+01  0.80031166E+01  0.82291793E+01
  0.83604703E+01  0.84045577E+01  0.83721123E+01  0.82740257E+01  0.81208735E+01
  0.79229572E+01  0.76910187E+01  0.74343428E+01  0.71612861E+01  0.68779195E+01
  0.65893491E+01  0.62977251E+01  0.60048334E+01  0.57113761E+01  0.54186511E+01
  0.51281229E+01  0.48415575E+01  0.45606361E+01  0.42868921E+01  0.40215277E+01
  0.37656342E+01  0.35200302E+01  0.32851850E+01  0.30615010E+01  0.28491447E+01
  0.26481170E+01  0.24582262E+01  0.22793175E+01  0.21110931E+01  0.19531776E+01
  0.18052090E+01  0.16668751E+01  0.15378678E+01  0.14178581E+01  0.13064542E+01
  0.12031977E+01  0.11075832E+01  0.10191086E+01  0.93726753E+00  0.86163150E+00
  0.79165662E+00  0.72691567E+00  0.66698514E+00  0.61151926E+00  0.56019473E+00
  0.51274027E+00  0.46889262E+00  0.42839068E+00  0.39097607E+00  0.35644852E+00
  0.32464040E+00  0.29538048E+00  0.26847348E+00  0.24372114E+00  0.22093374E+00
  0.19995653E+00  0.18069620E+00  0.16306599E+00  0.14697916E+00  0.13234878E+00
  0.11907392E+00  0.10707308E+00  0.96295183E-01  0.86635093E-01  0.77976614E-01
  0.70206129E-01  0.63224637E-01  0.56926412E-01  0.51232779E-01  0.46062547E-01
  0.41362810E-01  0.37121900E-01  0.33340067E-01  0.29992740E-01  0.27016299E-01
  0.24334026E-01  0.21895897E-01  0.19678209E-01  0.17672378E-01  0.15860691E-01
  0.14223493E-01  0.12756632E-01  0.11432748E-01  0.10255482E-01  0.92039588E-02
  0.82733018E-02  0.74500145E-02  0.67068421E-02  0.60353550E-02  0.53961446E-02
  0.47917641E-02  0.42453870E-02  0.37591326E-02  0.33511582E-02  0.30092374E-02
  0.27293796E-02  0.24946604E-02  0.22914528E-02  0.21042186E-02  0.19247026E-02
  0.17411582E-02  0.15561297E-02  0.13856478E-02  0.12382635E-02  0.11390536E-02
  0.10753105E-02  0.10321865E-02  0.10031628E-02  0.97392954E-03  0.93788775E-03
  0.89512884E-03  0.83701259E-03  0.73989073E-03  0.62726508E-03  0.53061735E-03
  0.47088805E-03  0.44178311E-03  0.41268983E-03  0.37405120E-03
  0.10000000E+01  0.27535226E+01  0.41752837E+01  0.53214614E+01  0.62623869E+01
  0.70466472E+01  0.77063592E+01  0.82622962E+01  0.87234844E+01  0.90918491E+01
  0.93712683E+01  0.95670920E+01  0.96871819E+01  0.97395193E+01  0.97319864E+01
  0.96724021E+01  0.95691487E+01  0.94296528E+01  0.92608331E+01  0.90680522E+01
  0.88560546E+01  0.86274495E+01  0.83846189E+01  0.81291530E+01  0.78631294E+01
  0.75887529E+01  0.73084687E+01  0.70246278E+01  0.67394497E+01  0.64548659E+01
  0.61727133E+01  0.58945758E+01  0.56216784E+01  0.53551323E+01  0.50957514E+01
  0.48441796E+01  0.46008335E+01  0.43661047E+01  0.41401823E+01  0.39231216E+01
  0.37149485E+01  0.35156808E+01  0.33252914E+01  0.31437316E+01  0.29708635E+01
  0.28064799E+01  0.26503447E+01  0.25021677E+01  0.23616201E+01  0.22284019E+01
  0.21020832E+01  0.19823621E+01  0.18689119E+01  0.17614709E+01  0.16597502E+01
  0.15635027E+01  0.14724426E+01  0.13862668E+01  0.13046872E+01  0.12274765E+01
  0.11544809E+01  0.10855199E+01  0.10203590E+01  0.95874546E+00  0.90041521E+00
  0.84515758E+00  0.79288487E+00  0.74358295E+00  0.69721386E+00  0.65368079E+00
  0.61282510E+00  0.57446726E+00  0.53846080E+00  0.50469016E+00  0.47303844E+00
  0.44336723E+00  0.41553292E+00  0.38936665E+00  0.36471709E+00  0.34149534E+00
  0.31964708E+00  0.29915496E+00  0.27998072E+00  0.26205260E+00  0.24528753E+00
  0.22958643E+00  0.21486432E+00  0.20102867E+00  0.18801500E+00  0.17578351E+00
  0.16431309E+00  0.15360421E+00  0.14362176E+00  0.13428220E+00  0.12551014E+00
  0.11726088E+00  0.10951296E+00  0.10225115E+00  0.95462436E-01  0.89099123E-01
  0.83144326E-01  0.77594393E-01  0.72435102E-01  0.67657695E-01  0.63226344E-01
  0.59085304E-01  0.55207581E-01  0.51574566E-01  0.48168365E-01  0.44978238E-01
  0.41995842E-01  0.39212378E-01  0.36635762E-01  0.34283997E-01  0.32112844E-01
  0.30098367E-01  0.28214108E-01  0.26446942E-01  0.24791648E-01  0.23222470E-01
  0.21714595E-01  0.20258491E-01  0.18846549E-01  0.17508436E-01  0.16275167E-01
  0.15143349E-01  0.14105062E-01  0.13103518E-01  0.12157601E-01
  0.10000000E+01  0.27820856E+01  0.42737147E+01  0.55250909E+01  0.65959864E+01
  0.75269124E+01  0.83461834E+01  0.90742658E+01  0.97193902E+01  0.10282173E+02
  0.10764131E+02  0.11167991E+02  0.11498262E+02  0.11759482E+02  0.11956287E+02
  0.12093495E+02  0.12176562E+02  0.12210549E+02  0.12200467E+02  0.12150589E+02
  0.12064960E+02  0.11946464E+02  0.11797927E+02  0.11621745E+02  0.11420684E+02
  0.11197597E+02  0.10955524E+02  0.10697408E+02  0.10426115E+02  0.10144307E+02
  0.98545587E+01  0.95592285E+01  0.92603726E+01  0.89599211E+01  0.86594715E+01
  0.83604858E+01  0.80641735E+01  0.77716284E+01  0.74836805E+01  0.72010130E+01
  0.69242256E+01  0.66538586E+01  0.63903630E+01  0.61341069E+01  0.58853337E+01
  0.56442181E+01  0.54108815E+01  0.51853813E+01  0.49676831E+01  0.47577226E+01
  0.45552554E+01  0.43601745E+01  0.41723276E+01  0.39916093E+01  0.38178690E+01
  0.36509490E+01  0.34906325E+01  0.33366467E+01  0.31887045E+01  0.30466486E+01
  0.29103687E+01  0.27797141E+01  0.26544490E+01  0.25342783E+01  0.24189094E+01
  0.23081296E+01  0.22018834E+01  0.21001760E+01  0.20029795E+01  0.19101683E+01
  0.18215383E+01  0.17368857E+01  0.16560181E+01  0.15787815E+01  0.15050574E+01
  0.14346952E+01  0.13675078E+01  0.13033155E+01  0.12419200E+01  0.11831555E+01
  0.11269044E+01  0.10731300E+01  0.10218224E+01  0.97291957E+00  0.92633359E+00
  0.88192185E+00  0.83952974E+00  0.79902526E+00  0.76034380E+00  0.72343145E+00
  0.68825222E+00  0.65474948E+00  0.62284678E+00  0.59246191E+00  0.56350059E+00
  0.53588234E+00  0.50953189E+00  0.48441887E+00  0.46049170E+00  0.43769890E+00
  0.41599096E+00  0.39531300E+00  0.37564608E+00  0.35694600E+00  0.33916342E+00
  0.32225213E+00  0.30616507E+00  0.29086348E+00  0.27632501E+00  0.26250186E+00
  0.24935138E+00  0.23682760E+00  0.22488421E+00  0.21350894E+00  0.20266787E+00
  0.19234398E+00  0.18252317E+00  0.17322182E+00  0.16442417E+00  0.15608747E+00
  0.14816630E+00  0.14061079E+00  0.13341391E+00  0.12656866E+00  0.12007166E+00
  0.11388752E+00  0.10797241E+00  0.10232628E+00  0.96964698E-01
  0.10000000E+01  0.28053713E+01  0.43525799E+01  0.56856997E+01  0.68563934E+01
  0.78991620E+01  0.88396775E+01  0.96986242E+01  0.10484869E+02  0.11198816E+02
  0.11840768E+02  0.12411868E+02  0.12914460E+02  0.13350867E+02  0.13723628E+02
  0.14035534E+02  0.14289963E+02  0.14490151E+02  0.14639487E+02  0.14741069E+02
  0.14797991E+02  0.14812765E+02  0.14787957E+02  0.14725971E+02  0.14629501E+02
  0.14501364E+02  0.14344535E+02  0.14161935E+02  0.13956473E+02  0.13730956E+02
  0.13488150E+02  0.13230701E+02  0.12961025E+02  0.12681415E+02  0.12393874E+02
  0.12100287E+02  0.11802334E+02  0.11501557E+02  0.11199283E+02  0.10896675E+02
  0.10594785E+02  0.10294562E+02  0.99968467E+01  0.97024198E+01  0.94119247E+01
  0.91259109E+01  0.88448594E+01  0.85691616E+01  0.82991218E+01  0.80349857E+01
  0.77768049E+01  0.75247349E+01  0.72788500E+01  0.70392910E+01  0.68061215E+01
  0.65793936E+01  0.63590528E+01  0.61449451E+01  0.59369210E+01  0.57349290E+01
  0.55390040E+01  0.53490980E+01  0.51650554E+01  0.49866456E+01  0.48136102E+01
  0.46457759E+01  0.44831343E+01  0.43257636E+01  0.41736899E+01  0.40268214E+01
  0.38849705E+01  0.37479375E+01  0.36155181E+01  0.34875830E+01  0.33640437E+01
  0.32447840E+01  0.31296215E+01  0.30183487E+01  0.29107681E+01  0.28067060E+01
  0.27060507E+01  0.26087681E+01  0.25148543E+01  0.24242594E+01  0.23368951E+01
  0.22526291E+01  0.21713028E+01  0.20927529E+01  0.20168894E+01  0.19436737E+01
  0.18730696E+01  0.18050054E+01  0.17393767E+01  0.16760571E+01  0.16149435E+01
  0.15559609E+01  0.14990564E+01  0.14441806E+01  0.13912625E+01  0.13402370E+01
  0.12910657E+01  0.12437015E+01  0.11980900E+01  0.11541412E+01  0.11117669E+01
  0.10708941E+01  0.10314719E+01  0.99348724E+00  0.95689174E+00  0.92165211E+00
  0.88771305E+00  0.85500993E+00  0.82350412E+00  0.79314396E+00  0.76389175E+00
  0.73571045E+00  0.70855583E+00  0.68241171E+00  0.65725076E+00  0.63301601E+00
  0.60966271E+00  0.58714630E+00  0.56544634E+00  0.54456567E+00  0.52445892E+00
  0.50509334E+00  0.48644269E+00  0.46849213E+00  0.45121591E+00
  0.10000000E+01  0.28268991E+01  0.44249576E+01  0.58321708E+01  0.70930677E+01
  0.82368879E+01  0.92867861E+01  0.10263464E+02  0.11176756E+02  0.12027223E+02
  0.12814462E+02  0.13538487E+02  0.14200046E+02  0.14799859E+02  0.15339000E+02
  0.15818837E+02  0.16241234E+02  0.16608030E+02  0.16921308E+02  0.17183097E+02
  0.17395525E+02  0.17560513E+02  0.17680117E+02  0.17756378E+02  0.17791594E+02
  0.17788200E+02  0.17748780E+02  0.17675919E+02  0.17572245E+02  0.17440366E+02
  0.17282923E+02  0.17102501E+02  0.16901519E+02  0.16682341E+02  0.16447118E+02
  0.16197924E+02  0.15936686E+02  0.15665230E+02  0.15385184E+02  0.15098050E+02
  0.14805210E+02  0.14507963E+02  0.14207491E+02  0.13904876E+02  0.13601096E+02
  0.13297044E+02  0.12993514E+02  0.12691245E+02  0.12390867E+02  0.12092950E+02
  0.11797889E+02  0.11506140E+02  0.11218091E+02  0.10934118E+02  0.10654541E+02
  0.10379640E+02  0.10109582E+02  0.98444128E+01  0.95841542E+01  0.93289376E+01
  0.90789380E+01  0.88342417E+01  0.85948509E+01  0.83606760E+01  0.81315941E+01
  0.79075526E+01  0.76886349E+01  0.74750075E+01  0.72667509E+01  0.70638222E+01
  0.68660730E+01  0.66733372E+01  0.64854740E+01  0.63023810E+01  0.61240353E+01
  0.59503758E+01  0.57812916E+01  0.56166426E+01  0.54562620E+01  0.52999930E+01
  0.51477077E+01  0.49993875E+01  0.48550626E+01  0.47147207E+01  0.45783010E+01
  0.44456593E+01  0.43166284E+01  0.41910462E+01  0.40688281E+01  0.39499555E+01
  0.38344125E+01  0.37221424E+01  0.36130499E+01  0.35070199E+01  0.34039503E+01
  0.33037643E+01  0.32063873E+01  0.31117497E+01  0.30197732E+01  0.29304020E+01
  0.28435969E+01  0.27593226E+01  0.26775134E+01  0.25980728E+01  0.25209033E+01
  0.24459351E+01  0.23731097E+01  0.23023951E+01  0.22337610E+01  0.21671555E+01
  0.21024959E+01  0.20397237E+01  0.19787854E+01  0.19196333E+01  0.18622117E+01
  0.18064735E+01  0.17523776E+01  0.16998830E+01  0.16489633E+01  0.15995798E+01
  0.15516735E+01  0.15051799E+01  0.14600399E+01  0.14162373E+01  0.13737430E+01
  0.13325320E+01  0.12925835E+01  0.12538410E+01  0.12162487E+01
  0.10000000E+01  0.28450016E+01  0.44854054E+01  0.59536662E+01  0.72890943E+01
  0.85170092E+01  0.96582951E+01  0.10733038E+02  0.11751878E+02  0.12715786E+02
  0.13624250E+02  0.14476660E+02  0.15272889E+02  0.16012718E+02  0.16696512E+02
  0.17324926E+02  0.17899053E+02  0.18419962E+02  0.18888959E+02  0.19307350E+02
  0.19676568E+02  0.19997966E+02  0.20273035E+02  0.20503314E+02  0.20690528E+02
  0.20836531E+02  0.20943300E+02  0.21012845E+02  0.21047242E+02  0.21048594E+02
  0.21019076E+02  0.20960844E+02  0.20875982E+02  0.20766552E+02  0.20634485E+02
  0.20481684E+02  0.20309985E+02  0.20121143E+02  0.19916800E+02  0.19698496E+02
  0.19467699E+02  0.19225826E+02  0.18974191E+02  0.18714028E+02  0.18446486E+02
  0.18172656E+02  0.17893540E+02  0.17610088E+02  0.17323179E+02  0.17033619E+02
  0.16742071E+02  0.16449221E+02  0.16155728E+02  0.15862211E+02  0.15569239E+02
  0.15277342E+02  0.14986922E+02  0.14698268E+02  0.14411626E+02  0.14127344E+02
  0.13845783E+02  0.13567218E+02  0.13291840E+02  0.13019741E+02  0.12750981E+02
  0.12485659E+02  0.12224002E+02  0.11966284E+02  0.11712684E+02  0.11463259E+02
  0.11217973E+02  0.10976783E+02  0.10739655E+02  0.10506594E+02  0.10277650E+02
  0.10052839E+02  0.98321370E+01  0.96155033E+01  0.94028596E+01  0.91940908E+01
  0.89891224E+01  0.87879664E+01  0.85907000E+01  0.83973518E+01  0.82078910E+01
  0.80222291E+01  0.78402146E+01  0.76617386E+01  0.74867463E+01  0.73152603E+01
  0.71472913E+01  0.69828162E+01  0.68217925E+01  0.66641441E+01  0.65097923E+01
  0.63586659E+01  0.62107046E+01  0.60658559E+01  0.59240767E+01  0.57853327E+01
  0.56496069E+01  0.55168689E+01  0.53870528E+01  0.52600700E+01  0.51358565E+01
  0.50143743E+01  0.48955880E+01  0.47794698E+01  0.46659709E+01  0.45550497E+01
  0.44466378E+01  0.43406834E+01  0.42371487E+01  0.41359639E+01  0.40370869E+01
  0.39404660E+01  0.38460798E+01  0.37539091E+01  0.36639181E+01  0.35760513E+01
  0.34902405E+01  0.34064197E+01  0.33245477E+01  0.32445967E+01  0.31665289E+01
  0.30903266E+01  0.30159627E+01  0.29433965E+01  0.28725935E+01
  0.10000000E+01  0.28620113E+01  0.45423225E+01  0.60681540E+01  0.74741440E+01
  0.87820468E+01  0.10010514E+02  0.11178607E+02  0.12297444E+02  0.13368323E+02
  0.14390733E+02  0.15363570E+02  0.16286050E+02  0.17157206E+02  0.17976889E+02
  0.18745215E+02  0.19462717E+02  0.20129864E+02  0.20747376E+02  0.21315983E+02
  0.21836564E+02  0.22310026E+02  0.22737413E+02  0.23119821E+02  0.23458489E+02
  0.23754757E+02  0.24010045E+02  0.24225832E+02  0.24403680E+02  0.24545200E+02
  0.24652063E+02  0.24725990E+02  0.24768652E+02  0.24781749E+02  0.24766924E+02
  0.24725828E+02  0.24660090E+02  0.24571298E+02  0.24460974E+02  0.24330597E+02
  0.24181607E+02  0.24015410E+02  0.23833352E+02  0.23636699E+02  0.23426677E+02
  0.23204467E+02  0.22971187E+02  0.22727931E+02  0.22475730E+02  0.22215542E+02
  0.21948249E+02  0.21674730E+02  0.21395812E+02  0.21112316E+02  0.20825003E+02
  0.20534592E+02  0.20241718E+02  0.19946889E+02  0.19650579E+02  0.19353316E+02
  0.19055627E+02  0.18757990E+02  0.18460785E+02  0.18164330E+02  0.17868876E+02
  0.17574696E+02  0.17282130E+02  0.16991552E+02  0.16703266E+02  0.16417446E+02
  0.16134210E+02  0.15853634E+02  0.15575824E+02  0.15300896E+02  0.15028991E+02
  0.14760227E+02  0.14494679E+02  0.14232407E+02  0.13973420E+02  0.13717673E+02
  0.13465135E+02  0.13215865E+02  0.12969976E+02  0.12727559E+02  0.12488644E+02
  0.12253207E+02  0.12021146E+02  0.11792376E+02  0.11566885E+02  0.11344713E+02
  0.11125927E+02  0.10910557E+02  0.10698590E+02  0.10489977E+02  0.10284658E+02
  0.10082573E+02  0.98836952E+01  0.96880217E+01  0.94955039E+01  0.93061425E+01
  0.91199457E+01  0.89369077E+01  0.87570039E+01  0.85801865E+01  0.84064117E+01
  0.82356496E+01  0.80678746E+01  0.79030505E+01  0.77411804E+01  0.75822478E+01
  0.74262152E+01  0.72730370E+01  0.71226498E+01  0.69750012E+01  0.68300416E+01
  0.66877597E+01  0.65481556E+01  0.64112228E+01  0.62769479E+01  0.61452644E+01
  0.60161190E+01  0.58894722E+01  0.57652878E+01  0.56435544E+01  0.55242255E+01
  0.54072594E+01  0.52926186E+01  0.51802539E+01  0.50701544E+01
  0.10000000E+01  0.28721717E+01  0.45765724E+01  0.61369936E+01  0.75858902E+01
  0.89432697E+01  0.10226465E+02  0.11453092E+02  0.12634108E+02  0.13770928E+02
  0.14863346E+02  0.15910162E+02  0.16910648E+02  0.17863692E+02  0.18769198E+02
  0.19627206E+02  0.20438248E+02  0.21202668E+02  0.21921089E+02  0.22594078E+02
  0.23222322E+02  0.23806512E+02  0.24347462E+02  0.24846023E+02  0.25303160E+02
  0.25719933E+02  0.26097447E+02  0.26436885E+02  0.26739461E+02  0.27006448E+02
  0.27239163E+02  0.27438955E+02  0.27607164E+02  0.27745134E+02  0.27854168E+02
  0.27935604E+02  0.27990752E+02  0.28020909E+02  0.28027324E+02  0.28011214E+02
  0.27973793E+02  0.27916269E+02  0.27839802E+02  0.27745497E+02  0.27634447E+02
  0.27507688E+02  0.27366222E+02  0.27211032E+02  0.27043062E+02  0.26863214E+02
  0.26672326E+02  0.26471256E+02  0.26260811E+02  0.26041816E+02  0.25815048E+02
  0.25581240E+02  0.25341076E+02  0.25095148E+02  0.24844014E+02  0.24588270E+02
  0.24328526E+02  0.24065326E+02  0.23799138E+02  0.23530398E+02  0.23259482E+02
  0.22986752E+02  0.22712657E+02  0.22437653E+02  0.22162124E+02  0.21886360E+02
  0.21610586E+02  0.21335033E+02  0.21059933E+02  0.20785530E+02  0.20512073E+02
  0.20239756E+02  0.19968740E+02  0.19699162E+02  0.19431130E+02  0.19164717E+02
  0.18899988E+02  0.18637079E+02  0.18376158E+02  0.18117339E+02  0.17860707E+02
  0.17606316E+02  0.17354163E+02  0.17104246E+02  0.16856597E+02  0.16611284E+02
  0.16368382E+02  0.16127937E+02  0.15889961E+02  0.15654465E+02  0.15421436E+02
  0.15190896E+02  0.14962841E+02  0.14737277E+02  0.14514217E+02  0.14293668E+02
  0.14075672E+02  0.13860255E+02  0.13647426E+02  0.13437131E+02  0.13229342E+02
  0.13024054E+02  0.12821247E+02  0.12620916E+02  0.12423093E+02  0.12227793E+02
  0.12035013E+02  0.11844735E+02  0.11656933E+02  0.11471565E+02  0.11288625E+02
  0.11108122E+02  0.10930071E+02  0.10754503E+02  0.10581388E+02  0.10410658E+02
  0.10242259E+02  0.10076173E+02  0.99123863E+01  0.97509177E+01  0.95917793E+01
  0.94349494E+01  0.92803940E+01  0.91281024E+01  0.89780632E+01
  0.10000000E+01  0.28826351E+01  0.46120378E+01  0.62086144E+01  0.77024086E+01
  0.91115337E+01  0.10451968E+02  0.11739927E+02  0.12986158E+02  0.14192104E+02
  0.15357749E+02  0.16481707E+02  0.17563205E+02  0.18600875E+02  0.19594576E+02
  0.20544184E+02  0.21450136E+02  0.22312585E+02  0.23131989E+02  0.23908707E+02
  0.24643238E+02  0.25336075E+02  0.25987839E+02  0.26599191E+02  0.27170873E+02
  0.27703705E+02  0.28198525E+02  0.28656257E+02  0.29077852E+02  0.29464308E+02
  0.29816652E+02  0.30135964E+02  0.30423294E+02  0.30679729E+02  0.30906325E+02
  0.31104152E+02  0.31274298E+02  0.31417825E+02  0.31535761E+02  0.31629133E+02
  0.31698963E+02  0.31746280E+02  0.31772089E+02  0.31777353E+02  0.31763015E+02
  0.31730007E+02  0.31679237E+02  0.31611597E+02  0.31527961E+02  0.31429147E+02
  0.31315958E+02  0.31189199E+02  0.31049661E+02  0.30898136E+02  0.30735377E+02
  0.30562132E+02  0.30379097E+02  0.30186888E+02  0.29986093E+02  0.29777333E+02
  0.29561251E+02  0.29338454E+02  0.29109495E+02  0.28874881E+02  0.28635079E+02
  0.28390542E+02  0.28141760E+02  0.27889240E+02  0.27633466E+02  0.27374827E+02
  0.27113663E+02  0.26850303E+02  0.26585073E+02  0.26318293E+02  0.26050286E+02
  0.25781364E+02  0.25511779E+02  0.25241767E+02  0.24971531E+02  0.24701228E+02
  0.24431006E+02  0.24161069E+02  0.23891661E+02  0.23622971E+02  0.23355134E+02
  0.23088270E+02  0.22822453E+02  0.22557747E+02  0.22294249E+02  0.22032089E+02
  0.21771368E+02  0.21512175E+02  0.21254559E+02  0.20998552E+02  0.20744209E+02
  0.20491562E+02  0.20240664E+02  0.19991534E+02  0.19744181E+02  0.19498661E+02
  0.19255036E+02  0.19013386E+02  0.18773727E+02  0.18536044E+02  0.18300330E+02
  0.18066585E+02  0.17834821E+02  0.17605067E+02  0.17377354E+02  0.17151705E+02
  0.16928123E+02  0.16706584E+02  0.16487082E+02  0.16269600E+02  0.16054158E+02
  0.15840780E+02  0.15629507E+02  0.15420356E+02  0.15213313E+02  0.15008374E+02
  0.14805502E+02  0.14604706E+02  0.14405994E+02  0.14209373E+02  0.14014853E+02
  0.13822415E+02  0.13632049E+02  0.13443770E+02  0.13257587E+02
  0.10000000E+01  0.28880149E+01  0.46306908E+01  0.62466264E+01  0.77648960E+01
  0.92028956E+01  0.10575921E+02  0.11899055E+02  0.13182584E+02  0.14427891E+02
  0.15635151E+02  0.16802989E+02  0.17930802E+02  0.19017293E+02  0.20062486E+02
  0.21066336E+02  0.22029401E+02  0.22951864E+02  0.23834228E+02  0.24676820E+02
  0.25480114E+02  0.26244535E+02  0.26970628E+02  0.27658981E+02  0.28310234E+02
  0.28925113E+02  0.29504349E+02  0.30048754E+02  0.30559151E+02  0.31036420E+02
  0.31481443E+02  0.31895153E+02  0.32278457E+02  0.32632271E+02  0.32957486E+02
  0.33255000E+02  0.33525719E+02  0.33770542E+02  0.33990334E+02  0.34185948E+02
  0.34358255E+02  0.34508107E+02  0.34636349E+02  0.34743774E+02  0.34831176E+02
  0.34899334E+02  0.34949013E+02  0.34980975E+02  0.34995951E+02  0.34994646E+02
  0.34977748E+02  0.34945957E+02  0.34899941E+02  0.34840396E+02  0.34767970E+02
  0.34683299E+02  0.34587000E+02  0.34479618E+02  0.34361682E+02  0.34233762E+02
  0.34096433E+02  0.33950242E+02  0.33795701E+02  0.33633296E+02  0.33463480E+02
  0.33286690E+02  0.33103406E+02  0.32914116E+02  0.32719290E+02  0.32519323E+02
  0.32314571E+02  0.32105403E+02  0.31892171E+02  0.31675218E+02  0.31454902E+02
  0.31231533E+02  0.31005422E+02  0.30776850E+02  0.30546066E+02  0.30313272E+02
  0.30078671E+02  0.29842523E+02  0.29605082E+02  0.29366587E+02  0.29127230E+02
  0.28887173E+02  0.28646544E+02  0.28405455E+02  0.28164041E+02  0.27922461E+02
  0.27680870E+02  0.27439397E+02  0.27198155E+02  0.26957224E+02  0.26716674E+02
  0.26476596E+02  0.26237071E+02  0.25998155E+02  0.25759905E+02  0.25522388E+02
  0.25285703E+02  0.25049913E+02  0.24815052E+02  0.24581148E+02  0.24348210E+02
  0.24116274E+02  0.23885369E+02  0.23655551E+02  0.23426872E+02  0.23199386E+02
  0.22973119E+02  0.22748092E+02  0.22524314E+02  0.22301785E+02  0.22080547E+02
  0.21860617E+02  0.21642023E+02  0.21424824E+02  0.21209043E+02  0.20994651E+02
  0.20781653E+02  0.20570056E+02  0.20359858E+02  0.20151099E+02  0.19943790E+02
  0.19737937E+02  0.19533566E+02  0.19330689E+02  0.19129319E+02
  0.10000000E+01  0.28948617E+01  0.46542843E+01  0.62947498E+01  0.78437924E+01
  0.93176658E+01  0.10730751E+02  0.12097017E+02  0.13426331E+02  0.14720024E+02
  0.15978365E+02  0.17199898E+02  0.18384054E+02  0.19529465E+02  0.20636184E+02
  0.21704128E+02  0.22733858E+02  0.23725502E+02  0.24679517E+02  0.25596158E+02
  0.26475811E+02  0.27318805E+02  0.28125582E+02  0.28896628E+02  0.29632479E+02
  0.30333753E+02  0.31001056E+02  0.31635082E+02  0.32236508E+02  0.32806065E+02
  0.33344474E+02  0.33852520E+02  0.34330948E+02  0.34780533E+02  0.35202014E+02
  0.35596138E+02  0.35963664E+02  0.36305327E+02  0.36621856E+02  0.36913968E+02
  0.37182392E+02  0.37427857E+02  0.37651087E+02  0.37852760E+02  0.38033568E+02
  0.38194178E+02  0.38335252E+02  0.38457446E+02  0.38561398E+02  0.38647715E+02
  0.38717001E+02  0.38769878E+02  0.38806959E+02  0.38828855E+02  0.38836154E+02
  0.38829434E+02  0.38809253E+02  0.38776136E+02  0.38730580E+02  0.38673124E+02
  0.38604324E+02  0.38524687E+02  0.38434706E+02  0.38334856E+02  0.38225584E+02
  0.38107330E+02  0.37980563E+02  0.37845767E+02  0.37703404E+02  0.37553874E+02
  0.37397559E+02  0.37234850E+02  0.37066132E+02  0.36891779E+02  0.36712178E+02
  0.36527695E+02  0.36338661E+02  0.36145404E+02  0.35948212E+02  0.35747328E+02
  0.35543018E+02  0.35335567E+02  0.35125259E+02  0.34912366E+02  0.34697108E+02
  0.34479695E+02  0.34260303E+02  0.34039094E+02  0.33816238E+02  0.33591913E+02
  0.33366314E+02  0.33139612E+02  0.32911960E+02  0.32683485E+02  0.32454282E+02
  0.32224489E+02  0.31994214E+02  0.31763544E+02  0.31532558E+02  0.31301355E+02
  0.31070058E+02  0.30838748E+02  0.30607486E+02  0.30376328E+02  0.30145300E+02
  0.29914437E+02  0.29683796E+02  0.29453437E+02  0.29223426E+02  0.28993843E+02
  0.28764749E+02  0.28536183E+02  0.28308178E+02  0.28080746E+02  0.27853914E+02
  0.27627729E+02  0.27402249E+02  0.27177523E+02  0.26953594E+02  0.26730488E+02
  0.26508200E+02  0.26286734E+02  0.26066125E+02  0.25846408E+02  0.25627616E+02
  0.25409781E+02  0.25192921E+02  0.24977060E+02  0.24762230E+02
  0.10000000E+01  0.28989246E+01  0.46686754E+01  0.63244569E+01  0.78930736E+01
  0.93902459E+01  0.10829880E+02  0.12225016E+02  0.13585082E+02  0.14911277E+02
  0.16203988E+02  0.17461747E+02  0.18684129E+02  0.19869830E+02  0.21019058E+02
  0.22131780E+02  0.23208685E+02  0.24249931E+02  0.25256035E+02  0.26227224E+02
  0.27163893E+02  0.28066322E+02  0.28934917E+02  0.29770106E+02  0.30572382E+02
  0.31342309E+02  0.32080432E+02  0.32787390E+02  0.33463801E+02  0.34110325E+02
  0.34727602E+02  0.35316324E+02  0.35877154E+02  0.36410767E+02  0.36917813E+02
  0.37398943E+02  0.37854808E+02  0.38286032E+02  0.38693266E+02  0.39077088E+02
  0.39438147E+02  0.39777059E+02  0.40094449E+02  0.40390883E+02  0.40666949E+02
  0.40923194E+02  0.41160185E+02  0.41378461E+02  0.41578582E+02  0.41761050E+02
  0.41926378E+02  0.42075094E+02  0.42207697E+02  0.42324713E+02  0.42426648E+02
  0.42513984E+02  0.42587193E+02  0.42646715E+02  0.42692970E+02  0.42726422E+02
  0.42747534E+02  0.42756750E+02  0.42754508E+02  0.42741229E+02  0.42717304E+02
  0.42683133E+02  0.42639131E+02  0.42585724E+02  0.42523334E+02  0.42452333E+02
  0.42373074E+02  0.42285919E+02  0.42191220E+02  0.42089333E+02  0.41980620E+02
  0.41865428E+02  0.41744061E+02  0.41616829E+02  0.41484034E+02  0.41345929E+02
  0.41202788E+02  0.41054929E+02  0.40902660E+02  0.40746248E+02  0.40585933E+02
  0.40421927E+02  0.40254417E+02  0.40083606E+02  0.39909696E+02  0.39732896E+02
  0.39553435E+02  0.39371501E+02  0.39187242E+02  0.39000797E+02  0.38812313E+02
  0.38621956E+02  0.38429850E+02  0.38236126E+02  0.38040902E+02  0.37844284E+02
  0.37646416E+02  0.37447408E+02  0.37247323E+02  0.37046235E+02  0.36844207E+02
  0.36641299E+02  0.36437577E+02  0.36233112E+02  0.36028001E+02  0.35822339E+02
  0.35616207E+02  0.35409650E+02  0.35202715E+02  0.34995443E+02  0.34787870E+02
  0.34580067E+02  0.34372100E+02  0.34164030E+02  0.33955920E+02  0.33747776E+02
  0.33539611E+02  0.33331458E+02  0.33123353E+02  0.32915350E+02  0.32707499E+02
  0.32499824E+02  0.32292365E+02  0.32085153E+02  0.31878227E+02
  0.10000000E+01  0.29026269E+01  0.46816883E+01  0.63513067E+01  0.79374662E+01
  0.94552700E+01  0.10918171E+02  0.12338563E+02  0.13725588E+02  0.15080329E+02
  0.16403217E+02  0.17692707E+02  0.18948410E+02  0.20168979E+02  0.21354681E+02
  0.22505462E+02  0.23622049E+02  0.24704557E+02  0.25753499E+02  0.26769056E+02
  0.27751595E+02  0.28701328E+02  0.29618645E+02  0.30503924E+02  0.31357620E+02
  0.32180244E+02  0.32972292E+02  0.33734345E+02  0.34466966E+02  0.35170755E+02
  0.35846299E+02  0.36494219E+02  0.37115118E+02  0.37709602E+02  0.38278279E+02
  0.38821718E+02  0.39340533E+02  0.39835286E+02  0.40306578E+02  0.40754924E+02
  0.41180933E+02  0.41585132E+02  0.41968109E+02  0.42330373E+02  0.42672477E+02
  0.42994900E+02  0.43298167E+02  0.43582773E+02  0.43849206E+02  0.44097922E+02
  0.44329397E+02  0.44544096E+02  0.44742483E+02  0.44925046E+02  0.45092237E+02
  0.45244502E+02  0.45382274E+02  0.45505968E+02  0.45615968E+02  0.45712696E+02
  0.45796575E+02  0.45868019E+02  0.45927425E+02  0.45975181E+02  0.46011650E+02
  0.46037197E+02  0.46052197E+02  0.46057041E+02  0.46052122E+02  0.46037792E+02
  0.46014383E+02  0.45982239E+02  0.45941693E+02  0.45893076E+02  0.45836734E+02
  0.45772992E+02  0.45702162E+02  0.45624551E+02  0.45540442E+02  0.45450094E+02
  0.45353773E+02  0.45251769E+02  0.45144384E+02  0.45031891E+02  0.44914541E+02
  0.44792553E+02  0.44666134E+02  0.44535465E+02  0.44400742E+02  0.44262178E+02
  0.44119992E+02  0.43974382E+02  0.43825544E+02  0.43673635E+02  0.43518803E+02
  0.43361203E+02  0.43200988E+02  0.43038296E+02  0.42873261E+02  0.42706017E+02
  0.42536715E+02  0.42365472E+02  0.42192366E+02  0.42017467E+02  0.41840853E+02
  0.41662605E+02  0.41482817E+02  0.41301579E+02  0.41118985E+02  0.40935134E+02
  0.40750101E+02  0.40563958E+02  0.40376760E+02  0.40188565E+02  0.39999448E+02
  0.39809466E+02  0.39618691E+02  0.39427208E+02  0.39235064E+02  0.39042310E+02
  0.38848981E+02  0.38655101E+02  0.38460720E+02  0.38265885E+02  0.38070639E+02
  0.37875034E+02  0.37679106E+02  0.37482903E+02  0.37286469E+02
  0.10000000E+01  0.29048346E+01  0.46897685E+01  0.63682538E+01  0.79659422E+01
  0.94975866E+01  0.10976482E+02  0.12414391E+02  0.13820230E+02  0.15194879E+02
  0.16538890E+02  0.17850620E+02  0.19129845E+02  0.20375205E+02  0.21587123E+02
  0.22765546E+02  0.23911325E+02  0.25024568E+02  0.26105873E+02  0.27155372E+02
  0.28173487E+02  0.29160377E+02  0.30116440E+02  0.31042012E+02  0.31937549E+02
  0.32803522E+02  0.33640423E+02  0.34448804E+02  0.35229221E+02  0.35982241E+02
  0.36708431E+02  0.37408358E+02  0.38082598E+02  0.38731698E+02  0.39356249E+02
  0.39956752E+02  0.40533819E+02  0.41087922E+02  0.41619657E+02  0.42129466E+02
  0.42617932E+02  0.43085517E+02  0.43532801E+02  0.43960199E+02  0.44368234E+02
  0.44757318E+02  0.45127931E+02  0.45480500E+02  0.45815485E+02  0.46133289E+02
  0.46434334E+02  0.46719036E+02  0.46987812E+02  0.47241089E+02  0.47479273E+02
  0.47702777E+02  0.47911975E+02  0.48107246E+02  0.48288916E+02  0.48457355E+02
  0.48612944E+02  0.48756047E+02  0.48887005E+02  0.49006166E+02  0.49113846E+02
  0.49210360E+02  0.49296042E+02  0.49371249E+02  0.49436339E+02  0.49491622E+02
  0.49537406E+02  0.49573982E+02  0.49601656E+02  0.49620731E+02  0.49631519E+02
  0.49634327E+02  0.49629437E+02  0.49617123E+02  0.49597639E+02  0.49571195E+02
  0.49538045E+02  0.49498461E+02  0.49452712E+02  0.49401071E+02  0.49343777E+02
  0.49281036E+02  0.49213040E+02  0.49139959E+02  0.49061993E+02  0.48979354E+02
  0.48892261E+02  0.48800919E+02  0.48705506E+02  0.48606175E+02  0.48503072E+02
  0.48396347E+02  0.48286158E+02  0.48172641E+02  0.48055928E+02  0.47936164E+02
  0.47813495E+02  0.47688044E+02  0.47559901E+02  0.47429149E+02  0.47295880E+02
  0.47160180E+02  0.47022153E+02  0.46881903E+02  0.46739520E+02  0.46595105E+02
  0.46448754E+02  0.46300535E+02  0.46150514E+02  0.45998760E+02  0.45845332E+02
  0.45690310E+02  0.45533786E+02  0.45375825E+02  0.45216492E+02  0.45055849E+02
  0.44893954E+02  0.44730851E+02  0.44566586E+02  0.44401228E+02  0.44234833E+02
  0.44067429E+02  0.43899060E+02  0.43729772E+02  0.43559618E+02
  0.10000000E+01  0.29099146E+01  0.47074728E+01  0.64046779E+01  0.80259536E+01
  0.95851013E+01  0.11094776E+02  0.12565966E+02  0.14007316E+02  0.15419558E+02
  0.16803268E+02  0.18156656E+02  0.19479471E+02  0.20770231E+02  0.22029370E+02
  0.23256740E+02  0.24453183E+02  0.25618700E+02  0.26753857E+02  0.27858686E+02
  0.28933561E+02  0.29978560E+02  0.30994042E+02  0.31980269E+02  0.32937651E+02
  0.33866576E+02  0.34767468E+02  0.35640800E+02  0.36487056E+02  0.37306727E+02
  0.38100293E+02  0.38868242E+02  0.39611083E+02  0.40329263E+02  0.41023318E+02
  0.41693674E+02  0.42340890E+02  0.42965371E+02  0.43567666E+02  0.44148129E+02
  0.44707318E+02  0.45245614E+02  0.45763558E+02  0.46261520E+02  0.46739989E+02
  0.47199319E+02  0.47639965E+02  0.48062293E+02  0.48466721E+02  0.48853618E+02
  0.49223382E+02  0.49576396E+02  0.49913037E+02  0.50233705E+02  0.50538764E+02
  0.50828588E+02  0.51103525E+02  0.51363930E+02  0.51610118E+02  0.51842445E+02
  0.52061255E+02  0.52266893E+02  0.52459681E+02  0.52639942E+02  0.52807982E+02
  0.52964100E+02  0.53108614E+02  0.53241857E+02  0.53364165E+02  0.53475824E+02
  0.53577125E+02  0.53668364E+02  0.53749837E+02  0.53821829E+02  0.53884653E+02
  0.53938600E+02  0.53983958E+02  0.54020997E+02  0.54049978E+02  0.54071126E+02
  0.54084674E+02  0.54090892E+02  0.54090059E+02  0.54082407E+02  0.54068184E+02
  0.54047606E+02  0.54020858E+02  0.53988143E+02  0.53949663E+02  0.53905611E+02
  0.53856229E+02  0.53801716E+02  0.53742250E+02  0.53678006E+02  0.53609152E+02
  0.53535851E+02  0.53458290E+02  0.53376600E+02  0.53290907E+02  0.53201352E+02
  0.53108099E+02  0.53011278E+02  0.52910985E+02  0.52807315E+02  0.52700385E+02
  0.52590293E+02  0.52477144E+02  0.52361047E+02  0.52242118E+02  0.52120471E+02
  0.51996213E+02  0.51869434E+02  0.51740215E+02  0.51608624E+02  0.51474726E+02
  0.51338592E+02  0.51200313E+02  0.51059973E+02  0.50917650E+02  0.50773414E+02
  0.50627324E+02  0.50479451E+02  0.50329851E+02  0.50178580E+02  0.50025710E+02
  0.49871300E+02  0.49715397E+02  0.49558072E+02  0.49399389E+02
  0.10000000E+01  0.29109519E+01  0.47115883E+01  0.64133292E+01  0.80408961E+01
  0.96078423E+01  0.11127124E+02  0.12608903E+02  0.14061942E+02  0.15486530E+02
  0.16883732E+02  0.18251461E+02  0.19589990E+02  0.20897641E+02  0.22175322E+02
  0.23422686E+02  0.24640995E+02  0.25830056E+02  0.26990772E+02  0.28122943E+02
  0.29227206E+02  0.30303376E+02  0.31352006E+02  0.32373122E+02  0.33367309E+02
  0.34334739E+02  0.35275993E+02  0.36191346E+02  0.37081406E+02  0.37946477E+02
  0.38787150E+02  0.39603723E+02  0.40396789E+02  0.41166613E+02  0.41913807E+02
  0.42638600E+02  0.43341633E+02  0.44023121E+02  0.44683680E+02  0.45323501E+02
  0.45943188E+02  0.46542967E+02  0.47123398E+02  0.47684703E+02  0.48227383E+02
  0.48751680E+02  0.49258024E+02  0.49746696E+02  0.50218083E+02  0.50672472E+02
  0.51110203E+02  0.51531611E+02  0.51937009E+02  0.52326749E+02  0.52701134E+02
  0.53060508E+02  0.53405156E+02  0.53735399E+02  0.54051494E+02  0.54353762E+02
  0.54642485E+02  0.54917972E+02  0.55180502E+02  0.55430349E+02  0.55667782E+02
  0.55893065E+02  0.56106490E+02  0.56308327E+02  0.56498886E+02  0.56678424E+02
  0.56847218E+02  0.57005520E+02  0.57153623E+02  0.57291784E+02  0.57420294E+02
  0.57539403E+02  0.57649367E+02  0.57750416E+02  0.57842803E+02  0.57926747E+02
  0.58002494E+02  0.58070289E+02  0.58130406E+02  0.58183065E+02  0.58228483E+02
  0.58266861E+02  0.58298400E+02  0.58323277E+02  0.58341705E+02  0.58353889E+02
  0.58360059E+02  0.58360413E+02  0.58355135E+02  0.58344381E+02  0.58328329E+02
  0.58307142E+02  0.58280993E+02  0.58250020E+02  0.58214370E+02  0.58174186E+02
  0.58129626E+02  0.58080830E+02  0.58027903E+02  0.57970927E+02  0.57910038E+02
  0.57845334E+02  0.57776920E+02  0.57704912E+02  0.57629450E+02  0.57550643E+02
  0.57468599E+02  0.57383405E+02  0.57295154E+02  0.57203912E+02  0.57109761E+02
  0.57012774E+02  0.56913041E+02  0.56810653E+02  0.56705706E+02  0.56598260E+02
  0.56488387E+02  0.56376152E+02  0.56261621E+02  0.56144859E+02  0.56025932E+02
  0.55904894E+02  0.55781827E+02  0.55656802E+02  0.55529886E+02
  0.10000000E+01  0.29102321E+01  0.47095505E+01  0.64094338E+01  0.80351373E+01
  0.96002564E+01  0.11118158E+02  0.12598613E+02  0.14050548E+02  0.15473923E+02
  0.16870119E+02  0.18236846E+02  0.19574736E+02  0.20881994E+02  0.22159844E+02
  0.23407825E+02  0.24627490E+02  0.25818540E+02  0.26982118E+02  0.28117907E+02
  0.29226723E+02  0.30308241E+02  0.31363168E+02  0.32391398E+02  0.33393646E+02
  0.34369985E+02  0.35321117E+02  0.36247237E+02  0.37149060E+02  0.38026805E+02
  0.38881165E+02  0.39712357E+02  0.40521064E+02  0.41307466E+02  0.42072278E+02
  0.42815625E+02  0.43538228E+02  0.44240220E+02  0.44922282E+02  0.45584505E+02
  0.46227555E+02  0.46851559E+02  0.47457134E+02  0.48044432E+02  0.48613978E+02
  0.49165959E+02  0.49700824E+02  0.50218809E+02  0.50720288E+02  0.51205517E+02
  0.51674824E+02  0.52128513E+02  0.52566876E+02  0.52990256E+02  0.53398902E+02
  0.53793144E+02  0.54173227E+02  0.54539456E+02  0.54892054E+02  0.55231325E+02
  0.55557531E+02  0.55870959E+02  0.56171843E+02  0.56460436E+02  0.56736984E+02
  0.57001728E+02  0.57254938E+02  0.57496857E+02  0.57727782E+02  0.57947944E+02
  0.58157592E+02  0.58356948E+02  0.58546277E+02  0.58725797E+02  0.58895783E+02
  0.59056461E+02  0.59208069E+02  0.59350818E+02  0.59484955E+02  0.59610656E+02
  0.59728157E+02  0.59837683E+02  0.59939480E+02  0.60033738E+02  0.60120686E+02
  0.60200494E+02  0.60273359E+02  0.60339430E+02  0.60398919E+02  0.60451997E+02
  0.60498880E+02  0.60539751E+02  0.60574797E+02  0.60604157E+02  0.60628022E+02
  0.60646532E+02  0.60659848E+02  0.60668093E+02  0.60671395E+02  0.60669896E+02
  0.60663767E+02  0.60653122E+02  0.60638073E+02  0.60618714E+02  0.60595150E+02
  0.60567469E+02  0.60535790E+02  0.60500233E+02  0.60460919E+02  0.60417963E+02
  0.60371480E+02  0.60321543E+02  0.60268228E+02  0.60211601E+02  0.60151741E+02
  0.60088724E+02  0.60022655E+02  0.59953622E+02  0.59881715E+02  0.59806983E+02
  0.59729509E+02  0.59649352E+02  0.59566584E+02  0.59481274E+02  0.59393512E+02
  0.59303347E+02  0.59210845E+02  0.59116066E+02  0.59019094E+02
  0.10000000E+01  0.29145073E+01  0.47246129E+01  0.64405338E+01  0.80865958E+01
  0.96754501E+01  0.11220077E+02  0.12729411E+02  0.14212277E+02  0.15668337E+02
  0.17099136E+02  0.18502121E+02  0.19878030E+02  0.21224856E+02  0.22543933E+02
  0.23834638E+02  0.25098599E+02  0.26335370E+02  0.27546136E+02  0.28730437E+02
  0.29889112E+02  0.31021718E+02  0.32128972E+02  0.33210671E+02  0.34267533E+02
  0.35299535E+02  0.36307362E+02  0.37291113E+02  0.38251468E+02  0.39188554E+02
  0.40103037E+02  0.40995027E+02  0.41865189E+02  0.42713608E+02  0.43540978E+02
  0.44347328E+02  0.45133382E+02  0.45899150E+02  0.46645326E+02  0.47371909E+02
  0.48079565E+02  0.48768348E+02  0.49438882E+02  0.50091235E+02  0.50725932E+02
  0.51343090E+02  0.51943140E+02  0.52526263E+02  0.53092828E+02  0.53643054E+02
  0.54177248E+02  0.54695691E+02  0.55198631E+02  0.55686384E+02  0.56159187E+02
  0.56617355E+02  0.57061099E+02  0.57490718E+02  0.57906406E+02  0.58308446E+02
  0.58697065E+02  0.59072537E+02  0.59435085E+02  0.59784961E+02  0.60122398E+02
  0.60447610E+02  0.60760851E+02  0.61062346E+02  0.61352363E+02  0.61631125E+02
  0.61898883E+02  0.62155850E+02  0.62402285E+02  0.62638377E+02  0.62864390E+02
  0.63080548E+02  0.63287076E+02  0.63484180E+02  0.63672099E+02  0.63851004E+02
  0.64021114E+02  0.64182625E+02  0.64335779E+02  0.64480776E+02  0.64617841E+02
  0.64747149E+02  0.64868894E+02  0.64983216E+02  0.65090319E+02  0.65190366E+02
  0.65283574E+02  0.65370123E+02  0.65450211E+02  0.65523979E+02  0.65591614E+02
  0.65653251E+02  0.65709053E+02  0.65759136E+02  0.65803646E+02  0.65842719E+02
  0.65876524E+02  0.65905172E+02  0.65928773E+02  0.65947413E+02  0.65961217E+02
  0.65970278E+02  0.65974730E+02  0.65974695E+02  0.65970311E+02  0.65961672E+02
  0.65948899E+02  0.65932077E+02  0.65911294E+02  0.65886615E+02  0.65858144E+02
  0.65825946E+02  0.65790130E+02  0.65750776E+02  0.65707968E+02  0.65661772E+02
  0.65612295E+02  0.65559600E+02  0.65503779E+02  0.65444908E+02  0.65383066E+02
  0.65318301E+02  0.65250686E+02  0.65180276E+02  0.65107159E+02
  0.10000000E+01  0.29102467E+01  0.47106955E+01  0.64124328E+01  0.80415853E+01
  0.96111343E+01  0.11135407E+02  0.12622845E+02  0.14083053E+02  0.15514865E+02
  0.16920656E+02  0.18297287E+02  0.19646403E+02  0.20965554E+02  0.22256858E+02
  0.23519256E+02  0.24755082E+02  0.25963507E+02  0.27146356E+02  0.28302793E+02
  0.29434220E+02  0.30539812E+02  0.31620773E+02  0.32676538E+02  0.33708268E+02
  0.34715633E+02  0.35699749E+02  0.36660448E+02  0.37598819E+02  0.38514746E+02
  0.39409268E+02  0.40282272E+02  0.41134777E+02  0.41966635E+02  0.42778868E+02
  0.43571288E+02  0.44344914E+02  0.45099548E+02  0.45836149E+02  0.46554513E+02
  0.47255526E+02  0.47939073E+02  0.48605948E+02  0.49256105E+02  0.49890187E+02
  0.50508217E+02  0.51110708E+02  0.51697797E+02  0.52269891E+02  0.52827192E+02
  0.53369992E+02  0.53898577E+02  0.54413163E+02  0.54914074E+02  0.55401500E+02
  0.55875763E+02  0.56337028E+02  0.56785605E+02  0.57221624E+02  0.57645383E+02
  0.58057078E+02  0.58456970E+02  0.58845270E+02  0.59222190E+02  0.59587943E+02
  0.59942707E+02  0.60286716E+02  0.60620148E+02  0.60943295E+02  0.61256315E+02
  0.61559451E+02  0.61852853E+02  0.62136768E+02  0.62411328E+02  0.62676776E+02
  0.62933271E+02  0.63181037E+02  0.63420239E+02  0.63651096E+02  0.63873733E+02
  0.64088375E+02  0.64295170E+02  0.64494339E+02  0.64686040E+02  0.64870479E+02
  0.65047769E+02  0.65218088E+02  0.65381521E+02  0.65538261E+02  0.65688436E+02
  0.65832250E+02  0.65969829E+02  0.66101369E+02  0.66226960E+02  0.66346770E+02
  0.66460903E+02  0.66569521E+02  0.66672704E+02  0.66770600E+02  0.66863310E+02
  0.66950988E+02  0.67033709E+02  0.67111582E+02  0.67184658E+02  0.67253053E+02
  0.67316849E+02  0.67376161E+02  0.67431064E+02  0.67481708E+02  0.67528168E+02
  0.67570546E+02  0.67608911E+02  0.67643362E+02  0.67673931E+02  0.67700713E+02
  0.67723759E+02  0.67743177E+02  0.67759026E+02  0.67771399E+02  0.67780358E+02
  0.67785991E+02  0.67788320E+02  0.67787449E+02  0.67783417E+02  0.67776304E+02
  0.67766154E+02  0.67753058E+02  0.67737060E+02  0.67718249E+02
   128
  0.10000000E+01  0.26552386E+01  0.37355448E+01  0.42113976E+01  0.42405008E+01
  0.39673887E+01  0.35245615E+01  0.30072079E+01  0.24789516E+01  0.19781320E+01
  0.15295541E+01  0.11461408E+01  0.83275412E+00  0.58625352E+00  0.40124846E+00
  0.26858393E+00  0.17790131E+00  0.11791145E+00  0.79371566E-01  0.55348285E-01
  0.40776511E-01  0.31797920E-01  0.25431944E-01  0.19916716E-01  0.14598039E-01
  0.96285835E-02  0.54180914E-02  0.22047449E-02 -0.57899885E-04 -0.15006674E-02
 -0.22662864E-02 -0.25115424E-02 -0.23144997E-02  0.00000000E+00  0.00000000E+00
  0.00000000E+00  0.00000000E+00  0.00000000E+00  0.00000000E+00  0.00000000E+00
  0.00000000E+00  0.00000000E+00  0.00000000E+00  0.00000000E+00  0.00000000E+00
  0.00000000E+00  0.00000000E+00  0.00000000E+00  0.00000000E+00  0.00000000E+00
  0.00000000E+00  0.00000000E+00  0.00000000E+00  0.00000000E+00  0.00000000E+00
  0.00000000E+00  0.00000000E+00  0.00000000E+00  0.00000000E+00  0.00000000E+00
  0.00000000E+00  0.00000000E+00  0.00000000E+00  0.00000000E+00  0.00000000E+00
  0.00000000E+00  0.00000000E+00  0.00000000E+00  0.00000000E+00  0.00000000E+00
  0.00000000E+00  0.00000000E+00  0.00000000E+00  0.00000000E+00  0.00000000E+00
  0.00000000E+00  0.00000000E+00  0.00000000E+00  0.00000000E+00  0.00000000E+00
  0.00000000E+00  0.00000000E+00  0.00000000E+00  0.00000000E+00  0.00000000E+00
  0.00000000E+00  0.00000000E+00  0.00000000E+00  0.00000000E+00  0.00000000E+00
  0.00000000E+00  0.00000000E+00  0.00000000E+00  0.00000000E+00  0.00000000E+00
  0.00000000E+00  0.00000000E+00  0.00000000E+00  0.00000000E+00  0.00000000E+00
  0.00000000E+00  0.00000000E+00  0.00000000E+00  0.00000000E+00  0.00000000E+00
  0.00000000E+00  0.00000000E+00  0.00000000E+00  0.00000000E+00  0.00000000E+00
  0.00000000E+00  0.00000000E+00  0.00000000E+00  0.00000000E+00  0.00000000E+00
  0.00000000E+00  0.00000000E+00  0.00000000E+00  0.00000000E+00  0.00000000E+00
  0.00000000E+00  0.00000000E+00  0.00000000E+00  0.00000000E+00  0.00000000E+00
  0.00000000E+00  0.00000000E+00  0.00000000E+00  0.00000000E+00
  0.10000000E+01  0.27498300E+01  0.40755534E+01  0.49490403E+01  0.54463764E+01
  0.56462229E+01  0.56174607E+01  0.54151923E+01  0.50834222E+01  0.46588452E+01
  0.41780044E+01  0.36736746E+01  0.31746167E+01  0.27007053E+01  0.22666824E+01
  0.18799800E+01  0.15431056E+01  0.12536188E+01  0.10098213E+01  0.80933323E+00
  0.64704881E+00  0.51480073E+00  0.40395836E+00  0.30824353E+00  0.22541988E+00
  0.15647920E+00  0.10274640E+00  0.63662310E-01  0.36812276E-01  0.19121582E-01
  0.78506484E-02  0.10255603E-02 -0.26102020E-02  0.00000000E+00  0.00000000E+00
  0.00000000E+00  0.00000000E+00  0.00000000E+00  0.00000000E+00  0.00000000E+00
  0.00000000E+00  0.00000000E+00  0.00000000E+00  0.00000000E+00  0.00000000E+00
  0.00000000E+00  0.00000000E+00  0.00000000E+00  0.00000000E+00  0.00000000E+00
  0.00000000E+00  0.00000000E+00  0.00000000E+00  0.00000000E+00  0.00000000E+00
  0.00000000E+00  0.00000000E+00  0.00000000E+00  0.00000000E+00  0.00000000E+00
  0.00000000E+00  0.00000000E+00  0.00000000E+00  0.00000000E+00  0.00000000E+00
  0.00000000E+00  0.00000000E+00  0.00000000E+00  0.00000000E+00  0.00000000E+00
  0.00000000E+00  0.00000000E+00  0.00000000E+00  0.00000000E+00  0.00000000E+00
  0.00000000E+00  0.00000000E+00  0.00000000E+00  0.00000000E+00  0.00000000E+00
  0.00000000E+00  0.00000000E+00  0.00000000E+00  0.00000000E+00  0.00000000E+00
  0.00000000E+00  0.00000000E+00  0.00000000E+00  0.00000000E+00  0.00000000E+00
  0.00000000E+00  0.00000000E+00  0.00000000E+00  0.00000000E+00  0.00000000E+00
  0.00000000E+00  0.00000000E+00  0.00000000E+00  0.00000000E+00  0.00000000E+00
  0.00000000E+00  0.00000000E+00  0.00000000E+00  0.00000000E+00  0.00000000E+00
  0.00000000E+00  0.00000000E+00  0.00000000E+00  0.00000000E+00  0.00000000E+00
  0.00000000E+00  0.00000000E+00  0.00000000E+00  0.00000000E+00  0.00000000E+00
  0.00000000E+00  0.00000000E+00  0.00000000E+00  0.00000000E+00  0.00000000E+00
  0.00000000E+00  0.00000000E+00  0.00000000E+00  0.00000000E+00  0.00000000E+00
  0.00000000E+00  0.00000000E+00  0.00000000E+00  0.00000000E+00
  0.10000000E+01  0.27866784E+01  0.42160955E+01  0.52784131E+01  0.60318467E+01
  0.65357867E+01  0.68311529E+01  0.69488780E+01  0.69127260E+01  0.67438337E+01
  0.64673014E+01  0.61091608E+01  0.56962560E+01  0.52508553E+01  0.47925318E+01
  0.43362979E+01  0.38933543E+01  0.34702317E+01  0.30740686E+01  0.27103043E+01
  0.23798851E+01  0.20788536E+01  0.18010947E+01  0.15419785E+01  0.13019631E+01
  0.10862241E+01  0.89982408E+00  0.74344764E+00  0.61347841E+00  0.50497887E+00
  0.41427922E+00  0.33934906E+00  0.27869652E+00  0.23044425E+00  0.19233795E+00
  0.16225314E+00  0.13846615E+00  0.11975827E+00  0.10522818E+00  0.93975179E-01
  0.84979010E-01  0.77182325E-01  0.69593069E-01  0.61310118E-01  0.51605545E-01
  0.40254241E-01  0.27836032E-01  0.15576820E-01  0.49154200E-02 -0.29693093E-02
  0.00000000E+00  0.00000000E+00  0.00000000E+00  0.00000000E+00  0.00000000E+00
  0.00000000E+00  0.00000000E+00  0.00000000E+00  0.00000000E+00  0.00000000E+00
  0.00000000E+00  0.00000000E+00  0.00000000E+00  0.00000000E+00  0.00000000E+00
  0.00000000E+00  0.00000000E+00  0.00000000E+00  0.00000000E+00  0.00000000E+00
  0.00000000E+00  0.00000000E+00  0.00000000E+00  0.00000000E+00  0.00000000E+00
  0.00000000E+00  0.00000000E+00  0.00000000E+00  0.00000000E+00  0.00000000E+00
  0.00000000E+00  0.00000000E+00  0.00000000E+00  0.00000000E+00  0.00000000E+00
  0.00000000E+00  0.00000000E+00  0.00000000E+00  0.00000000E+00  0.00000000E+00
  0.00000000E+00  0.00000000E+00  0.00000000E+00  0.00000000E+00  0.00000000E+00
  0.00000000E+00  0.00000000E+00  0.00000000E+00  0.00000000E+00  0.00000000E+00
  0.00000000E+00  0.00000000E+00  0.00000000E+00  0.00000000E+00  0.00000000E+00
  0.00000000E+00  0.00000000E+00  0.00000000E+00  0.00000000E+00  0.00000000E+00
  0.00000000E+00  0.00000000E+00  0.00000000E+00  0.00000000E+00  0.00000000E+00
  0.00000000E+00  0.00000000E+00  0.00000000E+00  0.00000000E+00  0.00000000E+00
  0.00000000E+00  0.00000000E+00  0.00000000E+00  0.00000000E+00  0.00000000E+00
  0.00000000E+00  0.00000000E+00  0.00000000E+00  0.00000000E+00
  0.10000000E+01  0.28122774E+01  0.43115604E+01  0.54960326E+01  0.64193132E+01
  0.71322118E+01  0.76664470E+01  0.80432884E+01  0.82774840E+01  0.83804781E+01
  0.83669257E+01  0.82521923E+01  0.80537139E+01  0.77871263E+01  0.74676318E+01
  0.71086853E+01  0.67220134E+01  0.63167245E+01  0.59028747E+01  0.54894233E+01
  0.50818377E+01  0.46817175E+01  0.42884503E+01  0.39019948E+01  0.35263479E+01
  0.31694864E+01  0.28390020E+01  0.25378673E+01  0.22644447E+01  0.20157693E+01
  0.17903398E+01  0.15881644E+01  0.14090442E+01  0.12514923E+01  0.11129497E+01
  0.99070134E+00  0.88241150E+00  0.78630141E+00  0.70097998E+00  0.62517749E+00
  0.55753637E+00  0.49669620E+00  0.44139959E+00  0.39046968E+00  0.34288884E+00
  0.29805215E+00  0.25604750E+00  0.21757343E+00  0.18352496E+00  0.15460277E+00
  0.13110171E+00  0.11280677E+00  0.99000523E-01  0.88640936E-01  0.80554973E-01
  0.73535728E-01  0.66565648E-01  0.59067759E-01  0.50994147E-01  0.42694638E-01
  0.34660639E-01  0.27335339E-01  0.20918596E-01  0.15443840E-01  0.10827977E-01
  0.69575925E-02  0.37953364E-02  0.12806909E-02 -0.61378238E-03  0.00000000E+00
  0.00000000E+00  0.00000000E+00  0.00000000E+00  0.00000000E+00  0.00000000E+00
  0.00000000E+00  0.00000000E+00  0.00000000E+00  0.00000000E+00  0.00000000E+00
  0.00000000E+00  0.00000000E+00  0.00000000E+00  0.00000000E+00  0.00000000E+00
  0.00000000E+00  0.00000000E+00  0.00000000E+00  0.00000000E+00  0.00000000E+00
  0.00000000E+00  0.00000000E+00  0.00000000E+00  0.00000000E+00  0.00000000E+00
  0.00000000E+00  0.00000000E+00  0.00000000E+00  0.00000000E+00  0.00000000E+00
  0.00000000E+00  0.00000000E+00  0.00000000E+00  0.00000000E+00  0.00000000E+00
  0.00000000E+00  0.00000000E+00  0.00000000E+00  0.00000000E+00  0.00000000E+00
  0.00000000E+00  0.00000000E+00  0.00000000E+00  0.00000000E+00  0.00000000E+00
  0.00000000E+00  0.00000000E+00  0.00000000E+00  0.00000000E+00  0.00000000E+00
  0.00000000E+00  0.00000000E+00  0.00000000E+00  0.00000000E+00  0.00000000E+00
  0.00000000E+00  0.00000000E+00  0.00000000E+00  0.00000000E+00
  0.10000000E+01  0.28326105E+01  0.43879124E+01  0.56640998E+01  0.67113977E+01
  0.75702758E+01  0.82698251E+01  0.88247198E+01  0.92473860E+01  0.95445688E+01
  0.97265205E+01  0.98034358E+01  0.97875048E+01  0.96902548E+01  0.95231773E+01
  0.92971854E+01  0.90223599E+01  0.87073112E+01  0.83617231E+01  0.79946321E+01
  0.76125487E+01  0.72191703E+01  0.68164349E+01  0.64065578E+01  0.59948965E+01
  0.55899919E+01  0.52000074E+01  0.48291576E+01  0.44776514E+01  0.41445045E+01
  0.38299709E+01  0.35354823E+01  0.32619992E+01  0.30090865E+01  0.27750779E+01
  0.25580651E+01  0.23563923E+01  0.21688841E+01  0.19946994E+01  0.18330549E+01
  0.16830899E+01  0.15438552E+01  0.14143541E+01  0.12936417E+01  0.11807919E+01
  0.10751127E+01  0.97644188E+00  0.88506081E+00  0.80140341E+00  0.72581865E+00
  0.65829487E+00  0.59844342E+00  0.54542974E+00  0.49816924E+00  0.45547534E+00
  0.41618707E+00  0.37929046E+00  0.34415362E+00  0.31059666E+00  0.27879646E+00
  0.24911671E+00  0.22185120E+00  0.19712798E+00  0.17491491E+00  0.15504150E+00
  0.13733616E+00  0.12163376E+00  0.10780886E+00  0.95723211E-01  0.85233465E-01
  0.76137232E-01  0.68263506E-01  0.61531743E-01  0.55916650E-01  0.51393518E-01
  0.47824332E-01  0.44964664E-01  0.42475746E-01  0.40051011E-01  0.37420776E-01
  0.34423060E-01  0.31024522E-01  0.27285420E-01  0.23381406E-01  0.19534031E-01
  0.15913506E-01  0.12654441E-01  0.97937846E-02  0.73659696E-02  0.53939426E-02
  0.39126537E-02  0.29330435E-02  0.24089347E-02  0.22651330E-02  0.23866755E-02
  0.26756622E-02  0.30574018E-02  0.35000264E-02  0.39905666E-02  0.45234066E-02
  0.50597013E-02  0.55350730E-02  0.58675518E-02  0.59975125E-02  0.58915284E-02
  0.55534779E-02  0.49929322E-02  0.42490802E-02  0.33840065E-02  0.24559461E-02
  0.15282148E-02  0.69154454E-03 -0.12274996E-04  0.00000000E+00  0.00000000E+00
  0.00000000E+00  0.00000000E+00  0.00000000E+00  0.00000000E+00  0.00000000E+00
  0.00000000E+00  0.00000000E+00  0.00000000E+00  0.00000000E+00  0.00000000E+00
  0.00000000E+00  0.00000000E+00  0.00000000E+00  0.00000000E+00
  0.10000000E+01  0.28477163E+01  0.44447827E+01  0.57871093E+01  0.69227267E+01
  0.78840712E+01  0.87001223E+01  0.93818058E+01  0.99422116E+01  0.10386305E+02
  0.10722688E+02  0.10958914E+02  0.11104072E+02  0.11167005E+02  0.11156357E+02
  0.11080489E+02  0.10947299E+02  0.10763721E+02  0.10537802E+02  0.10277199E+02
  0.99878552E+01  0.96737480E+01  0.93375588E+01  0.89821547E+01  0.86128266E+01
  0.82373689E+01  0.78633357E+01  0.74952305E+01  0.71344188E+01  0.67812883E+01
  0.64372391E+01  0.61045538E+01  0.57850369E+01  0.54792769E+01  0.51867127E+01
  0.49065092E+01  0.46379688E+01  0.43807570E+01  0.41347175E+01  0.38997493E+01
  0.36756294E+01  0.34620118E+01  0.32584681E+01  0.30646059E+01  0.28799590E+01
  0.27041550E+01  0.25371817E+01  0.23792873E+01  0.22308056E+01  0.20920396E+01
  0.19629583E+01  0.18431721E+01  0.17318790E+01  0.16281093E+01  0.15307932E+01
  0.14389208E+01  0.13516217E+01  0.12683008E+01  0.11886986E+01  0.11128561E+01
  0.10409875E+01  0.97329102E+00  0.90982956E+00  0.85051693E+00  0.79514008E+00
  0.74345136E+00  0.69524292E+00  0.65033045E+00  0.60850673E+00  0.56953260E+00
  0.53313841E+00  0.49909814E+00  0.46727706E+00  0.43764810E+00  0.41021235E+00
  0.38485189E+00  0.36134819E+00  0.33940221E+00  0.31866842E+00  0.29885031E+00
  0.27974186E+00  0.26122871E+00  0.24332967E+00  0.22612957E+00  0.20976852E+00
  0.19437360E+00  0.17999627E+00  0.16665470E+00  0.15432815E+00  0.14300385E+00
  0.13268050E+00  0.12333711E+00  0.11490636E+00  0.10728555E+00  0.10035708E+00
  0.93996273E-01  0.88116463E-01  0.82677049E-01  0.77648658E-01  0.72999468E-01
  0.68676607E-01  0.64565571E-01  0.60613936E-01  0.56765213E-01  0.52985634E-01
  0.49265961E-01  0.45601430E-01  0.42001116E-01  0.38497054E-01  0.35151222E-01
  0.32016952E-01  0.29149636E-01  0.26562993E-01  0.24241691E-01  0.22177574E-01
  0.20334781E-01  0.18710716E-01  0.17309588E-01  0.16118403E-01  0.15133260E-01
  0.14342818E-01  0.13734084E-01  0.13268644E-01  0.12919921E-01  0.12599127E-01
  0.12252283E-01  0.11797142E-01  0.11188767E-01  0.10425948E-01
  0.10000000E+01  0.28680384E+01  0.45214368E+01  0.59530310E+01  0.72074440E+01
  0.83061478E+01  0.92780538E+01  0.10128436E+02  0.10872185E+02  0.11511265E+02
  0.12053647E+02  0.12503067E+02  0.12865931E+02  0.13147331E+02  0.13353035E+02
  0.13487977E+02  0.13557598E+02  0.13566550E+02  0.13520796E+02  0.13426004E+02
  0.13287137E+02  0.13108045E+02  0.12891923E+02  0.12642089E+02  0.12363449E+02
  0.12062565E+02  0.11745924E+02  0.11418022E+02  0.11081294E+02  0.10737539E+02
  0.10389254E+02  0.10039532E+02  0.96910084E+01  0.93454255E+01  0.90035687E+01
  0.86659506E+01  0.83331461E+01  0.80058949E+01  0.76849883E+01  0.73712122E+01
  0.70651971E+01  0.67674012E+01  0.64781466E+01  0.61977288E+01  0.59262897E+01
  0.56639080E+01  0.54108095E+01  0.51673358E+01  0.49338221E+01  0.47105935E+01
  0.44976983E+01  0.42949251E+01  0.41016545E+01  0.39171674E+01  0.37407179E+01
  0.35715996E+01  0.34091979E+01  0.32530322E+01  0.31027984E+01  0.29583844E+01
  0.28198540E+01  0.26873152E+01  0.25607949E+01  0.24401670E+01  0.23251636E+01
  0.22155307E+01  0.21110291E+01  0.20114603E+01  0.19166053E+01  0.18262210E+01
  0.17400119E+01  0.16576700E+01  0.15789624E+01  0.15037641E+01  0.14320333E+01
  0.13637140E+01  0.12986842E+01  0.12367033E+01  0.11774524E+01  0.11206210E+01
  0.10659794E+01  0.10134044E+01  0.96289220E+00  0.91449466E+00  0.86825171E+00
  0.82416259E+00  0.78218972E+00  0.74225236E+00  0.70428470E+00  0.66824113E+00
  0.63408885E+00  0.60178593E+00  0.57124962E+00  0.54236088E+00  0.51498831E+00
  0.48901021E+00  0.46432093E+00  0.44084561E+00  0.41854569E+00  0.39736683E+00
  0.37723385E+00  0.35806783E+00  0.33979010E+00  0.32232178E+00  0.30561273E+00
  0.28962346E+00  0.27432555E+00  0.25970527E+00  0.24576292E+00  0.23250411E+00
  0.21993585E+00  0.20805123E+00  0.19681015E+00  0.18617678E+00  0.17612036E+00
  0.16661838E+00  0.15764780E+00  0.14919552E+00  0.14124954E+00  0.13379184E+00
  0.12678544E+00  0.12020842E+00  0.11402164E+00  0.10817228E+00  0.10261340E+00
  0.97292347E-01  0.92147470E-01  0.87130541E-01  0.82247196E-01
  0.10000000E+01  0.28839563E+01  0.45821720E+01  0.60841369E+01  0.74325261E+01
  0.86393505E+01  0.97350799E+01  0.10719214E+02  0.11610383E+02  0.12406878E+02
  0.13118739E+02  0.13745751E+02  0.14294304E+02  0.14765920E+02  0.15165370E+02
  0.15494535E+02  0.15757422E+02  0.15956485E+02  0.16096055E+02  0.16179849E+02
  0.16211689E+02  0.16194651E+02  0.16131662E+02  0.16025680E+02  0.15880751E+02
  0.15701983E+02  0.15494528E+02  0.15262342E+02  0.15008157E+02  0.14734315E+02
  0.14443643E+02  0.14139384E+02  0.13824455E+02  0.13501199E+02  0.13171258E+02
  0.12836046E+02  0.12496982E+02  0.12155551E+02  0.11813211E+02  0.11471395E+02
  0.11131376E+02  0.10794245E+02  0.10460957E+02  0.10132407E+02  0.98092936E+01
  0.94921736E+01  0.91816640E+01  0.88783741E+01  0.85828420E+01  0.82956092E+01
  0.80169612E+01  0.77469823E+01  0.74853816E+01  0.72318160E+01  0.69859074E+01
  0.67473249E+01  0.65157533E+01  0.62909349E+01  0.60726534E+01  0.58607939E+01
  0.56554219E+01  0.54566406E+01  0.52644978E+01  0.50788928E+01  0.48996202E+01
  0.47264490E+01  0.45592086E+01  0.43977456E+01  0.42418756E+01  0.40913740E+01
  0.39459615E+01  0.38053354E+01  0.36692527E+01  0.35375746E+01  0.34102733E+01
  0.32873551E+01  0.31687521E+01  0.30542883E+01  0.29436943E+01  0.28366722E+01
  0.27330021E+01  0.26326007E+01  0.25354612E+01  0.24415896E+01  0.23509599E+01
  0.22635101E+01  0.21791459E+01  0.20977791E+01  0.20193424E+01  0.19437628E+01
  0.18709808E+01  0.18009177E+01  0.17334867E+01  0.16685763E+01  0.16060860E+01
  0.15458933E+01  0.14878954E+01  0.14319973E+01  0.13781225E+01  0.13262326E+01
  0.12762676E+01  0.12281523E+01  0.11817740E+01  0.11370430E+01  0.10938606E+01
  0.10521687E+01  0.10119339E+01  0.97314347E+00  0.93576400E+00  0.89977020E+00
  0.86512396E+00  0.83177236E+00  0.79966696E+00  0.76878166E+00  0.73909309E+00
  0.71058090E+00  0.68321995E+00  0.65696949E+00  0.63178233E+00  0.60762682E+00
  0.58444792E+00  0.56219064E+00  0.54080810E+00  0.52024512E+00  0.50043201E+00
  0.48131255E+00  0.46284641E+00  0.44498225E+00  0.42768617E+00
  0.10000000E+01  0.28980516E+01  0.46363447E+01  0.62011413E+01  0.76337526E+01
  0.89373858E+01  0.10144654E+02  0.11248868E+02  0.12273228E+02  0.13211580E+02
  0.14077424E+02  0.14866197E+02  0.15585739E+02  0.16233959E+02  0.16815761E+02
  0.17330246E+02  0.17780739E+02  0.18167732E+02  0.18494357E+02  0.18762604E+02
  0.18975219E+02  0.19134325E+02  0.19242264E+02  0.19301346E+02  0.19314614E+02
  0.19285747E+02  0.19218546E+02  0.19116195E+02  0.18981260E+02  0.18816133E+02
  0.18623550E+02  0.18406531E+02  0.18167945E+02  0.17910346E+02  0.17635839E+02
  0.17346367E+02  0.17043892E+02  0.16730363E+02  0.16407664E+02  0.16077655E+02
  0.15742042E+02  0.15402368E+02  0.15060039E+02  0.14716430E+02  0.14372720E+02
  0.14029930E+02  0.13689068E+02  0.13351059E+02  0.13016728E+02  0.12686891E+02
  0.12362164E+02  0.12042972E+02  0.11729424E+02  0.11421562E+02  0.11119403E+02
  0.10822983E+02  0.10532336E+02  0.10247487E+02  0.99683988E+01  0.96950655E+01
  0.94276364E+01  0.91663121E+01  0.89112264E+01  0.86624003E+01  0.84197288E+01
  0.81830770E+01  0.79523641E+01  0.77275164E+01  0.75084041E+01  0.72948717E+01
  0.70867518E+01  0.68838313E+01  0.66859076E+01  0.64928489E+01  0.63046378E+01
  0.61213108E+01  0.59428920E+01  0.57693030E+01  0.56003346E+01  0.54357260E+01
  0.52752784E+01  0.51189174E+01  0.49666376E+01  0.48184536E+01  0.46743252E+01
  0.45341858E+01  0.43979337E+01  0.42654874E+01  0.41367606E+01  0.40116810E+01
  0.38901725E+01  0.37721757E+01  0.36576218E+01  0.35464097E+01  0.34384100E+01
  0.33335022E+01  0.32315839E+01  0.31325633E+01  0.30363839E+01  0.29430127E+01
  0.28523982E+01  0.27644495E+01  0.26790681E+01  0.25961598E+01  0.25156501E+01
  0.24374686E+01  0.23615764E+01  0.22879351E+01  0.22165067E+01  0.21472124E+01
  0.20799769E+01  0.20147387E+01  0.19514567E+01  0.18900960E+01  0.18306101E+01
  0.17729601E+01  0.17170871E+01  0.16629551E+01  0.16105065E+01  0.15597173E+01
  0.15105314E+01  0.14628947E+01  0.14167245E+01  0.13719547E+01  0.13285273E+01
  0.12863898E+01  0.12455055E+01  0.12058219E+01  0.11673204E+01
  0.10000000E+01  0.29093908E+01  0.46805937E+01  0.62969461E+01  0.77995217E+01
  0.91837372E+01  0.10485204E+02  0.11690499E+02  0.12828108E+02  0.13886213E+02
  0.14883193E+02  0.15809464E+02  0.16675890E+02  0.17476556E+02  0.18217802E+02
  0.18896291E+02  0.19515661E+02  0.20074868E+02  0.20576593E+02  0.21021590E+02
  0.21411927E+02  0.21748883E+02  0.22034195E+02  0.22269459E+02  0.22456822E+02
  0.22598810E+02  0.22698094E+02  0.22757008E+02  0.22777591E+02  0.22761814E+02
  0.22711917E+02  0.22630351E+02  0.22519518E+02  0.22381682E+02  0.22218848E+02
  0.22032931E+02  0.21825891E+02  0.21599677E+02  0.21356202E+02  0.21097367E+02
  0.20824965E+02  0.20540678E+02  0.20246092E+02  0.19942765E+02  0.19632109E+02
  0.19315420E+02  0.18993962E+02  0.18668927E+02  0.18341403E+02  0.18012479E+02
  0.17683082E+02  0.17353981E+02  0.17025691E+02  0.16698664E+02  0.16373312E+02
  0.16050047E+02  0.15729242E+02  0.15411238E+02  0.15096266E+02  0.14784547E+02
  0.14476400E+02  0.14172180E+02  0.13872168E+02  0.13576549E+02  0.13285390E+02
  0.12998731E+02  0.12716656E+02  0.12439228E+02  0.12166454E+02  0.11898302E+02
  0.11634748E+02  0.11375698E+02  0.11121060E+02  0.10870779E+02  0.10624888E+02
  0.10383465E+02  0.10146595E+02  0.99142954E+01  0.96864308E+01  0.94628180E+01
  0.92433170E+01  0.90279007E+01  0.88165966E+01  0.86094567E+01  0.84064688E+01
  0.82075819E+01  0.80127419E+01  0.78219014E+01  0.76350032E+01  0.74519792E+01
  0.72727948E+01  0.70974121E+01  0.69258071E+01  0.67579224E+01  0.65936921E+01
  0.64329982E+01  0.62757506E+01  0.61218857E+01  0.59713739E+01  0.58241887E+01
  0.56803052E+01  0.55396758E+01  0.54022154E+01  0.52678232E+01  0.51364229E+01
  0.50079688E+01  0.48824312E+01  0.47598038E+01  0.46400712E+01  0.45231791E+01
  0.44090418E+01  0.42975865E+01  0.41887505E+01  0.40824945E+01  0.39787933E+01
  0.38776120E+01  0.37788952E+01  0.36825886E+01  0.35886448E+01  0.34970150E+01
  0.34076416E+01  0.33204723E+01  0.32354639E+01  0.31525814E+01  0.30717791E+01
  0.29930024E+01  0.29161836E+01  0.28412563E+01  0.27681586E+01
  0.10000000E+01  0.29190863E+01  0.47186810E+01  0.63795149E+01  0.79427346E+01
  0.93968847E+01  0.10780462E+02  0.12073834E+02  0.13310202E+02  0.14472387E+02
  0.15583268E+02  0.16628665E+02  0.17622368E+02  0.18555047E+02  0.19434536E+02
  0.20255429E+02  0.21021859E+02  0.21731579E+02  0.22387054E+02  0.22988121E+02
  0.23536377E+02  0.24032472E+02  0.24477664E+02  0.24873005E+02  0.25219942E+02
  0.25520139E+02  0.25775379E+02  0.25987311E+02  0.26157471E+02  0.26287401E+02
  0.26378847E+02  0.26433724E+02  0.26453960E+02  0.26441444E+02  0.26397943E+02
  0.26325173E+02  0.26224930E+02  0.26099006E+02  0.25949200E+02  0.25777301E+02
  0.25585038E+02  0.25374073E+02  0.25146038E+02  0.24902539E+02  0.24645091E+02
  0.24375124E+02  0.24094056E+02  0.23803250E+02  0.23503977E+02  0.23197495E+02
  0.22884935E+02  0.22567322E+02  0.22245500E+02  0.21920244E+02  0.21592281E+02
  0.21262325E+02  0.20931036E+02  0.20599016E+02  0.20266761E+02  0.19934722E+02
  0.19603427E+02  0.19273402E+02  0.18945105E+02  0.18618902E+02  0.18295042E+02
  0.17973730E+02  0.17655207E+02  0.17339680E+02  0.17027287E+02  0.16718126E+02
  0.16412299E+02  0.16109859E+02  0.15810833E+02  0.15515253E+02  0.15223202E+02
  0.14934803E+02  0.14650203E+02  0.14369487E+02  0.14092606E+02  0.13819461E+02
  0.13549991E+02  0.13284209E+02  0.13022168E+02  0.12763939E+02  0.12509520E+02
  0.12258886E+02  0.12012030E+02  0.11768976E+02  0.11529706E+02  0.11294174E+02
  0.11062356E+02  0.10834254E+02  0.10609880E+02  0.10389226E+02  0.10172258E+02
  0.99589108E+01  0.97491296E+01  0.95428790E+01  0.93401354E+01  0.91409053E+01
  0.89451951E+01  0.87530030E+01  0.85642666E+01  0.83789193E+01  0.81968946E+01
  0.80181553E+01  0.78426766E+01  0.76704860E+01  0.75016088E+01  0.73360062E+01
  0.71735941E+01  0.70142994E+01  0.68580742E+01  0.67048788E+01  0.65547037E+01
  0.64075274E+01  0.62633209E+01  0.61220395E+01  0.59836492E+01  0.58481040E+01
  0.57153497E+01  0.55853360E+01  0.54580298E+01  0.53334080E+01  0.52114443E+01
  0.50920972E+01  0.49752965E+01  0.48609582E+01  0.47490222E+01
  0.10000000E+01  0.29249319E+01  0.47414224E+01  0.64295141E+01  0.80295445E+01
  0.95274849E+01  0.10962323E+02  0.12311994E+02  0.13611027E+02  0.14839916E+02
  0.16023303E+02  0.17145135E+02  0.18220570E+02  0.19238888E+02  0.20208718E+02
  0.21123908E+02  0.21988956E+02  0.22801225E+02  0.23563200E+02  0.24274471E+02
  0.24936481E+02  0.25549671E+02  0.26115049E+02  0.26633439E+02  0.27105973E+02
  0.27533967E+02  0.27918818E+02  0.28261802E+02  0.28564112E+02  0.28826911E+02
  0.29051581E+02  0.29239591E+02  0.29392484E+02  0.29511711E+02  0.29598685E+02
  0.29654747E+02  0.29681359E+02  0.29679944E+02  0.29651988E+02  0.29598952E+02
  0.29522293E+02  0.29423404E+02  0.29303695E+02  0.29164536E+02  0.29007269E+02
  0.28833171E+02  0.28643543E+02  0.28439639E+02  0.28222666E+02  0.27993827E+02
  0.27754245E+02  0.27504952E+02  0.27246859E+02  0.26980830E+02  0.26707674E+02
  0.26428182E+02  0.26143093E+02  0.25853130E+02  0.25558928E+02  0.25261100E+02
  0.24960295E+02  0.24657165E+02  0.24352297E+02  0.24046189E+02  0.23739246E+02
  0.23431848E+02  0.23124395E+02  0.22817229E+02  0.22510635E+02  0.22204847E+02
  0.21900090E+02  0.21596528E+02  0.21294306E+02  0.20993566E+02  0.20694485E+02
  0.20397270E+02  0.20102135E+02  0.19809241E+02  0.19518619E+02  0.19230263E+02
  0.18944192E+02  0.18660473E+02  0.18379209E+02  0.18100515E+02  0.17824440E+02
  0.17551002E+02  0.17280244E+02  0.17012223E+02  0.16746957E+02  0.16484429E+02
  0.16224654E+02  0.15967657E+02  0.15713469E+02  0.15462105E+02  0.15213577E+02
  0.14967868E+02  0.14724951E+02  0.14484837E+02  0.14247558E+02  0.14013158E+02
  0.13781650E+02  0.13553048E+02  0.13327338E+02  0.13104486E+02  0.12884454E+02
  0.12667226E+02  0.12452815E+02  0.12241267E+02  0.12032614E+02  0.11826837E+02
  0.11623886E+02  0.11423720E+02  0.11226321E+02  0.11031690E+02  0.10839838E+02
  0.10650767E+02  0.10464454E+02  0.10280890E+02  0.10100070E+02  0.99219797E+01
  0.97465892E+01  0.95738783E+01  0.94038350E+01  0.92364394E+01  0.90716805E+01
  0.89095297E+01  0.87499477E+01  0.85928835E+01  0.84383172E+01
  0.10000000E+01  0.29306408E+01  0.47632082E+01  0.64775985E+01  0.81126575E+01
  0.96527004E+01  0.11136212E+02  0.12539838E+02  0.13898369E+02  0.15191082E+02
  0.16443354E+02  0.17638094E+02  0.18791048E+02  0.19890633E+02  0.20945786E+02
  0.21949849E+02  0.22907407E+02  0.23815518E+02  0.24676554E+02  0.25489873E+02
  0.26256735E+02  0.26977410E+02  0.27652708E+02  0.28283272E+02  0.28869969E+02
  0.29413791E+02  0.29915811E+02  0.30376975E+02  0.30798240E+02  0.31180465E+02
  0.31524781E+02  0.31832291E+02  0.32104270E+02  0.32341828E+02  0.32546151E+02
  0.32718288E+02  0.32859470E+02  0.32970835E+02  0.33053646E+02  0.33109115E+02
  0.33138487E+02  0.33142946E+02  0.33123718E+02  0.33081993E+02  0.33018955E+02
  0.32935739E+02  0.32833512E+02  0.32713422E+02  0.32576587E+02  0.32424119E+02
  0.32257079E+02  0.32076470E+02  0.31883218E+02  0.31678212E+02  0.31462301E+02
  0.31236329E+02  0.31001109E+02  0.30757434E+02  0.30506035E+02  0.30247607E+02
  0.29982861E+02  0.29712519E+02  0.29437258E+02  0.29157692E+02  0.28874342E+02
  0.28587720E+02  0.28298339E+02  0.28006653E+02  0.27713041E+02  0.27417841E+02
  0.27121380E+02  0.26823955E+02  0.26525842E+02  0.26227299E+02  0.25928611E+02
  0.25630064E+02  0.25331945E+02  0.25034472E+02  0.24737767E+02  0.24441909E+02
  0.24147011E+02  0.23853195E+02  0.23560612E+02  0.23269407E+02  0.22979674E+02
  0.22691466E+02  0.22404863E+02  0.22119960E+02  0.21836818E+02  0.21555475E+02
  0.21275970E+02  0.20998366E+02  0.20722716E+02  0.20449074E+02  0.20177471E+02
  0.19907921E+02  0.19640432E+02  0.19375043E+02  0.19111799E+02  0.18850742E+02
  0.18591906E+02  0.18335323E+02  0.18081004E+02  0.17828934E+02  0.17579109E+02
  0.17331532E+02  0.17086240E+02  0.16843286E+02  0.16602735E+02  0.16364582E+02
  0.16128809E+02  0.15895409E+02  0.15664394E+02  0.15435782E+02  0.15209593E+02
  0.14985848E+02  0.14764539E+02  0.14545679E+02  0.14329274E+02  0.14115334E+02
  0.13903836E+02  0.13694774E+02  0.13488148E+02  0.13283961E+02  0.13082215E+02
  0.12882902E+02  0.12686018E+02  0.12491542E+02  0.12299471E+02
  0.10000000E+01  0.29339488E+01  0.47753077E+01  0.65050687E+01  0.81599873E+01
  0.97253487E+01  0.11237576E+02  0.12674507E+02  0.14069149E+02  0.15401682E+02
  0.16696414E+02  0.17936976E+02  0.19138575E+02  0.20290015E+02  0.21399975E+02
  0.22461982E+02  0.23480537E+02  0.24452730E+02  0.25380925E+02  0.26264438E+02
  0.27104561E+02  0.27901436E+02  0.28655905E+02  0.29368422E+02  0.30039924E+02
  0.30671171E+02  0.31263312E+02  0.31817001E+02  0.32333247E+02  0.32812586E+02
  0.33256171E+02  0.33664759E+02  0.34039589E+02  0.34381441E+02  0.34691430E+02
  0.34970313E+02  0.35219192E+02  0.35438927E+02  0.35630629E+02  0.35795254E+02
  0.35933874E+02  0.36047432E+02  0.36136977E+02  0.36203484E+02  0.36247964E+02
  0.36271352E+02  0.36274652E+02  0.36258837E+02  0.36224870E+02  0.36173694E+02
  0.36106230E+02  0.36023364E+02  0.35925915E+02  0.35814664E+02  0.35690361E+02
  0.35553760E+02  0.35405581E+02  0.35246534E+02  0.35077297E+02  0.34898536E+02
  0.34710934E+02  0.34515178E+02  0.34311934E+02  0.34101808E+02  0.33885340E+02
  0.33663048E+02  0.33435460E+02  0.33203054E+02  0.32966256E+02  0.32725453E+02
  0.32481022E+02  0.32233306E+02  0.31982626E+02  0.31729302E+02  0.31473672E+02
  0.31216073E+02  0.30956835E+02  0.30696232E+02  0.30434454E+02  0.30171647E+02
  0.29907966E+02  0.29643576E+02  0.29378676E+02  0.29113456E+02  0.28848044E+02
  0.28582546E+02  0.28317097E+02  0.28051845E+02  0.27786887E+02  0.27522292E+02
  0.27258130E+02  0.26994498E+02  0.26731471E+02  0.26469135E+02  0.26207559E+02
  0.25946803E+02  0.25686919E+02  0.25427974E+02  0.25170049E+02  0.24913207E+02
  0.24657504E+02  0.24402976E+02  0.24149668E+02  0.23897584E+02  0.23646753E+02
  0.23397199E+02  0.23148980E+02  0.22902159E+02  0.22656813E+02  0.22412964E+02
  0.22170615E+02  0.21929781E+02  0.21690485E+02  0.21452769E+02  0.21216670E+02
  0.20982228E+02  0.20749438E+02  0.20518336E+02  0.20288943E+02  0.20061290E+02
  0.19835362E+02  0.19611161E+02  0.19388697E+02  0.19167993E+02  0.18949067E+02
  0.18731930E+02  0.18516584E+02  0.18303032E+02  0.18091287E+02
  0.10000000E+01  0.29377284E+01  0.47894228E+01  0.65366891E+01  0.82145951E+01
  0.98084229E+01  0.11353207E+02  0.12827090E+02  0.14262078E+02  0.15638549E+02
  0.16980326E+02  0.18271184E+02  0.19526095E+02  0.20733866E+02  0.21903035E+02
  0.23027096E+02  0.24110471E+02  0.25150180E+02  0.26148521E+02  0.27104696E+02
  0.28019968E+02  0.28894337E+02  0.29728659E+02  0.30523189E+02  0.31278887E+02
  0.31996214E+02  0.32676342E+02  0.33319593E+02  0.33927034E+02  0.34498876E+02
  0.35036297E+02  0.35539711E+02  0.36010346E+02  0.36448672E+02  0.36855765E+02
  0.37232115E+02  0.37578751E+02  0.37896300E+02  0.38185770E+02  0.38447903E+02
  0.38683649E+02  0.38893774E+02  0.39079207E+02  0.39240746E+02  0.39379278E+02
  0.39495591E+02  0.39590577E+02  0.39665072E+02  0.39719936E+02  0.39755992E+02
  0.39774074E+02  0.39774968E+02  0.39759431E+02  0.39728177E+02  0.39681910E+02
  0.39621331E+02  0.39547122E+02  0.39459961E+02  0.39360504E+02  0.39249400E+02
  0.39127304E+02  0.38994870E+02  0.38852741E+02  0.38701528E+02  0.38541782E+02
  0.38374051E+02  0.38198878E+02  0.38016777E+02  0.37828215E+02  0.37633611E+02
  0.37433367E+02  0.37227871E+02  0.37017508E+02  0.36802658E+02  0.36583702E+02
  0.36361014E+02  0.36134955E+02  0.35905842E+02  0.35673905E+02  0.35439339E+02
  0.35202343E+02  0.34963134E+02  0.34721937E+02  0.34478984E+02  0.34234440E+02
  0.33988456E+02  0.33741204E+02  0.33492863E+02  0.33243575E+02  0.32993455E+02
  0.32742619E+02  0.32491191E+02  0.32239281E+02  0.31986991E+02  0.31734411E+02
  0.31481614E+02  0.31228669E+02  0.30975667E+02  0.30722709E+02  0.30469880E+02
  0.30217250E+02  0.29964883E+02  0.29712834E+02  0.29461152E+02  0.29209878E+02
  0.28959071E+02  0.28708799E+02  0.28459154E+02  0.28210219E+02  0.27962036E+02
  0.27714611E+02  0.27467987E+02  0.27222211E+02  0.26977337E+02  0.26733405E+02
  0.26490457E+02  0.26248518E+02  0.26007622E+02  0.25767804E+02  0.25529092E+02
  0.25291514E+02  0.25055100E+02  0.24819891E+02  0.24585905E+02  0.24353171E+02
  0.24121700E+02  0.23891499E+02  0.23662575E+02  0.23434956E+02
  0.10000000E+01  0.29402479E+01  0.47987641E+01  0.65580493E+01  0.82516995E+01
  0.98657253E+01  0.11433633E+02  0.12934478E+02  0.14398875E+02  0.15807930E+02
  0.17184566E+02  0.18513194E+02  0.19808293E+02  0.21059067E+02  0.22273783E+02
  0.23446129E+02  0.24580410E+02  0.25673682E+02  0.26728236E+02  0.27743203E+02
  0.28719935E+02  0.29658265E+02  0.30559213E+02  0.31422769E+02  0.32250131E+02
  0.33041427E+02  0.33798115E+02  0.34520132E+02  0.35208812E+02  0.35863956E+02
  0.36486967E+02  0.37077868E+02  0.37638048E+02  0.38167622E+02  0.38667757E+02
  0.39138643E+02  0.39581337E+02  0.39996208E+02  0.40384244E+02  0.40745964E+02
  0.41082269E+02  0.41393724E+02  0.41681175E+02  0.41945239E+02  0.42186717E+02
  0.42406235E+02  0.42604586E+02  0.42782452E+02  0.42940586E+02  0.43079657E+02
  0.43200374E+02  0.43303392E+02  0.43389356E+02  0.43458867E+02  0.43512510E+02
  0.43550881E+02  0.43574561E+02  0.43584137E+02  0.43580176E+02  0.43563249E+02
  0.43533943E+02  0.43492847E+02  0.43440543E+02  0.43377587E+02  0.43304480E+02
  0.43221724E+02  0.43129812E+02  0.43029221E+02  0.42920385E+02  0.42803711E+02
  0.42679583E+02  0.42548387E+02  0.42410499E+02  0.42266305E+02  0.42116187E+02
  0.41960534E+02  0.41799717E+02  0.41634068E+02  0.41463844E+02  0.41289274E+02
  0.41110590E+02  0.40928021E+02  0.40741819E+02  0.40552230E+02  0.40359465E+02
  0.40163695E+02  0.39965130E+02  0.39763969E+02  0.39560393E+02  0.39354525E+02
  0.39146512E+02  0.38936495E+02  0.38724623E+02  0.38511017E+02  0.38295797E+02
  0.38079069E+02  0.37860940E+02  0.37641529E+02  0.37420946E+02  0.37199302E+02
  0.36976680E+02  0.36753166E+02  0.36528832E+02  0.36303747E+02  0.36077972E+02
  0.35851572E+02  0.35624621E+02  0.35397223E+02  0.35169490E+02  0.34941478E+02
  0.34713233E+02  0.34484801E+02  0.34256255E+02  0.34027649E+02  0.33799040E+02
  0.33570476E+02  0.33342005E+02  0.33113676E+02  0.32885541E+02  0.32657652E+02
  0.32430046E+02  0.32202758E+02  0.31975808E+02  0.31749237E+02  0.31523070E+02
  0.31297338E+02  0.31072050E+02  0.30847245E+02  0.30622971E+02
  0.10000000E+01  0.29423251E+01  0.48067493E+01  0.65760097E+01  0.82830785E+01
  0.99136989E+01  0.11500915E+02  0.13023674E+02  0.14512277E+02  0.15947735E+02
  0.17352849E+02  0.18712007E+02  0.20039628E+02  0.21324892E+02  0.22576001E+02
  0.23786628E+02  0.24961023E+02  0.26096193E+02  0.27194401E+02  0.28254687E+02
  0.29278445E+02  0.30265348E+02  0.31216541E+02  0.32131775E+02  0.33012443E+02
  0.33858349E+02  0.34671173E+02  0.35450489E+02  0.36197883E+02  0.36912803E+02
  0.37596875E+02  0.38249790E+02  0.38873116E+02  0.39466690E+02  0.40031804E+02
  0.40568431E+02  0.41077689E+02  0.41559769E+02  0.42015676E+02  0.42445787E+02
  0.42851002E+02  0.43231769E+02  0.43588907E+02  0.43922923E+02  0.44234580E+02
  0.44524405E+02  0.44793140E+02  0.45041379E+02  0.45269835E+02  0.45479101E+02
  0.45669835E+02  0.45842618E+02  0.45998048E+02  0.46136664E+02  0.46259006E+02
  0.46365610E+02  0.46457016E+02  0.46533767E+02  0.46596381E+02  0.46645380E+02
  0.46681300E+02  0.46704677E+02  0.46716042E+02  0.46715909E+02  0.46704752E+02
  0.46683049E+02  0.46651262E+02  0.46609841E+02  0.46559192E+02  0.46499700E+02
  0.46431734E+02  0.46355658E+02  0.46271844E+02  0.46180669E+02  0.46082517E+02
  0.45977762E+02  0.45866772E+02  0.45749863E+02  0.45627291E+02  0.45499282E+02
  0.45366083E+02  0.45227930E+02  0.45085082E+02  0.44937789E+02  0.44786266E+02
  0.44630707E+02  0.44471323E+02  0.44308325E+02  0.44141889E+02  0.43972179E+02
  0.43799351E+02  0.43623575E+02  0.43444995E+02  0.43263748E+02  0.43079974E+02
  0.42893804E+02  0.42705356E+02  0.42514747E+02  0.42322103E+02  0.42127540E+02
  0.41931170E+02  0.41733085E+02  0.41533381E+02  0.41332129E+02  0.41129410E+02
  0.40925309E+02  0.40719925E+02  0.40513364E+02  0.40305734E+02  0.40097098E+02
  0.39887512E+02  0.39677044E+02  0.39465770E+02  0.39253767E+02  0.39041098E+02
  0.38827840E+02  0.38614046E+02  0.38399778E+02  0.38185085E+02  0.37970032E+02
  0.37754666E+02  0.37539027E+02  0.37323154E+02  0.37107085E+02  0.36890863E+02
  0.36674511E+02  0.36458047E+02  0.36241503E+02  0.36024933E+02
  0.10000000E+01  0.29436995E+01  0.48122308E+01  0.65885175E+01  0.83053004E+01
  0.99481068E+01  0.11549795E+02  0.13089165E+02  0.14596326E+02  0.16052164E+02
  0.17479376E+02  0.18862405E+02  0.20215602E+02  0.21528271E+02  0.22808498E+02
  0.24050089E+02  0.25257166E+02  0.26426833E+02  0.27561272E+02  0.28659552E+02
  0.29723080E+02  0.30751446E+02  0.31745916E+02  0.32706043E+02  0.33633449E+02
  0.34527655E+02  0.35390638E+02  0.36221627E+02  0.37022523E+02  0.37792409E+02
  0.38533191E+02  0.39244218E+02  0.39927291E+02  0.40581957E+02  0.41209674E+02
  0.41810165E+02  0.42384664E+02  0.42933164E+02  0.43456734E+02  0.43955572E+02
  0.44430610E+02  0.44882155E+02  0.45311042E+02  0.45717645E+02  0.46102721E+02
  0.46466686E+02  0.46810269E+02  0.47133949E+02  0.47438405E+02  0.47724127E+02
  0.47991730E+02  0.48241711E+02  0.48474610E+02  0.48690890E+02  0.48891032E+02
  0.49075497E+02  0.49244763E+02  0.49399307E+02  0.49539596E+02  0.49666097E+02
  0.49779287E+02  0.49879644E+02  0.49967639E+02  0.50043734E+02  0.50108341E+02
  0.50161890E+02  0.50204787E+02  0.50237446E+02  0.50260224E+02  0.50273480E+02
  0.50277546E+02  0.50272760E+02  0.50259451E+02  0.50237969E+02  0.50208664E+02
  0.50171885E+02  0.50127974E+02  0.50077230E+02  0.50019904E+02  0.49956216E+02
  0.49886397E+02  0.49810669E+02  0.49729285E+02  0.49642483E+02  0.49550474E+02
  0.49453442E+02  0.49351609E+02  0.49245186E+02  0.49134361E+02  0.49019286E+02
  0.48900124E+02  0.48777045E+02  0.48650203E+02  0.48519734E+02  0.48385781E+02
  0.48248488E+02  0.48107980E+02  0.47964389E+02  0.47817842E+02  0.47668477E+02
  0.47516401E+02  0.47361715E+02  0.47204511E+02  0.47044887E+02  0.46882933E+02
  0.46718748E+02  0.46552434E+02  0.46384113E+02  0.46213901E+02  0.46041868E+02
  0.45868078E+02  0.45692606E+02  0.45515536E+02  0.45336934E+02  0.45156876E+02
  0.44975432E+02  0.44792680E+02  0.44608685E+02  0.44423525E+02  0.44237266E+02
  0.44049977E+02  0.43861704E+02  0.43672507E+02  0.43482432E+02  0.43291518E+02
  0.43099785E+02  0.42907261E+02  0.42713997E+02  0.42520058E+02
  0.10000000E+01  0.29462987E+01  0.48223043E+01  0.66109681E+01  0.83444974E+01
  0.10007646E+02  0.11633065E+02  0.13198989E+02  0.14735556E+02  0.16223186E+02
  0.17684724E+02  0.19104294E+02  0.20496342E+02  0.21849962E+02  0.23173225E+02
  0.24459823E+02  0.25713801E+02  0.26932196E+02  0.28117097E+02  0.29267474E+02
  0.30384705E+02  0.31468251E+02  0.32519450E+02  0.33537636E+02  0.34524559E+02
  0.35479395E+02  0.36404291E+02  0.37298092E+02  0.38162935E+02  0.38997543E+02
  0.39804047E+02  0.40581432E+02  0.41331673E+02  0.42054012E+02  0.42750047E+02
  0.43419264E+02  0.44062978E+02  0.44680995E+02  0.45274425E+02  0.45843314E+02
  0.46388599E+02  0.46910463E+02  0.47409730E+02  0.47886674E+02  0.48342036E+02
  0.48776143E+02  0.49189693E+02  0.49583089E+02  0.49956973E+02  0.50311766E+02
  0.50648041E+02  0.50966237E+02  0.51266867E+02  0.51550360E+02  0.51817165E+02
  0.52067714E+02  0.52302448E+02  0.52521818E+02  0.52726252E+02  0.52916186E+02
  0.53092053E+02  0.53254308E+02  0.53403392E+02  0.53539753E+02  0.53663779E+02
  0.53775889E+02  0.53876469E+02  0.53965917E+02  0.54044566E+02  0.54112759E+02
  0.54170820E+02  0.54219085E+02  0.54257883E+02  0.54287556E+02  0.54308451E+02
  0.54320909E+02  0.54325267E+02  0.54321809E+02  0.54310784E+02  0.54292414E+02
  0.54266952E+02  0.54234619E+02  0.54195674E+02  0.54150353E+02  0.54098880E+02
  0.54041438E+02  0.53978254E+02  0.53909540E+02  0.53835497E+02  0.53756299E+02
  0.53672128E+02  0.53583158E+02  0.53489547E+02  0.53391444E+02  0.53289001E+02
  0.53182369E+02  0.53071684E+02  0.52957091E+02  0.52838735E+02  0.52716767E+02
  0.52591304E+02  0.52462462E+02  0.52330343E+02  0.52195053E+02  0.52056688E+02
  0.51915350E+02  0.51771157E+02  0.51624245E+02  0.51474741E+02  0.51322725E+02
  0.51168274E+02  0.51011468E+02  0.50852402E+02  0.50691156E+02  0.50527812E+02
  0.50362462E+02  0.50195192E+02  0.50026084E+02  0.49855214E+02  0.49682670E+02
  0.49508526E+02  0.49332839E+02  0.49155662E+02  0.48977053E+02  0.48797061E+02
  0.48615715E+02  0.48433039E+02  0.48249087E+02  0.48063940E+02
  0.10000000E+01  0.29470480E+01  0.48254513E+01  0.66184528E+01  0.83581467E+01
  0.10029428E+02  0.11664727E+02  0.13242369E+02  0.14792165E+02  0.16294595E+02
  0.17772288E+02  0.19209595E+02  0.20620838E+02  0.21995374E+02  0.23341151E+02
  0.24652108E+02  0.25932169E+02  0.27178542E+02  0.28393233E+02  0.29575328E+02
  0.30726166E+02  0.31845221E+02  0.32933834E+02  0.33991275E+02  0.35019370E+02
  0.36017224E+02  0.36987109E+02  0.37927737E+02  0.38841342E+02  0.39726458E+02
  0.40585317E+02  0.41416703E+02  0.42222702E+02  0.43002329E+02  0.43757288E+02
  0.44486824E+02  0.45192354E+02  0.45873435E+02  0.46531275E+02  0.47165681E+02
  0.47777679E+02  0.48367238E+02  0.48935236E+02  0.49481760E+02  0.50007569E+02
  0.50512836E+02  0.50998261E+02  0.51464125E+02  0.51911042E+02  0.52339336E+02
  0.52749540E+02  0.53142018E+02  0.53517223E+02  0.53875510E+02  0.54217258E+02
  0.54542831E+02  0.54852600E+02  0.55146959E+02  0.55426270E+02  0.55690933E+02
  0.55941319E+02  0.56177849E+02  0.56400895E+02  0.56610881E+02  0.56808143E+02
  0.56993077E+02  0.57166016E+02  0.57327327E+02  0.57477312E+02  0.57616291E+02
  0.57744559E+02  0.57862422E+02  0.57970195E+02  0.58068196E+02  0.58156766E+02
  0.58236216E+02  0.58306867E+02  0.58368977E+02  0.58422783E+02  0.58468495E+02
  0.58506357E+02  0.58536580E+02  0.58559415E+02  0.58575097E+02  0.58583852E+02
  0.58585874E+02  0.58581394E+02  0.58570624E+02  0.58553765E+02  0.58530986E+02
  0.58502477E+02  0.58468417E+02  0.58428974E+02  0.58384281E+02  0.58334501E+02
  0.58279783E+02  0.58220288E+02  0.58156147E+02  0.58087515E+02  0.58014527E+02
  0.57937318E+02  0.57855998E+02  0.57770674E+02  0.57681457E+02  0.57588468E+02
  0.57491825E+02  0.57391646E+02  0.57288064E+02  0.57181203E+02  0.57071162E+02
  0.56958009E+02  0.56841826E+02  0.56722703E+02  0.56600743E+02  0.56476043E+02
  0.56348696E+02  0.56218789E+02  0.56086410E+02  0.55951642E+02  0.55814580E+02
  0.55675300E+02  0.55533857E+02  0.55390318E+02  0.55244747E+02  0.55097206E+02
  0.54947727E+02  0.54796344E+02  0.54643102E+02  0.54488075E+02
  0.10000000E+01  0.29468494E+01  0.48250035E+01  0.66177491E+01  0.83575060E+01
  0.10029172E+02  0.11665380E+02  0.13244363E+02  0.14795968E+02  0.16300591E+02
  0.17780850E+02  0.19221186E+02  0.20635898E+02  0.22014529E+02  0.23364951E+02
  0.24681308E+02  0.25967428E+02  0.27220692E+02  0.28443031E+02  0.29633662E+02
  0.30793886E+02  0.31923239E+02  0.33023052E+02  0.34092605E+02  0.35133780E+02
  0.36145688E+02  0.37130697E+02  0.38087472E+02  0.39018321E+02  0.39921700E+02
  0.40799930E+02  0.41651712E+02  0.42479230E+02  0.43281394E+02  0.44060000E+02
  0.44814165E+02  0.45545404E+02  0.46253143E+02  0.46938685E+02  0.47601710E+02
  0.48243331E+02  0.48863397E+02  0.49462857E+02  0.50041685E+02  0.50600691E+02
  0.51139959E+02  0.51660215E+02  0.52161671E+02  0.52644959E+02  0.53110359E+02
  0.53558395E+02  0.53989383E+02  0.54403743E+02  0.54801788E+02  0.55183863E+02
  0.55550294E+02  0.55901411E+02  0.56237578E+02  0.56559128E+02  0.56866442E+02
  0.57159854E+02  0.57439756E+02  0.57706484E+02  0.57960432E+02  0.58201891E+02
  0.58431219E+02  0.58648708E+02  0.58854709E+02  0.59049494E+02  0.59233363E+02
  0.59406579E+02  0.59569427E+02  0.59722196E+02  0.59865179E+02  0.59998682E+02
  0.60122994E+02  0.60238416E+02  0.60345181E+02  0.60443517E+02  0.60533617E+02
  0.60615716E+02  0.60690002E+02  0.60756715E+02  0.60816066E+02  0.60868273E+02
  0.60913510E+02  0.60951998E+02  0.60983938E+02  0.61009529E+02  0.61028927E+02
  0.61042305E+02  0.61049831E+02  0.61051666E+02  0.61047947E+02  0.61038820E+02
  0.61024431E+02  0.61004939E+02  0.60980484E+02  0.60951205E+02  0.60917233E+02
  0.60878700E+02  0.60835707E+02  0.60788368E+02  0.60736778E+02  0.60681061E+02
  0.60621335E+02  0.60557724E+02  0.60490355E+02  0.60419349E+02  0.60344800E+02
  0.60266783E+02  0.60185381E+02  0.60100683E+02  0.60012780E+02  0.59921764E+02
  0.59827726E+02  0.59730759E+02  0.59630955E+02  0.59528402E+02  0.59423188E+02
  0.59315400E+02  0.59205098E+02  0.59092359E+02  0.58977239E+02  0.58859798E+02
  0.58740062E+02  0.58618071E+02  0.58493867E+02  0.58367532E+02
  0.10000000E+01  0.29489917E+01  0.48334807E+01  0.66366525E+01  0.83907316E+01
  0.10079714E+02  0.11736324E+02  0.13338052E+02  0.14914991E+02  0.16446945E+02
  0.17956795E+02  0.19428618E+02  0.20876842E+02  0.22290833E+02  0.23678436E+02
  0.25033751E+02  0.26360481E+02  0.27656024E+02  0.28922170E+02  0.30158129E+02
  0.31365118E+02  0.32542614E+02  0.33691968E+02  0.34812314E+02  0.35905608E+02
  0.36970710E+02  0.38010104E+02  0.39022175E+02  0.40009408E+02  0.40969980E+02
  0.41906379E+02  0.42817030E+02  0.43704254E+02  0.44566721E+02  0.45406345E+02
  0.46222047E+02  0.47015426E+02  0.47785732E+02  0.48534323E+02  0.49260727E+02
  0.49966105E+02  0.50650178E+02  0.51313921E+02  0.51957195E+02  0.52580828E+02
  0.53184805E+02  0.53769851E+02  0.54336093E+02  0.54884152E+02  0.55414238E+02
  0.55926863E+02  0.56422292E+02  0.56900936E+02  0.57363075E+02  0.57809027E+02
  0.58239095E+02  0.58653577E+02  0.59052820E+02  0.59437125E+02  0.59806858E+02
  0.60162324E+02  0.60503892E+02  0.60831860E+02  0.61146601E+02  0.61448382E+02
  0.61737553E+02  0.62014386E+02  0.62279212E+02  0.62532291E+02  0.62773903E+02
  0.63004307E+02  0.63223767E+02  0.63432563E+02  0.63630971E+02  0.63819293E+02
  0.63997799E+02  0.64166782E+02  0.64326473E+02  0.64477086E+02  0.64618813E+02
  0.64751872E+02  0.64876456E+02  0.64992785E+02  0.65101077E+02  0.65201537E+02
  0.65294354E+02  0.65379741E+02  0.65457895E+02  0.65529014E+02  0.65593250E+02
  0.65650791E+02  0.65701793E+02  0.65746426E+02  0.65784810E+02  0.65817113E+02
  0.65843471E+02  0.65864056E+02  0.65878991E+02  0.65888436E+02  0.65892519E+02
  0.65891380E+02  0.65885128E+02  0.65873875E+02  0.65857724E+02  0.65836787E+02
  0.65811191E+02  0.65781063E+02  0.65746548E+02  0.65707770E+02  0.65664837E+02
  0.65617838E+02  0.65566869E+02  0.65512016E+02  0.65453367E+02  0.65391017E+02
  0.65325060E+02  0.65255603E+02  0.65182743E+02  0.65106580E+02  0.65027214E+02
  0.64944742E+02  0.64859232E+02  0.64770752E+02  0.64679364E+02  0.64585123E+02
  0.64488070E+02  0.64388248E+02  0.64285715E+02  0.64180558E+02
  0.10000000E+01  0.29467385E+01  0.48254387E+01  0.66193225E+01  0.83617041E+01
  0.10037038E+02  0.11678636E+02  0.13264113E+02  0.14823645E+02  0.16337173E+02
  0.17827432E+02  0.19278879E+02  0.20705786E+02  0.22098034E+02  0.23463305E+02
  0.24796187E+02  0.26100218E+02  0.27373205E+02  0.28616807E+02  0.29830607E+02
  0.31015684E+02  0.32171822E+02  0.33300183E+02  0.34400222E+02  0.35473729E+02
  0.36520003E+02  0.37541386E+02  0.38536670E+02  0.39508116E+02  0.40454212E+02
  0.41377283E+02  0.42276012E+02  0.43152675E+02  0.44006063E+02  0.44838130E+02
  0.45647756E+02  0.46436690E+02  0.47204055E+02  0.47951439E+02  0.48678184E+02
  0.49385696E+02  0.50073489E+02  0.50742769E+02  0.51393221E+02  0.52025852E+02
  0.52640518E+02  0.53238073E+02  0.53818568E+02  0.54382695E+02  0.54930625E+02
  0.55462883E+02  0.55979717E+02  0.56481500E+02  0.56968492E+02  0.57440956E+02
  0.57899194E+02  0.58343448E+02  0.58774061E+02  0.59191270E+02  0.59595429E+02
  0.59986792E+02  0.60365730E+02  0.60732500E+02  0.61087457E+02  0.61430813E+02
  0.61762880E+02  0.62083886E+02  0.62394130E+02  0.62693828E+02  0.62983205E+02
  0.63262476E+02  0.63531858E+02  0.63791606E+02  0.64041940E+02  0.64283124E+02
  0.64515383E+02  0.64738984E+02  0.64954107E+02  0.65160922E+02  0.65359561E+02
  0.65550218E+02  0.65733055E+02  0.65908273E+02  0.66076039E+02  0.66236542E+02
  0.66389921E+02  0.66536371E+02  0.66676031E+02  0.66809073E+02  0.66935613E+02
  0.67055824E+02  0.67169825E+02  0.67277769E+02  0.67379752E+02  0.67475925E+02
  0.67566395E+02  0.67651307E+02  0.67730762E+02  0.67804894E+02  0.67873814E+02
  0.67937646E+02  0.67996479E+02  0.68050408E+02  0.68099510E+02  0.68143886E+02
  0.68183640E+02  0.68218890E+02  0.68249748E+02  0.68276326E+02  0.68298703E+02
  0.68316960E+02  0.68331168E+02  0.68341414E+02  0.68347784E+02  0.68350370E+02
  0.68349252E+02  0.68344521E+02  0.68336259E+02  0.68324558E+02  0.68309509E+02
  0.68291194E+02  0.68269675E+02  0.68245020E+02  0.68217293E+02  0.68186539E+02
  0.68152785E+02  0.68116067E+02  0.68076431E+02  0.68033949E+02
   128
  0.10000000E+01  0.25444866E+01  0.34883420E+01  0.38230600E+01  0.37464674E+01
  0.34127339E+01  0.29545687E+01  0.24577381E+01  0.19740790E+01  0.15308825E+01
  0.11453793E+01  0.82437193E+00  0.56986684E+00  0.37728936E+00  0.23962460E+00
  0.14637763E+00  0.86766266E-01  0.50764520E-01  0.30695886E-01  0.20566669E-01
  0.16008478E-01  0.13865355E-01  0.12256787E-01  0.10311829E-01  0.78686228E-02
  0.51555765E-02  0.25742654E-02  0.47664757E-03 -0.98287046E-03 -0.18404887E-02
 -0.21714595E-02 -0.20211939E-02 -0.14659651E-02  0.00000000E+00  0.00000000E+00
  0.00000000E+00  0.00000000E+00  0.00000000E+00  0.00000000E+00  0.00000000E+00
  0.00000000E+00  0.00000000E+00  0.00000000E+00  0.00000000E+00  0.00000000E+00
  0.00000000E+00  0.00000000E+00  0.00000000E+00  0.00000000E+00  0.00000000E+00
  0.00000000E+00  0.00000000E+00  0.00000000E+00  0.00000000E+00  0.00000000E+00
  0.00000000E+00  0.00000000E+00  0.00000000E+00  0.00000000E+00  0.00000000E+00
  0.00000000E+00  0.00000000E+00  0.00000000E+00  0.00000000E+00  0.00000000E+00
  0.00000000E+00  0.00000000E+00  0.00000000E+00  0.00000000E+00  0.00000000E+00
  0.00000000E+00  0.00000000E+00  0.00000000E+00  0.00000000E+00  0.00000000E+00
  0.00000000E+00  0.00000000E+00  0.00000000E+00  0.00000000E+00  0.00000000E+00
  0.00000000E+00  0.00000000E+00  0.00000000E+00  0.00000000E+00  0.00000000E+00
  0.00000000E+00  0.00000000E+00  0.00000000E+00  0.00000000E+00  0.00000000E+00
  0.00000000E+00  0.00000000E+00  0.00000000E+00  0.00000000E+00  0.00000000E+00
  0.00000000E+00  0.00000000E+00  0.00000000E+00  0.00000000E+00  0.00000000E+00
  0.00000000E+00  0.00000000E+00  0.00000000E+00  0.00000000E+00  0.00000000E+00
  0.00000000E+00  0.00000000E+00  0.00000000E+00  0.00000000E+00  0.00000000E+00
  0.00000000E+00  0.00000000E+00  0.00000000E+00  0.00000000E+00  0.00000000E+00
  0.00000000E+00  0.00000000E+00  0.00000000E+00  0.00000000E+00  0.00000000E+00
  0.00000000E+00  0.00000000E+00  0.00000000E+00  0.00000000E+00  0.00000000E+00
  0.00000000E+00  0.00000000E+00  0.00000000E+00  0.00000000E+00
  0.10000000E+01  0.26677674E+01  0.39057135E+01  0.46671110E+01  0.50522084E+01
  0.51404312E+01  0.50105615E+01  0.47214887E+01  0.43190787E+01  0.38405064E+01
  0.33241764E+01  0.28025581E+01  0.23061961E+01  0.18549120E+01  0.14621974E+01
  0.11313054E+01  0.86118631E+00  0.64657416E+00  0.48184836E+00  0.35880658E+00
  0.26870815E+00  0.20248110E+00  0.15273996E+00  0.11429551E+00  0.84039053E-01
  0.60189438E-01  0.41674414E-01  0.27686779E-01  0.17500545E-01  0.10431202E-01
  0.58282822E-02  0.31242532E-02  0.17877402E-02  0.13268988E-02  0.13188214E-02
  0.14342691E-02  0.14955175E-02  0.14343457E-02  0.12549841E-02  0.99650097E-03
  0.70347383E-03  0.42024309E-03  0.19158907E-03  0.48831081E-04 -0.26098575E-06
  0.00000000E+00  0.00000000E+00  0.00000000E+00  0.00000000E+00  0.00000000E+00
  0.00000000E+00  0.00000000E+00  0.00000000E+00  0.00000000E+00  0.00000000E+00
  0.00000000E+00  0.00000000E+00  0.00000000E+00  0.00000000E+00  0.00000000E+00
  0.00000000E+00  0.00000000E+00  0.00000000E+00  0.00000000E+00  0.00000000E+00
  0.00000000E+00  0.00000000E+00  0.00000000E+00  0.00000000E+00  0.00000000E+00
  0.00000000E+00  0.00000000E+00  0.00000000E+00  0.00000000E+00  0.00000000E+00
  0.00000000E+00  0.00000000E+00  0.00000000E+00  0.00000000E+00  0.00000000E+00
  0.00000000E+00  0.00000000E+00  0.00000000E+00  0.00000000E+00  0.00000000E+00
  0.00000000E+00  0.00000000E+00  0.00000000E+00  0.00000000E+00  0.00000000E+00
  0.00000000E+00  0.00000000E+00  0.00000000E+00  0.00000000E+00  0.00000000E+00
  0.00000000E+00  0.00000000E+00  0.00000000E+00  0.00000000E+00  0.00000000E+00
  0.00000000E+00  0.00000000E+00  0.00000000E+00  0.00000000E+00  0.00000000E+00
  0.00000000E+00  0.00000000E+00  0.00000000E+00  0.00000000E+00  0.00000000E+00
  0.00000000E+00  0.00000000E+00  0.00000000E+00  0.00000000E+00  0.00000000E+00
  0.00000000E+00  0.00000000E+00  0.00000000E+00  0.00000000E+00  0.00000000E+00
  0.00000000E+00  0.00000000E+00  0.00000000E+00  0.00000000E+00  0.00000000E+00
  0.00000000E+00  0.00000000E+00  0.00000000E+00  0.00000000E+00
  0.10000000E+01  0.27158784E+01  0.40820893E+01  0.50592578E+01  0.57198614E+01
  0.61115464E+01  0.62831048E+01  0.62691853E+01  0.60991507E+01  0.57989118E+01
  0.54002246E+01  0.49339948E+01  0.44341703E+01  0.39276028E+01  0.34373829E+01
  0.29777790E+01  0.25591557E+01  0.21862913E+01  0.18622175E+01  0.15848016E+01
  0.13494209E+01  0.11491330E+01  0.97746347E+00  0.82926872E+00  0.70107625E+00
  0.59052010E+00  0.49568365E+00  0.41487167E+00  0.34641705E+00  0.28873873E+00
  0.24036762E+00  0.19994698E+00  0.16623353E+00  0.13811259E+00  0.11458944E+00
  0.94862401E-01  0.78297591E-01  0.64399031E-01  0.52754701E-01  0.43025204E-01
  0.34927475E-01  0.28250312E-01  0.22787559E-01  0.18379359E-01  0.14859238E-01
  0.12071037E-01  0.98919683E-02  0.81929748E-02  0.68704337E-02  0.58259247E-02
  0.49937051E-02  0.43217365E-02  0.37642978E-02  0.32830578E-02  0.28418611E-02
  0.24304921E-02  0.20388373E-02  0.16653487E-02  0.13151076E-02  0.99516540E-03
  0.71186402E-03  0.48634587E-03  0.33260091E-03  0.22617438E-03  0.15354580E-03
  0.97490436E-04  0.32350935E-04 -0.30577527E-04  0.00000000E+00  0.00000000E+00
  0.00000000E+00  0.00000000E+00  0.00000000E+00  0.00000000E+00  0.00000000E+00
  0.00000000E+00  0.00000000E+00  0.00000000E+00  0.00000000E+00  0.00000000E+00
  0.00000000E+00  0.00000000E+00  0.00000000E+00  0.00000000E+00  0.00000000E+00
  0.00000000E+00  0.00000000E+00  0.00000000E+00  0.00000000E+00  0.00000000E+00
  0.00000000E+00  0.00000000E+00  0.00000000E+00  0.00000000E+00  0.00000000E+00
  0.00000000E+00  0.00000000E+00  0.00000000E+00  0.00000000E+00  0.00000000E+00
  0.00000000E+00  0.00000000E+00  0.00000000E+00  0.00000000E+00  0.00000000E+00
  0.00000000E+00  0.00000000E+00  0.00000000E+00  0.00000000E+00  0.00000000E+00
  0.00000000E+00  0.00000000E+00  0.00000000E+00  0.00000000E+00  0.00000000E+00
  0.00000000E+00  0.00000000E+00  0.00000000E+00  0.00000000E+00  0.00000000E+00
  0.00000000E+00  0.00000000E+00  0.00000000E+00  0.00000000E+00  0.00000000E+00
  0.00000000E+00  0.00000000E+00  0.00000000E+00  0.00000000E+00
  0.10000000E+01  0.27463677E+01  0.41933007E+01  0.53133598E+01  0.61706415E+01
  0.67972782E+01  0.72280840E+01  0.74845186E+01  0.75863058E+01  0.75499156E+01
  0.73963277E+01  0.71464199E+01  0.68248973E+01  0.64529216E+01  0.60507231E+01
  0.56335685E+01  0.52148867E+01  0.48042414E+01  0.44100380E+01  0.40363866E+01
  0.36850290E+01  0.33552577E+01  0.30459243E+01  0.27561303E+01  0.24856093E+01
  0.22344046E+01  0.20024338E+01  0.17894317E+01  0.15947850E+01  0.14177140E+01
  0.12573323E+01  0.11126696E+01  0.98266861E+00  0.86620786E+00  0.76210222E+00
  0.66925396E+00  0.58661558E+00  0.51324965E+00  0.44824698E+00  0.39075266E+00
  0.33999062E+00  0.29522798E+00  0.25582312E+00  0.22116834E+00  0.19071987E+00
  0.16400684E+00  0.14060989E+00  0.12016583E+00  0.10234873E+00  0.86845364E-01
  0.73386815E-01  0.61761040E-01  0.51757884E-01  0.43199689E-01  0.35906321E-01
  0.29687095E-01  0.24389750E-01  0.19886404E-01  0.16101679E-01  0.12946602E-01
  0.10334913E-01  0.82087243E-02  0.65051599E-02  0.51702896E-02  0.41412286E-02
  0.33484829E-02  0.27196783E-02  0.22156073E-02  0.18180794E-02  0.15072037E-02
  0.12620806E-02  0.10594183E-02  0.88563058E-03  0.75900273E-03  0.66514867E-03
  0.59781897E-03  0.52612823E-03  0.45635729E-03  0.39580467E-03  0.34808388E-03
  0.33800503E-03  0.35288353E-03  0.38055988E-03  0.40450100E-03  0.40321875E-03
  0.37475083E-03  0.35123598E-03  0.33363910E-03  0.31309587E-03  0.28983053E-03
  0.22761945E-03  0.13572392E-03  0.38933197E-04 -0.45278666E-04  0.00000000E+00
  0.00000000E+00  0.00000000E+00  0.00000000E+00  0.00000000E+00  0.00000000E+00
  0.00000000E+00  0.00000000E+00  0.00000000E+00  0.00000000E+00  0.00000000E+00
  0.00000000E+00  0.00000000E+00  0.00000000E+00  0.00000000E+00  0.00000000E+00
  0.00000000E+00  0.00000000E+00  0.00000000E+00  0.00000000E+00  0.00000000E+00
  0.00000000E+00  0.00000000E+00  0.00000000E+00  0.00000000E+00  0.00000000E+00
  0.00000000E+00  0.00000000E+00  0.00000000E+00  0.00000000E+00  0.00000000E+00
  0.00000000E+00  0.00000000E+00  0.00000000E+00  0.00000000E+00
  0.10000000E+01  0.27720572E+01  0.42844276E+01  0.55158314E+01  0.65224571E+01
  0.73258359E+01  0.79522332E+01  0.84148267E+01  0.87284584E+01  0.89044748E+01
  0.89586279E+01  0.89061277E+01  0.87658082E+01  0.85541893E+01  0.82878357E+01
  0.79802344E+01  0.76440234E+01  0.72892143E+01  0.69251630E+01  0.65580154E+01
  0.61920846E+01  0.58296600E+01  0.54724825E+01  0.51221900E+01  0.47807475E+01
  0.44500949E+01  0.41318076E+01  0.38272093E+01  0.35370615E+01  0.32618932E+01
  0.30020210E+01  0.27575026E+01  0.25281974E+01  0.23138572E+01  0.21140163E+01
  0.19283098E+01  0.17562338E+01  0.15972327E+01  0.14508091E+01  0.13163710E+01
  0.11932309E+01  0.10806325E+01  0.97785801E+00  0.88405181E+00  0.79848642E+00
  0.72056966E+00  0.64963542E+00  0.58508304E+00  0.52641989E+00  0.47305683E+00
  0.42467987E+00  0.38082502E+00  0.34116307E+00  0.30524927E+00  0.27273184E+00
  0.24327189E+00  0.21661046E+00  0.19251420E+00  0.17077114E+00  0.15121872E+00
  0.13373366E+00  0.11822052E+00  0.10457244E+00  0.92630985E-01  0.82174820E-01
  0.72972096E-01  0.64812533E-01  0.57549957E-01  0.51087959E-01  0.45354159E-01
  0.40271114E-01  0.35765982E-01  0.31756501E-01  0.28160290E-01  0.24951727E-01
  0.22093013E-01  0.19568283E-01  0.17355896E-01  0.15433892E-01  0.13773316E-01
  0.12325909E-01  0.11047139E-01  0.99093951E-02  0.88883947E-02  0.79388404E-02
  0.70671414E-02  0.62765687E-02  0.55440503E-02  0.48740836E-02  0.42597276E-02
  0.37055897E-02  0.32112669E-02  0.27725558E-02  0.23822247E-02  0.20286813E-02
  0.17110534E-02  0.14236184E-02  0.11761954E-02  0.98373532E-03  0.83359496E-03
  0.72151354E-03  0.63838526E-03  0.58101805E-03  0.54848026E-03  0.52281364E-03
  0.48908979E-03  0.42282201E-03  0.33076926E-03  0.22852915E-03  0.12879639E-03
  0.46559193E-04 -0.75079828E-05  0.00000000E+00  0.00000000E+00  0.00000000E+00
  0.00000000E+00  0.00000000E+00  0.00000000E+00  0.00000000E+00  0.00000000E+00
  0.00000000E+00  0.00000000E+00  0.00000000E+00  0.00000000E+00  0.00000000E+00
  0.00000000E+00  0.00000000E+00  0.00000000E+00  0.00000000E+00
  0.10000000E+01  0.27899516E+01  0.43466196E+01  0.56526876E+01  0.67593802E+01
  0.76835093E+01  0.84471362E+01  0.90595269E+01  0.95332017E+01  0.98766504E+01
  0.10102732E+02  0.10223166E+02  0.10253026E+02  0.10205475E+02  0.10093903E+02
  0.99293457E+01  0.97222177E+01  0.94810824E+01  0.92141028E+01  0.89272374E+01
  0.86250946E+01  0.83108226E+01  0.79872375E+01  0.76569077E+01  0.73227261E+01
  0.69875513E+01  0.66537250E+01  0.63235417E+01  0.59986277E+01  0.56804528E+01
  0.53703419E+01  0.50692272E+01  0.47779015E+01  0.44969988E+01  0.42268045E+01
  0.39678449E+01  0.37203126E+01  0.34843133E+01  0.32601773E+01  0.30479538E+01
  0.28474653E+01  0.26584754E+01  0.24808010E+01  0.23138289E+01  0.21571305E+01
  0.20104747E+01  0.18732760E+01  0.17450055E+01  0.16253464E+01  0.15134368E+01
  0.14091453E+01  0.13117844E+01  0.12210745E+01  0.11363914E+01  0.10573434E+01
  0.98347929E+00  0.91449942E+00  0.85015384E+00  0.79021088E+00  0.73444498E+00
  0.68261706E+00  0.63452315E+00  0.58997009E+00  0.54869738E+00  0.51045345E+00
  0.47488234E+00  0.44171180E+00  0.41070429E+00  0.38176123E+00  0.35479248E+00
  0.32974053E+00  0.30650267E+00  0.28489609E+00  0.26477566E+00  0.24600979E+00
  0.22852724E+00  0.21227351E+00  0.19719475E+00  0.18317094E+00  0.17010766E+00
  0.15790718E+00  0.14650834E+00  0.13588276E+00  0.12600716E+00  0.11684100E+00
  0.10832695E+00  0.10042554E+00  0.93072737E-01  0.86214969E-01  0.79826728E-01
  0.73868727E-01  0.68312007E-01  0.63127385E-01  0.58304003E-01  0.53818591E-01
  0.49656692E-01  0.45817845E-01  0.42302843E-01  0.39089113E-01  0.36141851E-01
  0.33416026E-01  0.30893693E-01  0.28556258E-01  0.26391008E-01  0.24388259E-01
  0.22518258E-01  0.20760055E-01  0.19120318E-01  0.17604976E-01  0.16223807E-01
  0.14975609E-01  0.13832104E-01  0.12772774E-01  0.11779352E-01  0.10851768E-01
  0.99961029E-02  0.91893944E-02  0.84235663E-02  0.77048992E-02  0.70366891E-02
  0.64415442E-02  0.59077924E-02  0.54361863E-02  0.50201942E-02  0.46425666E-02
  0.43047355E-02  0.40089448E-02  0.37297117E-02  0.34525151E-02
  0.10000000E+01  0.28139536E+01  0.44300626E+01  0.58360611E+01  0.70758945E+01
  0.81604761E+01  0.91061994E+01  0.99175714E+01  0.10604208E+02  0.11171215E+02
  0.11628082E+02  0.11982404E+02  0.12244869E+02  0.12424609E+02  0.12531253E+02
  0.12572770E+02  0.12556749E+02  0.12489696E+02  0.12378001E+02  0.12226943E+02
  0.12041069E+02  0.11824135E+02  0.11579853E+02  0.11311537E+02  0.11022841E+02
  0.10717397E+02  0.10398195E+02  0.10068441E+02  0.97306455E+01  0.93872685E+01
  0.90407262E+01  0.86929574E+01  0.83458241E+01  0.80010392E+01  0.76598997E+01
  0.73240685E+01  0.69946999E+01  0.66727905E+01  0.63597229E+01  0.60563953E+01
  0.57633012E+01  0.54809065E+01  0.52097333E+01  0.49495792E+01  0.47004434E+01
  0.44626523E+01  0.42358806E+01  0.40198035E+01  0.38144964E+01  0.36189665E+01
  0.34334341E+01  0.32571415E+01  0.30899838E+01  0.29312387E+01  0.27805021E+01
  0.26372422E+01  0.25011443E+01  0.23719725E+01  0.22494228E+01  0.21332270E+01
  0.20230942E+01  0.19187638E+01  0.18200092E+01  0.17265061E+01  0.16379464E+01
  0.15538678E+01  0.14739368E+01  0.13978036E+01  0.13253352E+01  0.12564371E+01
  0.11910409E+01  0.11289534E+01  0.10699505E+01  0.10138210E+01  0.96039074E+00
  0.90961143E+00  0.86140373E+00  0.81570498E+00  0.77233794E+00  0.73115791E+00
  0.69201251E+00  0.65479648E+00  0.61944005E+00  0.58585968E+00  0.55399786E+00
  0.52376433E+00  0.49508240E+00  0.46788837E+00  0.44210835E+00  0.41767935E+00
  0.39452500E+00  0.37258313E+00  0.35180496E+00  0.33213139E+00  0.31352043E+00
  0.29591223E+00  0.27923850E+00  0.26344498E+00  0.24849035E+00  0.23434621E+00
  0.22097191E+00  0.20832953E+00  0.19638841E+00  0.18510656E+00  0.17444677E+00
  0.16437779E+00  0.15488345E+00  0.14592397E+00  0.13746162E+00  0.12946634E+00
  0.12189882E+00  0.11474774E+00  0.10798511E+00  0.10159317E+00  0.95566177E-01
  0.89902913E-01  0.84589019E-01  0.79607639E-01  0.74929704E-01  0.70524192E-01
  0.66371375E-01  0.62465133E-01  0.58796930E-01  0.55334413E-01  0.52067843E-01
  0.48967523E-01  0.46026420E-01  0.43248101E-01  0.40644275E-01
  0.10000000E+01  0.28318521E+01  0.44919323E+01  0.59718368E+01  0.73103608E+01
  0.85153322E+01  0.95997848E+01  0.10565495E+02  0.11420511E+02  0.12167588E+02
  0.12814277E+02  0.13365322E+02  0.13828741E+02  0.14210814E+02  0.14518625E+02
  0.14757659E+02  0.14933187E+02  0.15049706E+02  0.15111753E+02  0.15123405E+02
  0.15088376E+02  0.15010048E+02  0.14891988E+02  0.14737351E+02  0.14549690E+02
  0.14332596E+02  0.14089019E+02  0.13822340E+02  0.13535297E+02  0.13230721E+02
  0.12911505E+02  0.12580074E+02  0.12238871E+02  0.11890262E+02  0.11536165E+02
  0.11179005E+02  0.10820619E+02  0.10462676E+02  0.10107393E+02  0.97563740E+01
  0.94107231E+01  0.90715849E+01  0.87401614E+01  0.84167493E+01  0.81019069E+01
  0.77965514E+01  0.75007458E+01  0.72145780E+01  0.69385860E+01  0.66719253E+01
  0.64152403E+01  0.61679088E+01  0.59300895E+01  0.57011767E+01  0.54809323E+01
  0.52689117E+01  0.50649128E+01  0.48687860E+01  0.46802565E+01  0.44990867E+01
  0.43250149E+01  0.41577983E+01  0.39972183E+01  0.38429756E+01  0.36947629E+01
  0.35521204E+01  0.34147589E+01  0.32823139E+01  0.31546915E+01  0.30317880E+01
  0.29135471E+01  0.27997669E+01  0.26902027E+01  0.25846258E+01  0.24828771E+01
  0.23849077E+01  0.22906364E+01  0.21999822E+01  0.21127521E+01  0.20288131E+01
  0.19479784E+01  0.18701368E+01  0.17952007E+01  0.17230951E+01  0.16537510E+01
  0.15870811E+01  0.15229779E+01  0.14613467E+01  0.14020846E+01  0.13451152E+01
  0.12903709E+01  0.12377676E+01  0.11872386E+01  0.11386994E+01  0.10920752E+01
  0.10472920E+01  0.10042903E+01  0.96300621E+00  0.92337133E+00  0.88531884E+00
  0.84880023E+00  0.81375654E+00  0.78013556E+00  0.74789551E+00  0.71696961E+00
  0.68730660E+00  0.65884393E+00  0.63154557E+00  0.60538051E+00  0.58028896E+00
  0.55622301E+00  0.53312764E+00  0.51095649E+00  0.48968811E+00  0.46928581E+00
  0.44972454E+00  0.43095899E+00  0.41294181E+00  0.39564297E+00  0.37904603E+00
  0.36314525E+00  0.34791780E+00  0.33333613E+00  0.31936600E+00  0.30598096E+00
  0.29316390E+00  0.28087929E+00  0.26910316E+00  0.25781850E+00
  0.10000000E+01  0.28473784E+01  0.45454412E+01  0.60890858E+01  0.75127809E+01
  0.88222102E+01  0.10027945E+02  0.11129748E+02  0.12134672E+02  0.13043503E+02
  0.13862515E+02  0.14594129E+02  0.15244549E+02  0.15817779E+02  0.16319091E+02
  0.16751949E+02  0.17119836E+02  0.17425477E+02  0.17671776E+02  0.17861533E+02
  0.17997436E+02  0.18082128E+02  0.18118574E+02  0.18109364E+02  0.18057514E+02
  0.17966173E+02  0.17837899E+02  0.17675829E+02  0.17482566E+02  0.17260892E+02
  0.17013755E+02  0.16743702E+02  0.16453415E+02  0.16145567E+02  0.15822447E+02
  0.15486902E+02  0.15141200E+02  0.14787486E+02  0.14428532E+02  0.14066483E+02
  0.13702960E+02  0.13339684E+02  0.12978433E+02  0.12620024E+02  0.12265543E+02
  0.11916441E+02  0.11573236E+02  0.11236464E+02  0.10907123E+02  0.10584704E+02
  0.10270249E+02  0.99634322E+01  0.96647422E+01  0.93738220E+01  0.90906898E+01
  0.88151257E+01  0.85471295E+01  0.82867256E+01  0.80337772E+01  0.77881481E+01
  0.75496699E+01  0.73181945E+01  0.70935656E+01  0.68755381E+01  0.66639165E+01
  0.64582861E+01  0.62584342E+01  0.60640302E+01  0.58750252E+01  0.56913704E+01
  0.55130538E+01  0.53399099E+01  0.51717152E+01  0.50082631E+01  0.48494254E+01
  0.46951939E+01  0.45455115E+01  0.44003141E+01  0.42594036E+01  0.41226451E+01
  0.39898705E+01  0.38609701E+01  0.37358521E+01  0.36144574E+01  0.34967099E+01
  0.33825451E+01  0.32718697E+01  0.31645779E+01  0.30605646E+01  0.29597296E+01
  0.28620026E+01  0.27673076E+01  0.26755919E+01  0.25867859E+01  0.25007963E+01
  0.24175280E+01  0.23368914E+01  0.22588131E+01  0.21832407E+01  0.21101316E+01
  0.20393747E+01  0.19708938E+01  0.19046279E+01  0.18405089E+01  0.17784781E+01
  0.17184747E+01  0.16604421E+01  0.16043079E+01  0.15500141E+01  0.14975274E+01
  0.14467560E+01  0.13976510E+01  0.13501554E+01  0.13042086E+01  0.12597710E+01
  0.12167941E+01  0.11752495E+01  0.11350828E+01  0.10962352E+01  0.10586646E+01
  0.10223285E+01  0.98720772E+00  0.95329345E+00  0.92055822E+00  0.88895146E+00
  0.85841182E+00  0.82891322E+00  0.80042407E+00  0.77294031E+00
  0.10000000E+01  0.28592385E+01  0.45864269E+01  0.61790518E+01  0.76688522E+01
  0.90601229E+01  0.10362167E+02  0.11573282E+02  0.12700277E+02  0.13742332E+02
  0.14705226E+02  0.15589521E+02  0.16400493E+02  0.17140318E+02  0.17813263E+02
  0.18421366E+02  0.18967154E+02  0.19452200E+02  0.19878418E+02  0.20247607E+02
  0.20561589E+02  0.20822221E+02  0.21031674E+02  0.21191855E+02  0.21305015E+02
  0.21373583E+02  0.21399479E+02  0.21385213E+02  0.21332898E+02  0.21244866E+02
  0.21123647E+02  0.20971485E+02  0.20790802E+02  0.20584064E+02  0.20353490E+02
  0.20101810E+02  0.19831316E+02  0.19544228E+02  0.19243345E+02  0.18930931E+02
  0.18608820E+02  0.18278988E+02  0.17943454E+02  0.17603444E+02  0.17260395E+02
  0.16916033E+02  0.16571292E+02  0.16227115E+02  0.15884861E+02  0.15544553E+02
  0.15207537E+02  0.14873940E+02  0.14544560E+02  0.14219445E+02  0.13898933E+02
  0.13583143E+02  0.13272384E+02  0.12966922E+02  0.12666830E+02  0.12372189E+02
  0.12083023E+02  0.11799338E+02  0.11521139E+02  0.11248335E+02  0.10980883E+02
  0.10718555E+02  0.10461268E+02  0.10208796E+02  0.99611740E+01  0.97184347E+01
  0.94806533E+01  0.92477643E+01  0.90196106E+01  0.87960579E+01  0.85770378E+01
  0.83626066E+01  0.81527498E+01  0.79474460E+01  0.77465650E+01  0.75500098E+01
  0.73576686E+01  0.71694859E+01  0.69853935E+01  0.68053628E+01  0.66293593E+01
  0.64573423E+01  0.62892680E+01  0.61250498E+01  0.59646216E+01  0.58079207E+01
  0.56548778E+01  0.55054348E+01  0.53595487E+01  0.52171825E+01  0.50782731E+01
  0.49427481E+01  0.48105258E+01  0.46815314E+01  0.45557131E+01  0.44330463E+01
  0.43134527E+01  0.41968709E+01  0.40832347E+01  0.39724806E+01  0.38645607E+01
  0.37594101E+01  0.36569776E+01  0.35571938E+01  0.34600133E+01  0.33653739E+01
  0.32732048E+01  0.31834382E+01  0.30960101E+01  0.30108961E+01  0.29280425E+01
  0.28474136E+01  0.27689677E+01  0.26926337E+01  0.26183405E+01  0.25460434E+01
  0.24757222E+01  0.24073391E+01  0.23408595E+01  0.22762204E+01  0.22133473E+01
  0.21521874E+01  0.20926878E+01  0.20348289E+01  0.19785960E+01
  0.10000000E+01  0.28693063E+01  0.46214278E+01  0.62558795E+01  0.78023998E+01
  0.92638382E+01  0.10648671E+02  0.11953753E+02  0.13185920E+02  0.14342867E+02
  0.15430172E+02  0.16446767E+02  0.17397280E+02  0.18282285E+02  0.19105318E+02
  0.19867224E+02  0.20569898E+02  0.21214062E+02  0.21800962E+02  0.22331678E+02
  0.22807410E+02  0.23229421E+02  0.23599233E+02  0.23918208E+02  0.24187956E+02
  0.24410269E+02  0.24586548E+02  0.24718709E+02  0.24808397E+02  0.24857486E+02
  0.24868017E+02  0.24841869E+02  0.24781109E+02  0.24687878E+02  0.24564169E+02
  0.24412436E+02  0.24234817E+02  0.24033418E+02  0.23810857E+02  0.23569339E+02
  0.23310746E+02  0.23037105E+02  0.22750499E+02  0.22452389E+02  0.22144401E+02
  0.21828406E+02  0.21505639E+02  0.21177350E+02  0.20845108E+02  0.20509407E+02
  0.20171781E+02  0.19832784E+02  0.19493460E+02  0.19154267E+02  0.18815856E+02
  0.18478687E+02  0.18143305E+02  0.17810237E+02  0.17479799E+02  0.17152293E+02
  0.16827976E+02  0.16507052E+02  0.16189686E+02  0.15875955E+02  0.15565984E+02
  0.15259739E+02  0.14957304E+02  0.14658600E+02  0.14363750E+02  0.14072867E+02
  0.13786083E+02  0.13503431E+02  0.13224839E+02  0.12950245E+02  0.12679655E+02
  0.12413177E+02  0.12150846E+02  0.11892676E+02  0.11638609E+02  0.11388601E+02
  0.11142595E+02  0.10900580E+02  0.10662524E+02  0.10428424E+02  0.10198299E+02
  0.99721552E+01  0.97499820E+01  0.95317363E+01  0.93173789E+01  0.91068646E+01
  0.89001645E+01  0.86972689E+01  0.84981779E+01  0.83028759E+01  0.81113435E+01
  0.79235103E+01  0.77393145E+01  0.75587138E+01  0.73816920E+01  0.72082405E+01
  0.70383229E+01  0.68718653E+01  0.67088161E+01  0.65491419E+01  0.63928120E+01
  0.62397894E+01  0.60900201E+01  0.59434476E+01  0.58000431E+01  0.56597546E+01
  0.55225283E+01  0.53882947E+01  0.52570119E+01  0.51286502E+01  0.50031533E+01
  0.48805107E+01  0.47606746E+01  0.46435824E+01  0.45291752E+01  0.44173829E+01
  0.43081711E+01  0.42015225E+01  0.40974036E+01  0.39957760E+01  0.38965707E+01
  0.37997213E+01  0.37051762E+01  0.36129088E+01  0.35228744E+01
  0.10000000E+01  0.28745486E+01  0.46401609E+01  0.62971861E+01  0.78750304E+01
  0.93756563E+01  0.10807606E+02  0.12166807E+02  0.13460470E+02  0.14685428E+02
  0.15847525E+02  0.16944872E+02  0.17982060E+02  0.18958822E+02  0.19878484E+02
  0.20741351E+02  0.21549228E+02  0.22302555E+02  0.23002465E+02  0.23649788E+02
  0.24245477E+02  0.24790537E+02  0.25286128E+02  0.25733340E+02  0.26133411E+02
  0.26487752E+02  0.26797447E+02  0.27064006E+02  0.27288702E+02  0.27473013E+02
  0.27618536E+02  0.27726747E+02  0.27799288E+02  0.27837867E+02  0.27844104E+02
  0.27819960E+02  0.27767184E+02  0.27687520E+02  0.27583107E+02  0.27455775E+02
  0.27307170E+02  0.27139040E+02  0.26953176E+02  0.26750923E+02  0.26533768E+02
  0.26303375E+02  0.26060966E+02  0.25807780E+02  0.25545306E+02  0.25274248E+02
  0.24996059E+02  0.24711460E+02  0.24421539E+02  0.24126958E+02  0.23828528E+02
  0.23526906E+02  0.23222819E+02  0.22916932E+02  0.22609758E+02  0.22301799E+02
  0.21993501E+02  0.21685267E+02  0.21377447E+02  0.21070297E+02  0.20764103E+02
  0.20459027E+02  0.20155299E+02  0.19853038E+02  0.19552470E+02  0.19253809E+02
  0.18957273E+02  0.18662977E+02  0.18370968E+02  0.18081295E+02  0.17794063E+02
  0.17509424E+02  0.17227488E+02  0.16948318E+02  0.16671919E+02  0.16398316E+02
  0.16127530E+02  0.15859610E+02  0.15594572E+02  0.15332450E+02  0.15073282E+02
  0.14817103E+02  0.14563936E+02  0.14313793E+02  0.14066673E+02  0.13822564E+02
  0.13581472E+02  0.13343415E+02  0.13108406E+02  0.12876491E+02  0.12647679E+02
  0.12421946E+02  0.12199262E+02  0.11979611E+02  0.11763007E+02  0.11549481E+02
  0.11339036E+02  0.11131646E+02  0.10927309E+02  0.10726009E+02  0.10527719E+02
  0.10332431E+02  0.10140143E+02  0.99508483E+01  0.97645209E+01  0.95811648E+01
  0.94007262E+01  0.92231518E+01  0.90484318E+01  0.88765356E+01  0.87074841E+01
  0.85412721E+01  0.83778855E+01  0.82172746E+01  0.80593803E+01  0.79041852E+01
  0.77516606E+01  0.76018168E+01  0.74546478E+01  0.73101159E+01  0.71681554E+01
  0.70286983E+01  0.68917363E+01  0.67572590E+01  0.66252605E+01
  0.10000000E+01  0.28797598E+01  0.46587454E+01  0.63381668E+01  0.79469019E+01
  0.94860626E+01  0.10964012E+02  0.12375851E+02  0.13728943E+02  0.15019371E+02
  0.16253063E+02  0.17427395E+02  0.18546773E+02  0.19610193E+02  0.20620702E+02
  0.21578098E+02  0.22484009E+02  0.23338591E+02  0.24142800E+02  0.24897223E+02
  0.25602597E+02  0.26259716E+02  0.26869444E+02  0.27432664E+02  0.27950304E+02
  0.28423488E+02  0.28853037E+02  0.29240158E+02  0.29585852E+02  0.29891292E+02
  0.30157755E+02  0.30386427E+02  0.30578622E+02  0.30735722E+02  0.30859060E+02
  0.30950224E+02  0.31010682E+02  0.31041882E+02  0.31045598E+02  0.31023380E+02
  0.30976636E+02  0.30906867E+02  0.30815633E+02  0.30704150E+02  0.30573776E+02
  0.30425996E+02  0.30261971E+02  0.30082897E+02  0.29890169E+02  0.29684591E+02
  0.29467535E+02  0.29239833E+02  0.29002594E+02  0.28756593E+02  0.28502724E+02
  0.28241762E+02  0.27974535E+02  0.27701823E+02  0.27424291E+02  0.27142567E+02
  0.26857245E+02  0.26568858E+02  0.26277881E+02  0.25984725E+02  0.25689835E+02
  0.25393539E+02  0.25096205E+02  0.24798100E+02  0.24499568E+02  0.24200907E+02
  0.23902438E+02  0.23604401E+02  0.23306956E+02  0.23010252E+02  0.22714466E+02
  0.22419816E+02  0.22126456E+02  0.21834528E+02  0.21544108E+02  0.21255306E+02
  0.20968202E+02  0.20682871E+02  0.20399370E+02  0.20117757E+02  0.19838121E+02
  0.19560540E+02  0.19285071E+02  0.19011763E+02  0.18740630E+02  0.18471696E+02
  0.18205001E+02  0.17940575E+02  0.17678458E+02  0.17418726E+02  0.17161403E+02
  0.16906482E+02  0.16653966E+02  0.16403871E+02  0.16156255E+02  0.15911156E+02
  0.15668601E+02  0.15428573E+02  0.15191066E+02  0.14956105E+02  0.14723706E+02
  0.14493900E+02  0.14266700E+02  0.14042113E+02  0.13820130E+02  0.13600752E+02
  0.13383965E+02  0.13169748E+02  0.12958132E+02  0.12749142E+02  0.12542788E+02
  0.12339062E+02  0.12137965E+02  0.11939486E+02  0.11743593E+02  0.11550284E+02
  0.11359564E+02  0.11171462E+02  0.10985990E+02  0.10803107E+02  0.10622760E+02
  0.10444946E+02  0.10269637E+02  0.10096842E+02  0.99265793E+01
  0.10000000E+01  0.28822526E+01  0.46680179E+01  0.63587917E+01  0.79836306E+01
  0.95432349E+01  0.11046143E+02  0.12487031E+02  0.13873466E+02  0.15201196E+02
  0.16476323E+02  0.17695979E+02  0.18864628E+02  0.19981030E+02  0.21048194E+02
  0.22065787E+02  0.23035422E+02  0.23957229E+02  0.24832126E+02  0.25660680E+02
  0.26443525E+02  0.27181412E+02  0.27875056E+02  0.28525289E+02  0.29132876E+02
  0.29698833E+02  0.30223844E+02  0.30708972E+02  0.31155051E+02  0.31563091E+02
  0.31934153E+02  0.32269222E+02  0.32569398E+02  0.32835820E+02  0.33069611E+02
  0.33272075E+02  0.33444449E+02  0.33587911E+02  0.33703948E+02  0.33793810E+02
  0.33858686E+02  0.33899814E+02  0.33918520E+02  0.33915806E+02  0.33892833E+02
  0.33850840E+02  0.33790832E+02  0.33713804E+02  0.33620975E+02  0.33513044E+02
  0.33391223E+02  0.33256247E+02  0.33109102E+02  0.32950494E+02  0.32781231E+02
  0.32602064E+02  0.32413768E+02  0.32217107E+02  0.32012737E+02  0.31801295E+02
  0.31583385E+02  0.31359564E+02  0.31130348E+02  0.30896199E+02  0.30657609E+02
  0.30414984E+02  0.30168730E+02  0.29919189E+02  0.29666762E+02  0.29411822E+02
  0.29154736E+02  0.28895808E+02  0.28635273E+02  0.28373340E+02  0.28110247E+02
  0.27846283E+02  0.27581678E+02  0.27316632E+02  0.27051287E+02  0.26785794E+02
  0.26520286E+02  0.26254888E+02  0.25989727E+02  0.25724911E+02  0.25460572E+02
  0.25196812E+02  0.24933735E+02  0.24671413E+02  0.24409892E+02  0.24149244E+02
  0.23889543E+02  0.23630863E+02  0.23373277E+02  0.23116875E+02  0.22861723E+02
  0.22607847E+02  0.22355274E+02  0.22104051E+02  0.21854253E+02  0.21605943E+02
  0.21359166E+02  0.21113931E+02  0.20870275E+02  0.20628237E+02  0.20387835E+02
  0.20149111E+02  0.19912099E+02  0.19676810E+02  0.19443280E+02  0.19211530E+02
  0.18981565E+02  0.18753399E+02  0.18527040E+02  0.18302532E+02  0.18079905E+02
  0.17859179E+02  0.17640379E+02  0.17423508E+02  0.17208551E+02  0.16995518E+02
  0.16784423E+02  0.16575309E+02  0.16368202E+02  0.16163093E+02  0.15959962E+02
  0.15758792E+02  0.15559591E+02  0.15362385E+02  0.15167198E+02
  0.10000000E+01  0.28854893E+01  0.46797841E+01  0.63848110E+01  0.80295048E+01
  0.96139578E+01  0.11146709E+02  0.12621864E+02  0.14047124E+02  0.15417767E+02
  0.16739996E+02  0.18010549E+02  0.19233845E+02  0.20408283E+02  0.21536745E+02
  0.22618670E+02  0.23655574E+02  0.24647492E+02  0.25595235E+02  0.26499313E+02
  0.27360223E+02  0.28178660E+02  0.28955160E+02  0.29690494E+02  0.30385227E+02
  0.31040271E+02  0.31656150E+02  0.32233794E+02  0.32773874E+02  0.33277250E+02
  0.33744781E+02  0.34177288E+02  0.34575682E+02  0.34940903E+02  0.35273904E+02
  0.35575755E+02  0.35847513E+02  0.36090147E+02  0.36304911E+02  0.36492836E+02
  0.36654961E+02  0.36792308E+02  0.36906031E+02  0.36996975E+02  0.37066170E+02
  0.37114659E+02  0.37143351E+02  0.37153125E+02  0.37145064E+02  0.37119815E+02
  0.37078475E+02  0.37021733E+02  0.36950506E+02  0.36865476E+02  0.36767427E+02
  0.36657082E+02  0.36535206E+02  0.36402530E+02  0.36259724E+02  0.36107437E+02
  0.35946290E+02  0.35776884E+02  0.35599750E+02  0.35415406E+02  0.35224370E+02
  0.35027088E+02  0.34824032E+02  0.34615592E+02  0.34402224E+02  0.34184352E+02
  0.33962392E+02  0.33736691E+02  0.33507539E+02  0.33275238E+02  0.33040078E+02
  0.32802370E+02  0.32562408E+02  0.32320446E+02  0.32076664E+02  0.31831262E+02
  0.31584441E+02  0.31336358E+02  0.31087176E+02  0.30837041E+02  0.30586102E+02
  0.30334502E+02  0.30082351E+02  0.29829770E+02  0.29576862E+02  0.29323714E+02
  0.29070444E+02  0.28817140E+02  0.28563895E+02  0.28310824E+02  0.28058012E+02
  0.27805523E+02  0.27553411E+02  0.27301760E+02  0.27050654E+02  0.26800169E+02
  0.26550358E+02  0.26301280E+02  0.26052978E+02  0.25805504E+02  0.25558909E+02
  0.25313256E+02  0.25068583E+02  0.24824921E+02  0.24582334E+02  0.24340853E+02
  0.24100498E+02  0.23861286E+02  0.23623248E+02  0.23386438E+02  0.23150894E+02
  0.22916654E+02  0.22683772E+02  0.22452256E+02  0.22222118E+02  0.21993386E+02
  0.21766073E+02  0.21540240E+02  0.21315914E+02  0.21093099E+02  0.20871798E+02
  0.20652015E+02  0.20433760E+02  0.20217069E+02  0.20001987E+02
  0.10000000E+01  0.28873328E+01  0.46868761E+01  0.64006597E+01  0.80579855E+01
  0.96584795E+01  0.11211012E+02  0.12709197E+02  0.14161032E+02  0.15561420E+02
  0.16916801E+02  0.18223685E+02  0.19486594E+02  0.20703792E+02  0.21878125E+02
  0.23009012E+02  0.24097889E+02  0.25144849E+02  0.26150597E+02  0.27115713E+02
  0.28040544E+02  0.28925859E+02  0.29771999E+02  0.30579814E+02  0.31349678E+02
  0.32082530E+02  0.32778752E+02  0.33439253E+02  0.34064541E+02  0.34655434E+02
  0.35212628E+02  0.35736874E+02  0.36228942E+02  0.36689634E+02  0.37119773E+02
  0.37520251E+02  0.37891986E+02  0.38235759E+02  0.38552680E+02  0.38843573E+02
  0.39109365E+02  0.39350860E+02  0.39569073E+02  0.39764655E+02  0.39938524E+02
  0.40091507E+02  0.40224405E+02  0.40337914E+02  0.40432984E+02  0.40510126E+02
  0.40570289E+02  0.40614037E+02  0.40642171E+02  0.40655257E+02  0.40653984E+02
  0.40638954E+02  0.40610861E+02  0.40570350E+02  0.40518019E+02  0.40454470E+02
  0.40380251E+02  0.40295916E+02  0.40201952E+02  0.40098852E+02  0.39987113E+02
  0.39867187E+02  0.39739531E+02  0.39604538E+02  0.39462649E+02  0.39314298E+02
  0.39159892E+02  0.38999806E+02  0.38834371E+02  0.38663900E+02  0.38488708E+02
  0.38309136E+02  0.38125496E+02  0.37938060E+02  0.37747077E+02  0.37552774E+02
  0.37355363E+02  0.37155066E+02  0.36952079E+02  0.36746567E+02  0.36538734E+02
  0.36328744E+02  0.36116747E+02  0.35902900E+02  0.35687317E+02  0.35470136E+02
  0.35251477E+02  0.35031463E+02  0.34810227E+02  0.34587898E+02  0.34364590E+02
  0.34140386E+02  0.33915362E+02  0.33689609E+02  0.33463239E+02  0.33236328E+02
  0.33008957E+02  0.32781202E+02  0.32553123E+02  0.32324805E+02  0.32096326E+02
  0.31867736E+02  0.31639101E+02  0.31410495E+02  0.31181956E+02  0.30953533E+02
  0.30725272E+02  0.30497220E+02  0.30269426E+02  0.30041950E+02  0.29814844E+02
  0.29588129E+02  0.29361864E+02  0.29136096E+02  0.28910848E+02  0.28686155E+02
  0.28462053E+02  0.28238588E+02  0.28015787E+02  0.27793664E+02  0.27572241E+02
  0.27351560E+02  0.27131651E+02  0.26912579E+02  0.26694395E+02
  0.10000000E+01  0.28890789E+01  0.46934522E+01  0.64152684E+01  0.80840094E+01
  0.96987836E+01  0.11268698E+02  0.12786855E+02  0.14261513E+02  0.15687174E+02
  0.17070440E+02  0.18407560E+02  0.19703072E+02  0.20955070E+02  0.22166323E+02
  0.23336193E+02  0.24465993E+02  0.25555843E+02  0.26606303E+02  0.27618000E+02
  0.28591134E+02  0.29526527E+02  0.30424367E+02  0.31285543E+02  0.32110287E+02
  0.32899548E+02  0.33653582E+02  0.34373313E+02  0.35059143E+02  0.35711857E+02
  0.36332036E+02  0.36920384E+02  0.37477562E+02  0.38004316E+02  0.38501388E+02
  0.38969577E+02  0.39409739E+02  0.39822544E+02  0.40209023E+02  0.40569877E+02
  0.40905989E+02  0.41218049E+02  0.41507019E+02  0.41773442E+02  0.42018187E+02
  0.42241950E+02  0.42445501E+02  0.42629435E+02  0.42794650E+02  0.42941580E+02
  0.43071107E+02  0.43183718E+02  0.43280159E+02  0.43360935E+02  0.43426680E+02
  0.43477965E+02  0.43515416E+02  0.43539625E+02  0.43551146E+02  0.43550527E+02
  0.43538283E+02  0.43514928E+02  0.43480941E+02  0.43436779E+02  0.43382903E+02
  0.43319750E+02  0.43247732E+02  0.43167257E+02  0.43078755E+02  0.42982647E+02
  0.42879341E+02  0.42769194E+02  0.42652525E+02  0.42529643E+02  0.42400873E+02
  0.42266568E+02  0.42127047E+02  0.41982596E+02  0.41833474E+02  0.41679897E+02
  0.41522098E+02  0.41360316E+02  0.41194764E+02  0.41025645E+02  0.40853154E+02
  0.40677478E+02  0.40498786E+02  0.40317227E+02  0.40132942E+02  0.39946082E+02
  0.39756801E+02  0.39565249E+02  0.39371563E+02  0.39175874E+02  0.38978320E+02
  0.38778995E+02  0.38578001E+02  0.38375449E+02  0.38171456E+02  0.37966129E+02
  0.37759560E+02  0.37551831E+02  0.37343027E+02  0.37133241E+02  0.36922553E+02
  0.36711032E+02  0.36498756E+02  0.36285790E+02  0.36072208E+02  0.35858092E+02
  0.35643475E+02  0.35428407E+02  0.35212944E+02  0.34997146E+02  0.34781067E+02
  0.34564768E+02  0.34348324E+02  0.34131778E+02  0.33915167E+02  0.33698528E+02
  0.33481895E+02  0.33265312E+02  0.33048848E+02  0.32832536E+02  0.32616390E+02
  0.32400453E+02  0.32184748E+02  0.31969332E+02  0.31754271E+02
  0.10000000E+01  0.28900736E+01  0.46975400E+01  0.64244754E+01  0.81008447E+01
  0.97252576E+01  0.11307283E+02  0.12839506E+02  0.14330564E+02  0.15774579E+02
  0.17178410E+02  0.18538115E+02  0.19858330E+02  0.21137125E+02  0.22377208E+02
  0.23578022E+02  0.24740740E+02  0.25865630E+02  0.26953059E+02  0.28003833E+02
  0.29017936E+02  0.29996378E+02  0.30939132E+02  0.31847239E+02  0.32720729E+02
  0.33560677E+02  0.34367161E+02  0.35141194E+02  0.35883019E+02  0.36593491E+02
  0.37273061E+02  0.37922453E+02  0.38542232E+02  0.39133094E+02  0.39695711E+02
  0.40230813E+02  0.40739205E+02  0.41221463E+02  0.41678561E+02  0.42111094E+02
  0.42519902E+02  0.42905546E+02  0.43268957E+02  0.43610553E+02  0.43931173E+02
  0.44231386E+02  0.44511926E+02  0.44773242E+02  0.45016196E+02  0.45241100E+02
  0.45448781E+02  0.45639640E+02  0.45814373E+02  0.45973390E+02  0.46117282E+02
  0.46246512E+02  0.46361658E+02  0.46463220E+02  0.46551702E+02  0.46627588E+02
  0.46691342E+02  0.46743438E+02  0.46784275E+02  0.46814276E+02  0.46833864E+02
  0.46843423E+02  0.46843322E+02  0.46833941E+02  0.46815654E+02  0.46788860E+02
  0.46753936E+02  0.46711209E+02  0.46660988E+02  0.46603565E+02  0.46539253E+02
  0.46468380E+02  0.46391253E+02  0.46308155E+02  0.46219323E+02  0.46124985E+02
  0.46025376E+02  0.45920724E+02  0.45811236E+02  0.45697131E+02  0.45578608E+02
  0.45455863E+02  0.45329063E+02  0.45198371E+02  0.45063947E+02  0.44925933E+02
  0.44784501E+02  0.44639803E+02  0.44491991E+02  0.44341216E+02  0.44187619E+02
  0.44031307E+02  0.43872371E+02  0.43710952E+02  0.43547159E+02  0.43381118E+02
  0.43212941E+02  0.43042735E+02  0.42870588E+02  0.42696597E+02  0.42520823E+02
  0.42343347E+02  0.42164264E+02  0.41983668E+02  0.41801649E+02  0.41618274E+02
  0.41433616E+02  0.41247724E+02  0.41060649E+02  0.40872464E+02  0.40683251E+02
  0.40493086E+02  0.40302048E+02  0.40110194E+02  0.39917561E+02  0.39724173E+02
  0.39530086E+02  0.39335348E+02  0.39140036E+02  0.38944178E+02  0.38747815E+02
  0.38550979E+02  0.38353704E+02  0.38156071E+02  0.37958144E+02
  0.10000000E+01  0.28924041E+01  0.47061475E+01  0.64435194E+01  0.81345237E+01
  0.97771124E+01  0.11381007E+02  0.12938163E+02  0.14457453E+02  0.15932508E+02
  0.17370327E+02  0.18766619E+02  0.20125969E+02  0.21446212E+02  0.22729889E+02
  0.23976344E+02  0.25186560E+02  0.26360819E+02  0.27499286E+02  0.28602821E+02
  0.29671202E+02  0.30705494E+02  0.31705466E+02  0.32672211E+02  0.33605578E+02
  0.34506662E+02  0.35375398E+02  0.36212804E+02  0.37018986E+02  0.37794765E+02
  0.38540463E+02  0.39256762E+02  0.39944123E+02  0.40603180E+02  0.41234509E+02
  0.41838758E+02  0.42416647E+02  0.42968652E+02  0.43495681E+02  0.43998207E+02
  0.44477041E+02  0.44932635E+02  0.45365863E+02  0.45777056E+02  0.46167030E+02
  0.46536239E+02  0.46885408E+02  0.47214911E+02  0.47525553E+02  0.47817604E+02
  0.48091863E+02  0.48348663E+02  0.48588678E+02  0.48812268E+02  0.49020011E+02
  0.49212310E+02  0.49389706E+02  0.49552679E+02  0.49701704E+02  0.49837255E+02
  0.49959758E+02  0.50069653E+02  0.50167320E+02  0.50253176E+02  0.50327606E+02
  0.50391021E+02  0.50443786E+02  0.50486274E+02  0.50518856E+02  0.50541909E+02
  0.50555796E+02  0.50560853E+02  0.50557378E+02  0.50545679E+02  0.50526080E+02
  0.50498898E+02  0.50464443E+02  0.50422985E+02  0.50374773E+02  0.50320043E+02
  0.50259053E+02  0.50192040E+02  0.50119219E+02  0.50040817E+02  0.49957043E+02
  0.49868081E+02  0.49774134E+02  0.49675389E+02  0.49572009E+02  0.49464164E+02
  0.49352028E+02  0.49235762E+02  0.49115517E+02  0.48991465E+02  0.48863747E+02
  0.48732500E+02  0.48597837E+02  0.48459885E+02  0.48318790E+02  0.48174665E+02
  0.48027635E+02  0.47877829E+02  0.47725344E+02  0.47570306E+02  0.47412797E+02
  0.47252913E+02  0.47090750E+02  0.46926395E+02  0.46759948E+02  0.46591506E+02
  0.46421146E+02  0.46248930E+02  0.46074935E+02  0.45899243E+02  0.45721933E+02
  0.45543078E+02  0.45362765E+02  0.45181067E+02  0.44998011E+02  0.44813666E+02
  0.44628084E+02  0.44441313E+02  0.44253443E+02  0.44064511E+02  0.43874569E+02
  0.43683668E+02  0.43491853E+02  0.43299195E+02  0.43105765E+02
  0.10000000E+01  0.28923257E+01  0.47067933E+01  0.64456407E+01  0.81395997E+01
  0.97864425E+01  0.11396397E+02  0.12961144E+02  0.14489895E+02  0.15976078E+02
  0.17426914E+02  0.18838082E+02  0.20214273E+02  0.21553407E+02  0.22857987E+02
  0.24127544E+02  0.25362913E+02  0.26564605E+02  0.27732589E+02  0.28867936E+02
  0.29970201E+02  0.31040642E+02  0.32078793E+02  0.33085913E+02  0.34061650E+02
  0.35007215E+02  0.35922378E+02  0.36808221E+02  0.37664712E+02  0.38492706E+02
  0.39292400E+02  0.40064481E+02  0.40809296E+02  0.41527439E+02  0.42219411E+02
  0.42885757E+02  0.43527136E+02  0.44143931E+02  0.44736965E+02  0.45306605E+02
  0.45853610E+02  0.46378308E+02  0.46881515E+02  0.47363458E+02  0.47824890E+02
  0.48266137E+02  0.48687883E+02  0.49090382E+02  0.49474389E+02  0.49840071E+02
  0.50188164E+02  0.50518910E+02  0.50832936E+02  0.51130507E+02  0.51412160E+02
  0.51678234E+02  0.51929219E+02  0.52165527E+02  0.52387578E+02  0.52595796E+02
  0.52790558E+02  0.52972263E+02  0.53141253E+02  0.53297932E+02  0.53442643E+02
  0.53575762E+02  0.53697617E+02  0.53808546E+02  0.53908898E+02  0.53999015E+02
  0.54079246E+02  0.54149917E+02  0.54211324E+02  0.54263755E+02  0.54307524E+02
  0.54342927E+02  0.54370258E+02  0.54389790E+02  0.54401758E+02  0.54406420E+02
  0.54403998E+02  0.54394741E+02  0.54378887E+02  0.54356635E+02  0.54328216E+02
  0.54293826E+02  0.54253651E+02  0.54207896E+02  0.54156721E+02  0.54100297E+02
  0.54038802E+02  0.53972397E+02  0.53901256E+02  0.53825538E+02  0.53745405E+02
  0.53660992E+02  0.53572424E+02  0.53479835E+02  0.53383355E+02  0.53283116E+02
  0.53179254E+02  0.53071886E+02  0.52961134E+02  0.52847134E+02  0.52729975E+02
  0.52609752E+02  0.52486570E+02  0.52360526E+02  0.52231707E+02  0.52100211E+02
  0.51966135E+02  0.51829545E+02  0.51690531E+02  0.51549167E+02  0.51405538E+02
  0.51259711E+02  0.51111778E+02  0.50961842E+02  0.50809940E+02  0.50656142E+02
  0.50500512E+02  0.50343109E+02  0.50183984E+02  0.50023170E+02  0.49860729E+02
  0.49696730E+02  0.49531232E+02  0.49364333E+02  0.49196120E+02
  0.10000000E+01  0.28917054E+01  0.47052102E+01  0.64426121E+01  0.81351949E+01
  0.97806626E+01  0.11389624E+02  0.12953616E+02  0.14482082E+02  0.15968366E+02
  0.17419845E+02  0.18832255E+02  0.20210348E+02  0.21552209E+02  0.22860305E+02
  0.24134365E+02  0.25375115E+02  0.26583281E+02  0.27758684E+02  0.28902615E+02
  0.30014462E+02  0.31095660E+02  0.32145593E+02  0.33165682E+02  0.34155431E+02
  0.35116206E+02  0.36047663E+02  0.36950996E+02  0.37826082E+02  0.38673854E+02
  0.39494448E+02  0.40288588E+02  0.41056589E+02  0.41799048E+02  0.42516431E+02
  0.43209284E+02  0.43878241E+02  0.44523648E+02  0.45146327E+02  0.45746614E+02
  0.46325255E+02  0.46882549E+02  0.47419289E+02  0.47935647E+02  0.48432383E+02
  0.48909753E+02  0.49368430E+02  0.49808609E+02  0.50231036E+02  0.50635792E+02
  0.51023627E+02  0.51394707E+02  0.51749661E+02  0.52088698E+02  0.52412316E+02
  0.52720809E+02  0.53014628E+02  0.53294128E+02  0.53559708E+02  0.53811757E+02
  0.54050609E+02  0.54276645E+02  0.54490159E+02  0.54691515E+02  0.54881011E+02
  0.55058984E+02  0.55225739E+02  0.55381607E+02  0.55526883E+02  0.55661915E+02
  0.55787018E+02  0.55902479E+02  0.56008554E+02  0.56105514E+02  0.56193654E+02
  0.56273266E+02  0.56344631E+02  0.56407999E+02  0.56463595E+02  0.56511622E+02
  0.56552307E+02  0.56585874E+02  0.56612541E+02  0.56632541E+02  0.56646069E+02
  0.56653313E+02  0.56654464E+02  0.56649686E+02  0.56639149E+02  0.56623011E+02
  0.56601456E+02  0.56574656E+02  0.56542758E+02  0.56505928E+02  0.56464305E+02
  0.56418015E+02  0.56367191E+02  0.56311967E+02  0.56252486E+02  0.56188867E+02
  0.56121239E+02  0.56049722E+02  0.55974444E+02  0.55895508E+02  0.55813030E+02
  0.55727093E+02  0.55637813E+02  0.55545277E+02  0.55449590E+02  0.55350841E+02
  0.55249112E+02  0.55144483E+02  0.55037049E+02  0.54926894E+02  0.54814084E+02
  0.54698708E+02  0.54580858E+02  0.54460614E+02  0.54338018E+02  0.54213133E+02
  0.54086036E+02  0.53956779E+02  0.53825430E+02  0.53692036E+02  0.53556652E+02
  0.53419330E+02  0.53280142E+02  0.53139185E+02  0.52996545E+02
  0.10000000E+01  0.28935149E+01  0.47121234E+01  0.64580875E+01  0.81628245E+01
  0.98234356E+01  0.11450723E+02  0.13035642E+02  0.14587878E+02  0.16100333E+02
  0.17580508E+02  0.19023847E+02  0.20435053E+02  0.21812063E+02  0.23157169E+02
  0.24470092E+02  0.25751333E+02  0.27001713E+02  0.28220802E+02  0.29410020E+02
  0.30568503E+02  0.31697835E+02  0.32797157E+02  0.33868004E+02  0.34909666E+02
  0.35923587E+02  0.36909230E+02  0.37867853E+02  0.38799180E+02  0.39704173E+02
  0.40582817E+02  0.41435849E+02  0.42263466E+02  0.43066225E+02  0.43844520E+02
  0.44598835E+02  0.45329742E+02  0.46037532E+02  0.46722963E+02  0.47386289E+02
  0.48028228E+02  0.48648986E+02  0.49249329E+02  0.49829353E+02  0.50389800E+02
  0.50930831E+02  0.51453126E+02  0.51956793E+02  0.52442573E+02  0.52910488E+02
  0.53361268E+02  0.53795021E+02  0.54212363E+02  0.54613454E+02  0.54998801E+02
  0.55368644E+02  0.55723422E+02  0.56063464E+02  0.56389140E+02  0.56700819E+02
  0.56998812E+02  0.57283481E+02  0.57555106E+02  0.57814030E+02  0.58060531E+02
  0.58294955E+02  0.58517569E+02  0.58728693E+02  0.58928598E+02  0.59117629E+02
  0.59296074E+02  0.59464211E+02  0.59622305E+02  0.59770620E+02  0.59909423E+02
  0.60038999E+02  0.60159625E+02  0.60271530E+02  0.60374944E+02  0.60470073E+02
  0.60557148E+02  0.60636395E+02  0.60708030E+02  0.60772270E+02  0.60829338E+02
  0.60879410E+02  0.60922653E+02  0.60959250E+02  0.60989378E+02  0.61013197E+02
  0.61030887E+02  0.61042619E+02  0.61048550E+02  0.61048846E+02  0.61043658E+02
  0.61033112E+02  0.61017341E+02  0.60996487E+02  0.60970696E+02  0.60940104E+02
  0.60904848E+02  0.60865049E+02  0.60820843E+02  0.60772349E+02  0.60719685E+02
  0.60662945E+02  0.60602231E+02  0.60537644E+02  0.60469316E+02  0.60397333E+02
  0.60321784E+02  0.60242767E+02  0.60160356E+02  0.60074646E+02  0.59985719E+02
  0.59893677E+02  0.59798606E+02  0.59700604E+02  0.59599745E+02  0.59496077E+02
  0.59389672E+02  0.59280591E+02  0.59168889E+02  0.59054643E+02  0.58937913E+02
  0.58818788E+02  0.58697341E+02  0.58573657E+02  0.58447836E+02
  0.10000000E+01  0.28908461E+01  0.47039283E+01  0.64413112E+01  0.81353032E+01
  0.97833605E+01  0.11396666E+02  0.12966386E+02  0.14502315E+02  0.15997573E+02
  0.17459725E+02  0.18884559E+02  0.20276838E+02  0.21634934E+02  0.22961120E+02
  0.24255532E+02  0.25518543E+02  0.26751349E+02  0.27953357E+02  0.29126326E+02
  0.30269222E+02  0.31383903E+02  0.32469359E+02  0.33527368E+02  0.34557105E+02
  0.35560243E+02  0.36536153E+02  0.37486291E+02  0.38410317E+02  0.39309336E+02
  0.40183318E+02  0.41033093E+02  0.41858869E+02  0.42661278E+02  0.43440723E+02
  0.44197734E+02  0.44932916E+02  0.45646574E+02  0.46339488E+02  0.47011951E+02
  0.47664692E+02  0.48297919E+02  0.48912441E+02  0.49508316E+02  0.50086285E+02
  0.50646525E+02  0.51189701E+02  0.51715886E+02  0.52225831E+02  0.52719508E+02
  0.53197659E+02  0.53660320E+02  0.54108111E+02  0.54541135E+02  0.54959883E+02
  0.55364541E+02  0.55755527E+02  0.56133108E+02  0.56497619E+02  0.56849377E+02
  0.57188649E+02  0.57515761E+02  0.57830940E+02  0.58134505E+02  0.58426681E+02
  0.58707752E+02  0.58977966E+02  0.59237576E+02  0.59486830E+02  0.59726031E+02
  0.59955432E+02  0.60175269E+02  0.60385759E+02  0.60587115E+02  0.60779579E+02
  0.60963389E+02  0.61138776E+02  0.61305955E+02  0.61465109E+02  0.61616401E+02
  0.61760030E+02  0.61896184E+02  0.62025050E+02  0.62146815E+02  0.62261655E+02
  0.62369738E+02  0.62471226E+02  0.62566280E+02  0.62655044E+02  0.62737657E+02
  0.62814271E+02  0.62885035E+02  0.62950086E+02  0.63009560E+02  0.63063583E+02
  0.63112275E+02  0.63155762E+02  0.63194165E+02  0.63227609E+02  0.63256195E+02
  0.63280054E+02  0.63299289E+02  0.63314030E+02  0.63324391E+02  0.63330471E+02
  0.63332360E+02  0.63330145E+02  0.63323914E+02  0.63313772E+02  0.63299798E+02
  0.63282075E+02  0.63260692E+02  0.63235720E+02  0.63207260E+02  0.63175369E+02
  0.63140148E+02  0.63101680E+02  0.63060044E+02  0.63015304E+02  0.62967508E+02
  0.62916733E+02  0.62863048E+02  0.62806492E+02  0.62747130E+02  0.62685019E+02
  0.62620220E+02  0.62552825E+02  0.62482901E+02  0.62410565E+02
   128
  0.10000000E+01  0.24335305E+01  0.32213843E+01  0.34052902E+01  0.32178424E+01
  0.28179404E+01  0.23406921E+01  0.18674004E+01  0.14446302E+01  0.10841214E+01
  0.78905134E+00  0.55390938E+00  0.37324302E+00  0.23790089E+00  0.14068229E+00
  0.75004270E-01  0.35142341E-01  0.13544104E-01  0.28971922E-02 -0.17860236E-02
 -0.27894876E-02 -0.10490004E-02  0.22189785E-02  0.54978789E-02  0.75195030E-02
  0.78534231E-02  0.68128350E-02  0.50060580E-02  0.29202739E-02  0.86183215E-03
 -0.94887977E-03 -0.23051631E-02 -0.30488516E-02  0.00000000E+00  0.00000000E+00
  0.00000000E+00  0.00000000E+00  0.00000000E+00  0.00000000E+00  0.00000000E+00
  0.00000000E+00  0.00000000E+00  0.00000000E+00  0.00000000E+00  0.00000000E+00
  0.00000000E+00  0.00000000E+00  0.00000000E+00  0.00000000E+00  0.00000000E+00
  0.00000000E+00  0.00000000E+00  0.00000000E+00  0.00000000E+00  0.00000000E+00
  0.00000000E+00  0.00000000E+00  0.00000000E+00  0.00000000E+00  0.00000000E+00
  0.00000000E+00  0.00000000E+00  0.00000000E+00  0.00000000E+00  0.00000000E+00
  0.00000000E+00  0.00000000E+00  0.00000000E+00  0.00000000E+00  0.00000000E+00
  0.00000000E+00  0.00000000E+00  0.00000000E+00  0.00000000E+00  0.00000000E+00
  0.00000000E+00  0.00000000E+00  0.00000000E+00  0.00000000E+00  0.00000000E+00
  0.00000000E+00  0.00000000E+00  0.00000000E+00  0.00000000E+00  0.00000000E+00
  0.00000000E+00  0.00000000E+00  0.00000000E+00  0.00000000E+00  0.00000000E+00
  0.00000000E+00  0.00000000E+00  0.00000000E+00  0.00000000E+00  0.00000000E+00
  0.00000000E+00  0.00000000E+00  0.00000000E+00  0.00000000E+00  0.00000000E+00
  0.00000000E+00  0.00000000E+00  0.00000000E+00  0.00000000E+00  0.00000000E+00
  0.00000000E+00  0.00000000E+00  0.00000000E+00  0.00000000E+00  0.00000000E+00
  0.00000000E+00  0.00000000E+00  0.00000000E+00  0.00000000E+00  0.00000000E+00
  0.00000000E+00  0.00000000E+00  0.00000000E+00  0.00000000E+00  0.00000000E+00
  0.00000000E+00  0.00000000E+00  0.00000000E+00  0.00000000E+00  0.00000000E+00
  0.00000000E+00  0.00000000E+00  0.00000000E+00  0.00000000E+00
  0.10000000E+01  0.25739510E+01  0.36908484E+01  0.43160627E+01  0.45706291E+01
  0.45418759E+01  0.43197731E+01  0.39736552E+01  0.35561849E+01  0.30973088E+01
  0.26266334E+01  0.21661079E+01  0.17378855E+01  0.13541374E+01  0.10252277E+01
  0.75473563E+00  0.54321928E+00  0.38341893E+00  0.26595465E+00  0.18138292E+00
  0.12273167E+00  0.84234131E-01  0.60116192E-01  0.44902626E-01  0.34320762E-01
  0.25957890E-01  0.18888964E-01  0.12941734E-01  0.80516483E-02  0.41299042E-02
  0.11186558E-02 -0.99198234E-03 -0.22306972E-02  0.00000000E+00  0.00000000E+00
  0.00000000E+00  0.00000000E+00  0.00000000E+00  0.00000000E+00  0.00000000E+00
  0.00000000E+00  0.00000000E+00  0.00000000E+00  0.00000000E+00  0.00000000E+00
  0.00000000E+00  0.00000000E+00  0.00000000E+00  0.00000000E+00  0.00000000E+00
  0.00000000E+00  0.00000000E+00  0.00000000E+00  0.00000000E+00  0.00000000E+00
  0.00000000E+00  0.00000000E+00  0.00000000E+00  0.00000000E+00  0.00000000E+00
  0.00000000E+00  0.00000000E+00  0.00000000E+00  0.00000000E+00  0.00000000E+00
  0.00000000E+00  0.00000000E+00  0.00000000E+00  0.00000000E+00  0.00000000E+00
  0.00000000E+00  0.00000000E+00  0.00000000E+00  0.00000000E+00  0.00000000E+00
  0.00000000E+00  0.00000000E+00  0.00000000E+00  0.00000000E+00  0.00000000E+00
  0.00000000E+00  0.00000000E+00  0.00000000E+00  0.00000000E+00  0.00000000E+00
  0.00000000E+00  0.00000000E+00  0.00000000E+00  0.00000000E+00  0.00000000E+00
  0.00000000E+00  0.00000000E+00  0.00000000E+00  0.00000000E+00  0.00000000E+00
  0.00000000E+00  0.00000000E+00  0.00000000E+00  0.00000000E+00  0.00000000E+00
  0.00000000E+00  0.00000000E+00  0.00000000E+00  0.00000000E+00  0.00000000E+00
  0.00000000E+00  0.00000000E+00  0.00000000E+00  0.00000000E+00  0.00000000E+00
  0.00000000E+00  0.00000000E+00  0.00000000E+00  0.00000000E+00  0.00000000E+00
  0.00000000E+00  0.00000000E+00  0.00000000E+00  0.00000000E+00  0.00000000E+00
  0.00000000E+00  0.00000000E+00  0.00000000E+00  0.00000000E+00  0.00000000E+00
  0.00000000E+00  0.00000000E+00  0.00000000E+00  0.00000000E+00
  0.10000000E+01  0.26332615E+01  0.39080337E+01  0.47806438E+01  0.53291351E+01
  0.56068744E+01  0.56696564E+01  0.55634222E+01  0.53252488E+01  0.49788560E+01
  0.45536480E+01  0.40768449E+01  0.35800046E+01  0.30868314E+01  0.26200296E+01
  0.21942994E+01  0.18205657E+01  0.14998178E+01  0.12298068E+01  0.10053429E+01
  0.82181840E+00  0.67392070E+00  0.55525166E+00  0.45902990E+00  0.37951069E+00
  0.31279782E+00  0.25652430E+00  0.20917631E+00  0.16957425E+00  0.13664330E+00
  0.10947386E+00  0.87270867E-01  0.69350919E-01  0.55073197E-01  0.43849693E-01
  0.35146113E-01  0.28453702E-01  0.23304449E-01  0.19293469E-01  0.16079258E-01
  0.13400220E-01  0.11072287E-01  0.90201074E-02  0.72138465E-02  0.56501343E-02
  0.43326147E-02  0.32547499E-02  0.24038054E-02  0.17662532E-02  0.13218820E-02
  0.10266549E-02  0.84240399E-03  0.72253092E-03  0.62368923E-03  0.52442111E-03
  0.41689160E-03  0.30151817E-03  0.18835523E-03  0.84210251E-04 -0.58393664E-05
  0.00000000E+00  0.00000000E+00  0.00000000E+00  0.00000000E+00  0.00000000E+00
  0.00000000E+00  0.00000000E+00  0.00000000E+00  0.00000000E+00  0.00000000E+00
  0.00000000E+00  0.00000000E+00  0.00000000E+00  0.00000000E+00  0.00000000E+00
  0.00000000E+00  0.00000000E+00  0.00000000E+00  0.00000000E+00  0.00000000E+00
  0.00000000E+00  0.00000000E+00  0.00000000E+00  0.00000000E+00  0.00000000E+00
  0.00000000E+00  0.00000000E+00  0.00000000E+00  0.00000000E+00  0.00000000E+00
  0.00000000E+00  0.00000000E+00  0.00000000E+00  0.00000000E+00  0.00000000E+00
  0.00000000E+00  0.00000000E+00  0.00000000E+00  0.00000000E+00  0.00000000E+00
  0.00000000E+00  0.00000000E+00  0.00000000E+00  0.00000000E+00  0.00000000E+00
  0.00000000E+00  0.00000000E+00  0.00000000E+00  0.00000000E+00  0.00000000E+00
  0.00000000E+00  0.00000000E+00  0.00000000E+00  0.00000000E+00  0.00000000E+00
  0.00000000E+00  0.00000000E+00  0.00000000E+00  0.00000000E+00  0.00000000E+00
  0.00000000E+00  0.00000000E+00  0.00000000E+00  0.00000000E+00  0.00000000E+00
  0.00000000E+00  0.00000000E+00  0.00000000E+00  0.00000000E+00
  0.10000000E+01  0.26665733E+01  0.40321778E+01  0.50617202E+01  0.58164557E+01
  0.63340073E+01  0.66509322E+01  0.67977132E+01  0.67994053E+01  0.66722316E+01
  0.64373859E+01  0.61155484E+01  0.57325267E+01  0.53099716E+01  0.48703552E+01
  0.44307876E+01  0.40062813E+01  0.36043544E+01  0.32301718E+01  0.28855176E+01
  0.25716574E+01  0.22879941E+01  0.20323776E+01  0.18015889E+01  0.15924735E+01
  0.14029829E+01  0.12316229E+01  0.10774679E+01  0.93961454E+00  0.81700145E+00
  0.70851976E+00  0.61298446E+00  0.52925305E+00  0.45616105E+00  0.39257018E+00
  0.33738245E+00  0.28957804E+00  0.24817827E+00  0.21230386E+00  0.18112269E+00
  0.15398381E+00  0.13036452E+00  0.10982423E+00  0.91987654E-01  0.76574176E-01
  0.63352173E-01  0.52126000E-01  0.42682388E-01  0.34784758E-01  0.28193872E-01
  0.22746627E-01  0.18270731E-01  0.14599384E-01  0.11594514E-01  0.91385482E-02
  0.71507270E-02  0.55777658E-02  0.43443305E-02  0.33799238E-02  0.26400451E-02
  0.20764614E-02  0.16450920E-02  0.13094292E-02  0.10470527E-02  0.85432935E-03
  0.72721606E-03  0.64800188E-03  0.58723864E-03  0.52778879E-03  0.46855699E-03
  0.39884828E-03  0.32053533E-03  0.23740376E-03  0.13457320E-03  0.13555638E-04
 -0.10504208E-03  0.00000000E+00  0.00000000E+00  0.00000000E+00  0.00000000E+00
  0.00000000E+00  0.00000000E+00  0.00000000E+00  0.00000000E+00  0.00000000E+00
  0.00000000E+00  0.00000000E+00  0.00000000E+00  0.00000000E+00  0.00000000E+00
  0.00000000E+00  0.00000000E+00  0.00000000E+00  0.00000000E+00  0.00000000E+00
  0.00000000E+00  0.00000000E+00  0.00000000E+00  0.00000000E+00  0.00000000E+00
  0.00000000E+00  0.00000000E+00  0.00000000E+00  0.00000000E+00  0.00000000E+00
  0.00000000E+00  0.00000000E+00  0.00000000E+00  0.00000000E+00  0.00000000E+00
  0.00000000E+00  0.00000000E+00  0.00000000E+00  0.00000000E+00  0.00000000E+00
  0.00000000E+00  0.00000000E+00  0.00000000E+00  0.00000000E+00  0.00000000E+00
  0.00000000E+00  0.00000000E+00  0.00000000E+00  0.00000000E+00  0.00000000E+00
  0.00000000E+00  0.00000000E+00  0.00000000E+00  0.00000000E+00
  0.10000000E+01  0.26948907E+01  0.41343721E+01  0.52869541E+01  0.62016359E+01
  0.69048791E+01  0.74208887E+01  0.77703288E+01  0.79712980E+01  0.80362929E+01
  0.79821819E+01  0.78255861E+01  0.75874865E+01  0.72862730E+01  0.69415947E+01
  0.65692965E+01  0.61841991E+01  0.57956080E+01  0.54113351E+01  0.50362144E+01
  0.46744839E+01  0.43283763E+01  0.39987877E+01  0.36854406E+01  0.33875566E+01
  0.31052512E+01  0.28385100E+01  0.25878117E+01  0.23534045E+01  0.21353029E+01
  0.19332302E+01  0.17467973E+01  0.15754282E+01  0.14185799E+01  0.12754788E+01
  0.11453779E+01  0.10274213E+01  0.92066950E+00  0.82414944E+00  0.73686043E+00
  0.65798521E+00  0.58679030E+00  0.52259079E+00  0.46479899E+00  0.41286107E+00
  0.36624259E+00  0.32452272E+00  0.28724168E+00  0.25391553E+00  0.22416115E+00
  0.19752774E+00  0.17373180E+00  0.15247862E+00  0.13355806E+00  0.11678537E+00
  0.10200828E+00  0.89108981E-01  0.77898557E-01  0.68158427E-01  0.59655765E-01
  0.52196530E-01  0.45639578E-01  0.39888929E-01  0.34855070E-01  0.30466906E-01
  0.26647030E-01  0.23338271E-01  0.20472904E-01  0.17975973E-01  0.15794079E-01
  0.13906394E-01  0.12276584E-01  0.10835290E-01  0.95348732E-02  0.83479197E-02
  0.73007025E-02  0.64060608E-02  0.56435997E-02  0.49694292E-02  0.43590567E-02
  0.38410650E-02  0.34372164E-02  0.31050566E-02  0.27962594E-02  0.24925082E-02
  0.22005762E-02  0.19356660E-02  0.17009483E-02  0.14755369E-02  0.12544265E-02
  0.10513969E-02  0.88412080E-03  0.75067681E-03  0.61849763E-03  0.48403536E-03
  0.36671074E-03  0.26926239E-03  0.18697843E-03  0.10337794E-03  0.16768106E-04
 -0.54601431E-04  0.00000000E+00  0.00000000E+00  0.00000000E+00  0.00000000E+00
  0.00000000E+00  0.00000000E+00  0.00000000E+00  0.00000000E+00  0.00000000E+00
  0.00000000E+00  0.00000000E+00  0.00000000E+00  0.00000000E+00  0.00000000E+00
  0.00000000E+00  0.00000000E+00  0.00000000E+00  0.00000000E+00  0.00000000E+00
  0.00000000E+00  0.00000000E+00  0.00000000E+00  0.00000000E+00  0.00000000E+00
  0.00000000E+00  0.00000000E+00  0.00000000E+00  0.00000000E+00
  0.10000000E+01  0.27132073E+01  0.41991387E+01  0.54291089E+01  0.64471596E+01
  0.72746078E+01  0.79300556E+01  0.84291085E+01  0.87861664E+01  0.90113508E+01
  0.91186030E+01  0.91215124E+01  0.90372842E+01  0.88811669E+01  0.86694205E+01
  0.84152731E+01  0.81313401E+01  0.78260664E+01  0.75071201E+01  0.71798390E+01
  0.68492032E+01  0.65185103E+01  0.61900660E+01  0.58652893E+01  0.55448687E+01
  0.52302852E+01  0.49226906E+01  0.46236500E+01  0.43344405E+01  0.40561514E+01
  0.37893681E+01  0.35346794E+01  0.32922452E+01  0.30624275E+01  0.28452164E+01
  0.26406794E+01  0.24486576E+01  0.22688484E+01  0.21007110E+01  0.19436707E+01
  0.17973470E+01  0.16612782E+01  0.15348847E+01  0.14176915E+01  0.13091716E+01
  0.12087120E+01  0.11159090E+01  0.10301966E+01  0.95088834E+00  0.87761916E+00
  0.80969081E+00  0.74686288E+00  0.68869440E+00  0.63491046E+00  0.58525863E+00
  0.53949070E+00  0.49742015E+00  0.45879807E+00  0.42331788E+00  0.39065496E+00
  0.36050126E+00  0.33262276E+00  0.30686859E+00  0.28311372E+00  0.26124261E+00
  0.24107109E+00  0.22243877E+00  0.20519145E+00  0.18925888E+00  0.17456454E+00
  0.16102425E+00  0.14852311E+00  0.13693909E+00  0.12620388E+00  0.11626500E+00
  0.10707164E+00  0.98573499E-01  0.90711423E-01  0.83449872E-01  0.76755639E-01
  0.70592548E-01  0.64917722E-01  0.59684328E-01  0.54855432E-01  0.50405239E-01
  0.46299875E-01  0.42504836E-01  0.38994438E-01  0.35754026E-01  0.32788083E-01
  0.30065755E-01  0.27568089E-01  0.25284444E-01  0.23186440E-01  0.21263321E-01
  0.19492897E-01  0.17846879E-01  0.16311420E-01  0.14883142E-01  0.13551017E-01
  0.12321901E-01  0.11191863E-01  0.10138517E-01  0.91677124E-02  0.82860824E-02
  0.75006971E-02  0.67909728E-02  0.61290239E-02  0.55165546E-02  0.49451365E-02
  0.44180926E-02  0.39377766E-02  0.34941306E-02  0.30758005E-02  0.26877300E-02
  0.23496871E-02  0.20790768E-02  0.18797902E-02  0.17313836E-02  0.16101746E-02
  0.15073237E-02  0.14145720E-02  0.13203096E-02  0.12108377E-02  0.10767272E-02
  0.92068424E-03  0.76156842E-03  0.61582546E-03  0.48135590E-03
  0.10000000E+01  0.27387653E+01  0.42896755E+01  0.56271919E+01  0.67882203E+01
  0.77870219E+01  0.86348791E+01  0.93408736E+01  0.99147678E+01  0.10363655E+02
  0.10697872E+02  0.10927265E+02  0.11064383E+02  0.11120486E+02  0.11107539E+02
  0.11035309E+02  0.10913380E+02  0.10748733E+02  0.10548366E+02  0.10317725E+02
  0.10062217E+02  0.97860389E+01  0.94928647E+01  0.91858457E+01  0.88672361E+01
  0.85399367E+01  0.82063818E+01  0.78693844E+01  0.75314465E+01  0.71949556E+01
  0.68616208E+01  0.65333612E+01  0.62114044E+01  0.58973489E+01  0.55922489E+01
  0.52972366E+01  0.50130920E+01  0.47404411E+01  0.44794028E+01  0.42300101E+01
  0.39925179E+01  0.37669040E+01  0.35529225E+01  0.33504138E+01  0.31590446E+01
  0.29782743E+01  0.28078811E+01  0.26473563E+01  0.24958668E+01  0.23531411E+01
  0.22182917E+01  0.20911674E+01  0.19712061E+01  0.18580952E+01  0.17514984E+01
  0.16510934E+01  0.15566345E+01  0.14677970E+01  0.13841663E+01  0.13053090E+01
  0.12308075E+01  0.11603829E+01  0.10938636E+01  0.10310443E+01  0.97174235E+00
  0.91567901E+00  0.86267163E+00  0.81252888E+00  0.76515641E+00  0.72043547E+00
  0.67823455E+00  0.63839043E+00  0.60074884E+00  0.56518472E+00  0.53159951E+00
  0.49990502E+00  0.47002477E+00  0.44186000E+00  0.41530775E+00  0.39027817E+00
  0.36667112E+00  0.34440790E+00  0.32343222E+00  0.30366623E+00  0.28502303E+00
  0.26743949E+00  0.25087466E+00  0.23527318E+00  0.22059372E+00  0.20678088E+00
  0.19377421E+00  0.18153466E+00  0.17002976E+00  0.15923898E+00  0.14910372E+00
  0.13957376E+00  0.13061197E+00  0.12218904E+00  0.11431293E+00  0.10693780E+00
  0.10001539E+00  0.93505163E-01  0.87406660E-01  0.81725659E-01  0.76450919E-01
  0.71538019E-01  0.66902490E-01  0.62534872E-01  0.58427174E-01  0.54579363E-01
  0.50978542E-01  0.47566889E-01  0.44331941E-01  0.41286845E-01  0.38444256E-01
  0.35803790E-01  0.33336335E-01  0.31031917E-01  0.28883331E-01  0.26886995E-01
  0.25029656E-01  0.23281873E-01  0.21630408E-01  0.20094846E-01  0.18673451E-01
  0.17345222E-01  0.16098264E-01  0.14929204E-01  0.13848331E-01
  0.10000000E+01  0.27574497E+01  0.43552733E+01  0.57706506E+01  0.70368252E+01
  0.81641072E+01  0.91600490E+01  0.10029771E+02  0.10780264E+02  0.11416253E+02
  0.11945535E+02  0.12375133E+02  0.12714310E+02  0.12971257E+02  0.13154602E+02
  0.13271180E+02  0.13327783E+02  0.13329493E+02  0.13281851E+02  0.13189453E+02
  0.13057086E+02  0.12888795E+02  0.12688394E+02  0.12459532E+02  0.12205001E+02
  0.11928158E+02  0.11632015E+02  0.11319897E+02  0.10994927E+02  0.10660196E+02
  0.10318149E+02  0.99715848E+01  0.96225097E+01  0.92734411E+01  0.89262970E+01
  0.85830798E+01  0.82454390E+01  0.79148397E+01  0.75920925E+01  0.72779428E+01
  0.69733400E+01  0.66788679E+01  0.63948035E+01  0.61214944E+01  0.58589835E+01
  0.56070228E+01  0.53657361E+01  0.51348422E+01  0.49136155E+01  0.47020318E+01
  0.44992475E+01  0.43053190E+01  0.41197133E+01  0.39421702E+01  0.37723726E+01
  0.36100078E+01  0.34548705E+01  0.33066701E+01  0.31649927E+01  0.30293801E+01
  0.28993679E+01  0.27746705E+01  0.26551520E+01  0.25406089E+01  0.24308588E+01
  0.23255642E+01  0.22245423E+01  0.21275821E+01  0.20346335E+01  0.19455957E+01
  0.18603109E+01  0.17786099E+01  0.17002957E+01  0.16252101E+01  0.15532438E+01
  0.14842896E+01  0.14182628E+01  0.13550621E+01  0.12945812E+01  0.12367029E+01
  0.11813083E+01  0.11282967E+01  0.10775815E+01  0.10290771E+01  0.98268344E+00
  0.93830908E+00  0.89586812E+00  0.85526711E+00  0.81643681E+00  0.77929867E+00
  0.74378320E+00  0.70984971E+00  0.67744606E+00  0.64652685E+00  0.61701274E+00
  0.58882155E+00  0.56190047E+00  0.53620090E+00  0.51169091E+00  0.48831983E+00
  0.46602762E+00  0.44473274E+00  0.42438080E+00  0.40495786E+00  0.38643788E+00
  0.36878298E+00  0.35193992E+00  0.33585370E+00  0.32046817E+00  0.30577922E+00
  0.29176823E+00  0.27841856E+00  0.26569112E+00  0.25353217E+00  0.24191188E+00
  0.23080960E+00  0.22021667E+00  0.21012410E+00  0.20050326E+00  0.19132554E+00
  0.18257120E+00  0.17420107E+00  0.16620452E+00  0.15858205E+00  0.15131295E+00
  0.14438395E+00  0.13778113E+00  0.13147283E+00  0.12545041E+00
  0.10000000E+01  0.27739199E+01  0.44124831E+01  0.58952662E+01  0.72528081E+01
  0.84924993E+01  0.96195586E+01  0.10636173E+02  0.11547396E+02  0.12355827E+02
  0.13067245E+02  0.13686277E+02  0.14219705E+02  0.14673217E+02  0.15052840E+02
  0.15362994E+02  0.15608086E+02  0.15791357E+02  0.15916761E+02  0.15987714E+02
  0.16007994E+02  0.15980990E+02  0.15910070E+02  0.15798728E+02  0.15649746E+02
  0.15466372E+02  0.15251693E+02  0.15009069E+02  0.14741792E+02  0.14453241E+02
  0.14146233E+02  0.13824073E+02  0.13489294E+02  0.13145010E+02  0.12793802E+02
  0.12438324E+02  0.12080900E+02  0.11723719E+02  0.11368242E+02  0.11015887E+02
  0.10668299E+02  0.10326645E+02  0.99917807E+01  0.96645913E+01  0.93455953E+01
  0.90349781E+01  0.87332959E+01  0.84406321E+01  0.81565683E+01  0.78814080E+01
  0.76145211E+01  0.73562327E+01  0.71061607E+01  0.68642024E+01  0.66301550E+01
  0.64038045E+01  0.61850181E+01  0.59735883E+01  0.57691796E+01  0.55714248E+01
  0.53799337E+01  0.51944475E+01  0.50148679E+01  0.48410225E+01  0.46727488E+01
  0.45097298E+01  0.43518544E+01  0.41989522E+01  0.40509769E+01  0.39078374E+01
  0.37693898E+01  0.36354771E+01  0.35059426E+01  0.33806381E+01  0.32594195E+01
  0.31421920E+01  0.30288807E+01  0.29193989E+01  0.28136609E+01  0.27115524E+01
  0.26129316E+01  0.25176731E+01  0.24256966E+01  0.23369297E+01  0.22512819E+01
  0.21686207E+01  0.20888325E+01  0.20118140E+01  0.19374811E+01  0.18657621E+01
  0.17965880E+01  0.17298814E+01  0.16655695E+01  0.16035810E+01  0.15438276E+01
  0.14862441E+01  0.14307638E+01  0.13773234E+01  0.13258583E+01  0.12762957E+01
  0.12285591E+01  0.11825531E+01  0.11382173E+01  0.10955149E+01  0.10544031E+01
  0.10148042E+01  0.97663400E+00  0.93984352E+00  0.90438775E+00  0.87024138E+00
  0.83738215E+00  0.80574864E+00  0.77527376E+00  0.74590654E+00  0.71763850E+00
  0.69045913E+00  0.66433191E+00  0.63920715E+00  0.61502667E+00  0.59174560E+00
  0.56935789E+00  0.54783727E+00  0.52714618E+00  0.50724069E+00  0.48807398E+00
  0.46963094E+00  0.45189943E+00  0.43486726E+00  0.41850209E+00
  0.10000000E+01  0.27864996E+01  0.44557067E+01  0.59894947E+01  0.74169582E+01
  0.87437460E+01  0.99742375E+01  0.11108819E+02  0.12151625E+02  0.13103553E+02
  0.13969071E+02  0.14750913E+02  0.15454205E+02  0.16082774E+02  0.16641012E+02
  0.17131776E+02  0.17558028E+02  0.17921758E+02  0.18225660E+02  0.18472086E+02
  0.18663749E+02  0.18803179E+02  0.18892949E+02  0.18935843E+02  0.18934164E+02
  0.18890538E+02  0.18807601E+02  0.18688200E+02  0.18535238E+02  0.18351767E+02
  0.18140448E+02  0.17904456E+02  0.17646363E+02  0.17369271E+02  0.17075907E+02
  0.16769063E+02  0.16451308E+02  0.16125111E+02  0.15792329E+02  0.15454803E+02
  0.15114566E+02  0.14773244E+02  0.14432188E+02  0.14092748E+02  0.13755929E+02
  0.13422389E+02  0.13093117E+02  0.12768658E+02  0.12449075E+02  0.12135056E+02
  0.11826408E+02  0.11523730E+02  0.11226960E+02  0.10936252E+02  0.10651643E+02
  0.10373121E+02  0.10100721E+02  0.98344213E+01  0.95740878E+01  0.93195474E+01
  0.90705619E+01  0.88270081E+01  0.85888724E+01  0.83560893E+01  0.81285992E+01
  0.79061704E+01  0.76887697E+01  0.74762925E+01  0.72687705E+01  0.70661672E+01
  0.68684052E+01  0.66754044E+01  0.64870406E+01  0.63032114E+01  0.61238497E+01
  0.59488946E+01  0.57783083E+01  0.56120428E+01  0.54500388E+01  0.52922098E+01
  0.51384611E+01  0.49887063E+01  0.48428863E+01  0.47009506E+01  0.45628284E+01
  0.44284111E+01  0.42975776E+01  0.41702514E+01  0.40463916E+01  0.39259258E+01
  0.38088033E+01  0.36949471E+01  0.35842844E+01  0.34767578E+01  0.33722939E+01
  0.32708218E+01  0.31722655E+01  0.30765648E+01  0.29836426E+01  0.28934302E+01
  0.28058561E+01  0.27208268E+01  0.26382760E+01  0.25581499E+01  0.24803978E+01
  0.24049688E+01  0.23317850E+01  0.22607751E+01  0.21918772E+01  0.21250465E+01
  0.20602231E+01  0.19973593E+01  0.19363879E+01  0.18772448E+01  0.18198836E+01
  0.17642767E+01  0.17103871E+01  0.16581636E+01  0.16075579E+01  0.15585011E+01
  0.15109440E+01  0.14648663E+01  0.14202228E+01  0.13769796E+01  0.13350893E+01
  0.12944928E+01  0.12551501E+01  0.12170238E+01  0.11800939E+01
  0.10000000E+01  0.27975205E+01  0.44935032E+01  0.60718141E+01  0.75602672E+01
  0.89629199E+01  0.10283535E+02  0.11520937E+02  0.12678640E+02  0.13756108E+02
  0.14756860E+02  0.15682008E+02  0.16535371E+02  0.17319164E+02  0.18036509E+02
  0.18689026E+02  0.19278640E+02  0.19806442E+02  0.20274210E+02  0.20683493E+02
  0.21036169E+02  0.21334066E+02  0.21579057E+02  0.21773278E+02  0.21918553E+02
  0.22016924E+02  0.22070544E+02  0.22081705E+02  0.22052827E+02  0.21986502E+02
  0.21885100E+02  0.21751451E+02  0.21587989E+02  0.21397579E+02  0.21182860E+02
  0.20946530E+02  0.20691162E+02  0.20419295E+02  0.20132977E+02  0.19834276E+02
  0.19525432E+02  0.19208319E+02  0.18884624E+02  0.18556026E+02  0.18223900E+02
  0.17889333E+02  0.17553662E+02  0.17217829E+02  0.16882372E+02  0.16548313E+02
  0.16215931E+02  0.15886086E+02  0.15559056E+02  0.15235283E+02  0.14915065E+02
  0.14598633E+02  0.14286233E+02  0.13978047E+02  0.13674156E+02  0.13374602E+02
  0.13079325E+02  0.12788349E+02  0.12501781E+02  0.12219647E+02  0.11941992E+02
  0.11668701E+02  0.11399811E+02  0.11135328E+02  0.10875337E+02  0.10619847E+02
  0.10368873E+02  0.10122379E+02  0.98803143E+01  0.96426299E+01  0.94092963E+01
  0.91803109E+01  0.89556728E+01  0.87353818E+01  0.85194194E+01  0.83077600E+01
  0.81003426E+01  0.78971189E+01  0.76980712E+01  0.75031954E+01  0.73124549E+01
  0.71257716E+01  0.69430599E+01  0.67642754E+01  0.65893981E+01  0.64183962E+01
  0.62512336E+01  0.60878424E+01  0.59281795E+01  0.57721880E+01  0.56198251E+01
  0.54710442E+01  0.53257846E+01  0.51840076E+01  0.50456444E+01  0.49106344E+01
  0.47789054E+01  0.46503996E+01  0.45250663E+01  0.44028551E+01  0.42837257E+01
  0.41676040E+01  0.40544041E+01  0.39440521E+01  0.38365036E+01  0.37317335E+01
  0.36297028E+01  0.35303334E+01  0.34335398E+01  0.33392547E+01  0.32474331E+01
  0.31580501E+01  0.30710851E+01  0.29864672E+01  0.29041236E+01  0.28239909E+01
  0.27460069E+01  0.26701352E+01  0.25963547E+01  0.25246153E+01  0.24548505E+01
  0.23869908E+01  0.23209741E+01  0.22567728E+01  0.21943511E+01
  0.10000000E+01  0.28031733E+01  0.45128440E+01  0.61140913E+01  0.76344163E+01
  0.90773070E+01  0.10446612E+02  0.11740647E+02  0.12962932E+02  0.14112350E+02
  0.15192222E+02  0.16202960E+02  0.17147930E+02  0.18028616E+02  0.18847727E+02
  0.19606430E+02  0.20306406E+02  0.20948481E+02  0.21534112E+02  0.22064493E+02
  0.22541128E+02  0.22965449E+02  0.23338932E+02  0.23663230E+02  0.23939778E+02
  0.24170187E+02  0.24356145E+02  0.24499457E+02  0.24602047E+02  0.24665983E+02
  0.24693179E+02  0.24685915E+02  0.24646193E+02  0.24576347E+02  0.24478572E+02
  0.24355126E+02  0.24208183E+02  0.24039909E+02  0.23852128E+02  0.23646690E+02
  0.23425601E+02  0.23190608E+02  0.22943335E+02  0.22685404E+02  0.22418215E+02
  0.22142965E+02  0.21861045E+02  0.21573559E+02  0.21281293E+02  0.20985388E+02
  0.20686431E+02  0.20385397E+02  0.20082840E+02  0.19779402E+02  0.19475609E+02
  0.19171948E+02  0.18868845E+02  0.18566685E+02  0.18265769E+02  0.17966350E+02
  0.17668586E+02  0.17372678E+02  0.17078874E+02  0.16787333E+02  0.16498207E+02
  0.16211547E+02  0.15927517E+02  0.15646222E+02  0.15367810E+02  0.15092380E+02
  0.14819995E+02  0.14550718E+02  0.14284585E+02  0.14021603E+02  0.13761809E+02
  0.13505229E+02  0.13251896E+02  0.13001846E+02  0.12755109E+02  0.12511695E+02
  0.12271595E+02  0.12034811E+02  0.11801360E+02  0.11571274E+02  0.11344577E+02
  0.11121246E+02  0.10901263E+02  0.10684600E+02  0.10471280E+02  0.10261316E+02
  0.10054681E+02  0.98513730E+01  0.96513694E+01  0.94546708E+01  0.92612578E+01
  0.90710986E+01  0.88842007E+01  0.87005422E+01  0.85200925E+01  0.83428281E+01
  0.81687167E+01  0.79977318E+01  0.78298401E+01  0.76650346E+01  0.75033059E+01
  0.73446114E+01  0.71888881E+01  0.70360922E+01  0.68862037E+01  0.67391991E+01
  0.65950473E+01  0.64537140E+01  0.63151386E+01  0.61792768E+01  0.60461092E+01
  0.59156088E+01  0.57877551E+01  0.56625025E+01  0.55398122E+01  0.54196368E+01
  0.53019354E+01  0.51866809E+01  0.50738403E+01  0.49633746E+01  0.48552241E+01
  0.47493516E+01  0.46457023E+01  0.45442574E+01  0.44449791E+01
  0.10000000E+01  0.28089360E+01  0.45326778E+01  0.61574430E+01  0.77102142E+01
  0.91938141E+01  0.10611891E+02  0.11962188E+02  0.13248036E+02  0.14467784E+02
  0.15624454E+02  0.16717801E+02  0.17750689E+02  0.18723907E+02  0.19639676E+02
  0.20498682E+02  0.21302285E+02  0.22051021E+02  0.22746042E+02  0.23388235E+02
  0.23978790E+02  0.24518796E+02  0.25009433E+02  0.25451998E+02  0.25847648E+02
  0.26197657E+02  0.26503370E+02  0.26766238E+02  0.26987804E+02  0.27169735E+02
  0.27313611E+02  0.27421282E+02  0.27494423E+02  0.27534958E+02  0.27544732E+02
  0.27525646E+02  0.27479571E+02  0.27408360E+02  0.27313630E+02  0.27197045E+02
  0.27060404E+02  0.26905330E+02  0.26733342E+02  0.26545982E+02  0.26344616E+02
  0.26130478E+02  0.25904971E+02  0.25669269E+02  0.25424305E+02  0.25171274E+02
  0.24910952E+02  0.24644401E+02  0.24372358E+02  0.24095635E+02  0.23814932E+02
  0.23530884E+02  0.23244099E+02  0.22955139E+02  0.22664496E+02  0.22372620E+02
  0.22079850E+02  0.21786530E+02  0.21493048E+02  0.21199698E+02  0.20906765E+02
  0.20614436E+02  0.20322977E+02  0.20032593E+02  0.19743500E+02  0.19455889E+02
  0.19169923E+02  0.18885743E+02  0.18603462E+02  0.18323149E+02  0.18044877E+02
  0.17768720E+02  0.17494770E+02  0.17223092E+02  0.16953762E+02  0.16686842E+02
  0.16422350E+02  0.16160311E+02  0.15900775E+02  0.15643819E+02  0.15389496E+02
  0.15137801E+02  0.14888724E+02  0.14642287E+02  0.14398533E+02  0.14157507E+02
  0.13919229E+02  0.13683711E+02  0.13450961E+02  0.13220996E+02  0.12993820E+02
  0.12769452E+02  0.12547920E+02  0.12329232E+02  0.12113369E+02  0.11900328E+02
  0.11690108E+02  0.11482724E+02  0.11278187E+02  0.11076513E+02  0.10877709E+02
  0.10681737E+02  0.10488567E+02  0.10298173E+02  0.10110579E+02  0.99258200E+01
  0.97438873E+01  0.95647431E+01  0.93883163E+01  0.92145832E+01  0.90435626E+01
  0.88752664E+01  0.87096909E+01  0.85468169E+01  0.83866051E+01  0.82289984E+01
  0.80739815E+01  0.79215515E+01  0.77717081E+01  0.76244259E+01  0.74796575E+01
  0.73373626E+01  0.71975074E+01  0.70600725E+01  0.69250673E+01
  0.10000000E+01  0.28115943E+01  0.45418571E+01  0.61777219E+01  0.77460653E+01
  0.92497559E+01  0.10692368E+02  0.12071750E+02  0.13391132E+02  0.14648889E+02
  0.15847943E+02  0.16987991E+02  0.18071759E+02  0.19099907E+02  0.20074547E+02
  0.20996311E+02  0.21866526E+02  0.22685704E+02  0.23454920E+02  0.24174958E+02
  0.24846881E+02  0.25471632E+02  0.26050227E+02  0.26583785E+02  0.27073290E+02
  0.27519827E+02  0.27924556E+02  0.28288676E+02  0.28613493E+02  0.28900396E+02
  0.29150715E+02  0.29365991E+02  0.29547625E+02  0.29697221E+02  0.29816311E+02
  0.29906469E+02  0.29969244E+02  0.30006167E+02  0.30018600E+02  0.30007941E+02
  0.29975688E+02  0.29923213E+02  0.29851815E+02  0.29762812E+02  0.29657403E+02
  0.29536673E+02  0.29401854E+02  0.29254002E+02  0.29093981E+02  0.28922888E+02
  0.28741485E+02  0.28550754E+02  0.28351430E+02  0.28144298E+02  0.27930080E+02
  0.27709444E+02  0.27483039E+02  0.27251492E+02  0.27015340E+02  0.26775094E+02
  0.26531177E+02  0.26284006E+02  0.26034035E+02  0.25781663E+02  0.25527242E+02
  0.25271048E+02  0.25013416E+02  0.24754647E+02  0.24495030E+02  0.24234836E+02
  0.23974308E+02  0.23713648E+02  0.23453013E+02  0.23192546E+02  0.22932394E+02
  0.22672700E+02  0.22413586E+02  0.22155162E+02  0.21897536E+02  0.21640799E+02
  0.21385028E+02  0.21130289E+02  0.20876689E+02  0.20624330E+02  0.20373291E+02
  0.20123626E+02  0.19875368E+02  0.19628586E+02  0.19383365E+02  0.19139756E+02
  0.18897802E+02  0.18657532E+02  0.18418998E+02  0.18182260E+02  0.17947341E+02
  0.17714269E+02  0.17483082E+02  0.17253785E+02  0.17026398E+02  0.16800955E+02
  0.16577487E+02  0.16356026E+02  0.16136584E+02  0.15919178E+02  0.15703844E+02
  0.15490588E+02  0.15279409E+02  0.15070324E+02  0.14863352E+02  0.14658519E+02
  0.14455842E+02  0.14255315E+02  0.14056918E+02  0.13860645E+02  0.13666512E+02
  0.13474546E+02  0.13284766E+02  0.13097181E+02  0.12911777E+02  0.12728522E+02
  0.12547400E+02  0.12368417E+02  0.12191578E+02  0.12016894E+02  0.11844358E+02
  0.11673928E+02  0.11505592E+02  0.11339340E+02  0.11175183E+02
  0.10000000E+01  0.28152687E+01  0.45545395E+01  0.62055087E+01  0.77946256E+01
  0.93244968E+01  0.10798420E+02  0.12214100E+02  0.13574530E+02  0.14877956E+02
  0.16127063E+02  0.17321324E+02  0.18463189E+02  0.19553051E+02  0.20592779E+02
  0.21582819E+02  0.22524348E+02  0.23417757E+02  0.24263976E+02  0.25063660E+02
  0.25817718E+02  0.26526928E+02  0.27192159E+02  0.27814328E+02  0.28394269E+02
  0.28932889E+02  0.29431153E+02  0.29890073E+02  0.30310740E+02  0.30694314E+02
  0.31041911E+02  0.31354805E+02  0.31634176E+02  0.31881349E+02  0.32097620E+02
  0.32284318E+02  0.32442758E+02  0.32574243E+02  0.32679934E+02  0.32761033E+02
  0.32818838E+02  0.32854551E+02  0.32869327E+02  0.32864344E+02  0.32840687E+02
  0.32799341E+02  0.32741434E+02  0.32667961E+02  0.32579759E+02  0.32477857E+02
  0.32363010E+02  0.32236167E+02  0.32098082E+02  0.31949551E+02  0.31791302E+02
  0.31624047E+02  0.31448458E+02  0.31265196E+02  0.31074874E+02  0.30878069E+02
  0.30675279E+02  0.30466988E+02  0.30253709E+02  0.30035887E+02  0.29813936E+02
  0.29588237E+02  0.29359189E+02  0.29127143E+02  0.28892464E+02  0.28655463E+02
  0.28416441E+02  0.28175665E+02  0.27933370E+02  0.27689744E+02  0.27444965E+02
  0.27199228E+02  0.26952681E+02  0.26705481E+02  0.26457777E+02  0.26209703E+02
  0.25961384E+02  0.25712931E+02  0.25464468E+02  0.25216132E+02  0.24968034E+02
  0.24720253E+02  0.24472849E+02  0.24225930E+02  0.23979597E+02  0.23733942E+02
  0.23489048E+02  0.23244950E+02  0.23001715E+02  0.22759403E+02  0.22518074E+02
  0.22277787E+02  0.22038604E+02  0.21800568E+02  0.21563716E+02  0.21328084E+02
  0.21093717E+02  0.20860659E+02  0.20628946E+02  0.20398636E+02  0.20169774E+02
  0.19942375E+02  0.19716452E+02  0.19492012E+02  0.19269111E+02  0.19047811E+02
  0.18828134E+02  0.18610096E+02  0.18393687E+02  0.18178916E+02  0.17965794E+02
  0.17754384E+02  0.17544728E+02  0.17336857E+02  0.17130780E+02  0.16926461E+02
  0.16723902E+02  0.16523113E+02  0.16324123E+02  0.16126953E+02  0.15931591E+02
  0.15738021E+02  0.15546237E+02  0.15356251E+02  0.15168103E+02
  0.10000000E+01  0.28172888E+01  0.45615904E+01  0.62212246E+01  0.78225258E+01
  0.93682653E+01  0.10861551E+02  0.12300298E+02  0.13687295E+02  0.15020937E+02
  0.16303758E+02  0.17535300E+02  0.18717892E+02  0.19851916E+02  0.20939161E+02
  0.21980087E+02  0.22975839E+02  0.23926811E+02  0.24833889E+02  0.25697654E+02
  0.26518939E+02  0.27298458E+02  0.28036983E+02  0.28735337E+02  0.29394241E+02
  0.30014493E+02  0.30596929E+02  0.31142422E+02  0.31651926E+02  0.32126448E+02
  0.32566954E+02  0.32974534E+02  0.33350192E+02  0.33695051E+02  0.34010204E+02
  0.34296768E+02  0.34555868E+02  0.34788596E+02  0.34995939E+02  0.35178892E+02
  0.35338548E+02  0.35475905E+02  0.35591934E+02  0.35687626E+02  0.35763889E+02
  0.35821562E+02  0.35861602E+02  0.35884854E+02  0.35892037E+02  0.35884039E+02
  0.35861521E+02  0.35825318E+02  0.35776084E+02  0.35714534E+02  0.35641345E+02
  0.35557172E+02  0.35462642E+02  0.35358383E+02  0.35244979E+02  0.35122973E+02
  0.34992863E+02  0.34855133E+02  0.34710287E+02  0.34558797E+02  0.34401102E+02
  0.34237588E+02  0.34068681E+02  0.33894774E+02  0.33716234E+02  0.33533421E+02
  0.33346680E+02  0.33156305E+02  0.32962592E+02  0.32765794E+02  0.32566124E+02
  0.32363806E+02  0.32159048E+02  0.31952032E+02  0.31742936E+02  0.31531936E+02
  0.31319184E+02  0.31104821E+02  0.30889024E+02  0.30671944E+02  0.30453719E+02
  0.30234466E+02  0.30014276E+02  0.29793267E+02  0.29571577E+02  0.29349330E+02
  0.29126612E+02  0.28903512E+02  0.28680107E+02  0.28456458E+02  0.28232647E+02
  0.28008771E+02  0.27784911E+02  0.27561138E+02  0.27337495E+02  0.27114030E+02
  0.26890810E+02  0.26667882E+02  0.26445315E+02  0.26223182E+02  0.26001528E+02
  0.25780394E+02  0.25559805E+02  0.25339805E+02  0.25120448E+02  0.24901805E+02
  0.24683916E+02  0.24466782E+02  0.24250409E+02  0.24034835E+02  0.23820119E+02
  0.23606307E+02  0.23393441E+02  0.23181568E+02  0.22970713E+02  0.22760874E+02
  0.22552072E+02  0.22344321E+02  0.22137628E+02  0.21932009E+02  0.21727465E+02
  0.21524016E+02  0.21321706E+02  0.21120587E+02  0.20920689E+02
  0.10000000E+01  0.28193054E+01  0.45686282E+01  0.62367855E+01  0.78498733E+01
  0.94106387E+01  0.10921941E+02  0.12381727E+02  0.13792566E+02  0.15152876E+02
  0.16465005E+02  0.17728469E+02  0.18945411E+02  0.20116141E+02  0.21242303E+02
  0.22324297E+02  0.23363175E+02  0.24359287E+02  0.25313431E+02  0.26226150E+02
  0.27098199E+02  0.27930214E+02  0.28722898E+02  0.29476989E+02  0.30193143E+02
  0.30872084E+02  0.31514581E+02  0.32121427E+02  0.32693494E+02  0.33231681E+02
  0.33736864E+02  0.34210016E+02  0.34652050E+02  0.35063991E+02  0.35446832E+02
  0.35801585E+02  0.36129262E+02  0.36430834E+02  0.36707200E+02  0.36959260E+02
  0.37188007E+02  0.37394353E+02  0.37579184E+02  0.37743389E+02  0.37887799E+02
  0.38013175E+02  0.38120381E+02  0.38210196E+02  0.38283268E+02  0.38340403E+02
  0.38382215E+02  0.38409474E+02  0.38422784E+02  0.38422813E+02  0.38410180E+02
  0.38385486E+02  0.38349332E+02  0.38302304E+02  0.38244968E+02  0.38177851E+02
  0.38101425E+02  0.38016159E+02  0.37922553E+02  0.37821050E+02  0.37712096E+02
  0.37596082E+02  0.37473429E+02  0.37344520E+02  0.37209728E+02  0.37069428E+02
  0.36923949E+02  0.36773631E+02  0.36618776E+02  0.36459643E+02  0.36296472E+02
  0.36129478E+02  0.35958890E+02  0.35784920E+02  0.35607778E+02  0.35427662E+02
  0.35244746E+02  0.35059205E+02  0.34871211E+02  0.34680931E+02  0.34488543E+02
  0.34294176E+02  0.34097942E+02  0.33899996E+02  0.33700487E+02  0.33499536E+02
  0.33297255E+02  0.33093740E+02  0.32889086E+02  0.32683392E+02  0.32476754E+02
  0.32269282E+02  0.32061063E+02  0.31852178E+02  0.31642686E+02  0.31432662E+02
  0.31222183E+02  0.31011324E+02  0.30800154E+02  0.30588754E+02  0.30377174E+02
  0.30165462E+02  0.29953664E+02  0.29741819E+02  0.29530000E+02  0.29318262E+02
  0.29106659E+02  0.28895212E+02  0.28683945E+02  0.28472907E+02  0.28262157E+02
  0.28051772E+02  0.27841806E+02  0.27632307E+02  0.27423295E+02  0.27214802E+02
  0.27006840E+02  0.26799428E+02  0.26592580E+02  0.26386301E+02  0.26180591E+02
  0.25975477E+02  0.25770992E+02  0.25567202E+02  0.25364178E+02
  0.10000000E+01  0.28204639E+01  0.45727410E+01  0.62460565E+01  0.78664344E+01
  0.94367836E+01  0.10959809E+02  0.12433653E+02  0.13860712E+02  0.15239543E+02
  0.16572377E+02  0.17858825E+02  0.19100958E+02  0.20299137E+02  0.21454960E+02
  0.22568866E+02  0.23641879E+02  0.24674351E+02  0.25667066E+02  0.26620547E+02
  0.27535519E+02  0.28412599E+02  0.29252446E+02  0.30055751E+02  0.30823111E+02
  0.31555211E+02  0.32252763E+02  0.32916502E+02  0.33547244E+02  0.34145820E+02
  0.34713036E+02  0.35249781E+02  0.35756897E+02  0.36235308E+02  0.36685924E+02
  0.37109657E+02  0.37507426E+02  0.37880103E+02  0.38228484E+02  0.38553382E+02
  0.38855687E+02  0.39136205E+02  0.39395731E+02  0.39635051E+02  0.39854904E+02
  0.40055956E+02  0.40238981E+02  0.40404653E+02  0.40553541E+02  0.40686370E+02
  0.40803666E+02  0.40906108E+02  0.40994228E+02  0.41068603E+02  0.41129791E+02
  0.41178336E+02  0.41214781E+02  0.41239641E+02  0.41253418E+02  0.41256588E+02
  0.41249568E+02  0.41232800E+02  0.41206752E+02  0.41171838E+02  0.41128463E+02
  0.41076991E+02  0.41017816E+02  0.40951295E+02  0.40877802E+02  0.40797710E+02
  0.40711347E+02  0.40619022E+02  0.40521020E+02  0.40417612E+02  0.40309028E+02
  0.40195502E+02  0.40077274E+02  0.39954547E+02  0.39827538E+02  0.39696442E+02
  0.39561452E+02  0.39422749E+02  0.39280529E+02  0.39134980E+02  0.38986270E+02
  0.38834550E+02  0.38679948E+02  0.38522615E+02  0.38362724E+02  0.38200418E+02
  0.38035823E+02  0.37869051E+02  0.37700204E+02  0.37529388E+02  0.37356711E+02
  0.37182269E+02  0.37006187E+02  0.36828544E+02  0.36649426E+02  0.36468926E+02
  0.36287127E+02  0.36104099E+02  0.35919925E+02  0.35734699E+02  0.35548497E+02
  0.35361378E+02  0.35173399E+02  0.34984613E+02  0.34795091E+02  0.34604904E+02
  0.34414098E+02  0.34222724E+02  0.34030822E+02  0.33838429E+02  0.33645593E+02
  0.33452393E+02  0.33258923E+02  0.33065250E+02  0.32871427E+02  0.32677480E+02
  0.32483387E+02  0.32289155E+02  0.32094798E+02  0.31900330E+02  0.31705787E+02
  0.31511205E+02  0.31316645E+02  0.31122150E+02  0.30927781E+02
  0.10000000E+01  0.28232573E+01  0.45824517E+01  0.62673830E+01  0.79036594E+01
  0.94939882E+01  0.11040718E+02  0.12541867E+02  0.13999547E+02  0.15412252E+02
  0.16781956E+02  0.18108141E+02  0.19392619E+02  0.20635563E+02  0.21838356E+02
  0.23001294E+02  0.24125252E+02  0.25210494E+02  0.26257683E+02  0.27267254E+02
  0.28239812E+02  0.29175899E+02  0.30076087E+02  0.30940977E+02  0.31771097E+02
  0.32567032E+02  0.33329410E+02  0.34058860E+02  0.34756105E+02  0.35421882E+02
  0.36056908E+02  0.36661963E+02  0.37237806E+02  0.37785226E+02  0.38305045E+02
  0.38798070E+02  0.39265132E+02  0.39707002E+02  0.40124427E+02  0.40518123E+02
  0.40888899E+02  0.41237480E+02  0.41564582E+02  0.41870941E+02  0.42157221E+02
  0.42424033E+02  0.42672093E+02  0.42902028E+02  0.43114372E+02  0.43309797E+02
  0.43488804E+02  0.43652030E+02  0.43799981E+02  0.43933207E+02  0.44052248E+02
  0.44157614E+02  0.44249823E+02  0.44329377E+02  0.44396750E+02  0.44452424E+02
  0.44496815E+02  0.44530359E+02  0.44553496E+02  0.44566647E+02  0.44570201E+02
  0.44564518E+02  0.44550002E+02  0.44527021E+02  0.44495964E+02  0.44457185E+02
  0.44411013E+02  0.44357764E+02  0.44297748E+02  0.44231250E+02  0.44158526E+02
  0.44079819E+02  0.43995373E+02  0.43905401E+02  0.43810114E+02  0.43709746E+02
  0.43604491E+02  0.43494563E+02  0.43380163E+02  0.43261504E+02  0.43138757E+02
  0.43012096E+02  0.42881680E+02  0.42747672E+02  0.42610251E+02  0.42469573E+02
  0.42325776E+02  0.42178979E+02  0.42029319E+02  0.41876919E+02  0.41721899E+02
  0.41564375E+02  0.41404473E+02  0.41242301E+02  0.41077952E+02  0.40911515E+02
  0.40743087E+02  0.40572764E+02  0.40400651E+02  0.40226830E+02  0.40051397E+02
  0.39874430E+02  0.39695995E+02  0.39516152E+02  0.39334979E+02  0.39152577E+02
  0.38969005E+02  0.38784292E+02  0.38598498E+02  0.38411667E+02  0.38223876E+02
  0.38035221E+02  0.37845806E+02  0.37655708E+02  0.37464969E+02  0.37273614E+02
  0.37081639E+02  0.36889059E+02  0.36695894E+02  0.36502164E+02  0.36307897E+02
  0.36113126E+02  0.35917919E+02  0.35722354E+02  0.35526513E+02
  0.10000000E+01  0.28233143E+01  0.45828466E+01  0.62687689E+01  0.79070074E+01
  0.95006701E+01  0.11052212E+02  0.12560003E+02  0.14026131E+02  0.15449287E+02
  0.16831426E+02  0.18172183E+02  0.19473397E+02  0.20735368E+02  0.21959511E+02
  0.23146226E+02  0.24296412E+02  0.25410377E+02  0.26488763E+02  0.27532012E+02
  0.28540701E+02  0.29515336E+02  0.30456426E+02  0.31364520E+02  0.32240071E+02
  0.33083607E+02  0.33895693E+02  0.34676898E+02  0.35427866E+02  0.36149236E+02
  0.36841655E+02  0.37505807E+02  0.38142356E+02  0.38751986E+02  0.39335426E+02
  0.39893351E+02  0.40426481E+02  0.40935486E+02  0.41421009E+02  0.41883658E+02
  0.42324135E+02  0.42743058E+02  0.43141037E+02  0.43518702E+02  0.43876628E+02
  0.44215337E+02  0.44535448E+02  0.44837485E+02  0.45121931E+02  0.45389367E+02
  0.45640224E+02  0.45875069E+02  0.46094332E+02  0.46298517E+02  0.46488088E+02
  0.46663518E+02  0.46825277E+02  0.46973809E+02  0.47109562E+02  0.47232954E+02
  0.47344376E+02  0.47444239E+02  0.47532967E+02  0.47610950E+02  0.47678559E+02
  0.47736140E+02  0.47784068E+02  0.47822688E+02  0.47852371E+02  0.47873469E+02
  0.47886320E+02  0.47891238E+02  0.47888525E+02  0.47878477E+02  0.47861342E+02
  0.47837355E+02  0.47806752E+02  0.47769762E+02  0.47726607E+02  0.47677525E+02
  0.47622714E+02  0.47562389E+02  0.47496743E+02  0.47425983E+02  0.47350319E+02
  0.47269912E+02  0.47184948E+02  0.47095601E+02  0.47002040E+02  0.46904420E+02
  0.46802886E+02  0.46697567E+02  0.46588637E+02  0.46476235E+02  0.46360481E+02
  0.46241499E+02  0.46119393E+02  0.45994264E+02  0.45866230E+02  0.45735400E+02
  0.45601872E+02  0.45465761E+02  0.45327155E+02  0.45186137E+02  0.45042802E+02
  0.44897242E+02  0.44749531E+02  0.44599756E+02  0.44448009E+02  0.44294358E+02
  0.44138875E+02  0.43981598E+02  0.43822603E+02  0.43661958E+02  0.43499753E+02
  0.43336094E+02  0.43171069E+02  0.43004759E+02  0.42837207E+02  0.42668442E+02
  0.42498481E+02  0.42327325E+02  0.42155000E+02  0.41981515E+02  0.41806894E+02
  0.41631195E+02  0.41454483E+02  0.41276867E+02  0.41098424E+02
  0.10000000E+01  0.28227363E+01  0.45809856E+01  0.62650237E+01  0.79010225E+01
  0.94923975E+01  0.11041700E+02  0.12547562E+02  0.14012094E+02  0.15434161E+02
  0.16815736E+02  0.18156614E+02  0.19458707E+02  0.20722451E+02  0.21949346E+02
  0.23139895E+02  0.24295061E+02  0.25415215E+02  0.26501028E+02  0.27552965E+02
  0.28571627E+02  0.29557530E+02  0.30511190E+02  0.31433147E+02  0.32323848E+02
  0.33183819E+02  0.34013618E+02  0.34813826E+02  0.35585082E+02  0.36328002E+02
  0.37043225E+02  0.37731404E+02  0.38393193E+02  0.39029255E+02  0.39640292E+02
  0.40226953E+02  0.40789932E+02  0.41329844E+02  0.41847305E+02  0.42342878E+02
  0.42817236E+02  0.43270954E+02  0.43704604E+02  0.44118762E+02  0.44513971E+02
  0.44890709E+02  0.45249532E+02  0.45590933E+02  0.45915316E+02  0.46223219E+02
  0.46515038E+02  0.46791295E+02  0.47052383E+02  0.47298749E+02  0.47530815E+02
  0.47748987E+02  0.47953691E+02  0.48145366E+02  0.48324407E+02  0.48491213E+02
  0.48646139E+02  0.48789530E+02  0.48921768E+02  0.49043215E+02  0.49154213E+02
  0.49255091E+02  0.49346205E+02  0.49427867E+02  0.49500413E+02  0.49564170E+02
  0.49619440E+02  0.49666537E+02  0.49705746E+02  0.49737322E+02  0.49761509E+02
  0.49778536E+02  0.49788625E+02  0.49791993E+02  0.49788866E+02  0.49779463E+02
  0.49763980E+02  0.49742605E+02  0.49715552E+02  0.49683027E+02  0.49645213E+02
  0.49602278E+02  0.49554384E+02  0.49501687E+02  0.49444371E+02  0.49382606E+02
  0.49316527E+02  0.49246279E+02  0.49171982E+02  0.49093773E+02  0.49011782E+02
  0.48926124E+02  0.48836948E+02  0.48744369E+02  0.48648473E+02  0.48549358E+02
  0.48447145E+02  0.48341914E+02  0.48233787E+02  0.48122858E+02  0.48009214E+02
  0.47892945E+02  0.47774120E+02  0.47652815E+02  0.47529126E+02  0.47403145E+02
  0.47274932E+02  0.47144549E+02  0.47012031E+02  0.46877473E+02  0.46740946E+02
  0.46602555E+02  0.46462420E+02  0.46320618E+02  0.46177201E+02  0.46032191E+02
  0.45885599E+02  0.45737438E+02  0.45587720E+02  0.45436465E+02  0.45283712E+02
  0.45129512E+02  0.44973944E+02  0.44817109E+02  0.44659096E+02
  0.10000000E+01  0.28250780E+01  0.45891606E+01  0.62830019E+01  0.79324293E+01
  0.95406961E+01  0.11110043E+02  0.12639017E+02  0.14129480E+02  0.15580252E+02
  0.16993108E+02  0.18367751E+02  0.19705878E+02  0.21007780E+02  0.22274786E+02
  0.23507292E+02  0.24706146E+02  0.25871654E+02  0.27004388E+02  0.28104743E+02
  0.29173227E+02  0.30210299E+02  0.31216403E+02  0.32192021E+02  0.33137536E+02
  0.34053406E+02  0.34940120E+02  0.35798168E+02  0.36628122E+02  0.37430531E+02
  0.38205957E+02  0.38954967E+02  0.39678142E+02  0.40376050E+02  0.41049328E+02
  0.41698551E+02  0.42324340E+02  0.42927234E+02  0.43507792E+02  0.44066511E+02
  0.44604004E+02  0.45120788E+02  0.45617390E+02  0.46094320E+02  0.46552069E+02
  0.46991090E+02  0.47411890E+02  0.47814929E+02  0.48200596E+02  0.48569378E+02
  0.48921645E+02  0.49257872E+02  0.49578432E+02  0.49883741E+02  0.50174199E+02
  0.50450206E+02  0.50712152E+02  0.50960443E+02  0.51195463E+02  0.51417592E+02
  0.51627180E+02  0.51824560E+02  0.52010096E+02  0.52184127E+02  0.52346985E+02
  0.52498994E+02  0.52640485E+02  0.52771778E+02  0.52893200E+02  0.53005051E+02
  0.53107652E+02  0.53201280E+02  0.53286229E+02  0.53362772E+02  0.53431140E+02
  0.53491557E+02  0.53544246E+02  0.53589426E+02  0.53627309E+02  0.53658118E+02
  0.53682051E+02  0.53699323E+02  0.53710157E+02  0.53714742E+02  0.53713279E+02
  0.53705934E+02  0.53692881E+02  0.53674292E+02  0.53650330E+02  0.53621188E+02
  0.53587028E+02  0.53547972E+02  0.53504179E+02  0.53455793E+02  0.53402936E+02
  0.53345742E+02  0.53284345E+02  0.53218865E+02  0.53149408E+02  0.53076098E+02
  0.52999048E+02  0.52918360E+02  0.52834159E+02  0.52746545E+02  0.52655612E+02
  0.52561471E+02  0.52464195E+02  0.52363884E+02  0.52260619E+02  0.52154498E+02
  0.52045603E+02  0.51933982E+02  0.51819709E+02  0.51702862E+02  0.51583540E+02
  0.51461860E+02  0.51337920E+02  0.51211824E+02  0.51083629E+02  0.50953369E+02
  0.50821068E+02  0.50686726E+02  0.50550362E+02  0.50411985E+02  0.50271631E+02
  0.50129367E+02  0.49985280E+02  0.49839486E+02  0.49692100E+02
  0.10000000E+01  0.28223296E+01  0.45799223E+01  0.62633280E+01  0.78990416E+01
  0.94909180E+01  0.11041564E+02  0.12550009E+02  0.14018319E+02  0.15445642E+02
  0.16833951E+02  0.18183302E+02  0.19495670E+02  0.20771695E+02  0.22012959E+02
  0.23220133E+02  0.24394263E+02  0.25535811E+02  0.26645470E+02  0.27723743E+02
  0.28771241E+02  0.29788504E+02  0.30776054E+02  0.31734441E+02  0.32664088E+02
  0.33565515E+02  0.34439268E+02  0.35285914E+02  0.36106095E+02  0.36900431E+02
  0.37669548E+02  0.38414058E+02  0.39134592E+02  0.39831760E+02  0.40506243E+02
  0.41158649E+02  0.41789640E+02  0.42399774E+02  0.42989614E+02  0.43559667E+02
  0.44110536E+02  0.44642730E+02  0.45156773E+02  0.45653162E+02  0.46132370E+02
  0.46594804E+02  0.47040948E+02  0.47471217E+02  0.47885947E+02  0.48285589E+02
  0.48670445E+02  0.49040960E+02  0.49397444E+02  0.49740280E+02  0.50069804E+02
  0.50386362E+02  0.50690292E+02  0.50981938E+02  0.51261617E+02  0.51529644E+02
  0.51786304E+02  0.52031880E+02  0.52266678E+02  0.52490992E+02  0.52705102E+02
  0.52909263E+02  0.53103759E+02  0.53288841E+02  0.53464790E+02  0.53631878E+02
  0.53790366E+02  0.53940490E+02  0.54082501E+02  0.54216598E+02  0.54342977E+02
  0.54461834E+02  0.54573353E+02  0.54677735E+02  0.54775165E+02  0.54865810E+02
  0.54949842E+02  0.55027425E+02  0.55098736E+02  0.55163967E+02  0.55223284E+02
  0.55276839E+02  0.55324774E+02  0.55367233E+02  0.55404370E+02  0.55436323E+02
  0.55463234E+02  0.55485234E+02  0.55502440E+02  0.55514990E+02  0.55522995E+02
  0.55526571E+02  0.55525836E+02  0.55520889E+02  0.55511834E+02  0.55498759E+02
  0.55481775E+02  0.55460976E+02  0.55436451E+02  0.55408305E+02  0.55376632E+02
  0.55341511E+02  0.55303039E+02  0.55261285E+02  0.55216321E+02  0.55168239E+02
  0.55117100E+02  0.55062965E+02  0.55005910E+02  0.54946012E+02  0.54883349E+02
  0.54818027E+02  0.54750150E+02  0.54679808E+02  0.54607063E+02  0.54531960E+02
  0.54454505E+02  0.54374669E+02  0.54292461E+02  0.54207899E+02  0.54121032E+02
  0.54031930E+02  0.53940703E+02  0.53847458E+02  0.53752260E+02
   128
  0.10000000E+01  0.23751012E+01  0.30464609E+01  0.31228080E+01  0.28586393E+01
  0.24205636E+01  0.19403084E+01  0.14908888E+01  0.11116756E+01  0.80512826E+00
  0.56692540E+00  0.38557756E+00  0.25203538E+00  0.15509660E+00  0.86887220E-01
  0.41162938E-01  0.14058710E-01  0.48974343E-03 -0.50814472E-02 -0.68652762E-02
 -0.67050318E-02 -0.48544229E-02 -0.16056980E-02  0.21264571E-02  0.51523675E-02
  0.67070278E-02  0.66868960E-02  0.55046478E-02  0.37252333E-02  0.17975151E-02
 -0.10086051E-06 -0.15032161E-02 -0.25939390E-02  0.00000000E+00  0.00000000E+00
  0.00000000E+00  0.00000000E+00  0.00000000E+00  0.00000000E+00  0.00000000E+00
  0.00000000E+00  0.00000000E+00  0.00000000E+00  0.00000000E+00  0.00000000E+00
  0.00000000E+00  0.00000000E+00  0.00000000E+00  0.00000000E+00  0.00000000E+00
  0.00000000E+00  0.00000000E+00  0.00000000E+00  0.00000000E+00  0.00000000E+00
  0.00000000E+00  0.00000000E+00  0.00000000E+00  0.00000000E+00  0.00000000E+00
  0.00000000E+00  0.00000000E+00  0.00000000E+00  0.00000000E+00  0.00000000E+00
  0.00000000E+00  0.00000000E+00  0.00000000E+00  0.00000000E+00  0.00000000E+00
  0.00000000E+00  0.00000000E+00  0.00000000E+00  0.00000000E+00  0.00000000E+00
  0.00000000E+00  0.00000000E+00  0.00000000E+00  0.00000000E+00  0.00000000E+00
  0.00000000E+00  0.00000000E+00  0.00000000E+00  0.00000000E+00  0.00000000E+00
  0.00000000E+00  0.00000000E+00  0.00000000E+00  0.00000000E+00  0.00000000E+00
  0.00000000E+00  0.00000000E+00  0.00000000E+00  0.00000000E+00  0.00000000E+00
  0.00000000E+00  0.00000000E+00  0.00000000E+00  0.00000000E+00  0.00000000E+00
  0.00000000E+00  0.00000000E+00  0.00000000E+00  0.00000000E+00  0.00000000E+00
  0.00000000E+00  0.00000000E+00  0.00000000E+00  0.00000000E+00  0.00000000E+00
  0.00000000E+00  0.00000000E+00  0.00000000E+00  0.00000000E+00  0.00000000E+00
  0.00000000E+00  0.00000000E+00  0.00000000E+00  0.00000000E+00  0.00000000E+00
  0.00000000E+00  0.00000000E+00  0.00000000E+00  0.00000000E+00  0.00000000E+00
  0.00000000E+00  0.00000000E+00  0.00000000E+00  0.00000000E+00
  0.10000000E+01  0.25259987E+01  0.35471600E+01  0.40661643E+01  0.42204101E+01
  0.41072521E+01  0.38219128E+01  0.34366995E+01  0.30080392E+01  0.25632522E+01
  0.21269085E+01  0.17147326E+01  0.13428732E+01  0.10178355E+01  0.74530178E+00
  0.52570086E+00  0.35913721E+00  0.23879974E+00  0.15484633E+00  0.97268568E-01
  0.59270632E-01  0.36279474E-01  0.24249285E-01  0.18998076E-01  0.16815785E-01
  0.15217486E-01  0.13085505E-01  0.10297805E-01  0.71801871E-02  0.41156005E-02
  0.13773535E-02 -0.87056630E-03 -0.25358815E-02  0.00000000E+00  0.00000000E+00
  0.00000000E+00  0.00000000E+00  0.00000000E+00  0.00000000E+00  0.00000000E+00
  0.00000000E+00  0.00000000E+00  0.00000000E+00  0.00000000E+00  0.00000000E+00
  0.00000000E+00  0.00000000E+00  0.00000000E+00  0.00000000E+00  0.00000000E+00
  0.00000000E+00  0.00000000E+00  0.00000000E+00  0.00000000E+00  0.00000000E+00
  0.00000000E+00  0.00000000E+00  0.00000000E+00  0.00000000E+00  0.00000000E+00
  0.00000000E+00  0.00000000E+00  0.00000000E+00  0.00000000E+00  0.00000000E+00
  0.00000000E+00  0.00000000E+00  0.00000000E+00  0.00000000E+00  0.00000000E+00
  0.00000000E+00  0.00000000E+00  0.00000000E+00  0.00000000E+00  0.00000000E+00
  0.00000000E+00  0.00000000E+00  0.00000000E+00  0.00000000E+00  0.00000000E+00
  0.00000000E+00  0.00000000E+00  0.00000000E+00  0.00000000E+00  0.00000000E+00
  0.00000000E+00  0.00000000E+00  0.00000000E+00  0.00000000E+00  0.00000000E+00
  0.00000000E+00  0.00000000E+00  0.00000000E+00  0.00000000E+00  0.00000000E+00
  0.00000000E+00  0.00000000E+00  0.00000000E+00  0.00000000E+00  0.00000000E+00
  0.00000000E+00  0.00000000E+00  0.00000000E+00  0.00000000E+00  0.00000000E+00
  0.00000000E+00  0.00000000E+00  0.00000000E+00  0.00000000E+00  0.00000000E+00
  0.00000000E+00  0.00000000E+00  0.00000000E+00  0.00000000E+00  0.00000000E+00
  0.00000000E+00  0.00000000E+00  0.00000000E+00  0.00000000E+00  0.00000000E+00
  0.00000000E+00  0.00000000E+00  0.00000000E+00  0.00000000E+00  0.00000000E+00
  0.00000000E+00  0.00000000E+00  0.00000000E+00  0.00000000E+00
  0.10000000E+01  0.25947740E+01  0.37978624E+01  0.45838800E+01  0.50411110E+01
  0.52294887E+01  0.52104279E+01  0.50343968E+01  0.47449957E+01  0.43668735E+01
  0.39287916E+01  0.34559935E+01  0.29776325E+01  0.25140223E+01  0.20845222E+01
  0.17007633E+01  0.13722297E+01  0.10986954E+01  0.87544191E+00  0.69504231E+00
  0.55164984E+00  0.43996716E+00  0.35419111E+00  0.28790028E+00  0.23530352E+00
  0.19221835E+00  0.15606448E+00  0.12549585E+00  0.99745257E-01  0.78327146E-01
  0.60754923E-01  0.46573847E-01  0.35334076E-01  0.26637929E-01  0.20120358E-01
  0.15414076E-01  0.12140287E-01  0.99562160E-02  0.85219322E-02  0.75178404E-02
  0.66808326E-02  0.58399936E-02  0.49582673E-02  0.40712336E-02  0.32186061E-02
  0.24058043E-02  0.16271381E-02  0.92487015E-03  0.35529718E-03 -0.30419986E-04
  0.00000000E+00  0.00000000E+00  0.00000000E+00  0.00000000E+00  0.00000000E+00
  0.00000000E+00  0.00000000E+00  0.00000000E+00  0.00000000E+00  0.00000000E+00
  0.00000000E+00  0.00000000E+00  0.00000000E+00  0.00000000E+00  0.00000000E+00
  0.00000000E+00  0.00000000E+00  0.00000000E+00  0.00000000E+00  0.00000000E+00
  0.00000000E+00  0.00000000E+00  0.00000000E+00  0.00000000E+00  0.00000000E+00
  0.00000000E+00  0.00000000E+00  0.00000000E+00  0.00000000E+00  0.00000000E+00
  0.00000000E+00  0.00000000E+00  0.00000000E+00  0.00000000E+00  0.00000000E+00
  0.00000000E+00  0.00000000E+00  0.00000000E+00  0.00000000E+00  0.00000000E+00
  0.00000000E+00  0.00000000E+00  0.00000000E+00  0.00000000E+00  0.00000000E+00
  0.00000000E+00  0.00000000E+00  0.00000000E+00  0.00000000E+00  0.00000000E+00
  0.00000000E+00  0.00000000E+00  0.00000000E+00  0.00000000E+00  0.00000000E+00
  0.00000000E+00  0.00000000E+00  0.00000000E+00  0.00000000E+00  0.00000000E+00
  0.00000000E+00  0.00000000E+00  0.00000000E+00  0.00000000E+00  0.00000000E+00
  0.00000000E+00  0.00000000E+00  0.00000000E+00  0.00000000E+00  0.00000000E+00
  0.00000000E+00  0.00000000E+00  0.00000000E+00  0.00000000E+00  0.00000000E+00
  0.00000000E+00  0.00000000E+00  0.00000000E+00  0.00000000E+00
  0.10000000E+01  0.26334567E+01  0.39419526E+01  0.48986755E+01  0.55717649E+01
  0.60034211E+01  0.62348078E+01  0.63002180E+01  0.62298461E+01  0.60409583E+01
  0.57554906E+01  0.53943605E+01  0.49838862E+01  0.45452347E+01  0.41003011E+01
  0.36652971E+01  0.32550169E+01  0.28762628E+01  0.25320435E+01  0.22219083E+01
  0.19453740E+01  0.17010972E+01  0.14863049E+01  0.12970192E+01  0.11292213E+01
  0.97994605E+00  0.84709691E+00  0.72937518E+00  0.62561031E+00  0.53473257E+00
  0.45558087E+00  0.38704949E+00  0.32803775E+00  0.27747480E+00  0.23431293E+00
  0.19759469E+00  0.16644506E+00  0.14007090E+00  0.11768832E+00  0.98553622E-01
  0.82094019E-01  0.67948212E-01  0.55865127E-01  0.45605041E-01  0.36914721E-01
  0.29587716E-01  0.23473999E-01  0.18411796E-01  0.14243248E-01  0.10859364E-01
  0.81698182E-02  0.61128429E-02  0.45887230E-02  0.35051319E-02  0.27711635E-02
  0.23062264E-02  0.20167643E-02  0.18093087E-02  0.16295908E-02  0.14401973E-02
  0.12248758E-02  0.98691050E-03  0.74008867E-03  0.52366216E-03  0.35888749E-03
  0.21584062E-03  0.92829250E-04  0.10717989E-04  0.17544286E-06  0.00000000E+00
  0.00000000E+00  0.00000000E+00  0.00000000E+00  0.00000000E+00  0.00000000E+00
  0.00000000E+00  0.00000000E+00  0.00000000E+00  0.00000000E+00  0.00000000E+00
  0.00000000E+00  0.00000000E+00  0.00000000E+00  0.00000000E+00  0.00000000E+00
  0.00000000E+00  0.00000000E+00  0.00000000E+00  0.00000000E+00  0.00000000E+00
  0.00000000E+00  0.00000000E+00  0.00000000E+00  0.00000000E+00  0.00000000E+00
  0.00000000E+00  0.00000000E+00  0.00000000E+00  0.00000000E+00  0.00000000E+00
  0.00000000E+00  0.00000000E+00  0.00000000E+00  0.00000000E+00  0.00000000E+00
  0.00000000E+00  0.00000000E+00  0.00000000E+00  0.00000000E+00  0.00000000E+00
  0.00000000E+00  0.00000000E+00  0.00000000E+00  0.00000000E+00  0.00000000E+00
  0.00000000E+00  0.00000000E+00  0.00000000E+00  0.00000000E+00  0.00000000E+00
  0.00000000E+00  0.00000000E+00  0.00000000E+00  0.00000000E+00  0.00000000E+00
  0.00000000E+00  0.00000000E+00  0.00000000E+00  0.00000000E+00
  0.10000000E+01  0.26662493E+01  0.40601559E+01  0.51517568E+01  0.59943606E+01
  0.66176350E+01  0.70493720E+01  0.73135830E+01  0.74327229E+01  0.74205832E+01
  0.72953056E+01  0.70744587E+01  0.67805920E+01  0.64327842E+01  0.60513283E+01
  0.56523188E+01  0.52511823E+01  0.48571448E+01  0.44766640E+01  0.41130774E+01
  0.37692401E+01  0.34467565E+01  0.31456205E+01  0.28645000E+01  0.26017484E+01
  0.23563670E+01  0.21278453E+01  0.19160725E+01  0.17207658E+01  0.15415961E+01
  0.13779971E+01  0.12293402E+01  0.10949106E+01  0.97383600E+00  0.86517054E+00
  0.76784770E+00  0.68075273E+00  0.60292551E+00  0.53340494E+00  0.47130389E+00
  0.41581007E+00  0.36626862E+00  0.32212107E+00  0.28291048E+00  0.24810624E+00
  0.21718612E+00  0.18969823E+00  0.16528371E+00  0.14360140E+00  0.12442424E+00
  0.10751190E+00  0.92776294E-01  0.80060501E-01  0.69184112E-01  0.59859275E-01
  0.51840888E-01  0.44945434E-01  0.39014294E-01  0.33889015E-01  0.29407687E-01
  0.25494524E-01  0.22082780E-01  0.19124878E-01  0.16576236E-01  0.14383310E-01
  0.12513246E-01  0.10958007E-01  0.96747486E-02  0.86179937E-02  0.77534805E-02
  0.70479077E-02  0.64540344E-02  0.59162377E-02  0.53997611E-02  0.49197578E-02
  0.44748540E-02  0.40148686E-02  0.35377433E-02  0.30640446E-02  0.26391910E-02
  0.22764406E-02  0.19467916E-02  0.16294720E-02  0.13519629E-02  0.11455823E-02
  0.99573191E-03  0.84793842E-03  0.68960369E-03  0.53318404E-03  0.41629536E-03
  0.33504198E-03  0.25830265E-03  0.19887336E-03  0.15523445E-03  0.12453918E-03
  0.10685695E-03  0.11186166E-03  0.12733202E-03  0.14403364E-03  0.16776263E-03
  0.19148599E-03  0.22108444E-03  0.26014357E-03  0.28376256E-03  0.27343118E-03
  0.25047993E-03  0.21214777E-03  0.18097870E-03  0.14878093E-03  0.96691305E-04
  0.34373525E-04 -0.39853198E-04  0.00000000E+00  0.00000000E+00  0.00000000E+00
  0.00000000E+00  0.00000000E+00  0.00000000E+00  0.00000000E+00  0.00000000E+00
  0.00000000E+00  0.00000000E+00  0.00000000E+00  0.00000000E+00  0.00000000E+00
  0.00000000E+00  0.00000000E+00  0.00000000E+00  0.00000000E+00
  0.10000000E+01  0.26866949E+01  0.41324500E+01  0.53073251E+01  0.62586986E+01
  0.70104545E+01  0.75842580E+01  0.79985697E+01  0.82714559E+01  0.84142860E+01
  0.84423736E+01  0.83703205E+01  0.82170173E+01  0.79985318E+01  0.77319705E+01
  0.74311403E+01  0.71095884E+01  0.67760914E+01  0.64376251E+01  0.60987149E+01
  0.57634683E+01  0.54349006E+01  0.51146119E+01  0.48030935E+01  0.45004615E+01
  0.42072325E+01  0.39243081E+01  0.36527160E+01  0.33931980E+01  0.31463620E+01
  0.29125424E+01  0.26920323E+01  0.24850023E+01  0.22913380E+01  0.21108340E+01
  0.19429899E+01  0.17871859E+01  0.16429147E+01  0.15094815E+01  0.13862720E+01
  0.12726231E+01  0.11679422E+01  0.10716133E+01  0.98315708E+00  0.90188004E+00
  0.82712353E+00  0.75833770E+00  0.69505014E+00  0.63674099E+00  0.58322299E+00
  0.53401689E+00  0.48905851E+00  0.44799245E+00  0.41058385E+00  0.37641543E+00
  0.34515485E+00  0.31651035E+00  0.29023821E+00  0.26617096E+00  0.24409891E+00
  0.22383849E+00  0.20521516E+00  0.18808306E+00  0.17234773E+00  0.15793733E+00
  0.14473882E+00  0.13263589E+00  0.12153150E+00  0.11135068E+00  0.10202444E+00
  0.93477859E-01  0.85628379E-01  0.78405225E-01  0.71755534E-01  0.65649736E-01
  0.60026344E-01  0.54831790E-01  0.50023715E-01  0.45589322E-01  0.41526784E-01
  0.37814407E-01  0.34405339E-01  0.31278285E-01  0.28436411E-01  0.25876897E-01
  0.23571323E-01  0.21461413E-01  0.19502722E-01  0.17691729E-01  0.16019378E-01
  0.14482972E-01  0.13084981E-01  0.11809584E-01  0.10652289E-01  0.95942438E-02
  0.86404344E-02  0.78068140E-02  0.70800544E-02  0.64360160E-02  0.58414461E-02
  0.52677341E-02  0.47372300E-02  0.42769734E-02  0.38781741E-02  0.35009471E-02
  0.31248116E-02  0.27683333E-02  0.24525662E-02  0.21813766E-02  0.19311416E-02
  0.16941287E-02  0.14719436E-02  0.12690159E-02  0.10802102E-02  0.89060249E-03
  0.71453698E-03  0.58009198E-03  0.49530077E-03  0.42883123E-03  0.34771223E-03
  0.26812910E-03  0.22292569E-03  0.21790259E-03  0.22346186E-03  0.19029426E-03
  0.12143577E-03  0.56691260E-04  0.25570705E-04  0.24435878E-04
  0.10000000E+01  0.27157923E+01  0.42356253E+01  0.55287825E+01  0.66340038E+01
  0.75669849E+01  0.83412849E+01  0.89680743E+01  0.94599387E+01  0.98250683E+01
  0.10075230E+02  0.10221255E+02  0.10277389E+02  0.10255773E+02  0.10169255E+02
  0.10028376E+02  0.98438816E+01  0.96234810E+01  0.93742522E+01  0.91016820E+01
  0.88109583E+01  0.85064531E+01  0.81914537E+01  0.78684743E+01  0.75396737E+01
  0.72073511E+01  0.68741543E+01  0.65425620E+01  0.62146464E+01  0.58923193E+01
  0.55771824E+01  0.52708215E+01  0.49746251E+01  0.46895641E+01  0.44164655E+01
  0.41556502E+01  0.39072461E+01  0.36714716E+01  0.34481576E+01  0.32372127E+01
  0.30383502E+01  0.28512493E+01  0.26754154E+01  0.25105224E+01  0.23558118E+01
  0.22105238E+01  0.20740737E+01  0.19459474E+01  0.18254905E+01  0.17125879E+01
  0.16065040E+01  0.15072211E+01  0.14142317E+01  0.13272993E+01  0.12458627E+01
  0.11694515E+01  0.10976468E+01  0.10301545E+01  0.96674979E+00  0.90715982E+00
  0.85108054E+00  0.79825003E+00  0.74850742E+00  0.70171675E+00  0.65776639E+00
  0.61646552E+00  0.57764983E+00  0.54113120E+00  0.50678384E+00  0.47447187E+00
  0.44409646E+00  0.41556611E+00  0.38878462E+00  0.36365136E+00  0.34003444E+00
  0.31783907E+00  0.29699638E+00  0.27743200E+00  0.25909564E+00  0.24189131E+00
  0.22572222E+00  0.21053924E+00  0.19631686E+00  0.18301142E+00  0.17058142E+00
  0.15896931E+00  0.14812181E+00  0.13800939E+00  0.12859165E+00  0.11981834E+00
  0.11163064E+00  0.10400989E+00  0.96918228E-01  0.90322373E-01  0.84172317E-01
  0.78434179E-01  0.73094196E-01  0.68132392E-01  0.63521652E-01  0.59190919E-01
  0.55125020E-01  0.51310687E-01  0.47754499E-01  0.44452865E-01  0.41369605E-01
  0.38491981E-01  0.35773669E-01  0.33230141E-01  0.30870744E-01  0.28674306E-01
  0.26642881E-01  0.24765217E-01  0.23027229E-01  0.21401521E-01  0.19882178E-01
  0.18465188E-01  0.17152223E-01  0.15952441E-01  0.14836759E-01  0.13783965E-01
  0.12812261E-01  0.11939703E-01  0.11157056E-01  0.10432409E-01  0.97405386E-02
  0.90883548E-02  0.84745487E-02  0.79267550E-02  0.74099368E-02
  0.10000000E+01  0.27367757E+01  0.43094746E+01  0.56882167E+01  0.69072659E+01
  0.79777461E+01  0.89089381E+01  0.97074538E+01  0.10382366E+02  0.10939254E+02
  0.11387184E+02  0.11733995E+02  0.11990397E+02  0.12165240E+02  0.12267773E+02
  0.12305462E+02  0.12286137E+02  0.12215705E+02  0.12100181E+02  0.11944643E+02
  0.11754085E+02  0.11533027E+02  0.11285232E+02  0.11014054E+02  0.10722573E+02
  0.10413932E+02  0.10091735E+02  0.97592864E+01  0.94195284E+01  0.90752653E+01
  0.87290450E+01  0.83835319E+01  0.80411360E+01  0.77038100E+01  0.73733136E+01
  0.70507930E+01  0.67372086E+01  0.64336332E+01  0.61405924E+01  0.58586747E+01
  0.55881752E+01  0.53292307E+01  0.50817078E+01  0.48456456E+01  0.46204816E+01
  0.44056365E+01  0.42006978E+01  0.40052984E+01  0.38188229E+01  0.36413125E+01
  0.34719618E+01  0.33108435E+01  0.31574246E+01  0.30115069E+01  0.28725252E+01
  0.27399865E+01  0.26134471E+01  0.24926231E+01  0.23772746E+01  0.22671035E+01
  0.21618086E+01  0.20611063E+01  0.19648183E+01  0.18727983E+01  0.17849164E+01
  0.17009816E+01  0.16208350E+01  0.15442683E+01  0.14711174E+01  0.14012026E+01
  0.13344129E+01  0.12706425E+01  0.12097941E+01  0.11517666E+01  0.10964095E+01
  0.10435930E+01  0.99321224E+00  0.94517345E+00  0.89938464E+00  0.85574298E+00
  0.81412232E+00  0.77443440E+00  0.73660923E+00  0.70055827E+00  0.66623853E+00
  0.63356107E+00  0.60244602E+00  0.57282926E+00  0.54464673E+00  0.51787631E+00
  0.49245842E+00  0.46831884E+00  0.44536790E+00  0.42353287E+00  0.40276356E+00
  0.38301694E+00  0.36426553E+00  0.34645125E+00  0.32949232E+00  0.31333587E+00
  0.29794270E+00  0.28328443E+00  0.26933565E+00  0.25605390E+00  0.24340827E+00
  0.23137772E+00  0.21993484E+00  0.20905096E+00  0.19869734E+00  0.18884546E+00
  0.17947724E+00  0.17057749E+00  0.16211891E+00  0.15406511E+00  0.14636900E+00
  0.13904407E+00  0.13209834E+00  0.12551312E+00  0.11927521E+00  0.11335593E+00
  0.10773346E+00  0.10239884E+00  0.97361255E-01  0.92601865E-01  0.88096171E-01
  0.83827608E-01  0.79794073E-01  0.75989628E-01  0.72376624E-01
  0.10000000E+01  0.27552112E+01  0.43736820E+01  0.58268033E+01  0.71454704E+01
  0.83375335E+01  0.94094597E+01  0.10364475E+02  0.11209014E+02  0.11946302E+02
  0.12583152E+02  0.13124867E+02  0.13579303E+02  0.13952575E+02  0.14250963E+02
  0.14479255E+02  0.14642632E+02  0.14745098E+02  0.14791214E+02  0.14785060E+02
  0.14730840E+02  0.14632567E+02  0.14493822E+02  0.14318097E+02  0.14108749E+02
  0.13869157E+02  0.13603246E+02  0.13314657E+02  0.13006816E+02  0.12683088E+02
  0.12346660E+02  0.12000937E+02  0.11649065E+02  0.11293792E+02  0.10937694E+02
  0.10582722E+02  0.10230625E+02  0.98832531E+01  0.95418517E+01  0.92077300E+01
  0.88818356E+01  0.85648609E+01  0.82571783E+01  0.79593010E+01  0.76710409E+01
  0.73921617E+01  0.71225853E+01  0.68622043E+01  0.66106019E+01  0.63680690E+01
  0.61338814E+01  0.59082621E+01  0.56907385E+01  0.54812416E+01  0.52792588E+01
  0.50843729E+01  0.48962001E+01  0.47145128E+01  0.45391294E+01  0.43697781E+01
  0.42061663E+01  0.40480566E+01  0.38953168E+01  0.37478283E+01  0.36055073E+01
  0.34681805E+01  0.33357311E+01  0.32079310E+01  0.30846536E+01  0.29657187E+01
  0.28509939E+01  0.27403992E+01  0.26338533E+01  0.25312401E+01  0.24324022E+01
  0.23371930E+01  0.22454954E+01  0.21572182E+01  0.20722640E+01  0.19905178E+01
  0.19118401E+01  0.18361129E+01  0.17632319E+01  0.16931134E+01  0.16256908E+01
  0.15608726E+01  0.14985610E+01  0.14386535E+01  0.13810754E+01  0.13257660E+01
  0.12726706E+01  0.12216907E+01  0.11727136E+01  0.11256531E+01  0.10804390E+01
  0.10370207E+01  0.99534231E+00  0.95529410E+00  0.91677971E+00  0.87974732E+00
  0.84414170E+00  0.80997122E+00  0.77718232E+00  0.74567834E+00  0.71540468E+00
  0.68631559E+00  0.65837247E+00  0.63157880E+00  0.60589774E+00  0.58127805E+00
  0.55765605E+00  0.53497698E+00  0.51322800E+00  0.49238576E+00  0.47241405E+00
  0.45326677E+00  0.43489204E+00  0.41725428E+00  0.40032302E+00  0.38408805E+00
  0.36852030E+00  0.35358770E+00  0.33925614E+00  0.32548866E+00  0.31228322E+00
  0.29962093E+00  0.28747484E+00  0.27583210E+00  0.26464537E+00
  0.10000000E+01  0.27690937E+01  0.44214433E+01  0.59305249E+01  0.73251928E+01
  0.86116511E+01  0.97950540E+01  0.10876703E+02  0.11861428E+02  0.12750653E+02
  0.13549482E+02  0.14261250E+02  0.14891800E+02  0.15445307E+02  0.15926192E+02
  0.16337535E+02  0.16682775E+02  0.16964512E+02  0.17185979E+02  0.17350130E+02
  0.17460112E+02  0.17519015E+02  0.17529694E+02  0.17495065E+02  0.17418029E+02
  0.17301536E+02  0.17149073E+02  0.16963957E+02  0.16749409E+02  0.16508699E+02
  0.16245038E+02  0.15961905E+02  0.15662588E+02  0.15350095E+02  0.15027306E+02
  0.14696590E+02  0.14360172E+02  0.14020376E+02  0.13678995E+02  0.13337873E+02
  0.12998509E+02  0.12662170E+02  0.12329770E+02  0.12002328E+02  0.11680194E+02
  0.11363643E+02  0.11053056E+02  0.10748709E+02  0.10450593E+02  0.10159262E+02
  0.98743262E+01  0.95961889E+01  0.93245995E+01  0.90596899E+01  0.88011999E+01
  0.85489138E+01  0.83026217E+01  0.80622439E+01  0.78277086E+01  0.75988701E+01
  0.73755719E+01  0.71576648E+01  0.69451104E+01  0.67378480E+01  0.65358527E+01
  0.63390275E+01  0.61473109E+01  0.59605567E+01  0.57786684E+01  0.56015259E+01
  0.54290644E+01  0.52612560E+01  0.50980494E+01  0.49393792E+01  0.47851261E+01
  0.46351969E+01  0.44895314E+01  0.43480565E+01  0.42106730E+01  0.40772550E+01
  0.39476913E+01  0.38218980E+01  0.36998147E+01  0.35813544E+01  0.34664239E+01
  0.33549252E+01  0.32467864E+01  0.31419468E+01  0.30403324E+01  0.29418750E+01
  0.28464852E+01  0.27540757E+01  0.26645577E+01  0.25778354E+01  0.24938266E+01
  0.24124761E+01  0.23337072E+01  0.22574429E+01  0.21835967E+01  0.21120932E+01
  0.20428457E+01  0.19758057E+01  0.19109319E+01  0.18481530E+01  0.17874099E+01
  0.17286581E+01  0.16718243E+01  0.16168534E+01  0.15637089E+01  0.15123490E+01
  0.14627066E+01  0.14147097E+01  0.13683026E+01  0.13234328E+01  0.12800809E+01
  0.12381831E+01  0.11976925E+01  0.11585515E+01  0.11207111E+01  0.10841491E+01
  0.10488152E+01  0.10146671E+01  0.98165583E+00  0.94972880E+00  0.91886616E+00
  0.88904914E+00  0.86026268E+00  0.83243541E+00  0.80550854E+00
  0.10000000E+01  0.27813019E+01  0.44632704E+01  0.60212975E+01  0.74822676E+01
  0.88510498E+01  0.10131656E+02  0.11323890E+02  0.12431293E+02  0.13453896E+02
  0.14395412E+02  0.15257570E+02  0.16044536E+02  0.16758867E+02  0.17403552E+02
  0.17980387E+02  0.18491565E+02  0.18938677E+02  0.19323939E+02  0.19649407E+02
  0.19917357E+02  0.20130077E+02  0.20289761E+02  0.20398755E+02  0.20459447E+02
  0.20474270E+02  0.20446135E+02  0.20377871E+02  0.20272321E+02  0.20132464E+02
  0.19961297E+02  0.19762089E+02  0.19537967E+02  0.19291931E+02  0.19026893E+02
  0.18745412E+02  0.18449948E+02  0.18143042E+02  0.17826828E+02  0.17503489E+02
  0.17174933E+02  0.16842838E+02  0.16508586E+02  0.16173582E+02  0.15838677E+02
  0.15504631E+02  0.15172272E+02  0.14842268E+02  0.14515016E+02  0.14191353E+02
  0.13871298E+02  0.13555480E+02  0.13243946E+02  0.12937023E+02  0.12634707E+02
  0.12337004E+02  0.12043920E+02  0.11755579E+02  0.11472055E+02  0.11193312E+02
  0.10919283E+02  0.10649948E+02  0.10385366E+02  0.10125575E+02  0.98706201E+01
  0.96204709E+01  0.93751120E+01  0.91344632E+01  0.88985139E+01  0.86672216E+01
  0.84405782E+01  0.82185910E+01  0.80012762E+01  0.77885986E+01  0.75804842E+01
  0.73768902E+01  0.71777970E+01  0.69831773E+01  0.67929614E+01  0.66070753E+01
  0.64254538E+01  0.62480373E+01  0.60747919E+01  0.59056669E+01  0.57405965E+01
  0.55795357E+01  0.54224377E+01  0.52692509E+01  0.51199142E+01  0.49743678E+01
  0.48325694E+01  0.46944497E+01  0.45599259E+01  0.44289100E+01  0.43013192E+01
  0.41770973E+01  0.40561903E+01  0.39385303E+01  0.38240117E+01  0.37125481E+01
  0.36040762E+01  0.34985670E+01  0.33959761E+01  0.32962350E+01  0.31992767E+01
  0.31050218E+01  0.30134140E+01  0.29244190E+01  0.28379875E+01  0.27540461E+01
  0.26725224E+01  0.25933400E+01  0.25164520E+01  0.24418273E+01  0.23694189E+01
  0.22991537E+01  0.22309298E+01  0.21646756E+01  0.21003688E+01  0.20379822E+01
  0.19774790E+01  0.19187913E+01  0.18618374E+01  0.18065576E+01  0.17529399E+01
  0.17009557E+01  0.16505822E+01  0.16017377E+01  0.15543439E+01
  0.10000000E+01  0.27874413E+01  0.44841509E+01  0.60670457E+01  0.75622403E+01
  0.89744204E+01  0.10307295E+02  0.11560427E+02  0.12736951E+02  0.13836515E+02
  0.14862264E+02  0.15815294E+02  0.16699044E+02  0.17515401E+02  0.18266859E+02
  0.18954834E+02  0.19581150E+02  0.20147090E+02  0.20654421E+02  0.21104749E+02
  0.21499869E+02  0.21841586E+02  0.22131603E+02  0.22371770E+02  0.22563948E+02
  0.22710078E+02  0.22812450E+02  0.22873317E+02  0.22894981E+02  0.22879857E+02
  0.22830413E+02  0.22749334E+02  0.22639239E+02  0.22502661E+02  0.22342091E+02
  0.22159786E+02  0.21957937E+02  0.21738825E+02  0.21504458E+02  0.21256872E+02
  0.20997928E+02  0.20729335E+02  0.20452562E+02  0.20169094E+02  0.19880010E+02
  0.19586318E+02  0.19289055E+02  0.18989139E+02  0.18687256E+02  0.18384408E+02
  0.18080957E+02  0.17777716E+02  0.17475028E+02  0.17173449E+02  0.16873251E+02
  0.16574667E+02  0.16277933E+02  0.15983342E+02  0.15691145E+02  0.15401492E+02
  0.15114499E+02  0.14830283E+02  0.14548997E+02  0.14270761E+02  0.13995720E+02
  0.13723955E+02  0.13455544E+02  0.13190495E+02  0.12928828E+02  0.12670547E+02
  0.12415705E+02  0.12164382E+02  0.11916673E+02  0.11672592E+02  0.11432094E+02
  0.11195163E+02  0.10961826E+02  0.10732138E+02  0.10506111E+02  0.10283718E+02
  0.10064937E+02  0.98497370E+01  0.96381128E+01  0.94300726E+01  0.92256076E+01
  0.90247188E+01  0.88273834E+01  0.86335685E+01  0.84432656E+01  0.82564606E+01
  0.80731452E+01  0.78933033E+01  0.77168757E+01  0.75438061E+01  0.73740725E+01
  0.72076909E+01  0.70446259E+01  0.68848197E+01  0.67281973E+01  0.65746970E+01
  0.64243062E+01  0.62770206E+01  0.61327951E+01  0.59915770E+01  0.58533102E+01
  0.57179360E+01  0.55854332E+01  0.54557738E+01  0.53289343E+01  0.52048653E+01
  0.50835084E+01  0.49648283E+01  0.48488068E+01  0.47353963E+01  0.46245577E+01
  0.45162345E+01  0.44103464E+01  0.43068505E+01  0.42057157E+01  0.41069106E+01
  0.40103989E+01  0.39161335E+01  0.38240437E+01  0.37340775E+01  0.36462137E+01
  0.35604305E+01  0.34766838E+01  0.33949220E+01  0.33150938E+01
  0.10000000E+01  0.27938119E+01  0.45059955E+01  0.61147361E+01  0.76452061E+01
  0.91016646E+01  0.10487290E+02  0.11801243E+02  0.13046104E+02  0.14221136E+02
  0.15328894E+02  0.16369868E+02  0.17346751E+02  0.18260762E+02  0.19113821E+02
  0.19906919E+02  0.20641457E+02  0.21318381E+02  0.21939064E+02  0.22504748E+02
  0.23016827E+02  0.23476723E+02  0.23885785E+02  0.24245492E+02  0.24557336E+02
  0.24822905E+02  0.25044017E+02  0.25222493E+02  0.25360221E+02  0.25459182E+02
  0.25521426E+02  0.25549212E+02  0.25544748E+02  0.25510201E+02  0.25447717E+02
  0.25359263E+02  0.25246799E+02  0.25112376E+02  0.24957844E+02  0.24785102E+02
  0.24595927E+02  0.24391993E+02  0.24174804E+02  0.23945861E+02  0.23706346E+02
  0.23457412E+02  0.23200224E+02  0.22935849E+02  0.22665207E+02  0.22389423E+02
  0.22109130E+02  0.21825277E+02  0.21538433E+02  0.21249332E+02  0.20958481E+02
  0.20666337E+02  0.20373342E+02  0.20079952E+02  0.19786568E+02  0.19493491E+02
  0.19201003E+02  0.18909380E+02  0.18618891E+02  0.18329771E+02  0.18042246E+02
  0.17756488E+02  0.17472650E+02  0.17190819E+02  0.16911117E+02  0.16633629E+02
  0.16358446E+02  0.16085695E+02  0.15815495E+02  0.15547894E+02  0.15282905E+02
  0.15020571E+02  0.14760972E+02  0.14504191E+02  0.14250256E+02  0.13999161E+02
  0.13750912E+02  0.13505534E+02  0.13263062E+02  0.13023556E+02  0.12787036E+02
  0.12553510E+02  0.12322985E+02  0.12095457E+02  0.11870965E+02  0.11649524E+02
  0.11431159E+02  0.11215867E+02  0.11003625E+02  0.10794419E+02  0.10588248E+02
  0.10385141E+02  0.10185124E+02  0.99881513E+01  0.97941848E+01  0.96032062E+01
  0.94152410E+01  0.92303048E+01  0.90483676E+01  0.88694049E+01  0.86933689E+01
  0.85202382E+01  0.83500093E+01  0.81827133E+01  0.80183348E+01  0.78568266E+01
  0.76981393E+01  0.75422405E+01  0.73891279E+01  0.72387987E+01  0.70912556E+01
  0.69464310E+01  0.68042547E+01  0.66646932E+01  0.65277166E+01  0.63933469E+01
  0.62615616E+01  0.61323111E+01  0.60055171E+01  0.58811383E+01  0.57591695E+01
  0.56395972E+01  0.55224126E+01  0.54075739E+01  0.52950187E+01
  0.10000000E+01  0.27965843E+01  0.45155445E+01  0.61359181E+01  0.76826901E+01
  0.91602380E+01  0.10571644E+02  0.11916228E+02  0.13196463E+02  0.14411666E+02
  0.15564233E+02  0.16654597E+02  0.17685256E+02  0.18657305E+02  0.19572552E+02
  0.20431941E+02  0.21236819E+02  0.21988094E+02  0.22686994E+02  0.23334623E+02
  0.23932193E+02  0.24480946E+02  0.24982032E+02  0.25436713E+02  0.25846233E+02
  0.26211931E+02  0.26535326E+02  0.26817961E+02  0.27061406E+02  0.27267335E+02
  0.27437458E+02  0.27573647E+02  0.27677730E+02  0.27751500E+02  0.27796737E+02
  0.27815103E+02  0.27808254E+02  0.27777908E+02  0.27725627E+02  0.27653001E+02
  0.27561557E+02  0.27452740E+02  0.27327887E+02  0.27188340E+02  0.27035175E+02
  0.26869445E+02  0.26692231E+02  0.26504527E+02  0.26307244E+02  0.26101468E+02
  0.25887895E+02  0.25667456E+02  0.25440778E+02  0.25208614E+02  0.24971556E+02
  0.24730178E+02  0.24485003E+02  0.24236577E+02  0.23985375E+02  0.23731788E+02
  0.23476191E+02  0.23218970E+02  0.22960505E+02  0.22701109E+02  0.22441074E+02
  0.22180646E+02  0.21920063E+02  0.21659505E+02  0.21399163E+02  0.21139207E+02
  0.20879784E+02  0.20621052E+02  0.20363166E+02  0.20106257E+02  0.19850412E+02
  0.19595704E+02  0.19342277E+02  0.19090242E+02  0.18839664E+02  0.18590597E+02
  0.18343096E+02  0.18097232E+02  0.17853053E+02  0.17610642E+02  0.17370057E+02
  0.17131350E+02  0.16894559E+02  0.16659730E+02  0.16426903E+02  0.16196106E+02
  0.15967368E+02  0.15740719E+02  0.15516183E+02  0.15293781E+02  0.15073525E+02
  0.14855470E+02  0.14639641E+02  0.14426024E+02  0.14214630E+02  0.14005469E+02
  0.13798580E+02  0.13593987E+02  0.13391685E+02  0.13191665E+02  0.12993912E+02
  0.12798430E+02  0.12605266E+02  0.12414439E+02  0.12225952E+02  0.12039781E+02
  0.11855929E+02  0.11674388E+02  0.11495161E+02  0.11318252E+02  0.11143652E+02
  0.10971334E+02  0.10801273E+02  0.10633461E+02  0.10467899E+02  0.10304600E+02
  0.10143549E+02  0.99847105E+01  0.98280633E+01  0.96736064E+01  0.95213428E+01
  0.93712692E+01  0.92233631E+01  0.90775835E+01  0.89338966E+01
  0.10000000E+01  0.28005969E+01  0.45293724E+01  0.61661249E+01  0.77352540E+01
  0.92409092E+01  0.10685823E+02  0.12069180E+02  0.13393149E+02  0.14656945E+02
  0.15862664E+02  0.17010499E+02  0.18102594E+02  0.19139766E+02  0.20123562E+02
  0.21054764E+02  0.21934531E+02  0.22763638E+02  0.23543128E+02  0.24273913E+02
  0.24957020E+02  0.25593511E+02  0.26184344E+02  0.26730580E+02  0.27233248E+02
  0.27693459E+02  0.28112468E+02  0.28491576E+02  0.28832094E+02  0.29135426E+02
  0.29402998E+02  0.29636381E+02  0.29837120E+02  0.30006738E+02  0.30146756E+02
  0.30258584E+02  0.30343633E+02  0.30403387E+02  0.30439222E+02  0.30452553E+02
  0.30444736E+02  0.30417085E+02  0.30370808E+02  0.30307115E+02  0.30227037E+02
  0.30131611E+02  0.30021871E+02  0.29898798E+02  0.29763308E+02  0.29616440E+02
  0.29458951E+02  0.29291786E+02  0.29115650E+02  0.28931342E+02  0.28739507E+02
  0.28540786E+02  0.28335788E+02  0.28125126E+02  0.27909353E+02  0.27688940E+02
  0.27464352E+02  0.27236047E+02  0.27004473E+02  0.26770021E+02  0.26533059E+02
  0.26293893E+02  0.26052817E+02  0.25810097E+02  0.25565985E+02  0.25320700E+02
  0.25074461E+02  0.24827462E+02  0.24579899E+02  0.24331951E+02  0.24083741E+02
  0.23835413E+02  0.23587127E+02  0.23339016E+02  0.23091194E+02  0.22843750E+02
  0.22596789E+02  0.22350412E+02  0.22104702E+02  0.21859761E+02  0.21615682E+02
  0.21372534E+02  0.21130396E+02  0.20889332E+02  0.20649399E+02  0.20410661E+02
  0.20173167E+02  0.19936978E+02  0.19702146E+02  0.19468686E+02  0.19236634E+02
  0.19006070E+02  0.18777037E+02  0.18549554E+02  0.18323636E+02  0.18099312E+02
  0.17876643E+02  0.17655690E+02  0.17436478E+02  0.17219020E+02  0.17003316E+02
  0.16789367E+02  0.16577216E+02  0.16366915E+02  0.16158506E+02  0.15952002E+02
  0.15747404E+02  0.15544714E+02  0.15343930E+02  0.15145064E+02  0.14948131E+02
  0.14753112E+02  0.14560013E+02  0.14368849E+02  0.14179638E+02  0.13992409E+02
  0.13807179E+02  0.13623931E+02  0.13442661E+02  0.13263359E+02  0.13086035E+02
  0.12910723E+02  0.12737405E+02  0.12566051E+02  0.12396620E+02
  0.10000000E+01  0.28026867E+01  0.45366795E+01  0.61824403E+01  0.77642893E+01
  0.92864695E+01  0.10751634E+02  0.12159108E+02  0.13510969E+02  0.14806528E+02
  0.16047785E+02  0.17234957E+02  0.18370083E+02  0.19453935E+02  0.20488000E+02
  0.21473049E+02  0.22410221E+02  0.23300265E+02  0.24144155E+02  0.24942716E+02
  0.25696865E+02  0.26407551E+02  0.27075605E+02  0.27701976E+02  0.28287541E+02
  0.28833277E+02  0.29340270E+02  0.29809645E+02  0.30242530E+02  0.30640123E+02
  0.31003639E+02  0.31334406E+02  0.31633739E+02  0.31902930E+02  0.32143264E+02
  0.32355926E+02  0.32542103E+02  0.32703030E+02  0.32839862E+02  0.32953780E+02
  0.33045920E+02  0.33117400E+02  0.33169249E+02  0.33202489E+02  0.33218015E+02
  0.33216707E+02  0.33199466E+02  0.33167146E+02  0.33120552E+02  0.33060620E+02
  0.32988024E+02  0.32903634E+02  0.32808107E+02  0.32702174E+02  0.32586480E+02
  0.32461639E+02  0.32328239E+02  0.32186890E+02  0.32038149E+02  0.31882522E+02
  0.31720505E+02  0.31552591E+02  0.31379257E+02  0.31200939E+02  0.31018023E+02
  0.30830877E+02  0.30639849E+02  0.30445236E+02  0.30247343E+02  0.30046442E+02
  0.29842784E+02  0.29636620E+02  0.29428186E+02  0.29217681E+02  0.29005288E+02
  0.28791190E+02  0.28575583E+02  0.28358654E+02  0.28140548E+02  0.27921385E+02
  0.27701299E+02  0.27480404E+02  0.27258831E+02  0.27036708E+02  0.26814163E+02
  0.26591299E+02  0.26368199E+02  0.26144948E+02  0.25921619E+02  0.25698301E+02
  0.25475074E+02  0.25252017E+02  0.25029208E+02  0.24806696E+02  0.24584525E+02
  0.24362772E+02  0.24141514E+02  0.23920790E+02  0.23700646E+02  0.23481130E+02
  0.23262304E+02  0.23044223E+02  0.22826916E+02  0.22610428E+02  0.22394784E+02
  0.22180017E+02  0.21966178E+02  0.21753320E+02  0.21541493E+02  0.21330739E+02
  0.21121082E+02  0.20912540E+02  0.20705117E+02  0.20498844E+02  0.20293726E+02
  0.20089766E+02  0.19886986E+02  0.19685417E+02  0.19485123E+02  0.19286138E+02
  0.19088483E+02  0.18892151E+02  0.18697140E+02  0.18503465E+02  0.18311163E+02
  0.18120274E+02  0.17930807E+02  0.17742766E+02  0.17556127E+02
  0.10000000E+01  0.28048870E+01  0.45443650E+01  0.61993481E+01  0.77939184E+01
  0.93322073E+01  0.10816675E+02  0.12246589E+02  0.13623867E+02  0.14947781E+02
  0.16220188E+02  0.17441212E+02  0.18612738E+02  0.19735412E+02  0.20810610E+02
  0.21838998E+02  0.22821632E+02  0.23759198E+02  0.24652575E+02  0.25502516E+02
  0.26309833E+02  0.27075404E+02  0.27799995E+02  0.28484468E+02  0.29129613E+02
  0.29736325E+02  0.30305570E+02  0.30838366E+02  0.31335738E+02  0.31798780E+02
  0.32228595E+02  0.32626381E+02  0.32993333E+02  0.33330608E+02  0.33639363E+02
  0.33920679E+02  0.34175635E+02  0.34405341E+02  0.34610838E+02  0.34793200E+02
  0.34953461E+02  0.35092650E+02  0.35211698E+02  0.35311537E+02  0.35392970E+02
  0.35456798E+02  0.35503855E+02  0.35534942E+02  0.35550797E+02  0.35552280E+02
  0.35540037E+02  0.35514851E+02  0.35477342E+02  0.35428224E+02  0.35368092E+02
  0.35297539E+02  0.35217144E+02  0.35127479E+02  0.35029091E+02  0.34922485E+02
  0.34808142E+02  0.34686556E+02  0.34558204E+02  0.34423519E+02  0.34282911E+02
  0.34136744E+02  0.33985390E+02  0.33829169E+02  0.33668399E+02  0.33503367E+02
  0.33334356E+02  0.33161635E+02  0.32985457E+02  0.32806056E+02  0.32623635E+02
  0.32438396E+02  0.32250580E+02  0.32060384E+02  0.31867968E+02  0.31673475E+02
  0.31477047E+02  0.31278836E+02  0.31079006E+02  0.30877702E+02  0.30675057E+02
  0.30471186E+02  0.30266207E+02  0.30060208E+02  0.29853293E+02  0.29645572E+02
  0.29437125E+02  0.29228053E+02  0.29018449E+02  0.28808393E+02  0.28597950E+02
  0.28387205E+02  0.28176239E+02  0.27965098E+02  0.27753836E+02  0.27542529E+02
  0.27331258E+02  0.27120092E+02  0.26909076E+02  0.26698244E+02  0.26487618E+02
  0.26277248E+02  0.26067186E+02  0.25857520E+02  0.25648324E+02  0.25439658E+02
  0.25231548E+02  0.25024021E+02  0.24817066E+02  0.24610678E+02  0.24404907E+02
  0.24199754E+02  0.23995264E+02  0.23791474E+02  0.23588443E+02  0.23386210E+02
  0.23184800E+02  0.22984255E+02  0.22784581E+02  0.22585771E+02  0.22387868E+02
  0.22190877E+02  0.21994827E+02  0.21799745E+02  0.21605650E+02
  0.10000000E+01  0.28061096E+01  0.45487300E+01  0.62091822E+01  0.78115412E+01
  0.93599970E+01  0.10856964E+02  0.12301810E+02  0.13696406E+02  0.15040081E+02
  0.16334647E+02  0.17580255E+02  0.18778760E+02  0.19930819E+02  0.21037796E+02
  0.22100361E+02  0.23119560E+02  0.24096064E+02  0.25030726E+02  0.25924268E+02
  0.26777473E+02  0.27591157E+02  0.28366037E+02  0.29102910E+02  0.29802503E+02
  0.30465651E+02  0.31093242E+02  0.31686225E+02  0.32245532E+02  0.32772153E+02
  0.33267102E+02  0.33731471E+02  0.34166343E+02  0.34572761E+02  0.34951779E+02
  0.35304363E+02  0.35631481E+02  0.35934140E+02  0.36213268E+02  0.36469811E+02
  0.36704696E+02  0.36918825E+02  0.37113022E+02  0.37288124E+02  0.37444838E+02
  0.37583853E+02  0.37705906E+02  0.37811688E+02  0.37901857E+02  0.37977176E+02
  0.38038221E+02  0.38085699E+02  0.38120152E+02  0.38142199E+02  0.38152388E+02
  0.38151264E+02  0.38139356E+02  0.38117201E+02  0.38085296E+02  0.38044104E+02
  0.37994084E+02  0.37935688E+02  0.37869367E+02  0.37795546E+02  0.37714617E+02
  0.37626936E+02  0.37532855E+02  0.37432691E+02  0.37326760E+02  0.37215354E+02
  0.37098759E+02  0.36977240E+02  0.36851069E+02  0.36720488E+02  0.36585710E+02
  0.36446972E+02  0.36304492E+02  0.36158486E+02  0.36009151E+02  0.35856640E+02
  0.35701118E+02  0.35542753E+02  0.35381697E+02  0.35218113E+02  0.35052153E+02
  0.34883958E+02  0.34713646E+02  0.34541331E+02  0.34367137E+02  0.34191165E+02
  0.34013531E+02  0.33834343E+02  0.33653699E+02  0.33471702E+02  0.33288421E+02
  0.33103969E+02  0.32918444E+02  0.32731909E+02  0.32544431E+02  0.32356088E+02
  0.32166954E+02  0.31977107E+02  0.31786608E+02  0.31595498E+02  0.31403831E+02
  0.31211649E+02  0.31019039E+02  0.30826076E+02  0.30632838E+02  0.30439393E+02
  0.30245800E+02  0.30052078E+02  0.29858241E+02  0.29664289E+02  0.29470237E+02
  0.29276108E+02  0.29081925E+02  0.28887748E+02  0.28693666E+02  0.28499747E+02
  0.28306025E+02  0.28112525E+02  0.27919244E+02  0.27726209E+02  0.27533445E+02
  0.27340991E+02  0.27148890E+02  0.26957165E+02  0.26765843E+02
  0.10000000E+01  0.28092172E+01  0.45595391E+01  0.62327539E+01  0.78524463E+01
  0.94225180E+01  0.10945036E+02  0.12419158E+02  0.13846485E+02  0.15226223E+02
  0.16559952E+02  0.17847634E+02  0.19090862E+02  0.20290071E+02  0.21446420E+02
  0.22560412E+02  0.23632941E+02  0.24664555E+02  0.25655981E+02  0.26607830E+02
  0.27520769E+02  0.28395525E+02  0.29232723E+02  0.30033076E+02  0.30797209E+02
  0.31525856E+02  0.32219793E+02  0.32879861E+02  0.33506894E+02  0.34101778E+02
  0.34665394E+02  0.35198715E+02  0.35702701E+02  0.36178280E+02  0.36626414E+02
  0.37047971E+02  0.37443830E+02  0.37814887E+02  0.38161981E+02  0.38485976E+02
  0.38787724E+02  0.39068069E+02  0.39327772E+02  0.39567584E+02  0.39788172E+02
  0.39990175E+02  0.40174293E+02  0.40341173E+02  0.40491443E+02  0.40625823E+02
  0.40744848E+02  0.40849188E+02  0.40939384E+02  0.41016031E+02  0.41079662E+02
  0.41130809E+02  0.41169980E+02  0.41197686E+02  0.41214432E+02  0.41220679E+02
  0.41216892E+02  0.41203535E+02  0.41181050E+02  0.41149857E+02  0.41110352E+02
  0.41062899E+02  0.41007869E+02  0.40945595E+02  0.40876406E+02  0.40800594E+02
  0.40718454E+02  0.40630289E+02  0.40536371E+02  0.40436972E+02  0.40332340E+02
  0.40222696E+02  0.40108279E+02  0.39989326E+02  0.39866031E+02  0.39738595E+02
  0.39607210E+02  0.39472045E+02  0.39333280E+02  0.39191098E+02  0.39045650E+02
  0.38897081E+02  0.38745551E+02  0.38591191E+02  0.38434135E+02  0.38274510E+02
  0.38112442E+02  0.37948063E+02  0.37781494E+02  0.37612852E+02  0.37442229E+02
  0.37269726E+02  0.37095448E+02  0.36919487E+02  0.36741916E+02  0.36562835E+02
  0.36382342E+02  0.36200519E+02  0.36017430E+02  0.35833119E+02  0.35647657E+02
  0.35461098E+02  0.35273542E+02  0.35085094E+02  0.34895823E+02  0.34705835E+02
  0.34515170E+02  0.34323870E+02  0.34131958E+02  0.33939424E+02  0.33746276E+02
  0.33552532E+02  0.33358256E+02  0.33163528E+02  0.32968440E+02  0.32773078E+02
  0.32577497E+02  0.32381691E+02  0.32185660E+02  0.31989423E+02  0.31793035E+02
  0.31596552E+02  0.31400019E+02  0.31203469E+02  0.31006924E+02
  0.10000000E+01  0.28090578E+01  0.45592177E+01  0.62328271E+01  0.78539486E+01
  0.94268655E+01  0.10953875E+02  0.12434438E+02  0.13870255E+02  0.15260691E+02
  0.16607357E+02  0.17910331E+02  0.19171263E+02  0.20390674E+02  0.21569793E+02
  0.22709199E+02  0.23809844E+02  0.24872297E+02  0.25897252E+02  0.26885284E+02
  0.27837016E+02  0.28753124E+02  0.29634175E+02  0.30480793E+02  0.31293519E+02
  0.32072991E+02  0.32819894E+02  0.33534975E+02  0.34218971E+02  0.34872663E+02
  0.35496811E+02  0.36092260E+02  0.36659851E+02  0.37200382E+02  0.37714675E+02
  0.38203478E+02  0.38667541E+02  0.39107638E+02  0.39524492E+02  0.39918836E+02
  0.40291420E+02  0.40642942E+02  0.40974063E+02  0.41285428E+02  0.41577618E+02
  0.41851201E+02  0.42106782E+02  0.42344928E+02  0.42566168E+02  0.42771127E+02
  0.42960281E+02  0.43134254E+02  0.43293528E+02  0.43438649E+02  0.43570100E+02
  0.43688350E+02  0.43793878E+02  0.43887165E+02  0.43968687E+02  0.44038894E+02
  0.44098220E+02  0.44147108E+02  0.44185986E+02  0.44215254E+02  0.44235299E+02
  0.44246472E+02  0.44249143E+02  0.44243641E+02  0.44230276E+02  0.44209373E+02
  0.44181231E+02  0.44146136E+02  0.44104363E+02  0.44056174E+02  0.44001814E+02
  0.43941528E+02  0.43875580E+02  0.43804201E+02  0.43727613E+02  0.43646010E+02
  0.43559586E+02  0.43468524E+02  0.43373016E+02  0.43273237E+02  0.43169372E+02
  0.43061571E+02  0.42949987E+02  0.42834765E+02  0.42716036E+02  0.42593946E+02
  0.42468624E+02  0.42340210E+02  0.42208846E+02  0.42074632E+02  0.41937671E+02
  0.41798085E+02  0.41655975E+02  0.41511457E+02  0.41364613E+02  0.41215545E+02
  0.41064368E+02  0.40911154E+02  0.40755970E+02  0.40598891E+02  0.40439974E+02
  0.40279283E+02  0.40116940E+02  0.39953048E+02  0.39787701E+02  0.39620991E+02
  0.39452973E+02  0.39283700E+02  0.39113158E+02  0.38941356E+02  0.38768322E+02
  0.38594093E+02  0.38418724E+02  0.38242292E+02  0.38064917E+02  0.37886671E+02
  0.37707597E+02  0.37527742E+02  0.37347120E+02  0.37165739E+02  0.36983663E+02
  0.36800922E+02  0.36617583E+02  0.36433682E+02  0.36249274E+02
  0.10000000E+01  0.28082721E+01  0.45566639E+01  0.62277225E+01  0.78458947E+01
  0.94157498E+01  0.10939779E+02  0.12417679E+02  0.13851263E+02  0.15240033E+02
  0.16585684E+02  0.17888429E+02  0.19150045E+02  0.20371180E+02  0.21553167E+02
  0.22696678E+02  0.23802741E+02  0.24871980E+02  0.25905130E+02  0.26902778E+02
  0.27865563E+02  0.28794161E+02  0.29689135E+02  0.30551084E+02  0.31380545E+02
  0.32178146E+02  0.32944561E+02  0.33680538E+02  0.34386788E+02  0.35064066E+02
  0.35713122E+02  0.36334767E+02  0.36929805E+02  0.37499003E+02  0.38043143E+02
  0.38562935E+02  0.39059091E+02  0.39532336E+02  0.39983332E+02  0.40412765E+02
  0.40821321E+02  0.41209661E+02  0.41578392E+02  0.41928117E+02  0.42259347E+02
  0.42572586E+02  0.42868371E+02  0.43147230E+02  0.43409648E+02  0.43656198E+02
  0.43887324E+02  0.44103567E+02  0.44305363E+02  0.44493204E+02  0.44667526E+02
  0.44828778E+02  0.44977385E+02  0.45113779E+02  0.45238392E+02  0.45351624E+02
  0.45453888E+02  0.45545593E+02  0.45627146E+02  0.45698922E+02  0.45761275E+02
  0.45814524E+02  0.45859001E+02  0.45895033E+02  0.45922917E+02  0.45942935E+02
  0.45955391E+02  0.45960546E+02  0.45958667E+02  0.45950009E+02  0.45934803E+02
  0.45913284E+02  0.45885694E+02  0.45852270E+02  0.45813220E+02  0.45768744E+02
  0.45719020E+02  0.45664244E+02  0.45604587E+02  0.45540232E+02  0.45471351E+02
  0.45398094E+02  0.45320612E+02  0.45239041E+02  0.45153528E+02  0.45064205E+02
  0.44971203E+02  0.44874677E+02  0.44774741E+02  0.44671504E+02  0.44565090E+02
  0.44455598E+02  0.44343166E+02  0.44227890E+02  0.44109866E+02  0.43989179E+02
  0.43865946E+02  0.43740261E+02  0.43612196E+02  0.43481820E+02  0.43349180E+02
  0.43214367E+02  0.43077454E+02  0.42938563E+02  0.42797813E+02  0.42655295E+02
  0.42511090E+02  0.42365221E+02  0.42217677E+02  0.42068449E+02  0.41917578E+02
  0.41765101E+02  0.41611075E+02  0.41455610E+02  0.41298811E+02  0.41140769E+02
  0.40981545E+02  0.40821158E+02  0.40659617E+02  0.40496941E+02  0.40333164E+02
  0.40168351E+02  0.40002565E+02  0.39835864E+02  0.39668296E+02
  0.10000000E+01  0.28109159E+01  0.45658910E+01  0.62478599E+01  0.78808496E+01
  0.94691826E+01  0.11015051E+02  0.12517992E+02  0.13979591E+02  0.15399261E+02
  0.16778505E+02  0.18117391E+02  0.19417481E+02  0.20679256E+02  0.21903879E+02
  0.23091890E+02  0.24244196E+02  0.25361324E+02  0.26443911E+02  0.27492466E+02
  0.28507536E+02  0.29489714E+02  0.30439490E+02  0.31357396E+02  0.32243890E+02
  0.33099527E+02  0.33924900E+02  0.34720654E+02  0.35487421E+02  0.36225862E+02
  0.36936634E+02  0.37620464E+02  0.38278048E+02  0.38910091E+02  0.39517282E+02
  0.40100248E+02  0.40659638E+02  0.41196096E+02  0.41710234E+02  0.42202681E+02
  0.42674055E+02  0.43124956E+02  0.43555934E+02  0.43967542E+02  0.44360260E+02
  0.44734560E+02  0.45090962E+02  0.45429931E+02  0.45751923E+02  0.46057470E+02
  0.46346987E+02  0.46620999E+02  0.46879926E+02  0.47124224E+02  0.47354317E+02
  0.47570616E+02  0.47773537E+02  0.47963505E+02  0.48140943E+02  0.48306237E+02
  0.48459779E+02  0.48601951E+02  0.48733153E+02  0.48853754E+02  0.48964102E+02
  0.49064515E+02  0.49155321E+02  0.49236832E+02  0.49309337E+02  0.49373128E+02
  0.49428504E+02  0.49475729E+02  0.49515061E+02  0.49546755E+02  0.49571044E+02
  0.49588167E+02  0.49598401E+02  0.49601983E+02  0.49599130E+02  0.49590034E+02
  0.49574861E+02  0.49553815E+02  0.49527097E+02  0.49494897E+02  0.49457412E+02
  0.49414789E+02  0.49367180E+02  0.49314731E+02  0.49257593E+02  0.49195925E+02
  0.49129861E+02  0.49059567E+02  0.48985185E+02  0.48906819E+02  0.48824600E+02
  0.48738663E+02  0.48649137E+02  0.48556127E+02  0.48459731E+02  0.48360057E+02
  0.48257203E+02  0.48151280E+02  0.48042388E+02  0.47930614E+02  0.47816021E+02
  0.47698689E+02  0.47578701E+02  0.47456179E+02  0.47331256E+02  0.47204041E+02
  0.47074641E+02  0.46943084E+02  0.46809352E+02  0.46673434E+02  0.46535340E+02
  0.46395133E+02  0.46252888E+02  0.46108709E+02  0.45962719E+02  0.45815012E+02
  0.45665657E+02  0.45514685E+02  0.45362117E+02  0.45207967E+02  0.45052284E+02
  0.44895121E+02  0.44736566E+02  0.44576689E+02  0.44415540E+02
  0.10000000E+01  0.28073462E+01  0.45538662E+01  0.62224859E+01  0.78382258E+01
  0.94060711E+01  0.10928761E+02  0.12406360E+02  0.13840839E+02  0.15231930E+02
  0.16581435E+02  0.17889795E+02  0.19158957E+02  0.20389774E+02  0.21583749E+02
  0.22741698E+02  0.23864786E+02  0.24953709E+02  0.26009256E+02  0.27032052E+02
  0.28022767E+02  0.28982093E+02  0.29910600E+02  0.30808881E+02  0.31677451E+02
  0.32516918E+02  0.33327968E+02  0.34111333E+02  0.34867714E+02  0.35597842E+02
  0.36302433E+02  0.36982267E+02  0.37638105E+02  0.38270681E+02  0.38880732E+02
  0.39468915E+02  0.40035878E+02  0.40582276E+02  0.41108705E+02  0.41615788E+02
  0.42104138E+02  0.42574327E+02  0.43026871E+02  0.43462274E+02  0.43880968E+02
  0.44283381E+02  0.44669963E+02  0.45041136E+02  0.45397278E+02  0.45738864E+02
  0.46066228E+02  0.46379841E+02  0.46680060E+02  0.46967273E+02  0.47241818E+02
  0.47504021E+02  0.47754222E+02  0.47992789E+02  0.48220083E+02  0.48436423E+02
  0.48642132E+02  0.48837519E+02  0.49022899E+02  0.49198574E+02  0.49364844E+02
  0.49521977E+02  0.49670236E+02  0.49809881E+02  0.49941145E+02  0.50064270E+02
  0.50179492E+02  0.50287042E+02  0.50387132E+02  0.50479973E+02  0.50565763E+02
  0.50644704E+02  0.50717014E+02  0.50782900E+02  0.50842533E+02  0.50896056E+02
  0.50943650E+02  0.50985478E+02  0.51021708E+02  0.51052504E+02  0.51077992E+02
  0.51098317E+02  0.51113615E+02  0.51124022E+02  0.51129673E+02  0.51130706E+02
  0.51127231E+02  0.51119369E+02  0.51107258E+02  0.51091005E+02  0.51070746E+02
  0.51046593E+02  0.51018630E+02  0.50986957E+02  0.50951655E+02  0.50912817E+02
  0.50870564E+02  0.50824983E+02  0.50776149E+02  0.50724128E+02  0.50668975E+02
  0.50610772E+02  0.50549632E+02  0.50485673E+02  0.50418992E+02  0.50349691E+02
  0.50277843E+02  0.50203479E+02  0.50126616E+02  0.50047241E+02  0.49965374E+02
  0.49881057E+02  0.49794361E+02  0.49705363E+02  0.49614180E+02  0.49520923E+02
  0.49425648E+02  0.49328391E+02  0.49229157E+02  0.49127958E+02  0.49024836E+02
  0.48919861E+02  0.48813105E+02  0.48704628E+02  0.48594488E+02
