 ! RTTOV coefficient file goes-13   imager-ir
 ! Automatic creation by subroutine rttov_write_ascii_sccldcoef
 ! ------------------------------------------------------
WATER_CLOUD_OPAC
 !
        1          ! File format version
        1          ! Contents ID
        4          ! Number of channels for which optical parameters are stored
        0          ! Number of channels for which phase functions are stored
      128          ! Maximum number of Legendre coefficients
        5          ! Number of water cloud types
 stco
        1          ! Relative humidity values (%)
   0.00
   0.89285700E+03  ! Conversion factor to particle density [part.cm^-3]/[g.m^-3]
        1          ! Effective diameters (microns)
  0.000000E+00
 stma
        1          ! Relative humidity values (%)
   0.00
   0.26666700E+03  ! Conversion factor to particle density [part.cm^-3]/[g.m^-3]
        1          ! Effective diameters (microns)
  0.000000E+00
 cucc
        1          ! Relative humidity values (%)
   0.00
   0.15384610E+04  ! Conversion factor to particle density [part.cm^-3]/[g.m^-3]
        1          ! Effective diameters (microns)
  0.000000E+00
 cucp
        1          ! Relative humidity values (%)
   0.00
   0.43478260E+04  ! Conversion factor to particle density [part.cm^-3]/[g.m^-3]
        1          ! Effective diameters (microns)
  0.000000E+00
 cuma
        1          ! Relative humidity values (%)
   0.00
   0.14771000E+03  ! Conversion factor to particle density [part.cm^-3]/[g.m^-3]
        1          ! Effective diameters (microns)
  0.000000E+00
 ! ------------------------------------------------------
 ! OPTICAL PROPERTY DATA
 ! ---------------------
 stco00
  0.20872579E-01  0.80605925E-01  0.76002853E-01  0.13269411E+00
  0.26164889E+00  0.24840669E+00  0.64613193E-01  0.71404806E-01
  0.15988734E+00  0.12048839E+00  0.11926665E+00  0.15335345E+00
    86
  0.10000000E+01  0.23381612E+01  0.33788926E+01  0.37237265E+01  0.41164192E+01
  0.43241558E+01  0.45438685E+01  0.47216154E+01  0.48482550E+01  0.49159366E+01
  0.49265975E+01  0.48730489E+01  0.47493048E+01  0.46024176E+01  0.43656744E+01
  0.41562828E+01  0.38515668E+01  0.36047819E+01  0.32791119E+01  0.30155719E+01
  0.27055897E+01  0.24424271E+01  0.21708193E+01  0.19215783E+01  0.16983508E+01
  0.14727472E+01  0.12984902E+01  0.11024263E+01  0.97196237E+00  0.80784888E+00
  0.71337320E+00  0.58072901E+00  0.51403798E+00  0.41027903E+00  0.36405102E+00
  0.28532588E+00  0.25365340E+00  0.19559003E+00  0.17402759E+00  0.13230693E+00
  0.11766889E+00  0.88398902E-01  0.78474334E-01  0.58380299E-01  0.51661602E-01
  0.38134178E-01  0.33599553E-01  0.24650565E-01  0.21606089E-01  0.15776667E-01
  0.13748199E-01  0.10001714E-01  0.86632978E-02  0.62833021E-02  0.54102480E-02
  0.39132291E-02  0.33508226E-02  0.24170517E-02  0.20594903E-02  0.14811909E-02
  0.12568493E-02  0.90088625E-03  0.76189362E-03  0.54399013E-03  0.45893381E-03
  0.32623829E-03  0.27475527E-03  0.19435221E-03  0.16347768E-03  0.11503162E-03
  0.96654777E-04  0.67635980E-04  0.56745118E-04  0.39486482E-04  0.33035658E-04
  0.22862339E-04  0.19020026E-04  0.13094688E-04  0.10774557E-04  0.73818171E-05
  0.59463080E-05  0.40539720E-05  0.31334720E-05  0.21228263E-05  0.15042525E-05
  0.10058748E-05  0.56807889E-06
    52
  0.10000000E+01  0.26240576E+01  0.37571511E+01  0.43887232E+01  0.46800899E+01
  0.47111629E+01  0.45521136E+01  0.42723748E+01  0.38920978E+01  0.34773161E+01
  0.30261217E+01  0.25946985E+01  0.21725689E+01  0.17961507E+01  0.14551883E+01
  0.11639890E+01  0.91699756E+00  0.71166385E+00  0.54757378E+00  0.41330064E+00
  0.31176393E+00  0.22934643E+00  0.17014213E+00  0.12223194E+00  0.89403663E-01
  0.62845910E-01  0.45406987E-01  0.31292422E-01  0.22363571E-01  0.15139520E-01
  0.10711297E-01  0.71373465E-02  0.50014709E-02  0.32868521E-02  0.22816630E-02
  0.14816941E-02  0.10189217E-02  0.65502639E-03  0.44618487E-03  0.28441852E-03
  0.19188767E-03  0.12146208E-03  0.81160383E-04  0.51076033E-04  0.33802761E-04
  0.21170907E-04  0.13879126E-04  0.86580758E-05  0.56235253E-05  0.34967080E-05
  0.22503442E-05  0.13958832E-05  0.88974422E-06
    33
  0.10000000E+01  0.26843602E+01  0.37698849E+01  0.42100758E+01  0.41300338E+01
  0.36991777E+01  0.30874071E+01  0.24300767E+01  0.18198686E+01  0.13044501E+01
  0.89989075E+00  0.59965240E+00  0.38753379E+00  0.24347969E+00  0.14918528E+00
  0.89291212E-01  0.52338236E-01  0.30077310E-01  0.16982106E-01  0.94275168E-02
  0.51551597E-02  0.27779846E-02  0.14775469E-02  0.77588098E-03  0.40280021E-03
  0.20676700E-03  0.10507555E-03  0.52864190E-04  0.26359550E-04  0.13025928E-04
  0.63856336E-05  0.31051275E-05  0.14990840E-05  0.71844369E-06
    32
  0.10000000E+01  0.24973990E+01  0.32755419E+01  0.33528275E+01  0.29725562E+01
  0.23748544E+01  0.17470158E+01  0.11986116E+01  0.77486499E+00  0.47533767E+00
  0.27853888E+00  0.15664725E+00  0.84949992E-01  0.44573214E-01  0.22707279E-01
  0.11259692E-01  0.54487030E-02  0.25780799E-02  0.11950967E-02  0.54357772E-03
  0.24296547E-03  0.10684824E-03  0.46287045E-04  0.19771406E-04  0.83353605E-05
  0.34710559E-05  0.14288643E-05  0.58182970E-06  0.23450468E-06  0.93603026E-07
  0.37016165E-07  0.14507362E-07  0.56326044E-08
 ! ---------------------
 stma00
  0.65319173E-01  0.22214430E+00  0.21090672E+00  0.29955384E+00
  0.51973435E+00  0.42674500E+00  0.23256686E+00  0.20837849E+00
  0.13625851E+00  0.11020427E+00  0.86361013E-01  0.11402363E+00
   119
  0.10000000E+01  0.24455536E+01  0.36496942E+01  0.42176969E+01  0.48824339E+01
  0.53620848E+01  0.58595621E+01  0.63034718E+01  0.67156684E+01  0.70268653E+01
  0.73629593E+01  0.75385079E+01  0.77531126E+01  0.78359961E+01  0.79065439E+01
  0.79175760E+01  0.78591315E+01  0.78004759E+01  0.76440222E+01  0.75171107E+01
  0.72919488E+01  0.71049351E+01  0.68344487E+01  0.65999686E+01  0.63031951E+01
  0.60348450E+01  0.57277543E+01  0.54383530E+01  0.51338994E+01  0.48350418E+01
  0.45429385E+01  0.42448496E+01  0.39716781E+01  0.36830141E+01  0.34326709E+01
  0.31603110E+01  0.29346130E+01  0.26835415E+01  0.24828292E+01  0.22561600E+01
  0.20797989E+01  0.18789513E+01  0.17256932E+01  0.15506808E+01  0.14189046E+01
  0.12686714E+01  0.11565434E+01  0.10292944E+01  0.93487757E+00  0.82837323E+00
  0.74970370E+00  0.66150270E+00  0.59664501E+00  0.52429066E+00  0.47138379E+00
  0.41253282E+00  0.36982419E+00  0.32232624E+00  0.28820200E+00  0.25014197E+00
  0.22314524E+00  0.19285366E+00  0.17169517E+00  0.14774414E+00  0.13130987E+00
  0.11249400E+00  0.99834606E-01  0.85146783E-01  0.75469347E-01  0.64078222E-01
  0.56732254E-01  0.47954603E-01  0.42413559E-01  0.35693887E-01  0.31538263E-01
  0.26427853E-01  0.23327075E-01  0.19466249E-01  0.17163101E-01  0.14265539E-01
  0.12561799E-01  0.10401482E-01  0.91460213E-02  0.75458269E-02  0.66239984E-02
  0.54461982E-02  0.47717802E-02  0.39101985E-02  0.34186286E-02  0.27921016E-02
  0.24351859E-02  0.19821700E-02  0.17241004E-02  0.13983266E-02  0.12125668E-02
  0.97951189E-03  0.84646211E-03  0.68057570E-03  0.58582721E-03  0.46832808E-03
  0.40130829E-03  0.31847297E-03  0.27146515E-03  0.21333699E-03  0.18073136E-03
  0.14011072E-03  0.11785444E-03  0.89569173E-04  0.74751170E-04  0.55096593E-04
  0.45635895E-04  0.31965944E-04  0.26382625E-04  0.16812963E-04  0.14065218E-04
  0.72561462E-05  0.66139056E-05  0.16104415E-05  0.25666841E-05 -0.13112338E-05
    78
  0.10000000E+01  0.26362782E+01  0.38633613E+01  0.46805904E+01  0.52850037E+01
  0.57158350E+01  0.60251387E+01  0.62226925E+01  0.63144530E+01  0.63135479E+01
  0.62135266E+01  0.60461723E+01  0.57942632E+01  0.55054819E+01  0.51551736E+01
  0.47949723E+01  0.43999952E+01  0.40141373E+01  0.36188220E+01  0.32432675E+01
  0.28785500E+01  0.25376002E+01  0.22211353E+01  0.19281476E+01  0.16666914E+01
  0.14261801E+01  0.12187926E+01  0.10290069E+01  0.87012963E+00  0.72551330E+00
  0.60743666E+00  0.50064512E+00  0.41522539E+00  0.33858156E+00  0.27827295E+00
  0.22468073E+00  0.18304057E+00  0.14645286E+00  0.11829138E+00  0.93857412E-01
  0.75177748E-01  0.59189375E-01  0.47024315E-01  0.36758063E-01  0.28972616E-01
  0.22495392E-01  0.17595090E-01  0.13574969E-01  0.10539353E-01  0.80823650E-02
  0.62303302E-02  0.47503208E-02  0.36367737E-02  0.27574356E-02  0.20972107E-02
  0.15815475E-02  0.11953094E-02  0.89667011E-03  0.67359840E-03  0.50270764E-03
  0.37544590E-03  0.27877940E-03  0.20702520E-03  0.15295083E-03  0.11294481E-03
  0.83021029E-04  0.60952361E-04  0.44566150E-04  0.32513653E-04  0.23632481E-04
  0.17110550E-04  0.12345975E-04  0.88452399E-05  0.63156278E-05  0.44485471E-05
  0.31204537E-05  0.21283404E-05  0.14401666E-05  0.91264402E-06
    49
  0.10000000E+01  0.28107414E+01  0.42421342E+01  0.52310315E+01  0.57995431E+01
  0.60015398E+01  0.59049082E+01  0.55827312E+01  0.51055142E+01  0.45368521E+01
  0.39301937E+01  0.33272454E+01  0.27582828E+01  0.22426025E+01  0.17907886E+01
  0.14059953E+01  0.10865644E+01  0.82717921E+00  0.62089835E+00  0.45980078E+00
  0.33620106E+00  0.24282531E+00  0.17336832E+00  0.12239404E+00  0.85497665E-01
  0.59107754E-01  0.40466814E-01  0.27439590E-01  0.18438769E-01  0.12279899E-01
  0.81096862E-02  0.53109350E-02  0.34508119E-02  0.22245846E-02  0.14235362E-02
  0.90419131E-03  0.57033282E-03  0.35722518E-03  0.22227706E-03  0.13738732E-03
  0.84387734E-04  0.51504443E-04  0.31247051E-04  0.18841416E-04  0.11295421E-04
  0.67312881E-05  0.39884636E-05  0.23491235E-05  0.13753645E-05  0.80004945E-06
    40
  0.10000000E+01  0.26740582E+01  0.38824732E+01  0.45661049E+01  0.48002685E+01
  0.46809893E+01  0.43119453E+01  0.37912570E+01  0.32034850E+01  0.26135275E+01
  0.20662103E+01  0.15873270E+01  0.11877782E+01  0.86737423E+00  0.61920349E+00
  0.43274495E+00  0.29647298E+00  0.19933124E+00  0.13166449E+00  0.85517489E-01
  0.54665680E-01  0.34416753E-01  0.21356797E-01  0.13070235E-01  0.78936327E-02
  0.47070208E-02  0.27727847E-02  0.16142990E-02  0.92927092E-03  0.52912904E-03
  0.29813126E-03  0.16627519E-03  0.91825473E-04  0.50227274E-04  0.27219036E-04
  0.14617009E-04  0.77798839E-05  0.41044546E-05  0.21462938E-05  0.11121454E-05
  0.57068789E-06
 ! ---------------------
 cucc00
  0.12744907E-01  0.52688441E-01  0.49870645E-01  0.98216046E-01
  0.21286105E+00  0.20529358E+00  0.33909745E-01  0.44151801E-01
  0.16805303E+00  0.12382787E+00  0.14893811E+00  0.18402841E+00
    45
  0.10000000E+01  0.23131694E+01  0.32607177E+01  0.35058047E+01  0.37070902E+01
  0.37409169E+01  0.37610364E+01  0.37786402E+01  0.37260641E+01  0.36876408E+01
  0.35274107E+01  0.34032362E+01  0.31243474E+01  0.29176042E+01  0.25623910E+01
  0.22996059E+01  0.19374486E+01  0.16557998E+01  0.13483208E+01  0.10841131E+01
  0.86328450E+00  0.64303460E+00  0.50862612E+00  0.34448080E+00  0.27587750E+00
  0.16626664E+00  0.13780912E+00  0.72162990E-01  0.63409216E-01  0.28120484E-01
  0.26869367E-01  0.98257903E-02  0.10479702E-01  0.30748416E-02  0.37587182E-02
  0.86062620E-03  0.12383349E-02  0.21508984E-03  0.37427402E-03  0.47893057E-04
  0.10363453E-03  0.94776836E-05  0.26248793E-04  0.16703964E-05  0.60650441E-05
  0.27426014E-06
    32
  0.10000000E+01  0.26261489E+01  0.37261795E+01  0.42813106E+01  0.44280874E+01
  0.42590474E+01  0.38541919E+01  0.33189277E+01  0.27008365E+01  0.20964607E+01
  0.15369604E+01  0.10689854E+01  0.70527534E+00  0.43625618E+00  0.25930429E+00
  0.14184312E+00  0.76203278E-01  0.36763019E-01  0.17922611E-01  0.76323382E-02
  0.33869256E-02  0.12793221E-02  0.51729811E-03  0.17481232E-03  0.64336114E-04
  0.19672715E-04  0.65742267E-05  0.18413723E-05  0.55764275E-06  0.14473880E-06
  0.39622250E-07  0.97253142E-08  0.23077135E-08
    32
  0.10000000E+01  0.25528055E+01  0.32965826E+01  0.32335236E+01  0.26475774E+01
  0.18624641E+01  0.11436533E+01  0.61592547E+00  0.29345970E+00  0.12398287E+00
  0.46807891E-01  0.15846728E-01  0.48444124E-02  0.13436742E-02  0.34020668E-03
  0.79036983E-04  0.16938202E-04  0.33648143E-05  0.62245251E-06  0.10767851E-06
  0.17482569E-07  0.26706215E-08  0.38005193E-09  0.47254733E-10 -0.50969792E-12
 -0.52775026E-11 -0.77931688E-11 -0.65308479E-11 -0.84886482E-11 -0.71275848E-11
 -0.93940534E-11 -0.83482596E-11 -0.11549640E-10
    32
  0.10000000E+01  0.23421575E+01  0.27587216E+01  0.23867834E+01  0.16749977E+01
  0.98280262E+00  0.48936550E+00  0.20736377E+00  0.75430963E-01  0.23645089E-01
  0.64549691E-02  0.15463064E-02  0.32835510E-03  0.62343924E-04  0.10676186E-04
  0.16618805E-05  0.23683990E-06  0.31099267E-07  0.37812966E-08  0.42535269E-09
  0.40859625E-10  0.25423400E-12 -0.46724145E-11 -0.45254823E-11 -0.53766193E-11
 -0.47957464E-11 -0.57171117E-11 -0.51545766E-11 -0.62124049E-11 -0.56506221E-11
 -0.67944008E-11 -0.61672458E-11 -0.74067047E-11
 ! ---------------------
 cucp00
  0.45366845E-02  0.20168917E-01  0.19372984E-01  0.45768568E-01
  0.14887384E+00  0.81745850E-01  0.86742142E-02  0.14145963E-01
  0.14189157E+00  0.14908788E+00  0.20523502E+00  0.25099553E+00
    32
  0.10000000E+01  0.24949250E+01  0.35465879E+01  0.40151697E+01  0.42104904E+01
  0.41633100E+01  0.39303355E+01  0.36223516E+01  0.31558890E+01  0.27060475E+01
  0.21611911E+01  0.16898071E+01  0.12308558E+01  0.85439945E+00  0.57144033E+00
  0.34172745E+00  0.21391328E+00  0.10679542E+00  0.64288039E-01  0.26021964E-01
  0.15490464E-01  0.49787296E-02  0.29903236E-02  0.76005840E-03  0.46218668E-03
  0.94808844E-04  0.57218053E-04  0.99256063E-05  0.56896440E-05  0.89107785E-06
  0.45692194E-06  0.69884487E-07  0.29359592E-07
    32
  0.10000000E+01  0.25280366E+01  0.33449745E+01  0.34457599E+01  0.30506118E+01
  0.23678270E+01  0.16232794E+01  0.97533545E+00  0.52256964E+00  0.24081758E+00
  0.10122275E+00  0.36188596E-01  0.12025719E-01  0.34371183E-02  0.91597434E-03
  0.21590383E-03  0.47262345E-04  0.94090272E-05  0.17405626E-05  0.29845611E-06
  0.47833226E-07  0.72024748E-08  0.10003027E-08  0.14338753E-09 -0.39129475E-11
  0.94493367E-11 -0.22624525E-10  0.80459636E-11 -0.24510754E-10  0.84264304E-11
 -0.26838382E-10  0.72800785E-11 -0.32009093E-10
    32
  0.10000000E+01  0.22321988E+01  0.23083950E+01  0.16094195E+01  0.85847280E+00
  0.35849819E+00  0.12021540E+00  0.32657423E-01  0.73249703E-02  0.13813041E-02
  0.22296761E-03  0.31309391E-04  0.38788697E-05  0.42909011E-06  0.42815023E-07
  0.38852707E-08  0.32087499E-09  0.22540144E-10 -0.12661097E-11 -0.26188675E-11
 -0.35160655E-11 -0.30842823E-11 -0.38216497E-11 -0.32360447E-11 -0.39779792E-11
 -0.33526161E-11 -0.42112732E-11 -0.36222145E-11 -0.46226071E-11 -0.40303341E-11
 -0.51051433E-11 -0.44192541E-11 -0.54590539E-11
    32
  0.10000000E+01  0.19083898E+01  0.16855430E+01  0.10057731E+01  0.45008967E+00
  0.14840919E+00  0.37002795E-01  0.71089914E-02  0.10904960E-02  0.13757899E-03
  0.14645313E-04  0.13433584E-05  0.10801553E-06  0.77198941E-08  0.49445054E-09
  0.27721812E-10 -0.48549992E-12 -0.13862509E-11 -0.24323115E-11 -0.18000316E-11
 -0.28394001E-11 -0.20377216E-11 -0.30710947E-11 -0.21116555E-11 -0.31855625E-11
 -0.21591678E-11 -0.33666383E-11 -0.23368456E-11 -0.37067001E-11 -0.26327208E-11
 -0.41036389E-11 -0.29086368E-11 -0.43950057E-11
 ! ---------------------
 cuma00
  0.11498931E+00  0.37933371E+00  0.36062587E+00  0.47917021E+00
  0.80115085E+00  0.58749659E+00  0.42617186E+00  0.36039477E+00
  0.12481907E+00  0.10567229E+00  0.79139125E-01  0.10350155E+00
    90
  0.10000000E+01  0.25047152E+01  0.37720541E+01  0.44360400E+01  0.51848923E+01
  0.57475120E+01  0.63180341E+01  0.68393469E+01  0.73360777E+01  0.77348377E+01
  0.81918131E+01  0.84672874E+01  0.88274490E+01  0.90221370E+01  0.92401131E+01
  0.93649055E+01  0.94392319E+01  0.94839480E+01  0.94354874E+01  0.93920954E+01
  0.92424471E+01  0.91139530E+01  0.88808492E+01  0.86776822E+01  0.83776660E+01
  0.81127435E+01  0.77632172E+01  0.74497391E+01  0.70687964E+01  0.67199231E+01
  0.63251408E+01  0.59540904E+01  0.55613208E+01  0.51812181E+01  0.48037337E+01
  0.44271469E+01  0.40751970E+01  0.37134924E+01  0.33942356E+01  0.30569160E+01
  0.27746220E+01  0.24688317E+01  0.22252338E+01  0.19555273E+01  0.17502527E+01
  0.15186369E+01  0.13496752E+01  0.11558799E+01  0.10200513E+01  0.86196828E+00
  0.75535881E+00  0.62956821E+00  0.54791124E+00  0.45021918E+00  0.38921934E+00
  0.31513654E+00  0.27071862E+00  0.21584163E+00  0.18433318E+00  0.14461520E+00
  0.12285156E+00  0.94758660E-01  0.80124717E-01  0.60706032E-01  0.51132702E-01
  0.38016173E-01  0.31923159E-01  0.23265934E-01  0.19493053E-01  0.13912067E-01
  0.11639603E-01  0.81255599E-02  0.67937089E-02  0.46334529E-02  0.38738651E-02
  0.25776528E-02  0.21557260E-02  0.13969069E-02  0.11683948E-02  0.73517449E-03
  0.61425180E-03  0.37322460E-03  0.31056529E-03  0.18001987E-03  0.14805513E-03
  0.79336300E-04  0.63182668E-04  0.28140195E-04  0.19977722E-04  0.27832558E-05
 -0.13870986E-05
    59
  0.10000000E+01  0.26372755E+01  0.39046888E+01  0.48071974E+01  0.55692937E+01
  0.62067994E+01  0.67662290E+01  0.72233774E+01  0.75843135E+01  0.78267713E+01
  0.79525227E+01  0.79668283E+01  0.78574854E+01  0.76632699E+01  0.73545538E+01
  0.69941183E+01  0.65423669E+01  0.60701484E+01  0.55394976E+01  0.50133628E+01
  0.44655419E+01  0.39392508E+01  0.34254534E+01  0.29423983E+01  0.24979452E+01
  0.20870222E+01  0.17296528E+01  0.14040809E+01  0.11358207E+01  0.89497879E+00
  0.70649921E+00  0.53993780E+00  0.41579232E+00  0.30802727E+00  0.23129407E+00
  0.16603691E+00  0.12150414E+00  0.84507531E-01  0.60232188E-01  0.40589427E-01
  0.28158318E-01  0.18388694E-01  0.12408226E-01  0.78549232E-02  0.51519778E-02
  0.31626779E-02  0.20150419E-02  0.12000341E-02  0.74227961E-03  0.42903718E-03
  0.25750386E-03  0.14451860E-03  0.84116935E-04  0.45859675E-04  0.25859578E-04
  0.13699443E-04  0.74582842E-05  0.38348852E-05  0.19849176E-05  0.97934487E-06
    37
  0.10000000E+01  0.28378436E+01  0.43451942E+01  0.54582205E+01  0.61800026E+01
  0.65393996E+01  0.65782403E+01  0.63479901E+01  0.59051901E+01  0.53099822E+01
  0.46216438E+01  0.38959787E+01  0.31813018E+01  0.25158602E+01  0.19264309E+01
  0.14275832E+01  0.10235813E+01  0.70969286E+00  0.47578056E+00  0.30823185E+00
  0.19299187E+00  0.11671898E+00  0.68208673E-01  0.38493960E-01  0.20991540E-01
  0.11055241E-01  0.56270448E-02  0.27667916E-02  0.13152958E-02  0.60429605E-03
  0.26856589E-03  0.11542500E-03  0.48017697E-04  0.19332540E-04  0.75400415E-05
  0.28490411E-05  0.10441595E-05  0.37151410E-06
    32
  0.10000000E+01  0.27194046E+01  0.40434794E+01  0.49000503E+01  0.53239788E+01
  0.53674097E+01  0.50981163E+01  0.45956695E+01  0.39456061E+01  0.32311699E+01
  0.25252580E+01  0.18832423E+01  0.13398101E+01  0.90890774E+00  0.58776030E+00
  0.36217732E+00  0.21263348E+00  0.11892131E+00  0.63366615E-01  0.32171010E-01
  0.15567760E-01  0.71824270E-02  0.31610797E-02  0.13277869E-02  0.53265777E-03
  0.20420804E-03  0.74876599E-04  0.26278373E-04  0.88349852E-05  0.28479882E-05
  0.88105285E-06  0.26185359E-06  0.74901925E-07
 ! ------------------------------------------------------
WATER_CLOUD_DEFF
 !
        1          ! File format version
        1          ! Contents ID
        4          ! Number of channels for which optical parameters are stored
        0          ! Number of channels for which phase functions are stored
      128          ! Maximum number of Legendre coefficients
        1          ! Number of water cloud types
        1          ! Relative humidity values (%)
   0.00
   0.00000000E+00  ! Conversion factor to particle density [part.cm^-3]/[g.m^-3]
       24          ! Effective diameters (microns)
  0.200000E+01  0.300000E+01  0.400000E+01  0.500000E+01  0.600000E+01  0.700000E+01
  0.800000E+01  0.900000E+01  0.100000E+02  0.110000E+02  0.120000E+02  0.130000E+02
  0.140000E+02  0.150000E+02  0.160000E+02  0.200000E+02  0.240000E+02  0.280000E+02
  0.320000E+02  0.360000E+02  0.400000E+02  0.440000E+02  0.480000E+02  0.520000E+02
 ! ------------------------------------------------------
 ! OPTICAL PROPERTY DATA
  0.15844728E+02  0.17670336E+02  0.18551448E+02  0.19026590E+02  0.19295127E+02
  0.19443248E+02  0.19513752E+02  0.19529876E+02  0.19505033E+02  0.19447348E+02
  0.19362007E+02  0.19252593E+02  0.19121881E+02  0.18972318E+02  0.18806284E+02
  0.18026621E+02  0.17174878E+02  0.16360557E+02  0.15630558E+02  0.14989885E+02
  0.14427649E+02  0.13932030E+02  0.13495116E+02  0.13112309E+02  0.75625747E+02
  0.82567146E+02  0.86646620E+02  0.88129440E+02  0.88108975E+02  0.87263304E+02
  0.85944652E+02  0.84346191E+02  0.82581410E+02  0.80720615E+02  0.78809159E+02
  0.76877250E+02  0.74945540E+02  0.73028444E+02  0.71136191E+02  0.63935173E+02
  0.57457053E+02  0.51749036E+02  0.46779493E+02  0.42482254E+02  0.38781853E+02
  0.35609394E+02  0.32907419E+02  0.30626033E+02  0.86888001E+02  0.87976641E+02
  0.87845574E+02  0.87066394E+02  0.85859559E+02  0.84311723E+02  0.82522440E+02
  0.80589435E+02  0.78587543E+02  0.76567323E+02  0.74561139E+02  0.72589213E+02
  0.70663951E+02  0.68792721E+02  0.66979618E+02  0.60328495E+02  0.54592651E+02
  0.49654725E+02  0.45390694E+02  0.41692709E+02  0.38475532E+02  0.35677892E+02
  0.33257879E+02  0.31183511E+02  0.29941258E+03  0.28693343E+03  0.26772981E+03
  0.24709582E+03  0.22748949E+03  0.20956957E+03  0.19340007E+03  0.17888939E+03
  0.16590102E+03  0.15428380E+03  0.14388614E+03  0.13456466E+03  0.12618867E+03
  0.11864197E+03  0.11182269E+03  0.90219105E+02  0.74980240E+02  0.63790711E+02
  0.55295125E+02  0.48665600E+02  0.43379783E+02  0.39102376E+02  0.35614008E+02
  0.32763536E+02
  0.36855254E+03  0.60809692E+03  0.74274174E+03  0.78101791E+03  0.74984220E+03
  0.67846932E+03  0.59141614E+03  0.50542569E+03  0.42957178E+03  0.36710057E+03
  0.31769190E+03  0.27934409E+03  0.24961305E+03  0.22626368E+03  0.20751543E+03
  0.15774458E+03  0.12705327E+03  0.10565071E+03  0.89951130E+02  0.78009276E+02
  0.68663235E+02  0.61201678E+02  0.55176995E+02  0.50290986E+02  0.71454555E+02
  0.14577223E+03  0.21517422E+03  0.26967533E+03  0.30702151E+03  0.32856505E+03
  0.33673572E+03  0.33423494E+03  0.32371462E+03  0.30759883E+03  0.28797960E+03
  0.26656832E+03  0.24469082E+03  0.22331394E+03  0.20309185E+03  0.13900630E+03
  0.10028307E+03  0.77729723E+02  0.63787063E+02  0.54363325E+02  0.47499450E+02
  0.42253550E+02  0.38136984E+02  0.34865432E+02  0.38175523E+01  0.95695827E+01
  0.16026232E+02  0.22306278E+02  0.28238257E+02  0.33736691E+02  0.38723854E+02
  0.43162415E+02  0.47053564E+02  0.50421237E+02  0.53299750E+02  0.55726933E+02
  0.57740826E+02  0.59378206E+02  0.60673962E+02  0.63064085E+02  0.62235295E+02
  0.59476428E+02  0.55691895E+02  0.51491117E+02  0.47269316E+02  0.43274410E+02
  0.39652804E+02  0.36476160E+02  0.78926276E+01  0.19809207E+02  0.32367455E+02
  0.42782954E+02  0.50654988E+02  0.56403199E+02  0.60494227E+02  0.63293942E+02
  0.65082739E+02  0.66081213E+02  0.66465586E+02  0.66376904E+02  0.65927602E+02
  0.65206835E+02  0.64284963E+02  0.59527218E+02  0.54322114E+02  0.49424769E+02
  0.45058108E+02  0.41245400E+02  0.37944298E+02  0.35101154E+02  0.32668521E+02
  0.30605134E+02
  0.26510165E+00  0.20409712E+00  0.17351263E+00  0.15704876E+00  0.14901861E+00
  0.14650896E+00  0.14769283E+00  0.15113107E+00  0.15550501E+00  0.15961828E+00
  0.16255119E+00  0.16381236E+00  0.16335827E+00  0.16146793E+00  0.15856091E+00
  0.14373291E+00  0.13098794E+00  0.12161355E+00  0.11457242E+00  0.10897202E+00
  0.10426908E+00  0.10016968E+00  0.96527217E-01  0.93273481E-01  0.37757281E+00
  0.28677187E+00  0.23229259E+00  0.19920270E+00  0.17668504E+00  0.16053963E+00
  0.14869474E+00  0.13990815E+00  0.13336776E+00  0.12851257E+00  0.12493504E+00
  0.12232382E+00  0.12042937E+00  0.11904343E+00  0.11798746E+00  0.11431628E+00
  0.10781600E+00  0.98112933E-01  0.87519897E-01  0.77835687E-01  0.69690705E-01
  0.63065807E-01  0.57733426E-01  0.53447377E-01  0.45315018E+00  0.40134579E+00
  0.34240193E+00  0.28968096E+00  0.24893248E+00  0.21871385E+00  0.19584177E+00
  0.17787986E+00  0.16331431E+00  0.15122020E+00  0.14100264E+00  0.13225452E+00
  0.12468299E+00  0.11806965E+00  0.11224736E+00  0.94627878E-01  0.82823883E-01
  0.74412714E-01  0.68128352E-01  0.63243561E-01  0.59313363E-01  0.56056696E-01
  0.53295721E-01  0.50919526E-01  0.46957495E+00  0.43457865E+00  0.39082295E+00
  0.34566604E+00  0.30504275E+00  0.27129023E+00  0.24415040E+00  0.22239512E+00
  0.20475148E+00  0.19020070E+00  0.17799593E+00  0.16760237E+00  0.15863507E+00
  0.15081206E+00  0.14392239E+00  0.12295554E+00  0.10867322E+00  0.98279830E-01
  0.90352626E-01  0.84091054E-01  0.79013061E-01  0.74816410E-01  0.71307177E-01
  0.68356930E-01
   128
  0.10000000E+01  0.18061067E+01  0.15666452E+01  0.84761735E+00  0.37522597E+00
  0.12755079E+00  0.38354093E-01  0.97264107E-02  0.22754276E-02  0.47321375E-03
  0.93000892E-04  0.16683820E-04  0.28268106E-05  0.44406238E-06  0.64615066E-07
  0.86764701E-08  0.10703582E-08  0.12159235E-09  0.96949319E-11  0.47126367E-12
 -0.34657645E-11 -0.88480103E-12 -0.38792020E-11 -0.86973166E-12 -0.40682280E-11
 -0.82202648E-12 -0.43235179E-11 -0.89580104E-12 -0.47297134E-11 -0.10834868E-11
 -0.51948837E-11 -0.12504324E-11 -0.55504657E-11  0.00000000E+00  0.00000000E+00
  0.00000000E+00  0.00000000E+00  0.00000000E+00  0.00000000E+00  0.00000000E+00
  0.00000000E+00  0.00000000E+00  0.00000000E+00  0.00000000E+00  0.00000000E+00
  0.00000000E+00  0.00000000E+00  0.00000000E+00  0.00000000E+00  0.00000000E+00
  0.00000000E+00  0.00000000E+00  0.00000000E+00  0.00000000E+00  0.00000000E+00
  0.00000000E+00  0.00000000E+00  0.00000000E+00  0.00000000E+00  0.00000000E+00
  0.00000000E+00  0.00000000E+00  0.00000000E+00  0.00000000E+00  0.00000000E+00
  0.00000000E+00  0.00000000E+00  0.00000000E+00  0.00000000E+00  0.00000000E+00
  0.00000000E+00  0.00000000E+00  0.00000000E+00  0.00000000E+00  0.00000000E+00
  0.00000000E+00  0.00000000E+00  0.00000000E+00  0.00000000E+00  0.00000000E+00
  0.00000000E+00  0.00000000E+00  0.00000000E+00  0.00000000E+00  0.00000000E+00
  0.00000000E+00  0.00000000E+00  0.00000000E+00  0.00000000E+00  0.00000000E+00
  0.00000000E+00  0.00000000E+00  0.00000000E+00  0.00000000E+00  0.00000000E+00
  0.00000000E+00  0.00000000E+00  0.00000000E+00  0.00000000E+00  0.00000000E+00
  0.00000000E+00  0.00000000E+00  0.00000000E+00  0.00000000E+00  0.00000000E+00
  0.00000000E+00  0.00000000E+00  0.00000000E+00  0.00000000E+00  0.00000000E+00
  0.00000000E+00  0.00000000E+00  0.00000000E+00  0.00000000E+00  0.00000000E+00
  0.00000000E+00  0.00000000E+00  0.00000000E+00  0.00000000E+00  0.00000000E+00
  0.00000000E+00  0.00000000E+00  0.00000000E+00  0.00000000E+00  0.00000000E+00
  0.00000000E+00  0.00000000E+00  0.00000000E+00  0.00000000E+00
  0.10000000E+01  0.22123001E+01  0.24606713E+01  0.19639485E+01  0.13250675E+01
  0.74825686E+00  0.38649831E+00  0.17278828E+00  0.74431454E-01  0.27945036E-01
  0.10588916E-01  0.34691248E-02  0.11994752E-02  0.35163749E-03  0.11374036E-03
  0.30190587E-04  0.92014538E-05  0.21571072E-05  0.59630564E-06  0.12856051E-06
  0.26488736E-07  0.49814754E-08  0.84208129E-09  0.13808016E-09  0.69307802E-11
  0.68037645E-11 -0.13169281E-10  0.45391756E-11 -0.14568127E-10  0.46738435E-11
 -0.15770956E-10  0.47317808E-11 -0.17106175E-10  0.00000000E+00  0.00000000E+00
  0.00000000E+00  0.00000000E+00  0.00000000E+00  0.00000000E+00  0.00000000E+00
  0.00000000E+00  0.00000000E+00  0.00000000E+00  0.00000000E+00  0.00000000E+00
  0.00000000E+00  0.00000000E+00  0.00000000E+00  0.00000000E+00  0.00000000E+00
  0.00000000E+00  0.00000000E+00  0.00000000E+00  0.00000000E+00  0.00000000E+00
  0.00000000E+00  0.00000000E+00  0.00000000E+00  0.00000000E+00  0.00000000E+00
  0.00000000E+00  0.00000000E+00  0.00000000E+00  0.00000000E+00  0.00000000E+00
  0.00000000E+00  0.00000000E+00  0.00000000E+00  0.00000000E+00  0.00000000E+00
  0.00000000E+00  0.00000000E+00  0.00000000E+00  0.00000000E+00  0.00000000E+00
  0.00000000E+00  0.00000000E+00  0.00000000E+00  0.00000000E+00  0.00000000E+00
  0.00000000E+00  0.00000000E+00  0.00000000E+00  0.00000000E+00  0.00000000E+00
  0.00000000E+00  0.00000000E+00  0.00000000E+00  0.00000000E+00  0.00000000E+00
  0.00000000E+00  0.00000000E+00  0.00000000E+00  0.00000000E+00  0.00000000E+00
  0.00000000E+00  0.00000000E+00  0.00000000E+00  0.00000000E+00  0.00000000E+00
  0.00000000E+00  0.00000000E+00  0.00000000E+00  0.00000000E+00  0.00000000E+00
  0.00000000E+00  0.00000000E+00  0.00000000E+00  0.00000000E+00  0.00000000E+00
  0.00000000E+00  0.00000000E+00  0.00000000E+00  0.00000000E+00  0.00000000E+00
  0.00000000E+00  0.00000000E+00  0.00000000E+00  0.00000000E+00  0.00000000E+00
  0.00000000E+00  0.00000000E+00  0.00000000E+00  0.00000000E+00  0.00000000E+00
  0.00000000E+00  0.00000000E+00  0.00000000E+00  0.00000000E+00
  0.10000000E+01  0.23819902E+01  0.29891544E+01  0.28490792E+01  0.23601355E+01
  0.17272125E+01  0.11609795E+01  0.71111450E+00  0.41412948E+00  0.22004679E+00
  0.11576063E+00  0.54503423E-01  0.26760891E-01  0.11303642E-01  0.53241688E-02
  0.20289304E-02  0.93924498E-03  0.32299865E-03  0.15023052E-03  0.46388385E-04
  0.22093156E-04  0.60064784E-05  0.29512963E-05  0.65205857E-06  0.33281139E-06
  0.56739656E-07  0.17085620E-07  0.40196086E-08  0.79537469E-09  0.19238993E-09
 -0.19535933E-10  0.36093816E-10 -0.52725520E-10  0.00000000E+00  0.00000000E+00
  0.00000000E+00  0.00000000E+00  0.00000000E+00  0.00000000E+00  0.00000000E+00
  0.00000000E+00  0.00000000E+00  0.00000000E+00  0.00000000E+00  0.00000000E+00
  0.00000000E+00  0.00000000E+00  0.00000000E+00  0.00000000E+00  0.00000000E+00
  0.00000000E+00  0.00000000E+00  0.00000000E+00  0.00000000E+00  0.00000000E+00
  0.00000000E+00  0.00000000E+00  0.00000000E+00  0.00000000E+00  0.00000000E+00
  0.00000000E+00  0.00000000E+00  0.00000000E+00  0.00000000E+00  0.00000000E+00
  0.00000000E+00  0.00000000E+00  0.00000000E+00  0.00000000E+00  0.00000000E+00
  0.00000000E+00  0.00000000E+00  0.00000000E+00  0.00000000E+00  0.00000000E+00
  0.00000000E+00  0.00000000E+00  0.00000000E+00  0.00000000E+00  0.00000000E+00
  0.00000000E+00  0.00000000E+00  0.00000000E+00  0.00000000E+00  0.00000000E+00
  0.00000000E+00  0.00000000E+00  0.00000000E+00  0.00000000E+00  0.00000000E+00
  0.00000000E+00  0.00000000E+00  0.00000000E+00  0.00000000E+00  0.00000000E+00
  0.00000000E+00  0.00000000E+00  0.00000000E+00  0.00000000E+00  0.00000000E+00
  0.00000000E+00  0.00000000E+00  0.00000000E+00  0.00000000E+00  0.00000000E+00
  0.00000000E+00  0.00000000E+00  0.00000000E+00  0.00000000E+00  0.00000000E+00
  0.00000000E+00  0.00000000E+00  0.00000000E+00  0.00000000E+00  0.00000000E+00
  0.00000000E+00  0.00000000E+00  0.00000000E+00  0.00000000E+00  0.00000000E+00
  0.00000000E+00  0.00000000E+00  0.00000000E+00  0.00000000E+00  0.00000000E+00
  0.00000000E+00  0.00000000E+00  0.00000000E+00  0.00000000E+00
  0.10000000E+01  0.24587656E+01  0.32738180E+01  0.33973569E+01  0.31319510E+01
  0.26235874E+01  0.20392720E+01  0.14908668E+01  0.10295385E+01  0.67392659E+00
  0.42649216E+00  0.25317765E+00  0.15070255E+00  0.81611593E-01  0.46813073E-01
  0.23135610E-01  0.13093025E-01  0.58787488E-02  0.33601727E-02  0.13587643E-02
  0.80309783E-03  0.28887228E-03  0.18078522E-03  0.56937463E-04  0.38641249E-04
  0.10441085E-04  0.78691941E-05  0.17469612E-05  0.14932797E-05  0.22796979E-06
  0.24004626E-06  0.12803577E-07  0.20747451E-07  0.00000000E+00  0.00000000E+00
  0.00000000E+00  0.00000000E+00  0.00000000E+00  0.00000000E+00  0.00000000E+00
  0.00000000E+00  0.00000000E+00  0.00000000E+00  0.00000000E+00  0.00000000E+00
  0.00000000E+00  0.00000000E+00  0.00000000E+00  0.00000000E+00  0.00000000E+00
  0.00000000E+00  0.00000000E+00  0.00000000E+00  0.00000000E+00  0.00000000E+00
  0.00000000E+00  0.00000000E+00  0.00000000E+00  0.00000000E+00  0.00000000E+00
  0.00000000E+00  0.00000000E+00  0.00000000E+00  0.00000000E+00  0.00000000E+00
  0.00000000E+00  0.00000000E+00  0.00000000E+00  0.00000000E+00  0.00000000E+00
  0.00000000E+00  0.00000000E+00  0.00000000E+00  0.00000000E+00  0.00000000E+00
  0.00000000E+00  0.00000000E+00  0.00000000E+00  0.00000000E+00  0.00000000E+00
  0.00000000E+00  0.00000000E+00  0.00000000E+00  0.00000000E+00  0.00000000E+00
  0.00000000E+00  0.00000000E+00  0.00000000E+00  0.00000000E+00  0.00000000E+00
  0.00000000E+00  0.00000000E+00  0.00000000E+00  0.00000000E+00  0.00000000E+00
  0.00000000E+00  0.00000000E+00  0.00000000E+00  0.00000000E+00  0.00000000E+00
  0.00000000E+00  0.00000000E+00  0.00000000E+00  0.00000000E+00  0.00000000E+00
  0.00000000E+00  0.00000000E+00  0.00000000E+00  0.00000000E+00  0.00000000E+00
  0.00000000E+00  0.00000000E+00  0.00000000E+00  0.00000000E+00  0.00000000E+00
  0.00000000E+00  0.00000000E+00  0.00000000E+00  0.00000000E+00  0.00000000E+00
  0.00000000E+00  0.00000000E+00  0.00000000E+00  0.00000000E+00  0.00000000E+00
  0.00000000E+00  0.00000000E+00  0.00000000E+00  0.00000000E+00
  0.10000000E+01  0.24870809E+01  0.34147330E+01  0.36962743E+01  0.36122572E+01
  0.32603745E+01  0.27612184E+01  0.22411148E+01  0.17207095E+01  0.12821854E+01
  0.91291831E+00  0.62976807E+00  0.42390873E+00  0.27149690E+00  0.17615493E+00
  0.10458707E+00  0.66743493E-01  0.36532873E-01  0.23418164E-01  0.11710013E-01
  0.77057825E-02  0.34777017E-02  0.24019581E-02  0.96443561E-03  0.71472840E-03
  0.25126268E-03  0.20412650E-03  0.61725997E-04  0.56122371E-04  0.14290988E-04
  0.14866162E-04  0.31031402E-05  0.37968172E-05  0.61607009E-06  0.00000000E+00
  0.00000000E+00  0.00000000E+00  0.00000000E+00  0.00000000E+00  0.00000000E+00
  0.00000000E+00  0.00000000E+00  0.00000000E+00  0.00000000E+00  0.00000000E+00
  0.00000000E+00  0.00000000E+00  0.00000000E+00  0.00000000E+00  0.00000000E+00
  0.00000000E+00  0.00000000E+00  0.00000000E+00  0.00000000E+00  0.00000000E+00
  0.00000000E+00  0.00000000E+00  0.00000000E+00  0.00000000E+00  0.00000000E+00
  0.00000000E+00  0.00000000E+00  0.00000000E+00  0.00000000E+00  0.00000000E+00
  0.00000000E+00  0.00000000E+00  0.00000000E+00  0.00000000E+00  0.00000000E+00
  0.00000000E+00  0.00000000E+00  0.00000000E+00  0.00000000E+00  0.00000000E+00
  0.00000000E+00  0.00000000E+00  0.00000000E+00  0.00000000E+00  0.00000000E+00
  0.00000000E+00  0.00000000E+00  0.00000000E+00  0.00000000E+00  0.00000000E+00
  0.00000000E+00  0.00000000E+00  0.00000000E+00  0.00000000E+00  0.00000000E+00
  0.00000000E+00  0.00000000E+00  0.00000000E+00  0.00000000E+00  0.00000000E+00
  0.00000000E+00  0.00000000E+00  0.00000000E+00  0.00000000E+00  0.00000000E+00
  0.00000000E+00  0.00000000E+00  0.00000000E+00  0.00000000E+00  0.00000000E+00
  0.00000000E+00  0.00000000E+00  0.00000000E+00  0.00000000E+00  0.00000000E+00
  0.00000000E+00  0.00000000E+00  0.00000000E+00  0.00000000E+00  0.00000000E+00
  0.00000000E+00  0.00000000E+00  0.00000000E+00  0.00000000E+00  0.00000000E+00
  0.00000000E+00  0.00000000E+00  0.00000000E+00  0.00000000E+00  0.00000000E+00
  0.00000000E+00  0.00000000E+00  0.00000000E+00  0.00000000E+00
  0.10000000E+01  0.24863687E+01  0.34684449E+01  0.38279324E+01  0.38654118E+01
  0.36425466E+01  0.32542275E+01  0.28208469E+01  0.23243657E+01  0.18862855E+01
  0.14573047E+01  0.11132887E+01  0.81734898E+00  0.58837741E+00  0.41656664E+00
  0.28192561E+00  0.19565734E+00  0.12382612E+00  0.85747365E-01  0.50332081E-01
  0.35434170E-01  0.19090503E-01  0.13926416E-01  0.68051418E-02  0.52412067E-02
  0.22942584E-02  0.18987010E-02  0.73567491E-03  0.66459320E-03  0.22548755E-03
  0.22530800E-03  0.66293560E-04  0.74030237E-04  0.18677283E-04  0.23520462E-04
  0.49780064E-05  0.71844076E-05  0.12249685E-05  0.21075173E-05  0.27009509E-06
  0.00000000E+00  0.00000000E+00  0.00000000E+00  0.00000000E+00  0.00000000E+00
  0.00000000E+00  0.00000000E+00  0.00000000E+00  0.00000000E+00  0.00000000E+00
  0.00000000E+00  0.00000000E+00  0.00000000E+00  0.00000000E+00  0.00000000E+00
  0.00000000E+00  0.00000000E+00  0.00000000E+00  0.00000000E+00  0.00000000E+00
  0.00000000E+00  0.00000000E+00  0.00000000E+00  0.00000000E+00  0.00000000E+00
  0.00000000E+00  0.00000000E+00  0.00000000E+00  0.00000000E+00  0.00000000E+00
  0.00000000E+00  0.00000000E+00  0.00000000E+00  0.00000000E+00  0.00000000E+00
  0.00000000E+00  0.00000000E+00  0.00000000E+00  0.00000000E+00  0.00000000E+00
  0.00000000E+00  0.00000000E+00  0.00000000E+00  0.00000000E+00  0.00000000E+00
  0.00000000E+00  0.00000000E+00  0.00000000E+00  0.00000000E+00  0.00000000E+00
  0.00000000E+00  0.00000000E+00  0.00000000E+00  0.00000000E+00  0.00000000E+00
  0.00000000E+00  0.00000000E+00  0.00000000E+00  0.00000000E+00  0.00000000E+00
  0.00000000E+00  0.00000000E+00  0.00000000E+00  0.00000000E+00  0.00000000E+00
  0.00000000E+00  0.00000000E+00  0.00000000E+00  0.00000000E+00  0.00000000E+00
  0.00000000E+00  0.00000000E+00  0.00000000E+00  0.00000000E+00  0.00000000E+00
  0.00000000E+00  0.00000000E+00  0.00000000E+00  0.00000000E+00  0.00000000E+00
  0.00000000E+00  0.00000000E+00  0.00000000E+00  0.00000000E+00  0.00000000E+00
  0.00000000E+00  0.00000000E+00  0.00000000E+00  0.00000000E+00
  0.10000000E+01  0.24671062E+01  0.34682777E+01  0.38508490E+01  0.39619069E+01
  0.38310101E+01  0.35463418E+01  0.32138271E+01  0.27858413E+01  0.24007835E+01
  0.19713151E+01  0.16204477E+01  0.12710552E+01  0.99622218E+00  0.75429734E+00
  0.56220223E+00  0.41619022E+00  0.29354947E+00  0.21558181E+00  0.14289803E+00
  0.10574355E+00  0.65310806E-01  0.49475812E-01  0.28207087E-01  0.22212797E-01
  0.11580623E-01  0.96137919E-02  0.45450086E-02  0.40252004E-02  0.17142816E-02
  0.16345525E-02  0.62458035E-03  0.64494335E-03  0.22085774E-03  0.24755342E-03
  0.76094580E-04  0.92473057E-04  0.25584009E-04  0.33574246E-04  0.83416898E-05
  0.11777277E-04  0.25629692E-05  0.39370225E-05  0.70613098E-06  0.00000000E+00
  0.00000000E+00  0.00000000E+00  0.00000000E+00  0.00000000E+00  0.00000000E+00
  0.00000000E+00  0.00000000E+00  0.00000000E+00  0.00000000E+00  0.00000000E+00
  0.00000000E+00  0.00000000E+00  0.00000000E+00  0.00000000E+00  0.00000000E+00
  0.00000000E+00  0.00000000E+00  0.00000000E+00  0.00000000E+00  0.00000000E+00
  0.00000000E+00  0.00000000E+00  0.00000000E+00  0.00000000E+00  0.00000000E+00
  0.00000000E+00  0.00000000E+00  0.00000000E+00  0.00000000E+00  0.00000000E+00
  0.00000000E+00  0.00000000E+00  0.00000000E+00  0.00000000E+00  0.00000000E+00
  0.00000000E+00  0.00000000E+00  0.00000000E+00  0.00000000E+00  0.00000000E+00
  0.00000000E+00  0.00000000E+00  0.00000000E+00  0.00000000E+00  0.00000000E+00
  0.00000000E+00  0.00000000E+00  0.00000000E+00  0.00000000E+00  0.00000000E+00
  0.00000000E+00  0.00000000E+00  0.00000000E+00  0.00000000E+00  0.00000000E+00
  0.00000000E+00  0.00000000E+00  0.00000000E+00  0.00000000E+00  0.00000000E+00
  0.00000000E+00  0.00000000E+00  0.00000000E+00  0.00000000E+00  0.00000000E+00
  0.00000000E+00  0.00000000E+00  0.00000000E+00  0.00000000E+00  0.00000000E+00
  0.00000000E+00  0.00000000E+00  0.00000000E+00  0.00000000E+00  0.00000000E+00
  0.00000000E+00  0.00000000E+00  0.00000000E+00  0.00000000E+00  0.00000000E+00
  0.00000000E+00  0.00000000E+00  0.00000000E+00  0.00000000E+00
  0.10000000E+01  0.24367456E+01  0.34373661E+01  0.38092167E+01  0.39637659E+01
  0.38962620E+01  0.37018417E+01  0.34666121E+01  0.31264710E+01  0.28189997E+01
  0.24305819E+01  0.21113558E+01  0.17472641E+01  0.14600457E+01  0.11675885E+01
  0.93595676E+00  0.73036243E+00  0.55928805E+00  0.43090846E+00  0.31344392E+00
  0.24151736E+00  0.16575717E+00  0.12941011E+00  0.83196482E-01  0.66638284E-01
  0.39853093E-01  0.33115886E-01  0.18316165E-01  0.15933799E-01  0.81173302E-02
  0.74412977E-02  0.34856375E-02  0.33793529E-02  0.14567434E-02  0.14944262E-02
  0.59489444E-03  0.64417084E-03  0.23814762E-03  0.27082416E-03  0.93653623E-04
  0.11108259E-03  0.36205631E-04  0.44439353E-04  0.13739719E-04  0.17313205E-04
  0.50776913E-05  0.65186943E-05  0.17652297E-05  0.23156945E-05  0.53938732E-06
  0.00000000E+00  0.00000000E+00  0.00000000E+00  0.00000000E+00  0.00000000E+00
  0.00000000E+00  0.00000000E+00  0.00000000E+00  0.00000000E+00  0.00000000E+00
  0.00000000E+00  0.00000000E+00  0.00000000E+00  0.00000000E+00  0.00000000E+00
  0.00000000E+00  0.00000000E+00  0.00000000E+00  0.00000000E+00  0.00000000E+00
  0.00000000E+00  0.00000000E+00  0.00000000E+00  0.00000000E+00  0.00000000E+00
  0.00000000E+00  0.00000000E+00  0.00000000E+00  0.00000000E+00  0.00000000E+00
  0.00000000E+00  0.00000000E+00  0.00000000E+00  0.00000000E+00  0.00000000E+00
  0.00000000E+00  0.00000000E+00  0.00000000E+00  0.00000000E+00  0.00000000E+00
  0.00000000E+00  0.00000000E+00  0.00000000E+00  0.00000000E+00  0.00000000E+00
  0.00000000E+00  0.00000000E+00  0.00000000E+00  0.00000000E+00  0.00000000E+00
  0.00000000E+00  0.00000000E+00  0.00000000E+00  0.00000000E+00  0.00000000E+00
  0.00000000E+00  0.00000000E+00  0.00000000E+00  0.00000000E+00  0.00000000E+00
  0.00000000E+00  0.00000000E+00  0.00000000E+00  0.00000000E+00  0.00000000E+00
  0.00000000E+00  0.00000000E+00  0.00000000E+00  0.00000000E+00  0.00000000E+00
  0.00000000E+00  0.00000000E+00  0.00000000E+00  0.00000000E+00  0.00000000E+00
  0.00000000E+00  0.00000000E+00  0.00000000E+00  0.00000000E+00
  0.10000000E+01  0.24019606E+01  0.33943936E+01  0.37397226E+01  0.39245721E+01
  0.39048107E+01  0.37915107E+01  0.36463866E+01  0.34010572E+01  0.31784281E+01
  0.28558469E+01  0.25886672E+01  0.22407158E+01  0.19658020E+01  0.16455795E+01
  0.13938372E+01  0.11367644E+01  0.92649654E+00  0.74324746E+00  0.58033326E+00
  0.46281620E+00  0.34440724E+00  0.27601678E+00  0.19469083E+00  0.15841100E+00
  0.10537135E+00  0.87830410E-01  0.54869070E-01  0.47190296E-01  0.27617128E-01
  0.24629566E-01  0.13494948E-01  0.12510553E-01  0.64276165E-02  0.61938171E-02
  0.29947659E-02  0.29924035E-02  0.13690127E-02  0.14121479E-02  0.61541682E-03
  0.65142325E-03  0.27242624E-03  0.29388032E-03  0.11878525E-03  0.12966101E-03
  0.50959207E-04  0.55912890E-04  0.21454699E-04  0.23536617E-04  0.88375099E-05
  0.96567265E-05  0.35447003E-05  0.38321253E-05  0.13386309E-05  0.14164707E-05
  0.43787546E-06  0.00000000E+00  0.00000000E+00  0.00000000E+00  0.00000000E+00
  0.00000000E+00  0.00000000E+00  0.00000000E+00  0.00000000E+00  0.00000000E+00
  0.00000000E+00  0.00000000E+00  0.00000000E+00  0.00000000E+00  0.00000000E+00
  0.00000000E+00  0.00000000E+00  0.00000000E+00  0.00000000E+00  0.00000000E+00
  0.00000000E+00  0.00000000E+00  0.00000000E+00  0.00000000E+00  0.00000000E+00
  0.00000000E+00  0.00000000E+00  0.00000000E+00  0.00000000E+00  0.00000000E+00
  0.00000000E+00  0.00000000E+00  0.00000000E+00  0.00000000E+00  0.00000000E+00
  0.00000000E+00  0.00000000E+00  0.00000000E+00  0.00000000E+00  0.00000000E+00
  0.00000000E+00  0.00000000E+00  0.00000000E+00  0.00000000E+00  0.00000000E+00
  0.00000000E+00  0.00000000E+00  0.00000000E+00  0.00000000E+00  0.00000000E+00
  0.00000000E+00  0.00000000E+00  0.00000000E+00  0.00000000E+00  0.00000000E+00
  0.00000000E+00  0.00000000E+00  0.00000000E+00  0.00000000E+00  0.00000000E+00
  0.00000000E+00  0.00000000E+00  0.00000000E+00  0.00000000E+00  0.00000000E+00
  0.00000000E+00  0.00000000E+00  0.00000000E+00  0.00000000E+00  0.00000000E+00
  0.00000000E+00  0.00000000E+00  0.00000000E+00  0.00000000E+00
  0.10000000E+01  0.23689796E+01  0.33547715E+01  0.36727525E+01  0.38879321E+01
  0.39117693E+01  0.38763306E+01  0.38153739E+01  0.36659936E+01  0.35261520E+01
  0.32817600E+01  0.30730633E+01  0.27620534E+01  0.25129860E+01  0.21853698E+01
  0.19285938E+01  0.16321718E+01  0.13938165E+01  0.11571121E+01  0.95307467E+00
  0.78308990E+00  0.61969849E+00  0.50851950E+00  0.38503954E+00  0.31825392E+00
  0.22969473E+00  0.19265641E+00  0.13214888E+00  0.11313691E+00  0.73633433E-01
  0.64602383E-01  0.39892106E-01  0.35935758E-01  0.21088445E-01  0.19502825E-01
  0.10912067E-01  0.10339742E-01  0.55413943E-02  0.53609070E-02  0.27675336E-02
  0.27208804E-02  0.13614652E-02  0.13530535E-02  0.66040776E-03  0.65979787E-03
  0.31603490E-03  0.31570819E-03  0.14918306E-03  0.14827277E-03  0.69385250E-04
  0.68309577E-04  0.31703981E-04  0.30803761E-04  0.14157097E-04  0.13542399E-04
  0.61446310E-05  0.57856621E-05  0.25921607E-05  0.23878718E-05  0.10373261E-05
  0.90497383E-06  0.00000000E+00  0.00000000E+00  0.00000000E+00  0.00000000E+00
  0.00000000E+00  0.00000000E+00  0.00000000E+00  0.00000000E+00  0.00000000E+00
  0.00000000E+00  0.00000000E+00  0.00000000E+00  0.00000000E+00  0.00000000E+00
  0.00000000E+00  0.00000000E+00  0.00000000E+00  0.00000000E+00  0.00000000E+00
  0.00000000E+00  0.00000000E+00  0.00000000E+00  0.00000000E+00  0.00000000E+00
  0.00000000E+00  0.00000000E+00  0.00000000E+00  0.00000000E+00  0.00000000E+00
  0.00000000E+00  0.00000000E+00  0.00000000E+00  0.00000000E+00  0.00000000E+00
  0.00000000E+00  0.00000000E+00  0.00000000E+00  0.00000000E+00  0.00000000E+00
  0.00000000E+00  0.00000000E+00  0.00000000E+00  0.00000000E+00  0.00000000E+00
  0.00000000E+00  0.00000000E+00  0.00000000E+00  0.00000000E+00  0.00000000E+00
  0.00000000E+00  0.00000000E+00  0.00000000E+00  0.00000000E+00  0.00000000E+00
  0.00000000E+00  0.00000000E+00  0.00000000E+00  0.00000000E+00  0.00000000E+00
  0.00000000E+00  0.00000000E+00  0.00000000E+00  0.00000000E+00  0.00000000E+00
  0.00000000E+00  0.00000000E+00  0.00000000E+00  0.00000000E+00
  0.10000000E+01  0.23428500E+01  0.33294624E+01  0.36299580E+01  0.38833261E+01
  0.39538692E+01  0.39963164E+01  0.40148207E+01  0.39587353E+01  0.38947937E+01
  0.37320809E+01  0.35795024E+01  0.33173741E+01  0.30988944E+01  0.27800140E+01
  0.25279053E+01  0.22058037E+01  0.19497438E+01  0.16661313E+01  0.14283051E+01
  0.12044186E+01  0.99844825E+00  0.83720173E+00  0.66904833E+00  0.56185253E+00
  0.43159950E+00  0.36526387E+00  0.26912449E+00  0.23065679E+00  0.16282380E+00
  0.14179477E+00  0.95915705E-01  0.85010223E-01  0.55186778E-01  0.49779156E-01
  0.31099248E-01  0.28506328E-01  0.17204508E-01  0.15982327E-01  0.93610660E-02
  0.87819656E-02  0.50167901E-02  0.47339352E-02  0.26509792E-02  0.25058030E-02
  0.13822667E-02  0.13036897E-02  0.71153457E-03  0.66726892E-03  0.36168994E-03
  0.33627070E-03  0.18155967E-03  0.16695747E-03  0.89959996E-04  0.81670784E-04
  0.43930882E-04  0.39303419E-04  0.21057893E-04  0.18519449E-04  0.98218170E-05
  0.84594770E-05  0.44060962E-05  0.37084905E-05  0.19027278E-05  0.15470196E-05
  0.77762700E-06  0.00000000E+00  0.00000000E+00  0.00000000E+00  0.00000000E+00
  0.00000000E+00  0.00000000E+00  0.00000000E+00  0.00000000E+00  0.00000000E+00
  0.00000000E+00  0.00000000E+00  0.00000000E+00  0.00000000E+00  0.00000000E+00
  0.00000000E+00  0.00000000E+00  0.00000000E+00  0.00000000E+00  0.00000000E+00
  0.00000000E+00  0.00000000E+00  0.00000000E+00  0.00000000E+00  0.00000000E+00
  0.00000000E+00  0.00000000E+00  0.00000000E+00  0.00000000E+00  0.00000000E+00
  0.00000000E+00  0.00000000E+00  0.00000000E+00  0.00000000E+00  0.00000000E+00
  0.00000000E+00  0.00000000E+00  0.00000000E+00  0.00000000E+00  0.00000000E+00
  0.00000000E+00  0.00000000E+00  0.00000000E+00  0.00000000E+00  0.00000000E+00
  0.00000000E+00  0.00000000E+00  0.00000000E+00  0.00000000E+00  0.00000000E+00
  0.00000000E+00  0.00000000E+00  0.00000000E+00  0.00000000E+00  0.00000000E+00
  0.00000000E+00  0.00000000E+00  0.00000000E+00  0.00000000E+00  0.00000000E+00
  0.00000000E+00  0.00000000E+00  0.00000000E+00  0.00000000E+00
  0.10000000E+01  0.23265341E+01  0.33236985E+01  0.36218644E+01  0.39233272E+01
  0.40459476E+01  0.41660395E+01  0.42589755E+01  0.42900943E+01  0.42928075E+01
  0.42090838E+01  0.41059327E+01  0.38979418E+01  0.37097383E+01  0.34115427E+01
  0.31699251E+01  0.28359371E+01  0.25712856E+01  0.22513031E+01  0.19886670E+01
  0.17152366E+01  0.14729040E+01  0.12596275E+01  0.10489811E+01  0.89489763E+00
  0.72112029E+00  0.61692584E+00  0.48023705E+00  0.41371616E+00  0.31086137E+00
  0.27044034E+00  0.19619097E+00  0.17261481E+00  0.12105918E+00  0.10773203E+00
  0.73211493E-01  0.65828069E-01  0.43482972E-01  0.39424030E-01  0.25406818E-01
  0.23165719E-01  0.14623574E-01  0.13369026E-01  0.83000381E-02  0.75849285E-02
  0.46491887E-02  0.42347630E-02  0.25716478E-02  0.23289475E-02  0.14053557E-02
  0.12628701E-02  0.75900200E-03  0.67578089E-03  0.40518293E-03  0.35712268E-03
  0.21379637E-03  0.18646423E-03  0.11147369E-03  0.96200542E-04  0.57399752E-04
  0.49013727E-04  0.29147141E-04  0.24601975E-04  0.14533048E-04  0.12078824E-04
  0.70320983E-05  0.56951828E-05  0.32264775E-05  0.25087777E-05  0.13902478E-05
  0.10042238E-05  0.55341026E-06  0.00000000E+00  0.00000000E+00  0.00000000E+00
  0.00000000E+00  0.00000000E+00  0.00000000E+00  0.00000000E+00  0.00000000E+00
  0.00000000E+00  0.00000000E+00  0.00000000E+00  0.00000000E+00  0.00000000E+00
  0.00000000E+00  0.00000000E+00  0.00000000E+00  0.00000000E+00  0.00000000E+00
  0.00000000E+00  0.00000000E+00  0.00000000E+00  0.00000000E+00  0.00000000E+00
  0.00000000E+00  0.00000000E+00  0.00000000E+00  0.00000000E+00  0.00000000E+00
  0.00000000E+00  0.00000000E+00  0.00000000E+00  0.00000000E+00  0.00000000E+00
  0.00000000E+00  0.00000000E+00  0.00000000E+00  0.00000000E+00  0.00000000E+00
  0.00000000E+00  0.00000000E+00  0.00000000E+00  0.00000000E+00  0.00000000E+00
  0.00000000E+00  0.00000000E+00  0.00000000E+00  0.00000000E+00  0.00000000E+00
  0.00000000E+00  0.00000000E+00  0.00000000E+00  0.00000000E+00  0.00000000E+00
  0.00000000E+00  0.00000000E+00  0.00000000E+00  0.00000000E+00
  0.10000000E+01  0.23206224E+01  0.33372127E+01  0.36484082E+01  0.40054714E+01
  0.41839515E+01  0.43787876E+01  0.45397094E+01  0.46490482E+01  0.47084857E+01
  0.46972447E+01  0.46358249E+01  0.44828438E+01  0.43228476E+01  0.40538453E+01
  0.38266375E+01  0.34937129E+01  0.32285851E+01  0.28851290E+01  0.26073455E+01
  0.22934967E+01  0.20235098E+01  0.17618172E+01  0.15146639E+01  0.13120663E+01
  0.10972231E+01  0.94984107E+00  0.77162741E+00  0.66991121E+00  0.52835840E+00
  0.46117440E+00  0.35320876E+00  0.31036929E+00  0.23108762E+00  0.20447700E+00
  0.14828543E+00  0.13203170E+00  0.93496575E-01  0.83646766E-01  0.58013796E-01
  0.52047348E-01  0.35468523E-01  0.31838585E-01  0.21387675E-01  0.19166262E-01
  0.12730421E-01  0.11365119E-01  0.74846244E-02  0.66449453E-02  0.43490240E-02
  0.38345759E-02  0.24987342E-02  0.21860744E-02  0.14201431E-02  0.12323043E-02
  0.79866879E-03  0.68737249E-03  0.44451702E-03  0.37956948E-03  0.24482614E-03
  0.20751492E-03  0.13337074E-03  0.11225621E-03  0.71784723E-04  0.60015040E-04
  0.38122373E-04  0.31647645E-04  0.19934893E-04  0.16398797E-04  0.10221295E-04
  0.82728963E-05  0.50626085E-05  0.39437055E-05  0.23264360E-05  0.16720840E-05
  0.94837499E-06  0.00000000E+00  0.00000000E+00  0.00000000E+00  0.00000000E+00
  0.00000000E+00  0.00000000E+00  0.00000000E+00  0.00000000E+00  0.00000000E+00
  0.00000000E+00  0.00000000E+00  0.00000000E+00  0.00000000E+00  0.00000000E+00
  0.00000000E+00  0.00000000E+00  0.00000000E+00  0.00000000E+00  0.00000000E+00
  0.00000000E+00  0.00000000E+00  0.00000000E+00  0.00000000E+00  0.00000000E+00
  0.00000000E+00  0.00000000E+00  0.00000000E+00  0.00000000E+00  0.00000000E+00
  0.00000000E+00  0.00000000E+00  0.00000000E+00  0.00000000E+00  0.00000000E+00
  0.00000000E+00  0.00000000E+00  0.00000000E+00  0.00000000E+00  0.00000000E+00
  0.00000000E+00  0.00000000E+00  0.00000000E+00  0.00000000E+00  0.00000000E+00
  0.00000000E+00  0.00000000E+00  0.00000000E+00  0.00000000E+00  0.00000000E+00
  0.00000000E+00  0.00000000E+00  0.00000000E+00  0.00000000E+00
  0.10000000E+01  0.23238516E+01  0.33660562E+01  0.37024720E+01  0.41181380E+01
  0.43529055E+01  0.46164148E+01  0.48374766E+01  0.50143733E+01  0.51212062E+01
  0.51742756E+01  0.51479264E+01  0.50484421E+01  0.49148843E+01  0.46809670E+01
  0.44715368E+01  0.41510486E+01  0.38928073E+01  0.35393084E+01  0.32559091E+01
  0.29135827E+01  0.26256907E+01  0.23235517E+01  0.20481769E+01  0.18001707E+01
  0.15499377E+01  0.13581094E+01  0.11409538E+01  0.99971788E+00  0.81909985E+00
  0.71923840E+00  0.57483894E+00  0.50646371E+00  0.39521047E+00  0.34950265E+00
  0.26669291E+00  0.23662824E+00  0.17693366E+00  0.15734196E+00  0.11556530E+00
  0.10285106E+00  0.74397860E-01  0.66156231E-01  0.47251977E-01  0.41911887E-01
  0.29631133E-01  0.26176684E-01  0.18358482E-01  0.16132850E-01  0.11244545E-01
  0.98205043E-02  0.68122991E-02  0.59098926E-02  0.40841434E-02  0.35190824E-02
  0.24241401E-02  0.20750527E-02  0.14250532E-02  0.12124810E-02  0.82997558E-03
  0.70241873E-03  0.47901386E-03  0.40353429E-03  0.27393151E-03  0.22987069E-03
  0.15516435E-03  0.12974033E-03  0.86947489E-04  0.72411108E-04  0.48086753E-04
  0.39835523E-04  0.26149056E-04  0.21488512E-04  0.13911505E-04  0.11282663E-04
  0.71918313E-05  0.56847442E-05  0.35375263E-05  0.26115716E-05  0.15310985E-05
  0.93334562E-06  0.00000000E+00  0.00000000E+00  0.00000000E+00  0.00000000E+00
  0.00000000E+00  0.00000000E+00  0.00000000E+00  0.00000000E+00  0.00000000E+00
  0.00000000E+00  0.00000000E+00  0.00000000E+00  0.00000000E+00  0.00000000E+00
  0.00000000E+00  0.00000000E+00  0.00000000E+00  0.00000000E+00  0.00000000E+00
  0.00000000E+00  0.00000000E+00  0.00000000E+00  0.00000000E+00  0.00000000E+00
  0.00000000E+00  0.00000000E+00  0.00000000E+00  0.00000000E+00  0.00000000E+00
  0.00000000E+00  0.00000000E+00  0.00000000E+00  0.00000000E+00  0.00000000E+00
  0.00000000E+00  0.00000000E+00  0.00000000E+00  0.00000000E+00  0.00000000E+00
  0.00000000E+00  0.00000000E+00  0.00000000E+00  0.00000000E+00  0.00000000E+00
  0.00000000E+00  0.00000000E+00  0.00000000E+00  0.00000000E+00
  0.10000000E+01  0.23340210E+01  0.34049018E+01  0.37742989E+01  0.42470981E+01
  0.45353155E+01  0.48591481E+01  0.51319025E+01  0.53654994E+01  0.55118713E+01
  0.56210951E+01  0.56250759E+01  0.55766335E+01  0.54688628E+01  0.52739843E+01
  0.50856775E+01  0.47869644E+01  0.45422067E+01  0.41911039E+01  0.39108096E+01
  0.35526917E+01  0.32564356E+01  0.29242629E+01  0.26297195E+01  0.23429216E+01
  0.20647401E+01  0.18309391E+01  0.15799133E+01  0.13980670E+01  0.11807956E+01
  0.10446670E+01  0.86374581E+00  0.76488671E+00  0.61956680E+00  0.54940487E+00
  0.43653294E+00  0.38754419E+00  0.30256275E+00  0.26872456E+00  0.20655326E+00
  0.18333897E+00  0.13903645E+00  0.12318445E+00  0.92362147E-01  0.81582578E-01
  0.60598122E-01  0.53304558E-01  0.39292700E-01  0.34390680E-01  0.25194705E-01
  0.21928437E-01  0.15983997E-01  0.13830405E-01  0.10038197E-01  0.86352955E-02
  0.62434398E-02  0.53414575E-02  0.38474575E-02  0.32754450E-02  0.23500574E-02
  0.19922896E-02  0.14232545E-02  0.12024431E-02  0.85482378E-03  0.72032300E-03
  0.50927616E-03  0.42832049E-03  0.30094409E-03  0.25272257E-03  0.17633661E-03
  0.14786690E-03  0.10235812E-03  0.85643905E-04  0.58731540E-04  0.48935971E-04
  0.33161523E-04  0.27400713E-04  0.18271750E-04  0.14862222E-04  0.96935588E-05
  0.76648125E-05  0.48556322E-05  0.36340568E-05  0.21835038E-05  0.13900630E-05
  0.68568924E-06  0.00000000E+00  0.00000000E+00  0.00000000E+00  0.00000000E+00
  0.00000000E+00  0.00000000E+00  0.00000000E+00  0.00000000E+00  0.00000000E+00
  0.00000000E+00  0.00000000E+00  0.00000000E+00  0.00000000E+00  0.00000000E+00
  0.00000000E+00  0.00000000E+00  0.00000000E+00  0.00000000E+00  0.00000000E+00
  0.00000000E+00  0.00000000E+00  0.00000000E+00  0.00000000E+00  0.00000000E+00
  0.00000000E+00  0.00000000E+00  0.00000000E+00  0.00000000E+00  0.00000000E+00
  0.00000000E+00  0.00000000E+00  0.00000000E+00  0.00000000E+00  0.00000000E+00
  0.00000000E+00  0.00000000E+00  0.00000000E+00  0.00000000E+00  0.00000000E+00
  0.00000000E+00  0.00000000E+00  0.00000000E+00  0.00000000E+00
  0.10000000E+01  0.24034544E+01  0.35788627E+01  0.40910032E+01  0.47333665E+01
  0.51801217E+01  0.56594984E+01  0.60702417E+01  0.64497465E+01  0.67113446E+01
  0.69880615E+01  0.70990161E+01  0.72318069E+01  0.72366686E+01  0.72128152E+01
  0.71380806E+01  0.69786704E+01  0.68337957E+01  0.65752414E+01  0.63674655E+01
  0.60467174E+01  0.57874825E+01  0.54367348E+01  0.51409121E+01  0.47864323E+01
  0.44699549E+01  0.41316347E+01  0.38097641E+01  0.35009650E+01  0.31871891E+01
  0.29152257E+01  0.26205011E+01  0.23877574E+01  0.21200491E+01  0.19253878E+01
  0.16895513E+01  0.15296903E+01  0.13276844E+01  0.11983230E+01  0.10296826E+01
  0.92628518E+00  0.78875024E+00  0.70700515E+00  0.59718314E+00  0.53322132E+00
  0.44717793E+00  0.39764376E+00  0.33136408E+00  0.29340797E+00  0.24311426E+00
  0.21434986E+00  0.17668805E+00  0.15513826E+00  0.12726075E+00  0.11130564E+00
  0.90878798E-01  0.79205788E-01  0.64370988E-01  0.55931549E-01  0.45243074E-01
  0.39211575E-01  0.31565389E-01  0.27301747E-01  0.21868288E-01  0.18886025E-01
  0.15049489E-01  0.12983505E-01  0.10291068E-01  0.88722518E-02  0.69944966E-02
  0.60278139E-02  0.47261738E-02  0.40720168E-02  0.31753332E-02  0.27352876E-02
  0.21214637E-02  0.18268675E-02  0.14093852E-02  0.12129203E-02  0.93083624E-03
  0.80019153E-03  0.61087871E-03  0.52421108E-03  0.39803669E-03  0.34063627E-03
  0.25713206E-03  0.21917132E-03  0.16429914E-03  0.13922843E-03  0.10342947E-03
  0.86892766E-04  0.63705706E-04  0.52823084E-04  0.37920172E-04  0.30800274E-04
  0.21311534E-04  0.16722792E-04  0.10759154E-04  0.78951229E-05  0.42032135E-05
  0.25207478E-05  0.24182070E-06  0.00000000E+00  0.00000000E+00  0.00000000E+00
  0.00000000E+00  0.00000000E+00  0.00000000E+00  0.00000000E+00  0.00000000E+00
  0.00000000E+00  0.00000000E+00  0.00000000E+00  0.00000000E+00  0.00000000E+00
  0.00000000E+00  0.00000000E+00  0.00000000E+00  0.00000000E+00  0.00000000E+00
  0.00000000E+00  0.00000000E+00  0.00000000E+00  0.00000000E+00  0.00000000E+00
  0.00000000E+00  0.00000000E+00  0.00000000E+00  0.00000000E+00
  0.10000000E+01  0.24701900E+01  0.37098098E+01  0.43270278E+01  0.50489800E+01
  0.55848460E+01  0.61382900E+01  0.66355100E+01  0.71045862E+01  0.74648199E+01
  0.78674398E+01  0.80901681E+01  0.83758577E+01  0.85072473E+01  0.86440191E+01
  0.87024788E+01  0.86985491E+01  0.86811113E+01  0.85633903E+01  0.84671327E+01
  0.82625706E+01  0.80933986E+01  0.78247724E+01  0.75947571E+01  0.72824725E+01
  0.70056950E+01  0.66687791E+01  0.63592815E+01  0.60147052E+01  0.56859271E+01
  0.53475848E+01  0.50120847E+01  0.46903053E+01  0.43593461E+01  0.40610101E+01
  0.37440862E+01  0.34731375E+01  0.31776074E+01  0.29357228E+01  0.26666441E+01
  0.24538823E+01  0.22140897E+01  0.20294165E+01  0.18197995E+01  0.16614771E+01
  0.14813733E+01  0.13472395E+01  0.11948595E+01  0.10825272E+01  0.95535809E+00
  0.86235577E+00  0.75750820E+00  0.68137924E+00  0.59586204E+00  0.53424170E+00
  0.46515735E+00  0.41582642E+00  0.36049576E+00  0.32142351E+00  0.27745523E+00
  0.24682359E+00  0.21213676E+00  0.18835228E+00  0.16117526E+00  0.14287548E+00
  0.12172309E+00  0.10776011E+00  0.91402209E-01  0.80828549E-01  0.68259804E-01
  0.60307606E-01  0.50710911E-01  0.44766309E-01  0.37485049E-01  0.33065059E-01
  0.27575242E-01  0.24303998E-01  0.20190774E-01  0.17779417E-01  0.14716626E-01
  0.12945233E-01  0.10678553E-01  0.93814212E-02  0.77139348E-02  0.67667786E-02
  0.55471462E-02  0.48575042E-02  0.39703634E-02  0.34697026E-02  0.28278078E-02
  0.24654550E-02  0.20033186E-02  0.17419547E-02  0.14108076E-02  0.12229973E-02
  0.98677011E-03  0.85239242E-03  0.68460379E-03  0.58895870E-03  0.47028046E-03
  0.40263691E-03  0.31903063E-03  0.27158559E-03  0.21291536E-03  0.18001051E-03
  0.13897346E-03  0.11652635E-03  0.87891054E-04  0.72974925E-04  0.53006379E-04
  0.43538893E-04  0.29583194E-04  0.24096353E-04  0.14276276E-04  0.11746200E-04
  0.47292371E-05  0.44300054E-05 -0.75434037E-06  0.00000000E+00  0.00000000E+00
  0.00000000E+00  0.00000000E+00  0.00000000E+00  0.00000000E+00  0.00000000E+00
  0.00000000E+00  0.00000000E+00  0.00000000E+00  0.00000000E+00
  0.10000000E+01  0.25195651E+01  0.37970266E+01  0.44861561E+01  0.52476983E+01
  0.58472381E+01  0.64527252E+01  0.70265237E+01  0.75732322E+01  0.80295709E+01
  0.85386316E+01  0.88697517E+01  0.92808941E+01  0.95314342E+01  0.98004361E+01
  0.99832465E+01  0.10114751E+02  0.10218456E+02  0.10236940E+02  0.10252478E+02
  0.10178673E+02  0.10109828E+02  0.99573905E+01  0.98155030E+01  0.95966224E+01
  0.93941846E+01  0.91227405E+01  0.88711502E+01  0.85621707E+01  0.82721469E+01
  0.79400723E+01  0.76223043E+01  0.72797696E+01  0.69449429E+01  0.66023328E+01
  0.62607046E+01  0.59261888E+01  0.55870588E+01  0.52668324E+01  0.49381078E+01
  0.46366841E+01  0.43246304E+01  0.40451071E+01  0.37542900E+01  0.34985750E+01
  0.32319478E+01  0.30009572E+01  0.27600407E+01  0.25538765E+01  0.23389952E+01
  0.21571013E+01  0.19676432E+01  0.18089409E+01  0.16436163E+01  0.15066329E+01
  0.13637048E+01  0.12466868E+01  0.11241626E+01  0.10251871E+01  0.92097165E+00
  0.83804027E+00  0.75004141E+00  0.68116171E+00  0.60737074E+00  0.55063417E+00
  0.48917041E+00  0.44278905E+00  0.39192469E+00  0.35426982E+00  0.31244777E+00
  0.28206972E+00  0.24789786E+00  0.22352833E+00  0.19578075E+00  0.17633073E+00
  0.15393776E+00  0.13848424E+00  0.12052174E+00  0.10829346E+00  0.93969878E-01
  0.84329128E-01  0.72973165E-01  0.65398746E-01  0.56445767E-01  0.50514012E-01
  0.43493140E-01  0.38862715E-01  0.33384876E-01  0.29782064E-01  0.25528616E-01
  0.22734586E-01  0.19446682E-01  0.17287275E-01  0.14756445E-01  0.13093397E-01
  0.11152965E-01  0.98768345E-02  0.83946053E-02  0.74191663E-02  0.62909673E-02
  0.55483489E-02  0.46925305E-02  0.41295590E-02  0.34825575E-02  0.30577022E-02
  0.25701688E-02  0.22511699E-02  0.18850409E-02  0.16469527E-02  0.13729507E-02
  0.11965439E-02  0.99221478E-03  0.86271445E-03  0.71090224E-03  0.61704326E-03
  0.50468252E-03  0.43788262E-03  0.35501769E-03  0.30876530E-03  0.24784953E-03
  0.21722813E-03  0.17252909E-03  0.15383114E-03  0.12101020E-03  0.11145096E-03
  0.87226181E-04  0.84725277E-04  0.66620526E-04  0.69633663E-04
  0.10000000E+01  0.25552697E+01  0.38591322E+01  0.46029055E+01  0.53935451E+01
  0.60492131E+01  0.67030772E+01  0.73487561E+01  0.79660804E+01  0.85090516E+01
  0.91067943E+01  0.95323891E+01  0.10044093E+02  0.10397099E+02  0.10772064E+02
  0.11062790E+02  0.11306965E+02  0.11517762E+02  0.11656457E+02  0.11774186E+02
  0.11824168E+02  0.11852368E+02  0.11819611E+02  0.11770298E+02  0.11659760E+02
  0.11544369E+02  0.11365081E+02  0.11192174E+02  0.10956387E+02  0.10733368E+02
  0.10453953E+02  0.10188753E+02  0.98775799E+01  0.95790300E+01  0.92465464E+01
  0.89239215E+01  0.85792417E+01  0.82416456E+01  0.78927009E+01  0.75485825E+01
  0.72022041E+01  0.68590524E+01  0.65210031E+01  0.61851842E+01  0.58601814E+01
  0.55368706E+01  0.52286297E+01  0.49218102E+01  0.46331099E+01  0.43456309E+01
  0.40783886E+01  0.38120733E+01  0.35674213E+01  0.33232121E+01  0.31015846E+01
  0.28797006E+01  0.26809220E+01  0.24810119E+01  0.23044009E+01  0.21256888E+01
  0.19701584E+01  0.18115589E+01  0.16757202E+01  0.15359457E+01  0.14182216E+01
  0.12958585E+01  0.11945563E+01  0.10881259E+01  0.10015209E+01  0.90953559E+00
  0.83593634E+00  0.75692466E+00  0.69471583E+00  0.62725851E+00  0.57493686E+00
  0.51768537E+00  0.47387633E+00  0.42556812E+00  0.38903743E+00  0.34850471E+00
  0.31815840E+00  0.28433535E+00  0.25921750E+00  0.23114158E+00  0.21042254E+00
  0.18723376E+00  0.17020094E+00  0.15113943E+00  0.13718442E+00  0.12158590E+00
  0.11019116E+00  0.97480198E-01  0.88207917E-01  0.77890942E-01  0.70371892E-01
  0.62028983E-01  0.55952852E-01  0.49229972E-01  0.44337447E-01  0.38938210E-01
  0.35012788E-01  0.30690484E-01  0.27552350E-01  0.24103135E-01  0.21603409E-01
  0.18859363E-01  0.16875513E-01  0.14699298E-01  0.13130953E-01  0.11410564E-01
  0.10175776E-01  0.88201507E-02  0.78522216E-02  0.67876611E-02  0.60327403E-02
  0.51998381E-02  0.46145002E-02  0.39653730E-02  0.35147787E-02  0.30110996E-02
  0.26674456E-02  0.22785213E-02  0.20196616E-02  0.17210376E-02  0.15293849E-02
  0.13015821E-02  0.11631854E-02  0.99069621E-03  0.89448200E-03
  0.10000000E+01  0.25822913E+01  0.39078191E+01  0.46974390E+01  0.55159437E+01
  0.62232220E+01  0.69235655E+01  0.76340156E+01  0.83136254E+01  0.89309813E+01
  0.96020588E+01  0.10107577E+02  0.10701135E+02  0.11141112E+02  0.11603017E+02
  0.11986848E+02  0.12325761E+02  0.12630401E+02  0.12873492E+02  0.13082812E+02
  0.13243980E+02  0.13362248E+02  0.13441130E+02  0.13481842E+02  0.13477776E+02
  0.13451617E+02  0.13370338E+02  0.13283091E+02  0.13134963E+02  0.12990837E+02
  0.12787020E+02  0.12591406E+02  0.12341940E+02  0.12101889E+02  0.11815642E+02
  0.11539125E+02  0.11224284E+02  0.10919406E+02  0.10583746E+02  0.10258301E+02
  0.99091630E+01  0.95704346E+01  0.92145949E+01  0.88692513E+01  0.85128003E+01
  0.81668072E+01  0.78150869E+01  0.74736263E+01  0.71312130E+01  0.67986335E+01
  0.64693415E+01  0.61491538E+01  0.58360417E+01  0.55309607E+01  0.52363528E+01
  0.49483672E+01  0.46738819E+01  0.44043384E+01  0.41509422E+01  0.39006388E+01
  0.36687077E+01  0.34379742E+01  0.32273716E+01  0.30161558E+01  0.28263354E+01
  0.26342706E+01  0.24643448E+01  0.22908109E+01  0.21396458E+01  0.19838321E+01
  0.18501302E+01  0.17110698E+01  0.15934363E+01  0.14700572E+01  0.13670630E+01
  0.12582229E+01  0.11684479E+01  0.10729675E+01  0.99503867E+00  0.91172822E+00
  0.84434327E+00  0.77202918E+00  0.71397671E+00  0.65151994E+00  0.60168386E+00
  0.54799633E+00  0.50536184E+00  0.45941968E+00  0.42307160E+00  0.38392481E+00
  0.35304177E+00  0.31981890E+00  0.29366878E+00  0.26557992E+00  0.24351296E+00
  0.21984911E+00  0.20129082E+00  0.18142251E+00  0.16586864E+00  0.14924144E+00
  0.13624977E+00  0.12237841E+00  0.11156353E+00  0.10002680E+00  0.91053819E-01
  0.81487446E-01  0.74067283E-01  0.66158733E-01  0.60043190E-01  0.53525035E-01
  0.48501795E-01  0.43145993E-01  0.39034016E-01  0.34647162E-01  0.31293385E-01
  0.27712236E-01  0.24987500E-01  0.22074304E-01  0.19870353E-01  0.17509853E-01
  0.15736460E-01  0.13832232E-01  0.12414405E-01  0.10886269E-01  0.97618350E-02
  0.85430318E-02  0.76603539E-02  0.66951710E-02  0.60111676E-02
  0.10000000E+01  0.26040284E+01  0.39488524E+01  0.47791967E+01  0.56257432E+01
  0.63800475E+01  0.71240738E+01  0.78914413E+01  0.86253940E+01  0.93063542E+01
  0.10039062E+02  0.10613022E+02  0.11275222E+02  0.11790104E+02  0.12325596E+02
  0.12790564E+02  0.13210605E+02  0.13597847E+02  0.13931678E+02  0.14222864E+02
  0.14482110E+02  0.14682762E+02  0.14861876E+02  0.14987323E+02  0.15081471E+02
  0.15141725E+02  0.15154867E+02  0.15153010E+02  0.15094709E+02  0.15032103E+02
  0.14912201E+02  0.14792287E+02  0.14618783E+02  0.14447377E+02  0.14227014E+02
  0.14011023E+02  0.13750352E+02  0.13496739E+02  0.13202554E+02  0.12917993E+02
  0.12597197E+02  0.12288081E+02  0.11947403E+02  0.11619882E+02  0.11265670E+02
  0.10925594E+02  0.10563721E+02  0.10216526E+02  0.98523531E+01  0.95029617E+01
  0.91413112E+01  0.87940634E+01  0.84391849E+01  0.80978230E+01  0.77533624E+01
  0.74210437E+01  0.70900197E+01  0.67693438E+01  0.64541502E+01  0.61472032E+01
  0.58496233E+01  0.55580139E+01  0.52792568E+01  0.50041673E+01  0.47449355E+01
  0.44871611E+01  0.42476922E+01  0.40076828E+01  0.37878260E+01  0.35657342E+01
  0.33650239E+01  0.31607284E+01  0.29784499E+01  0.27916022E+01  0.26268601E+01
  0.24569183E+01  0.23086887E+01  0.21549526E+01  0.20221358E+01  0.18837791E+01
  0.17652372E+01  0.16413412E+01  0.15359365E+01  0.14255179E+01  0.13321309E+01
  0.12341696E+01  0.11517205E+01  0.10651849E+01  0.99264481E+00  0.91651508E+00
  0.85291078E+00  0.78619433E+00  0.73061455E+00  0.67236117E+00  0.62395766E+00
  0.57326976E+00  0.53125653E+00  0.48729830E+00  0.45095386E+00  0.41295446E+00
  0.38161759E+00  0.34887081E+00  0.32194025E+00  0.29380564E+00  0.27073601E+00
  0.24663577E+00  0.22693591E+00  0.20635343E+00  0.18958398E+00  0.17205812E+00
  0.15782792E+00  0.14294884E+00  0.13091078E+00  0.11831689E+00  0.10816571E+00
  0.97539884E-01  0.89008203E-01  0.80072553E-01  0.72928480E-01  0.65442247E-01
  0.59485946E-01  0.53240769E-01  0.48300753E-01  0.43117607E-01  0.39046892E-01
  0.34771087E-01  0.31442619E-01  0.27939262E-01  0.25241808E-01
  0.10000000E+01  0.26223901E+01  0.39848729E+01  0.48523264E+01  0.57265511E+01
  0.65233476E+01  0.73077929E+01  0.81250097E+01  0.89067038E+01  0.96428270E+01
  0.10428472E+02  0.11062241E+02  0.11783411E+02  0.12363825E+02  0.12962985E+02
  0.13499271E+02  0.13989735E+02  0.14450022E+02  0.14863046E+02  0.15227446E+02
  0.15572731E+02  0.15848282E+02  0.16116060E+02  0.16319947E+02  0.16502348E+02
  0.16643857E+02  0.16744223E+02  0.16823827E+02  0.16851732E+02  0.16868371E+02
  0.16832710E+02  0.16788527E+02  0.16695313E+02  0.16595492E+02  0.16449302E+02
  0.16300030E+02  0.16105722E+02  0.15912887E+02  0.15676135E+02  0.15445163E+02
  0.15172123E+02  0.14908290E+02  0.14605143E+02  0.14313761E+02  0.13986471E+02
  0.13672857E+02  0.13327104E+02  0.12996436E+02  0.12637618E+02  0.12294794E+02
  0.11928009E+02  0.11577563E+02  0.11207551E+02  0.10853612E+02  0.10484696E+02
  0.10130987E+02  0.97670130E+01  0.94168426E+01  0.90611505E+01  0.87174255E+01
  0.83728278E+01  0.80380560E+01  0.77068405E+01  0.73831493E+01  0.70671105E+01
  0.67562601E+01  0.64567098E+01  0.61601114E+01  0.58779263E+01  0.55966691E+01
  0.53323414E+01  0.50671986E+01  0.48208865E+01  0.45723461E+01  0.43439308E+01
  0.41122183E+01  0.39013499E+01  0.36864554E+01  0.34926045E+01  0.32943081E+01
  0.31168064E+01  0.29347082E+01  0.27727939E+01  0.26063397E+01  0.24591826E+01
  0.23076944E+01  0.21744245E+01  0.20371312E+01  0.19168586E+01  0.17929252E+01
  0.16847533E+01  0.15733017E+01  0.14763435E+01  0.13764751E+01  0.12898614E+01
  0.12006772E+01  0.11235612E+01  0.10441817E+01  0.97574881E+00  0.90532366E+00
  0.84479436E+00  0.78250693E+00  0.72914292E+00  0.67421972E+00  0.62732240E+00
  0.57903763E+00  0.53795078E+00  0.49563008E+00  0.45974340E+00  0.42275957E+00
  0.39150973E+00  0.35928314E+00  0.33215164E+00  0.30415277E+00  0.28066696E+00
  0.25641596E+00  0.23614862E+00  0.21521170E+00  0.19778298E+00  0.17977436E+00
  0.16484899E+00  0.14942670E+00  0.13671069E+00  0.12357424E+00  0.11280928E+00
  0.10169063E+00  0.92644819E-01  0.83299294E-01  0.75758559E-01
  0.10000000E+01  0.26383463E+01  0.40170468E+01  0.49185578E+01  0.58194001E+01
  0.66544714E+01  0.74760182E+01  0.83371059E+01  0.91611496E+01  0.99457691E+01
  0.10777598E+02  0.11464334E+02  0.12236845E+02  0.12875103E+02  0.13529981E+02
  0.14129179E+02  0.14681237E+02  0.15206221E+02  0.15688560E+02  0.16118385E+02
  0.16539008E+02  0.16882319E+02  0.17228024E+02  0.17503687E+02  0.17764428E+02
  0.17980908E+02  0.18160191E+02  0.18315477E+02  0.18423392E+02  0.18514447E+02
  0.18559158E+02  0.18587422E+02  0.18573071E+02  0.18543596E+02  0.18472765E+02
  0.18391291E+02  0.18267379E+02  0.18138799E+02  0.17966544E+02  0.17795052E+02
  0.17579888E+02  0.17369637E+02  0.17117042E+02  0.16872483E+02  0.16587735E+02
  0.16313555E+02  0.16001761E+02  0.15702679E+02  0.15368845E+02  0.15049433E+02
  0.14698474E+02  0.14363072E+02  0.13999737E+02  0.13652439E+02  0.13281224E+02
  0.12925868E+02  0.12550950E+02  0.12191109E+02  0.11816292E+02  0.11455266E+02
  0.11083951E+02  0.10724747E+02  0.10359914E+02  0.10005246E+02  0.96494591E+01
  0.93017409E+01  0.89571352E+01  0.86184816E+01  0.82867838E+01  0.79590199E+01
  0.76415741E+01  0.73262248E+01  0.70240240E+01  0.67223277E+01  0.64360519E+01
  0.61489704E+01  0.58790182E+01  0.56072520E+01  0.53537809E+01  0.50977837E+01
  0.48607452E+01  0.46207415E+01  0.43999264E+01  0.41759281E+01  0.39709904E+01
  0.37628242E+01  0.35733081E+01  0.33806455E+01  0.32060071E+01  0.30283924E+01
  0.28680172E+01  0.27048855E+01  0.25581123E+01  0.24088126E+01  0.22749452E+01
  0.21387680E+01  0.20170787E+01  0.18932845E+01  0.17830304E+01  0.16708604E+01
  0.15712934E+01  0.14699740E+01  0.13803540E+01  0.12891140E+01  0.12087055E+01
  0.11267916E+01  0.10548691E+01  0.98155275E+00  0.91741291E+00  0.85198432E+00
  0.79495464E+00  0.73673032E+00  0.68616895E+00  0.63450403E+00  0.58980467E+00
  0.54409775E+00  0.50469784E+00  0.46439145E+00  0.42978348E+00  0.39437382E+00
  0.36410405E+00  0.33313926E+00  0.30680623E+00  0.27988527E+00  0.25713080E+00
  0.23388561E+00  0.21437461E+00  0.19445021E+00  0.17785219E+00
  0.10000000E+01  0.26523655E+01  0.40458736E+01  0.49785387E+01  0.59044184E+01
  0.67738716E+01  0.76292450E+01  0.85290763E+01  0.93908543E+01  0.10218370E+02
  0.11090756E+02  0.11824583E+02  0.12641988E+02  0.13331386E+02  0.14035183E+02
  0.14689806E+02  0.15295845E+02  0.15878002E+02  0.16420999E+02  0.16909061E+02
  0.17395492E+02  0.17799692E+02  0.18213560E+02  0.18554170E+02  0.18883897E+02
  0.19168486E+02  0.19418222E+02  0.19642466E+02  0.19823072E+02  0.19982384E+02
  0.20101405E+02  0.20197004E+02  0.20256835E+02  0.20293999E+02  0.20295470E+02
  0.20279654E+02  0.20225029E+02  0.20160190E+02  0.20053558E+02  0.19942710E+02
  0.19788934E+02  0.19635220E+02  0.19439074E+02  0.19246202E+02  0.19012184E+02
  0.18784281E+02  0.18516779E+02  0.18258080E+02  0.17961527E+02  0.17676165E+02
  0.17355070E+02  0.17047005E+02  0.16705859E+02  0.16378903E+02  0.16022067E+02
  0.15679903E+02  0.15311530E+02  0.14957698E+02  0.14581690E+02  0.14219569E+02
  0.13839547E+02  0.13472328E+02  0.13091606E+02  0.12722279E+02  0.12343859E+02
  0.11975191E+02  0.11601734E+02  0.11236269E+02  0.10870091E+02  0.10510142E+02
  0.10153228E+02  0.98008553E+01  0.94548661E+01  0.91118777E+01  0.87781763E+01
  0.84461274E+01  0.81257887E+01  0.78059888E+01  0.74998261E+01  0.71933410E+01
  0.69019326E+01  0.66095875E+01  0.63333190E+01  0.60557010E+01  0.57947838E+01
  0.55322652E+01  0.52867543E+01  0.50395209E+01  0.48093308E+01  0.45774042E+01
  0.43623298E+01  0.41455733E+01  0.39453199E+01  0.37434562E+01  0.35576495E+01
  0.33702955E+01  0.31984760E+01  0.30251786E+01  0.28668207E+01  0.27070606E+01
  0.25615921E+01  0.24147791E+01  0.22815992E+01  0.21470979E+01  0.20255653E+01
  0.19027239E+01  0.17921588E+01  0.16803153E+01  0.15800239E+01  0.14784903E+01
  0.13877840E+01  0.12958636E+01  0.12140579E+01  0.11310725E+01  0.10574952E+01
  0.98279601E+00  0.91680985E+00  0.84978447E+00  0.79081488E+00  0.73090894E+00
  0.67844372E+00  0.62516329E+00  0.57875406E+00  0.53166539E+00  0.49091119E+00
  0.44960481E+00  0.41411003E+00  0.37815873E+00  0.34749455E+00
   100
  0.10000000E+01  0.94993892E+00  0.74359048E+00  0.23281404E+00  0.48430375E-01
  0.74131687E-02  0.91440267E-03  0.95969346E-04  0.88785416E-05  0.73976963E-06
  0.56209927E-07  0.39177302E-08  0.24974058E-09  0.14443970E-10 -0.34152358E-12
 -0.22927732E-12 -0.12674573E-11 -0.33927491E-12 -0.15471123E-11 -0.46214634E-12
 -0.18183083E-11 -0.53321063E-12 -0.19555292E-11 -0.52539645E-12 -0.20092952E-11
 -0.50706438E-12 -0.21165302E-11 -0.55392195E-12 -0.23452244E-11 -0.65882398E-12
 -0.26139453E-11 -0.74673129E-12 -0.27945281E-11  0.00000000E+00  0.00000000E+00
  0.00000000E+00  0.00000000E+00  0.00000000E+00  0.00000000E+00  0.00000000E+00
  0.00000000E+00  0.00000000E+00  0.00000000E+00  0.00000000E+00  0.00000000E+00
  0.00000000E+00  0.00000000E+00  0.00000000E+00  0.00000000E+00  0.00000000E+00
  0.00000000E+00  0.00000000E+00  0.00000000E+00  0.00000000E+00  0.00000000E+00
  0.00000000E+00  0.00000000E+00  0.00000000E+00  0.00000000E+00  0.00000000E+00
  0.00000000E+00  0.00000000E+00  0.00000000E+00  0.00000000E+00  0.00000000E+00
  0.00000000E+00  0.00000000E+00  0.00000000E+00  0.00000000E+00  0.00000000E+00
  0.00000000E+00  0.00000000E+00  0.00000000E+00  0.00000000E+00  0.00000000E+00
  0.00000000E+00  0.00000000E+00  0.00000000E+00  0.00000000E+00  0.00000000E+00
  0.00000000E+00  0.00000000E+00  0.00000000E+00  0.00000000E+00  0.00000000E+00
  0.00000000E+00  0.00000000E+00  0.00000000E+00  0.00000000E+00  0.00000000E+00
  0.00000000E+00  0.00000000E+00  0.00000000E+00  0.00000000E+00  0.00000000E+00
  0.00000000E+00  0.00000000E+00  0.00000000E+00  0.00000000E+00  0.00000000E+00
  0.00000000E+00
  0.10000000E+01  0.16464586E+01  0.13342641E+01  0.65150871E+00  0.24949037E+00
  0.73402138E-01  0.18383401E-01  0.39443530E-02  0.75896841E-03  0.13192935E-03
  0.21146800E-04  0.31319939E-05  0.42959443E-06  0.54455199E-07  0.63596319E-08
  0.68257973E-09  0.65437181E-10  0.52809905E-11 -0.18091890E-11 -0.10130336E-11
 -0.26880558E-11 -0.12015719E-11 -0.29087781E-11 -0.12148789E-11 -0.30208466E-11
 -0.12069865E-11 -0.31959658E-11 -0.13097776E-11 -0.35171376E-11 -0.15158846E-11
 -0.38884512E-11 -0.16993168E-11 -0.41597932E-11  0.00000000E+00  0.00000000E+00
  0.00000000E+00  0.00000000E+00  0.00000000E+00  0.00000000E+00  0.00000000E+00
  0.00000000E+00  0.00000000E+00  0.00000000E+00  0.00000000E+00  0.00000000E+00
  0.00000000E+00  0.00000000E+00  0.00000000E+00  0.00000000E+00  0.00000000E+00
  0.00000000E+00  0.00000000E+00  0.00000000E+00  0.00000000E+00  0.00000000E+00
  0.00000000E+00  0.00000000E+00  0.00000000E+00  0.00000000E+00  0.00000000E+00
  0.00000000E+00  0.00000000E+00  0.00000000E+00  0.00000000E+00  0.00000000E+00
  0.00000000E+00  0.00000000E+00  0.00000000E+00  0.00000000E+00  0.00000000E+00
  0.00000000E+00  0.00000000E+00  0.00000000E+00  0.00000000E+00  0.00000000E+00
  0.00000000E+00  0.00000000E+00  0.00000000E+00  0.00000000E+00  0.00000000E+00
  0.00000000E+00  0.00000000E+00  0.00000000E+00  0.00000000E+00  0.00000000E+00
  0.00000000E+00  0.00000000E+00  0.00000000E+00  0.00000000E+00  0.00000000E+00
  0.00000000E+00  0.00000000E+00  0.00000000E+00  0.00000000E+00  0.00000000E+00
  0.00000000E+00  0.00000000E+00  0.00000000E+00  0.00000000E+00  0.00000000E+00
  0.00000000E+00
  0.10000000E+01  0.20364188E+01  0.19783368E+01  0.13020988E+01  0.70165570E+00
  0.30543170E+00  0.11803195E+00  0.39341150E-01  0.12129662E-01  0.33575496E-02
  0.88158112E-03  0.21294233E-03  0.49371893E-04  0.10601688E-04  0.21634014E-05
  0.40806134E-06  0.71006058E-07  0.11338769E-07  0.16553719E-08  0.22152093E-09
  0.23043051E-10  0.17984269E-11 -0.44800731E-11 -0.12945870E-11 -0.50610054E-11
 -0.12984409E-11 -0.53894367E-11 -0.14062089E-11 -0.58776202E-11 -0.16415024E-11
 -0.64307996E-11 -0.18630467E-11 -0.68860656E-11  0.00000000E+00  0.00000000E+00
  0.00000000E+00  0.00000000E+00  0.00000000E+00  0.00000000E+00  0.00000000E+00
  0.00000000E+00  0.00000000E+00  0.00000000E+00  0.00000000E+00  0.00000000E+00
  0.00000000E+00  0.00000000E+00  0.00000000E+00  0.00000000E+00  0.00000000E+00
  0.00000000E+00  0.00000000E+00  0.00000000E+00  0.00000000E+00  0.00000000E+00
  0.00000000E+00  0.00000000E+00  0.00000000E+00  0.00000000E+00  0.00000000E+00
  0.00000000E+00  0.00000000E+00  0.00000000E+00  0.00000000E+00  0.00000000E+00
  0.00000000E+00  0.00000000E+00  0.00000000E+00  0.00000000E+00  0.00000000E+00
  0.00000000E+00  0.00000000E+00  0.00000000E+00  0.00000000E+00  0.00000000E+00
  0.00000000E+00  0.00000000E+00  0.00000000E+00  0.00000000E+00  0.00000000E+00
  0.00000000E+00  0.00000000E+00  0.00000000E+00  0.00000000E+00  0.00000000E+00
  0.00000000E+00  0.00000000E+00  0.00000000E+00  0.00000000E+00  0.00000000E+00
  0.00000000E+00  0.00000000E+00  0.00000000E+00  0.00000000E+00  0.00000000E+00
  0.00000000E+00  0.00000000E+00  0.00000000E+00  0.00000000E+00  0.00000000E+00
  0.00000000E+00
  0.10000000E+01  0.22491037E+01  0.24935674E+01  0.19975856E+01  0.13370230E+01
  0.75541192E+00  0.38443341E+00  0.17247357E+00  0.72536170E-01  0.27527415E-01
  0.10069811E-01  0.33701078E-02  0.11094989E-02  0.33666289E-03  0.10183145E-03
  0.28333786E-04  0.78474496E-05  0.19515569E-05  0.46926300E-06  0.10205734E-06
  0.20278867E-07  0.36776497E-08  0.60186213E-09  0.92446432E-10  0.46149751E-11
  0.14308699E-11 -0.87996229E-11 -0.25477694E-12 -0.97429858E-11 -0.44257770E-12
 -0.10611805E-10 -0.71787553E-12 -0.11609430E-10  0.00000000E+00  0.00000000E+00
  0.00000000E+00  0.00000000E+00  0.00000000E+00  0.00000000E+00  0.00000000E+00
  0.00000000E+00  0.00000000E+00  0.00000000E+00  0.00000000E+00  0.00000000E+00
  0.00000000E+00  0.00000000E+00  0.00000000E+00  0.00000000E+00  0.00000000E+00
  0.00000000E+00  0.00000000E+00  0.00000000E+00  0.00000000E+00  0.00000000E+00
  0.00000000E+00  0.00000000E+00  0.00000000E+00  0.00000000E+00  0.00000000E+00
  0.00000000E+00  0.00000000E+00  0.00000000E+00  0.00000000E+00  0.00000000E+00
  0.00000000E+00  0.00000000E+00  0.00000000E+00  0.00000000E+00  0.00000000E+00
  0.00000000E+00  0.00000000E+00  0.00000000E+00  0.00000000E+00  0.00000000E+00
  0.00000000E+00  0.00000000E+00  0.00000000E+00  0.00000000E+00  0.00000000E+00
  0.00000000E+00  0.00000000E+00  0.00000000E+00  0.00000000E+00  0.00000000E+00
  0.00000000E+00  0.00000000E+00  0.00000000E+00  0.00000000E+00  0.00000000E+00
  0.00000000E+00  0.00000000E+00  0.00000000E+00  0.00000000E+00  0.00000000E+00
  0.00000000E+00  0.00000000E+00  0.00000000E+00  0.00000000E+00  0.00000000E+00
  0.00000000E+00
  0.10000000E+01  0.23794257E+01  0.28721310E+01  0.26067721E+01  0.20138772E+01
  0.13555137E+01  0.82872555E+00  0.45736879E+00  0.23722792E+00  0.11278043E+00
  0.51761480E-01  0.21911023E-01  0.91625976E-02  0.35356778E-02  0.13755329E-02
  0.49200313E-03  0.18060293E-03  0.60426199E-04  0.20983212E-04  0.64825542E-05
  0.20673002E-05  0.55659145E-06  0.14983251E-06  0.35554394E-07  0.76684150E-08
  0.15152878E-08  0.25834910E-09  0.48395498E-10 -0.84856891E-11  0.40185688E-11
 -0.16997641E-10  0.22422460E-11 -0.19623830E-10  0.00000000E+00  0.00000000E+00
  0.00000000E+00  0.00000000E+00  0.00000000E+00  0.00000000E+00  0.00000000E+00
  0.00000000E+00  0.00000000E+00  0.00000000E+00  0.00000000E+00  0.00000000E+00
  0.00000000E+00  0.00000000E+00  0.00000000E+00  0.00000000E+00  0.00000000E+00
  0.00000000E+00  0.00000000E+00  0.00000000E+00  0.00000000E+00  0.00000000E+00
  0.00000000E+00  0.00000000E+00  0.00000000E+00  0.00000000E+00  0.00000000E+00
  0.00000000E+00  0.00000000E+00  0.00000000E+00  0.00000000E+00  0.00000000E+00
  0.00000000E+00  0.00000000E+00  0.00000000E+00  0.00000000E+00  0.00000000E+00
  0.00000000E+00  0.00000000E+00  0.00000000E+00  0.00000000E+00  0.00000000E+00
  0.00000000E+00  0.00000000E+00  0.00000000E+00  0.00000000E+00  0.00000000E+00
  0.00000000E+00  0.00000000E+00  0.00000000E+00  0.00000000E+00  0.00000000E+00
  0.00000000E+00  0.00000000E+00  0.00000000E+00  0.00000000E+00  0.00000000E+00
  0.00000000E+00  0.00000000E+00  0.00000000E+00  0.00000000E+00  0.00000000E+00
  0.00000000E+00  0.00000000E+00  0.00000000E+00  0.00000000E+00  0.00000000E+00
  0.00000000E+00
  0.10000000E+01  0.24645822E+01  0.31443184E+01  0.30947540E+01  0.26346832E+01
  0.19974295E+01  0.13871142E+01  0.88612312E+00  0.53279831E+00  0.29839157E+00
  0.16088406E+00  0.81091333E-01  0.40203003E-01  0.18587896E-01  0.86339335E-02
  0.37137484E-02  0.16391099E-02  0.66278177E-03  0.28082753E-03  0.10747013E-03
  0.43930105E-04  0.15866375E-04  0.61808697E-05  0.20284137E-05  0.71801099E-06
  0.19812826E-06  0.57171322E-07  0.14265226E-07  0.32100029E-08  0.67944637E-09
  0.10023289E-09  0.30252998E-10 -0.28142243E-10  0.00000000E+00  0.00000000E+00
  0.00000000E+00  0.00000000E+00  0.00000000E+00  0.00000000E+00  0.00000000E+00
  0.00000000E+00  0.00000000E+00  0.00000000E+00  0.00000000E+00  0.00000000E+00
  0.00000000E+00  0.00000000E+00  0.00000000E+00  0.00000000E+00  0.00000000E+00
  0.00000000E+00  0.00000000E+00  0.00000000E+00  0.00000000E+00  0.00000000E+00
  0.00000000E+00  0.00000000E+00  0.00000000E+00  0.00000000E+00  0.00000000E+00
  0.00000000E+00  0.00000000E+00  0.00000000E+00  0.00000000E+00  0.00000000E+00
  0.00000000E+00  0.00000000E+00  0.00000000E+00  0.00000000E+00  0.00000000E+00
  0.00000000E+00  0.00000000E+00  0.00000000E+00  0.00000000E+00  0.00000000E+00
  0.00000000E+00  0.00000000E+00  0.00000000E+00  0.00000000E+00  0.00000000E+00
  0.00000000E+00  0.00000000E+00  0.00000000E+00  0.00000000E+00  0.00000000E+00
  0.00000000E+00  0.00000000E+00  0.00000000E+00  0.00000000E+00  0.00000000E+00
  0.00000000E+00  0.00000000E+00  0.00000000E+00  0.00000000E+00  0.00000000E+00
  0.00000000E+00  0.00000000E+00  0.00000000E+00  0.00000000E+00  0.00000000E+00
  0.00000000E+00
  0.10000000E+01  0.25219531E+01  0.33395742E+01  0.34708056E+01  0.31604939E+01
  0.26027920E+01  0.19800702E+01  0.14052164E+01  0.94120030E+00  0.59492363E+00
  0.36127538E+00  0.20772236E+00  0.11683594E+00  0.62058301E-01  0.32869362E-01
  0.16317600E-01  0.82446122E-02  0.38595143E-02  0.18791434E-02  0.83515670E-03
  0.39484856E-03  0.16741578E-03  0.77228191E-04  0.31274727E-04  0.14047268E-04
  0.53548435E-05  0.22805081E-05  0.76991569E-06  0.29517336E-06  0.81243423E-07
  0.24622296E-07  0.63789098E-08  0.14483250E-08  0.00000000E+00  0.00000000E+00
  0.00000000E+00  0.00000000E+00  0.00000000E+00  0.00000000E+00  0.00000000E+00
  0.00000000E+00  0.00000000E+00  0.00000000E+00  0.00000000E+00  0.00000000E+00
  0.00000000E+00  0.00000000E+00  0.00000000E+00  0.00000000E+00  0.00000000E+00
  0.00000000E+00  0.00000000E+00  0.00000000E+00  0.00000000E+00  0.00000000E+00
  0.00000000E+00  0.00000000E+00  0.00000000E+00  0.00000000E+00  0.00000000E+00
  0.00000000E+00  0.00000000E+00  0.00000000E+00  0.00000000E+00  0.00000000E+00
  0.00000000E+00  0.00000000E+00  0.00000000E+00  0.00000000E+00  0.00000000E+00
  0.00000000E+00  0.00000000E+00  0.00000000E+00  0.00000000E+00  0.00000000E+00
  0.00000000E+00  0.00000000E+00  0.00000000E+00  0.00000000E+00  0.00000000E+00
  0.00000000E+00  0.00000000E+00  0.00000000E+00  0.00000000E+00  0.00000000E+00
  0.00000000E+00  0.00000000E+00  0.00000000E+00  0.00000000E+00  0.00000000E+00
  0.00000000E+00  0.00000000E+00  0.00000000E+00  0.00000000E+00  0.00000000E+00
  0.00000000E+00  0.00000000E+00  0.00000000E+00  0.00000000E+00  0.00000000E+00
  0.00000000E+00
  0.10000000E+01  0.25611227E+01  0.34798992E+01  0.37554879E+01  0.35869654E+01
  0.31337531E+01  0.25488772E+01  0.19542556E+01  0.14194514E+01  0.98276603E+00
  0.65340467E+00  0.41559661E+00  0.25753489E+00  0.15239312E+00  0.89293031E-01
  0.49635280E-01  0.27822318E-01  0.14637625E-01  0.79232672E-02  0.39686988E-02
  0.20900249E-02  0.10013860E-02  0.51598644E-03  0.23733629E-03  0.12010207E-03
  0.53136839E-04  0.26425300E-04  0.11208835E-04  0.54296998E-05  0.21486680E-05
  0.97570774E-06  0.33323131E-06  0.13568071E-06  0.00000000E+00  0.00000000E+00
  0.00000000E+00  0.00000000E+00  0.00000000E+00  0.00000000E+00  0.00000000E+00
  0.00000000E+00  0.00000000E+00  0.00000000E+00  0.00000000E+00  0.00000000E+00
  0.00000000E+00  0.00000000E+00  0.00000000E+00  0.00000000E+00  0.00000000E+00
  0.00000000E+00  0.00000000E+00  0.00000000E+00  0.00000000E+00  0.00000000E+00
  0.00000000E+00  0.00000000E+00  0.00000000E+00  0.00000000E+00  0.00000000E+00
  0.00000000E+00  0.00000000E+00  0.00000000E+00  0.00000000E+00  0.00000000E+00
  0.00000000E+00  0.00000000E+00  0.00000000E+00  0.00000000E+00  0.00000000E+00
  0.00000000E+00  0.00000000E+00  0.00000000E+00  0.00000000E+00  0.00000000E+00
  0.00000000E+00  0.00000000E+00  0.00000000E+00  0.00000000E+00  0.00000000E+00
  0.00000000E+00  0.00000000E+00  0.00000000E+00  0.00000000E+00  0.00000000E+00
  0.00000000E+00  0.00000000E+00  0.00000000E+00  0.00000000E+00  0.00000000E+00
  0.00000000E+00  0.00000000E+00  0.00000000E+00  0.00000000E+00  0.00000000E+00
  0.00000000E+00  0.00000000E+00  0.00000000E+00  0.00000000E+00  0.00000000E+00
  0.00000000E+00
  0.10000000E+01  0.25878373E+01  0.35806896E+01  0.39687984E+01  0.39243767E+01
  0.35799883E+01  0.30615942E+01  0.24877942E+01  0.19231477E+01  0.14279527E+01
  0.10190547E+01  0.70132134E+00  0.46911354E+00  0.30234934E+00  0.19192909E+00
  0.11678464E+00  0.71086258E-01  0.41097469E-01  0.24193862E-01  0.13358010E-01
  0.76586369E-02  0.40553084E-02  0.22769146E-02  0.11603725E-02  0.64063044E-03
  0.31514224E-03  0.17151284E-03  0.81593964E-04  0.43794396E-04  0.20138409E-04
  0.10626063E-04  0.46831745E-05  0.23888062E-05  0.96699855E-06  0.00000000E+00
  0.00000000E+00  0.00000000E+00  0.00000000E+00  0.00000000E+00  0.00000000E+00
  0.00000000E+00  0.00000000E+00  0.00000000E+00  0.00000000E+00  0.00000000E+00
  0.00000000E+00  0.00000000E+00  0.00000000E+00  0.00000000E+00  0.00000000E+00
  0.00000000E+00  0.00000000E+00  0.00000000E+00  0.00000000E+00  0.00000000E+00
  0.00000000E+00  0.00000000E+00  0.00000000E+00  0.00000000E+00  0.00000000E+00
  0.00000000E+00  0.00000000E+00  0.00000000E+00  0.00000000E+00  0.00000000E+00
  0.00000000E+00  0.00000000E+00  0.00000000E+00  0.00000000E+00  0.00000000E+00
  0.00000000E+00  0.00000000E+00  0.00000000E+00  0.00000000E+00  0.00000000E+00
  0.00000000E+00  0.00000000E+00  0.00000000E+00  0.00000000E+00  0.00000000E+00
  0.00000000E+00  0.00000000E+00  0.00000000E+00  0.00000000E+00  0.00000000E+00
  0.00000000E+00  0.00000000E+00  0.00000000E+00  0.00000000E+00  0.00000000E+00
  0.00000000E+00  0.00000000E+00  0.00000000E+00  0.00000000E+00  0.00000000E+00
  0.00000000E+00  0.00000000E+00  0.00000000E+00  0.00000000E+00  0.00000000E+00
  0.00000000E+00
  0.10000000E+01  0.26057438E+01  0.36526573E+01  0.41272610E+01  0.41872754E+01
  0.39455840E+01  0.35064969E+01  0.29794991E+01  0.24187485E+01  0.18971375E+01
  0.14326353E+01  0.10497343E+01  0.74684867E+00  0.51559086E+00  0.34929106E+00
  0.22872224E+00  0.14889410E+00  0.92983881E-01  0.58616719E-01  0.35066907E-01
  0.21544937E-01  0.12393674E-01  0.74598764E-02  0.41399752E-02  0.24510192E-02
  0.13161941E-02  0.76861026E-03  0.40043547E-03  0.23099801E-03  0.11698081E-03
  0.66648720E-04  0.32812086E-04  0.18415758E-04  0.87841981E-05  0.48249144E-05
  0.21971077E-05  0.11520266E-05  0.47352746E-06  0.00000000E+00  0.00000000E+00
  0.00000000E+00  0.00000000E+00  0.00000000E+00  0.00000000E+00  0.00000000E+00
  0.00000000E+00  0.00000000E+00  0.00000000E+00  0.00000000E+00  0.00000000E+00
  0.00000000E+00  0.00000000E+00  0.00000000E+00  0.00000000E+00  0.00000000E+00
  0.00000000E+00  0.00000000E+00  0.00000000E+00  0.00000000E+00  0.00000000E+00
  0.00000000E+00  0.00000000E+00  0.00000000E+00  0.00000000E+00  0.00000000E+00
  0.00000000E+00  0.00000000E+00  0.00000000E+00  0.00000000E+00  0.00000000E+00
  0.00000000E+00  0.00000000E+00  0.00000000E+00  0.00000000E+00  0.00000000E+00
  0.00000000E+00  0.00000000E+00  0.00000000E+00  0.00000000E+00  0.00000000E+00
  0.00000000E+00  0.00000000E+00  0.00000000E+00  0.00000000E+00  0.00000000E+00
  0.00000000E+00  0.00000000E+00  0.00000000E+00  0.00000000E+00  0.00000000E+00
  0.00000000E+00  0.00000000E+00  0.00000000E+00  0.00000000E+00  0.00000000E+00
  0.00000000E+00  0.00000000E+00  0.00000000E+00  0.00000000E+00  0.00000000E+00
  0.00000000E+00
  0.10000000E+01  0.26172833E+01  0.37034063E+01  0.42439177E+01  0.43901744E+01
  0.42408649E+01  0.38842102E+01  0.34184979E+01  0.28861592E+01  0.23652368E+01
  0.18702704E+01  0.14417824E+01  0.10791899E+01  0.78807989E+00  0.56345012E+00
  0.39195363E+00  0.26981495E+00  0.17962446E+00  0.11988106E+00  0.76676652E-01
  0.49905444E-01  0.30770536E-01  0.19624799E-01  0.11699873E-01  0.73396231E-02
  0.42429860E-02  0.26253715E-02  0.14756867E-02  0.90223188E-03  0.49434453E-03
  0.29886817E-03  0.15994174E-03  0.95557836E-04  0.49973712E-04  0.29424896E-04
  0.14999339E-04  0.86571898E-05  0.42717944E-05  0.23931520E-05  0.11170333E-05
  0.58739997E-06  0.00000000E+00  0.00000000E+00  0.00000000E+00  0.00000000E+00
  0.00000000E+00  0.00000000E+00  0.00000000E+00  0.00000000E+00  0.00000000E+00
  0.00000000E+00  0.00000000E+00  0.00000000E+00  0.00000000E+00  0.00000000E+00
  0.00000000E+00  0.00000000E+00  0.00000000E+00  0.00000000E+00  0.00000000E+00
  0.00000000E+00  0.00000000E+00  0.00000000E+00  0.00000000E+00  0.00000000E+00
  0.00000000E+00  0.00000000E+00  0.00000000E+00  0.00000000E+00  0.00000000E+00
  0.00000000E+00  0.00000000E+00  0.00000000E+00  0.00000000E+00  0.00000000E+00
  0.00000000E+00  0.00000000E+00  0.00000000E+00  0.00000000E+00  0.00000000E+00
  0.00000000E+00  0.00000000E+00  0.00000000E+00  0.00000000E+00  0.00000000E+00
  0.00000000E+00  0.00000000E+00  0.00000000E+00  0.00000000E+00  0.00000000E+00
  0.00000000E+00  0.00000000E+00  0.00000000E+00  0.00000000E+00  0.00000000E+00
  0.00000000E+00  0.00000000E+00  0.00000000E+00  0.00000000E+00  0.00000000E+00
  0.00000000E+00
  0.10000000E+01  0.26241830E+01  0.37385186E+01  0.43290328E+01  0.45461269E+01
  0.44781599E+01  0.42019378E+01  0.38042683E+01  0.33166905E+01  0.28171288E+01
  0.23142944E+01  0.18603280E+01  0.14529028E+01  0.11116504E+01  0.83168886E+00
  0.60851342E+00  0.43915403E+00  0.30847598E+00  0.21607493E+00  0.14621378E+00
  0.99935753E-01  0.65342661E-01  0.43772472E-01  0.27731548E-01  0.18271690E-01
  0.11246098E-01  0.73072594E-02  0.43809149E-02  0.28122497E-02  0.16465652E-02
  0.10453322E-02  0.59920096E-03  0.37630696E-03  0.21161979E-03  0.13137199E-03
  0.72548842E-04  0.44416657E-04  0.24047701E-04  0.14445685E-04  0.76212852E-05
  0.44572771E-05  0.22680253E-05  0.12748138E-05  0.60737481E-06  0.00000000E+00
  0.00000000E+00  0.00000000E+00  0.00000000E+00  0.00000000E+00  0.00000000E+00
  0.00000000E+00  0.00000000E+00  0.00000000E+00  0.00000000E+00  0.00000000E+00
  0.00000000E+00  0.00000000E+00  0.00000000E+00  0.00000000E+00  0.00000000E+00
  0.00000000E+00  0.00000000E+00  0.00000000E+00  0.00000000E+00  0.00000000E+00
  0.00000000E+00  0.00000000E+00  0.00000000E+00  0.00000000E+00  0.00000000E+00
  0.00000000E+00  0.00000000E+00  0.00000000E+00  0.00000000E+00  0.00000000E+00
  0.00000000E+00  0.00000000E+00  0.00000000E+00  0.00000000E+00  0.00000000E+00
  0.00000000E+00  0.00000000E+00  0.00000000E+00  0.00000000E+00  0.00000000E+00
  0.00000000E+00  0.00000000E+00  0.00000000E+00  0.00000000E+00  0.00000000E+00
  0.00000000E+00  0.00000000E+00  0.00000000E+00  0.00000000E+00  0.00000000E+00
  0.00000000E+00  0.00000000E+00  0.00000000E+00  0.00000000E+00  0.00000000E+00
  0.00000000E+00
  0.10000000E+01  0.26277377E+01  0.37622583E+01  0.43908141E+01  0.46664707E+01
  0.46698370E+01  0.44698921E+01  0.41424118E+01  0.37097886E+01  0.32463256E+01
  0.27541991E+01  0.22929223E+01  0.18565456E+01  0.14773718E+01  0.11489567E+01
  0.87730196E+00  0.65928080E+00  0.48466855E+00  0.35388442E+00  0.25122980E+00
  0.17909408E+00  0.12311476E+00  0.86036246E-01  0.57416535E-01  0.39463201E-01
  0.25629986E-01  0.17368854E-01  0.11005203E-01  0.73663703E-02  0.45648756E-02
  0.30213078E-02  0.18356538E-02  0.12019598E-02  0.71767401E-03  0.46488190E-03
  0.27333296E-03  0.17503621E-03  0.10146020E-03  0.64119768E-04  0.36614762E-04
  0.22745935E-04  0.12734792E-04  0.77158722E-05  0.41930019E-05  0.24535007E-05
  0.12771168E-05  0.70968123E-06  0.00000000E+00  0.00000000E+00  0.00000000E+00
  0.00000000E+00  0.00000000E+00  0.00000000E+00  0.00000000E+00  0.00000000E+00
  0.00000000E+00  0.00000000E+00  0.00000000E+00  0.00000000E+00  0.00000000E+00
  0.00000000E+00  0.00000000E+00  0.00000000E+00  0.00000000E+00  0.00000000E+00
  0.00000000E+00  0.00000000E+00  0.00000000E+00  0.00000000E+00  0.00000000E+00
  0.00000000E+00  0.00000000E+00  0.00000000E+00  0.00000000E+00  0.00000000E+00
  0.00000000E+00  0.00000000E+00  0.00000000E+00  0.00000000E+00  0.00000000E+00
  0.00000000E+00  0.00000000E+00  0.00000000E+00  0.00000000E+00  0.00000000E+00
  0.00000000E+00  0.00000000E+00  0.00000000E+00  0.00000000E+00  0.00000000E+00
  0.00000000E+00  0.00000000E+00  0.00000000E+00  0.00000000E+00  0.00000000E+00
  0.00000000E+00  0.00000000E+00  0.00000000E+00  0.00000000E+00  0.00000000E+00
  0.00000000E+00
  0.10000000E+01  0.26289722E+01  0.37780147E+01  0.44359710E+01  0.47609602E+01
  0.48274639E+01  0.46992408E+01  0.44416850E+01  0.40700067E+01  0.36526485E+01
  0.31856637E+01  0.27322719E+01  0.22819905E+01  0.18776537E+01  0.15098757E+01
  0.11956598E+01  0.93053961E+00  0.71125744E+00  0.53837316E+00  0.39825193E+00
  0.29447500E+00  0.21133874E+00  0.15322525E+00  0.10693958E+00  0.76256174E-01
  0.51875366E-01  0.36467435E-01  0.24236628E-01  0.16825233E-01  0.10950209E-01
  0.75151790E-02  0.48007730E-02  0.32592916E-02  0.20483250E-02  0.13759230E-02
  0.85250740E-03  0.56651192E-03  0.34667394E-03  0.22777674E-03  0.13782442E-03
  0.89428410E-04  0.53496218E-04  0.34191167E-04  0.20161600E-04  0.12619400E-04
  0.72733529E-05  0.44095118E-05  0.24509409E-05  0.14223552E-05  0.75099769E-06
  0.00000000E+00  0.00000000E+00  0.00000000E+00  0.00000000E+00  0.00000000E+00
  0.00000000E+00  0.00000000E+00  0.00000000E+00  0.00000000E+00  0.00000000E+00
  0.00000000E+00  0.00000000E+00  0.00000000E+00  0.00000000E+00  0.00000000E+00
  0.00000000E+00  0.00000000E+00  0.00000000E+00  0.00000000E+00  0.00000000E+00
  0.00000000E+00  0.00000000E+00  0.00000000E+00  0.00000000E+00  0.00000000E+00
  0.00000000E+00  0.00000000E+00  0.00000000E+00  0.00000000E+00  0.00000000E+00
  0.00000000E+00  0.00000000E+00  0.00000000E+00  0.00000000E+00  0.00000000E+00
  0.00000000E+00  0.00000000E+00  0.00000000E+00  0.00000000E+00  0.00000000E+00
  0.00000000E+00  0.00000000E+00  0.00000000E+00  0.00000000E+00  0.00000000E+00
  0.00000000E+00  0.00000000E+00  0.00000000E+00  0.00000000E+00  0.00000000E+00
  0.00000000E+00
  0.10000000E+01  0.26287347E+01  0.37885704E+01  0.44700917E+01  0.48379587E+01
  0.49614604E+01  0.49009376E+01  0.47120320E+01  0.44046167E+01  0.40398932E+01
  0.36088409E+01  0.31754057E+01  0.27244901E+01  0.23070338E+01  0.19098405E+01
  0.15605058E+01  0.12521102E+01  0.98970443E+00  0.77307366E+00  0.59253391E+00
  0.45237732E+00  0.33697916E+00  0.25232670E+00  0.18307156E+00  0.13483088E+00
  0.95485178E-01  0.69323223E-01  0.48023361E-01  0.34425484E-01  0.23379198E-01
  0.16566274E-01  0.11053546E-01  0.77474251E-02  0.50897469E-02  0.35298398E-02
  0.22879329E-02  0.15701206E-02  0.10059323E-02  0.68300473E-03  0.43316819E-03
  0.29087667E-03  0.18278877E-03  0.12130056E-03  0.75530152E-04  0.49453393E-04
  0.30459758E-04  0.19607062E-04  0.11881867E-04  0.74566048E-05  0.43906474E-05
  0.26474607E-05  0.14911815E-05  0.85174100E-06  0.00000000E+00  0.00000000E+00
  0.00000000E+00  0.00000000E+00  0.00000000E+00  0.00000000E+00  0.00000000E+00
  0.00000000E+00  0.00000000E+00  0.00000000E+00  0.00000000E+00  0.00000000E+00
  0.00000000E+00  0.00000000E+00  0.00000000E+00  0.00000000E+00  0.00000000E+00
  0.00000000E+00  0.00000000E+00  0.00000000E+00  0.00000000E+00  0.00000000E+00
  0.00000000E+00  0.00000000E+00  0.00000000E+00  0.00000000E+00  0.00000000E+00
  0.00000000E+00  0.00000000E+00  0.00000000E+00  0.00000000E+00  0.00000000E+00
  0.00000000E+00  0.00000000E+00  0.00000000E+00  0.00000000E+00  0.00000000E+00
  0.00000000E+00  0.00000000E+00  0.00000000E+00  0.00000000E+00  0.00000000E+00
  0.00000000E+00  0.00000000E+00  0.00000000E+00  0.00000000E+00  0.00000000E+00
  0.00000000E+00
  0.10000000E+01  0.26259085E+01  0.38196188E+01  0.45783675E+01  0.50954633E+01
  0.54212305E+01  0.56098987E+01  0.56828211E+01  0.56416027E+01  0.55139755E+01
  0.52841658E+01  0.50009608E+01  0.46391462E+01  0.42600191E+01  0.38362089E+01
  0.34243562E+01  0.30027430E+01  0.26103101E+01  0.22357617E+01  0.18961229E+01
  0.15909472E+01  0.13185780E+01  0.10866119E+01  0.88156898E+00  0.71509075E+00
  0.56883966E+00  0.45500095E+00  0.35547025E+00  0.28077312E+00  0.21578712E+00
  0.16848792E+00  0.12759383E+00  0.98559739E-01  0.73662473E-01  0.56322570E-01
  0.41608072E-01  0.31503116E-01  0.23036226E-01  0.17276705E-01  0.12520830E-01
  0.93040474E-02  0.66901546E-02  0.49269124E-02  0.35182436E-02  0.25684725E-02
  0.18227071E-02  0.13194098E-02  0.93092575E-03  0.66829309E-03  0.46889509E-03
  0.33382655E-03  0.23287274E-03  0.16436720E-03  0.11391365E-03  0.79636796E-04
  0.54745386E-04  0.37833486E-04  0.25725519E-04  0.17512676E-04  0.11725994E-04
  0.78154242E-05  0.51095012E-05  0.32846670E-05  0.20540859E-05  0.12340230E-05
  0.71583120E-06  0.00000000E+00  0.00000000E+00  0.00000000E+00  0.00000000E+00
  0.00000000E+00  0.00000000E+00  0.00000000E+00  0.00000000E+00  0.00000000E+00
  0.00000000E+00  0.00000000E+00  0.00000000E+00  0.00000000E+00  0.00000000E+00
  0.00000000E+00  0.00000000E+00  0.00000000E+00  0.00000000E+00  0.00000000E+00
  0.00000000E+00  0.00000000E+00  0.00000000E+00  0.00000000E+00  0.00000000E+00
  0.00000000E+00  0.00000000E+00  0.00000000E+00  0.00000000E+00  0.00000000E+00
  0.00000000E+00  0.00000000E+00  0.00000000E+00  0.00000000E+00  0.00000000E+00
  0.00000000E+00
  0.10000000E+01  0.26381419E+01  0.38870583E+01  0.47486498E+01  0.54304961E+01
  0.59614684E+01  0.63896713E+01  0.67094181E+01  0.69238664E+01  0.70317178E+01
  0.70261009E+01  0.69311111E+01  0.67279499E+01  0.64660420E+01  0.61164782E+01
  0.57404205E+01  0.53069862E+01  0.48731229E+01  0.44144954E+01  0.39724406E+01
  0.35342470E+01  0.31210879E+01  0.27326234E+01  0.23713162E+01  0.20466373E+01
  0.17474141E+01  0.14888351E+01  0.12522255E+01  0.10544846E+01  0.87475964E+00
  0.72871753E+00  0.59696000E+00  0.49232173E+00  0.39873430E+00  0.32574275E+00
  0.26112311E+00  0.21141245E+00  0.16791553E+00  0.13478663E+00  0.10617172E+00
  0.84527144E-01  0.66088284E-01  0.52203314E-01  0.40542184E-01  0.31784996E-01
  0.24534490E-01  0.19098139E-01  0.14659182E-01  0.11333957E-01  0.86544372E-02
  0.66485122E-02  0.50519089E-02  0.38574624E-02  0.29174541E-02  0.22148226E-02
  0.16675200E-02  0.12589003E-02  0.94355186E-03  0.70846369E-03  0.52854919E-03
  0.39467131E-03  0.29299285E-03  0.21749372E-03  0.16056026E-03  0.11838660E-03
  0.86803885E-04  0.63468245E-04  0.46119117E-04  0.33333395E-04  0.23908023E-04
  0.16979793E-04  0.11931740E-04  0.82359621E-05  0.55992523E-05  0.36809619E-05
  0.23557587E-05  0.13896231E-05  0.75686384E-06  0.00000000E+00  0.00000000E+00
  0.00000000E+00  0.00000000E+00  0.00000000E+00  0.00000000E+00  0.00000000E+00
  0.00000000E+00  0.00000000E+00  0.00000000E+00  0.00000000E+00  0.00000000E+00
  0.00000000E+00  0.00000000E+00  0.00000000E+00  0.00000000E+00  0.00000000E+00
  0.00000000E+00  0.00000000E+00  0.00000000E+00  0.00000000E+00  0.00000000E+00
  0.00000000E+00
  0.10000000E+01  0.26688039E+01  0.39988644E+01  0.49944633E+01  0.58558482E+01
  0.65912585E+01  0.72395055E+01  0.77778261E+01  0.82126234E+01  0.85251604E+01
  0.87211808E+01  0.88047845E+01  0.87706387E+01  0.86503613E+01  0.84234747E+01
  0.81408251E+01  0.77728466E+01  0.73763610E+01  0.69218762E+01  0.64600662E+01
  0.59690192E+01  0.54851991E+01  0.49982491E+01  0.45272324E+01  0.40736830E+01
  0.36403225E+01  0.32382043E+01  0.28575338E+01  0.25151798E+01  0.21937203E+01
  0.19120869E+01  0.16497970E+01  0.14248982E+01  0.12172903E+01  0.10423348E+01
  0.88240263E+00  0.74944309E+00  0.62919842E+00  0.53026683E+00  0.44182029E+00
  0.36961505E+00  0.30583329E+00  0.25406252E+00  0.20888559E+00  0.17237230E+00
  0.14089139E+00  0.11553043E+00  0.93917903E-01  0.76552861E-01  0.61916605E-01
  0.50184173E-01  0.40396271E-01  0.32567791E-01  0.26097971E-01  0.20935094E-01
  0.16704579E-01  0.13336721E-01  0.10598278E-01  0.84237622E-02  0.66678731E-02
  0.52772974E-02  0.41614243E-02  0.32801657E-02  0.25769788E-02  0.20232214E-02
  0.15836254E-02  0.12384416E-02  0.96571526E-03  0.75217572E-03  0.58420802E-03
  0.45306153E-03  0.35034322E-03  0.27035988E-03  0.20798129E-03  0.15953511E-03
  0.12192264E-03  0.92783087E-04  0.70276747E-04  0.52882034E-04  0.39533849E-04
  0.29240915E-04  0.21411116E-04  0.15386237E-04  0.10858229E-04  0.73757809E-05
  0.48034326E-05  0.28277051E-05  0.14171043E-05  0.34111151E-06  0.00000000E+00
  0.00000000E+00  0.00000000E+00  0.00000000E+00  0.00000000E+00  0.00000000E+00
  0.00000000E+00  0.00000000E+00  0.00000000E+00  0.00000000E+00  0.00000000E+00
  0.00000000E+00
  0.10000000E+01  0.27075457E+01  0.41249687E+01  0.52572306E+01  0.62829004E+01
  0.71952049E+01  0.80232902E+01  0.87373425E+01  0.93461648E+01  0.98245918E+01
  0.10187693E+02  0.10427904E+02  0.10551405E+02  0.10574778E+02  0.10487710E+02
  0.10326877E+02  0.10069385E+02  0.97625043E+01  0.93788207E+01  0.89662346E+01
  0.85003321E+01  0.80216439E+01  0.75139295E+01  0.70053548E+01  0.64901679E+01
  0.59824344E+01  0.54865668E+01  0.50036150E+01  0.45459295E+01  0.41045004E+01
  0.36964729E+01  0.33064942E+01  0.29533613E+01  0.26189173E+01  0.23210999E+01
  0.20417235E+01  0.17962623E+01  0.15683030E+01  0.13701366E+01  0.11880171E+01
  0.10310181E+01  0.88826938E+00  0.76601838E+00  0.65604864E+00  0.56236433E+00
  0.47897162E+00  0.40823607E+00  0.34590283E+00  0.29322742E+00  0.24724883E+00
  0.20852504E+00  0.17502242E+00  0.14689604E+00  0.12275952E+00  0.10255947E+00
  0.85353400E-01  0.70998387E-01  0.58853395E-01  0.48752670E-01  0.40259231E-01
  0.33217806E-01  0.27329726E-01  0.22463803E-01  0.18415488E-01  0.15080601E-01
  0.12318956E-01  0.10051190E-01  0.81813134E-02  0.66506465E-02  0.53936236E-02
  0.43678212E-02  0.35286274E-02  0.28458989E-02  0.22894340E-02  0.18381067E-02
  0.14715957E-02  0.11752545E-02  0.93550724E-03  0.74228915E-03  0.58660301E-03
  0.46158039E-03  0.36131589E-03  0.28114600E-03  0.21723158E-03  0.16640789E-03
  0.12620891E-03  0.94481712E-04  0.69638233E-04  0.50183367E-04  0.35128773E-04
  0.23491045E-04  0.14707449E-04  0.81085839E-05  0.33395994E-05 -0.92051170E-07
  0.00000000E+00  0.00000000E+00  0.00000000E+00  0.00000000E+00  0.00000000E+00
  0.00000000E+00
  0.10000000E+01  0.27450465E+01  0.42409052E+01  0.54922573E+01  0.66511573E+01
  0.77025927E+01  0.86678447E+01  0.95170064E+01  0.10260083E+02  0.10872286E+02
  0.11373260E+02  0.11750314E+02  0.12016301E+02  0.12177616E+02  0.12231588E+02
  0.12202503E+02  0.12074669E+02  0.11883831E+02  0.11607832E+02  0.11286456E+02
  0.10897468E+02  0.10478174E+02  0.10011141E+02  0.95263136E+01  0.90140336E+01
  0.84940575E+01  0.79654741E+01  0.74371715E+01  0.69161923E+01  0.64016928E+01
  0.59066554E+01  0.54228160E+01  0.49665484E+01  0.45249228E+01  0.41152475E+01
  0.37225140E+01  0.33630233E+01  0.30217270E+01  0.27126746E+01  0.24221275E+01
  0.21613187E+01  0.19185226E+01  0.17021249E+01  0.15026151E+01  0.13258454E+01
  0.11643970E+01  0.10220686E+01  0.89323987E+00  0.78017013E+00  0.67868828E+00
  0.58997903E+00  0.51098692E+00  0.44219823E+00  0.38138921E+00  0.32862779E+00
  0.28229763E+00  0.24224199E+00  0.20728337E+00  0.17716524E+00  0.15102630E+00
  0.12858474E+00  0.10920790E+00  0.92628997E-01  0.78381815E-01  0.66233217E-01
  0.55839099E-01  0.47005739E-01  0.39479267E-01  0.33104206E-01  0.27693666E-01
  0.23126006E-01  0.19264136E-01  0.16014737E-01  0.13277719E-01  0.10982590E-01
  0.90566928E-02  0.74474423E-02  0.61024331E-02  0.49828826E-02  0.40512436E-02
  0.32791960E-02  0.26400571E-02  0.21133330E-02  0.16801513E-02  0.13257167E-02
  0.10367604E-02  0.80260891E-03  0.61370371E-03  0.46209444E-03  0.34112800E-03
  0.24554547E-03  0.17115705E-03  0.11430845E-03  0.71865519E-04  0.40922250E-04
  0.19108824E-04  0.42676048E-05 -0.53031877E-05  0.00000000E+00  0.00000000E+00
  0.00000000E+00
  0.10000000E+01  0.27771788E+01  0.43376018E+01  0.56852515E+01  0.69467302E+01
  0.81042034E+01  0.91733222E+01  0.10127632E+02  0.10977323E+02  0.11700949E+02
  0.12319006E+02  0.12817505E+02  0.13211795E+02  0.13502189E+02  0.13690542E+02
  0.13792021E+02  0.13796697E+02  0.13730264E+02  0.13576196E+02  0.13365351E+02
  0.13079604E+02  0.12750101E+02  0.12361096E+02  0.11940014E+02  0.11476289E+02
  0.10990772E+02  0.10479568E+02  0.99555079E+01  0.94215077E+01  0.88823525E+01
  0.83467668E+01  0.78126028E+01  0.72926585E+01  0.67796500E+01  0.62884594E+01
  0.58086643E+01  0.53554002E+01  0.49169211E+01  0.45072097E+01  0.41146010E+01
  0.37510473E+01  0.34058844E+01  0.30886560E+01  0.27901754E+01  0.25175885E+01
  0.22633220E+01  0.20323876E+01  0.18187392E+01  0.16256432E+01  0.14483776E+01
  0.12888791E+01  0.11435090E+01  0.10132553E+01  0.89532955E+00  0.79008707E+00
  0.69539064E+00  0.61120408E+00  0.53588247E+00  0.46917129E+00  0.40979682E+00
  0.35740270E+00  0.31099667E+00  0.27019399E+00  0.23421805E+00  0.20269845E+00
  0.17502592E+00  0.15086641E+00  0.12974193E+00  0.11136373E+00  0.95357593E-01
  0.81481284E-01  0.69442869E-01  0.59043672E-01  0.50056999E-01  0.42322724E-01
  0.35665889E-01  0.29959194E-01  0.25068561E-01  0.20894146E-01  0.17333905E-01
  0.14310456E-01  0.11746880E-01  0.95838672E-02  0.77635734E-02  0.62404942E-02
  0.49713396E-02  0.39211368E-02  0.30559764E-02  0.23474543E-02  0.17703510E-02
  0.13056190E-02  0.93706117E-03  0.65085735E-03  0.43358164E-03  0.27299952E-03
  0.15794252E-03  0.78649790E-04  0.26490750E-04 -0.59920984E-05  0.00000000E+00
  0.00000000E+00
  0.10000000E+01  0.28031937E+01  0.44149381E+01  0.58384041E+01  0.71782748E+01
  0.84173418E+01  0.95674273E+01  0.10606687E+02  0.11544749E+02  0.12364187E+02
  0.13084104E+02  0.13691098E+02  0.14200383E+02  0.14609025E+02  0.14921079E+02
  0.15145568E+02  0.15276636E+02  0.15332285E+02  0.15300807E+02  0.15205281E+02
  0.15031908E+02  0.14805328E+02  0.14512638E+02  0.14177025E+02  0.13788784E+02
  0.13367222E+02  0.12907358E+02  0.12423034E+02  0.11914598E+02  0.11389824E+02
  0.10854082E+02  0.10309404E+02  0.97651544E+01  0.92186338E+01  0.86817738E+01
  0.81485107E+01  0.76318415E+01  0.71237497E+01  0.66369861E+01  0.61628077E+01
  0.57127533E+01  0.52782687E+01  0.48691073E+01  0.44774838E+01  0.41111476E+01
  0.37633671E+01  0.34399408E+01  0.31352557E+01  0.28533847E+01  0.25897602E+01
  0.23470384E+01  0.21215540E+01  0.19148719E+01  0.17240657E+01  0.15499082E+01
  0.13900583E+01  0.12447470E+01  0.11120892E+01  0.99197011E+00  0.88285871E+00
  0.78443836E+00  0.69545547E+00  0.61549260E+00  0.54351666E+00  0.47907621E+00
  0.42131701E+00  0.36979492E+00  0.32380344E+00  0.28292934E+00  0.24658948E+00
  0.21441356E+00  0.18592189E+00  0.16079161E+00  0.13862995E+00  0.11916103E+00
  0.10206556E+00  0.87111371E-01  0.74041019E-01  0.62662401E-01  0.52769514E-01
  0.44205684E-01  0.36808113E-01  0.30450743E-01  0.25004830E-01  0.20368188E-01
  0.16439411E-01  0.13135183E-01  0.10369540E-01  0.80684670E-02  0.61645186E-02
  0.46081296E-02  0.33563720E-02  0.23719479E-02  0.16156852E-02  0.10507472E-02
  0.64170744E-03  0.35716900E-03  0.16809736E-03  0.49155944E-04 -0.21422994E-04
  0.00000000E+00
  0.10000000E+01  0.28237128E+01  0.44758564E+01  0.59588209E+01  0.73594456E+01
  0.86629284E+01  0.98784757E+01  0.10988711E+02  0.12002232E+02  0.12905267E+02
  0.13714482E+02  0.14417840E+02  0.15029111E+02  0.15543894E+02  0.15967021E+02
  0.16303609E+02  0.16550501E+02  0.16720184E+02  0.16804673E+02  0.16820925E+02
  0.16758900E+02  0.16637528E+02  0.16446860E+02  0.16205635E+02  0.15905746E+02
  0.15563854E+02  0.15175038E+02  0.14752446E+02  0.14295103E+02  0.13811846E+02
  0.13305742E+02  0.12781202E+02  0.12244823E+02  0.11697064E+02  0.11147109E+02
  0.10592319E+02  0.10043337E+02  0.94954370E+01  0.89596231E+01  0.84300474E+01
  0.79171703E+01  0.74148171E+01  0.69322718E+01  0.64635976E+01  0.60165545E+01
  0.55857802E+01  0.51774078E+01  0.47867970E+01  0.44185323E+01  0.40687087E+01
  0.37405523E+01  0.34308262E+01  0.31416400E+01  0.28703228E+01  0.26181154E+01
  0.23828052E+01  0.21649914E+01  0.19628231E+01  0.17764492E+01  0.16043030E+01
  0.14462351E+01  0.13009045E+01  0.11679785E+01  0.10462994E+01  0.93543459E+00
  0.83437987E+00  0.74265979E+00  0.65940314E+00  0.58412915E+00  0.51608364E+00
  0.45480501E+00  0.39964241E+00  0.35016822E+00  0.30582342E+00  0.26622159E+00
  0.23088679E+00  0.19947592E+00  0.17158792E+00  0.14692491E+00  0.12515186E+00
  0.10601478E+00  0.89238473E-01  0.74610018E-01  0.61902148E-01  0.50933223E-01
  0.41516113E-01  0.33494151E-01  0.26695484E-01  0.20967290E-01  0.16168343E-01
  0.12198129E-01  0.89695130E-02  0.64047742E-02  0.44162761E-02  0.29182557E-02
  0.18250640E-02  0.10591684E-02  0.54675300E-03  0.22226653E-03  0.28170695E-04
 -0.80599553E-04
  0.10000000E+01  0.28397121E+01  0.45236897E+01  0.60536259E+01  0.75022776E+01
  0.88578880E+01  0.10127800E+02  0.11298413E+02  0.12377072E+02  0.13352974E+02
  0.14240085E+02  0.15027950E+02  0.15728436E+02  0.16336720E+02  0.16857656E+02
  0.17293981E+02  0.17644256E+02  0.17917150E+02  0.18107394E+02  0.18227374E+02
  0.18270025E+02  0.18249681E+02  0.18158978E+02  0.18012689E+02  0.17804432E+02
  0.17548021E+02  0.17239147E+02  0.16889479E+02  0.16497537E+02  0.16072050E+02
  0.15614656E+02  0.15130831E+02  0.14625143E+02  0.14099959E+02  0.13562205E+02
  0.13011633E+02  0.12456725E+02  0.11895294E+02  0.11336524E+02  0.10777004E+02
  0.10225847E+02  0.96790515E+01  0.91450554E+01  0.86197628E+01  0.81105393E+01
  0.76135205E+01  0.71348070E+01  0.66709410E+01  0.62267287E+01  0.57991790E+01
  0.53918904E+01  0.50023206E+01  0.46330170E+01  0.42818268E+01  0.39504314E+01
  0.36369949E+01  0.33425175E+01  0.30654118E+01  0.28061640E+01  0.25633788E+01
  0.23371709E+01  0.21262942E+01  0.19306080E+01  0.17489858E+01  0.15811203E+01
  0.14259875E+01  0.12831783E+01  0.11517622E+01  0.10312750E+01  0.92087349E+00
  0.82007294E+00  0.72811137E+00  0.64450876E+00  0.56857990E+00  0.49986490E+00
  0.43775477E+00  0.38181843E+00  0.33152194E+00  0.28647369E+00  0.24621035E+00
  0.21038452E+00  0.17860331E+00  0.15056513E+00  0.12593275E+00  0.10443575E+00
  0.85785118E-01  0.69734175E-01  0.55994153E-01  0.44299350E-01  0.34402404E-01
  0.26134346E-01  0.19350280E-01  0.13917120E-01  0.96734580E-02  0.64546743E-02
  0.40910240E-02  0.24256134E-02  0.13055992E-02  0.59290574E-03  0.16438395E-03
 -0.77339055E-04
    66
  0.10000000E+01  0.35706645E+00  0.53470476E+00  0.84347264E-01  0.73664613E-02
  0.45883863E-03  0.22748836E-04  0.95395149E-06  0.35082016E-07  0.11560451E-08
  0.33350468E-10  0.12184103E-11 -0.12451317E-11  0.36523618E-12 -0.13295565E-11
  0.44062475E-12 -0.14954275E-11  0.48296003E-12 -0.17937047E-11  0.50699785E-12
 -0.20812782E-11  0.54919446E-12 -0.22457491E-11  0.62108086E-12 -0.23326858E-11
  0.69572010E-12 -0.24707800E-11  0.74644409E-12 -0.27195918E-11  0.77469304E-12
 -0.30053561E-11  0.80946359E-12 -0.32101956E-11  0.00000000E+00  0.00000000E+00
  0.00000000E+00  0.00000000E+00  0.00000000E+00  0.00000000E+00  0.00000000E+00
  0.00000000E+00  0.00000000E+00  0.00000000E+00  0.00000000E+00  0.00000000E+00
  0.00000000E+00  0.00000000E+00  0.00000000E+00  0.00000000E+00  0.00000000E+00
  0.00000000E+00  0.00000000E+00  0.00000000E+00  0.00000000E+00  0.00000000E+00
  0.00000000E+00  0.00000000E+00  0.00000000E+00  0.00000000E+00  0.00000000E+00
  0.00000000E+00  0.00000000E+00  0.00000000E+00  0.00000000E+00  0.00000000E+00
  0.00000000E+00  0.00000000E+00
  0.10000000E+01  0.76264880E+00  0.66268258E+00  0.19903298E+00  0.36673729E-01
  0.49193236E-02  0.52841172E-03  0.48143802E-04  0.38556953E-05  0.27737681E-06
  0.18137991E-07  0.10833145E-08  0.58149908E-10  0.27008473E-11 -0.88531861E-12
 -0.22554721E-12 -0.11400405E-11 -0.29102929E-12 -0.14011879E-11 -0.39066174E-12
 -0.16529816E-11 -0.45155157E-12 -0.17746972E-11 -0.44631765E-12 -0.18143825E-11
 -0.43396651E-12 -0.19095095E-11 -0.47413458E-12 -0.21206720E-11 -0.56014676E-12
 -0.23711911E-11 -0.63296111E-12 -0.25379169E-11  0.00000000E+00  0.00000000E+00
  0.00000000E+00  0.00000000E+00  0.00000000E+00  0.00000000E+00  0.00000000E+00
  0.00000000E+00  0.00000000E+00  0.00000000E+00  0.00000000E+00  0.00000000E+00
  0.00000000E+00  0.00000000E+00  0.00000000E+00  0.00000000E+00  0.00000000E+00
  0.00000000E+00  0.00000000E+00  0.00000000E+00  0.00000000E+00  0.00000000E+00
  0.00000000E+00  0.00000000E+00  0.00000000E+00  0.00000000E+00  0.00000000E+00
  0.00000000E+00  0.00000000E+00  0.00000000E+00  0.00000000E+00  0.00000000E+00
  0.00000000E+00  0.00000000E+00
  0.10000000E+01  0.12198652E+01  0.93884701E+00  0.39467146E+00  0.11499827E+00
  0.25362615E-01  0.45643917E-02  0.70282096E-03  0.95620769E-04  0.11739681E-04
  0.13171126E-05  0.13580707E-06  0.12878276E-07  0.11204884E-08  0.88191508E-10
  0.58428297E-11 -0.81913877E-12 -0.75584024E-12 -0.15326249E-11 -0.97776542E-12
 -0.18107382E-11 -0.11099674E-11 -0.19480208E-11 -0.11403683E-11 -0.19918569E-11
 -0.11550177E-11 -0.20930303E-11 -0.12506357E-11 -0.23237505E-11 -0.14242323E-11
 -0.25998556E-11 -0.15791717E-11 -0.27840260E-11  0.00000000E+00  0.00000000E+00
  0.00000000E+00  0.00000000E+00  0.00000000E+00  0.00000000E+00  0.00000000E+00
  0.00000000E+00  0.00000000E+00  0.00000000E+00  0.00000000E+00  0.00000000E+00
  0.00000000E+00  0.00000000E+00  0.00000000E+00  0.00000000E+00  0.00000000E+00
  0.00000000E+00  0.00000000E+00  0.00000000E+00  0.00000000E+00  0.00000000E+00
  0.00000000E+00  0.00000000E+00  0.00000000E+00  0.00000000E+00  0.00000000E+00
  0.00000000E+00  0.00000000E+00  0.00000000E+00  0.00000000E+00  0.00000000E+00
  0.00000000E+00  0.00000000E+00
  0.10000000E+01  0.16203214E+01  0.13334980E+01  0.69622348E+00  0.27319392E+00
  0.84662686E-01  0.21961309E-01  0.49349448E-02  0.98802721E-03  0.17962618E-03
  0.30041374E-04  0.46525649E-05  0.66819579E-06  0.88787945E-07  0.10871156E-07
  0.12211134E-08  0.12410465E-09  0.10620524E-10 -0.93809712E-12 -0.13922014E-11
 -0.22831690E-11 -0.16649647E-11 -0.24689070E-11 -0.17228244E-11 -0.25424608E-11
 -0.17590193E-11 -0.26809530E-11 -0.19043451E-11 -0.29629533E-11 -0.21502215E-11
 -0.32966938E-11 -0.23754614E-11 -0.35312213E-11  0.00000000E+00  0.00000000E+00
  0.00000000E+00  0.00000000E+00  0.00000000E+00  0.00000000E+00  0.00000000E+00
  0.00000000E+00  0.00000000E+00  0.00000000E+00  0.00000000E+00  0.00000000E+00
  0.00000000E+00  0.00000000E+00  0.00000000E+00  0.00000000E+00  0.00000000E+00
  0.00000000E+00  0.00000000E+00  0.00000000E+00  0.00000000E+00  0.00000000E+00
  0.00000000E+00  0.00000000E+00  0.00000000E+00  0.00000000E+00  0.00000000E+00
  0.00000000E+00  0.00000000E+00  0.00000000E+00  0.00000000E+00  0.00000000E+00
  0.00000000E+00  0.00000000E+00
  0.10000000E+01  0.19184349E+01  0.17630192E+01  0.10920263E+01  0.53035229E+00
  0.21027872E+00  0.71386181E-01  0.21266654E-01  0.57003527E-02  0.13967456E-02
  0.31706412E-03  0.67189191E-04  0.13339218E-04  0.24778168E-05  0.42872854E-06
  0.68702832E-07  0.10142226E-07  0.13733647E-08  0.16829908E-09  0.17397269E-10
 -0.84522485E-12 -0.20880014E-11 -0.30869916E-11 -0.23768568E-11 -0.32190957E-11
 -0.24472210E-11 -0.34020325E-11 -0.26456352E-11 -0.37427140E-11 -0.29625892E-11
 -0.41447921E-11 -0.32600169E-11 -0.44401440E-11  0.00000000E+00  0.00000000E+00
  0.00000000E+00  0.00000000E+00  0.00000000E+00  0.00000000E+00  0.00000000E+00
  0.00000000E+00  0.00000000E+00  0.00000000E+00  0.00000000E+00  0.00000000E+00
  0.00000000E+00  0.00000000E+00  0.00000000E+00  0.00000000E+00  0.00000000E+00
  0.00000000E+00  0.00000000E+00  0.00000000E+00  0.00000000E+00  0.00000000E+00
  0.00000000E+00  0.00000000E+00  0.00000000E+00  0.00000000E+00  0.00000000E+00
  0.00000000E+00  0.00000000E+00  0.00000000E+00  0.00000000E+00  0.00000000E+00
  0.00000000E+00  0.00000000E+00
  0.10000000E+01  0.21278573E+01  0.21640674E+01  0.15406449E+01  0.88136728E+00
  0.42162533E+00  0.17569708E+00  0.65010317E-01  0.21842254E-01  0.67493435E-02
  0.19436888E-02  0.52570423E-03  0.13436174E-03  0.32482493E-04  0.74103594E-05
  0.15854584E-05  0.31579212E-06  0.58165180E-07  0.98580592E-08  0.15321537E-08
  0.21561446E-09  0.25773856E-10 -0.35980039E-12 -0.27077667E-11 -0.39463846E-11
 -0.32032388E-11 -0.42218036E-11 -0.34579822E-11 -0.46217102E-11 -0.38400679E-11
 -0.50954328E-11 -0.42207435E-11 -0.54965060E-11  0.00000000E+00  0.00000000E+00
  0.00000000E+00  0.00000000E+00  0.00000000E+00  0.00000000E+00  0.00000000E+00
  0.00000000E+00  0.00000000E+00  0.00000000E+00  0.00000000E+00  0.00000000E+00
  0.00000000E+00  0.00000000E+00  0.00000000E+00  0.00000000E+00  0.00000000E+00
  0.00000000E+00  0.00000000E+00  0.00000000E+00  0.00000000E+00  0.00000000E+00
  0.00000000E+00  0.00000000E+00  0.00000000E+00  0.00000000E+00  0.00000000E+00
  0.00000000E+00  0.00000000E+00  0.00000000E+00  0.00000000E+00  0.00000000E+00
  0.00000000E+00  0.00000000E+00
  0.10000000E+01  0.22764795E+01  0.25119475E+01  0.19985235E+01  0.13007544E+01
  0.72100634E+00  0.35271475E+00  0.15480320E+00  0.62180587E-01  0.23100108E-01
  0.80373733E-02  0.26374280E-02  0.82248684E-03  0.24453348E-03  0.69427816E-04
  0.18757656E-04  0.47929306E-05  0.11479622E-05  0.25557451E-06  0.52547455E-07
  0.99370685E-08  0.17242603E-08  0.27140355E-09  0.36763872E-10  0.67269583E-12
 -0.32839139E-11 -0.50394460E-11 -0.42647387E-11 -0.55773406E-11 -0.47203186E-11
 -0.61505669E-11 -0.52467848E-11 -0.68040197E-11  0.00000000E+00  0.00000000E+00
  0.00000000E+00  0.00000000E+00  0.00000000E+00  0.00000000E+00  0.00000000E+00
  0.00000000E+00  0.00000000E+00  0.00000000E+00  0.00000000E+00  0.00000000E+00
  0.00000000E+00  0.00000000E+00  0.00000000E+00  0.00000000E+00  0.00000000E+00
  0.00000000E+00  0.00000000E+00  0.00000000E+00  0.00000000E+00  0.00000000E+00
  0.00000000E+00  0.00000000E+00  0.00000000E+00  0.00000000E+00  0.00000000E+00
  0.00000000E+00  0.00000000E+00  0.00000000E+00  0.00000000E+00  0.00000000E+00
  0.00000000E+00  0.00000000E+00
  0.10000000E+01  0.23856718E+01  0.28047191E+01  0.24354959E+01  0.17560685E+01
  0.10944482E+01  0.60834202E+00  0.30613184E+00  0.14193650E+00  0.61184366E-01
  0.24806664E-01  0.95172860E-02  0.34822370E-02  0.12196866E-02  0.41076846E-03
  0.13304766E-03  0.41386578E-04  0.12282103E-04  0.34480467E-05  0.90632702E-06
  0.22116804E-06  0.49810168E-07  0.10319712E-07  0.19640204E-08  0.33991125E-09
  0.51302022E-10  0.23782245E-11 -0.38408359E-11 -0.63765973E-11 -0.55281971E-11
 -0.72935784E-11 -0.64119847E-11 -0.85070529E-11  0.00000000E+00  0.00000000E+00
  0.00000000E+00  0.00000000E+00  0.00000000E+00  0.00000000E+00  0.00000000E+00
  0.00000000E+00  0.00000000E+00  0.00000000E+00  0.00000000E+00  0.00000000E+00
  0.00000000E+00  0.00000000E+00  0.00000000E+00  0.00000000E+00  0.00000000E+00
  0.00000000E+00  0.00000000E+00  0.00000000E+00  0.00000000E+00  0.00000000E+00
  0.00000000E+00  0.00000000E+00  0.00000000E+00  0.00000000E+00  0.00000000E+00
  0.00000000E+00  0.00000000E+00  0.00000000E+00  0.00000000E+00  0.00000000E+00
  0.00000000E+00  0.00000000E+00
  0.10000000E+01  0.24687306E+01  0.30488119E+01  0.28358962E+01  0.22186968E+01
  0.15191674E+01  0.93600017E+00  0.52628799E+00  0.27423115E+00  0.13350277E+00
  0.61357792E-01  0.26766566E-01  0.11165255E-01  0.44694642E-02  0.17257056E-02
  0.64385270E-03  0.23263434E-03  0.81238484E-04  0.27313267E-04  0.87625524E-05
  0.26560560E-05  0.75242914E-06  0.19761275E-06  0.47869837E-07  0.10670187E-07
  0.21872995E-08  0.40860294E-09  0.67245039E-10  0.44904643E-11 -0.44891157E-11
 -0.83071632E-11 -0.78311155E-11 -0.10738825E-10  0.00000000E+00  0.00000000E+00
  0.00000000E+00  0.00000000E+00  0.00000000E+00  0.00000000E+00  0.00000000E+00
  0.00000000E+00  0.00000000E+00  0.00000000E+00  0.00000000E+00  0.00000000E+00
  0.00000000E+00  0.00000000E+00  0.00000000E+00  0.00000000E+00  0.00000000E+00
  0.00000000E+00  0.00000000E+00  0.00000000E+00  0.00000000E+00  0.00000000E+00
  0.00000000E+00  0.00000000E+00  0.00000000E+00  0.00000000E+00  0.00000000E+00
  0.00000000E+00  0.00000000E+00  0.00000000E+00  0.00000000E+00  0.00000000E+00
  0.00000000E+00  0.00000000E+00
  0.10000000E+01  0.25337008E+01  0.32523334E+01  0.31942477E+01  0.26681896E+01
  0.19712681E+01  0.13207229E+01  0.81325246E+00  0.46647115E+00  0.25111090E+00
  0.12804931E+00  0.62156831E-01  0.28917057E-01  0.12936343E-01  0.55930251E-02
  0.23418960E-02  0.95290356E-03  0.37695183E-03  0.14505475E-03  0.54097999E-04
  0.19443210E-04  0.66642350E-05  0.21553212E-05  0.65055249E-06  0.18189471E-06
  0.46904137E-07  0.11135622E-07  0.24345136E-08  0.48590646E-09  0.85735311E-10
  0.61942239E-11 -0.70115256E-11 -0.12988296E-10  0.00000000E+00  0.00000000E+00
  0.00000000E+00  0.00000000E+00  0.00000000E+00  0.00000000E+00  0.00000000E+00
  0.00000000E+00  0.00000000E+00  0.00000000E+00  0.00000000E+00  0.00000000E+00
  0.00000000E+00  0.00000000E+00  0.00000000E+00  0.00000000E+00  0.00000000E+00
  0.00000000E+00  0.00000000E+00  0.00000000E+00  0.00000000E+00  0.00000000E+00
  0.00000000E+00  0.00000000E+00  0.00000000E+00  0.00000000E+00  0.00000000E+00
  0.00000000E+00  0.00000000E+00  0.00000000E+00  0.00000000E+00  0.00000000E+00
  0.00000000E+00  0.00000000E+00
  0.10000000E+01  0.25856343E+01  0.34227510E+01  0.35108788E+01  0.30921462E+01
  0.24304175E+01  0.17442940E+01  0.11577841E+01  0.71919002E+00  0.42102344E+00
  0.23419753E+00  0.12435046E+00  0.63412739E-01  0.31153794E-01  0.14815011E-01
  0.68335390E-02  0.30682472E-02  0.13425035E-02  0.57368458E-03  0.23927839E-03
  0.97335896E-04  0.38419289E-04  0.14609055E-04  0.52903942E-05  0.18046703E-05
  0.57370714E-06  0.16882981E-06  0.45822231E-07  0.11457187E-07  0.26402988E-08
  0.55441337E-09  0.10079577E-09  0.49417026E-11  0.00000000E+00  0.00000000E+00
  0.00000000E+00  0.00000000E+00  0.00000000E+00  0.00000000E+00  0.00000000E+00
  0.00000000E+00  0.00000000E+00  0.00000000E+00  0.00000000E+00  0.00000000E+00
  0.00000000E+00  0.00000000E+00  0.00000000E+00  0.00000000E+00  0.00000000E+00
  0.00000000E+00  0.00000000E+00  0.00000000E+00  0.00000000E+00  0.00000000E+00
  0.00000000E+00  0.00000000E+00  0.00000000E+00  0.00000000E+00  0.00000000E+00
  0.00000000E+00  0.00000000E+00  0.00000000E+00  0.00000000E+00  0.00000000E+00
  0.00000000E+00  0.00000000E+00
  0.10000000E+01  0.26278689E+01  0.35663171E+01  0.37889172E+01  0.34843541E+01
  0.28815057E+01  0.21891380E+01  0.15467054E+01  0.10270473E+01  0.64517158E+00
  0.38620421E+00  0.22124208E+00  0.12196360E+00  0.64888850E-01  0.33463642E-01
  0.16761185E-01  0.81819209E-02  0.38974059E-02  0.18163095E-02  0.82848331E-03
  0.37036591E-03  0.16204723E-03  0.69271658E-04  0.28755877E-04  0.11498715E-04
  0.43762021E-05  0.15678585E-05  0.52327405E-06  0.16169026E-06  0.46103941E-07
  0.12118779E-07  0.29368082E-08  0.64788629E-09  0.00000000E+00  0.00000000E+00
  0.00000000E+00  0.00000000E+00  0.00000000E+00  0.00000000E+00  0.00000000E+00
  0.00000000E+00  0.00000000E+00  0.00000000E+00  0.00000000E+00  0.00000000E+00
  0.00000000E+00  0.00000000E+00  0.00000000E+00  0.00000000E+00  0.00000000E+00
  0.00000000E+00  0.00000000E+00  0.00000000E+00  0.00000000E+00  0.00000000E+00
  0.00000000E+00  0.00000000E+00  0.00000000E+00  0.00000000E+00  0.00000000E+00
  0.00000000E+00  0.00000000E+00  0.00000000E+00  0.00000000E+00  0.00000000E+00
  0.00000000E+00  0.00000000E+00
  0.10000000E+01  0.26627102E+01  0.36880819E+01  0.40325476E+01  0.38427494E+01
  0.33144661E+01  0.26404209E+01  0.19658437E+01  0.13808650E+01  0.92080803E+00
  0.58668091E+00  0.35858604E+00  0.21129737E+00  0.12036665E+00  0.66549604E-01
  0.35780492E-01  0.18767142E-01  0.96152867E-02  0.48245442E-02  0.23724490E-02
  0.11455162E-02  0.54304044E-03  0.25290342E-03  0.11547738E-03  0.51560815E-04
  0.22357197E-04  0.93316560E-05  0.37032781E-05  0.13822788E-05  0.48041630E-06
  0.15460589E-06  0.45937387E-07  0.12595290E-07  0.00000000E+00  0.00000000E+00
  0.00000000E+00  0.00000000E+00  0.00000000E+00  0.00000000E+00  0.00000000E+00
  0.00000000E+00  0.00000000E+00  0.00000000E+00  0.00000000E+00  0.00000000E+00
  0.00000000E+00  0.00000000E+00  0.00000000E+00  0.00000000E+00  0.00000000E+00
  0.00000000E+00  0.00000000E+00  0.00000000E+00  0.00000000E+00  0.00000000E+00
  0.00000000E+00  0.00000000E+00  0.00000000E+00  0.00000000E+00  0.00000000E+00
  0.00000000E+00  0.00000000E+00  0.00000000E+00  0.00000000E+00  0.00000000E+00
  0.00000000E+00  0.00000000E+00
  0.10000000E+01  0.26918059E+01  0.37920705E+01  0.42461046E+01  0.41677895E+01
  0.37233274E+01  0.30867426E+01  0.24020127E+01  0.17697241E+01  0.12417462E+01
  0.83455539E+00  0.53928275E+00  0.33654384E+00  0.20336444E+00  0.11941810E+00
  0.68270529E-01  0.38110316E-01  0.20799652E-01  0.11125830E-01  0.58375463E-02
  0.30102692E-02  0.15261873E-02  0.76176738E-03  0.37414400E-03  0.18083041E-03
  0.85787408E-04  0.39815582E-04  0.17942935E-04  0.77785153E-05  0.32038288E-05
  0.12405192E-05  0.44721402E-06  0.14935416E-06  0.00000000E+00  0.00000000E+00
  0.00000000E+00  0.00000000E+00  0.00000000E+00  0.00000000E+00  0.00000000E+00
  0.00000000E+00  0.00000000E+00  0.00000000E+00  0.00000000E+00  0.00000000E+00
  0.00000000E+00  0.00000000E+00  0.00000000E+00  0.00000000E+00  0.00000000E+00
  0.00000000E+00  0.00000000E+00  0.00000000E+00  0.00000000E+00  0.00000000E+00
  0.00000000E+00  0.00000000E+00  0.00000000E+00  0.00000000E+00  0.00000000E+00
  0.00000000E+00  0.00000000E+00  0.00000000E+00  0.00000000E+00  0.00000000E+00
  0.00000000E+00  0.00000000E+00
  0.10000000E+01  0.27163641E+01  0.38814797E+01  0.44336492E+01  0.44613197E+01
  0.41051253E+01  0.35199975E+01  0.28440370E+01  0.21825994E+01  0.15998104E+01
  0.11258092E+01  0.76333257E+00  0.50065834E+00  0.31844709E+00  0.19706314E+00
  0.11885700E+00  0.70059009E-01  0.40408603E-01  0.22857996E-01  0.12692019E-01
  0.69307163E-02  0.37239028E-02  0.19717509E-02  0.10288805E-02  0.52958320E-03
  0.26866233E-03  0.13427089E-03  0.65912902E-04  0.31656990E-04  0.14757225E-04
  0.66125650E-05  0.28131572E-05  0.11246058E-05  0.41862812E-06  0.00000000E+00
  0.00000000E+00  0.00000000E+00  0.00000000E+00  0.00000000E+00  0.00000000E+00
  0.00000000E+00  0.00000000E+00  0.00000000E+00  0.00000000E+00  0.00000000E+00
  0.00000000E+00  0.00000000E+00  0.00000000E+00  0.00000000E+00  0.00000000E+00
  0.00000000E+00  0.00000000E+00  0.00000000E+00  0.00000000E+00  0.00000000E+00
  0.00000000E+00  0.00000000E+00  0.00000000E+00  0.00000000E+00  0.00000000E+00
  0.00000000E+00  0.00000000E+00  0.00000000E+00  0.00000000E+00  0.00000000E+00
  0.00000000E+00  0.00000000E+00
  0.10000000E+01  0.27844052E+01  0.41371654E+01  0.49891723E+01  0.53725240E+01
  0.53603833E+01  0.50451361E+01  0.45258903E+01  0.38954329E+01  0.32319026E+01
  0.25943130E+01  0.20206466E+01  0.15311958E+01  0.11311694E+01  0.81645365E+00
  0.57664124E+00  0.39926272E+00  0.27132649E+00  0.18126247E+00  0.11914630E+00
  0.77166113E-01  0.49274123E-01  0.31060107E-01  0.19336048E-01  0.11901351E-01
  0.72444266E-02  0.43652687E-02  0.26040891E-02  0.15391339E-02  0.90116109E-03
  0.52290928E-03  0.30051678E-03  0.17100527E-03  0.96183133E-04  0.53372178E-04
  0.29096978E-04  0.15498364E-04  0.79932546E-05  0.39513550E-05  0.18509253E-05
  0.81425551E-06  0.00000000E+00  0.00000000E+00  0.00000000E+00  0.00000000E+00
  0.00000000E+00  0.00000000E+00  0.00000000E+00  0.00000000E+00  0.00000000E+00
  0.00000000E+00  0.00000000E+00  0.00000000E+00  0.00000000E+00  0.00000000E+00
  0.00000000E+00  0.00000000E+00  0.00000000E+00  0.00000000E+00  0.00000000E+00
  0.00000000E+00  0.00000000E+00  0.00000000E+00  0.00000000E+00  0.00000000E+00
  0.00000000E+00  0.00000000E+00
  0.10000000E+01  0.28244117E+01  0.42932400E+01  0.53416602E+01  0.59807255E+01
  0.62515544E+01  0.62103479E+01  0.59225930E+01  0.54557343E+01  0.48750266E+01
  0.42385284E+01  0.35942532E+01  0.29787338E+01  0.24165925E+01  0.19222249E+01
  0.15010035E+01  0.11521554E+01  0.87020946E+00  0.64747628E+00  0.47495495E+00
  0.34384180E+00  0.24581564E+00  0.17370382E+00  0.12138445E+00  0.83953185E-01
  0.57488949E-01  0.39006637E-01  0.26230575E-01  0.17494287E-01  0.11573720E-01
  0.75999712E-02  0.49538663E-02  0.32070711E-02  0.20620119E-02  0.13172828E-02
  0.83597031E-03  0.52713645E-03  0.33011846E-03  0.20528161E-03  0.12662140E-03
  0.77391301E-04  0.46765644E-04  0.27862618E-04  0.16289402E-04  0.92856159E-05
  0.51143283E-05  0.26951303E-05  0.13453503E-05  0.63141066E-06  0.00000000E+00
  0.00000000E+00  0.00000000E+00  0.00000000E+00  0.00000000E+00  0.00000000E+00
  0.00000000E+00  0.00000000E+00  0.00000000E+00  0.00000000E+00  0.00000000E+00
  0.00000000E+00  0.00000000E+00  0.00000000E+00  0.00000000E+00  0.00000000E+00
  0.00000000E+00  0.00000000E+00
  0.10000000E+01  0.28499653E+01  0.43954621E+01  0.55779310E+01  0.64005069E+01
  0.68889506E+01  0.70801503E+01  0.70181160E+01  0.67502025E+01  0.63253178E+01
  0.57907177E+01  0.51903058E+01  0.45623313E+01  0.39383948E+01  0.33428280E+01
  0.27926983E+01  0.22986771E+01  0.18656822E+01  0.14944325E+01  0.11821962E+01
  0.92429735E+00  0.71463554E+00  0.54677919E+00  0.41418070E+00  0.31081099E+00
  0.23114692E+00  0.17045947E+00  0.12468611E+00  0.90513944E-01  0.65223912E-01
  0.46677875E-01  0.33181533E-01  0.23440416E-01  0.16457492E-01  0.11488864E-01
  0.79749997E-02  0.55066971E-02  0.37823477E-02  0.25851391E-02  0.17580565E-02
  0.11899110E-02  0.80141787E-03  0.53717079E-03  0.35820205E-03  0.23759869E-03
  0.15666479E-03  0.10262408E-03  0.66698815E-04  0.42947143E-04  0.27329026E-04
  0.17132760E-04  0.10529491E-04  0.63024237E-05  0.36419594E-05  0.20129766E-05
  0.10543321E-05  0.51909609E-06  0.00000000E+00  0.00000000E+00  0.00000000E+00
  0.00000000E+00  0.00000000E+00  0.00000000E+00  0.00000000E+00  0.00000000E+00
  0.00000000E+00  0.00000000E+00
  0.10000000E+01  0.28673162E+01  0.44662664E+01  0.57442167E+01  0.67016131E+01
  0.73566306E+01  0.77357637E+01  0.78701387E+01  0.77936665E+01  0.75422080E+01
  0.71519063E+01  0.66585077E+01  0.60955184E+01  0.54935900E+01  0.48791907E+01
  0.42743403E+01  0.36962185E+01  0.31573092E+01  0.26658425E+01  0.22261843E+01
  0.18397237E+01  0.15052895E+01  0.12201025E+01  0.98007324E+00  0.78058670E+00
  0.61663970E+00  0.48337932E+00  0.37610734E+00  0.29059418E+00  0.22300301E+00
  0.17004116E+00  0.12885257E+00  0.97070118E-01  0.72708984E-01  0.54168229E-01
  0.40141429E-01  0.29597895E-01  0.21715294E-01  0.15856796E-01  0.11523965E-01
  0.83368974E-02  0.60031564E-02  0.43029149E-02  0.30694155E-02  0.21788243E-02
  0.15384176E-02  0.10800796E-02  0.75339694E-03  0.52169649E-03  0.35811613E-03
  0.24328150E-03  0.16314390E-03  0.10765235E-03  0.69565301E-04  0.43739836E-04
  0.26531572E-04  0.15382718E-04  0.84475323E-05  0.43612910E-05  0.21027897E-05
  0.93981574E-06  0.00000000E+00  0.00000000E+00  0.00000000E+00  0.00000000E+00
  0.00000000E+00  0.00000000E+00
  0.10000000E+01  0.28796895E+01  0.45176746E+01  0.58664480E+01  0.69259600E+01
  0.77105535E+01  0.82409389E+01  0.85405018E+01  0.86344921E+01  0.85495310E+01
  0.83129134E+01  0.79525126E+01  0.74955839E+01  0.69686177E+01  0.63960419E+01
  0.58001098E+01  0.51999874E+01  0.46117846E+01  0.40482413E+01  0.35189096E+01
  0.30303685E+01  0.25864835E+01  0.21889370E+01  0.18374740E+01  0.15305282E+01
  0.12653939E+01  0.10387949E+01  0.84696314E+00  0.68607830E+00  0.55226633E+00
  0.44189736E+00  0.35153166E+00  0.27809774E+00  0.21881323E+00  0.17127662E+00
  0.13338389E+00  0.10336572E+00  0.79712313E-01  0.61180400E-01  0.46731887E-01
  0.35526709E-01  0.26876242E-01  0.20231449E-01  0.15149367E-01  0.11281342E-01
  0.83499845E-02  0.61394032E-02  0.44799340E-02  0.32408757E-02  0.23206090E-02
  0.16415075E-02  0.11438952E-02  0.78257009E-03  0.52293089E-03  0.33896444E-03
  0.21123761E-03  0.12537153E-03  0.70240232E-04  0.36900524E-04  0.18087989E-04
  0.82461275E-05  0.34778502E-05  0.13375892E-05  0.44346281E-06  0.00000000E+00
  0.00000000E+00  0.00000000E+00
  0.10000000E+01  0.28888933E+01  0.45565878E+01  0.59599224E+01  0.70992849E+01
  0.79870642E+01  0.86406079E+01  0.90785237E+01  0.93204392E+01  0.93866327E+01
  0.92978971E+01  0.90757203E+01  0.87416143E+01  0.83172817E+01  0.78235857E+01
  0.72806622E+01  0.67069134E+01  0.61191168E+01  0.55317352E+01  0.49570619E+01
  0.44049499E+01  0.38829920E+01  0.33966162E+01  0.29492684E+01  0.25427443E+01
  0.21773396E+01  0.18522798E+01  0.15658165E+01  0.13156500E+01  0.10989671E+01
  0.91279667E+00  0.75399791E+00  0.61952718E+00  0.50639220E+00  0.41183339E+00
  0.33326053E+00  0.26836425E+00  0.21504831E+00  0.17149054E+00  0.13607952E+00
  0.10744235E+00  0.84390466E-01  0.65927891E-01  0.51207584E-01  0.39529613E-01
  0.30307832E-01  0.23063603E-01  0.17401371E-01  0.13001687E-01  0.96034782E-02
  0.69976048E-02  0.50154029E-02  0.35229945E-02  0.24124936E-02  0.15989251E-02
  0.10162150E-02  0.61343547E-03  0.34863758E-03  0.18537664E-03  0.91823121E-04
  0.42286725E-04  0.18063812E-04  0.71197414E-05  0.25321789E-05  0.73708441E-06
  0.00000000E+00  0.00000000E+00
  0.10000000E+01  0.28960002E+01  0.45871538E+01  0.60339881E+01  0.72376990E+01
  0.82096818E+01  0.89652192E+01  0.95198485E+01  0.98894425E+01  0.10089908E+02
  0.10137364E+02  0.10048435E+02  0.98399468E+01  0.95292557E+01  0.91335062E+01
  0.86699114E+01  0.81548408E+01  0.76040486E+01  0.70318623E+01  0.64513797E+01
  0.58739231E+01  0.53092198E+01  0.47651680E+01  0.42479990E+01  0.37623119E+01
  0.33112071E+01  0.28965031E+01  0.25188309E+01  0.21779404E+01  0.18727516E+01
  0.16016765E+01  0.13626296E+01  0.11533173E+01  0.97121658E+00  0.81380820E+00
  0.67853371E+00  0.56296837E+00  0.46476655E+00  0.38177992E+00  0.31200019E+00
  0.25363335E+00  0.20504557E+00  0.16480558E+00  0.13163685E+00  0.10443864E+00
  0.82246449E-01  0.64239203E-01  0.49707846E-01  0.38056262E-01  0.28775608E-01
  0.21441322E-01  0.15696912E-01  0.11248003E-01  0.78463122E-02  0.52884694E-02
  0.34115372E-02  0.20859012E-02  0.11983549E-02  0.64294660E-03  0.32089973E-03
  0.14878721E-03  0.64014273E-04  0.25503094E-04  0.92996313E-05  0.29523970E-05
  0.61664887E-06  0.00000000E+00
  0.10000000E+01  0.29016670E+01  0.46119242E+01  0.60944470E+01  0.73513463E+01
  0.83935137E+01  0.92348763E+01  0.98888975E+01  0.10368845E+02  0.10687550E+02
  0.10857764E+02  0.10892483E+02  0.10804893E+02  0.10608752E+02  0.10317897E+02
  0.99466105E+01  0.95088643E+01  0.90186411E+01  0.84891385E+01  0.79330390E+01
  0.73618466E+01  0.67861091E+01  0.62149793E+01  0.56563947E+01  0.51168798E+01
  0.46016844E+01  0.41147914E+01  0.36590137E+01  0.32361451E+01  0.28470181E+01
  0.24917327E+01  0.21696778E+01  0.18797843E+01  0.16205173E+01  0.13901145E+01
  0.11865570E+01  0.10077727E+01  0.85159290E+00  0.71591257E+00  0.59864076E+00
  0.49781754E+00  0.41156392E+00  0.33816228E+00  0.27600850E+00  0.22366378E+00
  0.17981286E+00  0.14329295E+00  0.11305859E+00  0.88199117E-01  0.67905815E-01
  0.51478959E-01  0.38310210E-01  0.27879667E-01  0.19729944E-01  0.13473502E-01
  0.87931218E-02  0.54303422E-02  0.31461197E-02  0.16998294E-02  0.85337300E-03
  0.39767503E-03  0.17193089E-03  0.68921767E-04  0.25438902E-04  0.83752189E-05
  0.21018781E-05 -0.91503960E-07
  0.10000000E+01  0.29063017E+01  0.46324801E+01  0.61449091E+01  0.74465937E+01
  0.85481639E+01  0.94625864E+01  0.10201845E+02  0.10777324E+02  0.11199631E+02
  0.11479057E+02  0.11625898E+02  0.11650566E+02  0.11563967E+02  0.11377199E+02
  0.11101948E+02  0.10749881E+02  0.10333028E+02  0.98630575E+01  0.93516071E+01
  0.88095988E+01  0.82475126E+01  0.76748434E+01  0.71003179E+01  0.65315411E+01
  0.59751594E+01  0.54366984E+01  0.49206762E+01  0.44306022E+01  0.39690458E+01
  0.35377498E+01  0.31376613E+01  0.27691121E+01  0.24318192E+01  0.21250903E+01
  0.18478031E+01  0.15986056E+01  0.13758807E+01  0.11779237E+01  0.10028993E+01
  0.84898596E+00  0.71433080E+00  0.59716146E+00  0.49573958E+00  0.40844339E+00
  0.33372621E+00  0.27016978E+00  0.21644818E+00  0.17136825E+00  0.13382944E+00
  0.10284688E+00  0.77537571E-01  0.57123306E-01  0.40890971E-01  0.28217971E-01
  0.18587557E-01  0.11571308E-01  0.67493178E-02  0.36671113E-02  0.18496165E-02
  0.86535115E-03  0.37549192E-03  0.15115084E-03  0.56187984E-04  0.18855416E-04
  0.51279319E-05  0.34635167E-06
    56
  0.10000000E+01  0.22807298E+00  0.51416055E+00  0.54257099E-01  0.31294567E-02
  0.12758585E-03  0.41162028E-05  0.11191601E-06  0.26607453E-08  0.57019639E-10
 -0.20861613E-12  0.55444553E-12 -0.14523079E-11  0.64960732E-12 -0.15429996E-11
  0.76150113E-12 -0.17377486E-11  0.84928595E-12 -0.20653014E-11  0.92471047E-12
 -0.23818774E-11  0.10130807E-11 -0.25741965E-11  0.11192158E-11 -0.26908089E-11
  0.12266879E-11 -0.28591293E-11  0.13212539E-11 -0.31354757E-11  0.13986073E-11
 -0.34490645E-11  0.14790568E-11 -0.36803001E-11  0.00000000E+00  0.00000000E+00
  0.00000000E+00  0.00000000E+00  0.00000000E+00  0.00000000E+00  0.00000000E+00
  0.00000000E+00  0.00000000E+00  0.00000000E+00  0.00000000E+00  0.00000000E+00
  0.00000000E+00  0.00000000E+00  0.00000000E+00  0.00000000E+00  0.00000000E+00
  0.00000000E+00  0.00000000E+00  0.00000000E+00  0.00000000E+00  0.00000000E+00
  0.00000000E+00  0.00000000E+00
  0.10000000E+01  0.50242176E+00  0.56984631E+00  0.12626649E+00  0.16237333E-01
  0.14747816E-02  0.10571992E-03  0.63767641E-05  0.33618153E-06  0.15838976E-07
  0.67375035E-09  0.26140872E-10 -0.18797228E-12  0.10805268E-12 -0.11388959E-11
  0.12285650E-12 -0.12794867E-11  0.11857181E-12 -0.15530338E-11  0.87283254E-13
 -0.18164555E-11  0.83810749E-13 -0.19555911E-11  0.12087470E-12 -0.20149225E-11
  0.16493325E-12 -0.21264581E-11  0.17416051E-12 -0.23506770E-11  0.15050364E-12
 -0.26142437E-11  0.13591992E-12 -0.27944396E-11  0.00000000E+00  0.00000000E+00
  0.00000000E+00  0.00000000E+00  0.00000000E+00  0.00000000E+00  0.00000000E+00
  0.00000000E+00  0.00000000E+00  0.00000000E+00  0.00000000E+00  0.00000000E+00
  0.00000000E+00  0.00000000E+00  0.00000000E+00  0.00000000E+00  0.00000000E+00
  0.00000000E+00  0.00000000E+00  0.00000000E+00  0.00000000E+00  0.00000000E+00
  0.00000000E+00  0.00000000E+00
  0.10000000E+01  0.84381715E+00  0.70426952E+00  0.24135606E+00  0.52601291E-01
  0.82245068E-02  0.10244138E-02  0.10763402E-03  0.98964446E-05  0.81453929E-06
  0.60765574E-07  0.41291925E-08  0.25476608E-09  0.14054822E-10 -0.25662156E-12
 -0.31829979E-12 -0.11091716E-11 -0.43097407E-12 -0.13701730E-11 -0.55631731E-12
 -0.16203284E-11 -0.63327969E-12 -0.17383407E-11 -0.64072665E-12 -0.17744777E-11
 -0.63958921E-12 -0.18624259E-11 -0.69336000E-12 -0.20707497E-11 -0.80130884E-12
 -0.23208743E-11 -0.89584725E-12 -0.24846144E-11  0.00000000E+00  0.00000000E+00
  0.00000000E+00  0.00000000E+00  0.00000000E+00  0.00000000E+00  0.00000000E+00
  0.00000000E+00  0.00000000E+00  0.00000000E+00  0.00000000E+00  0.00000000E+00
  0.00000000E+00  0.00000000E+00  0.00000000E+00  0.00000000E+00  0.00000000E+00
  0.00000000E+00  0.00000000E+00  0.00000000E+00  0.00000000E+00  0.00000000E+00
  0.00000000E+00  0.00000000E+00
  0.10000000E+01  0.11926025E+01  0.93080158E+00  0.41380338E+00  0.12828547E+00
  0.29572315E-01  0.55352105E-02  0.87916617E-03  0.12275026E-03  0.15402749E-04
  0.17604016E-05  0.18425409E-06  0.17659675E-07  0.15452717E-08  0.12206842E-09
  0.82610777E-11 -0.66397897E-12 -0.75025538E-12 -0.15310721E-11 -0.97950579E-12
 -0.18100801E-11 -0.11110247E-11 -0.19455998E-11 -0.11428397E-11 -0.19908459E-11
 -0.11598540E-11 -0.20929832E-11 -0.12579461E-11 -0.23241619E-11 -0.14290228E-11
 -0.25982133E-11 -0.15813809E-11 -0.27819874E-11  0.00000000E+00  0.00000000E+00
  0.00000000E+00  0.00000000E+00  0.00000000E+00  0.00000000E+00  0.00000000E+00
  0.00000000E+00  0.00000000E+00  0.00000000E+00  0.00000000E+00  0.00000000E+00
  0.00000000E+00  0.00000000E+00  0.00000000E+00  0.00000000E+00  0.00000000E+00
  0.00000000E+00  0.00000000E+00  0.00000000E+00  0.00000000E+00  0.00000000E+00
  0.00000000E+00  0.00000000E+00
  0.10000000E+01  0.15008326E+01  0.12271102E+01  0.65060541E+00  0.25724039E+00
  0.78879866E-01  0.20071612E-01  0.43756683E-02  0.84470552E-03  0.14728271E-03
  0.23544217E-04  0.34750171E-05  0.47406534E-06  0.59558057E-07  0.68527946E-08
  0.71824247E-09  0.67050181E-10  0.48544545E-11 -0.14067728E-11 -0.13116794E-11
 -0.21974468E-11 -0.15240268E-11 -0.23718515E-11 -0.15745690E-11 -0.24415010E-11
 -0.16041728E-11 -0.25722606E-11 -0.17376609E-11 -0.28454720E-11 -0.19650320E-11
 -0.31663369E-11 -0.21704118E-11 -0.33906218E-11  0.00000000E+00  0.00000000E+00
  0.00000000E+00  0.00000000E+00  0.00000000E+00  0.00000000E+00  0.00000000E+00
  0.00000000E+00  0.00000000E+00  0.00000000E+00  0.00000000E+00  0.00000000E+00
  0.00000000E+00  0.00000000E+00  0.00000000E+00  0.00000000E+00  0.00000000E+00
  0.00000000E+00  0.00000000E+00  0.00000000E+00  0.00000000E+00  0.00000000E+00
  0.00000000E+00  0.00000000E+00
  0.10000000E+01  0.17500687E+01  0.15534545E+01  0.94478481E+00  0.44672012E+00
  0.16989535E+00  0.54703814E-01  0.15271894E-01  0.38070248E-02  0.86156801E-03
  0.17979765E-03  0.34890722E-04  0.63217906E-05  0.10669971E-05  0.16672963E-06
  0.23938412E-07  0.31368349E-08  0.37293424E-09  0.38307497E-10  0.22399821E-11
 -0.22874342E-11 -0.19591953E-11 -0.28590680E-11 -0.20676991E-11 -0.29607044E-11
 -0.21218827E-11 -0.31268805E-11 -0.22928428E-11 -0.34436970E-11 -0.25754549E-11
 -0.38185258E-11 -0.28372810E-11 -0.40890869E-11  0.00000000E+00  0.00000000E+00
  0.00000000E+00  0.00000000E+00  0.00000000E+00  0.00000000E+00  0.00000000E+00
  0.00000000E+00  0.00000000E+00  0.00000000E+00  0.00000000E+00  0.00000000E+00
  0.00000000E+00  0.00000000E+00  0.00000000E+00  0.00000000E+00  0.00000000E+00
  0.00000000E+00  0.00000000E+00  0.00000000E+00  0.00000000E+00  0.00000000E+00
  0.00000000E+00  0.00000000E+00
  0.10000000E+01  0.19432992E+01  0.18754730E+01  0.12779801E+01  0.69480879E+00
  0.31237492E+00  0.12091574E+00  0.41084550E-01  0.12567306E-01  0.35090686E-02
  0.90799057E-03  0.21961584E-03  0.49997050E-04  0.10724045E-04  0.21599464E-05
  0.40523892E-06  0.70171501E-07  0.11125653E-07  0.16050878E-08  0.20902132E-09
  0.22139969E-10  0.23511690E-12 -0.30989830E-11 -0.26100993E-11 -0.35093848E-11
 -0.27260750E-11 -0.37176547E-11 -0.29448892E-11 -0.40811442E-11 -0.32812069E-11
 -0.45059171E-11 -0.36033876E-11 -0.48359297E-11  0.00000000E+00  0.00000000E+00
  0.00000000E+00  0.00000000E+00  0.00000000E+00  0.00000000E+00  0.00000000E+00
  0.00000000E+00  0.00000000E+00  0.00000000E+00  0.00000000E+00  0.00000000E+00
  0.00000000E+00  0.00000000E+00  0.00000000E+00  0.00000000E+00  0.00000000E+00
  0.00000000E+00  0.00000000E+00  0.00000000E+00  0.00000000E+00  0.00000000E+00
  0.00000000E+00  0.00000000E+00
  0.10000000E+01  0.20915416E+01  0.21728755E+01  0.16284791E+01  0.99140254E+00
  0.50939684E+00  0.22845576E+00  0.90961476E-01  0.32850479E-01  0.10890132E-01
  0.33601216E-02  0.97285258E-03  0.26646376E-03  0.69295243E-04  0.17126073E-04
  0.40041713E-05  0.87837181E-06  0.17887483E-06  0.33496770E-07  0.57291710E-08
  0.88960254E-09  0.12364471E-09  0.12480072E-10 -0.13050876E-11 -0.38837183E-11
 -0.33557758E-11 -0.43370358E-11 -0.36378020E-11 -0.47423437E-11 -0.40276594E-11
 -0.52273645E-11 -0.44337027E-11 -0.56765485E-11  0.00000000E+00  0.00000000E+00
  0.00000000E+00  0.00000000E+00  0.00000000E+00  0.00000000E+00  0.00000000E+00
  0.00000000E+00  0.00000000E+00  0.00000000E+00  0.00000000E+00  0.00000000E+00
  0.00000000E+00  0.00000000E+00  0.00000000E+00  0.00000000E+00  0.00000000E+00
  0.00000000E+00  0.00000000E+00  0.00000000E+00  0.00000000E+00  0.00000000E+00
  0.00000000E+00  0.00000000E+00
  0.10000000E+01  0.22060815E+01  0.24374388E+01  0.19776756E+01  0.13218129E+01
  0.75724069E+00  0.38290838E+00  0.17360219E+00  0.71872779E-01  0.27461426E-01
  0.98045516E-02  0.32955035E-02  0.10513081E-02  0.31977648E-03  0.93081174E-04
  0.25915247E-04  0.68736209E-05  0.17215542E-05  0.40273014E-06  0.87046310E-07
  0.17241420E-07  0.31136926E-08  0.50900459E-09  0.73293063E-10  0.59041885E-11
 -0.26961699E-11 -0.48244532E-11 -0.43166043E-11 -0.54221682E-11 -0.47801118E-11
 -0.59903343E-11 -0.53315087E-11 -0.66853509E-11  0.00000000E+00  0.00000000E+00
  0.00000000E+00  0.00000000E+00  0.00000000E+00  0.00000000E+00  0.00000000E+00
  0.00000000E+00  0.00000000E+00  0.00000000E+00  0.00000000E+00  0.00000000E+00
  0.00000000E+00  0.00000000E+00  0.00000000E+00  0.00000000E+00  0.00000000E+00
  0.00000000E+00  0.00000000E+00  0.00000000E+00  0.00000000E+00  0.00000000E+00
  0.00000000E+00  0.00000000E+00
  0.10000000E+01  0.22959173E+01  0.26682296E+01  0.23126001E+01  0.16706624E+01
  0.10472139E+01  0.58483493E+00  0.29533077E+00  0.13700364E+00  0.58950703E-01
  0.23788919E-01  0.90649935E-02  0.32868572E-02  0.11393685E-02  0.37936073E-03
  0.12155428E-03  0.37483918E-04  0.11077334E-04  0.31124510E-05  0.82211668E-06
  0.20180335E-06  0.45593633E-07  0.94208961E-08  0.17736606E-08  0.30086282E-09
  0.43568267E-10  0.13786587E-11 -0.40434181E-11 -0.59606614E-11 -0.54908370E-11
 -0.68014162E-11 -0.63455954E-11 -0.79567013E-11  0.00000000E+00  0.00000000E+00
  0.00000000E+00  0.00000000E+00  0.00000000E+00  0.00000000E+00  0.00000000E+00
  0.00000000E+00  0.00000000E+00  0.00000000E+00  0.00000000E+00  0.00000000E+00
  0.00000000E+00  0.00000000E+00  0.00000000E+00  0.00000000E+00  0.00000000E+00
  0.00000000E+00  0.00000000E+00  0.00000000E+00  0.00000000E+00  0.00000000E+00
  0.00000000E+00  0.00000000E+00
  0.10000000E+01  0.23676009E+01  0.28678049E+01  0.26256990E+01  0.20245195E+01
  0.13681582E+01  0.83036269E+00  0.45902700E+00  0.23435615E+00  0.11149218E+00
  0.49911869E-01  0.21159721E-01  0.85547627E-02  0.33133923E-02  0.12353511E-02
  0.44460448E-03  0.15479473E-03  0.52103027E-04  0.16898583E-04  0.52409867E-05
  0.15379073E-05  0.42181709E-06  0.10700027E-06  0.24910813E-07  0.52983919E-08
  0.10263537E-08  0.17740943E-09  0.24466746E-10 -0.21277611E-11 -0.55382757E-11
 -0.75867984E-11 -0.75213552E-11 -0.95425787E-11  0.00000000E+00  0.00000000E+00
  0.00000000E+00  0.00000000E+00  0.00000000E+00  0.00000000E+00  0.00000000E+00
  0.00000000E+00  0.00000000E+00  0.00000000E+00  0.00000000E+00  0.00000000E+00
  0.00000000E+00  0.00000000E+00  0.00000000E+00  0.00000000E+00  0.00000000E+00
  0.00000000E+00  0.00000000E+00  0.00000000E+00  0.00000000E+00  0.00000000E+00
  0.00000000E+00  0.00000000E+00
  0.10000000E+01  0.24257651E+01  0.30399752E+01  0.29135311E+01  0.23730353E+01
  0.17086289E+01  0.11125793E+01  0.66404672E+00  0.36780498E+00  0.19062453E+00
  0.93257812E-01  0.43321290E-01  0.19231222E-01  0.81936366E-02  0.33659944E-02
  0.13373008E-02  0.51533788E-03  0.19285696E-03  0.70088933E-04  0.24661098E-04
  0.83487043E-05  0.26923383E-05  0.81734315E-06  0.23088124E-06  0.60138834E-07
  0.14361818E-07  0.31337506E-08  0.62239924E-09  0.10824637E-09  0.12714945E-10
 -0.55821082E-11 -0.85069981E-11 -0.11374206E-10  0.00000000E+00  0.00000000E+00
  0.00000000E+00  0.00000000E+00  0.00000000E+00  0.00000000E+00  0.00000000E+00
  0.00000000E+00  0.00000000E+00  0.00000000E+00  0.00000000E+00  0.00000000E+00
  0.00000000E+00  0.00000000E+00  0.00000000E+00  0.00000000E+00  0.00000000E+00
  0.00000000E+00  0.00000000E+00  0.00000000E+00  0.00000000E+00  0.00000000E+00
  0.00000000E+00  0.00000000E+00
  0.10000000E+01  0.24736825E+01  0.31886924E+01  0.31753729E+01  0.27090224E+01
  0.20583224E+01  0.14230705E+01  0.90685246E+00  0.53861978E+00  0.30047963E+00
  0.15868960E+00  0.79776918E-01  0.38400351E-01  0.17770279E-01  0.79401971E-02
  0.34359518E-02  0.14443338E-02  0.59089304E-03  0.23560898E-03  0.91533603E-04
  0.34572060E-04  0.12625339E-04  0.44192444E-05  0.14657358E-05  0.45520824E-06
  0.13102263E-06  0.34702636E-07  0.84245212E-08  0.18687823E-08  0.37574311E-09
  0.62295289E-10  0.19549140E-11 -0.11399617E-10  0.00000000E+00  0.00000000E+00
  0.00000000E+00  0.00000000E+00  0.00000000E+00  0.00000000E+00  0.00000000E+00
  0.00000000E+00  0.00000000E+00  0.00000000E+00  0.00000000E+00  0.00000000E+00
  0.00000000E+00  0.00000000E+00  0.00000000E+00  0.00000000E+00  0.00000000E+00
  0.00000000E+00  0.00000000E+00  0.00000000E+00  0.00000000E+00  0.00000000E+00
  0.00000000E+00  0.00000000E+00
  0.10000000E+01  0.25136926E+01  0.33175765E+01  0.34121121E+01  0.30279989E+01
  0.24087675E+01  0.17531941E+01  0.11819647E+01  0.74563857E+00  0.44334004E+00
  0.25021503E+00  0.13474027E+00  0.69598864E-01  0.34617883E-01  0.16647088E-01
  0.77619796E-02  0.35196308E-02  0.15552792E-02  0.67103288E-03  0.28293815E-03
  0.11659511E-03  0.46868140E-04  0.18298221E-04  0.68856136E-05  0.24714206E-05
  0.83607758E-06  0.26367121E-06  0.76857890E-07  0.20596604E-07  0.50604237E-08
  0.11337034E-08  0.22564779E-09  0.30548496E-10  0.00000000E+00  0.00000000E+00
  0.00000000E+00  0.00000000E+00  0.00000000E+00  0.00000000E+00  0.00000000E+00
  0.00000000E+00  0.00000000E+00  0.00000000E+00  0.00000000E+00  0.00000000E+00
  0.00000000E+00  0.00000000E+00  0.00000000E+00  0.00000000E+00  0.00000000E+00
  0.00000000E+00  0.00000000E+00  0.00000000E+00  0.00000000E+00  0.00000000E+00
  0.00000000E+00  0.00000000E+00
  0.10000000E+01  0.25474975E+01  0.34297629E+01  0.36254829E+01  0.33275650E+01
  0.27534838E+01  0.20949387E+01  0.14829163E+01  0.98577379E+00  0.61957204E+00
  0.37056274E+00  0.21192562E+00  0.11645925E+00  0.61717999E-01  0.31660459E-01
  0.15764982E-01  0.76413971E-02  0.36129148E-02  0.16696940E-02  0.75524564E-03
  0.33469172E-03  0.14530114E-03  0.61713955E-04  0.25551284E-04  0.10246952E-04
  0.39430500E-05  0.14394773E-05  0.49286042E-06  0.15675668E-06  0.46004167E-07
  0.12408187E-07  0.30674487E-08  0.68749422E-09  0.00000000E+00  0.00000000E+00
  0.00000000E+00  0.00000000E+00  0.00000000E+00  0.00000000E+00  0.00000000E+00
  0.00000000E+00  0.00000000E+00  0.00000000E+00  0.00000000E+00  0.00000000E+00
  0.00000000E+00  0.00000000E+00  0.00000000E+00  0.00000000E+00  0.00000000E+00
  0.00000000E+00  0.00000000E+00  0.00000000E+00  0.00000000E+00  0.00000000E+00
  0.00000000E+00  0.00000000E+00
  0.10000000E+01  0.26417338E+01  0.37580757E+01  0.42874844E+01  0.43263275E+01
  0.40036066E+01  0.34588006E+01  0.28186052E+01  0.21824248E+01  0.16142326E+01
  0.11458646E+01  0.78353846E+00  0.51793710E+00  0.33191632E+00  0.20678855E+00
  0.12553201E+00  0.74418260E-01  0.43160396E-01  0.24532595E-01  0.13686034E-01
  0.75040456E-02  0.40483644E-02  0.21511904E-02  0.11267086E-02  0.58198022E-03
  0.29648085E-03  0.14889007E-03  0.73599628E-04  0.35709597E-04  0.16922885E-04
  0.77769308E-05  0.34331866E-05  0.14406771E-05  0.56888149E-06  0.00000000E+00
  0.00000000E+00  0.00000000E+00  0.00000000E+00  0.00000000E+00  0.00000000E+00
  0.00000000E+00  0.00000000E+00  0.00000000E+00  0.00000000E+00  0.00000000E+00
  0.00000000E+00  0.00000000E+00  0.00000000E+00  0.00000000E+00  0.00000000E+00
  0.00000000E+00  0.00000000E+00  0.00000000E+00  0.00000000E+00  0.00000000E+00
  0.00000000E+00  0.00000000E+00
  0.10000000E+01  0.26980926E+01  0.39652682E+01  0.47323669E+01  0.50518383E+01
  0.49990615E+01  0.46648001E+01  0.41445292E+01  0.35282191E+01  0.28908730E+01
  0.22881045E+01  0.17546067E+01  0.13070734E+01  0.94802607E+00  0.67091651E+00
  0.46412857E+00  0.31440524E+00  0.20886851E+00  0.13627415E+00  0.87427159E-01
  0.55218768E-01  0.34369673E-01  0.21102549E-01  0.12791629E-01  0.76610557E-02
  0.45363571E-02  0.26572761E-02  0.15405233E-02  0.88417502E-03  0.50243955E-03
  0.28263186E-03  0.15727904E-03  0.86473427E-04  0.46870090E-04  0.24956215E-04
  0.12985172E-04  0.65552736E-05  0.31827097E-05  0.14721717E-05  0.64298419E-06
  0.00000000E+00  0.00000000E+00  0.00000000E+00  0.00000000E+00  0.00000000E+00
  0.00000000E+00  0.00000000E+00  0.00000000E+00  0.00000000E+00  0.00000000E+00
  0.00000000E+00  0.00000000E+00  0.00000000E+00  0.00000000E+00  0.00000000E+00
  0.00000000E+00  0.00000000E+00
  0.10000000E+01  0.27348978E+01  0.41050840E+01  0.50435532E+01  0.55823325E+01
  0.57671725E+01  0.56562528E+01  0.53160865E+01  0.48162531E+01  0.42231571E+01
  0.35951257E+01  0.29785593E+01  0.24067880E+01  0.19002089E+01  0.14683414E+01
  0.11121329E+01  0.82679106E+00  0.60405896E+00  0.43422646E+00  0.30743736E+00
  0.21459984E+00  0.14781352E+00  0.10054782E+00  0.67596699E-01  0.44944572E-01
  0.29573185E-01  0.19268284E-01  0.12437613E-01  0.79577241E-02  0.50486840E-02
  0.31773387E-02  0.19841234E-02  0.12296546E-02  0.75638543E-03  0.46176331E-03
  0.27969525E-03  0.16798886E-03  0.99943414E-04  0.58801714E-04  0.34127095E-04
  0.19466629E-04  0.10857733E-04  0.58821844E-05  0.30706501E-05  0.15315730E-05
  0.72413162E-06  0.00000000E+00  0.00000000E+00  0.00000000E+00  0.00000000E+00
  0.00000000E+00  0.00000000E+00  0.00000000E+00  0.00000000E+00  0.00000000E+00
  0.00000000E+00  0.00000000E+00
  0.10000000E+01  0.27604977E+01  0.42045798E+01  0.52701413E+01  0.59793068E+01
  0.63613513E+01  0.64543060E+01  0.63037846E+01  0.59606361E+01  0.54775445E+01
  0.49056029E+01  0.42908949E+01  0.36722358E+01  0.30796465E+01  0.25342696E+01
  0.20488622E+01  0.16291884E+01  0.12754687E+01  0.98406783E+00  0.74888197E+00
  0.56258961E+00  0.41752484E+00  0.30633084E+00  0.22232719E+00  0.15971592E+00
  0.11362969E+00  0.80101865E-01  0.55975218E-01  0.38790941E-01  0.26668619E-01
  0.18194508E-01  0.12321222E-01  0.82835106E-02  0.55290735E-02  0.36639196E-02
  0.24099121E-02  0.15726460E-02  0.10174653E-02  0.65189867E-03  0.41294698E-03
  0.25800996E-03  0.15847727E-03  0.95260321E-04  0.55702385E-04  0.31453103E-04
  0.17010853E-04  0.87403512E-05  0.42361932E-05  0.19262286E-05  0.81892088E-06
  0.00000000E+00  0.00000000E+00  0.00000000E+00  0.00000000E+00  0.00000000E+00
  0.00000000E+00  0.00000000E+00
  0.10000000E+01  0.27791672E+01  0.42784028E+01  0.54409775E+01  0.62840678E+01
  0.68274558E+01  0.70967838E+01  0.71236509E+01  0.69446942E+01  0.65999178E+01
  0.61306759E+01  0.55773159E+01  0.49771410E+01  0.43626055E+01  0.37603217E+01
  0.31905030E+01  0.26671926E+01  0.21987600E+01  0.17888494E+01  0.14373297E+01
  0.11413585E+01  0.89627513E+00  0.69641670E+00  0.53571903E+00  0.40818909E+00
  0.30820252E+00  0.23069555E+00  0.17124787E+00  0.12610408E+00  0.92142330E-01
  0.66818481E-01  0.48093526E-01  0.34358473E-01  0.24360655E-01  0.17137081E-01
  0.11955713E-01  0.82659482E-02  0.56575846E-02  0.38277579E-02  0.25547054E-02
  0.16772871E-02  0.10792080E-02  0.67709795E-03  0.41157392E-03  0.24051841E-03
  0.13400715E-03  0.70614796E-04  0.34953840E-04  0.16171801E-04  0.69723382E-05
  0.27979295E-05  0.10452997E-05  0.36388489E-06  0.00000000E+00  0.00000000E+00
  0.00000000E+00  0.00000000E+00
  0.10000000E+01  0.27932858E+01  0.43349993E+01  0.55735210E+01  0.65235463E+01
  0.71991514E+01  0.76182040E+01  0.78030462E+01  0.77802185E+01  0.75797000E+01
  0.72338333E+01  0.67758842E+01  0.62385676E+01  0.56525393E+01  0.50452481E+01
  0.44400065E+01  0.38555891E+01  0.33060805E+01  0.28011640E+01  0.23465403E+01
  0.19445855E+01  0.15949959E+01  0.12954912E+01  0.10424151E+01  0.83128816E+00
  0.65723381E+00  0.51532402E+00  0.40081538E+00  0.30931447E+00  0.23686823E+00
  0.18000767E+00  0.13574970E+00  0.10157552E+00  0.75391009E-01  0.55479800E-01
  0.40452461E-01  0.29197251E-01  0.20833682E-01  0.14671069E-01  0.10172402E-01
  0.69234219E-02  0.46067056E-02  0.29807064E-02  0.18628676E-02  0.11156737E-02
  0.63493082E-03  0.34064679E-03  0.17117081E-03  0.80184768E-04  0.34925821E-04
  0.14132497E-04  0.53152814E-05  0.18603465E-05  0.60596255E-06  0.00000000E+00
  0.00000000E+00  0.00000000E+00
  0.10000000E+01  0.28042591E+01  0.43794801E+01  0.56786629E+01  0.67153109E+01
  0.74999295E+01  0.80453617E+01  0.83677873E+01  0.84867153E+01  0.84246691E+01
  0.82066583E+01  0.78593622E+01  0.74101745E+01  0.68861132E+01  0.63128372E+01
  0.57137242E+01  0.51092446E+01  0.45164969E+01  0.39490771E+01  0.34170926E+01
  0.29274303E+01  0.24840908E+01  0.20886550E+01  0.17407367E+01  0.14384648E+01
  0.11789020E+01  0.95843279E+00  0.77307242E+00  0.61872418E+00  0.49136575E+00
  0.38718718E+00  0.30267691E+00  0.23467276E+00  0.18038081E+00  0.13737393E+00
  0.10357363E+00  0.77223432E-01  0.56855682E-01  0.41256793E-01  0.29432992E-01
  0.20577115E-01  0.14037867E-01  0.92935556E-02  0.59294308E-02  0.36164711E-02
  0.20908250E-02  0.11368486E-02  0.57767991E-03  0.27313658E-03  0.11988441E-03
  0.48817758E-04  0.18456361E-04  0.64881260E-05  0.21227890E-05  0.64323166E-06
  0.00000000E+00  0.00000000E+00
  0.10000000E+01  0.28129550E+01  0.44150542E+01  0.57633787E+01  0.68709371E+01
  0.77459189E+01  0.83978199E+01  0.88386471E+01  0.90830153E+01  0.91480337E+01
  0.90530705E+01  0.88193198E+01  0.84692235E+01  0.80257447E+01  0.75116285E+01
  0.69486384E+01  0.63569303E+01  0.57545029E+01  0.51568671E+01  0.45768240E+01
  0.40244570E+01  0.35072073E+01  0.30301021E+01  0.25960164E+01  0.22060122E+01
  0.18596647E+01  0.15554045E+01  0.12908187E+01  0.10629309E+01  0.86843092E+00
  0.70386919E+00  0.56580465E+00  0.45091826E+00  0.35609024E+00  0.27845126E+00
  0.21540845E+00  0.16465591E+00  0.12416940E+00  0.92192860E-01  0.67219642E-01
  0.47968213E-01  0.33355473E-01  0.22473371E-01  0.14567150E-01  0.90099632E-02
  0.52724776E-02  0.28964663E-02  0.14845639E-02  0.70697702E-03  0.31215289E-03
  0.12773753E-03  0.48491051E-04  0.17105682E-04  0.56154526E-05  0.17109278E-05
  0.47148689E-06  0.00000000E+00
  0.10000000E+01  0.28199328E+01  0.44438170E+01  0.58322889E+01  0.69982430E+01
  0.79483219E+01  0.86897280E+01  0.92315870E+01  0.95850794E+01  0.97634083E+01
  0.97817125E+01  0.96568529E+01  0.94070825E+01  0.90515873E+01  0.86099708E+01
  0.81016760E+01  0.75454548E+01  0.69588532E+01  0.63578236E+01  0.57564026E+01
  0.51665436E+01  0.45980236E+01  0.40584846E+01  0.35535296E+01  0.30869079E+01
  0.26607230E+01  0.22756822E+01  0.19313401E+01  0.16263470E+01  0.13586729E+01
  0.11258139E+01  0.92496745E+00  0.75318137E+00  0.60747223E+00  0.48491889E+00
  0.38272886E+00  0.29828784E+00  0.22918695E+00  0.17323754E+00  0.12847756E+00
  0.93164496E-01  0.65760538E-01  0.44921130E-01  0.29482724E-01  0.18437721E-01
  0.10893140E-01  0.60331320E-02  0.31134548E-02  0.14911535E-02  0.66151255E-03
  0.27176609E-03  0.10350501E-03  0.36614111E-04  0.12051072E-04  0.36854202E-05
  0.10272930E-05  0.22995369E-06
 ! ------------------------------------------------------
ICE_CLOUD_BAUM
 !
        1          ! File format version
        0          ! Contents ID
        4          ! Number of channels for which optical parameters are stored
        0          ! Number of channels for which phase functions are stored
      128          ! Maximum number of Legendre coefficients
        1          ! Number of ice cloud types
        1          ! Relative humidity values (%)
   0.00
   0.00000000E+00  ! Conversion factor to particle density [part.cm^-3]/[g.m^-3]
       23          ! Effective diameters (microns)
  0.100000E+02  0.150000E+02  0.200000E+02  0.250000E+02  0.300000E+02  0.350000E+02
  0.400000E+02  0.450000E+02  0.500000E+02  0.550000E+02  0.600000E+02  0.650000E+02
  0.700000E+02  0.750000E+02  0.800000E+02  0.850000E+02  0.900000E+02  0.950000E+02
  0.100000E+03  0.105000E+03  0.110000E+03  0.115000E+03  0.120000E+03
 ! ------------------------------------------------------
 ! OPTICAL PROPERTY DATA
  0.42074673E+02  0.37137520E+02  0.33175255E+02  0.29405165E+02  0.26696042E+02
  0.24811899E+02  0.22708313E+02  0.21162535E+02  0.19815220E+02  0.18589681E+02
  0.17533645E+02  0.16552668E+02  0.15701403E+02  0.14856688E+02  0.14145811E+02
  0.13375037E+02  0.12849988E+02  0.12261851E+02  0.11797849E+02  0.11204940E+02
  0.10856664E+02  0.10426263E+02  0.98958296E+01  0.95647646E+02  0.76060954E+02
  0.62007898E+02  0.50636462E+02  0.43198764E+02  0.38582330E+02  0.33542119E+02
  0.30119079E+02  0.27314649E+02  0.24976369E+02  0.22996099E+02  0.21338412E+02
  0.19895696E+02  0.18599715E+02  0.17488582E+02  0.16365696E+02  0.15600357E+02
  0.14788888E+02  0.14105107E+02  0.13322428E+02  0.12883067E+02  0.12274933E+02
  0.11682523E+02  0.97232916E+02  0.76361234E+02  0.62243320E+02  0.50890618E+02
  0.43441903E+02  0.38825880E+02  0.33756941E+02  0.30300423E+02  0.27469844E+02
  0.25098302E+02  0.23093708E+02  0.21412460E+02  0.19950877E+02  0.18651177E+02
  0.17526105E+02  0.16401879E+02  0.15633071E+02  0.14823408E+02  0.14134862E+02
  0.13354456E+02  0.12914085E+02  0.12304226E+02  0.11729111E+02  0.15509985E+03
  0.10932745E+03  0.83140295E+02  0.64846954E+02  0.53281873E+02  0.46469647E+02
  0.39032219E+02  0.34161903E+02  0.30276499E+02  0.27173455E+02  0.24600407E+02
  0.22603548E+02  0.20864639E+02  0.19411351E+02  0.18135553E+02  0.16907713E+02
  0.16061323E+02  0.15193429E+02  0.14422228E+02  0.13612635E+02  0.13177366E+02
  0.12500193E+02  0.11949339E+02
  0.31131365E+03  0.19765848E+03  0.14072167E+03  0.10599145E+03  0.84501192E+02
  0.72345887E+02  0.59159965E+02  0.50776050E+02  0.44213582E+02  0.39129276E+02
  0.34935464E+02  0.31766595E+02  0.28997984E+02  0.26762821E+02  0.24773759E+02
  0.22934593E+02  0.21659676E+02  0.20387874E+02  0.19211906E+02  0.18084845E+02
  0.17493151E+02  0.16483553E+02  0.15824079E+02  0.20558520E+03  0.14338358E+03
  0.10728116E+03  0.82052586E+02  0.65890287E+02  0.56441103E+02  0.46244596E+02
  0.39815375E+02  0.34911994E+02  0.31240275E+02  0.28240543E+02  0.25968231E+02
  0.23955398E+02  0.22295832E+02  0.20816965E+02  0.19409851E+02  0.18435191E+02
  0.17441113E+02  0.16544892E+02  0.15633119E+02  0.15135838E+02  0.14355066E+02
  0.13747477E+02  0.40475242E+02  0.41978779E+02  0.39794724E+02  0.35879082E+02
  0.32848541E+02  0.30654933E+02  0.28239162E+02  0.26440256E+02  0.24860496E+02
  0.23373799E+02  0.22051207E+02  0.20724387E+02  0.19564919E+02  0.18391636E+02
  0.17419692E+02  0.16370935E+02  0.15666759E+02  0.14893439E+02  0.14281985E+02
  0.13499409E+02  0.13043812E+02  0.12486654E+02  0.11847905E+02  0.12259425E+03
  0.94627248E+02  0.75635578E+02  0.61150101E+02  0.51775771E+02  0.45998582E+02
  0.39670542E+02  0.35391155E+02  0.31920795E+02  0.29055955E+02  0.26661120E+02
  0.24700097E+02  0.22989007E+02  0.21482295E+02  0.20180210E+02  0.18881992E+02
  0.17994441E+02  0.17056278E+02  0.16259595E+02  0.15359189E+02  0.14864457E+02
  0.14151630E+02  0.13482485E+02
  0.15124066E+00  0.13695962E+00  0.12374138E+00  0.11224060E+00  0.10201853E+00
  0.95193203E-01  0.84841167E-01  0.76865512E-01  0.69585588E-01  0.63757401E-01
  0.58304262E-01  0.55198110E-01  0.51818682E-01  0.50142226E-01  0.47859316E-01
  0.46554469E-01  0.45279350E-01  0.44557312E-01  0.42762305E-01  0.42811337E-01
  0.43310409E-01  0.41834376E-01  0.44328596E-01  0.11980112E+00  0.10308658E+00
  0.90389435E-01  0.80321960E-01  0.71689639E-01  0.65910432E-01  0.57096101E-01
  0.50272446E-01  0.44139761E-01  0.39471534E-01  0.35303303E-01  0.33213592E-01
  0.30954906E-01  0.29997884E-01  0.28570650E-01  0.27858527E-01  0.27088190E-01
  0.26713770E-01  0.25588952E-01  0.25744508E-01  0.26076282E-01  0.25211191E-01
  0.26786430E-01  0.12543337E+00  0.97888521E-01  0.83838333E-01  0.73992303E-01
  0.66551600E-01  0.60997770E-01  0.53643567E-01  0.47739630E-01  0.42396865E-01
  0.37898612E-01  0.34048198E-01  0.31593576E-01  0.29268130E-01  0.27821809E-01
  0.26258050E-01  0.25104889E-01  0.24181824E-01  0.23473842E-01  0.22390033E-01
  0.21938084E-01  0.21879104E-01  0.20990273E-01  0.21599933E-01  0.17063032E+00
  0.13839790E+00  0.12077378E+00  0.10916406E+00  0.99372947E-01  0.92813017E-01
  0.83385300E-01  0.76139185E-01  0.69577084E-01  0.64315024E-01  0.59645503E-01
  0.57004111E-01  0.54336932E-01  0.52929390E-01  0.51156003E-01  0.50020003E-01
  0.48972942E-01  0.48257388E-01  0.46895687E-01  0.46631980E-01  0.46759001E-01
  0.45592135E-01  0.46792718E-01
   128
  0.10000000E+01  0.23801469E+01  0.33590870E+01  0.39695861E+01  0.44262300E+01
  0.47482665E+01  0.49842202E+01  0.51297598E+01  0.51919626E+01  0.51839528E+01
  0.51071407E+01  0.49801227E+01  0.48095898E+01  0.46068741E+01  0.43773020E+01
  0.41276388E+01  0.38698763E+01  0.35999463E+01  0.33276883E+01  0.30498816E+01
  0.27894080E+01  0.25321553E+01  0.22980166E+01  0.20791536E+01  0.18754024E+01
  0.16859302E+01  0.15109259E+01  0.13494129E+01  0.12003418E+01  0.10631551E+01
  0.93911175E+00  0.82763827E+00  0.72807963E+00  0.63986679E+00  0.56243698E+00
  0.49431067E+00  0.43409742E+00  0.38017567E+00  0.33307732E+00  0.29067463E+00
  0.25294712E+00  0.21963434E+00  0.18948138E+00  0.16274051E+00  0.13950819E+00
  0.11906529E+00  0.10158387E+00  0.86400143E-01  0.73350675E-01  0.62212099E-01
  0.52589641E-01  0.44538561E-01  0.37987343E-01  0.32621999E-01  0.28283834E-01
  0.24763852E-01  0.21744023E-01  0.19300678E-01  0.17111540E-01  0.15086687E-01
  0.13368969E-01  0.11698500E-01  0.10119436E-01  0.87806474E-02  0.74348517E-02
  0.61924814E-02  0.50785649E-02  0.39351623E-02  0.29647274E-02  0.20816500E-02
  0.11779606E-02  0.50910480E-03 -0.45972393E-05  0.00000000E+00  0.00000000E+00
  0.00000000E+00  0.00000000E+00  0.00000000E+00  0.00000000E+00  0.00000000E+00
  0.00000000E+00  0.00000000E+00  0.00000000E+00  0.00000000E+00  0.00000000E+00
  0.00000000E+00  0.00000000E+00  0.00000000E+00  0.00000000E+00  0.00000000E+00
  0.00000000E+00  0.00000000E+00  0.00000000E+00  0.00000000E+00  0.00000000E+00
  0.00000000E+00  0.00000000E+00  0.00000000E+00  0.00000000E+00  0.00000000E+00
  0.00000000E+00  0.00000000E+00  0.00000000E+00  0.00000000E+00  0.00000000E+00
  0.00000000E+00  0.00000000E+00  0.00000000E+00  0.00000000E+00  0.00000000E+00
  0.00000000E+00  0.00000000E+00  0.00000000E+00  0.00000000E+00  0.00000000E+00
  0.00000000E+00  0.00000000E+00  0.00000000E+00  0.00000000E+00  0.00000000E+00
  0.00000000E+00  0.00000000E+00  0.00000000E+00  0.00000000E+00  0.00000000E+00
  0.00000000E+00  0.00000000E+00  0.00000000E+00  0.00000000E+00
  0.10000000E+01  0.24299246E+01  0.35279209E+01  0.43264653E+01  0.49859335E+01
  0.55380439E+01  0.60268269E+01  0.64494621E+01  0.68007946E+01  0.70787616E+01
  0.72837186E+01  0.74202123E+01  0.74966324E+01  0.75161266E+01  0.74862184E+01
  0.74088266E+01  0.72935128E+01  0.71390786E+01  0.69531152E+01  0.67356474E+01
  0.65010284E+01  0.62450003E+01  0.59809757E+01  0.57078418E+01  0.54294897E+01
  0.51479802E+01  0.48669316E+01  0.45881338E+01  0.43141169E+01  0.40461436E+01
  0.37871386E+01  0.35377266E+01  0.32994223E+01  0.30719946E+01  0.28565580E+01
  0.26520529E+01  0.24584825E+01  0.22749016E+01  0.21025676E+01  0.19402368E+01
  0.17883494E+01  0.16460322E+01  0.15124984E+01  0.13873257E+01  0.12710781E+01
  0.11629128E+01  0.10632083E+01  0.97099920E+00  0.88579085E+00  0.80705241E+00
  0.73437305E+00  0.66767763E+00  0.60672986E+00  0.55109101E+00  0.50023844E+00
  0.45366053E+00  0.41100353E+00  0.37197500E+00  0.33625151E+00  0.30364542E+00
  0.27387466E+00  0.24673310E+00  0.22202481E+00  0.19938825E+00  0.17868296E+00
  0.15970798E+00  0.14244218E+00  0.12662836E+00  0.11223652E+00  0.99258310E-01
  0.87660219E-01  0.77199480E-01  0.67898329E-01  0.59655569E-01  0.52329742E-01
  0.45847597E-01  0.40044912E-01  0.34898116E-01  0.30331314E-01  0.26208152E-01
  0.22541632E-01  0.19424424E-01  0.16709474E-01  0.14439910E-01  0.12373806E-01
  0.10596431E-01  0.90183420E-02  0.75663666E-02  0.63556807E-02  0.52069107E-02
  0.42478812E-02  0.34478537E-02  0.27979503E-02  0.23708190E-02  0.20865896E-02
  0.18828300E-02  0.17196846E-02  0.15405842E-02  0.14401098E-02  0.13119405E-02
  0.10776897E-02  0.99695817E-03  0.96668624E-03  0.88956949E-03  0.87655771E-03
  0.10229730E-02  0.11364855E-02  0.11589885E-02  0.11657695E-02  0.10934699E-02
  0.10013163E-02  0.89254036E-03  0.67551540E-03  0.49968902E-03  0.44203204E-03
  0.42749257E-03  0.38886755E-03  0.43312028E-03  0.49204860E-03  0.47834562E-03
  0.44694921E-03  0.42741896E-03  0.44760134E-03  0.34037243E-03  0.32339780E-03
  0.31046043E-03  0.28028852E-03  0.32190558E-03  0.27139073E-03
  0.10000000E+01  0.24846137E+01  0.36789565E+01  0.46149404E+01  0.54161901E+01
  0.61183992E+01  0.67683705E+01  0.73706448E+01  0.79164870E+01  0.83988562E+01
  0.88153915E+01  0.91651405E+01  0.94545109E+01  0.96836106E+01  0.98593729E+01
  0.99814834E+01  0.10057021E+02  0.10084581E+02  0.10069286E+02  0.10011275E+02
  0.99190038E+01  0.97914360E+01  0.96369468E+01  0.94564691E+01  0.92540349E+01
  0.90322183E+01  0.87952129E+01  0.85456433E+01  0.82869180E+01  0.80211624E+01
  0.77517337E+01  0.74801892E+01  0.72088121E+01  0.69383390E+01  0.66706771E+01
  0.64058473E+01  0.61449814E+01  0.58881866E+01  0.56371509E+01  0.53916973E+01
  0.51532063E+01  0.49209015E+01  0.46950651E+01  0.44754639E+01  0.42631777E+01
  0.40580197E+01  0.38606521E+01  0.36706109E+01  0.34877718E+01  0.33118749E+01
  0.31429127E+01  0.29811749E+01  0.28267309E+01  0.26792145E+01  0.25384498E+01
  0.24039492E+01  0.22755722E+01  0.21531880E+01  0.20365403E+01  0.19253931E+01
  0.18196479E+01  0.17191491E+01  0.16235084E+01  0.15325482E+01  0.14460431E+01
  0.13638614E+01  0.12858862E+01  0.12117622E+01  0.11415329E+01  0.10749798E+01
  0.10121004E+01  0.95260045E+00  0.89625672E+00  0.84314784E+00  0.79292163E+00
  0.74547912E+00  0.70064842E+00  0.65829475E+00  0.61833256E+00  0.58065386E+00
  0.54504596E+00  0.51143716E+00  0.47983438E+00  0.45005385E+00  0.42202999E+00
  0.39562991E+00  0.37077346E+00  0.34736290E+00  0.32534466E+00  0.30461156E+00
  0.28512849E+00  0.26682887E+00  0.24965415E+00  0.23352876E+00  0.21837883E+00
  0.20431629E+00  0.19102880E+00  0.17849510E+00  0.16667341E+00  0.15561925E+00
  0.14513576E+00  0.13531337E+00  0.12614270E+00  0.11757118E+00  0.10961164E+00
  0.10213767E+00  0.95208350E-01  0.88743249E-01  0.82535996E-01  0.76669314E-01
  0.71241878E-01  0.66128244E-01  0.61202525E-01  0.56637797E-01  0.52616506E-01
  0.48788745E-01  0.45278824E-01  0.42109670E-01  0.39167667E-01  0.36352569E-01
  0.33662333E-01  0.31133395E-01  0.28779636E-01  0.26624195E-01  0.24647774E-01
  0.22907898E-01  0.21305735E-01  0.19835355E-01  0.18470880E-01
  0.10000000E+01  0.25346854E+01  0.38054164E+01  0.48453165E+01  0.57551054E+01
  0.65692208E+01  0.73361189E+01  0.80668956E+01  0.87534403E+01  0.93882281E+01
  0.99667684E+01  0.10486797E+02  0.10951632E+02  0.11361356E+02  0.11720781E+02
  0.12029923E+02  0.12293855E+02  0.12511497E+02  0.12686282E+02  0.12818270E+02
  0.12913120E+02  0.12970027E+02  0.12994757E+02  0.12987856E+02  0.12952221E+02
  0.12889786E+02  0.12803631E+02  0.12695780E+02  0.12568935E+02  0.12424930E+02
  0.12266442E+02  0.12094908E+02  0.11912321E+02  0.11719661E+02  0.11518738E+02
  0.11310036E+02  0.11094782E+02  0.10873482E+02  0.10647915E+02  0.10418466E+02
  0.10186429E+02  0.99518934E+01  0.97156021E+01  0.94777514E+01  0.92396549E+01
  0.90016690E+01  0.87647049E+01  0.85288634E+01  0.82945216E+01  0.80619064E+01
  0.78314317E+01  0.76036064E+01  0.73789351E+01  0.71576691E+01  0.69398683E+01
  0.67255830E+01  0.65149893E+01  0.63083303E+01  0.61056983E+01  0.59071746E+01
  0.57129332E+01  0.55229803E+01  0.53373706E+01  0.51561821E+01  0.49794118E+01
  0.48069821E+01  0.46389087E+01  0.44752544E+01  0.43159154E+01  0.41608578E+01
  0.40100978E+01  0.38635781E+01  0.37212176E+01  0.35829533E+01  0.34487267E+01
  0.33184873E+01  0.31921606E+01  0.30695910E+01  0.29507064E+01  0.28354979E+01
  0.27238544E+01  0.26156842E+01  0.25110144E+01  0.24097739E+01  0.23117908E+01
  0.22170565E+01  0.21255753E+01  0.20372074E+01  0.19518562E+01  0.18694840E+01
  0.17899841E+01  0.17132712E+01  0.16393614E+01  0.15681660E+01  0.14995736E+01
  0.14335923E+01  0.13701736E+01  0.13092325E+01  0.12506745E+01  0.11944308E+01
  0.11404217E+01  0.10885764E+01  0.10388193E+01  0.99102180E+00  0.94514839E+00
  0.90121968E+00  0.85914863E+00  0.81880536E+00  0.78014469E+00  0.74314124E+00
  0.70778284E+00  0.67397932E+00  0.64160370E+00  0.61064035E+00  0.58106781E+00
  0.55278022E+00  0.52572568E+00  0.49991101E+00  0.47522354E+00  0.45160969E+00
  0.42905760E+00  0.40751708E+00  0.38695034E+00  0.36735012E+00  0.34867367E+00
  0.33083393E+00  0.31382100E+00  0.29758093E+00  0.28202073E+00
  0.10000000E+01  0.25785665E+01  0.39169033E+01  0.50491460E+01  0.60571833E+01
  0.69744871E+01  0.78494134E+01  0.86975747E+01  0.95112233E+01  0.10282266E+02
  0.11004880E+02  0.11675438E+02  0.12295198E+02  0.12863813E+02  0.13384612E+02
  0.13857705E+02  0.14286678E+02  0.14670876E+02  0.15012596E+02  0.15311963E+02
  0.15572554E+02  0.15794096E+02  0.15980349E+02  0.16131918E+02  0.16250977E+02
  0.16339048E+02  0.16398477E+02  0.16430913E+02  0.16438513E+02  0.16422809E+02
  0.16385936E+02  0.16329182E+02  0.16254267E+02  0.16162201E+02  0.16054569E+02
  0.15932077E+02  0.15795992E+02  0.15646999E+02  0.15486648E+02  0.15315615E+02
  0.15135124E+02  0.14945444E+02  0.14747495E+02  0.14541816E+02  0.14329652E+02
  0.14111541E+02  0.13888537E+02  0.13661083E+02  0.13429712E+02  0.13194885E+02
  0.12957277E+02  0.12717574E+02  0.12476396E+02  0.12234170E+02  0.11991236E+02
  0.11747975E+02  0.11504825E+02  0.11262146E+02  0.11020260E+02  0.10779524E+02
  0.10540299E+02  0.10302810E+02  0.10067270E+02  0.98339092E+01  0.96028987E+01
  0.93743728E+01  0.91485194E+01  0.89254803E+01  0.87053640E+01  0.84883181E+01
  0.82745375E+01  0.80640894E+01  0.78569079E+01  0.76530502E+01  0.74526352E+01
  0.72556507E+01  0.70620451E+01  0.68718487E+01  0.66851158E+01  0.65018259E+01
  0.63219449E+01  0.61455353E+01  0.59726052E+01  0.58031061E+01  0.56370235E+01
  0.54743974E+01  0.53152435E+01  0.51595376E+01  0.50072125E+01  0.48582568E+01
  0.47126802E+01  0.45704504E+01  0.44314506E+01  0.42956080E+01  0.41629921E+01
  0.40336436E+01  0.39074540E+01  0.37844056E+01  0.36645363E+01  0.35478196E+01
  0.34342171E+01  0.33236121E+01  0.32159768E+01  0.31112519E+01  0.30093775E+01
  0.29102896E+01  0.28139593E+01  0.27203903E+01  0.26295628E+01  0.25414475E+01
  0.24559713E+01  0.23731181E+01  0.22928613E+01  0.22150899E+01  0.21396819E+01
  0.20666134E+01  0.19958774E+01  0.19273800E+01  0.18610022E+01  0.17967545E+01
  0.17346739E+01  0.16746550E+01  0.16165650E+01  0.15603904E+01  0.15061240E+01
  0.14536207E+01  0.14027128E+01  0.13533887E+01  0.13056756E+01
  0.10000000E+01  0.26079652E+01  0.39898056E+01  0.51800844E+01  0.62511898E+01
  0.72352010E+01  0.81794008E+01  0.91015953E+01  0.99948030E+01  0.10851341E+02
  0.11664881E+02  0.12431516E+02  0.13151462E+02  0.13824312E+02  0.14452526E+02
  0.15036327E+02  0.15578624E+02  0.16079028E+02  0.16539361E+02  0.16959704E+02
  0.17342807E+02  0.17688445E+02  0.17999522E+02  0.18276468E+02  0.18520958E+02
  0.18734224E+02  0.18918051E+02  0.19073762E+02  0.19203089E+02  0.19307334E+02
  0.19388218E+02  0.19446784E+02  0.19484410E+02  0.19502015E+02  0.19500944E+02
  0.19481829E+02  0.19445760E+02  0.19393420E+02  0.19326094E+02  0.19244380E+02
  0.19149409E+02  0.19041592E+02  0.18921739E+02  0.18790347E+02  0.18648547E+02
  0.18496944E+02  0.18336459E+02  0.18167538E+02  0.17990791E+02  0.17806780E+02
  0.17616164E+02  0.17419577E+02  0.17217680E+02  0.17011029E+02  0.16800074E+02
  0.16585191E+02  0.16366800E+02  0.16145421E+02  0.15921538E+02  0.15695503E+02
  0.15467644E+02  0.15238356E+02  0.15008030E+02  0.14776913E+02  0.14545208E+02
  0.14313182E+02  0.14081151E+02  0.13849321E+02  0.13617911E+02  0.13387188E+02
  0.13157351E+02  0.12928565E+02  0.12700951E+02  0.12474587E+02  0.12249527E+02
  0.12025915E+02  0.11803941E+02  0.11583719E+02  0.11365263E+02  0.11148706E+02
  0.10934215E+02  0.10721874E+02  0.10511707E+02  0.10303782E+02  0.10098194E+02
  0.98949239E+01  0.96940132E+01  0.94956133E+01  0.92997742E+01  0.91064506E+01
  0.89156512E+01  0.87275018E+01  0.85420662E+01  0.83592868E+01  0.81791923E+01
  0.80018598E+01  0.78272580E+01  0.76553464E+01  0.74862049E+01  0.73198959E+01
  0.71563907E+01  0.69956702E+01  0.68377867E+01  0.66827464E+01  0.65304910E+01
  0.63810293E+01  0.62343940E+01  0.60905676E+01  0.59494838E+01  0.58111556E+01
  0.56755868E+01  0.55427576E+01  0.54126515E+01  0.52852685E+01  0.51606117E+01
  0.50386504E+01  0.49193886E+01  0.48028078E+01  0.46888046E+01  0.45773156E+01
  0.44683592E+01  0.43619424E+01  0.42579835E+01  0.41563474E+01  0.40569746E+01
  0.39598582E+01  0.38649643E+01  0.37722499E+01  0.36816507E+01
  0.10000000E+01  0.26525919E+01  0.41000456E+01  0.53772810E+01  0.65426766E+01
  0.76267401E+01  0.86752503E+01  0.97093465E+01  0.10723389E+02  0.11709940E+02
  0.12661999E+02  0.13574850E+02  0.14447281E+02  0.15278545E+02  0.16069856E+02
  0.16821584E+02  0.17535674E+02  0.18212123E+02  0.18851994E+02  0.19455385E+02
  0.20023766E+02  0.20557098E+02  0.21056969E+02  0.21523714E+02  0.21958313E+02
  0.22361628E+02  0.22734799E+02  0.23078801E+02  0.23394769E+02  0.23683615E+02
  0.23946541E+02  0.24184356E+02  0.24397996E+02  0.24588180E+02  0.24755882E+02
  0.24901692E+02  0.25026436E+02  0.25130731E+02  0.25215550E+02  0.25281468E+02
  0.25329361E+02  0.25359678E+02  0.25373129E+02  0.25370257E+02  0.25351966E+02
  0.25318821E+02  0.25271597E+02  0.25210784E+02  0.25136987E+02  0.25050784E+02
  0.24952802E+02  0.24843673E+02  0.24724047E+02  0.24594493E+02  0.24455525E+02
  0.24307646E+02  0.24151365E+02  0.23987185E+02  0.23815605E+02  0.23637074E+02
  0.23452070E+02  0.23261044E+02  0.23064402E+02  0.22862539E+02  0.22655825E+02
  0.22444614E+02  0.22229229E+02  0.22009974E+02  0.21787223E+02  0.21561343E+02
  0.21332649E+02  0.21101332E+02  0.20867571E+02  0.20631626E+02  0.20393732E+02
  0.20154124E+02  0.19912991E+02  0.19670565E+02  0.19427086E+02  0.19182751E+02
  0.18937731E+02  0.18692217E+02  0.18446415E+02  0.18200500E+02  0.17954607E+02
  0.17708872E+02  0.17463457E+02  0.17218530E+02  0.16974272E+02  0.16730806E+02
  0.16488201E+02  0.16246540E+02  0.16005949E+02  0.15766611E+02  0.15528651E+02
  0.15292134E+02  0.15057149E+02  0.14823859E+02  0.14592363E+02  0.14362708E+02
  0.14134953E+02  0.13909199E+02  0.13685542E+02  0.13463949E+02  0.13244437E+02
  0.13027097E+02  0.12812091E+02  0.12599536E+02  0.12389447E+02  0.12181898E+02
  0.11976907E+02  0.11774471E+02  0.11574615E+02  0.11377347E+02  0.11182731E+02
  0.10990825E+02  0.10801647E+02  0.10615160E+02  0.10431394E+02  0.10250407E+02
  0.10072275E+02  0.98969943E+01  0.97244569E+01  0.95545793E+01  0.93873066E+01
  0.92226303E+01  0.90605077E+01  0.89008953E+01  0.87437990E+01
  0.10000000E+01  0.26871527E+01  0.41837787E+01  0.55246278E+01  0.67597231E+01
  0.79181728E+01  0.90440428E+01  0.10160391E+02  0.11263094E+02  0.12345294E+02
  0.13399852E+02  0.14421692E+02  0.15408724E+02  0.16359991E+02  0.17275978E+02
  0.18157153E+02  0.19004934E+02  0.19819502E+02  0.20601511E+02  0.21351074E+02
  0.22068984E+02  0.22755195E+02  0.23410567E+02  0.24035299E+02  0.24629953E+02
  0.25195123E+02  0.25731455E+02  0.26239637E+02  0.26720410E+02  0.27174420E+02
  0.27602426E+02  0.28005031E+02  0.28382894E+02  0.28736556E+02  0.29066665E+02
  0.29373670E+02  0.29658202E+02  0.29920804E+02  0.30162138E+02  0.30382653E+02
  0.30582939E+02  0.30763399E+02  0.30924604E+02  0.31066993E+02  0.31191247E+02
  0.31297883E+02  0.31387501E+02  0.31460517E+02  0.31517433E+02  0.31558758E+02
  0.31585077E+02  0.31596930E+02  0.31594802E+02  0.31579184E+02  0.31550593E+02
  0.31509504E+02  0.31456343E+02  0.31391550E+02  0.31315657E+02  0.31229153E+02
  0.31132481E+02  0.31026039E+02  0.30910215E+02  0.30785444E+02  0.30652110E+02
  0.30510560E+02  0.30361152E+02  0.30204227E+02  0.30040155E+02  0.29869337E+02
  0.29692111E+02  0.29508771E+02  0.29319534E+02  0.29124653E+02  0.28924428E+02
  0.28719158E+02  0.28509111E+02  0.28294524E+02  0.28075657E+02  0.27852801E+02
  0.27626203E+02  0.27396118E+02  0.27162800E+02  0.26926483E+02  0.26687347E+02
  0.26445586E+02  0.26201508E+02  0.25955378E+02  0.25707408E+02  0.25457704E+02
  0.25206436E+02  0.24953848E+02  0.24700125E+02  0.24445406E+02  0.24189826E+02
  0.23933592E+02  0.23676907E+02  0.23419925E+02  0.23162778E+02  0.22905617E+02
  0.22648651E+02  0.22392019E+02  0.22135802E+02  0.21880078E+02  0.21624963E+02
  0.21370623E+02  0.21117240E+02  0.20864955E+02  0.20613862E+02  0.20364013E+02
  0.20115475E+02  0.19868376E+02  0.19622810E+02  0.19378852E+02  0.19136570E+02
  0.18896055E+02  0.18657442E+02  0.18420798E+02  0.18186178E+02  0.17953680E+02
  0.17723364E+02  0.17495246E+02  0.17269264E+02  0.17045376E+02  0.16823610E+02
  0.16603987E+02  0.16386508E+02  0.16171197E+02  0.15958104E+02
  0.10000000E+01  0.27186695E+01  0.42596799E+01  0.56572217E+01  0.69549826E+01
  0.81807518E+01  0.93766036E+01  0.10566747E+02  0.11748584E+02  0.12915902E+02
  0.14061640E+02  0.15180481E+02  0.16269783E+02  0.17328450E+02  0.18356455E+02
  0.19354296E+02  0.20323040E+02  0.21263041E+02  0.22174729E+02  0.23058206E+02
  0.23913778E+02  0.24741338E+02  0.25541274E+02  0.26313664E+02  0.27058681E+02
  0.27776690E+02  0.28467991E+02  0.29133131E+02  0.29772558E+02  0.30386694E+02
  0.30976020E+02  0.31540999E+02  0.32082019E+02  0.32599437E+02  0.33093659E+02
  0.33565032E+02  0.34013945E+02  0.34440764E+02  0.34845882E+02  0.35229661E+02
  0.35592502E+02  0.35934720E+02  0.36256729E+02  0.36558890E+02  0.36841686E+02
  0.37105461E+02  0.37350638E+02  0.37577574E+02  0.37786641E+02  0.37978195E+02
  0.38152660E+02  0.38310466E+02  0.38452032E+02  0.38577732E+02  0.38687922E+02
  0.38782998E+02  0.38863382E+02  0.38929487E+02  0.38981691E+02  0.39020346E+02
  0.39045822E+02  0.39058500E+02  0.39058767E+02  0.39046973E+02  0.39023465E+02
  0.38988570E+02  0.38942623E+02  0.38885960E+02  0.38818904E+02  0.38741829E+02
  0.38655063E+02  0.38558885E+02  0.38453534E+02  0.38339247E+02  0.38216298E+02
  0.38085005E+02  0.37945697E+02  0.37798647E+02  0.37644117E+02  0.37482398E+02
  0.37313810E+02  0.37138639E+02  0.36957129E+02  0.36769487E+02  0.36575971E+02
  0.36376836E+02  0.36172366E+02  0.35962873E+02  0.35748618E+02  0.35529841E+02
  0.35306744E+02  0.35079528E+02  0.34848434E+02  0.34613729E+02  0.34375602E+02
  0.34134196E+02  0.33889723E+02  0.33642432E+02  0.33392575E+02  0.33140384E+02
  0.32886019E+02  0.32629639E+02  0.32371422E+02  0.32111537E+02  0.31850122E+02
  0.31587345E+02  0.31323445E+02  0.31058659E+02  0.30793152E+02  0.30527013E+02
  0.30260357E+02  0.29993336E+02  0.29726122E+02  0.29458845E+02  0.29191618E+02
  0.28924584E+02  0.28657865E+02  0.28391569E+02  0.28125828E+02  0.27860809E+02
  0.27596639E+02  0.27333328E+02  0.27070897E+02  0.26809363E+02  0.26548795E+02
  0.26289320E+02  0.26030995E+02  0.25773866E+02  0.25517993E+02
  0.10000000E+01  0.27439555E+01  0.43200774E+01  0.57616332E+01  0.71086636E+01
  0.83878715E+01  0.96391972E+01  0.10887007E+02  0.12130087E+02  0.13362881E+02
  0.14578673E+02  0.15772138E+02  0.16940376E+02  0.18082200E+02  0.19197369E+02
  0.20286378E+02  0.21350123E+02  0.22389043E+02  0.23403469E+02  0.24393489E+02
  0.25359180E+02  0.26300362E+02  0.27217207E+02  0.28109715E+02  0.28977850E+02
  0.29821827E+02  0.30641728E+02  0.31437978E+02  0.32210813E+02  0.32960547E+02
  0.33687503E+02  0.34392073E+02  0.35074499E+02  0.35735008E+02  0.36373876E+02
  0.36991362E+02  0.37587734E+02  0.38163257E+02  0.38718125E+02  0.39252580E+02
  0.39766903E+02  0.40261335E+02  0.40736175E+02  0.41191671E+02  0.41628123E+02
  0.42045795E+02  0.42444996E+02  0.42825998E+02  0.43189044E+02  0.43534397E+02
  0.43862382E+02  0.44173283E+02  0.44467399E+02  0.44744960E+02  0.45006245E+02
  0.45251572E+02  0.45481252E+02  0.45695556E+02  0.45894783E+02  0.46079229E+02
  0.46249180E+02  0.46404898E+02  0.46546622E+02  0.46674651E+02  0.46789289E+02
  0.46890812E+02  0.46979500E+02  0.47055592E+02  0.47119349E+02  0.47171090E+02
  0.47211097E+02  0.47239581E+02  0.47256716E+02  0.47262705E+02  0.47257794E+02
  0.47242258E+02  0.47216369E+02  0.47180364E+02  0.47134466E+02  0.47078935E+02
  0.47014073E+02  0.46940134E+02  0.46857354E+02  0.46765950E+02  0.46666157E+02
  0.46558207E+02  0.46442381E+02  0.46318968E+02  0.46188232E+02  0.46050414E+02
  0.45905705E+02  0.45754270E+02  0.45596337E+02  0.45432141E+02  0.45261898E+02
  0.45085849E+02  0.44904185E+02  0.44717129E+02  0.44524932E+02  0.44327821E+02
  0.44126007E+02  0.43919695E+02  0.43709066E+02  0.43494290E+02  0.43275538E+02
  0.43052989E+02  0.42826916E+02  0.42597545E+02  0.42365043E+02  0.42129565E+02
  0.41891242E+02  0.41650276E+02  0.41406830E+02  0.41161084E+02  0.40913163E+02
  0.40663231E+02  0.40411458E+02  0.40158002E+02  0.39903028E+02  0.39646662E+02
  0.39389042E+02  0.39130273E+02  0.38870453E+02  0.38609665E+02  0.38347998E+02
  0.38085559E+02  0.37822475E+02  0.37558851E+02  0.37294806E+02
  0.10000000E+01  0.27675302E+01  0.43768048E+01  0.58600727E+01  0.72540222E+01
  0.85843492E+01  0.98887694E+01  0.11191471E+02  0.12492402E+02  0.13786573E+02
  0.15067644E+02  0.16330338E+02  0.17571570E+02  0.18790071E+02  0.19985474E+02
  0.21158270E+02  0.22309203E+02  0.23438774E+02  0.24547228E+02  0.25634648E+02
  0.26700899E+02  0.27745768E+02  0.28769207E+02  0.29771138E+02  0.30751379E+02
  0.31710016E+02  0.32646991E+02  0.33562632E+02  0.34457037E+02  0.35330446E+02
  0.36183049E+02  0.37015160E+02  0.37826917E+02  0.38618489E+02  0.39390049E+02
  0.40141764E+02  0.40873772E+02  0.41586256E+02  0.42279305E+02  0.42953092E+02
  0.43607768E+02  0.44243470E+02  0.44860388E+02  0.45458754E+02  0.46038798E+02
  0.46600690E+02  0.47144613E+02  0.47670751E+02  0.48179268E+02  0.48670345E+02
  0.49144213E+02  0.49601051E+02  0.50041014E+02  0.50464272E+02  0.50871044E+02
  0.51261534E+02  0.51635975E+02  0.51994540E+02  0.52337470E+02  0.52664994E+02
  0.52977323E+02  0.53274656E+02  0.53557163E+02  0.53825041E+02  0.54078514E+02
  0.54317789E+02  0.54543077E+02  0.54754572E+02  0.54952473E+02  0.55136985E+02
  0.55308321E+02  0.55466658E+02  0.55612175E+02  0.55745077E+02  0.55865569E+02
  0.55973850E+02  0.56070118E+02  0.56154547E+02  0.56227343E+02  0.56288725E+02
  0.56338919E+02  0.56378126E+02  0.56406515E+02  0.56424290E+02  0.56431693E+02
  0.56428961E+02  0.56416356E+02  0.56394134E+02  0.56362492E+02  0.56321653E+02
  0.56271824E+02  0.56213180E+02  0.56145929E+02  0.56070256E+02  0.55986317E+02
  0.55894312E+02  0.55794425E+02  0.55686890E+02  0.55571937E+02  0.55449782E+02
  0.55320648E+02  0.55184737E+02  0.55042252E+02  0.54893385E+02  0.54738326E+02
  0.54577273E+02  0.54410458E+02  0.54238097E+02  0.54060351E+02  0.53877402E+02
  0.53689410E+02  0.53496529E+02  0.53298923E+02  0.53096762E+02  0.52890237E+02
  0.52679541E+02  0.52464880E+02  0.52246407E+02  0.52024254E+02  0.51798604E+02
  0.51569629E+02  0.51337475E+02  0.51102253E+02  0.50864015E+02  0.50622890E+02
  0.50379035E+02  0.50132634E+02  0.49883865E+02  0.49632856E+02
  0.10000000E+01  0.27808309E+01  0.44094032E+01  0.59168974E+01  0.73389851E+01
  0.87005945E+01  0.10037477E+02  0.11372834E+02  0.12707238E+02  0.14036079E+02
  0.15353395E+02  0.16654130E+02  0.17935322E+02  0.19195718E+02  0.20434979E+02
  0.21653564E+02  0.22852187E+02  0.24031344E+02  0.25191302E+02  0.26332149E+02
  0.27453749E+02  0.28555851E+02  0.29638400E+02  0.30701299E+02  0.31744360E+02
  0.32767593E+02  0.33770914E+02  0.34754587E+02  0.35718685E+02  0.36663439E+02
  0.37589059E+02  0.38495800E+02  0.39383771E+02  0.40253119E+02  0.41104017E+02
  0.41936619E+02  0.42751035E+02  0.43547390E+02  0.44325734E+02  0.45086225E+02
  0.45828983E+02  0.46554116E+02  0.47261778E+02  0.47952142E+02  0.48625413E+02
  0.49281747E+02  0.49921323E+02  0.50544272E+02  0.51150688E+02  0.51740702E+02
  0.52314534E+02  0.52872335E+02  0.53414239E+02  0.53940357E+02  0.54450830E+02
  0.54945824E+02  0.55425552E+02  0.55890184E+02  0.56339894E+02  0.56774839E+02
  0.57195200E+02  0.57601123E+02  0.57992768E+02  0.58370282E+02  0.58733815E+02
  0.59083519E+02  0.59419588E+02  0.59742184E+02  0.60051468E+02  0.60347606E+02
  0.60630779E+02  0.60901132E+02  0.61158817E+02  0.61403973E+02  0.61636736E+02
  0.61857258E+02  0.62065698E+02  0.62262201E+02  0.62446924E+02  0.62620012E+02
  0.62781650E+02  0.62932046E+02  0.63071363E+02  0.63199770E+02  0.63317432E+02
  0.63424522E+02  0.63521269E+02  0.63607909E+02  0.63684633E+02  0.63751557E+02
  0.63808797E+02  0.63856506E+02  0.63894882E+02  0.63924110E+02  0.63944336E+02
  0.63955668E+02  0.63958240E+02  0.63952280E+02  0.63937983E+02  0.63915555E+02
  0.63885192E+02  0.63847026E+02  0.63801228E+02  0.63747970E+02  0.63687429E+02
  0.63619727E+02  0.63545083E+02  0.63463662E+02  0.63375642E+02  0.63281202E+02
  0.63180472E+02  0.63073608E+02  0.62960755E+02  0.62842044E+02  0.62717611E+02
  0.62587623E+02  0.62452257E+02  0.62311654E+02  0.62165963E+02  0.62015330E+02
  0.61859919E+02  0.61699867E+02  0.61535299E+02  0.61366352E+02  0.61193131E+02
  0.61015761E+02  0.60834348E+02  0.60649049E+02  0.60460022E+02
  0.10000000E+01  0.27952758E+01  0.44450568E+01  0.59794788E+01  0.74326808E+01
  0.88287390E+01  0.10201419E+02  0.11573051E+02  0.12944803E+02  0.14312446E+02
  0.15670357E+02  0.17013676E+02  0.18339502E+02  0.19646591E+02  0.20934600E+02
  0.22203961E+02  0.23455319E+02  0.24689166E+02  0.25905763E+02  0.27105196E+02
  0.28287284E+02  0.29451764E+02  0.30598497E+02  0.31727336E+02  0.32838046E+02
  0.33930562E+02  0.35004796E+02  0.36060957E+02  0.37099060E+02  0.38119298E+02
  0.39121852E+02  0.40106944E+02  0.41074663E+02  0.42025115E+02  0.42958434E+02
  0.43874745E+02  0.44774134E+02  0.45656702E+02  0.46522442E+02  0.47371453E+02
  0.48203795E+02  0.49019558E+02  0.49818896E+02  0.50601950E+02  0.51368896E+02
  0.52119827E+02  0.52854879E+02  0.53574173E+02  0.54277781E+02  0.54965801E+02
  0.55638402E+02  0.56295661E+02  0.56937695E+02  0.57564581E+02  0.58176435E+02
  0.58773385E+02  0.59355583E+02  0.59923144E+02  0.60476237E+02  0.61014986E+02
  0.61539552E+02  0.62050034E+02  0.62546561E+02  0.63029250E+02  0.63498252E+02
  0.63953680E+02  0.64395656E+02  0.64824297E+02  0.65239713E+02  0.65642057E+02
  0.66031448E+02  0.66407990E+02  0.66771825E+02  0.67123081E+02  0.67461889E+02
  0.67788357E+02  0.68102626E+02  0.68404778E+02  0.68694953E+02  0.68973317E+02
  0.69240016E+02  0.69495202E+02  0.69738985E+02  0.69971476E+02  0.70192828E+02
  0.70403193E+02  0.70602757E+02  0.70791686E+02  0.70970142E+02  0.71138238E+02
  0.71296099E+02  0.71443868E+02  0.71581699E+02  0.71709722E+02  0.71828050E+02
  0.71936796E+02  0.72036090E+02  0.72126088E+02  0.72206962E+02  0.72278840E+02
  0.72341878E+02  0.72396239E+02  0.72442084E+02  0.72479584E+02  0.72508859E+02
  0.72530059E+02  0.72543348E+02  0.72548878E+02  0.72546803E+02  0.72537266E+02
  0.72520368E+02  0.72496229E+02  0.72465001E+02  0.72426805E+02  0.72381766E+02
  0.72330023E+02  0.72271736E+02  0.72207023E+02  0.72136027E+02  0.72058913E+02
  0.71975804E+02  0.71886862E+02  0.71792171E+02  0.71691836E+02  0.71585965E+02
  0.71474684E+02  0.71358129E+02  0.71236417E+02  0.71109718E+02
  0.10000000E+01  0.28023618E+01  0.44635645E+01  0.60127173E+01  0.74837213E+01
  0.88998690E+01  0.10293332E+02  0.11685307E+02  0.13077170E+02  0.14464970E+02
  0.15843417E+02  0.17207979E+02  0.18555980E+02  0.19886238E+02  0.21198476E+02
  0.22493080E+02  0.23770701E+02  0.25031790E+02  0.26276621E+02  0.27505241E+02
  0.28717538E+02  0.29913227E+02  0.31092235E+02  0.32254414E+02  0.33399549E+02
  0.34527563E+02  0.35638381E+02  0.36732168E+02  0.37808977E+02  0.38868993E+02
  0.39912413E+02  0.40939439E+02  0.41950182E+02  0.42944732E+02  0.43923225E+02
  0.44885784E+02  0.45832493E+02  0.46763424E+02  0.47678608E+02  0.48578107E+02
  0.49461993E+02  0.50330358E+02  0.51183330E+02  0.52021018E+02  0.52843620E+02
  0.53651211E+02  0.54443933E+02  0.55221901E+02  0.55985182E+02  0.56733852E+02
  0.57468079E+02  0.58187953E+02  0.58893578E+02  0.59585021E+02  0.60262382E+02
  0.60925756E+02  0.61575283E+02  0.62211076E+02  0.62833294E+02  0.63442053E+02
  0.64037477E+02  0.64619652E+02  0.65188684E+02  0.65744677E+02  0.66287770E+02
  0.66818055E+02  0.67335660E+02  0.67840650E+02  0.68333155E+02  0.68813303E+02
  0.69281230E+02  0.69737037E+02  0.70180838E+02  0.70612737E+02  0.71032831E+02
  0.71441191E+02  0.71837940E+02  0.72223171E+02  0.72597009E+02  0.72959561E+02
  0.73310952E+02  0.73651291E+02  0.73980682E+02  0.74299255E+02  0.74607133E+02
  0.74904445E+02  0.75191360E+02  0.75468029E+02  0.75734583E+02  0.75991133E+02
  0.76237768E+02  0.76474598E+02  0.76701747E+02  0.76919317E+02  0.77127438E+02
  0.77326172E+02  0.77515617E+02  0.77695892E+02  0.77867138E+02  0.78029498E+02
  0.78183123E+02  0.78328181E+02  0.78464765E+02  0.78593003E+02  0.78713002E+02
  0.78824877E+02  0.78928773E+02  0.79024845E+02  0.79113208E+02  0.79193957E+02
  0.79267202E+02  0.79333025E+02  0.79391567E+02  0.79442912E+02  0.79487171E+02
  0.79524480E+02  0.79554983E+02  0.79578808E+02  0.79596076E+02  0.79606885E+02
  0.79611350E+02  0.79609584E+02  0.79601688E+02  0.79587764E+02  0.79567893E+02
  0.79542144E+02  0.79510631E+02  0.79473486E+02  0.79430854E+02
  0.10000000E+01  0.28120827E+01  0.44885203E+01  0.60574063E+01  0.75515859E+01
  0.89935170E+01  0.10413700E+02  0.11832415E+02  0.13251325E+02  0.14666746E+02
  0.16073693E+02  0.17467892E+02  0.18846819E+02  0.20209348E+02  0.21555217E+02
  0.22884761E+02  0.24198582E+02  0.25497090E+02  0.26780553E+02  0.28049025E+02
  0.29302380E+02  0.30540338E+02  0.31762784E+02  0.32969544E+02  0.34160402E+02
  0.35335247E+02  0.36494017E+02  0.37636840E+02  0.38763748E+02  0.39874897E+02
  0.40970478E+02  0.42050663E+02  0.43115599E+02  0.44165362E+02  0.45200080E+02
  0.46219853E+02  0.47224732E+02  0.48214760E+02  0.49189975E+02  0.50150410E+02
  0.51096131E+02  0.52027184E+02  0.52943686E+02  0.53845752E+02  0.54733562E+02
  0.55607182E+02  0.56466740E+02  0.57312316E+02  0.58143982E+02  0.58961814E+02
  0.59765975E+02  0.60556519E+02  0.61333525E+02  0.62097050E+02  0.62847180E+02
  0.63584000E+02  0.64307622E+02  0.65018134E+02  0.65715659E+02  0.66400286E+02
  0.67072131E+02  0.67731279E+02  0.68377841E+02  0.69011907E+02  0.69633593E+02
  0.70242966E+02  0.70840128E+02  0.71425135E+02  0.71998115E+02  0.72559158E+02
  0.73108359E+02  0.73645812E+02  0.74171621E+02  0.74685857E+02  0.75188628E+02
  0.75679984E+02  0.76160033E+02  0.76628870E+02  0.77086585E+02  0.77533248E+02
  0.77968978E+02  0.78393881E+02  0.78808033E+02  0.79211554E+02  0.79604568E+02
  0.79987148E+02  0.80359422E+02  0.80721483E+02  0.81073467E+02  0.81415492E+02
  0.81747659E+02  0.82070073E+02  0.82382818E+02  0.82685970E+02  0.82979623E+02
  0.83263846E+02  0.83538754E+02  0.83804438E+02  0.84061012E+02  0.84308565E+02
  0.84547207E+02  0.84777050E+02  0.84998232E+02  0.85210863E+02  0.85415041E+02
  0.85610851E+02  0.85798441E+02  0.85977933E+02  0.86149441E+02  0.86313056E+02
  0.86468838E+02  0.86616884E+02  0.86757308E+02  0.86890201E+02  0.87015646E+02
  0.87133729E+02  0.87244570E+02  0.87348256E+02  0.87444897E+02  0.87534622E+02
  0.87617547E+02  0.87693761E+02  0.87763361E+02  0.87826422E+02  0.87883035E+02
  0.87933256E+02  0.87977202E+02  0.88014967E+02  0.88046667E+02
  0.10000000E+01  0.28177388E+01  0.45039792E+01  0.60857629E+01  0.75956901E+01
  0.90553743E+01  0.10493855E+02  0.11930321E+02  0.13366537E+02  0.14799089E+02
  0.16223332E+02  0.17635346E+02  0.19032865E+02  0.20414832E+02  0.21781051E+02
  0.23131822E+02  0.24467738E+02  0.25789154E+02  0.27096328E+02  0.28389269E+02
  0.29667907E+02  0.30931944E+02  0.32181328E+02  0.33415875E+02  0.34635405E+02
  0.35839806E+02  0.37029046E+02  0.38203228E+02  0.39362411E+02  0.40506731E+02
  0.41636384E+02  0.42751547E+02  0.43852387E+02  0.44938977E+02  0.46011424E+02
  0.47069798E+02  0.48114172E+02  0.49144571E+02  0.50161047E+02  0.51163654E+02
  0.52152431E+02  0.53127412E+02  0.54088710E+02  0.55036438E+02  0.55970797E+02
  0.56891864E+02  0.57799751E+02  0.58694533E+02  0.59576263E+02  0.60444985E+02
  0.61300891E+02  0.62144032E+02  0.62974494E+02  0.63792319E+02  0.64597581E+02
  0.65390359E+02  0.66170762E+02  0.66938861E+02  0.67694780E+02  0.68438598E+02
  0.69170436E+02  0.69890344E+02  0.70598452E+02  0.71294832E+02  0.71979578E+02
  0.72652770E+02  0.73314469E+02  0.73964748E+02  0.74603731E+02  0.75231512E+02
  0.75848191E+02  0.76453826E+02  0.77048497E+02  0.77632249E+02  0.78205195E+02
  0.78767374E+02  0.79318889E+02  0.79859796E+02  0.80390190E+02  0.80910157E+02
  0.81419783E+02  0.81919168E+02  0.82408421E+02  0.82887616E+02  0.83356862E+02
  0.83816222E+02  0.84265814E+02  0.84705736E+02  0.85136096E+02  0.85556969E+02
  0.85968418E+02  0.86370513E+02  0.86763368E+02  0.87147042E+02  0.87521639E+02
  0.87887221E+02  0.88243893E+02  0.88591713E+02  0.88930769E+02  0.89261165E+02
  0.89583014E+02  0.89896403E+02  0.90201461E+02  0.90498252E+02  0.90786836E+02
  0.91067269E+02  0.91339697E+02  0.91604231E+02  0.91860980E+02  0.92110026E+02
  0.92351424E+02  0.92585249E+02  0.92811591E+02  0.93030538E+02  0.93242193E+02
  0.93446617E+02  0.93643885E+02  0.93834075E+02  0.94017271E+02  0.94193588E+02
  0.94363125E+02  0.94525986E+02  0.94682240E+02  0.94831928E+02  0.94975121E+02
  0.95111892E+02  0.95242328E+02  0.95366514E+02  0.95484545E+02
  0.10000000E+01  0.28233162E+01  0.45188807E+01  0.61129360E+01  0.76374508E+01
  0.91133517E+01  0.10568549E+02  0.12021547E+02  0.13474235E+02  0.14923404E+02
  0.16364668E+02  0.17794339E+02  0.19210304E+02  0.20611550E+02  0.21997890E+02
  0.23369601E+02  0.24727227E+02  0.26071106E+02  0.27401472E+02  0.28718311E+02
  0.30021556E+02  0.31310913E+02  0.32586328E+02  0.33847604E+02  0.35094572E+02
  0.36327112E+02  0.37545194E+02  0.38748904E+02  0.39938302E+02  0.41113511E+02
  0.42274703E+02  0.43422039E+02  0.44555679E+02  0.45675688E+02  0.46782175E+02
  0.47875211E+02  0.48954852E+02  0.50021116E+02  0.51074074E+02  0.52113745E+02
  0.53140175E+02  0.54153395E+02  0.55153493E+02  0.56140559E+02  0.57114785E+02
  0.58076238E+02  0.59025033E+02  0.59961241E+02  0.60884918E+02  0.61796119E+02
  0.62695003E+02  0.63581617E+02  0.64456059E+02  0.65318366E+02  0.66168603E+02
  0.67006820E+02  0.67833123E+02  0.68647560E+02  0.69450275E+02  0.70241349E+02
  0.71020885E+02  0.71788939E+02  0.72545584E+02  0.73290878E+02  0.74024929E+02
  0.74747808E+02  0.75459606E+02  0.76160365E+02  0.76850195E+02  0.77529174E+02
  0.78197403E+02  0.78854927E+02  0.79501839E+02  0.80138196E+02  0.80764066E+02
  0.81379501E+02  0.81984599E+02  0.82579415E+02  0.83164056E+02  0.83738567E+02
  0.84303039E+02  0.84857547E+02  0.85402167E+02  0.85936973E+02  0.86462087E+02
  0.86977552E+02  0.87483480E+02  0.87979949E+02  0.88467077E+02  0.88944953E+02
  0.89413640E+02  0.89873212E+02  0.90323776E+02  0.90765362E+02  0.91198063E+02
  0.91621924E+02  0.92037027E+02  0.92443443E+02  0.92841254E+02  0.93230526E+02
  0.93611361E+02  0.93983856E+02  0.94348104E+02  0.94704193E+02  0.95052200E+02
  0.95392191E+02  0.95724273E+02  0.96048550E+02  0.96365139E+02  0.96674090E+02
  0.96975474E+02  0.97269345E+02  0.97555768E+02  0.97834817E+02  0.98106579E+02
  0.98371124E+02  0.98628550E+02  0.98878905E+02  0.99122279E+02  0.99358764E+02
  0.99588461E+02  0.99811447E+02  0.10002780E+03  0.10023756E+03  0.10044081E+03
  0.10063759E+03  0.10082799E+03  0.10101207E+03  0.10118992E+03
  0.10000000E+01  0.28267038E+01  0.45286655E+01  0.61312908E+01  0.76663541E+01
  0.91541348E+01  0.10621544E+02  0.12086313E+02  0.13550331E+02  0.15010581E+02
  0.16462945E+02  0.17904019E+02  0.19331878E+02  0.20745587E+02  0.22144990E+02
  0.23530328E+02  0.24902139E+02  0.26260701E+02  0.27606244E+02  0.28938722E+02
  0.30258100E+02  0.31564069E+02  0.32856635E+02  0.34135612E+02  0.35400859E+02
  0.36652273E+02  0.37889824E+02  0.39113571E+02  0.40323587E+02  0.41519983E+02
  0.42702938E+02  0.43872624E+02  0.45029215E+02  0.46172762E+02  0.47303379E+02
  0.48421109E+02  0.49526012E+02  0.50618124E+02  0.51697524E+02  0.52764217E+02
  0.53818261E+02  0.54859675E+02  0.55888555E+02  0.56904983E+02  0.57909165E+02
  0.58901148E+02  0.59881041E+02  0.60848911E+02  0.61804817E+02  0.62748816E+02
  0.63681087E+02  0.64601674E+02  0.65510654E+02  0.66408065E+02  0.67293967E+02
  0.68168425E+02  0.69031546E+02  0.69883369E+02  0.70724021E+02  0.71553575E+02
  0.72372133E+02  0.73179728E+02  0.73976460E+02  0.74762392E+02  0.75537617E+02
  0.76302187E+02  0.77056199E+02  0.77799700E+02  0.78532818E+02  0.79255618E+02
  0.79968209E+02  0.80670611E+02  0.81362881E+02  0.82045086E+02  0.82717308E+02
  0.83379606E+02  0.84032061E+02  0.84674722E+02  0.85307678E+02  0.85930957E+02
  0.86544661E+02  0.87148875E+02  0.87743691E+02  0.88329142E+02  0.88905321E+02
  0.89472310E+02  0.90030202E+02  0.90579074E+02  0.91119040E+02  0.91650151E+02
  0.92172486E+02  0.92686076E+02  0.93191027E+02  0.93687412E+02  0.94175290E+02
  0.94654726E+02  0.95125777E+02  0.95588490E+02  0.96042975E+02  0.96489304E+02
  0.96927584E+02  0.97357890E+02  0.97780284E+02  0.98194852E+02  0.98601669E+02
  0.99000757E+02  0.99392242E+02  0.99776196E+02  0.10015272E+03  0.10052188E+03
  0.10088373E+03  0.10123832E+03  0.10158576E+03  0.10192609E+03  0.10225937E+03
  0.10258568E+03  0.10290507E+03  0.10321763E+03  0.10352345E+03  0.10382259E+03
  0.10411517E+03  0.10440122E+03  0.10468083E+03  0.10495401E+03  0.10522083E+03
  0.10548131E+03  0.10573557E+03  0.10598366E+03  0.10622567E+03
  0.10000000E+01  0.28345612E+01  0.45492915E+01  0.61686994E+01  0.77233899E+01
  0.92328669E+01  0.10722716E+02  0.12209988E+02  0.13696763E+02  0.15180239E+02
  0.16656557E+02  0.18122534E+02  0.19576373E+02  0.21017183E+02  0.22444797E+02
  0.23859433E+02  0.25261556E+02  0.26651424E+02  0.28029225E+02  0.29394903E+02
  0.30748372E+02  0.32089339E+02  0.33417769E+02  0.34733457E+02  0.36036256E+02
  0.37326058E+02  0.38602821E+02  0.39866569E+02  0.41117351E+02  0.42355260E+02
  0.43580445E+02  0.44793059E+02  0.45993294E+02  0.47181182E+02  0.48356805E+02
  0.49520188E+02  0.50671372E+02  0.51810362E+02  0.52937249E+02  0.54052027E+02
  0.55154739E+02  0.56245399E+02  0.57324075E+02  0.58390830E+02  0.59445850E+02
  0.60489182E+02  0.61520927E+02  0.62541147E+02  0.63549894E+02  0.64547216E+02
  0.65533275E+02  0.66508102E+02  0.67471771E+02  0.68424307E+02  0.69365751E+02
  0.70296164E+02  0.71215624E+02  0.72124146E+02  0.73021852E+02  0.73908808E+02
  0.74785128E+02  0.75650831E+02  0.76505987E+02  0.77350651E+02  0.78184927E+02
  0.79008861E+02  0.79822545E+02  0.80626012E+02  0.81419347E+02  0.82202615E+02
  0.82975903E+02  0.83739230E+02  0.84492678E+02  0.85236290E+02  0.85970130E+02
  0.86694237E+02  0.87408688E+02  0.88113541E+02  0.88808892E+02  0.89494770E+02
  0.90171265E+02  0.90838411E+02  0.91496305E+02  0.92144978E+02  0.92784528E+02
  0.93415004E+02  0.94036500E+02  0.94649071E+02  0.95252819E+02  0.95847791E+02
  0.96434078E+02  0.97011728E+02  0.97580820E+02  0.98141386E+02  0.98693496E+02
  0.99237195E+02  0.99772556E+02  0.10029963E+03  0.10081852E+03  0.10132928E+03
  0.10183197E+03  0.10232668E+03  0.10281349E+03  0.10329244E+03  0.10376361E+03
  0.10422703E+03  0.10468279E+03  0.10513099E+03  0.10557169E+03  0.10600498E+03
  0.10643089E+03  0.10684948E+03  0.10726082E+03  0.10766497E+03  0.10806202E+03
  0.10845201E+03  0.10883499E+03  0.10921104E+03  0.10958024E+03  0.10994263E+03
  0.11029833E+03  0.11064739E+03  0.11098986E+03  0.11132576E+03  0.11165515E+03
  0.11197807E+03  0.11229463E+03  0.11260489E+03  0.11290889E+03
  0.10000000E+01  0.28351318E+01  0.45518565E+01  0.61738793E+01  0.77325838E+01
  0.92469720E+01  0.10741857E+02  0.12233428E+02  0.13723725E+02  0.15210132E+02
  0.16689056E+02  0.18157609E+02  0.19614228E+02  0.21058115E+02  0.22489199E+02
  0.23907649E+02  0.25313979E+02  0.26708356E+02  0.28091017E+02  0.29461873E+02
  0.30820958E+02  0.32167947E+02  0.33502913E+02  0.34825637E+02  0.36136012E+02
  0.37433951E+02  0.38719461E+02  0.39992560E+02  0.41253321E+02  0.42501831E+02
  0.43738238E+02  0.44962723E+02  0.46175470E+02  0.47376518E+02  0.48565967E+02
  0.49743819E+02  0.50910129E+02  0.52064923E+02  0.53208323E+02  0.54340319E+02
  0.55460957E+02  0.56570245E+02  0.57668239E+02  0.58754998E+02  0.59830733E+02
  0.60895487E+02  0.61949378E+02  0.62992452E+02  0.64024750E+02  0.65046311E+02
  0.66057282E+02  0.67057713E+02  0.68047701E+02  0.69027243E+02  0.69996414E+02
  0.70955263E+02  0.71903853E+02  0.72842182E+02  0.73770371E+02  0.74688471E+02
  0.75596611E+02  0.76494817E+02  0.77383172E+02  0.78261707E+02  0.79130508E+02
  0.79989614E+02  0.80839108E+02  0.81679047E+02  0.82509530E+02  0.83330617E+02
  0.84142378E+02  0.84944816E+02  0.85737970E+02  0.86521875E+02  0.87296619E+02
  0.88062219E+02  0.88818789E+02  0.89566346E+02  0.90304957E+02  0.91034656E+02
  0.91755516E+02  0.92467598E+02  0.93170997E+02  0.93865772E+02  0.94551987E+02
  0.95229668E+02  0.95898893E+02  0.96559708E+02  0.97212227E+02  0.97856488E+02
  0.98492553E+02  0.99120446E+02  0.99740249E+02  0.10035197E+03  0.10095567E+03
  0.10155141E+03  0.10213925E+03  0.10271926E+03  0.10329149E+03  0.10385604E+03
  0.10441297E+03  0.10496233E+03  0.10550419E+03  0.10603857E+03  0.10656553E+03
  0.10708512E+03  0.10759743E+03  0.10810250E+03  0.10860041E+03  0.10909119E+03
  0.10957490E+03  0.11005161E+03  0.11052139E+03  0.11098426E+03  0.11144030E+03
  0.11188954E+03  0.11233206E+03  0.11276792E+03  0.11319720E+03  0.11361995E+03
  0.11403624E+03  0.11444608E+03  0.11484952E+03  0.11524659E+03  0.11563735E+03
  0.11602184E+03  0.11640010E+03  0.11677218E+03  0.11713816E+03
  0.10000000E+01  0.28336204E+01  0.45489096E+01  0.61691869E+01  0.77264898E+01
  0.92396317E+01  0.10733199E+02  0.12222948E+02  0.13710816E+02  0.15194244E+02
  0.16669770E+02  0.18134653E+02  0.19587459E+02  0.21027434E+02  0.22454565E+02
  0.23869021E+02  0.25271356E+02  0.26661694E+02  0.28040290E+02  0.29407028E+02
  0.30761994E+02  0.32104835E+02  0.33435731E+02  0.34754462E+02  0.36060947E+02
  0.37355123E+02  0.38637007E+02  0.39906620E+02  0.41164074E+02  0.42409464E+02
  0.43642974E+02  0.44864772E+02  0.46075078E+02  0.47273923E+02  0.48461412E+02
  0.49637567E+02  0.50802447E+02  0.51956067E+02  0.53098553E+02  0.54229887E+02
  0.55350136E+02  0.56459329E+02  0.57557513E+02  0.58644762E+02  0.59721279E+02
  0.60787096E+02  0.61842341E+02  0.62887071E+02  0.63921358E+02  0.64945261E+02
  0.65958918E+02  0.66962380E+02  0.67955745E+02  0.68939018E+02  0.69912282E+02
  0.70875587E+02  0.71828987E+02  0.72772486E+02  0.73706196E+02  0.74630189E+02
  0.75544576E+02  0.76449392E+02  0.77344714E+02  0.78230555E+02  0.79107018E+02
  0.79974166E+02  0.80832092E+02  0.81680849E+02  0.82520533E+02  0.83351158E+02
  0.84172809E+02  0.84985517E+02  0.85789335E+02  0.86584313E+02  0.87370566E+02
  0.88148084E+02  0.88916919E+02  0.89677124E+02  0.90428758E+02  0.91171864E+02
  0.91906546E+02  0.92632838E+02  0.93350805E+02  0.94060470E+02  0.94761918E+02
  0.95455195E+02  0.96140388E+02  0.96817550E+02  0.97486771E+02  0.98148095E+02
  0.98801576E+02  0.99447249E+02  0.10008520E+03  0.10071548E+03  0.10133815E+03
  0.10195323E+03  0.10256077E+03  0.10316083E+03  0.10375348E+03  0.10433875E+03
  0.10491676E+03  0.10548754E+03  0.10605114E+03  0.10660760E+03  0.10715696E+03
  0.10769927E+03  0.10823460E+03  0.10876302E+03  0.10928463E+03  0.10979945E+03
  0.11030757E+03  0.11080899E+03  0.11130381E+03  0.11179206E+03  0.11227379E+03
  0.11274903E+03  0.11321784E+03  0.11368029E+03  0.11413642E+03  0.11458630E+03
  0.11503001E+03  0.11546755E+03  0.11589898E+03  0.11632432E+03  0.11674361E+03
  0.11715692E+03  0.11756430E+03  0.11796580E+03  0.11836148E+03
  0.10000000E+01  0.28404795E+01  0.45672275E+01  0.62026582E+01  0.77777762E+01
  0.93106822E+01  0.10824750E+02  0.12335057E+02  0.13843654E+02  0.15348161E+02
  0.16845367E+02  0.18332737E+02  0.19808965E+02  0.21273328E+02  0.22725810E+02
  0.24166551E+02  0.25596042E+02  0.27014379E+02  0.28421800E+02  0.29818181E+02
  0.31203568E+02  0.32577611E+02  0.33940461E+02  0.35291881E+02  0.36631801E+02
  0.37960163E+02  0.39276983E+02  0.40582243E+02  0.41876026E+02  0.43158395E+02
  0.44429512E+02  0.45689544E+02  0.46938706E+02  0.48177033E+02  0.49404605E+02
  0.50621413E+02  0.51827495E+02  0.53022878E+02  0.54207682E+02  0.55381900E+02
  0.56545581E+02  0.57698725E+02  0.58841383E+02  0.59973593E+02  0.61095567E+02
  0.62207345E+02  0.63309011E+02  0.64400608E+02  0.65482209E+02  0.66553847E+02
  0.67615686E+02  0.68667766E+02  0.69710172E+02  0.70742896E+02  0.71765989E+02
  0.72779479E+02  0.73783447E+02  0.74777885E+02  0.75762919E+02  0.76738604E+02
  0.77705038E+02  0.78662253E+02  0.79610307E+02  0.80549221E+02  0.81479064E+02
  0.82399882E+02  0.83311757E+02  0.84214726E+02  0.85108888E+02  0.85994281E+02
  0.86870987E+02  0.87738989E+02  0.88598339E+02  0.89449055E+02  0.90291240E+02
  0.91124927E+02  0.91950200E+02  0.92767097E+02  0.93575670E+02  0.94375927E+02
  0.95167936E+02  0.95951722E+02  0.96727361E+02  0.97494873E+02  0.98254350E+02
  0.99005817E+02  0.99749347E+02  0.10048498E+03  0.10121283E+03  0.10193291E+03
  0.10264528E+03  0.10335000E+03  0.10404711E+03  0.10473665E+03  0.10541869E+03
  0.10609322E+03  0.10676033E+03  0.10742001E+03  0.10807234E+03  0.10871736E+03
  0.10935516E+03  0.10998577E+03  0.11060926E+03  0.11122569E+03  0.11183508E+03
  0.11243748E+03  0.11303294E+03  0.11362153E+03  0.11420332E+03  0.11477834E+03
  0.11534666E+03  0.11590830E+03  0.11646332E+03  0.11701176E+03  0.11755365E+03
  0.11808903E+03  0.11861796E+03  0.11914049E+03  0.11965669E+03  0.12016659E+03
  0.12067028E+03  0.12116780E+03  0.12165917E+03  0.12214442E+03  0.12262358E+03
  0.12309666E+03  0.12356373E+03  0.12402485E+03  0.12448005E+03
  0.10000000E+01  0.28317130E+01  0.45463156E+01  0.61661400E+01  0.77241896E+01
  0.92388331E+01  0.10734108E+02  0.12224829E+02  0.13712682E+02  0.15195162E+02
  0.16669060E+02  0.18131877E+02  0.19582446E+02  0.21020081E+02  0.22444884E+02
  0.23857001E+02  0.25257049E+02  0.26645036E+02  0.28021273E+02  0.29385599E+02
  0.30738230E+02  0.32078773E+02  0.33407557E+02  0.34724347E+02  0.36029119E+02
  0.37321850E+02  0.38602621E+02  0.39871452E+02  0.41128476E+02  0.42373800E+02
  0.43607632E+02  0.44830159E+02  0.46041609E+02  0.47242056E+02  0.48431617E+02
  0.49610295E+02  0.50778170E+02  0.51935282E+02  0.53081761E+02  0.54217618E+02
  0.55342938E+02  0.56457733E+02  0.57562070E+02  0.58656003E+02  0.59739764E+02
  0.60813390E+02  0.61877030E+02  0.62930720E+02  0.63974571E+02  0.65008649E+02
  0.66033109E+02  0.67048003E+02  0.68053459E+02  0.69049468E+02  0.70036108E+02
  0.71013434E+02  0.71981511E+02  0.72940365E+02  0.73890119E+02  0.74830846E+02
  0.75762653E+02  0.76685581E+02  0.77599673E+02  0.78504970E+02  0.79401572E+02
  0.80289546E+02  0.81169018E+02  0.82040034E+02  0.82902704E+02  0.83757073E+02
  0.84603203E+02  0.85441084E+02  0.86270765E+02  0.87092299E+02  0.87905779E+02
  0.88711247E+02  0.89508806E+02  0.90298489E+02  0.91080349E+02  0.91854412E+02
  0.92620742E+02  0.93379385E+02  0.94130428E+02  0.94873901E+02  0.95609903E+02
  0.96338467E+02  0.97059687E+02  0.97773610E+02  0.98480333E+02  0.99179898E+02
  0.99872364E+02  0.10055774E+03  0.10123611E+03  0.10190750E+03  0.10257198E+03
  0.10322958E+03  0.10388035E+03  0.10452434E+03  0.10516161E+03  0.10579222E+03
  0.10641626E+03  0.10703377E+03  0.10764483E+03  0.10824948E+03  0.10884776E+03
  0.10943967E+03  0.11002530E+03  0.11060472E+03  0.11117803E+03  0.11174525E+03
  0.11230645E+03  0.11286162E+03  0.11341082E+03  0.11395408E+03  0.11449147E+03
  0.11502303E+03  0.11554885E+03  0.11606894E+03  0.11658336E+03  0.11709217E+03
  0.11759544E+03  0.11809323E+03  0.11858558E+03  0.11907249E+03  0.11955396E+03
  0.12003003E+03  0.12050079E+03  0.12096625E+03  0.12142650E+03
   128
  0.10000000E+01  0.26205103E+01  0.37454429E+01  0.44124108E+01  0.47423048E+01
  0.48199074E+01  0.47296100E+01  0.45257500E+01  0.42466249E+01  0.39079838E+01
  0.35263715E+01  0.31218634E+01  0.27112970E+01  0.23101483E+01  0.19328804E+01
  0.15881325E+01  0.12848001E+01  0.10242903E+01  0.80868520E+00  0.63314810E+00
  0.49655606E+00  0.39088451E+00  0.31125592E+00  0.24989244E+00  0.20113461E+00
  0.16119076E+00  0.12855564E+00  0.10223254E+00  0.80729041E-01  0.62680610E-01
  0.47565477E-01  0.35393686E-01  0.26137212E-01  0.19369863E-01  0.14439095E-01
  0.10865179E-01  0.83513504E-02  0.66392503E-02  0.54231164E-02  0.44475177E-02
  0.36374257E-02  0.30204827E-02  0.25886291E-02  0.21913386E-02  0.17123926E-02
  0.11693702E-02  0.63844583E-03  0.23092800E-03 -0.32011348E-04  0.00000000E+00
  0.00000000E+00  0.00000000E+00  0.00000000E+00  0.00000000E+00  0.00000000E+00
  0.00000000E+00  0.00000000E+00  0.00000000E+00  0.00000000E+00  0.00000000E+00
  0.00000000E+00  0.00000000E+00  0.00000000E+00  0.00000000E+00  0.00000000E+00
  0.00000000E+00  0.00000000E+00  0.00000000E+00  0.00000000E+00  0.00000000E+00
  0.00000000E+00  0.00000000E+00  0.00000000E+00  0.00000000E+00  0.00000000E+00
  0.00000000E+00  0.00000000E+00  0.00000000E+00  0.00000000E+00  0.00000000E+00
  0.00000000E+00  0.00000000E+00  0.00000000E+00  0.00000000E+00  0.00000000E+00
  0.00000000E+00  0.00000000E+00  0.00000000E+00  0.00000000E+00  0.00000000E+00
  0.00000000E+00  0.00000000E+00  0.00000000E+00  0.00000000E+00  0.00000000E+00
  0.00000000E+00  0.00000000E+00  0.00000000E+00  0.00000000E+00  0.00000000E+00
  0.00000000E+00  0.00000000E+00  0.00000000E+00  0.00000000E+00  0.00000000E+00
  0.00000000E+00  0.00000000E+00  0.00000000E+00  0.00000000E+00  0.00000000E+00
  0.00000000E+00  0.00000000E+00  0.00000000E+00  0.00000000E+00  0.00000000E+00
  0.00000000E+00  0.00000000E+00  0.00000000E+00  0.00000000E+00  0.00000000E+00
  0.00000000E+00  0.00000000E+00  0.00000000E+00  0.00000000E+00  0.00000000E+00
  0.00000000E+00  0.00000000E+00  0.00000000E+00  0.00000000E+00
  0.10000000E+01  0.26774258E+01  0.39479061E+01  0.48611866E+01  0.55099182E+01
  0.59479725E+01  0.62220581E+01  0.63590774E+01  0.63811569E+01  0.62977926E+01
  0.61214499E+01  0.58668400E+01  0.55487011E+01  0.51836127E+01  0.47882224E+01
  0.43774164E+01  0.39662298E+01  0.35649771E+01  0.31840426E+01  0.28279631E+01
  0.25035626E+01  0.22087803E+01  0.19433154E+01  0.17028774E+01  0.14852401E+01
  0.12888209E+01  0.11130499E+01  0.95716711E+00  0.81992992E+00  0.69959064E+00
  0.59484890E+00  0.50444583E+00  0.42712710E+00  0.36119086E+00  0.30495648E+00
  0.25708074E+00  0.21643833E+00  0.18192440E+00  0.15246373E+00  0.12713769E+00
  0.10539759E+00  0.86863841E-01  0.71190504E-01  0.57947992E-01  0.46758787E-01
  0.37364976E-01  0.29557204E-01  0.23159684E-01  0.17972418E-01  0.13784855E-01
  0.10421010E-01  0.77846551E-02  0.58069163E-02  0.44005664E-02  0.34709648E-02
  0.28718294E-02  0.24407751E-02  0.20508921E-02  0.16481234E-02  0.12499834E-02
  0.88748148E-03  0.59413862E-03  0.40054648E-03  0.29927744E-03  0.25779918E-03
  0.24672116E-03  0.23578935E-03  0.21883236E-03  0.21571272E-03  0.22314827E-03
  0.25396404E-03  0.31419114E-03  0.39061850E-03  0.48864161E-03  0.57223609E-03
  0.60813505E-03  0.58638917E-03  0.52051900E-03  0.44526676E-03  0.38965758E-03
  0.35220306E-03  0.33834485E-03  0.33382673E-03  0.34217519E-03  0.36120052E-03
  0.37131944E-03  0.37423873E-03  0.37316025E-03  0.38199586E-03  0.40195188E-03
  0.43499524E-03  0.47166293E-03  0.51494384E-03  0.55549862E-03  0.58045524E-03
  0.57354014E-03  0.52974302E-03  0.45564726E-03  0.35442669E-03  0.25839091E-03
  0.18798678E-03  0.13599270E-03  0.97143206E-04  0.47386278E-04 -0.19725452E-04
  0.00000000E+00  0.00000000E+00  0.00000000E+00  0.00000000E+00  0.00000000E+00
  0.00000000E+00  0.00000000E+00  0.00000000E+00  0.00000000E+00  0.00000000E+00
  0.00000000E+00  0.00000000E+00  0.00000000E+00  0.00000000E+00  0.00000000E+00
  0.00000000E+00  0.00000000E+00  0.00000000E+00  0.00000000E+00  0.00000000E+00
  0.00000000E+00  0.00000000E+00  0.00000000E+00  0.00000000E+00
  0.10000000E+01  0.27206457E+01  0.40958444E+01  0.51728044E+01  0.60288347E+01
  0.67068561E+01  0.72382647E+01  0.76387081E+01  0.79214883E+01  0.80925715E+01
  0.81618011E+01  0.81382067E+01  0.80322142E+01  0.78546298E+01  0.76173797E+01
  0.73318026E+01  0.70101397E+01  0.66622734E+01  0.62988851E+01  0.59273760E+01
  0.55569614E+01  0.51905066E+01  0.48320634E+01  0.44824062E+01  0.41436826E+01
  0.38179726E+01  0.35074858E+01  0.32139245E+01  0.29385468E+01  0.26815800E+01
  0.24432741E+01  0.22233147E+01  0.20212439E+01  0.18360077E+01  0.16664150E+01
  0.15113678E+01  0.13698107E+01  0.12405508E+01  0.11224359E+01  0.10144399E+01
  0.91579388E+00  0.82585630E+00  0.74403322E+00  0.66971084E+00  0.60231911E+00
  0.54132237E+00  0.48622316E+00  0.43654359E+00  0.39179933E+00  0.35151809E+00
  0.31523364E+00  0.28257067E+00  0.25316954E+00  0.22676706E+00  0.20308502E+00
  0.18182218E+00  0.16267721E+00  0.14538470E+00  0.12976450E+00  0.11569449E+00
  0.10304449E+00  0.91689402E-01  0.81507267E-01  0.72405400E-01  0.64298555E-01
  0.57078380E-01  0.50622138E-01  0.44850386E-01  0.39717483E-01  0.35192884E-01
  0.31215417E-01  0.27691594E-01  0.24556671E-01  0.21764572E-01  0.19311116E-01
  0.17144970E-01  0.15204304E-01  0.13456475E-01  0.11884343E-01  0.10519216E-01
  0.93588060E-02  0.83437276E-02  0.74508074E-02  0.66624091E-02  0.59751922E-02
  0.53681990E-02  0.48070585E-02  0.42724972E-02  0.37746709E-02  0.33470964E-02
  0.29870231E-02  0.26580856E-02  0.23479741E-02  0.20608352E-02  0.18195333E-02
  0.16216842E-02  0.14373549E-02  0.12467567E-02  0.10731598E-02  0.93346280E-03
  0.81348581E-03  0.70676403E-03  0.60451899E-03  0.50975973E-03  0.43747497E-03
  0.37724931E-03  0.34433373E-03  0.32767477E-03  0.34188505E-03  0.39428409E-03
  0.45508203E-03  0.52683098E-03  0.58738708E-03  0.61725246E-03  0.60190568E-03
  0.54854569E-03  0.46154270E-03  0.36738080E-03  0.26280329E-03  0.15824046E-03
  0.68745537E-04  0.54387448E-05 -0.31130389E-04  0.00000000E+00  0.00000000E+00
  0.00000000E+00  0.00000000E+00  0.00000000E+00  0.00000000E+00
  0.10000000E+01  0.27539865E+01  0.42094996E+01  0.54056060E+01  0.64084325E+01
  0.72561173E+01  0.79755283E+01  0.85789749E+01  0.90754553E+01  0.94686979E+01
  0.97661529E+01  0.99739878E+01  0.10100054E+02  0.10151363E+02  0.10135984E+02
  0.10060898E+02  0.99340285E+01  0.97617973E+01  0.95517508E+01  0.93096373E+01
  0.90428561E+01  0.87550696E+01  0.84510484E+01  0.81335488E+01  0.78063241E+01
  0.74730441E+01  0.71374276E+01  0.68027721E+01  0.64720467E+01  0.61472942E+01
  0.58304776E+01  0.55229480E+01  0.52258140E+01  0.49396007E+01  0.46645655E+01
  0.44008942E+01  0.41486662E+01  0.39076851E+01  0.36776596E+01  0.34582895E+01
  0.32493762E+01  0.30506927E+01  0.28619803E+01  0.26829334E+01  0.25132267E+01
  0.23525505E+01  0.22006023E+01  0.20570439E+01  0.19214717E+01  0.17935205E+01
  0.16728046E+01  0.15590277E+01  0.14518672E+01  0.13510534E+01  0.12563063E+01
  0.11673547E+01  0.10839103E+01  0.10056863E+01  0.93242480E+00  0.86390559E+00
  0.79990995E+00  0.74021708E+00  0.68459580E+00  0.63280652E+00  0.58461742E+00
  0.53981079E+00  0.49816587E+00  0.45947282E+00  0.42350774E+00  0.39007398E+00
  0.35900557E+00  0.33016973E+00  0.30343768E+00  0.27865613E+00  0.25567968E+00
  0.23436026E+00  0.21457529E+00  0.19622512E+00  0.17922812E+00  0.16349478E+00
  0.14894774E+00  0.13550202E+00  0.12308314E+00  0.11163293E+00  0.10108722E+00
  0.91396582E-01  0.82515691E-01  0.74383718E-01  0.66928202E-01  0.60110390E-01
  0.53885356E-01  0.48220256E-01  0.43095480E-01  0.38455031E-01  0.34264753E-01
  0.30476103E-01  0.27052596E-01  0.23962034E-01  0.21171579E-01  0.18643584E-01
  0.16364864E-01  0.14328660E-01  0.12507201E-01  0.10893562E-01  0.94767313E-02
  0.82492308E-02  0.72025146E-02  0.63238677E-02  0.55945258E-02  0.50008346E-02
  0.45360329E-02  0.41699000E-02  0.38687624E-02  0.36123755E-02  0.33657390E-02
  0.31428114E-02  0.29488257E-02  0.27684987E-02  0.25937640E-02  0.24171239E-02
  0.22397282E-02  0.20731089E-02  0.19224568E-02  0.17754283E-02  0.16215662E-02
  0.14749701E-02  0.13540095E-02  0.12748758E-02  0.12383876E-02
  0.10000000E+01  0.27819894E+01  0.43053959E+01  0.56030909E+01  0.67317343E+01
  0.77243232E+01  0.86036629E+01  0.93792006E+01  0.10056955E+02  0.10638700E+02
  0.11129793E+02  0.11534169E+02  0.11857688E+02  0.12105050E+02  0.12282000E+02
  0.12393127E+02  0.12443894E+02  0.12438813E+02  0.12383497E+02  0.12282619E+02
  0.12142196E+02  0.11965985E+02  0.11758661E+02  0.11523612E+02  0.11264964E+02
  0.10986783E+02  0.10693129E+02  0.10387764E+02  0.10074243E+02  0.97553345E+01
  0.94337062E+01  0.91114947E+01  0.87905998E+01  0.84724243E+01  0.81580820E+01
  0.78485234E+01  0.75445537E+01  0.72467021E+01  0.69553907E+01  0.66709394E+01
  0.63936882E+01  0.61239096E+01  0.58617835E+01  0.56074661E+01  0.53610041E+01
  0.51223669E+01  0.48915327E+01  0.46684170E+01  0.44528723E+01  0.42448094E+01
  0.40440453E+01  0.38504691E+01  0.36639482E+01  0.34843867E+01  0.33116828E+01
  0.31457124E+01  0.29863411E+01  0.28334384E+01  0.26869006E+01  0.25466141E+01
  0.24124450E+01  0.22842357E+01  0.21618553E+01  0.20451969E+01  0.19341168E+01
  0.18284545E+01  0.17280212E+01  0.16326318E+01  0.15420940E+01  0.14562223E+01
  0.13748086E+01  0.12976605E+01  0.12245624E+01  0.11553119E+01  0.10897098E+01
  0.10275293E+01  0.96856425E+00  0.91262041E+00  0.85955987E+00  0.80926843E+00
  0.76164901E+00  0.71657618E+00  0.67393267E+00  0.63361048E+00  0.59547767E+00
  0.55941702E+00  0.52530860E+00  0.49305901E+00  0.46259179E+00  0.43386347E+00
  0.40678875E+00  0.38126621E+00  0.35720000E+00  0.33449358E+00  0.31308985E+00
  0.29291044E+00  0.27386536E+00  0.25585079E+00  0.23880225E+00  0.22271907E+00
  0.20760775E+00  0.19346838E+00  0.18025178E+00  0.16788749E+00  0.15633296E+00
  0.14556136E+00  0.13554805E+00  0.12624934E+00  0.11762024E+00  0.10961257E+00
  0.10219240E+00  0.95320898E-01  0.88965856E-01  0.83052714E-01  0.77503191E-01
  0.72289445E-01  0.67379779E-01  0.62781373E-01  0.58490602E-01  0.54469201E-01
  0.50718663E-01  0.47223566E-01  0.43976080E-01  0.40962890E-01  0.38157135E-01
  0.35543851E-01  0.33089727E-01  0.30782512E-01  0.28613000E-01
  0.10000000E+01  0.28001125E+01  0.43672279E+01  0.57295778E+01  0.69379576E+01
  0.80222928E+01  0.90038461E+01  0.98913690E+01  0.10689899E+02  0.11400268E+02
  0.12026444E+02  0.12571186E+02  0.13039157E+02  0.13433967E+02  0.13760172E+02
  0.14021215E+02  0.14221298E+02  0.14363864E+02  0.14453303E+02  0.14493364E+02
  0.14488879E+02  0.14443056E+02  0.14359883E+02  0.14242437E+02  0.14094411E+02
  0.13919465E+02  0.13721285E+02  0.13503342E+02  0.13268988E+02  0.13020958E+02
  0.12761941E+02  0.12494163E+02  0.12219662E+02  0.11940093E+02  0.11656839E+02
  0.11371140E+02  0.11084098E+02  0.10796590E+02  0.10509378E+02  0.10223160E+02
  0.99386122E+01  0.96563130E+01  0.93767700E+01  0.91004116E+01  0.88276036E+01
  0.85586259E+01  0.82937457E+01  0.80331724E+01  0.77770436E+01  0.75255390E+01
  0.72787533E+01  0.70368416E+01  0.67998945E+01  0.65680376E+01  0.63413774E+01
  0.61200172E+01  0.59040042E+01  0.56933869E+01  0.54882158E+01  0.52885414E+01
  0.50943944E+01  0.49057825E+01  0.47227355E+01  0.45452587E+01  0.43733476E+01
  0.42069623E+01  0.40460629E+01  0.38906056E+01  0.37405193E+01  0.35957146E+01
  0.34560762E+01  0.33214844E+01  0.31917886E+01  0.30668430E+01  0.29464996E+01
  0.28305854E+01  0.27189452E+01  0.26114354E+01  0.25079181E+01  0.24082894E+01
  0.23124565E+01  0.22203021E+01  0.21317113E+01  0.20465363E+01  0.19646069E+01
  0.18857935E+01  0.18099699E+01  0.17370262E+01  0.16668952E+01  0.15994946E+01
  0.15347491E+01  0.14726044E+01  0.14129692E+01  0.13557240E+01  0.13007138E+01
  0.12477574E+01  0.11967033E+01  0.11474697E+01  0.10999994E+01  0.10542987E+01
  0.10103974E+01  0.96828466E+00  0.92794848E+00  0.88936345E+00  0.85243428E+00
  0.81708647E+00  0.78323886E+00  0.75080494E+00  0.71973137E+00  0.68992822E+00
  0.66133950E+00  0.63389580E+00  0.60754656E+00  0.58223490E+00  0.55791752E+00
  0.53453201E+00  0.51201868E+00  0.49033452E+00  0.46945354E+00  0.44939035E+00
  0.43014196E+00  0.41172389E+00  0.39410843E+00  0.37725818E+00  0.36112446E+00
  0.34567812E+00  0.33089338E+00  0.31673370E+00  0.30317033E+00
  0.10000000E+01  0.28274074E+01  0.44604356E+01  0.59209351E+01  0.72513749E+01
  0.84767390E+01  0.96153000E+01  0.10674241E+02  0.11657080E+02  0.12563273E+02
  0.13394898E+02  0.14152950E+02  0.14840378E+02  0.15459196E+02  0.16012325E+02
  0.16501692E+02  0.16929872E+02  0.17298978E+02  0.17611845E+02  0.17871058E+02
  0.18079904E+02  0.18240904E+02  0.18357112E+02  0.18431155E+02  0.18466070E+02
  0.18464878E+02  0.18430621E+02  0.18366256E+02  0.18274724E+02  0.18158579E+02
  0.18020338E+02  0.17862217E+02  0.17686292E+02  0.17494406E+02  0.17288215E+02
  0.17069249E+02  0.16838901E+02  0.16598383E+02  0.16348840E+02  0.16091351E+02
  0.15826967E+02  0.15556644E+02  0.15281231E+02  0.15001512E+02  0.14718208E+02
  0.14431968E+02  0.14143434E+02  0.13853188E+02  0.13561739E+02  0.13269606E+02
  0.12977250E+02  0.12685171E+02  0.12393788E+02  0.12103556E+02  0.11814883E+02
  0.11528156E+02  0.11243726E+02  0.10961938E+02  0.10683152E+02  0.10407686E+02
  0.10135815E+02  0.98677982E+01  0.96039184E+01  0.93444360E+01  0.90895683E+01
  0.88395151E+01  0.85944203E+01  0.83544396E+01  0.81196865E+01  0.78902206E+01
  0.76660909E+01  0.74472994E+01  0.72338372E+01  0.70256682E+01  0.68227205E+01
  0.66249096E+01  0.64321474E+01  0.62443657E+01  0.60615231E+01  0.58835990E+01
  0.57105436E+01  0.55422971E+01  0.53787706E+01  0.52198388E+01  0.50653612E+01
  0.49151797E+01  0.47691514E+01  0.46271641E+01  0.44891605E+01  0.43550746E+01
  0.42248620E+01  0.40984548E+01  0.39757425E+01  0.38566124E+01  0.37408995E+01
  0.36284178E+01  0.35189877E+01  0.34124747E+01  0.33088251E+01  0.32080720E+01
  0.31102758E+01  0.30154644E+01  0.29235892E+01  0.28345492E+01  0.27482275E+01
  0.26645101E+01  0.25832883E+01  0.25044763E+01  0.24279801E+01  0.23537075E+01
  0.22815998E+01  0.22116132E+01  0.21436879E+01  0.20777531E+01  0.20136974E+01
  0.19514233E+01  0.18908557E+01  0.18319552E+01  0.17747099E+01  0.17191103E+01
  0.16651370E+01  0.16127696E+01  0.15619926E+01  0.15127870E+01  0.14651212E+01
  0.14189222E+01  0.13741366E+01  0.13306585E+01  0.12884429E+01
  0.10000000E+01  0.28478109E+01  0.45300519E+01  0.60635891E+01  0.74853899E+01
  0.88167025E+01  0.10074027E+02  0.11263560E+02  0.12388449E+02  0.13447278E+02
  0.14441128E+02  0.15369768E+02  0.16235134E+02  0.17038170E+02  0.17780853E+02
  0.18464181E+02  0.19089805E+02  0.19659004E+02  0.20173584E+02  0.20635296E+02
  0.21046307E+02  0.21408456E+02  0.21723875E+02  0.21994543E+02  0.22222719E+02
  0.22410677E+02  0.22560711E+02  0.22675093E+02  0.22756113E+02  0.22805829E+02
  0.22826311E+02  0.22819448E+02  0.22787066E+02  0.22730834E+02  0.22652307E+02
  0.22552940E+02  0.22434113E+02  0.22297089E+02  0.22143088E+02  0.21973281E+02
  0.21788828E+02  0.21590796E+02  0.21380173E+02  0.21157918E+02  0.20924912E+02
  0.20681972E+02  0.20429898E+02  0.20169472E+02  0.19901443E+02  0.19626559E+02
  0.19345534E+02  0.19059086E+02  0.18767852E+02  0.18472500E+02  0.18173682E+02
  0.17872021E+02  0.17568110E+02  0.17262514E+02  0.16955804E+02  0.16648511E+02
  0.16341114E+02  0.16034097E+02  0.15727950E+02  0.15423142E+02  0.15120113E+02
  0.14819252E+02  0.14520931E+02  0.14225505E+02  0.13933286E+02  0.13644540E+02
  0.13359497E+02  0.13078340E+02  0.12801215E+02  0.12528236E+02  0.12259489E+02
  0.11995017E+02  0.11734854E+02  0.11479052E+02  0.11227687E+02  0.10980833E+02
  0.10738545E+02  0.10500866E+02  0.10267820E+02  0.10039387E+02  0.98155024E+01
  0.95960753E+01  0.93810147E+01  0.91702467E+01  0.89637640E+01  0.87615496E+01
  0.85635916E+01  0.83698690E+01  0.81803190E+01  0.79948512E+01  0.78133183E+01
  0.76355424E+01  0.74613544E+01  0.72906546E+01  0.71234225E+01  0.69597165E+01
  0.67996243E+01  0.66431772E+01  0.64903583E+01  0.63410868E+01  0.61952207E+01
  0.60526514E+01  0.59132378E+01  0.57768595E+01  0.56434303E+01  0.55129049E+01
  0.53852614E+01  0.52604725E+01  0.51384893E+01  0.50192082E+01  0.49025000E+01
  0.47882440E+01  0.46763695E+01  0.45668376E+01  0.44596345E+01  0.43547287E+01
  0.42520993E+01  0.41517408E+01  0.40536434E+01  0.39578100E+01  0.38642130E+01
  0.37727707E+01  0.36834013E+01  0.35960319E+01  0.35105869E+01
  0.10000000E+01  0.28656742E+01  0.45910899E+01  0.61887028E+01  0.76910936E+01
  0.91159869E+01  0.10478437E+02  0.11783552E+02  0.13034662E+02  0.14229606E+02
  0.15369075E+02  0.16451777E+02  0.17479067E+02  0.18450965E+02  0.19368880E+02
  0.20233128E+02  0.21044798E+02  0.21804561E+02  0.22513521E+02  0.23172767E+02
  0.23783615E+02  0.24347306E+02  0.24865199E+02  0.25338648E+02  0.25769149E+02
  0.26158252E+02  0.26507523E+02  0.26818535E+02  0.27092908E+02  0.27332136E+02
  0.27537732E+02  0.27711110E+02  0.27853699E+02  0.27966825E+02  0.28051783E+02
  0.28109776E+02  0.28141982E+02  0.28149517E+02  0.28133484E+02  0.28094979E+02
  0.28035083E+02  0.27954803E+02  0.27855127E+02  0.27736996E+02  0.27601338E+02
  0.27449018E+02  0.27280912E+02  0.27097889E+02  0.26900788E+02  0.26690458E+02
  0.26467726E+02  0.26233424E+02  0.25988326E+02  0.25733220E+02  0.25468900E+02
  0.25196145E+02  0.24915679E+02  0.24628239E+02  0.24334557E+02  0.24035327E+02
  0.23731212E+02  0.23422861E+02  0.23110942E+02  0.22796100E+02  0.22478931E+02
  0.22159980E+02  0.21839792E+02  0.21518906E+02  0.21197812E+02  0.20876958E+02
  0.20556760E+02  0.20237576E+02  0.19919731E+02  0.19603520E+02  0.19289199E+02
  0.18976988E+02  0.18667091E+02  0.18359704E+02  0.18055051E+02  0.17753340E+02
  0.17454739E+02  0.17159425E+02  0.16867524E+02  0.16579122E+02  0.16294268E+02
  0.16012971E+02  0.15735251E+02  0.15461143E+02  0.15190692E+02  0.14923986E+02
  0.14661099E+02  0.14402081E+02  0.14146951E+02  0.13895684E+02  0.13648188E+02
  0.13404329E+02  0.13163982E+02  0.12927082E+02  0.12693669E+02  0.12463838E+02
  0.12237710E+02  0.12015367E+02  0.11796811E+02  0.11581985E+02  0.11370793E+02
  0.11163122E+02  0.10958874E+02  0.10757952E+02  0.10560293E+02  0.10365858E+02
  0.10174657E+02  0.99867028E+01  0.98019404E+01  0.96202860E+01  0.94416272E+01
  0.92658435E+01  0.90928780E+01  0.89227135E+01  0.87553458E+01  0.85907612E+01
  0.84289386E+01  0.82698734E+01  0.81135688E+01  0.79600261E+01  0.78092307E+01
  0.76611260E+01  0.75156337E+01  0.73726849E+01  0.72321910E+01
  0.10000000E+01  0.28786351E+01  0.46357257E+01  0.62803725E+01  0.78425838E+01
  0.93371525E+01  0.10778332E+02  0.12169895E+02  0.13515920E+02  0.14813503E+02
  0.16063780E+02  0.17264588E+02  0.18417367E+02  0.19521397E+02  0.20577995E+02
  0.21586959E+02  0.22549195E+02  0.23464977E+02  0.24335078E+02  0.25160151E+02
  0.25941056E+02  0.26678616E+02  0.27373691E+02  0.28027193E+02  0.28640099E+02
  0.29213458E+02  0.29748314E+02  0.30245712E+02  0.30706767E+02  0.31132487E+02
  0.31523942E+02  0.31882121E+02  0.32208061E+02  0.32502703E+02  0.32767025E+02
  0.33001901E+02  0.33208231E+02  0.33386842E+02  0.33538619E+02  0.33664398E+02
  0.33765051E+02  0.33841390E+02  0.33894234E+02  0.33924344E+02  0.33932516E+02
  0.33919497E+02  0.33886062E+02  0.33832976E+02  0.33761012E+02  0.33670931E+02
  0.33563499E+02  0.33439503E+02  0.33299685E+02  0.33144805E+02  0.32975624E+02
  0.32792901E+02  0.32597368E+02  0.32389764E+02  0.32170838E+02  0.31941314E+02
  0.31701889E+02  0.31453254E+02  0.31196125E+02  0.30931186E+02  0.30659108E+02
  0.30380537E+02  0.30096085E+02  0.29806381E+02  0.29512000E+02  0.29213487E+02
  0.28911364E+02  0.28606118E+02  0.28298200E+02  0.27988048E+02  0.27676041E+02
  0.27362550E+02  0.27047919E+02  0.26732467E+02  0.26416564E+02  0.26100529E+02
  0.25784663E+02  0.25469257E+02  0.25154565E+02  0.24840804E+02  0.24528160E+02
  0.24216779E+02  0.23906809E+02  0.23598398E+02  0.23291708E+02  0.22986925E+02
  0.22684215E+02  0.22383729E+02  0.22085591E+02  0.21789877E+02  0.21496610E+02
  0.21205752E+02  0.20917289E+02  0.20631266E+02  0.20347766E+02  0.20066945E+02
  0.19788967E+02  0.19513944E+02  0.19241919E+02  0.18972881E+02  0.18706786E+02
  0.18443571E+02  0.18183187E+02  0.17925609E+02  0.17670835E+02  0.17418877E+02
  0.17169779E+02  0.16923590E+02  0.16680313E+02  0.16439900E+02  0.16202271E+02
  0.15967338E+02  0.15735072E+02  0.15505472E+02  0.15278549E+02  0.15054286E+02
  0.14832690E+02  0.14613753E+02  0.14397485E+02  0.14183900E+02  0.13973011E+02
  0.13764800E+02  0.13559228E+02  0.13356262E+02  0.13155845E+02
  0.10000000E+01  0.28900439E+01  0.46753125E+01  0.63618915E+01  0.79776657E+01
  0.95345534E+01  0.11046160E+02  0.12514671E+02  0.13945005E+02  0.15333404E+02
  0.16681676E+02  0.17986769E+02  0.19250430E+02  0.20471192E+02  0.21650434E+02
  0.22787447E+02  0.23883065E+02  0.24937188E+02  0.25950366E+02  0.26922895E+02
  0.27855294E+02  0.28748060E+02  0.29601689E+02  0.30416761E+02  0.31193887E+02
  0.31933719E+02  0.32636916E+02  0.33304108E+02  0.33936037E+02  0.34533321E+02
  0.35096694E+02  0.35626792E+02  0.36124364E+02  0.36590007E+02  0.37024437E+02
  0.37428237E+02  0.37802097E+02  0.38146600E+02  0.38462433E+02  0.38750188E+02
  0.39010567E+02  0.39244149E+02  0.39451587E+02  0.39633483E+02  0.39790490E+02
  0.39923220E+02  0.40032306E+02  0.40118386E+02  0.40182117E+02  0.40224131E+02
  0.40245102E+02  0.40245706E+02  0.40226609E+02  0.40188465E+02  0.40131975E+02
  0.40057827E+02  0.39966685E+02  0.39859251E+02  0.39736211E+02  0.39598266E+02
  0.39446091E+02  0.39280359E+02  0.39101763E+02  0.38910995E+02  0.38708715E+02
  0.38495564E+02  0.38272191E+02  0.38039234E+02  0.37797307E+02  0.37547017E+02
  0.37288951E+02  0.37023667E+02  0.36751700E+02  0.36473547E+02  0.36189687E+02
  0.35900584E+02  0.35606684E+02  0.35308423E+02  0.35006242E+02  0.34700552E+02
  0.34391749E+02  0.34080202E+02  0.33766275E+02  0.33450312E+02  0.33132608E+02
  0.32813451E+02  0.32493101E+02  0.32171795E+02  0.31849806E+02  0.31527408E+02
  0.31204866E+02  0.30882437E+02  0.30560335E+02  0.30238742E+02  0.29917764E+02
  0.29597501E+02  0.29278038E+02  0.28959505E+02  0.28642079E+02  0.28325958E+02
  0.28011355E+02  0.27698419E+02  0.27387272E+02  0.27077978E+02  0.26770546E+02
  0.26464996E+02  0.26161338E+02  0.25859592E+02  0.25559818E+02  0.25262103E+02
  0.24966551E+02  0.24673255E+02  0.24382247E+02  0.24093500E+02  0.23806988E+02
  0.23522659E+02  0.23240521E+02  0.22960614E+02  0.22682973E+02  0.22407611E+02
  0.22134522E+02  0.21863729E+02  0.21595260E+02  0.21329140E+02  0.21065420E+02
  0.20804110E+02  0.20545195E+02  0.20288655E+02  0.20034456E+02
  0.10000000E+01  0.28951982E+01  0.46937521E+01  0.64003526E+01  0.80422536E+01
  0.96297909E+01  0.11176343E+02  0.12682912E+02  0.14155073E+02  0.15588506E+02
  0.16985765E+02  0.18343343E+02  0.19663505E+02  0.20944396E+02  0.22187707E+02
  0.23392449E+02  0.24559633E+02  0.25688927E+02  0.26780956E+02  0.27835832E+02
  0.28854092E+02  0.29836059E+02  0.30782196E+02  0.31692908E+02  0.32568735E+02
  0.33410150E+02  0.34217741E+02  0.34991963E+02  0.35733452E+02  0.36442646E+02
  0.37120192E+02  0.37766534E+02  0.38382322E+02  0.38967970E+02  0.39524102E+02
  0.40051113E+02  0.40549596E+02  0.41019962E+02  0.41462783E+02  0.41878477E+02
  0.42267643E+02  0.42630704E+02  0.42968206E+02  0.43280593E+02  0.43568400E+02
  0.43832073E+02  0.44072139E+02  0.44289090E+02  0.44483462E+02  0.44655760E+02
  0.44806519E+02  0.44936288E+02  0.45045584E+02  0.45134930E+02  0.45204890E+02
  0.45256024E+02  0.45288876E+02  0.45304017E+02  0.45302013E+02  0.45283450E+02
  0.45248881E+02  0.45198866E+02  0.45134004E+02  0.45054871E+02  0.44962028E+02
  0.44856025E+02  0.44737428E+02  0.44606782E+02  0.44464631E+02  0.44311511E+02
  0.44147944E+02  0.43974448E+02  0.43791502E+02  0.43599580E+02  0.43399116E+02
  0.43190561E+02  0.42974353E+02  0.42750896E+02  0.42520640E+02  0.42283997E+02
  0.42041349E+02  0.41793077E+02  0.41539561E+02  0.41281160E+02  0.41018205E+02
  0.40751028E+02  0.40479933E+02  0.40205206E+02  0.39927159E+02  0.39646089E+02
  0.39362306E+02  0.39076098E+02  0.38787734E+02  0.38497426E+02  0.38205372E+02
  0.37911735E+02  0.37616676E+02  0.37320416E+02  0.37023177E+02  0.36725215E+02
  0.36426771E+02  0.36128047E+02  0.35829192E+02  0.35530318E+02  0.35231538E+02
  0.34932931E+02  0.34634582E+02  0.34336595E+02  0.34039072E+02  0.33742134E+02
  0.33445926E+02  0.33150556E+02  0.32856116E+02  0.32562650E+02  0.32270182E+02
  0.31978734E+02  0.31688332E+02  0.31399053E+02  0.31110951E+02  0.30824077E+02
  0.30538473E+02  0.30254179E+02  0.29971256E+02  0.29689774E+02  0.29409784E+02
  0.29131308E+02  0.28854391E+02  0.28579036E+02  0.28305232E+02
  0.10000000E+01  0.29009641E+01  0.47141795E+01  0.64429395E+01  0.81134927E+01
  0.97346712E+01  0.11319377E+02  0.12867612E+02  0.14385331E+02  0.15867780E+02
  0.17317993E+02  0.18732080E+02  0.20112624E+02  0.21457425E+02  0.22768346E+02
  0.24044129E+02  0.25285861E+02  0.26492975E+02  0.27666114E+02  0.28805185E+02
  0.29910682E+02  0.30982737E+02  0.32021747E+02  0.33027937E+02  0.34001775E+02
  0.34943534E+02  0.35853716E+02  0.36732595E+02  0.37580705E+02  0.38398301E+02
  0.39185941E+02  0.39943896E+02  0.40672725E+02  0.41372682E+02  0.42044307E+02
  0.42687841E+02  0.43303799E+02  0.43892458E+02  0.44454321E+02  0.44989670E+02
  0.45499006E+02  0.45982631E+02  0.46441009E+02  0.46874456E+02  0.47283441E+02
  0.47668291E+02  0.48029458E+02  0.48367322E+02  0.48682328E+02  0.48974871E+02
  0.49245401E+02  0.49494348E+02  0.49722143E+02  0.49929218E+02  0.50116040E+02
  0.50283075E+02  0.50430782E+02  0.50559621E+02  0.50670077E+02  0.50762630E+02
  0.50837739E+02  0.50895892E+02  0.50937585E+02  0.50963316E+02  0.50973573E+02
  0.50968820E+02  0.50949539E+02  0.50916216E+02  0.50869309E+02  0.50809317E+02
  0.50736711E+02  0.50651959E+02  0.50555514E+02  0.50447791E+02  0.50329213E+02
  0.50200175E+02  0.50061094E+02  0.49912377E+02  0.49754443E+02  0.49587700E+02
  0.49412513E+02  0.49229254E+02  0.49038295E+02  0.48840003E+02  0.48634710E+02
  0.48422770E+02  0.48204518E+02  0.47980260E+02  0.47750325E+02  0.47515035E+02
  0.47274705E+02  0.47029654E+02  0.46780184E+02  0.46526565E+02  0.46269027E+02
  0.46007800E+02  0.45743102E+02  0.45475172E+02  0.45204285E+02  0.44930729E+02
  0.44654775E+02  0.44376659E+02  0.44096578E+02  0.43814691E+02  0.43531158E+02
  0.43246117E+02  0.42959708E+02  0.42672085E+02  0.42383398E+02  0.42093837E+02
  0.41803571E+02  0.41512764E+02  0.41221558E+02  0.40930041E+02  0.40638294E+02
  0.40346380E+02  0.40054371E+02  0.39762358E+02  0.39470440E+02  0.39178707E+02
  0.38887218E+02  0.38596062E+02  0.38305333E+02  0.38015111E+02  0.37725479E+02
  0.37436492E+02  0.37148198E+02  0.36860649E+02  0.36573860E+02
  0.10000000E+01  0.29030000E+01  0.47216975E+01  0.64591671E+01  0.81412896E+01
  0.97765360E+01  0.11377365E+02  0.12943497E+02  0.14480806E+02  0.15984587E+02
  0.17457994E+02  0.18897228E+02  0.20304995E+02  0.21679127E+02  0.23021593E+02
  0.24331116E+02  0.25608871E+02  0.26854230E+02  0.28067933E+02  0.29249809E+02
  0.30400444E+02  0.31519871E+02  0.32608578E+02  0.33666671E+02  0.34694697E+02
  0.35692823E+02  0.36661621E+02  0.37601260E+02  0.38512337E+02  0.39394996E+02
  0.40249838E+02  0.41077036E+02  0.41877176E+02  0.42650420E+02  0.43397291E+02
  0.44117964E+02  0.44812937E+02  0.45482408E+02  0.46126851E+02  0.46746480E+02
  0.47341756E+02  0.47912916E+02  0.48460393E+02  0.48984428E+02  0.49485442E+02
  0.49963701E+02  0.50419593E+02  0.50853421E+02  0.51265585E+02  0.51656409E+02
  0.52026284E+02  0.52375566E+02  0.52704612E+02  0.53013777E+02  0.53303448E+02
  0.53574010E+02  0.53825832E+02  0.54059314E+02  0.54274876E+02  0.54472917E+02
  0.54653832E+02  0.54818022E+02  0.54965892E+02  0.55097858E+02  0.55214326E+02
  0.55315695E+02  0.55402362E+02  0.55474748E+02  0.55533243E+02  0.55578242E+02
  0.55610148E+02  0.55629342E+02  0.55636192E+02  0.55631061E+02  0.55614299E+02
  0.55586246E+02  0.55547253E+02  0.55497675E+02  0.55437871E+02  0.55368177E+02
  0.55288936E+02  0.55200466E+02  0.55103083E+02  0.54997121E+02  0.54882877E+02
  0.54760661E+02  0.54630773E+02  0.54493480E+02  0.54349086E+02  0.54197876E+02
  0.54040140E+02  0.53876172E+02  0.53706240E+02  0.53530589E+02  0.53349445E+02
  0.53163027E+02  0.52971543E+02  0.52775242E+02  0.52574392E+02  0.52369263E+02
  0.52160136E+02  0.51947242E+02  0.51730766E+02  0.51510891E+02  0.51287779E+02
  0.51061597E+02  0.50832512E+02  0.50600683E+02  0.50366281E+02  0.50129497E+02
  0.49890514E+02  0.49649500E+02  0.49406614E+02  0.49161978E+02  0.48915690E+02
  0.48667837E+02  0.48418527E+02  0.48167865E+02  0.47915975E+02  0.47662958E+02
  0.47408923E+02  0.47153983E+02  0.46898236E+02  0.46641784E+02  0.46384723E+02
  0.46127140E+02  0.45869082E+02  0.45610631E+02  0.45351843E+02
  0.10000000E+01  0.29065211E+01  0.47342632E+01  0.64857050E+01  0.81859689E+01
  0.98427894E+01  0.11468064E+02  0.13061061E+02  0.14627592E+02  0.16162890E+02
  0.17670204E+02  0.19145700E+02  0.20592146E+02  0.22007316E+02  0.23393197E+02
  0.24748456E+02  0.26074265E+02  0.27369930E+02  0.28636185E+02  0.29872776E+02
  0.31080293E+02  0.32258667E+02  0.33408395E+02  0.34529475E+02  0.35622461E+02
  0.36687403E+02  0.37724892E+02  0.38734959E+02  0.39718200E+02  0.40674650E+02
  0.41604898E+02  0.42509019E+02  0.43387572E+02  0.44240628E+02  0.45068693E+02
  0.45871857E+02  0.46650588E+02  0.47405015E+02  0.48135577E+02  0.48842415E+02
  0.49525953E+02  0.50186354E+02  0.50824007E+02  0.51439084E+02  0.52031979E+02
  0.52602871E+02  0.53152127E+02  0.53679974E+02  0.54186760E+02  0.54672740E+02
  0.55138250E+02  0.55583585E+02  0.56009054E+02  0.56414951E+02  0.56801598E+02
  0.57169327E+02  0.57518450E+02  0.57849296E+02  0.58162205E+02  0.58457532E+02
  0.58735603E+02  0.58996757E+02  0.59241342E+02  0.59469709E+02  0.59682196E+02
  0.59879137E+02  0.60060879E+02  0.60227781E+02  0.60380172E+02  0.60518405E+02
  0.60642832E+02  0.60753775E+02  0.60851568E+02  0.60936521E+02  0.61008937E+02
  0.61069126E+02  0.61117394E+02  0.61154055E+02  0.61179411E+02  0.61193781E+02
  0.61197458E+02  0.61190729E+02  0.61173899E+02  0.61147249E+02  0.61111068E+02
  0.61065638E+02  0.61011241E+02  0.60948139E+02  0.60876598E+02  0.60796905E+02
  0.60709338E+02  0.60614171E+02  0.60511662E+02  0.60402060E+02  0.60285589E+02
  0.60162456E+02  0.60032894E+02  0.59897141E+02  0.59755455E+02  0.59608105E+02
  0.59455346E+02  0.59297420E+02  0.59134528E+02  0.58966848E+02  0.58794577E+02
  0.58617884E+02  0.58436943E+02  0.58251942E+02  0.58063071E+02  0.57870521E+02
  0.57674498E+02  0.57475189E+02  0.57272771E+02  0.57067384E+02  0.56859145E+02
  0.56648174E+02  0.56434586E+02  0.56218516E+02  0.56000098E+02  0.55779463E+02
  0.55556719E+02  0.55331985E+02  0.55105386E+02  0.54877028E+02  0.54647041E+02
  0.54415522E+02  0.54182565E+02  0.53948251E+02  0.53712646E+02
  0.10000000E+01  0.29079956E+01  0.47397737E+01  0.64977993E+01  0.82069006E+01
  0.98746525E+01  0.11512546E+02  0.13119738E+02  0.14701847E+02  0.16254226E+02
  0.17780085E+02  0.19275767E+02  0.20744017E+02  0.22182751E+02  0.23593927E+02
  0.24976312E+02  0.26331047E+02  0.27657494E+02  0.28956378E+02  0.30227471E+02
  0.31471371E+02  0.32687991E+02  0.33877865E+02  0.35040932E+02  0.36177809E+02
  0.37288457E+02  0.38373533E+02  0.39432985E+02  0.40467479E+02  0.41476962E+02
  0.42462073E+02  0.43422826E+02  0.44359791E+02  0.45273004E+02  0.46162942E+02
  0.47029675E+02  0.47873636E+02  0.48694944E+02  0.49493996E+02  0.50270928E+02
  0.51026120E+02  0.51759696E+02  0.52472030E+02  0.53163242E+02  0.53833696E+02
  0.54483540E+02  0.55113117E+02  0.55722594E+02  0.56312315E+02  0.56882466E+02
  0.57433359E+02  0.57965221E+02  0.58478346E+02  0.58972970E+02  0.59449382E+02
  0.59907866E+02  0.60348694E+02  0.60772158E+02  0.61178530E+02  0.61568116E+02
  0.61941190E+02  0.62298049E+02  0.62638994E+02  0.62964320E+02  0.63274313E+02
  0.63569257E+02  0.63849447E+02  0.64115166E+02  0.64366709E+02  0.64604365E+02
  0.64828438E+02  0.65039199E+02  0.65236930E+02  0.65421871E+02  0.65594291E+02
  0.65754448E+02  0.65902578E+02  0.66038967E+02  0.66163874E+02  0.66277566E+02
  0.66380298E+02  0.66472307E+02  0.66553843E+02  0.66625144E+02  0.66686463E+02
  0.66738029E+02  0.66780084E+02  0.66812849E+02  0.66836569E+02  0.66851470E+02
  0.66857791E+02  0.66855765E+02  0.66845621E+02  0.66827566E+02  0.66801806E+02
  0.66768517E+02  0.66727916E+02  0.66680208E+02  0.66625621E+02  0.66564407E+02
  0.66496793E+02  0.66423006E+02  0.66343237E+02  0.66257634E+02  0.66166378E+02
  0.66069637E+02  0.65967572E+02  0.65860363E+02  0.65748183E+02  0.65631227E+02
  0.65509679E+02  0.65383713E+02  0.65253493E+02  0.65119149E+02  0.64980814E+02
  0.64838609E+02  0.64692662E+02  0.64543110E+02  0.64390088E+02  0.64233732E+02
  0.64074165E+02  0.63911516E+02  0.63745914E+02  0.63577488E+02  0.63406367E+02
  0.63232655E+02  0.63056438E+02  0.62877809E+02  0.62696852E+02
  0.10000000E+01  0.29098592E+01  0.47464978E+01  0.65121534E+01  0.82312705E+01
  0.99110779E+01  0.11562761E+02  0.13185273E+02  0.14784128E+02  0.16354685E+02
  0.17900134E+02  0.19416861E+02  0.20907572E+02  0.22370235E+02  0.23806735E+02
  0.25215891E+02  0.26598768E+02  0.27954785E+02  0.29284584E+02  0.30587969E+02
  0.31865485E+02  0.33117026E+02  0.34343111E+02  0.35543626E+02  0.36719203E+02
  0.37869721E+02  0.38995871E+02  0.40097517E+02  0.41175358E+02  0.42229252E+02
  0.43259856E+02  0.44267122E+02  0.45251618E+02  0.46213347E+02  0.47152764E+02
  0.48069928E+02  0.48965224E+02  0.49838773E+02  0.50690924E+02  0.51521809E+02
  0.52331772E+02  0.53120932E+02  0.53889630E+02  0.54637962E+02  0.55366283E+02
  0.56074682E+02  0.56763519E+02  0.57432910E+02  0.58083198E+02  0.58714529E+02
  0.59327224E+02  0.59921464E+02  0.60497514E+02  0.61055591E+02  0.61595953E+02
  0.62118868E+02  0.62624577E+02  0.63113349E+02  0.63585432E+02  0.64041100E+02
  0.64480610E+02  0.64904224E+02  0.65312213E+02  0.65704841E+02  0.66082394E+02
  0.66445117E+02  0.66793288E+02  0.67127132E+02  0.67446938E+02  0.67752965E+02
  0.68045468E+02  0.68324716E+02  0.68590973E+02  0.68844462E+02  0.69085410E+02
  0.69314056E+02  0.69530616E+02  0.69735339E+02  0.69928459E+02  0.70110233E+02
  0.70280885E+02  0.70440639E+02  0.70589725E+02  0.70728356E+02  0.70856751E+02
  0.70975134E+02  0.71083723E+02  0.71182719E+02  0.71272343E+02  0.71352796E+02
  0.71424309E+02  0.71487083E+02  0.71541340E+02  0.71587254E+02  0.71625034E+02
  0.71654850E+02  0.71676892E+02  0.71691343E+02  0.71698435E+02  0.71698382E+02
  0.71691397E+02  0.71677679E+02  0.71657410E+02  0.71630757E+02  0.71597891E+02
  0.71558939E+02  0.71514080E+02  0.71463465E+02  0.71407254E+02  0.71345624E+02
  0.71278753E+02  0.71206828E+02  0.71129998E+02  0.71048406E+02  0.70962168E+02
  0.70871403E+02  0.70776236E+02  0.70676786E+02  0.70573197E+02  0.70465622E+02
  0.70354172E+02  0.70238983E+02  0.70120183E+02  0.69997894E+02  0.69872236E+02
  0.69743287E+02  0.69611168E+02  0.69475959E+02  0.69337738E+02
  0.10000000E+01  0.29106287E+01  0.47494960E+01  0.65188506E+01  0.82430900E+01
  0.99292734E+01  0.11588479E+02  0.13219497E+02  0.14827799E+02  0.16408737E+02
  0.17965518E+02  0.19494606E+02  0.20998689E+02  0.22475841E+02  0.23927886E+02
  0.25353767E+02  0.26754461E+02  0.28129508E+02  0.29479468E+02  0.30804232E+02
  0.32104293E+02  0.33379588E+02  0.34630630E+02  0.35857296E+02  0.37060237E+02
  0.38239300E+02  0.39395235E+02  0.40527835E+02  0.41637853E+02  0.42725104E+02
  0.43790280E+02  0.44833297E+02  0.45854731E+02  0.46854587E+02  0.47833287E+02
  0.48790905E+02  0.49727782E+02  0.50644068E+02  0.51540056E+02  0.52415907E+02
  0.53271922E+02  0.54108229E+02  0.54925140E+02  0.55722731E+02  0.56501363E+02
  0.57261079E+02  0.58002253E+02  0.58724962E+02  0.59429565E+02  0.60116156E+02
  0.60785072E+02  0.61436449E+02  0.62070548E+02  0.62687556E+02  0.63287725E+02
  0.63871285E+02  0.64438465E+02  0.64989511E+02  0.65524653E+02  0.66044143E+02
  0.66548207E+02  0.67037095E+02  0.67511051E+02  0.67970312E+02  0.68415131E+02
  0.68845726E+02  0.69262365E+02  0.69665254E+02  0.70054659E+02  0.70430802E+02
  0.70793931E+02  0.71144255E+02  0.71482002E+02  0.71807382E+02  0.72120599E+02
  0.72421864E+02  0.72711390E+02  0.72989394E+02  0.73256080E+02  0.73511676E+02
  0.73756370E+02  0.73990357E+02  0.74213851E+02  0.74427036E+02  0.74630129E+02
  0.74823313E+02  0.75006779E+02  0.75180691E+02  0.75345253E+02  0.75500637E+02
  0.75647049E+02  0.75784677E+02  0.75913723E+02  0.76034340E+02  0.76146704E+02
  0.76250937E+02  0.76347232E+02  0.76435730E+02  0.76516651E+02  0.76590191E+02
  0.76656563E+02  0.76715932E+02  0.76768462E+02  0.76814284E+02  0.76853548E+02
  0.76886378E+02  0.76912935E+02  0.76933360E+02  0.76947808E+02  0.76956435E+02
  0.76959391E+02  0.76956835E+02  0.76948897E+02  0.76935705E+02  0.76917371E+02
  0.76894019E+02  0.76865766E+02  0.76832733E+02  0.76795041E+02  0.76752818E+02
  0.76706185E+02  0.76655259E+02  0.76600165E+02  0.76541021E+02  0.76477934E+02
  0.76411000E+02  0.76340307E+02  0.76265932E+02  0.76187970E+02
  0.10000000E+01  0.29135368E+01  0.47598475E+01  0.65406772E+01  0.82798169E+01
  0.99836769E+01  0.11662962E+02  0.13316081E+02  0.14948458E+02  0.16555340E+02
  0.18139949E+02  0.19698705E+02  0.21234251E+02  0.22744654E+02  0.24231638E+02
  0.25694175E+02  0.27133106E+02  0.28548022E+02  0.29939341E+02  0.31306984E+02
  0.32651330E+02  0.33972309E+02  0.35270376E+02  0.36545368E+02  0.37797905E+02
  0.39027747E+02  0.40235642E+02  0.41421273E+02  0.42585406E+02  0.43727747E+02
  0.44848996E+02  0.45948983E+02  0.47028280E+02  0.48086826E+02  0.49125013E+02
  0.50142895E+02  0.51140755E+02  0.52118738E+02  0.53077090E+02  0.54015970E+02
  0.54935634E+02  0.55836170E+02  0.56717880E+02  0.57580801E+02  0.58425277E+02
  0.59251310E+02  0.60059285E+02  0.60849217E+02  0.61621481E+02  0.62376117E+02
  0.63113450E+02  0.63833576E+02  0.64536744E+02  0.65223111E+02  0.65892894E+02
  0.66546311E+02  0.67183555E+02  0.67804851E+02  0.68410395E+02  0.69000425E+02
  0.69575130E+02  0.70134737E+02  0.70679474E+02  0.71209536E+02  0.71725172E+02
  0.72226567E+02  0.72713975E+02  0.73187563E+02  0.73647590E+02  0.74094240E+02
  0.74527748E+02  0.74948312E+02  0.75356132E+02  0.75751397E+02  0.76134302E+02
  0.76505036E+02  0.76863782E+02  0.77210747E+02  0.77546111E+02  0.77870088E+02
  0.78182851E+02  0.78484587E+02  0.78775492E+02  0.79055743E+02  0.79325526E+02
  0.79585007E+02  0.79834390E+02  0.80073811E+02  0.80303456E+02  0.80523499E+02
  0.80734134E+02  0.80935515E+02  0.81127841E+02  0.81311255E+02  0.81485915E+02
  0.81651954E+02  0.81809553E+02  0.81958848E+02  0.82100057E+02  0.82233344E+02
  0.82358916E+02  0.82476919E+02  0.82587527E+02  0.82690851E+02  0.82787047E+02
  0.82876228E+02  0.82958557E+02  0.83034159E+02  0.83103184E+02  0.83165786E+02
  0.83222123E+02  0.83272340E+02  0.83316572E+02  0.83354938E+02  0.83387552E+02
  0.83414529E+02  0.83435967E+02  0.83452010E+02  0.83462791E+02  0.83468423E+02
  0.83469030E+02  0.83464741E+02  0.83455650E+02  0.83441876E+02  0.83423539E+02
  0.83400731E+02  0.83373539E+02  0.83342057E+02  0.83306373E+02
  0.10000000E+01  0.29128313E+01  0.47578057E+01  0.65369352E+01  0.82744710E+01
  0.99769505E+01  0.11655259E+02  0.13307749E+02  0.14939955E+02  0.16547111E+02
  0.18132585E+02  0.19692859E+02  0.21230708E+02  0.22744271E+02  0.24235358E+02
  0.25703022E+02  0.27148162E+02  0.28570434E+02  0.29970308E+02  0.31347745E+02
  0.32703178E+02  0.34036536E+02  0.35348310E+02  0.36638316E+02  0.37907218E+02
  0.39154744E+02  0.40381717E+02  0.41587785E+02  0.42773774E+02  0.43939353E+02
  0.45085248E+02  0.46211281E+02  0.47318010E+02  0.48405390E+02  0.49473774E+02
  0.50523255E+02  0.51554056E+02  0.52566355E+02  0.53560341E+02  0.54536189E+02
  0.55494105E+02  0.56434198E+02  0.57356729E+02  0.58261711E+02  0.59149493E+02
  0.60020025E+02  0.60873701E+02  0.61710479E+02  0.62530754E+02  0.63334497E+02
  0.64122062E+02  0.64893476E+02  0.65649006E+02  0.66388738E+02  0.67112889E+02
  0.67821633E+02  0.68515152E+02  0.69193627E+02  0.69857246E+02  0.70506205E+02
  0.71140671E+02  0.71760850E+02  0.72366937E+02  0.72959103E+02  0.73537579E+02
  0.74102506E+02  0.74654109E+02  0.75192518E+02  0.75717956E+02  0.76230580E+02
  0.76730593E+02  0.77218156E+02  0.77693462E+02  0.78156669E+02  0.78607917E+02
  0.79047385E+02  0.79475221E+02  0.79891598E+02  0.80296672E+02  0.80690628E+02
  0.81073633E+02  0.81445847E+02  0.81807424E+02  0.82158521E+02  0.82499293E+02
  0.82829877E+02  0.83150462E+02  0.83461146E+02  0.83762128E+02  0.84053523E+02
  0.84335518E+02  0.84608232E+02  0.84871841E+02  0.85126445E+02  0.85372217E+02
  0.85609250E+02  0.85837732E+02  0.86057753E+02  0.86269530E+02  0.86473190E+02
  0.86668934E+02  0.86856878E+02  0.87037190E+02  0.87209974E+02  0.87375380E+02
  0.87533497E+02  0.87684473E+02  0.87828434E+02  0.87965509E+02  0.88095823E+02
  0.88219524E+02  0.88336748E+02  0.88447616E+02  0.88552236E+02  0.88650709E+02
  0.88743141E+02  0.88829643E+02  0.88910327E+02  0.88985331E+02  0.89054782E+02
  0.89118792E+02  0.89177461E+02  0.89230911E+02  0.89279242E+02  0.89322556E+02
  0.89360957E+02  0.89394525E+02  0.89423329E+02  0.89447485E+02
  0.10000000E+01  0.29118390E+01  0.47546015E+01  0.65305508E+01  0.82643779E+01
  0.99627621E+01  0.11636825E+02  0.13284894E+02  0.14912619E+02  0.16515182E+02
  0.18096060E+02  0.19651750E+02  0.21185118E+02  0.22694344E+02  0.24181298E+02
  0.25645094E+02  0.27086660E+02  0.28505728E+02  0.29902774E+02  0.31277820E+02
  0.32631312E+02  0.33963219E+02  0.35274045E+02  0.36563628E+02  0.37832653E+02
  0.39080876E+02  0.40309151E+02  0.41517129E+02  0.42705692E+02  0.43874495E+02
  0.45024297E+02  0.46154928E+02  0.47266949E+02  0.48360355E+02  0.49435474E+02
  0.50492433E+02  0.51531431E+02  0.52552675E+02  0.53556320E+02  0.54542578E+02
  0.55511627E+02  0.56463596E+02  0.57398739E+02  0.58317066E+02  0.59218922E+02
  0.60104242E+02  0.60973446E+02  0.61826453E+02  0.62663692E+02  0.63485105E+02
  0.64291069E+02  0.65081580E+02  0.65856913E+02  0.66617142E+02  0.67362495E+02
  0.68093119E+02  0.68809209E+02  0.69510937E+02  0.70198477E+02  0.70872007E+02
  0.71531716E+02  0.72177765E+02  0.72810364E+02  0.73429669E+02  0.74035905E+02
  0.74629193E+02  0.75209764E+02  0.75777737E+02  0.76333312E+02  0.76876644E+02
  0.77407936E+02  0.77927332E+02  0.78434999E+02  0.78931096E+02  0.79415750E+02
  0.79889121E+02  0.80351350E+02  0.80802599E+02  0.81243009E+02  0.81672761E+02
  0.82091996E+02  0.82500872E+02  0.82899526E+02  0.83288094E+02  0.83666712E+02
  0.84035514E+02  0.84394662E+02  0.84744255E+02  0.85084475E+02  0.85415422E+02
  0.85737292E+02  0.86050153E+02  0.86354208E+02  0.86649521E+02  0.86936258E+02
  0.87214469E+02  0.87484351E+02  0.87745986E+02  0.87999578E+02  0.88245225E+02
  0.88483143E+02  0.88713414E+02  0.88936211E+02  0.89151610E+02  0.89359746E+02
  0.89560709E+02  0.89754650E+02  0.89941640E+02  0.90121819E+02  0.90295289E+02
  0.90462192E+02  0.90622649E+02  0.90776769E+02  0.90924667E+02  0.91066440E+02
  0.91202177E+02  0.91331976E+02  0.91455944E+02  0.91574189E+02  0.91686835E+02
  0.91793971E+02  0.91895727E+02  0.91992210E+02  0.92083500E+02  0.92169706E+02
  0.92250905E+02  0.92327167E+02  0.92398568E+02  0.92465221E+02
  0.10000000E+01  0.29141554E+01  0.47629273E+01  0.65481465E+01  0.82941075E+01
  0.10006868E+02  0.11697357E+02  0.13363468E+02  0.15010920E+02  0.16634702E+02
  0.18238400E+02  0.19818385E+02  0.21377574E+02  0.22914084E+02  0.24429747E+02
  0.25923672E+02  0.27396708E+02  0.28848605E+02  0.30279746E+02  0.31690171E+02
  0.33080240E+02  0.34449928E+02  0.35799694E+02  0.37129340E+02  0.38439539E+02
  0.39729966E+02  0.41001477E+02  0.42253650E+02  0.43487365E+02  0.44702206E+02
  0.45898930E+02  0.47077326E+02  0.48237925E+02  0.49380694E+02  0.50505922E+02
  0.51613740E+02  0.52704283E+02  0.53777776E+02  0.54834316E+02  0.55874127E+02
  0.56897343E+02  0.57904075E+02  0.58894558E+02  0.59868777E+02  0.60827066E+02
  0.61769317E+02  0.62695964E+02  0.63606873E+02  0.64502483E+02  0.65382684E+02
  0.66247866E+02  0.67097979E+02  0.67933310E+02  0.68753896E+02  0.69559954E+02
  0.70351602E+02  0.71129021E+02  0.71892355E+02  0.72641764E+02  0.73377412E+02
  0.74099465E+02  0.74808077E+02  0.75503438E+02  0.76185670E+02  0.76854987E+02
  0.77511481E+02  0.78155374E+02  0.78786749E+02  0.79405813E+02  0.80012685E+02
  0.80607549E+02  0.81190533E+02  0.81761802E+02  0.82321480E+02  0.82869695E+02
  0.83406598E+02  0.83932310E+02  0.84447001E+02  0.84950786E+02  0.85443835E+02
  0.85926281E+02  0.86398260E+02  0.86859909E+02  0.87311347E+02  0.87752714E+02
  0.88184110E+02  0.88605696E+02  0.89017565E+02  0.89419886E+02  0.89812729E+02
  0.90196291E+02  0.90570625E+02  0.90935922E+02  0.91292226E+02  0.91639721E+02
  0.91978439E+02  0.92308580E+02  0.92630211E+02  0.92943549E+02  0.93248675E+02
  0.93545791E+02  0.93834967E+02  0.94116382E+02  0.94390083E+02  0.94656221E+02
  0.94914867E+02  0.95166170E+02  0.95410192E+02  0.95647074E+02  0.95876906E+02
  0.96099803E+02  0.96315906E+02  0.96525316E+02  0.96728107E+02  0.96924396E+02
  0.97114266E+02  0.97297800E+02  0.97475124E+02  0.97646352E+02  0.97811595E+02
  0.97970954E+02  0.98124558E+02  0.98272494E+02  0.98414848E+02  0.98551702E+02
  0.98683142E+02  0.98809244E+02  0.98930067E+02  0.99045708E+02
  0.10000000E+01  0.29101096E+01  0.47491629E+01  0.65197941E+01  0.82476132E+01
  0.99393361E+01  0.11606696E+02  0.13247747E+02  0.14868552E+02  0.16463974E+02
  0.18037884E+02  0.19586600E+02  0.21113306E+02  0.22616104E+02  0.24097072E+02
  0.25555323E+02  0.26991920E+02  0.28406649E+02  0.29800071E+02  0.31172259E+02
  0.32523734E+02  0.33854517E+02  0.35165156E+02  0.36455518E+02  0.37726338E+02
  0.38977396E+02  0.40209614E+02  0.41422674E+02  0.42617515E+02  0.43793820E+02
  0.44952376E+02  0.46093058E+02  0.47216406E+02  0.48322504E+02  0.49411610E+02
  0.50483969E+02  0.51539694E+02  0.52579092E+02  0.53602249E+02  0.54609456E+02
  0.55600837E+02  0.56576575E+02  0.57536881E+02  0.58481800E+02  0.59411682E+02
  0.60326425E+02  0.61226518E+02  0.62111792E+02  0.62982770E+02  0.63839298E+02
  0.64681834E+02  0.65510289E+02  0.66325031E+02  0.67126051E+02  0.67913644E+02
  0.68687872E+02  0.69448986E+02  0.70197101E+02  0.70932427E+02  0.71655110E+02
  0.72365361E+02  0.73063324E+02  0.73749227E+02  0.74423192E+02  0.75085440E+02
  0.75736073E+02  0.76375320E+02  0.77003263E+02  0.77620141E+02  0.78226061E+02
  0.78821205E+02  0.79405722E+02  0.79979746E+02  0.80543417E+02  0.81096838E+02
  0.81640173E+02  0.82173524E+02  0.82697068E+02  0.83210919E+02  0.83715242E+02
  0.84210140E+02  0.84695766E+02  0.85172232E+02  0.85639660E+02  0.86098190E+02
  0.86547903E+02  0.86988976E+02  0.87421448E+02  0.87845513E+02  0.88261205E+02
  0.88668726E+02  0.89068105E+02  0.89459539E+02  0.89843021E+02  0.90218762E+02
  0.90586739E+02  0.90947176E+02  0.91300066E+02  0.91645653E+02  0.91983970E+02
  0.92315231E+02  0.92639473E+02  0.92956883E+02  0.93267466E+02  0.93571387E+02
  0.93868674E+02  0.94159476E+02  0.94443841E+02  0.94721865E+02  0.94993626E+02
  0.95259251E+02  0.95518811E+02  0.95772411E+02  0.96020140E+02  0.96262065E+02
  0.96498267E+02  0.96728812E+02  0.96953795E+02  0.97173314E+02  0.97387458E+02
  0.97596312E+02  0.97799979E+02  0.97998539E+02  0.98192059E+02  0.98380630E+02
  0.98564293E+02  0.98743140E+02  0.98917203E+02  0.99086560E+02
   128
  0.10000000E+01  0.26332171E+01  0.36811498E+01  0.41181550E+01  0.41121145E+01
  0.38140657E+01  0.33587971E+01  0.28399765E+01  0.23180534E+01  0.18286415E+01
  0.13949195E+01  0.10287259E+01  0.73403503E+00  0.50709354E+00  0.34097869E+00
  0.22491081E+00  0.14730405E+00  0.96873700E-01  0.65076200E-01  0.45633329E-01
  0.34002258E-01  0.26694592E-01  0.21251461E-01  0.16379977E-01  0.11703577E-01
  0.73882179E-02  0.37434081E-02  0.10086011E-02 -0.79384633E-03 -0.18090320E-02
 -0.22103860E-02 -0.20682318E-02 -0.14365383E-02  0.00000000E+00  0.00000000E+00
  0.00000000E+00  0.00000000E+00  0.00000000E+00  0.00000000E+00  0.00000000E+00
  0.00000000E+00  0.00000000E+00  0.00000000E+00  0.00000000E+00  0.00000000E+00
  0.00000000E+00  0.00000000E+00  0.00000000E+00  0.00000000E+00  0.00000000E+00
  0.00000000E+00  0.00000000E+00  0.00000000E+00  0.00000000E+00  0.00000000E+00
  0.00000000E+00  0.00000000E+00  0.00000000E+00  0.00000000E+00  0.00000000E+00
  0.00000000E+00  0.00000000E+00  0.00000000E+00  0.00000000E+00  0.00000000E+00
  0.00000000E+00  0.00000000E+00  0.00000000E+00  0.00000000E+00  0.00000000E+00
  0.00000000E+00  0.00000000E+00  0.00000000E+00  0.00000000E+00  0.00000000E+00
  0.00000000E+00  0.00000000E+00  0.00000000E+00  0.00000000E+00  0.00000000E+00
  0.00000000E+00  0.00000000E+00  0.00000000E+00  0.00000000E+00  0.00000000E+00
  0.00000000E+00  0.00000000E+00  0.00000000E+00  0.00000000E+00  0.00000000E+00
  0.00000000E+00  0.00000000E+00  0.00000000E+00  0.00000000E+00  0.00000000E+00
  0.00000000E+00  0.00000000E+00  0.00000000E+00  0.00000000E+00  0.00000000E+00
  0.00000000E+00  0.00000000E+00  0.00000000E+00  0.00000000E+00  0.00000000E+00
  0.00000000E+00  0.00000000E+00  0.00000000E+00  0.00000000E+00  0.00000000E+00
  0.00000000E+00  0.00000000E+00  0.00000000E+00  0.00000000E+00  0.00000000E+00
  0.00000000E+00  0.00000000E+00  0.00000000E+00  0.00000000E+00  0.00000000E+00
  0.00000000E+00  0.00000000E+00  0.00000000E+00  0.00000000E+00  0.00000000E+00
  0.00000000E+00  0.00000000E+00  0.00000000E+00  0.00000000E+00
  0.10000000E+01  0.27432145E+01  0.40662256E+01  0.49309518E+01  0.54146710E+01
  0.55963849E+01  0.55472673E+01  0.53234339E+01  0.49700257E+01  0.45253329E+01
  0.40281605E+01  0.35128859E+01  0.30090893E+01  0.25368752E+01  0.21099708E+01
  0.17335943E+01  0.14085453E+01  0.11316080E+01  0.89978009E+00  0.70919556E+00
  0.55518058E+00  0.43111598E+00  0.32989959E+00  0.24626654E+00  0.17781316E+00
  0.12376880E+00  0.83140149E-01  0.54016658E-01  0.33911774E-01  0.20421064E-01
  0.11642853E-01  0.62258457E-02  0.32347238E-02  0.19299755E-02  0.16685629E-02
  0.19733992E-02  0.25712550E-02  0.33251607E-02  0.41797654E-02  0.51095379E-02
  0.60841139E-02  0.69530566E-02  0.74219905E-02  0.71358256E-02  0.58303722E-02
  0.34896100E-02  0.41956219E-03 -0.28118933E-02  0.00000000E+00  0.00000000E+00
  0.00000000E+00  0.00000000E+00  0.00000000E+00  0.00000000E+00  0.00000000E+00
  0.00000000E+00  0.00000000E+00  0.00000000E+00  0.00000000E+00  0.00000000E+00
  0.00000000E+00  0.00000000E+00  0.00000000E+00  0.00000000E+00  0.00000000E+00
  0.00000000E+00  0.00000000E+00  0.00000000E+00  0.00000000E+00  0.00000000E+00
  0.00000000E+00  0.00000000E+00  0.00000000E+00  0.00000000E+00  0.00000000E+00
  0.00000000E+00  0.00000000E+00  0.00000000E+00  0.00000000E+00  0.00000000E+00
  0.00000000E+00  0.00000000E+00  0.00000000E+00  0.00000000E+00  0.00000000E+00
  0.00000000E+00  0.00000000E+00  0.00000000E+00  0.00000000E+00  0.00000000E+00
  0.00000000E+00  0.00000000E+00  0.00000000E+00  0.00000000E+00  0.00000000E+00
  0.00000000E+00  0.00000000E+00  0.00000000E+00  0.00000000E+00  0.00000000E+00
  0.00000000E+00  0.00000000E+00  0.00000000E+00  0.00000000E+00  0.00000000E+00
  0.00000000E+00  0.00000000E+00  0.00000000E+00  0.00000000E+00  0.00000000E+00
  0.00000000E+00  0.00000000E+00  0.00000000E+00  0.00000000E+00  0.00000000E+00
  0.00000000E+00  0.00000000E+00  0.00000000E+00  0.00000000E+00  0.00000000E+00
  0.00000000E+00  0.00000000E+00  0.00000000E+00  0.00000000E+00  0.00000000E+00
  0.00000000E+00  0.00000000E+00  0.00000000E+00  0.00000000E+00
  0.10000000E+01  0.27878421E+01  0.42353725E+01  0.53137131E+01  0.60825685E+01
  0.65912563E+01  0.68853757E+01  0.69927858E+01  0.69405192E+01  0.67505278E+01
  0.64512116E+01  0.60704826E+01  0.56370757E+01  0.51743654E+01  0.47024558E+01
  0.42354619E+01  0.37841477E+01  0.33549744E+01  0.29538404E+01  0.25846968E+01
  0.22495724E+01  0.19465334E+01  0.16712426E+01  0.14207830E+01  0.11959144E+01
  0.99917669E+00  0.83126245E+00  0.68983708E+00  0.57100482E+00  0.47134401E+00
  0.38850365E+00  0.32064664E+00  0.26575938E+00  0.22156126E+00  0.18577306E+00
  0.15650675E+00  0.13237709E+00  0.11242831E+00  0.96022304E-01  0.82676548E-01
  0.71903943E-01  0.63053653E-01  0.55278337E-01  0.47665535E-01  0.39516061E-01
  0.30641042E-01  0.21465225E-01  0.12882618E-01  0.59511639E-02  0.14798986E-02
 -0.29286651E-03  0.00000000E+00  0.00000000E+00  0.00000000E+00  0.00000000E+00
  0.00000000E+00  0.00000000E+00  0.00000000E+00  0.00000000E+00  0.00000000E+00
  0.00000000E+00  0.00000000E+00  0.00000000E+00  0.00000000E+00  0.00000000E+00
  0.00000000E+00  0.00000000E+00  0.00000000E+00  0.00000000E+00  0.00000000E+00
  0.00000000E+00  0.00000000E+00  0.00000000E+00  0.00000000E+00  0.00000000E+00
  0.00000000E+00  0.00000000E+00  0.00000000E+00  0.00000000E+00  0.00000000E+00
  0.00000000E+00  0.00000000E+00  0.00000000E+00  0.00000000E+00  0.00000000E+00
  0.00000000E+00  0.00000000E+00  0.00000000E+00  0.00000000E+00  0.00000000E+00
  0.00000000E+00  0.00000000E+00  0.00000000E+00  0.00000000E+00  0.00000000E+00
  0.00000000E+00  0.00000000E+00  0.00000000E+00  0.00000000E+00  0.00000000E+00
  0.00000000E+00  0.00000000E+00  0.00000000E+00  0.00000000E+00  0.00000000E+00
  0.00000000E+00  0.00000000E+00  0.00000000E+00  0.00000000E+00  0.00000000E+00
  0.00000000E+00  0.00000000E+00  0.00000000E+00  0.00000000E+00  0.00000000E+00
  0.00000000E+00  0.00000000E+00  0.00000000E+00  0.00000000E+00  0.00000000E+00
  0.00000000E+00  0.00000000E+00  0.00000000E+00  0.00000000E+00  0.00000000E+00
  0.00000000E+00  0.00000000E+00  0.00000000E+00  0.00000000E+00
  0.10000000E+01  0.28148959E+01  0.43454041E+01  0.55581147E+01  0.65212940E+01
  0.72575816E+01  0.78143114E+01  0.81992694E+01  0.84361033E+01  0.85332627E+01
  0.85096661E+01  0.83810047E+01  0.81665560E+01  0.78827686E+01  0.75457395E+01
  0.71688009E+01  0.67640257E+01  0.63410405E+01  0.59094179E+01  0.54774436E+01
  0.50519713E+01  0.46364923E+01  0.42320213E+01  0.38403868E+01  0.34663542E+01
  0.31158875E+01  0.27925940E+01  0.24966380E+01  0.22264177E+01  0.19808044E+01
  0.17595379E+01  0.15622139E+01  0.13873770E+01  0.12326703E+01  0.10953542E+01
  0.97300771E+00  0.86372223E+00  0.76605000E+00  0.67889912E+00  0.60132144E+00
  0.53239033E+00  0.47104180E+00  0.41606638E+00  0.36621371E+00  0.32044820E+00
  0.27818540E+00  0.23938349E+00  0.20446580E+00  0.17400839E+00  0.14842376E+00
  0.12764482E+00  0.11104657E+00  0.97586447E-01  0.86072104E-01  0.75472001E-01
  0.65151080E-01  0.54936336E-01  0.45072006E-01  0.36023770E-01  0.28258736E-01
  0.22024895E-01  0.17280190E-01  0.13714191E-01  0.10902274E-01  0.84831878E-02
  0.62418969E-02  0.41474639E-02  0.23090630E-02  0.84711429E-03 -0.13912285E-03
  0.00000000E+00  0.00000000E+00  0.00000000E+00  0.00000000E+00  0.00000000E+00
  0.00000000E+00  0.00000000E+00  0.00000000E+00  0.00000000E+00  0.00000000E+00
  0.00000000E+00  0.00000000E+00  0.00000000E+00  0.00000000E+00  0.00000000E+00
  0.00000000E+00  0.00000000E+00  0.00000000E+00  0.00000000E+00  0.00000000E+00
  0.00000000E+00  0.00000000E+00  0.00000000E+00  0.00000000E+00  0.00000000E+00
  0.00000000E+00  0.00000000E+00  0.00000000E+00  0.00000000E+00  0.00000000E+00
  0.00000000E+00  0.00000000E+00  0.00000000E+00  0.00000000E+00  0.00000000E+00
  0.00000000E+00  0.00000000E+00  0.00000000E+00  0.00000000E+00  0.00000000E+00
  0.00000000E+00  0.00000000E+00  0.00000000E+00  0.00000000E+00  0.00000000E+00
  0.00000000E+00  0.00000000E+00  0.00000000E+00  0.00000000E+00  0.00000000E+00
  0.00000000E+00  0.00000000E+00  0.00000000E+00  0.00000000E+00  0.00000000E+00
  0.00000000E+00  0.00000000E+00  0.00000000E+00  0.00000000E+00
  0.10000000E+01  0.28357764E+01  0.44273788E+01  0.57371242E+01  0.68359814E+01
  0.77281772E+01  0.84638860E+01  0.90378743E+01  0.94755256E+01  0.97771100E+01
  0.99593982E+01  0.10030926E+02  0.10006636E+02  0.98978641E+01  0.97173399E+01
  0.94758298E+01  0.91840290E+01  0.88511011E+01  0.84865568E+01  0.80991053E+01
  0.76965431E+01  0.72841609E+01  0.68652756E+01  0.64437669E+01  0.60258295E+01
  0.56185445E+01  0.52268847E+01  0.48528393E+01  0.44967858E+01  0.41594268E+01
  0.38420594E+01  0.35456321E+01  0.32698953E+01  0.30136132E+01  0.27750191E+01
  0.25525808E+01  0.23451555E+01  0.21519345E+01  0.19724208E+01  0.18061038E+01
  0.16524160E+01  0.15105986E+01  0.13797234E+01  0.12586474E+01  0.11463433E+01
  0.10420827E+01  0.94552009E+00  0.85670935E+00  0.77585246E+00  0.70298198E+00
  0.63776813E+00  0.57940773E+00  0.52679546E+00  0.47872133E+00  0.43414729E+00
  0.39235080E+00  0.35300704E+00  0.31618419E+00  0.28218724E+00  0.25134555E+00
  0.22382144E+00  0.19947945E+00  0.17797283E+00  0.15884765E+00  0.14169336E+00
  0.12625798E+00  0.11239126E+00  0.10000005E+00  0.89004509E-01  0.79318456E-01
  0.70866660E-01  0.63627185E-01  0.57576523E-01  0.52669429E-01  0.48769053E-01
  0.45588192E-01  0.42800782E-01  0.40026562E-01  0.36961793E-01  0.33450970E-01
  0.29470673E-01  0.25148660E-01  0.20687409E-01  0.16311102E-01  0.12234357E-01
  0.86450642E-02  0.56873424E-02  0.34674895E-02  0.20403778E-02  0.13872643E-02
  0.14404857E-02  0.20689594E-02  0.30815589E-02  0.42865165E-02  0.54980669E-02
  0.65805174E-02  0.74375740E-02  0.80157404E-02  0.82938116E-02  0.82601036E-02
  0.78941553E-02  0.71742259E-02  0.60992490E-02  0.47073264E-02  0.30876746E-02
  0.13882049E-02 -0.21858142E-03  0.00000000E+00  0.00000000E+00  0.00000000E+00
  0.00000000E+00  0.00000000E+00  0.00000000E+00  0.00000000E+00  0.00000000E+00
  0.00000000E+00  0.00000000E+00  0.00000000E+00  0.00000000E+00  0.00000000E+00
  0.00000000E+00  0.00000000E+00  0.00000000E+00  0.00000000E+00  0.00000000E+00
  0.00000000E+00  0.00000000E+00  0.00000000E+00  0.00000000E+00
  0.10000000E+01  0.28511337E+01  0.44844991E+01  0.58620577E+01  0.70528016E+01
  0.80526265E+01  0.89122586E+01  0.96203451E+01  0.10204524E+02  0.10660491E+02
  0.11005431E+02  0.11243304E+02  0.11387346E+02  0.11445020E+02  0.11426670E+02
  0.11340141E+02  0.11194059E+02  0.10995808E+02  0.10753409E+02  0.10474391E+02
  0.10165780E+02  0.98328178E+01  0.94793217E+01  0.91095347E+01  0.87295419E+01
  0.83461291E+01  0.79644489E+01  0.75873738E+01  0.72164542E+01  0.68534912E+01
  0.65007364E+01  0.61600664E+01  0.58323067E+01  0.55174232E+01  0.52148219E+01
  0.49240571E+01  0.46449135E+01  0.43773648E+01  0.41216434E+01  0.38778821E+01
  0.36461040E+01  0.34261625E+01  0.32177728E+01  0.30203102E+01  0.28331770E+01
  0.26559631E+01  0.24884560E+01  0.23307153E+01  0.21829423E+01  0.20450889E+01
  0.19168104E+01  0.17972921E+01  0.16855286E+01  0.15804548E+01  0.14811819E+01
  0.13870327E+01  0.12976414E+01  0.12128846E+01  0.11328924E+01  0.10578624E+01
  0.98786233E+00  0.92275578E+00  0.86218474E+00  0.80567790E+00  0.75282970E+00
  0.70335158E+00  0.65705016E+00  0.61378318E+00  0.57336410E+00  0.53558148E+00
  0.50026867E+00  0.46732751E+00  0.43671162E+00  0.40840447E+00  0.38227039E+00
  0.35804659E+00  0.33538096E+00  0.31389237E+00  0.29328652E+00  0.27339200E+00
  0.25417940E+00  0.23571504E+00  0.21808630E+00  0.20140852E+00  0.18577833E+00
  0.17129699E+00  0.15803435E+00  0.14602357E+00  0.13528523E+00  0.12575941E+00
  0.11734941E+00  0.10992036E+00  0.10329626E+00  0.97294895E-01  0.91732994E-01
  0.86484283E-01  0.81448714E-01  0.76556451E-01  0.71773177E-01  0.67076989E-01
  0.62435333E-01  0.57805778E-01  0.53187339E-01  0.48600638E-01  0.44117490E-01
  0.39816168E-01  0.35813382E-01  0.32184838E-01  0.28996872E-01  0.26268270E-01
  0.23988502E-01  0.22118145E-01  0.20589391E-01  0.19339549E-01  0.18291416E-01
  0.17418147E-01  0.16690066E-01  0.16096069E-01  0.15606276E-01  0.15186744E-01
  0.14798189E-01  0.14367626E-01  0.13871427E-01  0.13264214E-01  0.12509985E-01
  0.11604169E-01  0.10530587E-01  0.93145328E-02  0.79938647E-02
  0.10000000E+01  0.28713368E+01  0.45589341E+01  0.60254083E+01  0.73354444E+01
  0.84755160E+01  0.94959053E+01  0.10378052E+02  0.11152284E+02  0.11808656E+02
  0.12365533E+02  0.12821292E+02  0.13187834E+02  0.13467864E+02  0.13669286E+02
  0.13796328E+02  0.13855240E+02  0.13851021E+02  0.13789761E+02  0.13677240E+02
  0.13519244E+02  0.13320543E+02  0.13085152E+02  0.12817354E+02  0.12522709E+02
  0.12207287E+02  0.11876100E+02  0.11532716E+02  0.11179791E+02  0.10820131E+02
  0.10456854E+02  0.10092742E+02  0.97297938E+01  0.93693764E+01  0.90123217E+01
  0.86595181E+01  0.83119129E+01  0.79704599E+01  0.76363091E+01  0.73104111E+01
  0.69935405E+01  0.66863232E+01  0.63892537E+01  0.61023760E+01  0.58256892E+01
  0.55592402E+01  0.53030752E+01  0.50574010E+01  0.48225230E+01  0.45984392E+01
  0.43849388E+01  0.41813873E+01  0.39870581E+01  0.38011764E+01  0.36231343E+01
  0.34524074E+01  0.32886334E+01  0.31315984E+01  0.29812948E+01  0.28377920E+01
  0.27011179E+01  0.25711279E+01  0.24474836E+01  0.23297512E+01  0.22175537E+01
  0.21106050E+01  0.20086738E+01  0.19115320E+01  0.18188963E+01  0.17304783E+01
  0.16460108E+01  0.15653335E+01  0.14883977E+01  0.14151963E+01  0.13456478E+01
  0.12795429E+01  0.12165404E+01  0.11562678E+01  0.10984369E+01  0.10428880E+01
  0.98956571E+00  0.93846593E+00  0.88960054E+00  0.84296971E+00  0.79855249E+00
  0.75634185E+00  0.71636648E+00  0.67861425E+00  0.64305217E+00  0.60960913E+00
  0.57815814E+00  0.54855776E+00  0.52061371E+00  0.49416581E+00  0.46905687E+00
  0.44514094E+00  0.42230996E+00  0.40048262E+00  0.37959520E+00  0.35960744E+00
  0.34047458E+00  0.32215180E+00  0.30458232E+00  0.28775148E+00  0.27165877E+00
  0.25632705E+00  0.24180924E+00  0.22813535E+00  0.21532226E+00  0.20332289E+00
  0.19209393E+00  0.18157288E+00  0.17170479E+00  0.16246887E+00  0.15380519E+00
  0.14570098E+00  0.13808628E+00  0.13089725E+00  0.12410507E+00  0.11766681E+00
  0.11157016E+00  0.10576148E+00  0.10020940E+00  0.94861315E-01  0.89659881E-01
  0.84596725E-01  0.79656413E-01  0.74861572E-01  0.70235715E-01
  0.10000000E+01  0.28870277E+01  0.46157224E+01  0.61507985E+01  0.75519493E+01
  0.88006235E+01  0.99460960E+01  0.10965057E+02  0.11890571E+02  0.12707977E+02
  0.13438140E+02  0.14074699E+02  0.14630216E+02  0.15103350E+02  0.15501267E+02
  0.15825034E+02  0.16079506E+02  0.16267373E+02  0.16393178E+02  0.16460821E+02
  0.16474725E+02  0.16438617E+02  0.16356023E+02  0.16230579E+02  0.16066862E+02
  0.15869805E+02  0.15643734E+02  0.15392153E+02  0.15117994E+02  0.14824307E+02
  0.14514359E+02  0.14191203E+02  0.13857408E+02  0.13515120E+02  0.13166073E+02
  0.12812017E+02  0.12454666E+02  0.12095662E+02  0.11736775E+02  0.11379550E+02
  0.11025363E+02  0.10675467E+02  0.10331003E+02  0.99926356E+01  0.96609462E+01
  0.93365038E+01  0.90197355E+01  0.87111693E+01  0.84113807E+01  0.81206250E+01
  0.78389938E+01  0.75661745E+01  0.73018333E+01  0.70455752E+01  0.67971551E+01
  0.65563208E+01  0.63228447E+01  0.60965551E+01  0.58774547E+01  0.56656104E+01
  0.54610793E+01  0.52637957E+01  0.50735248E+01  0.48899344E+01  0.47127394E+01
  0.45417308E+01  0.43766996E+01  0.42174353E+01  0.40636600E+01  0.39150763E+01
  0.37714126E+01  0.36324947E+01  0.34982613E+01  0.33687192E+01  0.32438526E+01
  0.31234838E+01  0.30073291E+01  0.28950846E+01  0.27864976E+01  0.26814334E+01
  0.25798515E+01  0.24817465E+01  0.23870820E+01  0.22957890E+01  0.22077972E+01
  0.21230410E+01  0.20414750E+01  0.19630510E+01  0.18877072E+01  0.18153625E+01
  0.17458957E+01  0.16791604E+01  0.16150047E+01  0.15532658E+01  0.14937997E+01
  0.14364958E+01  0.13812639E+01  0.13280248E+01  0.12766997E+01  0.12272074E+01
  0.11794625E+01  0.11333880E+01  0.10889326E+01  0.10460723E+01  0.10047775E+01
  0.96505293E+00  0.92688087E+00  0.89023526E+00  0.85507177E+00  0.82136014E+00
  0.78905624E+00  0.75809089E+00  0.72840181E+00  0.69993014E+00  0.67261516E+00
  0.64641442E+00  0.62125704E+00  0.59709194E+00  0.57387736E+00  0.55156466E+00
  0.53010546E+00  0.50944238E+00  0.48953591E+00  0.47033514E+00  0.45178702E+00
  0.43385627E+00  0.41652789E+00  0.39978641E+00  0.38363502E+00
  0.10000000E+01  0.29008211E+01  0.46653170E+01  0.62608022E+01  0.77419280E+01
  0.90867428E+01  0.10343310E+02  0.11484366E+02  0.12545654E+02  0.13507952E+02
  0.14395216E+02  0.15196527E+02  0.15926166E+02  0.16578987E+02  0.17162495E+02
  0.17674854E+02  0.18120323E+02  0.18499436E+02  0.18815659E+02  0.19071096E+02
  0.19268970E+02  0.19411811E+02  0.19502398E+02  0.19543476E+02  0.19538491E+02
  0.19491134E+02  0.19404825E+02  0.19282620E+02  0.19127266E+02  0.18941614E+02
  0.18728693E+02  0.18491435E+02  0.18232556E+02  0.17954553E+02  0.17659651E+02
  0.17350082E+02  0.17028012E+02  0.16695491E+02  0.16354668E+02  0.16007485E+02
  0.15655735E+02  0.15301121E+02  0.14945273E+02  0.14589376E+02  0.14234522E+02
  0.13881757E+02  0.13531933E+02  0.13185927E+02  0.12844640E+02  0.12508659E+02
  0.12178430E+02  0.11854049E+02  0.11535620E+02  0.11223187E+02  0.10916897E+02
  0.10616824E+02  0.10322978E+02  0.10035350E+02  0.97540534E+01  0.94792609E+01
  0.92111457E+01  0.89497653E+01  0.86950098E+01  0.84467125E+01  0.82047358E+01
  0.79689705E+01  0.77392937E+01  0.75155664E+01  0.72975998E+01  0.70851516E+01
  0.68780061E+01  0.66760249E+01  0.64791804E+01  0.62875304E+01  0.61010947E+01
  0.59197857E+01  0.57433778E+01  0.55716174E+01  0.54043161E+01  0.52413977E+01
  0.50828594E+01  0.49286821E+01  0.47788091E+01  0.46331383E+01  0.44915811E+01
  0.43540554E+01  0.42204903E+01  0.40908265E+01  0.39650015E+01  0.38429362E+01
  0.37245223E+01  0.36096425E+01  0.34981638E+01  0.33899459E+01  0.32848747E+01
  0.31828548E+01  0.30838024E+01  0.29876414E+01  0.28942906E+01  0.28036611E+01
  0.27156575E+01  0.26302006E+01  0.25472206E+01  0.24666815E+01  0.23885576E+01
  0.23128130E+01  0.22393945E+01  0.21682421E+01  0.20992936E+01  0.20325049E+01
  0.19678244E+01  0.19051921E+01  0.18445331E+01  0.17857906E+01  0.17289018E+01
  0.16737937E+01  0.16204147E+01  0.15686995E+01  0.15185830E+01  0.14699995E+01
  0.14229210E+01  0.13773061E+01  0.13331025E+01  0.12902687E+01  0.12487327E+01
  0.12084388E+01  0.11693435E+01  0.11314372E+01  0.10946989E+01
  0.10000000E+01  0.29117384E+01  0.47051457E+01  0.63495516E+01  0.78962311E+01
  0.93203724E+01  0.10669742E+02  0.11913235E+02  0.13089481E+02  0.14174539E+02
  0.15195945E+02  0.16138172E+02  0.17018214E+02  0.17827222E+02  0.18574275E+02
  0.19254943E+02  0.19874005E+02  0.20430155E+02  0.20926579E+02  0.21363908E+02
  0.21744660E+02  0.22070277E+02  0.22342859E+02  0.22564274E+02  0.22736965E+02
  0.22863519E+02  0.22946424E+02  0.22988015E+02  0.22990467E+02  0.22956071E+02
  0.22887273E+02  0.22786497E+02  0.22656106E+02  0.22498376E+02  0.22315453E+02
  0.22109497E+02  0.21882632E+02  0.21636891E+02  0.21374389E+02  0.21097088E+02
  0.20806864E+02  0.20505547E+02  0.20194936E+02  0.19876490E+02  0.19551610E+02
  0.19221640E+02  0.18887759E+02  0.18551131E+02  0.18212943E+02  0.17874113E+02
  0.17535454E+02  0.17197506E+02  0.16860797E+02  0.16525795E+02  0.16193028E+02
  0.15862923E+02  0.15535789E+02  0.15211906E+02  0.14891627E+02  0.14575327E+02
  0.14263359E+02  0.13955971E+02  0.13653247E+02  0.13355214E+02  0.13061939E+02
  0.12773490E+02  0.12489876E+02  0.12211101E+02  0.11937121E+02  0.11667837E+02
  0.11403148E+02  0.11143000E+02  0.10887428E+02  0.10636531E+02  0.10390409E+02
  0.10149050E+02  0.99123281E+01  0.96800768E+01  0.94521964E+01  0.92286825E+01
  0.90095635E+01  0.87948418E+01  0.85844778E+01  0.83784162E+01  0.81765989E+01
  0.79789811E+01  0.77855227E+01  0.75961889E+01  0.74109387E+01  0.72297196E+01
  0.70524726E+01  0.68791272E+01  0.67095993E+01  0.65437981E+01  0.63816399E+01
  0.62230518E+01  0.60679751E+01  0.59163633E+01  0.57681652E+01  0.56233128E+01
  0.54817325E+01  0.53433490E+01  0.52080974E+01  0.50759492E+01  0.49468926E+01
  0.48208979E+01  0.46979083E+01  0.45778624E+01  0.44607005E+01  0.43463713E+01
  0.42348301E+01  0.41260229E+01  0.40198902E+01  0.39163667E+01  0.38154071E+01
  0.37169552E+01  0.36209409E+01  0.35272950E+01  0.34359532E+01  0.33468736E+01
  0.32600080E+01  0.31753251E+01  0.30927683E+01  0.30122792E+01  0.29337870E+01
  0.28572333E+01  0.27825772E+01  0.27097942E+01  0.26388821E+01
  0.10000000E+01  0.29208176E+01  0.47387725E+01  0.64244799E+01  0.80270292E+01
  0.95186949E+01  0.10947519E+02  0.12278684E+02  0.13553556E+02  0.14743814E+02
  0.15880308E+02  0.16943285E+02  0.17952401E+02  0.18895431E+02  0.19783201E+02
  0.20608968E+02  0.21378330E+02  0.22088397E+02  0.22742405E+02  0.23339781E+02
  0.23882631E+02  0.24371540E+02  0.24808103E+02  0.25193504E+02  0.25529415E+02
  0.25817583E+02  0.26059739E+02  0.26257601E+02  0.26412816E+02  0.26527149E+02
  0.26602477E+02  0.26640695E+02  0.26643756E+02  0.26613591E+02  0.26552110E+02
  0.26461231E+02  0.26342874E+02  0.26198885E+02  0.26031201E+02  0.25841665E+02
  0.25632091E+02  0.25404285E+02  0.25160052E+02  0.24900962E+02  0.24628533E+02
  0.24344261E+02  0.24049517E+02  0.23745657E+02  0.23434042E+02  0.23115838E+02
  0.22792120E+02  0.22463748E+02  0.22131586E+02  0.21796437E+02  0.21459130E+02
  0.21120387E+02  0.20780821E+02  0.20440980E+02  0.20101446E+02  0.19762791E+02
  0.19425564E+02  0.19090214E+02  0.18757033E+02  0.18426264E+02  0.18098178E+02
  0.17773019E+02  0.17450945E+02  0.17132113E+02  0.16816631E+02  0.16504558E+02
  0.16195918E+02  0.15890760E+02  0.15589179E+02  0.15291339E+02  0.14997389E+02
  0.14707394E+02  0.14421315E+02  0.14139078E+02  0.13860655E+02  0.13586095E+02
  0.13315477E+02  0.13048844E+02  0.12786194E+02  0.12527498E+02  0.12272753E+02
  0.12021950E+02  0.11775088E+02  0.11532149E+02  0.11293124E+02  0.11058004E+02
  0.10826771E+02  0.10599392E+02  0.10375805E+02  0.10155969E+02  0.99398324E+01
  0.97273765E+01  0.95185901E+01  0.93134747E+01  0.91120062E+01  0.89141422E+01
  0.87198381E+01  0.85290252E+01  0.83416580E+01  0.81577341E+01  0.79772835E+01
  0.78002894E+01  0.76267064E+01  0.74564747E+01  0.72895395E+01  0.71258604E+01
  0.69654122E+01  0.68081616E+01  0.66540590E+01  0.65030644E+01  0.63551536E+01
  0.62102798E+01  0.60683875E+01  0.59294164E+01  0.57933274E+01  0.56600770E+01
  0.55296312E+01  0.54019585E+01  0.52770135E+01  0.51547427E+01  0.50350748E+01
  0.49179543E+01  0.48033265E+01  0.46911839E+01  0.45815153E+01
  0.10000000E+01  0.29260293E+01  0.47584131E+01  0.64687500E+01  0.81049204E+01
  0.96381414E+01  0.11116159E+02  0.12502666E+02  0.13839881E+02  0.15097433E+02
  0.16307662E+02  0.17448677E+02  0.18541732E+02  0.19572764E+02  0.20553971E+02
  0.21477293E+02  0.22349249E+02  0.23166037E+02  0.23931293E+02  0.24643808E+02
  0.25305740E+02  0.25917215E+02  0.26479666E+02  0.26993901E+02  0.27461274E+02
  0.27883104E+02  0.28260751E+02  0.28595523E+02  0.28888707E+02  0.29141651E+02
  0.29355828E+02  0.29532683E+02  0.29673769E+02  0.29780557E+02  0.29854573E+02
  0.29897317E+02  0.29910347E+02  0.29895140E+02  0.29853286E+02  0.29786288E+02
  0.29695670E+02  0.29582949E+02  0.29449673E+02  0.29297204E+02  0.29126884E+02
  0.28940048E+02  0.28737979E+02  0.28521940E+02  0.28293227E+02  0.28052986E+02
  0.27802297E+02  0.27542081E+02  0.27273261E+02  0.26996727E+02  0.26713395E+02
  0.26424097E+02  0.26129571E+02  0.25830517E+02  0.25527662E+02  0.25221709E+02
  0.24913327E+02  0.24603104E+02  0.24291515E+02  0.23978979E+02  0.23665925E+02
  0.23352754E+02  0.23039789E+02  0.22727333E+02  0.22415631E+02  0.22104892E+02
  0.21795296E+02  0.21487013E+02  0.21180239E+02  0.20875218E+02  0.20572187E+02
  0.20271288E+02  0.19972592E+02  0.19676115E+02  0.19381918E+02  0.19090104E+02
  0.18800811E+02  0.18514124E+02  0.18230085E+02  0.17948726E+02  0.17670097E+02
  0.17394248E+02  0.17121203E+02  0.16850995E+02  0.16583648E+02  0.16319187E+02
  0.16057625E+02  0.15798960E+02  0.15543178E+02  0.15290269E+02  0.15040240E+02
  0.14793100E+02  0.14548863E+02  0.14307553E+02  0.14069188E+02  0.13833767E+02
  0.13601276E+02  0.13371693E+02  0.13145007E+02  0.12921250E+02  0.12700474E+02
  0.12482692E+02  0.12267889E+02  0.12056028E+02  0.11847090E+02  0.11641066E+02
  0.11437952E+02  0.11237732E+02  0.11040394E+02  0.10845930E+02  0.10654326E+02
  0.10465574E+02  0.10279651E+02  0.10096529E+02  0.99161805E+01  0.97385958E+01
  0.95637769E+01  0.93917071E+01  0.92223559E+01  0.90556813E+01  0.88916457E+01
  0.87302074E+01  0.85713365E+01  0.84150350E+01  0.82613039E+01
  0.10000000E+01  0.29310817E+01  0.47771538E+01  0.65110636E+01  0.81790382E+01
  0.97517881E+01  0.11276121E+02  0.12714979E+02  0.14110700E+02  0.15431671E+02
  0.16710980E+02  0.17925294E+02  0.19096778E+02  0.20210052E+02  0.21278153E+02
  0.22292018E+02  0.23258726E+02  0.24173738E+02  0.25040914E+02  0.25858489E+02
  0.26628599E+02  0.27350980E+02  0.28026923E+02  0.28656931E+02  0.29242078E+02
  0.29783335E+02  0.30281746E+02  0.30738313E+02  0.31154044E+02  0.31529980E+02
  0.31867285E+02  0.32167063E+02  0.32430572E+02  0.32658952E+02  0.32853471E+02
  0.33015314E+02  0.33145785E+02  0.33246069E+02  0.33317504E+02  0.33361316E+02
  0.33378810E+02  0.33371251E+02  0.33339989E+02  0.33286207E+02  0.33211112E+02
  0.33115886E+02  0.33001709E+02  0.32869736E+02  0.32721176E+02  0.32557108E+02
  0.32378572E+02  0.32186493E+02  0.31981825E+02  0.31765490E+02  0.31538440E+02
  0.31301561E+02  0.31055674E+02  0.30801565E+02  0.30540024E+02  0.30271838E+02
  0.29997769E+02  0.29718505E+02  0.29434638E+02  0.29146718E+02  0.28855318E+02
  0.28560948E+02  0.28264053E+02  0.27965049E+02  0.27664324E+02  0.27362210E+02
  0.27059013E+02  0.26755027E+02  0.26450552E+02  0.26145927E+02  0.25841458E+02
  0.25537392E+02  0.25233885E+02  0.24931060E+02  0.24629048E+02  0.24328031E+02
  0.24028189E+02  0.23729658E+02  0.23432526E+02  0.23136873E+02  0.22842800E+02
  0.22550403E+02  0.22259751E+02  0.21970904E+02  0.21683921E+02  0.21398865E+02
  0.21115789E+02  0.20834732E+02  0.20555704E+02  0.20278734E+02  0.20003856E+02
  0.19731111E+02  0.19460530E+02  0.19192156E+02  0.18926019E+02  0.18662137E+02
  0.18400520E+02  0.18141175E+02  0.17884114E+02  0.17629383E+02  0.17377050E+02
  0.17127157E+02  0.16879708E+02  0.16634686E+02  0.16392095E+02  0.16151955E+02
  0.15914294E+02  0.15679119E+02  0.15446449E+02  0.15216295E+02  0.14988668E+02
  0.14763557E+02  0.14540960E+02  0.14320869E+02  0.14103280E+02  0.13888204E+02
  0.13675666E+02  0.13465678E+02  0.13258217E+02  0.13053262E+02  0.12850798E+02
  0.12650813E+02  0.12453299E+02  0.12258277E+02  0.12065785E+02
  0.10000000E+01  0.29338141E+01  0.47874493E+01  0.65347072E+01  0.82208692E+01
  0.98169429E+01  0.11368784E+02  0.12839556E+02  0.14271011E+02  0.15631422E+02
  0.16953786E+02  0.18214434E+02  0.19435858E+02  0.20602188E+02  0.21727021E+02
  0.22800740E+02  0.23831015E+02  0.24812741E+02  0.25750261E+02  0.26641300E+02
  0.27488357E+02  0.28290741E+02  0.29049962E+02  0.29766182E+02  0.30440587E+02
  0.31073889E+02  0.31667131E+02  0.32221080E+02  0.32736665E+02  0.33214707E+02
  0.33656254E+02  0.34062170E+02  0.34433577E+02  0.34771348E+02  0.35076597E+02
  0.35350218E+02  0.35593364E+02  0.35806939E+02  0.35992122E+02  0.36149851E+02
  0.36281267E+02  0.36387370E+02  0.36469337E+02  0.36528099E+02  0.36564697E+02
  0.36580088E+02  0.36575291E+02  0.36551260E+02  0.36509037E+02  0.36449541E+02
  0.36373685E+02  0.36282257E+02  0.36176091E+02  0.36055985E+02  0.35922788E+02
  0.35777280E+02  0.35620224E+02  0.35452344E+02  0.35274398E+02  0.35087117E+02
  0.34891233E+02  0.34687422E+02  0.34476271E+02  0.34258347E+02  0.34034213E+02
  0.33804421E+02  0.33569442E+02  0.33329746E+02  0.33085747E+02  0.32837832E+02
  0.32586363E+02  0.32331688E+02  0.32074162E+02  0.31814166E+02  0.31552071E+02
  0.31288167E+02  0.31022692E+02  0.30755827E+02  0.30487786E+02  0.30218788E+02
  0.29949063E+02  0.29678793E+02  0.29408137E+02  0.29137232E+02  0.28866226E+02
  0.28595258E+02  0.28324446E+02  0.28053899E+02  0.27783724E+02  0.27514017E+02
  0.27244862E+02  0.26976326E+02  0.26708459E+02  0.26441323E+02  0.26174978E+02
  0.25909493E+02  0.25644943E+02  0.25381405E+02  0.25118937E+02  0.24857591E+02
  0.24597407E+02  0.24338418E+02  0.24080651E+02  0.23824181E+02  0.23569103E+02
  0.23315479E+02  0.23063331E+02  0.22812664E+02  0.22563505E+02  0.22315881E+02
  0.22069830E+02  0.21825380E+02  0.21582566E+02  0.21341424E+02  0.21101982E+02
  0.20864253E+02  0.20628248E+02  0.20393972E+02  0.20161430E+02  0.19930649E+02
  0.19701664E+02  0.19474507E+02  0.19249184E+02  0.19025691E+02  0.18804022E+02
  0.18584175E+02  0.18366165E+02  0.18150026E+02  0.17935796E+02
  0.10000000E+01  0.29369729E+01  0.47993638E+01  0.65617487E+01  0.82685552E+01
  0.98905104E+01  0.11472870E+02  0.12978429E+02  0.14448842E+02  0.15851761E+02
  0.17220472E+02  0.18530564E+02  0.19805050E+02  0.21027303E+02  0.22211531E+02
  0.23347407E+02  0.24443171E+02  0.25493067E+02  0.26501874E+02  0.27466742E+02
  0.28390482E+02  0.29271936E+02  0.30112807E+02  0.30912893E+02  0.31673435E+02
  0.32394835E+02  0.33078105E+02  0.33723775E+02  0.34332706E+02  0.34905505E+02
  0.35443113E+02  0.35946176E+02  0.36415696E+02  0.36852311E+02  0.37257022E+02
  0.37630487E+02  0.37973744E+02  0.38287464E+02  0.38572710E+02  0.38830198E+02
  0.39060954E+02  0.39265748E+02  0.39445637E+02  0.39601360E+02  0.39733860E+02
  0.39843910E+02  0.39932439E+02  0.40000245E+02  0.40048274E+02  0.40077319E+02
  0.40088216E+02  0.40081664E+02  0.40058441E+02  0.40019269E+02  0.39964942E+02
  0.39896182E+02  0.39813713E+02  0.39718228E+02  0.39610456E+02  0.39491098E+02
  0.39360866E+02  0.39220421E+02  0.39070364E+02  0.38911264E+02  0.38743713E+02
  0.38568270E+02  0.38385445E+02  0.38195731E+02  0.37999596E+02  0.37797470E+02
  0.37589766E+02  0.37376878E+02  0.37159210E+02  0.36937181E+02  0.36711196E+02
  0.36481597E+02  0.36248678E+02  0.36012681E+02  0.35773852E+02  0.35532469E+02
  0.35288799E+02  0.35043072E+02  0.34795474E+02  0.34546189E+02  0.34295409E+02
  0.34043315E+02  0.33790043E+02  0.33535738E+02  0.33280544E+02  0.33024593E+02
  0.32768004E+02  0.32510873E+02  0.32253289E+02  0.31995340E+02  0.31737114E+02
  0.31478707E+02  0.31220212E+02  0.30961727E+02  0.30703326E+02  0.30445092E+02
  0.30187089E+02  0.29929383E+02  0.29672019E+02  0.29415085E+02  0.29158679E+02
  0.28902881E+02  0.28647739E+02  0.28393285E+02  0.28139559E+02  0.27886611E+02
  0.27634503E+02  0.27383279E+02  0.27132986E+02  0.26883663E+02  0.26635357E+02
  0.26388098E+02  0.26141913E+02  0.25896816E+02  0.25652833E+02  0.25410006E+02
  0.25168385E+02  0.24928004E+02  0.24688878E+02  0.24451013E+02  0.24214431E+02
  0.23979148E+02  0.23745194E+02  0.23512602E+02  0.23281426E+02
  0.10000000E+01  0.29389753E+01  0.48072840E+01  0.65799001E+01  0.83011141E+01
  0.99413502E+01  0.11545729E+02  0.13076694E+02  0.14575906E+02  0.16010566E+02
  0.17414176E+02  0.18761855E+02  0.20077045E+02  0.21342606E+02  0.22573318E+02
  0.23758278E+02  0.24906350E+02  0.26011149E+02  0.27078050E+02  0.28103589E+02
  0.29091096E+02  0.30038865E+02  0.30948992E+02  0.31820845E+02  0.32655930E+02
  0.33454341E+02  0.34217233E+02  0.34944890E+02  0.35638237E+02  0.36297655E+02
  0.36924121E+02  0.37518052E+02  0.38080479E+02  0.38611779E+02  0.39112970E+02
  0.39584440E+02  0.40027236E+02  0.40441768E+02  0.40829085E+02  0.41189662E+02
  0.41524483E+02  0.41834091E+02  0.42119472E+02  0.42381153E+02  0.42620003E+02
  0.42836588E+02  0.43031743E+02  0.43206081E+02  0.43360451E+02  0.43495482E+02
  0.43611912E+02  0.43710287E+02  0.43791277E+02  0.43855462E+02  0.43903532E+02
  0.43936084E+02  0.43953748E+02  0.43957127E+02  0.43946871E+02  0.43923594E+02
  0.43887924E+02  0.43840455E+02  0.43781724E+02  0.43712253E+02  0.43632572E+02
  0.43543205E+02  0.43444631E+02  0.43337319E+02  0.43221714E+02  0.43098227E+02
  0.42967266E+02  0.42829214E+02  0.42684477E+02  0.42533480E+02  0.42376631E+02
  0.42214284E+02  0.42046743E+02  0.41874282E+02  0.41697178E+02  0.41515728E+02
  0.41330225E+02  0.41140932E+02  0.40948086E+02  0.40751898E+02  0.40552596E+02
  0.40350380E+02  0.40145435E+02  0.39937925E+02  0.39728025E+02  0.39515898E+02
  0.39301697E+02  0.39085549E+02  0.38867565E+02  0.38647858E+02  0.38426543E+02
  0.38203736E+02  0.37979544E+02  0.37754082E+02  0.37527462E+02  0.37299784E+02
  0.37071143E+02  0.36841617E+02  0.36611289E+02  0.36380256E+02  0.36148636E+02
  0.35916516E+02  0.35683972E+02  0.35451052E+02  0.35217815E+02  0.34984325E+02
  0.34750648E+02  0.34516846E+02  0.34282975E+02  0.34049103E+02  0.33815277E+02
  0.33581546E+02  0.33347941E+02  0.33114500E+02  0.32881262E+02  0.32648283E+02
  0.32415620E+02  0.32183320E+02  0.31951408E+02  0.31719902E+02  0.31488826E+02
  0.31258216E+02  0.31028108E+02  0.30798551E+02  0.30569603E+02
  0.10000000E+01  0.29406663E+01  0.48140453E+01  0.65951958E+01  0.83285359E+01
  0.99837591E+01  0.11606299E+02  0.13157803E+02  0.14680409E+02  0.16140514E+02
  0.17572151E+02  0.18949739E+02  0.20297249E+02  0.21596936E+02  0.22864094E+02
  0.24087263E+02  0.25275788E+02  0.26422743E+02  0.27533935E+02  0.28605392E+02
  0.29640808E+02  0.30638047E+02  0.31599480E+02  0.32524147E+02  0.33413715E+02
  0.34268033E+02  0.35088332E+02  0.35874724E+02  0.36628167E+02  0.37348902E+02
  0.38037921E+02  0.38695482E+02  0.39322636E+02  0.39919598E+02  0.40487423E+02
  0.41026329E+02  0.41537395E+02  0.42020863E+02  0.42477805E+02  0.42908532E+02
  0.43314033E+02  0.43694703E+02  0.44051520E+02  0.44384877E+02  0.44695628E+02
  0.44984218E+02  0.45251466E+02  0.45497869E+02  0.45724239E+02  0.45931103E+02
  0.46119170E+02  0.46288906E+02  0.46440942E+02  0.46575780E+02  0.46694062E+02
  0.46796311E+02  0.46883114E+02  0.46955009E+02  0.47012605E+02  0.47056462E+02
  0.47087160E+02  0.47105247E+02  0.47111218E+02  0.47105567E+02  0.47088777E+02
  0.47061339E+02  0.47023700E+02  0.46976313E+02  0.46919596E+02  0.46853943E+02
  0.46779742E+02  0.46697367E+02  0.46607210E+02  0.46509678E+02  0.46405167E+02
  0.46294025E+02  0.46176566E+02  0.46053066E+02  0.45923811E+02  0.45789097E+02
  0.45649216E+02  0.45504429E+02  0.45354983E+02  0.45201102E+02  0.45043025E+02
  0.44880959E+02  0.44715105E+02  0.44545643E+02  0.44372764E+02  0.44196632E+02
  0.44017420E+02  0.43835265E+02  0.43650306E+02  0.43462665E+02  0.43272476E+02
  0.43079885E+02  0.42885025E+02  0.42688020E+02  0.42488982E+02  0.42288031E+02
  0.42085280E+02  0.41880830E+02  0.41674763E+02  0.41467192E+02  0.41258246E+02
  0.41048028E+02  0.40836620E+02  0.40624082E+02  0.40410497E+02  0.40195934E+02
  0.39980473E+02  0.39764180E+02  0.39547136E+02  0.39329411E+02  0.39111078E+02
  0.38892194E+02  0.38672806E+02  0.38452953E+02  0.38232678E+02  0.38012047E+02
  0.37791122E+02  0.37569958E+02  0.37348575E+02  0.37127007E+02  0.36905294E+02
  0.36683479E+02  0.36461601E+02  0.36239713E+02  0.36017880E+02
  0.10000000E+01  0.29417578E+01  0.48187886E+01  0.66059834E+01  0.83483361E+01
  0.10014699E+02  0.11651147E+02  0.13218451E+02  0.14759345E+02  0.16239460E+02
  0.17693340E+02  0.19094846E+02  0.20468411E+02  0.21795851E+02  0.23092899E+02
  0.24347678E+02  0.25569988E+02  0.26752445E+02  0.27901315E+02  0.29012152E+02
  0.30089088E+02  0.31129540E+02  0.32136233E+02  0.33107842E+02  0.34046303E+02
  0.34951199E+02  0.35823941E+02  0.36664430E+02  0.37473755E+02  0.38251959E+02
  0.39000157E+02  0.39718400E+02  0.40407869E+02  0.41068544E+02  0.41701611E+02
  0.42307045E+02  0.42886050E+02  0.43438648E+02  0.43966002E+02  0.44468226E+02
  0.44946368E+02  0.45400647E+02  0.45832059E+02  0.46240848E+02  0.46627871E+02
  0.46993440E+02  0.47338353E+02  0.47662989E+02  0.47968132E+02  0.48254200E+02
  0.48521866E+02  0.48771495E+02  0.49003668E+02  0.49218785E+02  0.49417440E+02
  0.49600064E+02  0.49767208E+02  0.49919324E+02  0.50056972E+02  0.50180633E+02
  0.50290839E+02  0.50388064E+02  0.50472755E+02  0.50545344E+02  0.50606264E+02
  0.50655952E+02  0.50694809E+02  0.50723240E+02  0.50741625E+02  0.50750315E+02
  0.50749659E+02  0.50739995E+02  0.50721691E+02  0.50695125E+02  0.50660668E+02
  0.50618639E+02  0.50569336E+02  0.50513020E+02  0.50449958E+02  0.50380422E+02
  0.50304696E+02  0.50223044E+02  0.50135713E+02  0.50042933E+02  0.49944939E+02
  0.49841946E+02  0.49734138E+02  0.49621700E+02  0.49504818E+02  0.49383677E+02
  0.49258445E+02  0.49129271E+02  0.48996300E+02  0.48859673E+02  0.48719527E+02
  0.48575992E+02  0.48429207E+02  0.48279305E+02  0.48126422E+02  0.47970680E+02
  0.47812204E+02  0.47651104E+02  0.47487479E+02  0.47321448E+02  0.47153146E+02
  0.46982689E+02  0.46810175E+02  0.46635683E+02  0.46459306E+02  0.46281131E+02
  0.46101238E+02  0.45919697E+02  0.45736594E+02  0.45552010E+02  0.45366026E+02
  0.45178700E+02  0.44990090E+02  0.44800243E+02  0.44609216E+02  0.44417075E+02
  0.44223887E+02  0.44029706E+02  0.43834567E+02  0.43638512E+02  0.43441598E+02
  0.43243884E+02  0.43045428E+02  0.42846284E+02  0.42646521E+02
  0.10000000E+01  0.29438728E+01  0.48271328E+01  0.66247525E+01  0.83817905E+01
  0.10066135E+02  0.11724232E+02  0.13315826E+02  0.14884274E+02  0.16394196E+02
  0.17880784E+02  0.19317030E+02  0.20727954E+02  0.22094649E+02  0.23433379E+02
  0.24731638E+02  0.25999699E+02  0.27229593E+02  0.28428001E+02  0.29589926E+02
  0.30719832E+02  0.31814678E+02  0.32877451E+02  0.33906477E+02  0.34903821E+02
  0.35868791E+02  0.36802842E+02  0.37705697E+02  0.38578462E+02  0.39421024E+02
  0.40234505E+02  0.41018779E+02  0.41775058E+02  0.42503137E+02  0.43204264E+02
  0.43878231E+02  0.44526286E+02  0.45148274E+02  0.45745383E+02  0.46317565E+02
  0.46865881E+02  0.47390405E+02  0.47892135E+02  0.48371194E+02  0.48828446E+02
  0.49264095E+02  0.49678935E+02  0.50073244E+02  0.50447783E+02  0.50802882E+02
  0.51139196E+02  0.51457028E+02  0.51756943E+02  0.52039286E+02  0.52304630E+02
  0.52553353E+02  0.52785972E+02  0.53002897E+02  0.53204656E+02  0.53391697E+02
  0.53564515E+02  0.53723560E+02  0.53869249E+02  0.54002006E+02  0.54122237E+02
  0.54230358E+02  0.54326742E+02  0.54411781E+02  0.54485841E+02  0.54549265E+02
  0.54602395E+02  0.54645561E+02  0.54679123E+02  0.54703443E+02  0.54718880E+02
  0.54725748E+02  0.54724349E+02  0.54714950E+02  0.54697825E+02  0.54673252E+02
  0.54641518E+02  0.54602883E+02  0.54557596E+02  0.54505882E+02  0.54447988E+02
  0.54384133E+02  0.54314521E+02  0.54239338E+02  0.54158787E+02  0.54073061E+02
  0.53982341E+02  0.53886783E+02  0.53786537E+02  0.53681758E+02  0.53572596E+02
  0.53459197E+02  0.53341703E+02  0.53220261E+02  0.53095022E+02  0.52966129E+02
  0.52833719E+02  0.52697903E+02  0.52558800E+02  0.52416538E+02  0.52271266E+02
  0.52123107E+02  0.51972168E+02  0.51818550E+02  0.51662351E+02  0.51503672E+02
  0.51342599E+02  0.51179226E+02  0.51013640E+02  0.50845933E+02  0.50676183E+02
  0.50504463E+02  0.50330835E+02  0.50155357E+02  0.49978098E+02  0.49799146E+02
  0.49618591E+02  0.49436488E+02  0.49252877E+02  0.49067807E+02  0.48881337E+02
  0.48693538E+02  0.48504468E+02  0.48314193E+02  0.48122791E+02
  0.10000000E+01  0.29443743E+01  0.48295496E+01  0.66306104E+01  0.83929732E+01
  0.10084419E+02  0.11751564E+02  0.13353992E+02  0.14935077E+02  0.16459323E+02
  0.17961904E+02  0.19415821E+02  0.20846110E+02  0.22233937E+02  0.23595611E+02
  0.24918669E+02  0.26213463E+02  0.27471994E+02  0.28701054E+02  0.29895554E+02
  0.31060097E+02  0.32191500E+02  0.33292877E+02  0.34362388E+02  0.35402240E+02
  0.36411601E+02  0.37392052E+02  0.38343137E+02  0.39266065E+02  0.40160531E+02
  0.41027772E+02  0.41867458E+02  0.42680912E+02  0.43467712E+02  0.44229188E+02
  0.44964915E+02  0.45676205E+02  0.46362719E+02  0.47025669E+02  0.47664855E+02
  0.48281330E+02  0.48875049E+02  0.49446975E+02  0.49997119E+02  0.50526299E+02
  0.51034612E+02  0.51522810E+02  0.51991074E+02  0.52440117E+02  0.52870168E+02
  0.53281847E+02  0.53675364E+02  0.54051251E+02  0.54409744E+02  0.54751374E+02
  0.55076419E+02  0.55385370E+02  0.55678554E+02  0.55956464E+02  0.56219474E+02
  0.56468052E+02  0.56702584E+02  0.56923449E+02  0.57131017E+02  0.57325655E+02
  0.57507738E+02  0.57677599E+02  0.57835596E+02  0.57982065E+02  0.58117322E+02
  0.58241681E+02  0.58355445E+02  0.58458958E+02  0.58552555E+02  0.58636576E+02
  0.58711306E+02  0.58777042E+02  0.58834036E+02  0.58882549E+02  0.58922844E+02
  0.58955204E+02  0.58979885E+02  0.58997141E+02  0.59007200E+02  0.59010314E+02
  0.59006697E+02  0.58996554E+02  0.58980064E+02  0.58957438E+02  0.58928859E+02
  0.58894511E+02  0.58854551E+02  0.58809150E+02  0.58758465E+02  0.58702649E+02
  0.58641845E+02  0.58576200E+02  0.58505858E+02  0.58430966E+02  0.58351669E+02
  0.58268109E+02  0.58180414E+02  0.58088710E+02  0.57993129E+02  0.57893829E+02
  0.57790934E+02  0.57684570E+02  0.57574837E+02  0.57461843E+02  0.57345686E+02
  0.57226460E+02  0.57104261E+02  0.56979181E+02  0.56851319E+02  0.56720752E+02
  0.56587565E+02  0.56451824E+02  0.56313594E+02  0.56172945E+02  0.56029965E+02
  0.55884739E+02  0.55737326E+02  0.55587779E+02  0.55436152E+02  0.55282517E+02
  0.55126946E+02  0.54969506E+02  0.54810275E+02  0.54649327E+02
  0.10000000E+01  0.29442011E+01  0.48293093E+01  0.66303028E+01  0.83930605E+01
  0.10085245E+02  0.11753758E+02  0.13358076E+02  0.14941627E+02  0.16468918E+02
  0.17975047E+02  0.19433168E+02  0.20868210E+02  0.22261548E+02  0.23629390E+02
  0.24959451E+02  0.26262030E+02  0.27529223E+02  0.28767836E+02  0.29972801E+02
  0.31148795E+02  0.32292584E+02  0.33407373E+02  0.34491247E+02  0.35546537E+02
  0.36572334E+02  0.37570341E+02  0.38540005E+02  0.39482659E+02  0.40397869E+02
  0.41287012E+02  0.42149612E+02  0.42987135E+02  0.43798998E+02  0.44586663E+02
  0.45349553E+02  0.46089086E+02  0.46804811E+02  0.47498014E+02  0.48168416E+02
  0.48817101E+02  0.49443959E+02  0.50049953E+02  0.50635037E+02  0.51200022E+02
  0.51744959E+02  0.52270591E+02  0.52777051E+02  0.53265053E+02  0.53734774E+02
  0.54186820E+02  0.54621338E+02  0.55038847E+02  0.55439527E+02  0.55823894E+02
  0.56192173E+02  0.56544832E+02  0.56882156E+02  0.57204621E+02  0.57512562E+02
  0.57806409E+02  0.58086507E+02  0.58353209E+02  0.58606850E+02  0.58847766E+02
  0.59076287E+02  0.59292725E+02  0.59497395E+02  0.59690609E+02  0.59872643E+02
  0.60043794E+02  0.60204335E+02  0.60354587E+02  0.60494856E+02  0.60625461E+02
  0.60746670E+02  0.60858754E+02  0.60961942E+02  0.61056481E+02  0.61142619E+02
  0.61220620E+02  0.61290723E+02  0.61353162E+02  0.61408153E+02  0.61455931E+02
  0.61496699E+02  0.61530649E+02  0.61557961E+02  0.61578827E+02  0.61593431E+02
  0.61601945E+02  0.61604518E+02  0.61601311E+02  0.61592466E+02  0.61578136E+02
  0.61558459E+02  0.61533587E+02  0.61503656E+02  0.61468824E+02  0.61429221E+02
  0.61384986E+02  0.61336235E+02  0.61283089E+02  0.61225685E+02  0.61164172E+02
  0.61098688E+02  0.61029350E+02  0.60956274E+02  0.60879554E+02  0.60799283E+02
  0.60715547E+02  0.60628433E+02  0.60538042E+02  0.60444470E+02  0.60347815E+02
  0.60248156E+02  0.60145570E+02  0.60040109E+02  0.59931846E+02  0.59820867E+02
  0.59707259E+02  0.59591085E+02  0.59472394E+02  0.59351248E+02  0.59227719E+02
  0.59101885E+02  0.58973813E+02  0.58843570E+02  0.58711233E+02
  0.10000000E+01  0.29459071E+01  0.48361304E+01  0.66457045E+01  0.84206426E+01
  0.10127797E+02  0.11814394E+02  0.13439077E+02  0.15045739E+02  0.16598128E+02
  0.18131768E+02  0.19619224E+02  0.21085759E+02  0.22512312E+02  0.23915370E+02
  0.25282290E+02  0.26623625E+02  0.27931118E+02  0.29211815E+02  0.30460289E+02
  0.31681443E+02  0.32871702E+02  0.34034476E+02  0.35167559E+02  0.36273421E+02
  0.37350891E+02  0.38401771E+02  0.39425289E+02  0.40422875E+02  0.41393889E+02
  0.42339800E+02  0.43259912E+02  0.44155805E+02  0.45026674E+02  0.45874097E+02
  0.46697286E+02  0.47497751E+02  0.48274864E+02  0.49029969E+02  0.49762635E+02
  0.50473977E+02  0.51163768E+02  0.51832986E+02  0.52481490E+02  0.53110089E+02
  0.53718752E+02  0.54308218E+02  0.54878550E+02  0.55430445E+02  0.55964013E+02
  0.56479857E+02  0.56978069E+02  0.57459161E+02  0.57923256E+02  0.58370859E+02
  0.58802141E+02  0.59217567E+02  0.59617376E+02  0.60002031E+02  0.60371829E+02
  0.60727181E+02  0.61068404E+02  0.61395826E+02  0.61709763E+02  0.62010521E+02
  0.62298421E+02  0.62573754E+02  0.62836825E+02  0.63087929E+02  0.63327331E+02
  0.63555309E+02  0.63772113E+02  0.63978049E+02  0.64173404E+02  0.64358485E+02
  0.64533543E+02  0.64698848E+02  0.64854630E+02  0.65001131E+02  0.65138582E+02
  0.65267235E+02  0.65387317E+02  0.65499064E+02  0.65602683E+02  0.65698408E+02
  0.65786436E+02  0.65866966E+02  0.65940161E+02  0.66006226E+02  0.66065338E+02
  0.66117681E+02  0.66163394E+02  0.66202648E+02  0.66235592E+02  0.66262383E+02
  0.66283152E+02  0.66298045E+02  0.66307202E+02  0.66310785E+02  0.66308934E+02
  0.66301794E+02  0.66289494E+02  0.66272162E+02  0.66249927E+02  0.66222934E+02
  0.66191323E+02  0.66155222E+02  0.66114747E+02  0.66070004E+02  0.66021106E+02
  0.65968154E+02  0.65911243E+02  0.65850473E+02  0.65785949E+02  0.65717773E+02
  0.65646031E+02  0.65570798E+02  0.65492134E+02  0.65410129E+02  0.65324873E+02
  0.65236458E+02  0.65144942E+02  0.65050385E+02  0.64952846E+02  0.64852399E+02
  0.64749131E+02  0.64643133E+02  0.64534479E+02  0.64423251E+02
  0.10000000E+01  0.29442962E+01  0.48304276E+01  0.66334833E+01  0.83999205E+01
  0.10097401E+02  0.11772966E+02  0.13386147E+02  0.14980088E+02  0.16519586E+02
  0.18039208E+02  0.19512690E+02  0.20964345E+02  0.22376264E+02  0.23764072E+02
  0.25116145E+02  0.26442308E+02  0.27735152E+02  0.29001185E+02  0.30235637E+02
  0.31443065E+02  0.32620324E+02  0.33770636E+02  0.34892028E+02  0.35986988E+02
  0.37054473E+02  0.38096418E+02  0.39112036E+02  0.40102932E+02  0.41068375E+02
  0.42010061E+02  0.42927186E+02  0.43821535E+02  0.44692190E+02  0.45540888E+02
  0.46366763E+02  0.47171434E+02  0.47954242E+02  0.48716596E+02  0.49458085E+02
  0.50179837E+02  0.50881662E+02  0.51564518E+02  0.52228303E+02  0.52873794E+02
  0.53500983E+02  0.54110584E+02  0.54702679E+02  0.55277963E+02  0.55836535E+02
  0.56378993E+02  0.56905390E+02  0.57416240E+02  0.57911597E+02  0.58391970E+02
  0.58857460E+02  0.59308541E+02  0.59745384E+02  0.60168458E+02  0.60578004E+02
  0.60974434E+02  0.61358010E+02  0.61729038E+02  0.62087781E+02  0.62434515E+02
  0.62769503E+02  0.63093005E+02  0.63405282E+02  0.63706596E+02  0.63997157E+02
  0.64277211E+02  0.64546965E+02  0.64806702E+02  0.65056660E+02  0.65297110E+02
  0.65528264E+02  0.65750352E+02  0.65963560E+02  0.66168078E+02  0.66364107E+02
  0.66551863E+02  0.66731550E+02  0.66903364E+02  0.67067488E+02  0.67224124E+02
  0.67373445E+02  0.67515622E+02  0.67650791E+02  0.67779132E+02  0.67900789E+02
  0.68015926E+02  0.68124653E+02  0.68227127E+02  0.68323460E+02  0.68413789E+02
  0.68498217E+02  0.68576870E+02  0.68649862E+02  0.68717337E+02  0.68779414E+02
  0.68836226E+02  0.68887872E+02  0.68934470E+02  0.68976129E+02  0.69012990E+02
  0.69045166E+02  0.69072780E+02  0.69095932E+02  0.69114732E+02  0.69129278E+02
  0.69139659E+02  0.69145959E+02  0.69148263E+02  0.69146665E+02  0.69141248E+02
  0.69132089E+02  0.69119248E+02  0.69102784E+02  0.69082773E+02  0.69059298E+02
  0.69032445E+02  0.69002265E+02  0.68968812E+02  0.68932137E+02  0.68892313E+02
  0.68849417E+02  0.68803532E+02  0.68754732E+02  0.68703091E+02
   128
  0.10000000E+01  0.23712373E+01  0.30342864E+01  0.31031453E+01  0.28338943E+01
  0.23937707E+01  0.19140715E+01  0.14671037E+01  0.10912520E+01  0.78821875E+00
  0.55339383E+00  0.37505876E+00  0.24411641E+00  0.14926573E+00  0.82799211E-01
  0.38562584E-01  0.12679952E-01 -0.81614895E-04 -0.52615116E-02 -0.68692811E-02
 -0.65587092E-02 -0.45515230E-02 -0.12212887E-02  0.24618556E-02  0.53361173E-02
  0.67201901E-02  0.65787482E-02  0.53385795E-02  0.35436040E-02  0.16261933E-02
 -0.14366821E-03 -0.16059000E-02 -0.26445287E-02  0.00000000E+00  0.00000000E+00
  0.00000000E+00  0.00000000E+00  0.00000000E+00  0.00000000E+00  0.00000000E+00
  0.00000000E+00  0.00000000E+00  0.00000000E+00  0.00000000E+00  0.00000000E+00
  0.00000000E+00  0.00000000E+00  0.00000000E+00  0.00000000E+00  0.00000000E+00
  0.00000000E+00  0.00000000E+00  0.00000000E+00  0.00000000E+00  0.00000000E+00
  0.00000000E+00  0.00000000E+00  0.00000000E+00  0.00000000E+00  0.00000000E+00
  0.00000000E+00  0.00000000E+00  0.00000000E+00  0.00000000E+00  0.00000000E+00
  0.00000000E+00  0.00000000E+00  0.00000000E+00  0.00000000E+00  0.00000000E+00
  0.00000000E+00  0.00000000E+00  0.00000000E+00  0.00000000E+00  0.00000000E+00
  0.00000000E+00  0.00000000E+00  0.00000000E+00  0.00000000E+00  0.00000000E+00
  0.00000000E+00  0.00000000E+00  0.00000000E+00  0.00000000E+00  0.00000000E+00
  0.00000000E+00  0.00000000E+00  0.00000000E+00  0.00000000E+00  0.00000000E+00
  0.00000000E+00  0.00000000E+00  0.00000000E+00  0.00000000E+00  0.00000000E+00
  0.00000000E+00  0.00000000E+00  0.00000000E+00  0.00000000E+00  0.00000000E+00
  0.00000000E+00  0.00000000E+00  0.00000000E+00  0.00000000E+00  0.00000000E+00
  0.00000000E+00  0.00000000E+00  0.00000000E+00  0.00000000E+00  0.00000000E+00
  0.00000000E+00  0.00000000E+00  0.00000000E+00  0.00000000E+00  0.00000000E+00
  0.00000000E+00  0.00000000E+00  0.00000000E+00  0.00000000E+00  0.00000000E+00
  0.00000000E+00  0.00000000E+00  0.00000000E+00  0.00000000E+00  0.00000000E+00
  0.00000000E+00  0.00000000E+00  0.00000000E+00  0.00000000E+00
  0.10000000E+01  0.25227454E+01  0.35365555E+01  0.40476405E+01  0.41947279E+01
  0.40760176E+01  0.37869173E+01  0.33998864E+01  0.29708611E+01  0.25267930E+01
  0.20921607E+01  0.16825377E+01  0.13139563E+01  0.99259912E+00  0.72408368E+00
  0.50866015E+00  0.34612555E+00  0.22919310E+00  0.14783558E+00  0.92218360E-01
  0.55792519E-01  0.34077954E-01  0.22976801E-01  0.18263178E-01  0.16293951E-01
  0.14735623E-01  0.12603697E-01  0.98409685E-02  0.67695665E-02  0.37675814E-02
  0.11157094E-02 -0.10211703E-02 -0.25529806E-02  0.00000000E+00  0.00000000E+00
  0.00000000E+00  0.00000000E+00  0.00000000E+00  0.00000000E+00  0.00000000E+00
  0.00000000E+00  0.00000000E+00  0.00000000E+00  0.00000000E+00  0.00000000E+00
  0.00000000E+00  0.00000000E+00  0.00000000E+00  0.00000000E+00  0.00000000E+00
  0.00000000E+00  0.00000000E+00  0.00000000E+00  0.00000000E+00  0.00000000E+00
  0.00000000E+00  0.00000000E+00  0.00000000E+00  0.00000000E+00  0.00000000E+00
  0.00000000E+00  0.00000000E+00  0.00000000E+00  0.00000000E+00  0.00000000E+00
  0.00000000E+00  0.00000000E+00  0.00000000E+00  0.00000000E+00  0.00000000E+00
  0.00000000E+00  0.00000000E+00  0.00000000E+00  0.00000000E+00  0.00000000E+00
  0.00000000E+00  0.00000000E+00  0.00000000E+00  0.00000000E+00  0.00000000E+00
  0.00000000E+00  0.00000000E+00  0.00000000E+00  0.00000000E+00  0.00000000E+00
  0.00000000E+00  0.00000000E+00  0.00000000E+00  0.00000000E+00  0.00000000E+00
  0.00000000E+00  0.00000000E+00  0.00000000E+00  0.00000000E+00  0.00000000E+00
  0.00000000E+00  0.00000000E+00  0.00000000E+00  0.00000000E+00  0.00000000E+00
  0.00000000E+00  0.00000000E+00  0.00000000E+00  0.00000000E+00  0.00000000E+00
  0.00000000E+00  0.00000000E+00  0.00000000E+00  0.00000000E+00  0.00000000E+00
  0.00000000E+00  0.00000000E+00  0.00000000E+00  0.00000000E+00  0.00000000E+00
  0.00000000E+00  0.00000000E+00  0.00000000E+00  0.00000000E+00  0.00000000E+00
  0.00000000E+00  0.00000000E+00  0.00000000E+00  0.00000000E+00  0.00000000E+00
  0.00000000E+00  0.00000000E+00  0.00000000E+00  0.00000000E+00
  0.10000000E+01  0.25922470E+01  0.37895100E+01  0.45686837E+01  0.50189670E+01
  0.52009080E+01  0.51761895E+01  0.49955695E+01  0.47024684E+01  0.43214823E+01
  0.38816000E+01  0.34082448E+01  0.29306948E+01  0.24690979E+01  0.20427556E+01
  0.16630973E+01  0.13392236E+01  0.10703238E+01  0.85131049E+00  0.67474497E+00
  0.53485748E+00  0.42630381E+00  0.34313868E+00  0.27886901E+00  0.22777904E+00
  0.18585490E+00  0.15067088E+00  0.12095709E+00  0.95946828E-01  0.75145955E-01
  0.58087809E-01  0.44350551E-01  0.33504216E-01  0.25154916E-01  0.18932092E-01
  0.14478238E-01  0.11431731E-01  0.94383879E-02  0.81331581E-02  0.71986593E-02
  0.63992216E-02  0.55948677E-02  0.47471325E-02  0.38789466E-02  0.30396764E-02
  0.22607753E-02  0.15303124E-02  0.86545084E-03  0.32111729E-03 -0.42538067E-04
  0.00000000E+00  0.00000000E+00  0.00000000E+00  0.00000000E+00  0.00000000E+00
  0.00000000E+00  0.00000000E+00  0.00000000E+00  0.00000000E+00  0.00000000E+00
  0.00000000E+00  0.00000000E+00  0.00000000E+00  0.00000000E+00  0.00000000E+00
  0.00000000E+00  0.00000000E+00  0.00000000E+00  0.00000000E+00  0.00000000E+00
  0.00000000E+00  0.00000000E+00  0.00000000E+00  0.00000000E+00  0.00000000E+00
  0.00000000E+00  0.00000000E+00  0.00000000E+00  0.00000000E+00  0.00000000E+00
  0.00000000E+00  0.00000000E+00  0.00000000E+00  0.00000000E+00  0.00000000E+00
  0.00000000E+00  0.00000000E+00  0.00000000E+00  0.00000000E+00  0.00000000E+00
  0.00000000E+00  0.00000000E+00  0.00000000E+00  0.00000000E+00  0.00000000E+00
  0.00000000E+00  0.00000000E+00  0.00000000E+00  0.00000000E+00  0.00000000E+00
  0.00000000E+00  0.00000000E+00  0.00000000E+00  0.00000000E+00  0.00000000E+00
  0.00000000E+00  0.00000000E+00  0.00000000E+00  0.00000000E+00  0.00000000E+00
  0.00000000E+00  0.00000000E+00  0.00000000E+00  0.00000000E+00  0.00000000E+00
  0.00000000E+00  0.00000000E+00  0.00000000E+00  0.00000000E+00  0.00000000E+00
  0.00000000E+00  0.00000000E+00  0.00000000E+00  0.00000000E+00  0.00000000E+00
  0.00000000E+00  0.00000000E+00  0.00000000E+00  0.00000000E+00
  0.10000000E+01  0.26314682E+01  0.39353031E+01  0.48862278E+01  0.55530384E+01
  0.59783793E+01  0.62036601E+01  0.62634029E+01  0.61877267E+01  0.59938965E+01
  0.57041352E+01  0.53396246E+01  0.49269326E+01  0.44872672E+01  0.40426089E+01
  0.36091255E+01  0.32013678E+01  0.28257011E+01  0.24848094E+01  0.21781520E+01
  0.19052044E+01  0.16644874E+01  0.14530305E+01  0.12667441E+01  0.11016378E+01
  0.95483609E+00  0.82433489E+00  0.70885965E+00  0.60722569E+00  0.51834707E+00
  0.44105060E+00  0.37422663E+00  0.31675321E+00  0.26757270E+00  0.22564620E+00
  0.19003761E+00  0.15985568E+00  0.13430803E+00  0.11262954E+00  0.94120507E-01
  0.78242258E-01  0.64614995E-01  0.52979657E-01  0.43113536E-01  0.34773748E-01
  0.27764831E-01  0.21930588E-01  0.17110844E-01  0.13163893E-01  0.99953222E-02
  0.75168788E-02  0.56617309E-02  0.43207910E-02  0.33891105E-02  0.27646886E-02
  0.23648374E-02  0.20983867E-02  0.18848436E-02  0.16761444E-02  0.14468958E-02
  0.12046061E-02  0.95760167E-03  0.71144322E-03  0.49131898E-03  0.31189488E-03
  0.16019820E-03  0.20130530E-04 -0.10096101E-03  0.00000000E+00  0.00000000E+00
  0.00000000E+00  0.00000000E+00  0.00000000E+00  0.00000000E+00  0.00000000E+00
  0.00000000E+00  0.00000000E+00  0.00000000E+00  0.00000000E+00  0.00000000E+00
  0.00000000E+00  0.00000000E+00  0.00000000E+00  0.00000000E+00  0.00000000E+00
  0.00000000E+00  0.00000000E+00  0.00000000E+00  0.00000000E+00  0.00000000E+00
  0.00000000E+00  0.00000000E+00  0.00000000E+00  0.00000000E+00  0.00000000E+00
  0.00000000E+00  0.00000000E+00  0.00000000E+00  0.00000000E+00  0.00000000E+00
  0.00000000E+00  0.00000000E+00  0.00000000E+00  0.00000000E+00  0.00000000E+00
  0.00000000E+00  0.00000000E+00  0.00000000E+00  0.00000000E+00  0.00000000E+00
  0.00000000E+00  0.00000000E+00  0.00000000E+00  0.00000000E+00  0.00000000E+00
  0.00000000E+00  0.00000000E+00  0.00000000E+00  0.00000000E+00  0.00000000E+00
  0.00000000E+00  0.00000000E+00  0.00000000E+00  0.00000000E+00  0.00000000E+00
  0.00000000E+00  0.00000000E+00  0.00000000E+00  0.00000000E+00
  0.10000000E+01  0.26647035E+01  0.40548881E+01  0.51416010E+01  0.59785876E+01
  0.65958797E+01  0.70214612E+01  0.72795851E+01  0.73926674E+01  0.73745705E+01
  0.72436948E+01  0.70178803E+01  0.67199396E+01  0.63690466E+01  0.59856276E+01
  0.55858271E+01  0.51849441E+01  0.47919021E+01  0.44129289E+01  0.40512885E+01
  0.37097608E+01  0.33898175E+01  0.30912595E+01  0.28126560E+01  0.25523885E+01
  0.23095014E+01  0.20835389E+01  0.18743775E+01  0.16817130E+01  0.15051818E+01
  0.13441881E+01  0.11980837E+01  0.10661294E+01  0.94743991E+00  0.84102184E+00
  0.74580245E+00  0.66065827E+00  0.58463943E+00  0.51678245E+00  0.45620849E+00
  0.40212541E+00  0.35389169E+00  0.31095284E+00  0.27283978E+00  0.23901697E+00
  0.20898650E+00  0.18231017E+00  0.15863860E+00  0.13763498E+00  0.11908205E+00
  0.10276347E+00  0.88590952E-01  0.76393994E-01  0.65976870E-01  0.57050663E-01
  0.49373142E-01  0.42774983E-01  0.37107835E-01  0.32213637E-01  0.27936509E-01
  0.24201975E-01  0.20950379E-01  0.18145804E-01  0.15740618E-01  0.13674990E-01
  0.11911386E-01  0.10442724E-01  0.92399311E-02  0.82576488E-02  0.74474870E-02
  0.67698682E-02  0.61892995E-02  0.56625899E-02  0.51617370E-02  0.46853050E-02
  0.42296255E-02  0.37680626E-02  0.33014020E-02  0.28353787E-02  0.24065248E-02
  0.20340366E-02  0.17072287E-02  0.14055922E-02  0.11431862E-02  0.94222346E-03
  0.79082192E-03  0.65989027E-03  0.53219730E-03  0.40875456E-03  0.31099659E-03
  0.23493390E-03  0.15800362E-03  0.92416302E-04  0.39282364E-04  0.13472251E-04
  0.11900181E-04  0.30882271E-04  0.68725675E-04  0.10615488E-03  0.15097114E-03
  0.18515725E-03  0.21793750E-03  0.25707551E-03  0.27689651E-03  0.25614813E-03
  0.20303800E-03  0.11976854E-03  0.43486355E-04 -0.16862133E-04  0.00000000E+00
  0.00000000E+00  0.00000000E+00  0.00000000E+00  0.00000000E+00  0.00000000E+00
  0.00000000E+00  0.00000000E+00  0.00000000E+00  0.00000000E+00  0.00000000E+00
  0.00000000E+00  0.00000000E+00  0.00000000E+00  0.00000000E+00  0.00000000E+00
  0.00000000E+00  0.00000000E+00  0.00000000E+00  0.00000000E+00
  0.10000000E+01  0.26853955E+01  0.41279247E+01  0.52984643E+01  0.62446710E+01
  0.69908136E+01  0.75586408E+01  0.79669029E+01  0.82335904E+01  0.83702143E+01
  0.83922578E+01  0.83145917E+01  0.81563296E+01  0.79336566E+01  0.76637931E+01
  0.73606213E+01  0.70376130E+01  0.67033418E+01  0.63646346E+01  0.60259675E+01
  0.56913960E+01  0.53638318E+01  0.50447172E+01  0.47344647E+01  0.44332361E+01
  0.41415825E+01  0.38604634E+01  0.35908759E+01  0.33335295E+01  0.30889911E+01
  0.28575692E+01  0.26395374E+01  0.24350375E+01  0.22439260E+01  0.20659486E+01
  0.19005850E+01  0.17472072E+01  0.16053058E+01  0.14741636E+01  0.13531525E+01
  0.12416074E+01  0.11389273E+01  0.10444948E+01  0.95780628E+00  0.87815765E+00
  0.80490989E+00  0.73752390E+00  0.67555056E+00  0.61848511E+00  0.56616301E+00
  0.51813066E+00  0.47431427E+00  0.43433770E+00  0.39794307E+00  0.36470391E+00
  0.33429490E+00  0.30643551E+00  0.28089249E+00  0.25750689E+00  0.23606555E+00
  0.21637903E+00  0.19827274E+00  0.18162007E+00  0.16634540E+00  0.15237669E+00
  0.13958736E+00  0.12784051E+00  0.11703984E+00  0.10714022E+00  0.98086005E-01
  0.89796637E-01  0.82185989E-01  0.75186623E-01  0.68754011E-01  0.62864478E-01
  0.57450850E-01  0.52462664E-01  0.47859113E-01  0.43626880E-01  0.39749614E-01
  0.36192854E-01  0.32921138E-01  0.29924157E-01  0.27207823E-01  0.24761414E-01
  0.22546041E-01  0.20519489E-01  0.18641763E-01  0.16903274E-01  0.15303796E-01
  0.13846042E-01  0.12534710E-01  0.11343329E-01  0.10256301E-01  0.92418643E-02
  0.83122895E-02  0.74934297E-02  0.67714004E-02  0.61232865E-02  0.55190089E-02
  0.49503028E-02  0.44351665E-02  0.39849417E-02  0.36007711E-02  0.32515286E-02
  0.29166795E-02  0.25988247E-02  0.23010577E-02  0.20321950E-02  0.17920768E-02
  0.15677837E-02  0.13504882E-02  0.11367106E-02  0.94079789E-03  0.76728221E-03
  0.61741202E-03  0.50344438E-03  0.42278431E-03  0.36010069E-03  0.30287783E-03
  0.23904342E-03  0.18625599E-03  0.14688595E-03  0.10520238E-03  0.46537308E-04
 -0.34358212E-04  0.00000000E+00  0.00000000E+00  0.00000000E+00
  0.10000000E+01  0.27148830E+01  0.42323001E+01  0.55220724E+01  0.66229668E+01
  0.75511055E+01  0.83199698E+01  0.89411165E+01  0.94269614E+01  0.97859448E+01
  0.10029878E+02  0.10169853E+02  0.10220262E+02  0.10193364E+02  0.10102086E+02
  0.99570708E+01  0.97690466E+01  0.95456415E+01  0.92938797E+01  0.90192419E+01
  0.87268908E+01  0.84211567E+01  0.81052157E+01  0.77815236E+01  0.74523051E+01
  0.71198940E+01  0.67869998E+01  0.64560631E+01  0.61291268E+01  0.58080636E+01
  0.54944707E+01  0.51899341E+01  0.48958166E+01  0.46130426E+01  0.43423725E+01
  0.40840712E+01  0.38382505E+01  0.36051262E+01  0.33844957E+01  0.31762278E+01
  0.29800216E+01  0.27955453E+01  0.26222795E+01  0.24598465E+01  0.23074704E+01
  0.21644098E+01  0.20300915E+01  0.19040195E+01  0.17855406E+01  0.16745431E+01
  0.15703151E+01  0.14728526E+01  0.13816321E+01  0.12963709E+01  0.12164877E+01
  0.11415225E+01  0.10710974E+01  0.10049235E+01  0.94276464E+00  0.88433281E+00
  0.82933896E+00  0.77754668E+00  0.72880507E+00  0.68298863E+00  0.63997247E+00
  0.59956662E+00  0.56160923E+00  0.52590952E+00  0.49233956E+00  0.46077137E+00
  0.43112296E+00  0.40329556E+00  0.37718312E+00  0.35267947E+00  0.32966389E+00
  0.30805933E+00  0.28779663E+00  0.26878867E+00  0.25096492E+00  0.23422751E+00
  0.21850129E+00  0.20375861E+00  0.18997297E+00  0.17707696E+00  0.16500960E+00
  0.15371486E+00  0.14315874E+00  0.13333436E+00  0.12420478E+00  0.11571140E+00
  0.10777178E+00  0.10035999E+00  0.93460111E-01  0.87052990E-01  0.81088879E-01
  0.75523542E-01  0.70319039E-01  0.65461609E-01  0.60946406E-01  0.56724643E-01
  0.52775152E-01  0.49057629E-01  0.45572961E-01  0.42330592E-01  0.39316122E-01
  0.36514100E-01  0.33876465E-01  0.31396917E-01  0.29082601E-01  0.26934686E-01
  0.24974079E-01  0.23167949E-01  0.21491215E-01  0.19918937E-01  0.18454244E-01
  0.17098520E-01  0.15841397E-01  0.14699095E-01  0.13642171E-01  0.12652189E-01
  0.11748847E-01  0.10936971E-01  0.10207550E-01  0.95407341E-02  0.89156073E-02
  0.83383358E-02  0.78082135E-02  0.73303254E-02  0.68724635E-02
  0.10000000E+01  0.27361639E+01  0.43070856E+01  0.56832816E+01  0.68988406E+01
  0.79653560E+01  0.88918660E+01  0.96854378E+01  0.10354871E+02  0.10906087E+02
  0.11348080E+02  0.11688956E+02  0.11939476E+02  0.12108616E+02  0.12205646E+02
  0.12238134E+02  0.12213913E+02  0.12138886E+02  0.12019073E+02  0.11859572E+02
  0.11665366E+02  0.11440964E+02  0.11190076E+02  0.10916044E+02  0.10622042E+02
  0.10311259E+02  0.99873587E+01  0.96536311E+01  0.93130126E+01  0.89682907E+01
  0.86220221E+01  0.82768656E+01  0.79352313E+01  0.75990266E+01  0.72699540E+01
  0.69490876E+01  0.66373621E+01  0.63358396E+01  0.60450251E+01  0.57654590E+01
  0.54974026E+01  0.52409663E+01  0.49959737E+01  0.47624087E+01  0.45396881E+01
  0.43272392E+01  0.41246507E+01  0.39315571E+01  0.37473398E+01  0.35720454E+01
  0.34048901E+01  0.32459603E+01  0.30947043E+01  0.29508741E+01  0.28138729E+01
  0.26832217E+01  0.25585111E+01  0.24394674E+01  0.23258351E+01  0.22172926E+01
  0.21135451E+01  0.20143388E+01  0.19195277E+01  0.18289592E+01  0.17424971E+01
  0.16599451E+01  0.15811392E+01  0.15058786E+01  0.14340066E+01  0.13653465E+01
  0.12997831E+01  0.12372214E+01  0.11775592E+01  0.11206901E+01  0.10664663E+01
  0.10147497E+01  0.96544145E+00  0.91843969E+00  0.87365255E+00  0.83098120E+00
  0.79029762E+00  0.75151414E+00  0.71456509E+00  0.67936372E+00  0.64585916E+00
  0.61396240E+00  0.58359622E+00  0.55470702E+00  0.52722840E+00  0.50112689E+00
  0.47634412E+00  0.45279865E+00  0.43041684E+00  0.40913952E+00  0.38891157E+00
  0.36968365E+00  0.35141564E+00  0.33405420E+00  0.31753328E+00  0.30180700E+00
  0.28683529E+00  0.27258430E+00  0.25902506E+00  0.24612558E+00  0.23385612E+00
  0.22219590E+00  0.21111794E+00  0.20058394E+00  0.19057392E+00  0.18105532E+00
  0.17201787E+00  0.16344597E+00  0.15531724E+00  0.14759538E+00  0.14023746E+00
  0.13323896E+00  0.12659925E+00  0.12030417E+00  0.11433953E+00  0.10867541E+00
  0.10328977E+00  0.98173182E-01  0.93318818E-01  0.88713776E-01  0.84348162E-01
  0.80219208E-01  0.76318852E-01  0.72631815E-01  0.69116696E-01
  0.10000000E+01  0.27547967E+01  0.43719110E+01  0.58230538E+01  0.71388108E+01
  0.83275747E+01  0.93954658E+01  0.10346232E+02  0.11185938E+02  0.11918218E+02
  0.12549705E+02  0.13085995E+02  0.13534914E+02  0.13902707E+02  0.14195616E+02
  0.14418513E+02  0.14576577E+02  0.14673857E+02  0.14714935E+02  0.14703922E+02
  0.14645019E+02  0.14542246E+02  0.14399155E+02  0.14219254E+02  0.14006002E+02
  0.13762835E+02  0.13493753E+02  0.13202395E+02  0.12892190E+02  0.12566510E+02
  0.12228576E+02  0.11881809E+02  0.11529367E+02  0.11173952E+02  0.10818094E+02
  0.10463676E+02  0.10112433E+02  0.97662123E+01  0.94262289E+01  0.90937289E+01
  0.87696337E+01  0.84546187E+01  0.81490143E+01  0.78532670E+01  0.75671472E+01
  0.72904207E+01  0.70230128E+01  0.67648212E+01  0.65154160E+01  0.62750647E+01
  0.60430486E+01  0.58196043E+01  0.56042556E+01  0.53968891E+01  0.51969644E+01
  0.50040584E+01  0.48178221E+01  0.46380458E+01  0.44645342E+01  0.42969893E+01
  0.41351274E+01  0.39787335E+01  0.38277054E+01  0.36819225E+01  0.35413015E+01
  0.34056621E+01  0.32748649E+01  0.31486863E+01  0.30269964E+01  0.29096282E+01
  0.27964702E+01  0.26874382E+01  0.25824399E+01  0.24813360E+01  0.23839660E+01
  0.22901987E+01  0.21999206E+01  0.21130439E+01  0.20294601E+01  0.19490413E+01
  0.18716522E+01  0.17971781E+01  0.17255203E+01  0.16565971E+01  0.15903377E+01
  0.15266383E+01  0.14654100E+01  0.14065538E+01  0.13499919E+01  0.12956706E+01
  0.12435293E+01  0.11934630E+01  0.11453602E+01  0.10991426E+01  0.10547369E+01
  0.10121059E+01  0.97118182E+00  0.93185783E+00  0.89405741E+00  0.85772947E+00
  0.82282628E+00  0.78933920E+00  0.75720549E+00  0.72633870E+00  0.69668684E+00
  0.66820745E+00  0.64086803E+00  0.61465488E+00  0.58952592E+00  0.56543370E+00
  0.54231714E+00  0.52013418E+00  0.49887388E+00  0.47851608E+00  0.45901730E+00
  0.44033956E+00  0.42242614E+00  0.40525087E+00  0.38878153E+00  0.37298820E+00
  0.35784830E+00  0.34331166E+00  0.32934930E+00  0.31593374E+00  0.30305322E+00
  0.29068554E+00  0.27881325E+00  0.26742588E+00  0.25648236E+00
  0.10000000E+01  0.27688253E+01  0.44201657E+01  0.59277549E+01  0.73200631E+01
  0.86038457E+01  0.97838621E+01  0.10861949E+02  0.11842518E+02  0.12727419E+02
  0.13521507E+02  0.14228428E+02  0.14853932E+02  0.15402339E+02  0.15877998E+02
  0.16284065E+02  0.16623962E+02  0.16900344E+02  0.17116460E+02  0.17275295E+02
  0.17379989E+02  0.17433647E+02  0.17439123E+02  0.17399363E+02  0.17317353E+02
  0.17196098E+02  0.17039162E+02  0.16849885E+02  0.16631507E+02  0.16387320E+02
  0.16120578E+02  0.15834786E+02  0.15533256E+02  0.15218969E+02  0.14894789E+02
  0.14563029E+02  0.14225910E+02  0.13885761E+02  0.13544351E+02  0.13203475E+02
  0.12864610E+02  0.12528999E+02  0.12197520E+02  0.11871137E+02  0.11550177E+02
  0.11234909E+02  0.10925704E+02  0.10622830E+02  0.10326264E+02  0.10036543E+02
  0.97532781E+01  0.94768719E+01  0.92070659E+01  0.89439468E+01  0.86872184E+01
  0.84366665E+01  0.81921158E+01  0.79534884E+01  0.77206883E+01  0.74935417E+01
  0.72719055E+01  0.70556647E+01  0.68447994E+01  0.66392507E+01  0.64389871E+01
  0.62439030E+01  0.60539230E+01  0.58689006E+01  0.56887421E+01  0.55133274E+01
  0.53426015E+01  0.51765437E+01  0.50150900E+01  0.48581517E+01  0.47055999E+01
  0.45573511E+01  0.44133590E+01  0.42735372E+01  0.41377793E+01  0.40059557E+01
  0.38779598E+01  0.37537133E+01  0.36331567E+01  0.35162011E+01  0.34027558E+01
  0.32927167E+01  0.31860069E+01  0.30825663E+01  0.29823256E+01  0.28852224E+01
  0.27911592E+01  0.27000434E+01  0.26117787E+01  0.25262788E+01  0.24434760E+01
  0.23633131E+01  0.22857118E+01  0.22105827E+01  0.21378421E+01  0.20674210E+01
  0.19992484E+01  0.19332764E+01  0.18694591E+01  0.18077328E+01  0.17480218E+01
  0.16902813E+01  0.16344450E+01  0.15804427E+01  0.15282445E+01  0.14778134E+01
  0.14290755E+01  0.13819557E+01  0.13364022E+01  0.12923667E+01  0.12498251E+01
  0.12087058E+01  0.11689755E+01  0.11305824E+01  0.10934760E+01  0.10576390E+01
  0.10230173E+01  0.98956098E+00  0.95721255E+00  0.92594077E+00  0.89572867E+00
  0.86654468E+00  0.83836687E+00  0.81112270E+00  0.78475138E+00
  0.10000000E+01  0.27811286E+01  0.44623356E+01  0.60191948E+01  0.74781785E+01
  0.88446864E+01  0.10122329E+02  0.11311430E+02  0.12415105E+02  0.13433809E+02
  0.14370976E+02  0.15228645E+02  0.16010850E+02  0.16720313E+02  0.17359920E+02
  0.17931555E+02  0.18437377E+02  0.18879044E+02  0.19258780E+02  0.19578678E+02
  0.19841004E+02  0.20048069E+02  0.20202073E+02  0.20305401E+02  0.20360509E+02
  0.20369885E+02  0.20336507E+02  0.20263232E+02  0.20152938E+02  0.20008634E+02
  0.19833356E+02  0.19630407E+02  0.19402945E+02  0.19153957E+02  0.18886354E+02
  0.18602660E+02  0.18305330E+02  0.17996918E+02  0.17679546E+02  0.17355357E+02
  0.17026241E+02  0.16693864E+02  0.16359577E+02  0.16024741E+02  0.15690191E+02
  0.15356685E+02  0.15025037E+02  0.14695899E+02  0.14369651E+02  0.14047107E+02
  0.13728265E+02  0.13413750E+02  0.13103615E+02  0.12798161E+02  0.12497345E+02
  0.12201158E+02  0.11909631E+02  0.11622878E+02  0.11340948E+02  0.11063783E+02
  0.10791330E+02  0.10523597E+02  0.10260650E+02  0.10002515E+02  0.97492369E+01
  0.95007722E+01  0.92571024E+01  0.90181487E+01  0.87839059E+01  0.85543355E+01
  0.83294392E+01  0.81092227E+01  0.78936897E+01  0.76827825E+01  0.74764303E+01
  0.72746058E+01  0.70772880E+01  0.68844288E+01  0.66959465E+01  0.65117742E+01
  0.63318560E+01  0.61561470E+01  0.59845964E+01  0.58171421E+01  0.56537191E+01
  0.54942799E+01  0.53387843E+01  0.51871873E+01  0.50394245E+01  0.48954386E+01
  0.47551778E+01  0.46185594E+01  0.44855077E+01  0.43559555E+01  0.42298211E+01
  0.41070472E+01  0.39875611E+01  0.38712817E+01  0.37581259E+01  0.36480253E+01
  0.35409312E+01  0.34368014E+01  0.33355661E+01  0.32371491E+01  0.31414951E+01
  0.30485466E+01  0.29582636E+01  0.28705875E+01  0.27854515E+01  0.27027662E+01
  0.26224628E+01  0.25444931E+01  0.24688173E+01  0.23953832E+01  0.23241341E+01
  0.22549800E+01  0.21878362E+01  0.21226538E+01  0.20594087E+01  0.19980674E+01
  0.19385643E+01  0.18808455E+01  0.18248397E+01  0.17704977E+01  0.17177999E+01
  0.16667105E+01  0.16171857E+01  0.15691561E+01  0.15225669E+01
  0.10000000E+01  0.27873175E+01  0.44834320E+01  0.60653802E+01  0.75589026E+01
  0.89691418E+01  0.10299466E+02  0.11549886E+02  0.12723169E+02  0.13819322E+02
  0.14841240E+02  0.15790298E+02  0.16669798E+02  0.17481785E+02  0.18228647E+02
  0.18911886E+02  0.19533282E+02  0.20094176E+02  0.20596325E+02  0.21041375E+02
  0.21431109E+02  0.21767345E+02  0.22051793E+02  0.22286334E+02  0.22472883E+02
  0.22613434E+02  0.22710330E+02  0.22765860E+02  0.22782356E+02  0.22762247E+02
  0.22708037E+02  0.22622457E+02  0.22508154E+02  0.22367654E+02  0.22203456E+02
  0.22017779E+02  0.21812826E+02  0.21590904E+02  0.21354026E+02  0.21104208E+02
  0.20843296E+02  0.20572985E+02  0.20294739E+02  0.20010023E+02  0.19719911E+02
  0.19425419E+02  0.19127568E+02  0.18827259E+02  0.18525164E+02  0.18222270E+02
  0.17918932E+02  0.17615952E+02  0.17313669E+02  0.17012601E+02  0.16712984E+02
  0.16415052E+02  0.16119058E+02  0.15825281E+02  0.15533948E+02  0.15245183E+02
  0.14959104E+02  0.14675853E+02  0.14395587E+02  0.14118427E+02  0.13844512E+02
  0.13573909E+02  0.13306682E+02  0.13042838E+02  0.12782403E+02  0.12525387E+02
  0.12271848E+02  0.12021866E+02  0.11775519E+02  0.11532801E+02  0.11293664E+02
  0.11058114E+02  0.10826195E+02  0.10597940E+02  0.10373351E+02  0.10152399E+02
  0.99350597E+01  0.97213156E+01  0.95111531E+01  0.93045824E+01  0.91015898E+01
  0.89021718E+01  0.87063057E+01  0.85139608E+01  0.83251388E+01  0.81398268E+01
  0.79580069E+01  0.77796480E+01  0.76046850E+01  0.74330733E+01  0.72648093E+01
  0.70999121E+01  0.69383333E+01  0.67799999E+01  0.66248387E+01  0.64728057E+01
  0.63238796E+01  0.61780652E+01  0.60353030E+01  0.58955451E+01  0.57587428E+01
  0.56248441E+01  0.54938304E+01  0.53656568E+01  0.52402936E+01  0.51176832E+01
  0.49977934E+01  0.48805861E+01  0.47660235E+01  0.46540540E+01  0.45446280E+01
  0.44376787E+01  0.43331437E+01  0.42310020E+01  0.41312202E+01  0.40337423E+01
  0.39385150E+01  0.38454996E+01  0.37546492E+01  0.36659292E+01  0.35793161E+01
  0.34947559E+01  0.34121911E+01  0.33315722E+01  0.32528745E+01
  0.10000000E+01  0.27937481E+01  0.45055195E+01  0.61135528E+01  0.76426752E+01
  0.90975380E+01  0.10481032E+02  0.11792697E+02  0.13034802E+02  0.14206910E+02
  0.15311345E+02  0.16348849E+02  0.17321978E+02  0.18232103E+02  0.19081038E+02
  0.19869848E+02  0.20599880E+02  0.21272133E+02  0.21887972E+02  0.22448676E+02
  0.22955620E+02  0.23410241E+02  0.23813887E+02  0.24168064E+02  0.24474308E+02
  0.24734242E+02  0.24949744E+02  0.25122673E+02  0.25254945E+02  0.25348558E+02
  0.25405591E+02  0.25428327E+02  0.25419002E+02  0.25379788E+02  0.25312845E+02
  0.25220137E+02  0.25103629E+02  0.24965388E+02  0.24807268E+02  0.24631161E+02
  0.24438845E+02  0.24231999E+02  0.24012122E+02  0.23780712E+02  0.23538954E+02
  0.23288005E+02  0.23029036E+02  0.22763103E+02  0.22491116E+02  0.22214184E+02
  0.21932935E+02  0.21648308E+02  0.21360868E+02  0.21071327E+02  0.20780161E+02
  0.20487821E+02  0.20194755E+02  0.19901404E+02  0.19608138E+02  0.19315239E+02
  0.19022996E+02  0.18731695E+02  0.18441606E+02  0.18152952E+02  0.17865955E+02
  0.17580769E+02  0.17297543E+02  0.17016383E+02  0.16737407E+02  0.16460690E+02
  0.16186326E+02  0.15914433E+02  0.15645125E+02  0.15378446E+02  0.15114408E+02
  0.14853063E+02  0.14594487E+02  0.14338740E+02  0.14085848E+02  0.13835818E+02
  0.13588656E+02  0.13344386E+02  0.13103035E+02  0.12864653E+02  0.12629264E+02
  0.12396891E+02  0.12167544E+02  0.11941228E+02  0.11717969E+02  0.11497777E+02
  0.11280683E+02  0.11066686E+02  0.10855746E+02  0.10647865E+02  0.10443053E+02
  0.10241331E+02  0.10042708E+02  0.98471265E+01  0.96545511E+01  0.94649785E+01
  0.92784354E+01  0.90949338E+01  0.89144390E+01  0.87369165E+01  0.85623334E+01
  0.83906722E+01  0.82219465E+01  0.80561710E+01  0.78933173E+01  0.77333417E+01
  0.75761942E+01  0.74218509E+01  0.72703111E+01  0.71215633E+01  0.69755783E+01
  0.68322771E+01  0.66916032E+01  0.65535469E+01  0.64180895E+01  0.62852254E+01
  0.61549053E+01  0.60270840E+01  0.59017063E+01  0.57787595E+01  0.56582409E+01
  0.55401193E+01  0.54243630E+01  0.53109205E+01  0.51997546E+01
  0.10000000E+01  0.27965274E+01  0.45151292E+01  0.61348557E+01  0.76804008E+01
  0.91564695E+01  0.10565917E+02  0.11908379E+02  0.13186068E+02  0.14398554E+02
  0.15548042E+02  0.16635178E+02  0.17662343E+02  0.18630763E+02  0.19542154E+02
  0.20397531E+02  0.21198193E+02  0.21945093E+02  0.22639449E+02  0.23282394E+02
  0.23875127E+02  0.24418889E+02  0.24914842E+02  0.25364264E+02  0.25768446E+02
  0.26128758E+02  0.26446766E+02  0.26724040E+02  0.26962172E+02  0.27162848E+02
  0.27327802E+02  0.27458931E+02  0.27558091E+02  0.27627075E+02  0.27667680E+02
  0.27681560E+02  0.27670373E+02  0.27635851E+02  0.27579569E+02  0.27503114E+02
  0.27408018E+02  0.27295735E+02  0.27167596E+02  0.27024939E+02  0.26868843E+02
  0.26700376E+02  0.26520630E+02  0.26330603E+02  0.26131195E+02  0.25923479E+02
  0.25708142E+02  0.25486110E+02  0.25258011E+02  0.25024592E+02  0.24786415E+02
  0.24544036E+02  0.24297993E+02  0.24048813E+02  0.23796950E+02  0.23542786E+02
  0.23286696E+02  0.23029061E+02  0.22770261E+02  0.22510609E+02  0.22250397E+02
  0.21989874E+02  0.21729265E+02  0.21468750E+02  0.21208515E+02  0.20948720E+02
  0.20689515E+02  0.20431057E+02  0.20173493E+02  0.19916937E+02  0.19661469E+02
  0.19407182E+02  0.19154222E+02  0.18902676E+02  0.18652606E+02  0.18404076E+02
  0.18157144E+02  0.17911880E+02  0.17668334E+02  0.17426583E+02  0.17186680E+02
  0.16948673E+02  0.16712610E+02  0.16478547E+02  0.16246518E+02  0.16016546E+02
  0.15788661E+02  0.15562879E+02  0.15339221E+02  0.15117723E+02  0.14898407E+02
  0.14681323E+02  0.14466481E+02  0.14253855E+02  0.14043475E+02  0.13835360E+02
  0.13629538E+02  0.13426032E+02  0.13224816E+02  0.13025891E+02  0.12829256E+02
  0.12634941E+02  0.12442991E+02  0.12253408E+02  0.12066171E+02  0.11881250E+02
  0.11698658E+02  0.11518395E+02  0.11340477E+02  0.11164895E+02  0.10991613E+02
  0.10820591E+02  0.10651813E+02  0.10485295E+02  0.10321049E+02  0.10159068E+02
  0.99993164E+01  0.98417601E+01  0.96863924E+01  0.95332272E+01  0.93822620E+01
  0.92334900E+01  0.90868661E+01  0.89423536E+01  0.87999479E+01
  0.10000000E+01  0.28005631E+01  0.45290595E+01  0.61652581E+01  0.77333004E+01
  0.92376105E+01  0.10680742E+02  0.12062147E+02  0.13383781E+02  0.14645067E+02
  0.15847938E+02  0.16992779E+02  0.18081631E+02  0.19115421E+02  0.20095618E+02
  0.21023064E+02  0.21898874E+02  0.22723863E+02  0.23499060E+02  0.24225413E+02
  0.24903932E+02  0.25535678E+02  0.26121611E+02  0.26662808E+02  0.27160340E+02
  0.27615340E+02  0.28029116E+02  0.28402987E+02  0.28738281E+02  0.29036409E+02
  0.29298821E+02  0.29527109E+02  0.29722833E+02  0.29887517E+02  0.30022699E+02
  0.30129784E+02  0.30210196E+02  0.30265440E+02  0.30296896E+02  0.30305969E+02
  0.30294024E+02  0.30262376E+02  0.30212245E+02  0.30144851E+02  0.30061235E+02
  0.29962436E+02  0.29849496E+02  0.29723397E+02  0.29585055E+02  0.29435515E+02
  0.29275528E+02  0.29106042E+02  0.28927754E+02  0.28741454E+02  0.28547771E+02
  0.28347337E+02  0.28140760E+02  0.27928636E+02  0.27711508E+02  0.27489837E+02
  0.27264089E+02  0.27034725E+02  0.26802184E+02  0.26566847E+02  0.26329091E+02
  0.26089223E+02  0.25847530E+02  0.25604276E+02  0.25359707E+02  0.25114039E+02
  0.24867480E+02  0.24620229E+02  0.24372479E+02  0.24124383E+02  0.23876057E+02
  0.23627655E+02  0.23379342E+02  0.23131252E+02  0.22883482E+02  0.22636124E+02
  0.22389270E+02  0.22143027E+02  0.21897493E+02  0.21652767E+02  0.21408948E+02
  0.21166093E+02  0.20924283E+02  0.20683579E+02  0.20444044E+02  0.20205751E+02
  0.19968751E+02  0.19733088E+02  0.19498797E+02  0.19265900E+02  0.19034462E+02
  0.18804550E+02  0.18576198E+02  0.18349413E+02  0.18124195E+02  0.17900593E+02
  0.17678673E+02  0.17458500E+02  0.17240091E+02  0.17023450E+02  0.16808576E+02
  0.16595493E+02  0.16384250E+02  0.16174903E+02  0.15967493E+02  0.15762011E+02
  0.15558459E+02  0.15356839E+02  0.15157145E+02  0.14959389E+02  0.14763570E+02
  0.14569662E+02  0.14377677E+02  0.14187646E+02  0.13999594E+02  0.13813533E+02
  0.13629461E+02  0.13447352E+02  0.13267208E+02  0.13089052E+02  0.12912899E+02
  0.12738769E+02  0.12566634E+02  0.12396457E+02  0.12228218E+02
  0.10000000E+01  0.28026512E+01  0.45363869E+01  0.61816135E+01  0.77624326E+01
  0.92833228E+01  0.10746801E+02  0.12152413E+02  0.13502065E+02  0.14795239E+02
  0.16033802E+02  0.17218133E+02  0.18350188E+02  0.19430842E+02  0.20461506E+02
  0.21443006E+02  0.22376449E+02  0.23262608E+02  0.24102450E+02  0.24896825E+02
  0.25646638E+02  0.26352829E+02  0.27016247E+02  0.27637836E+02  0.28218527E+02
  0.28759310E+02  0.29261318E+02  0.29725681E+02  0.30153550E+02  0.30546126E+02
  0.30904648E+02  0.31230468E+02  0.31524913E+02  0.31789259E+02  0.32024808E+02
  0.32232733E+02  0.32414235E+02  0.32570571E+02  0.32702900E+02  0.32812406E+02
  0.32900228E+02  0.32967489E+02  0.33015215E+02  0.33044445E+02  0.33056071E+02
  0.33050990E+02  0.33030115E+02  0.32994306E+02  0.32944364E+02  0.32881234E+02
  0.32805594E+02  0.32718307E+02  0.32620030E+02  0.32511488E+02  0.32393309E+02
  0.32266100E+02  0.32130454E+02  0.31986980E+02  0.31836221E+02  0.31678663E+02
  0.31514801E+02  0.31345130E+02  0.31170127E+02  0.30990231E+02  0.30805839E+02
  0.30617322E+02  0.30425012E+02  0.30229201E+02  0.30030203E+02  0.29828278E+02
  0.29623677E+02  0.29416646E+02  0.29207411E+02  0.28996151E+02  0.28783047E+02
  0.28568294E+02  0.28352086E+02  0.28134596E+02  0.27915951E+02  0.27696287E+02
  0.27475741E+02  0.27254432E+02  0.27032494E+02  0.26810046E+02  0.26587213E+02
  0.26364092E+02  0.26140781E+02  0.25917375E+02  0.25693947E+02  0.25470579E+02
  0.25247347E+02  0.25024320E+02  0.24801567E+02  0.24579149E+02  0.24357120E+02
  0.24135553E+02  0.23914511E+02  0.23694017E+02  0.23474124E+02  0.23254886E+02
  0.23036360E+02  0.22818604E+02  0.22601640E+02  0.22385515E+02  0.22170267E+02
  0.21955938E+02  0.21742589E+02  0.21530262E+02  0.21318993E+02  0.21108824E+02
  0.20899777E+02  0.20691874E+02  0.20485123E+02  0.20279530E+02  0.20075099E+02
  0.19871838E+02  0.19669769E+02  0.19468941E+02  0.19269418E+02  0.19071208E+02
  0.18874324E+02  0.18678762E+02  0.18484540E+02  0.18291681E+02  0.18100223E+02
  0.17910189E+02  0.17721568E+02  0.17534375E+02  0.17348614E+02
  0.10000000E+01  0.28048664E+01  0.45441328E+01  0.61986381E+01  0.77922575E+01
  0.93293326E+01  0.10812209E+02  0.12240358E+02  0.13615543E+02  0.14937196E+02
  0.16207048E+02  0.17425374E+02  0.18593977E+02  0.19713602E+02  0.20785557E+02
  0.21810565E+02  0.22789645E+02  0.23723500E+02  0.24613002E+02  0.25458924E+02
  0.26262080E+02  0.27023327E+02  0.27743451E+02  0.28423305E+02  0.29063729E+02
  0.29665622E+02  0.30230007E+02  0.30757910E+02  0.31250380E+02  0.31708509E+02
  0.32133420E+02  0.32526324E+02  0.32888432E+02  0.33220892E+02  0.33524879E+02
  0.33801463E+02  0.34051729E+02  0.34276806E+02  0.34477736E+02  0.34655595E+02
  0.34811432E+02  0.34946273E+02  0.35061053E+02  0.35156719E+02  0.35234069E+02
  0.35293924E+02  0.35337126E+02  0.35364485E+02  0.35376743E+02  0.35374758E+02
  0.35359174E+02  0.35330777E+02  0.35290185E+02  0.35238108E+02  0.35175134E+02
  0.35101848E+02  0.35018831E+02  0.34926640E+02  0.34825815E+02  0.34716857E+02
  0.34600241E+02  0.34476466E+02  0.34346015E+02  0.34209322E+02  0.34066810E+02
  0.33918835E+02  0.33765767E+02  0.33607928E+02  0.33445624E+02  0.33279142E+02
  0.33108759E+02  0.32934741E+02  0.32757329E+02  0.32576747E+02  0.32393187E+02
  0.32206863E+02  0.32018011E+02  0.31826821E+02  0.31633448E+02  0.31438040E+02
  0.31240746E+02  0.31041725E+02  0.30841140E+02  0.30639126E+02  0.30435818E+02
  0.30231327E+02  0.30025774E+02  0.29819249E+02  0.29611865E+02  0.29403729E+02
  0.29194921E+02  0.28985537E+02  0.28775654E+02  0.28565348E+02  0.28354693E+02
  0.28143780E+02  0.27932680E+02  0.27721437E+02  0.27510112E+02  0.27298779E+02
  0.27087515E+02  0.26876372E+02  0.26665402E+02  0.26454637E+02  0.26244109E+02
  0.26033887E+02  0.25824028E+02  0.25614612E+02  0.25405697E+02  0.25197335E+02
  0.24989542E+02  0.24782350E+02  0.24575751E+02  0.24369739E+02  0.24164357E+02
  0.23959605E+02  0.23755532E+02  0.23552188E+02  0.23349639E+02  0.23147919E+02
  0.22947025E+02  0.22746993E+02  0.22547831E+02  0.22349557E+02  0.22152216E+02
  0.21955824E+02  0.21760396E+02  0.21565936E+02  0.21372470E+02
  0.10000000E+01  0.28060811E+01  0.45484831E+01  0.62084450E+01  0.78098500E+01
  0.93570841E+01  0.10852461E+02  0.12295539E+02  0.13688047E+02  0.15029464E+02
  0.16321489E+02  0.17564417E+02  0.18760031E+02  0.19909075E+02  0.21012855E+02
  0.22072092E+02  0.23087805E+02  0.24060676E+02  0.24991554E+02  0.25881169E+02
  0.26730312E+02  0.27539777E+02  0.28310302E+02  0.29042673E+02  0.29737669E+02
  0.30396123E+02  0.31018980E+02  0.31607194E+02  0.32161725E+02  0.32683557E+02
  0.33173728E+02  0.33633335E+02  0.34063475E+02  0.34465183E+02  0.34839528E+02
  0.35187472E+02  0.35509986E+02  0.35808086E+02  0.36082701E+02  0.36334784E+02
  0.36565270E+02  0.36775070E+02  0.36965006E+02  0.37135912E+02  0.37288495E+02
  0.37423459E+02  0.37541552E+02  0.37643487E+02  0.37729921E+02  0.37801618E+02
  0.37859141E+02  0.37903196E+02  0.37934338E+02  0.37953192E+02  0.37960293E+02
  0.37956182E+02  0.37941387E+02  0.37916423E+02  0.37881781E+02  0.37837925E+02
  0.37785314E+02  0.37724404E+02  0.37655640E+02  0.37579454E+02  0.37496251E+02
  0.37406394E+02  0.37310232E+02  0.37208072E+02  0.37100224E+02  0.36986981E+02
  0.36868622E+02  0.36745417E+02  0.36617626E+02  0.36485477E+02  0.36349172E+02
  0.36208950E+02  0.36065046E+02  0.35917667E+02  0.35767004E+02  0.35613209E+02
  0.35456440E+02  0.35296874E+02  0.35134674E+02  0.34969999E+02  0.34802999E+02
  0.34633807E+02  0.34462539E+02  0.34289314E+02  0.34114264E+02  0.33937506E+02
  0.33759141E+02  0.33579276E+02  0.33397987E+02  0.33215378E+02  0.33031542E+02
  0.32846574E+02  0.32660576E+02  0.32473601E+02  0.32285707E+02  0.32096979E+02
  0.31907496E+02  0.31717328E+02  0.31526531E+02  0.31335145E+02  0.31143221E+02
  0.30950822E+02  0.30758051E+02  0.30564989E+02  0.30371690E+02  0.30178211E+02
  0.29984598E+02  0.29790859E+02  0.29597026E+02  0.29403098E+02  0.29209093E+02
  0.29015021E+02  0.28820914E+02  0.28626850E+02  0.28432910E+02  0.28239161E+02
  0.28045625E+02  0.27852310E+02  0.27659213E+02  0.27466382E+02  0.27273853E+02
  0.27081665E+02  0.26889854E+02  0.26698434E+02  0.26507433E+02
  0.10000000E+01  0.28092227E+01  0.45594187E+01  0.62322698E+01  0.78511744E+01
  0.94202100E+01  0.10941353E+02  0.12413935E+02  0.13839422E+02  0.15217158E+02
  0.16548612E+02  0.17833886E+02  0.19074500E+02  0.20270974E+02  0.21424406E+02
  0.22535346E+02  0.23604655E+02  0.24632895E+02  0.25620794E+02  0.26568973E+02
  0.27478104E+02  0.28348882E+02  0.29181956E+02  0.29978020E+02  0.30737761E+02
  0.31461912E+02  0.32151311E+02  0.32806792E+02  0.33429212E+02  0.34019443E+02
  0.34578389E+02  0.35107035E+02  0.35606365E+02  0.36077297E+02  0.36520789E+02
  0.36937704E+02  0.37328924E+02  0.37695361E+02  0.38037867E+02  0.38357314E+02
  0.38654560E+02  0.38930447E+02  0.39185728E+02  0.39421165E+02  0.39637426E+02
  0.39835171E+02  0.40015109E+02  0.40177898E+02  0.40324165E+02  0.40454635E+02
  0.40569841E+02  0.40670461E+02  0.40757038E+02  0.40830161E+02  0.40890356E+02
  0.40938142E+02  0.40974029E+02  0.40998530E+02  0.41012138E+02  0.41015314E+02
  0.41008523E+02  0.40992226E+02  0.40966866E+02  0.40932872E+02  0.40890660E+02
  0.40840593E+02  0.40783037E+02  0.40718323E+02  0.40646778E+02  0.40568693E+02
  0.40484361E+02  0.40394072E+02  0.40298095E+02  0.40196681E+02  0.40090067E+02
  0.39978490E+02  0.39862201E+02  0.39741417E+02  0.39616341E+02  0.39487174E+02
  0.39354105E+02  0.39217320E+02  0.39076988E+02  0.38933291E+02  0.38786378E+02
  0.38636396E+02  0.38483500E+02  0.38327841E+02  0.38169552E+02  0.38008760E+02
  0.37845585E+02  0.37680142E+02  0.37512545E+02  0.37342908E+02  0.37171337E+02
  0.36997938E+02  0.36822813E+02  0.36646036E+02  0.36467678E+02  0.36287847E+02
  0.36106635E+02  0.35924118E+02  0.35740365E+02  0.35555421E+02  0.35369350E+02
  0.35182233E+02  0.34994179E+02  0.34805287E+02  0.34615625E+02  0.34425273E+02
  0.34234261E+02  0.34042625E+02  0.33850384E+02  0.33657537E+02  0.33464097E+02
  0.33270078E+02  0.33075549E+02  0.32880611E+02  0.32685349E+02  0.32489852E+02
  0.32294151E+02  0.32098232E+02  0.31902099E+02  0.31705778E+02  0.31509337E+02
  0.31312833E+02  0.31116308E+02  0.30919792E+02  0.30723313E+02
  0.10000000E+01  0.28090418E+01  0.45590368E+01  0.62322315E+01  0.78525266E+01
  0.94243690E+01  0.10949986E+02  0.12428996E+02  0.13862982E+02  0.15251432E+02
  0.16595864E+02  0.17896476E+02  0.19154863E+02  0.20371623E+02  0.21547930E+02
  0.22684412E+02  0.23781989E+02  0.24841234E+02  0.25862847E+02  0.26847400E+02
  0.27795530E+02  0.28707871E+02  0.29585019E+02  0.30427572E+02  0.31236128E+02
  0.32011324E+02  0.32753906E+02  0.33464613E+02  0.34144209E+02  0.34793464E+02
  0.35413156E+02  0.36004133E+02  0.36567253E+02  0.37103300E+02  0.37613106E+02
  0.38097411E+02  0.38556967E+02  0.38992561E+02  0.39404923E+02  0.39794795E+02
  0.40162923E+02  0.40510015E+02  0.40836722E+02  0.41143699E+02  0.41431529E+02
  0.41700795E+02  0.41952113E+02  0.42186063E+02  0.42403176E+02  0.42604088E+02
  0.42789280E+02  0.42959369E+02  0.43114840E+02  0.43256234E+02  0.43384034E+02
  0.43498709E+02  0.43600731E+02  0.43690581E+02  0.43768724E+02  0.43835596E+02
  0.43891632E+02  0.43937283E+02  0.43972980E+02  0.43999139E+02  0.44016158E+02
  0.44024389E+02  0.44024193E+02  0.44015909E+02  0.43999846E+02  0.43976325E+02
  0.43945645E+02  0.43908078E+02  0.43863887E+02  0.43813328E+02  0.43756639E+02
  0.43694079E+02  0.43625912E+02  0.43552361E+02  0.43473635E+02  0.43389934E+02
  0.43301462E+02  0.43208408E+02  0.43110965E+02  0.43009301E+02  0.42903600E+02
  0.42794010E+02  0.42680692E+02  0.42563795E+02  0.42443457E+02  0.42319818E+02
  0.42193000E+02  0.42063140E+02  0.41930376E+02  0.41794809E+02  0.41656549E+02
  0.41515715E+02  0.41372398E+02  0.41226704E+02  0.41078723E+02  0.40928555E+02
  0.40776317E+02  0.40622067E+02  0.40465869E+02  0.40307803E+02  0.40147928E+02
  0.39986331E+02  0.39823141E+02  0.39658461E+02  0.39492374E+02  0.39324943E+02
  0.39156222E+02  0.38986257E+02  0.38815030E+02  0.38642554E+02  0.38468858E+02
  0.38293984E+02  0.38118001E+02  0.37941002E+02  0.37763100E+02  0.37584363E+02
  0.37404816E+02  0.37224490E+02  0.37043409E+02  0.36861593E+02  0.36679113E+02
  0.36496021E+02  0.36312366E+02  0.36128186E+02  0.35943531E+02
  0.10000000E+01  0.28082391E+01  0.45564289E+01  0.62270248E+01  0.78443198E+01
  0.94130461E+01  0.10935629E+02  0.12411925E+02  0.13843637E+02  0.15230380E+02
  0.16573763E+02  0.17874120E+02  0.19133175E+02  0.20351652E+02  0.21530840E+02
  0.22671450E+02  0.23774483E+02  0.24840560E+02  0.25870422E+02  0.26864655E+02
  0.27823912E+02  0.28748831E+02  0.29639994E+02  0.30497979E+02  0.31323383E+02
  0.32116828E+02  0.32879050E+02  0.33610783E+02  0.34312764E+02  0.34985736E+02
  0.35630468E+02  0.36247783E+02  0.36838490E+02  0.37403350E+02  0.37943147E+02
  0.38458575E+02  0.38950359E+02  0.39419233E+02  0.39865871E+02  0.40290962E+02
  0.40695187E+02  0.41079213E+02  0.41443646E+02  0.41789095E+02  0.42116071E+02
  0.42425089E+02  0.42716696E+02  0.42991430E+02  0.43249786E+02  0.43492352E+02
  0.43719561E+02  0.43931955E+02  0.44129971E+02  0.44314096E+02  0.44484767E+02
  0.44642421E+02  0.44787494E+02  0.44920410E+02  0.45041588E+02  0.45151420E+02
  0.45250321E+02  0.45338706E+02  0.45416979E+02  0.45485534E+02  0.45544742E+02
  0.45594929E+02  0.45636423E+02  0.45669554E+02  0.45694616E+02  0.45711892E+02
  0.45721674E+02  0.45724214E+02  0.45719774E+02  0.45708597E+02  0.45690912E+02
  0.45666963E+02  0.45636990E+02  0.45601221E+02  0.45559866E+02  0.45513118E+02
  0.45461157E+02  0.45404190E+02  0.45342391E+02  0.45275940E+02  0.45205011E+02
  0.45129761E+02  0.45050344E+02  0.44966898E+02  0.44879580E+02  0.44788509E+02
  0.44693818E+02  0.44595656E+02  0.44494126E+02  0.44389341E+02  0.44281428E+02
  0.44170487E+02  0.44056642E+02  0.43939988E+02  0.43820612E+02  0.43698606E+02
  0.43574083E+02  0.43447137E+02  0.43317833E+02  0.43186244E+02  0.43052426E+02
  0.42916478E+02  0.42778501E+02  0.42638613E+02  0.42496912E+02  0.42353478E+02
  0.42208365E+02  0.42061595E+02  0.41913152E+02  0.41763040E+02  0.41611296E+02
  0.41457959E+02  0.41303105E+02  0.41146849E+02  0.40989299E+02  0.40830530E+02
  0.40670590E+02  0.40509493E+02  0.40347261E+02  0.40183916E+02  0.40019520E+02
  0.39854137E+02  0.39687826E+02  0.39520640E+02  0.39352615E+02
  0.10000000E+01  0.28109057E+01  0.45657407E+01  0.62473333E+01  0.78795585E+01
  0.94668873E+01  0.11011451E+02  0.12512934E+02  0.13972819E+02  0.15390627E+02
  0.16767775E+02  0.18104449E+02  0.19402156E+02  0.20661447E+02  0.21883446E+02
  0.23068731E+02  0.24218186E+02  0.25332330E+02  0.26411800E+02  0.27457102E+02
  0.28468800E+02  0.29447451E+02  0.30393572E+02  0.31307665E+02  0.32190247E+02
  0.33041862E+02  0.33863164E+02  0.34654792E+02  0.35417405E+02  0.36151648E+02
  0.36858203E+02  0.37537790E+02  0.38191121E+02  0.38818885E+02  0.39421776E+02
  0.40000417E+02  0.40555458E+02  0.41087560E+02  0.41597335E+02  0.42085425E+02
  0.42552442E+02  0.42998985E+02  0.43425609E+02  0.43832866E+02  0.44221240E+02
  0.44591225E+02  0.44943335E+02  0.45278059E+02  0.45595855E+02  0.45897268E+02
  0.46182713E+02  0.46452713E+02  0.46707687E+02  0.46948092E+02  0.47174342E+02
  0.47386855E+02  0.47586042E+02  0.47772324E+02  0.47946116E+02  0.48107789E+02
  0.48257730E+02  0.48396331E+02  0.48524002E+02  0.48641124E+02  0.48748070E+02
  0.48845153E+02  0.48932698E+02  0.49011021E+02  0.49080405E+02  0.49141149E+02
  0.49193540E+02  0.49237831E+02  0.49274272E+02  0.49303116E+02  0.49324594E+02
  0.49338957E+02  0.49346482E+02  0.49347393E+02  0.49341900E+02  0.49330198E+02
  0.49312460E+02  0.49288901E+02  0.49259723E+02  0.49225108E+02  0.49185256E+02
  0.49140319E+02  0.49090449E+02  0.49035802E+02  0.48976526E+02  0.48912776E+02
  0.48844697E+02  0.48772438E+02  0.48696136E+02  0.48615901E+02  0.48531858E+02
  0.48444135E+02  0.48352858E+02  0.48258134E+02  0.48160067E+02  0.48058766E+02
  0.47954329E+02  0.47846848E+02  0.47736419E+02  0.47623132E+02  0.47507059E+02
  0.47388298E+02  0.47266946E+02  0.47143125E+02  0.47016949E+02  0.46888507E+02
  0.46757894E+02  0.46625129E+02  0.46490181E+02  0.46353054E+02  0.46213757E+02
  0.46072369E+02  0.45928986E+02  0.45783729E+02  0.45636716E+02  0.45488014E+02
  0.45337679E+02  0.45185734E+02  0.45032205E+02  0.44877135E+02  0.44720578E+02
  0.44562594E+02  0.44403256E+02  0.44242626E+02  0.44080750E+02
  0.10000000E+01  0.28072866E+01  0.45535387E+01  0.62216171E+01  0.78363936E+01
  0.94030266E+01  0.10924187E+02  0.12400106E+02  0.13832638E+02  0.15221635E+02
  0.16568817E+02  0.17874749E+02  0.19141329E+02  0.20369484E+02  0.21560674E+02
  0.22715762E+02  0.23835891E+02  0.24921750E+02  0.25974131E+02  0.26993651E+02
  0.27980991E+02  0.28936804E+02  0.29861680E+02  0.30756189E+02  0.31620906E+02
  0.32456433E+02  0.33263516E+02  0.34042877E+02  0.34795240E+02  0.35521331E+02
  0.36221889E+02  0.36897694E+02  0.37549513E+02  0.38178067E+02  0.38784094E+02
  0.39368249E+02  0.39931180E+02  0.40473554E+02  0.40995974E+02  0.41499054E+02
  0.41983402E+02  0.42449598E+02  0.42898158E+02  0.43329595E+02  0.43744331E+02
  0.44142800E+02  0.44525459E+02  0.44892747E+02  0.45245055E+02  0.45582872E+02
  0.45906525E+02  0.46216477E+02  0.46513080E+02  0.46796726E+02  0.47067753E+02
  0.47326480E+02  0.47573250E+02  0.47808418E+02  0.48032328E+02  0.48245297E+02
  0.48447651E+02  0.48639704E+02  0.48821781E+02  0.48994197E+02  0.49157259E+02
  0.49311240E+02  0.49456402E+02  0.49593006E+02  0.49721294E+02  0.49841501E+02
  0.49953863E+02  0.50058595E+02  0.50155897E+02  0.50245981E+02  0.50329046E+02
  0.50405292E+02  0.50474947E+02  0.50538212E+02  0.50595236E+02  0.50646182E+02
  0.50691227E+02  0.50730540E+02  0.50764290E+02  0.50792644E+02  0.50815736E+02
  0.50833704E+02  0.50846689E+02  0.50854825E+02  0.50858255E+02  0.50857111E+02
  0.50851509E+02  0.50841575E+02  0.50827429E+02  0.50809182E+02  0.50786956E+02
  0.50760869E+02  0.50731011E+02  0.50697467E+02  0.50660327E+02  0.50619705E+02
  0.50575695E+02  0.50528383E+02  0.50477849E+02  0.50424144E+02  0.50367333E+02
  0.50307515E+02  0.50244811E+02  0.50179345E+02  0.50111214E+02  0.50040489E+02
  0.49967224E+02  0.49891430E+02  0.49813133E+02  0.49732327E+02  0.49649042E+02
  0.49563329E+02  0.49475274E+02  0.49384978E+02  0.49292550E+02  0.49198082E+02
  0.49101612E+02  0.49003163E+02  0.48902746E+02  0.48800388E+02  0.48696146E+02
  0.48590119E+02  0.48482361E+02  0.48372927E+02  0.48261861E+02
