 ! RTTOV coefficient file goes-15   imager-ir
 ! Automatic creation by subroutine rttov_write_ascii_sccldcoef
 ! ------------------------------------------------------
WATER_CLOUD_OPAC
 !
        1          ! File format version
        1          ! Contents ID
        4          ! Number of channels for which optical parameters are stored
        0          ! Number of channels for which phase functions are stored
      128          ! Maximum number of Legendre coefficients
        5          ! Number of water cloud types
 stco
        1          ! Relative humidity values (%)
   0.00
   0.89285700E+03  ! Conversion factor to particle density [part.cm^-3]/[g.m^-3]
        1          ! Effective diameters (microns)
  0.000000E+00
 stma
        1          ! Relative humidity values (%)
   0.00
   0.26666700E+03  ! Conversion factor to particle density [part.cm^-3]/[g.m^-3]
        1          ! Effective diameters (microns)
  0.000000E+00
 cucc
        1          ! Relative humidity values (%)
   0.00
   0.15384610E+04  ! Conversion factor to particle density [part.cm^-3]/[g.m^-3]
        1          ! Effective diameters (microns)
  0.000000E+00
 cucp
        1          ! Relative humidity values (%)
   0.00
   0.43478260E+04  ! Conversion factor to particle density [part.cm^-3]/[g.m^-3]
        1          ! Effective diameters (microns)
  0.000000E+00
 cuma
        1          ! Relative humidity values (%)
   0.00
   0.14771000E+03  ! Conversion factor to particle density [part.cm^-3]/[g.m^-3]
        1          ! Effective diameters (microns)
  0.000000E+00
 ! ------------------------------------------------------
 ! OPTICAL PROPERTY DATA
 ! ---------------------
 stco00
  0.20870393E-01  0.80245228E-01  0.76360861E-01  0.13196018E+00
  0.26164817E+00  0.24888766E+00  0.63848325E-01  0.70531812E-01
  0.15988957E+00  0.12048523E+00  0.11934491E+00  0.15256091E+00
    86
  0.10000000E+01  0.23381439E+01  0.33788766E+01  0.37236948E+01  0.41164122E+01
  0.43241611E+01  0.45439011E+01  0.47216729E+01  0.48483330E+01  0.49160354E+01
  0.49267139E+01  0.48731795E+01  0.47494502E+01  0.46025731E+01  0.43658400E+01
  0.41564559E+01  0.38517442E+01  0.36049641E+01  0.32792928E+01  0.30157537E+01
  0.27057661E+01  0.24426002E+01  0.21709844E+01  0.19217361E+01  0.16984994E+01
  0.14728855E+01  0.12986195E+01  0.11025436E+01  0.97207128E+00  0.80794520E+00
  0.71346231E+00  0.58080598E+00  0.51410895E+00  0.41033902E+00  0.36410618E+00
  0.28537158E+00  0.25369529E+00  0.19562413E+00  0.17405875E+00  0.13233189E+00
  0.11769161E+00  0.88416855E-01  0.78490607E-01  0.58393000E-01  0.51673061E-01
  0.38143027E-01  0.33607498E-01  0.24656644E-01  0.21611518E-01  0.15780785E-01
  0.13751860E-01  0.10004470E-01  0.86657354E-02  0.62851236E-02  0.54118520E-02
  0.39144188E-02  0.33518677E-02  0.24178218E-02  0.20601655E-02  0.14816848E-02
  0.12572815E-02  0.90119945E-03  0.76216744E-03  0.54418789E-03  0.45910725E-03
  0.32636230E-03  0.27486345E-03  0.19442882E-03  0.16354495E-03  0.11507889E-03
  0.96696310E-04  0.67664848E-04  0.56770426E-04  0.39503972E-04  0.33051015E-04
  0.22872853E-04  0.19029262E-04  0.13100967E-04  0.10780047E-04  0.73855124E-05
  0.59495244E-05  0.40561260E-05  0.31353329E-05  0.21240583E-05  0.15052955E-05
  0.10065572E-05  0.56863598E-06
    52
  0.10000000E+01  0.26241933E+01  0.37574044E+01  0.43886900E+01  0.46792228E+01
  0.47090933E+01  0.45486515E+01  0.42675503E+01  0.38861373E+01  0.34704949E+01
  0.30188312E+01  0.25872435E+01  0.21652939E+01  0.17892640E+01  0.14488908E+01
  0.11583654E+01  0.91210555E+00  0.70749501E+00  0.54408971E+00  0.41044463E+00
  0.30945493E+00  0.22751491E+00  0.16870248E+00  0.12112179E+00  0.88552025E-01
  0.62205046E-01  0.44925783E-01  0.30937929E-01  0.22102448E-01  0.14950694E-01
  0.10574598E-01  0.70400909E-02  0.49321717E-02  0.32382499E-02  0.22475330E-02
  0.14580596E-02  0.10025464E-02  0.64381489E-03  0.43851277E-03  0.27921933E-03
  0.18837034E-03  0.11910068E-03  0.79579620E-04  0.50023896E-04  0.33105236E-04
  0.20710364E-04  0.13576508E-04  0.84597756E-05  0.54942854E-05  0.34126209E-05
  0.21959525E-05  0.13607324E-05  0.86716591E-06
    33
  0.10000000E+01  0.26840809E+01  0.37686855E+01  0.42072823E+01  0.41253561E+01
  0.36928841E+01  0.30801219E+01  0.24225635E+01  0.18127888E+01  0.12982695E+01
  0.89481927E+00  0.59571651E+00  0.38461555E+00  0.24140674E+00  0.14776366E+00
  0.88349018E-01  0.51731008E-01  0.29696747E-01  0.16748972E-01  0.92879936E-02
  0.50732247E-02  0.27308134E-02  0.14508200E-02  0.76099424E-03  0.39462095E-03
  0.20233949E-03  0.10270710E-03  0.51613722E-04  0.25706148E-04  0.12688460E-04
  0.62129275E-05  0.30176569E-05  0.14551428E-05  0.69657519E-06
    32
  0.10000000E+01  0.25020460E+01  0.32869302E+01  0.33710983E+01  0.29953959E+01
  0.23990938E+01  0.17697108E+01  0.12178472E+01  0.78984394E+00  0.48619588E+00
  0.28593003E+00  0.16141109E+00  0.87874789E-01  0.46293491E-01  0.23680835E-01
  0.11791967E-01  0.57307634E-02  0.27233774E-02  0.12680369E-02  0.57934004E-03
  0.26012377E-03  0.11491774E-03  0.50012705E-04  0.21462312E-04  0.90906658E-05
  0.38034640E-05  0.15731398E-05  0.64363965E-06  0.26066348E-06  0.10454702E-06
  0.41545380E-07  0.16362620E-07  0.63852712E-08
 ! ---------------------
 stma00
  0.65312485E-01  0.22142483E+00  0.21159239E+00  0.29843179E+00
  0.51973929E+00  0.42789310E+00  0.22995830E+00  0.20662335E+00
  0.13625960E+00  0.11033579E+00  0.86358068E-01  0.11332591E+00
   119
  0.10000000E+01  0.24455465E+01  0.36496860E+01  0.42176738E+01  0.48824168E+01
  0.53620589E+01  0.58595392E+01  0.63034534E+01  0.67156508E+01  0.70268579E+01
  0.73629618E+01  0.75385194E+01  0.77531432E+01  0.78360358E+01  0.79066056E+01
  0.79176496E+01  0.78592253E+01  0.78005846E+01  0.76441483E+01  0.75172526E+01
  0.72921054E+01  0.71051062E+01  0.68346321E+01  0.66001643E+01  0.63034002E+01
  0.60350597E+01  0.57279752E+01  0.54385807E+01  0.51341299E+01  0.48352761E+01
  0.45431726E+01  0.42450846E+01  0.39719101E+01  0.36832446E+01  0.34328961E+01
  0.31605323E+01  0.29348273E+01  0.26837501E+01  0.24830297E+01  0.22563531E+01
  0.20799833E+01  0.18791274E+01  0.17258602E+01  0.15508390E+01  0.14190538E+01
  0.12688116E+01  0.11566750E+01  0.10294171E+01  0.93499217E+00  0.82847922E+00
  0.74980235E+00  0.66159327E+00  0.59672903E+00  0.52436721E+00  0.47145458E+00
  0.41259687E+00  0.36988329E+00  0.32237934E+00  0.28825090E+00  0.25018558E+00
  0.22318533E+00  0.19288915E+00  0.17172774E+00  0.14777282E+00  0.13133617E+00
  0.11251699E+00  0.99855636E-01  0.85165034E-01  0.75486053E-01  0.64092635E-01
  0.56745425E-01  0.47965888E-01  0.42423848E-01  0.35702659E-01  0.31546253E-01
  0.26434629E-01  0.23333240E-01  0.19471452E-01  0.17167823E-01  0.14269505E-01
  0.12565394E-01  0.10404490E-01  0.91487449E-02  0.75480962E-02  0.66260471E-02
  0.54478993E-02  0.47733119E-02  0.39114664E-02  0.34197670E-02  0.27930407E-02
  0.24360267E-02  0.19828614E-02  0.17247180E-02  0.13988324E-02  0.12130170E-02
  0.97987926E-03  0.84678827E-03  0.68084112E-03  0.58606225E-03  0.46851838E-03
  0.40147606E-03  0.31860814E-03  0.27158417E-03  0.21343224E-03  0.18081494E-03
  0.14017710E-03  0.11791251E-03  0.89614916E-04  0.74791079E-04  0.55127713E-04
  0.45662912E-04  0.31986643E-04  0.26400504E-04  0.16826377E-04  0.14076852E-04
  0.72646019E-05  0.66212749E-05  0.16155427E-05  0.25712443E-05 -0.13083032E-05
    78
  0.10000000E+01  0.26358270E+01  0.38619185E+01  0.46771141E+01  0.52788362E+01
  0.57067232E+01  0.60131138E+01  0.62080236E+01  0.62975827E+01  0.62948791E+01
  0.61935430E+01  0.60252836E+01  0.57728487E+01  0.54839206E+01  0.51337275E+01
  0.47739674E+01  0.43795966E+01  0.39946009E+01  0.36002367E+01  0.32258086E+01
  0.28622483E+01  0.25225489E+01  0.22073230E+01  0.19155934E+01  0.16553567E+01
  0.14160253E+01  0.12097639E+01  0.10210251E+01  0.86313494E+00  0.71940583E+00
  0.60215698E+00  0.49608842E+00  0.41133637E+00  0.33526174E+00  0.27547330E+00
  0.22231568E+00  0.18106825E+00  0.14480331E+00  0.11693000E+00  0.92729719E-01
  0.74256051E-01  0.58432943E-01  0.46411633E-01  0.36259727E-01  0.28572385E-01
  0.22172664E-01  0.17337948E-01  0.13369348E-01  0.10376743E-01  0.79533783E-02
  0.61290473E-02  0.46706010E-02  0.35745987E-02  0.27088609E-02  0.20595715E-02
  0.15523511E-02  0.11728267E-02  0.87934985E-03  0.66034115E-03  0.49256162E-03
  0.36772527E-03  0.27290806E-03  0.20258282E-03  0.14959322E-03  0.11041856E-03
  0.81123084E-04  0.59532284E-04  0.43505622E-04  0.31724622E-04  0.23046843E-04
  0.16677437E-04  0.12026667E-04  0.86106927E-05  0.61441067E-05  0.43236349E-05
  0.30301162E-05  0.20633690E-05  0.13940027E-05  0.88014301E-06
    49
  0.10000000E+01  0.28108523E+01  0.42423946E+01  0.52311365E+01  0.57990850E+01
  0.60001185E+01  0.59022435E+01  0.55787017E+01  0.51001896E+01  0.45304421E+01
  0.39230167E+01  0.33196591E+01  0.27506410E+01  0.22352151E+01  0.17838963E+01
  0.13997665E+01  0.10810897E+01  0.82249054E+00  0.61697308E+00  0.45658566E+00
  0.33361743E+00  0.24078796E+00  0.17178790E+00  0.12118826E+00  0.84590820E-01
  0.58435764E-01  0.39975149E-01  0.27084641E-01  0.18185425E-01  0.12101267E-01
  0.79850275E-02  0.52249097E-02  0.33920047E-02  0.21847973E-02  0.13968501E-02
  0.88646352E-03  0.55865054E-03  0.34959544E-03  0.21733132E-03  0.13420818E-03
  0.82358497E-04  0.50219355E-04  0.30438591E-04  0.18336567E-04  0.10982129E-04
  0.65382247E-05  0.38701920E-05  0.22771463E-05  0.13318069E-05  0.77385417E-06
    40
  0.10000000E+01  0.26777659E+01  0.38917050E+01  0.45822396E+01  0.48233365E+01
  0.47100657E+01  0.43454062E+01  0.38271153E+01  0.32396936E+01  0.26482718E+01
  0.20980776E+01  0.16154027E+01  0.12116255E+01  0.88696776E+00  0.63481658E+00
  0.44484041E+00  0.30560096E+00  0.20605402E+00  0.13650421E+00  0.88927982E-01
  0.57021177E-01  0.36013066E-01  0.22419391E-01  0.13765640E-01  0.83414465E-02
  0.49909972E-02  0.29502446E-02  0.17236525E-02  0.99575855E-03  0.56903727E-03
  0.32179156E-03  0.18013694E-03  0.99854197E-04  0.54826463E-04  0.29825706E-04
  0.16079220E-04  0.85919452E-05  0.45510771E-05  0.23896041E-05  0.12434577E-05
  0.64089384E-06
 ! ---------------------
 cucc00
  0.12743555E-01  0.52418979E-01  0.50146723E-01  0.97573648E-01
  0.21285578E+00  0.20542346E+00  0.33511534E-01  0.43500864E-01
  0.16805883E+00  0.12384127E+00  0.14906270E+00  0.18322466E+00
    45
  0.10000000E+01  0.23131311E+01  0.32606601E+01  0.35056983E+01  0.37069859E+01
  0.37408135E+01  0.37609576E+01  0.37785925E+01  0.37260488E+01  0.36876612E+01
  0.35274603E+01  0.34033171E+01  0.31244474E+01  0.29177287E+01  0.25625217E+01
  0.22997519E+01  0.19375890E+01  0.16559443E+01  0.13484521E+01  0.10842374E+01
  0.86339352E+00  0.64312840E+00  0.50870723E+00  0.34454317E+00  0.27593185E+00
  0.16630325E+00  0.13784205E+00  0.72181991E-01  0.63427296E-01  0.28129212E-01
  0.26878382E-01  0.98293420E-02  0.10483789E-01  0.30761222E-02  0.37604042E-02
  0.86103539E-03  0.12389679E-02  0.21520560E-03  0.37449023E-03  0.47921994E-04
  0.10370171E-03  0.94840532E-05  0.26267765E-04  0.16716250E-05  0.60699107E-05
  0.27446856E-06
    32
  0.10000000E+01  0.26262095E+01  0.37261299E+01  0.42806572E+01  0.44262794E+01
  0.42557017E+01  0.38492572E+01  0.33126122E+01  0.26937313E+01  0.20891173E+01
  0.15301193E+01  0.10630271E+01  0.70053489E+00  0.43272797E+00  0.25686463E+00
  0.14028294E+00  0.75252960E-01  0.36239014E-01  0.17638284E-01  0.74965671E-02
  0.33207338E-02  0.12517590E-02  0.50516174E-03  0.17035985E-03  0.62562665E-04
  0.19091887E-04  0.63651762E-05  0.17793534E-05  0.53750937E-06  0.13925334E-06
  0.38016774E-07  0.93183351E-08  0.22000374E-08
    32
  0.10000000E+01  0.25522221E+01  0.32943512E+01  0.32290548E+01  0.26412962E+01
  0.18557933E+01  0.11379234E+01  0.61187609E+00  0.29102202E+00  0.12272875E+00
  0.46243972E-01  0.15624469E-01  0.47665077E-02  0.13192633E-02  0.33330241E-03
  0.77263301E-04  0.16521384E-04  0.32746776E-05  0.60441403E-06  0.10432084E-06
  0.16898599E-07  0.25753139E-08  0.36543399E-09  0.45121353E-10 -0.77090140E-12
 -0.53248781E-11 -0.77682085E-11 -0.65448418E-11 -0.84599099E-11 -0.71428732E-11
 -0.93593997E-11 -0.83534038E-11 -0.11494412E-10
    32
  0.10000000E+01  0.23472472E+01  0.27706633E+01  0.24038580E+01  0.16925799E+01
  0.99708197E+00  0.49880405E+00  0.21255738E+00  0.77817603E-01  0.24570701E-01
  0.67604512E-02  0.16330825E-02  0.34982116E-03  0.67020264E-04  0.11583003E-04
  0.18199301E-05  0.26181630E-06  0.34705947E-07  0.42604999E-08  0.48426464E-09
  0.47588085E-10  0.93777437E-12 -0.46239190E-11 -0.45626131E-11 -0.54029256E-11
 -0.48418208E-11 -0.57436544E-11 -0.52008600E-11 -0.62373769E-11 -0.56981063E-11
 -0.68219412E-11 -0.62233590E-11 -0.74476703E-11
 ! ---------------------
 cucp00
  0.45361946E-02  0.20051298E-01  0.19501537E-01  0.45395028E-01
  0.14887326E+00  0.81603010E-01  0.85766526E-02  0.13892437E-01
  0.14189509E+00  0.14917674E+00  0.20543529E+00  0.25001981E+00
    32
  0.10000000E+01  0.24949011E+01  0.35465483E+01  0.40151044E+01  0.42104250E+01
  0.41632565E+01  0.39303085E+01  0.36223645E+01  0.31559367E+01  0.27061365E+01
  0.21612981E+01  0.16899329E+01  0.12309735E+01  0.85450802E+00  0.57152778E+00
  0.34179216E+00  0.21396059E+00  0.10682309E+00  0.64307301E-01  0.26030647E-01
  0.15496477E-01  0.49807697E-02  0.29917777E-02  0.76042652E-03  0.46246068E-03
  0.94861594E-04  0.57258446E-04  0.99318504E-05  0.56943256E-05  0.89170987E-06
  0.45735171E-06  0.69940188E-07  0.29391069E-07
    32
  0.10000000E+01  0.25276659E+01  0.33435616E+01  0.34425449E+01  0.30455723E+01
  0.23614955E+01  0.16169674E+01  0.97000524E+00  0.51885458E+00  0.23863313E+00
  0.10010125E+00  0.35712298E-01  0.11839801E-01  0.33768993E-02  0.89771772E-03
  0.21115607E-03  0.46112835E-04  0.91606094E-05  0.16908106E-05  0.28931084E-06
  0.46268724E-07  0.69527691E-08  0.96296934E-09  0.13805484E-09 -0.45559715E-11
  0.93018481E-11 -0.22567144E-10  0.79828411E-11 -0.24436886E-10  0.83636995E-11
 -0.26748225E-10  0.72360203E-11 -0.31877022E-10
    32
  0.10000000E+01  0.22309103E+01  0.23047170E+01  0.16049817E+01  0.85496255E+00
  0.35653097E+00  0.11935372E+00  0.32362770E-01  0.72441027E-02  0.13631278E-02
  0.21954540E-03  0.30758730E-04  0.38018158E-05  0.41957582E-06  0.41765715E-07
  0.37808543E-08  0.31142667E-09  0.21755455E-10 -0.13180560E-11 -0.26203297E-11
 -0.35060229E-11 -0.30813187E-11 -0.38122075E-11 -0.32358472E-11 -0.39686686E-11
 -0.33515890E-11 -0.41993957E-11 -0.36186701E-11 -0.46086126E-11 -0.40260626E-11
 -0.50902064E-11 -0.44152583E-11 -0.54446051E-11
    32
  0.10000000E+01  0.19154665E+01  0.16973260E+01  0.10162305E+01  0.45664171E+00
  0.15153214E+00  0.38072508E-01  0.73785665E-02  0.11423685E-02  0.14550213E-03
  0.15638759E-04  0.14484320E-05  0.11759619E-06  0.84861825E-08  0.54897071E-09
  0.31197699E-10 -0.28569616E-12 -0.13936198E-11 -0.24378295E-11 -0.18230178E-11
 -0.28473736E-11 -0.20639634E-11 -0.30804642E-11 -0.21396942E-11 -0.31931638E-11
 -0.21874115E-11 -0.33737637E-11 -0.23658442E-11 -0.37136045E-11 -0.26657411E-11
 -0.41137332E-11 -0.29451303E-11 -0.44049779E-11
 ! ---------------------
 cuma00
  0.11497754E+00  0.37824495E+00  0.36164801E+00  0.47768147E+00
  0.80116041E+00  0.58899589E+00  0.42139935E+00  0.35775391E+00
  0.12482036E+00  0.10593040E+00  0.79131021E-01  0.10287126E+00
    90
  0.10000000E+01  0.25047085E+01  0.37720399E+01  0.44360039E+01  0.51848466E+01
  0.57474464E+01  0.63179618E+01  0.68392752E+01  0.73360053E+01  0.77347790E+01
  0.81917671E+01  0.84672547E+01  0.88274388E+01  0.90221377E+01  0.92401385E+01
  0.93649431E+01  0.94392920E+01  0.94840237E+01  0.94355836E+01  0.93922097E+01
  0.92425812E+01  0.91141064E+01  0.88810219E+01  0.86778741E+01  0.83778760E+01
  0.81129718E+01  0.77634609E+01  0.74499995E+01  0.70690685E+01  0.67202093E+01
  0.63254340E+01  0.59543944E+01  0.55616270E+01  0.51815313E+01  0.48040440E+01
  0.44274599E+01  0.40755028E+01  0.37137964E+01  0.33945286E+01  0.30572033E+01
  0.27748956E+01  0.24690959E+01  0.22254827E+01  0.19557639E+01  0.17504734E+01
  0.15188434E+01  0.13498659E+01  0.11560556E+01  0.10202121E+01  0.86211383E+00
  0.75549104E+00  0.62968581E+00  0.54801729E+00  0.45031176E+00  0.38930226E+00
  0.31520758E+00  0.27078192E+00  0.21589482E+00  0.18438035E+00  0.14465403E+00
  0.12288584E+00  0.94786254E-01  0.80148999E-01  0.60725210E-01  0.51149566E-01
  0.38029174E-01  0.31934526E-01  0.23274485E-01  0.19500554E-01  0.13917576E-01
  0.11644431E-01  0.81290109E-02  0.67967257E-02  0.46355580E-02  0.38757091E-02
  0.25789040E-02  0.21568248E-02  0.13976327E-02  0.11690316E-02  0.73558200E-03
  0.61461035E-03  0.37344782E-03  0.31076269E-03  0.18013835E-03  0.14815981E-03
  0.79396730E-04  0.63235893E-04  0.28169340E-04  0.20003152E-04  0.27959173E-05
 -0.13763758E-05
    59
  0.10000000E+01  0.26362485E+01  0.39015953E+01  0.48004205E+01  0.55581385E+01
  0.61911703E+01  0.67464759E+01  0.72000759E+01  0.75582410E+01  0.77985261E+01
  0.79227581E+01  0.79360589E+01  0.78261007E+01  0.76317357E+01  0.73230658E+01
  0.69631191E+01  0.65119568E+01  0.60407404E+01  0.55111632E+01  0.49864524E+01
  0.44401268E+01  0.39155780E+01  0.34035922E+01  0.29224639E+01  0.24799875E+01
  0.20710213E+01  0.17156194E+01  0.13918836E+01  0.11254214E+01  0.88617579E+00
  0.69921077E+00  0.53393751E+00  0.41097123E+00  0.30417188E+00  0.22828915E+00
  0.16370509E+00  0.11974152E+00  0.83181379E-01  0.59260087E-01  0.39880776E-01
  0.27654592E-01  0.18033075E-01  0.12163098E-01  0.76873881E-02  0.50399917E-02
  0.30885959E-02  0.19670212E-02  0.11692889E-02  0.72295298E-03  0.41706111E-03
  0.25020325E-03  0.14013968E-03  0.81528243E-04  0.44356600E-04  0.24997901E-04
  0.13215167E-04  0.71891588E-05  0.36886642E-05  0.19063040E-05  0.93833245E-06
    36
  0.10000000E+01  0.28379976E+01  0.43456211E+01  0.54586366E+01  0.61799365E+01
  0.65382703E+01  0.65755097E+01  0.63432607E+01  0.58983166E+01  0.53010737E+01
  0.46110835E+01  0.38843304E+01  0.31692452E+01  0.25040705E+01  0.19154946E+01
  0.14179340E+01  0.10154607E+01  0.70316964E+00  0.47076651E+00  0.30454557E+00
  0.19039318E+00  0.11496423E+00  0.67070724E-01  0.37786279E-01  0.20568336E-01
  0.10812274E-01  0.54927583E-02  0.26954601E-02  0.12787807E-02  0.58631027E-03
  0.26001984E-03  0.11151304E-03  0.46288546E-04  0.18595279E-04  0.72361944E-05
  0.27280849E-05  0.99756662E-06
    32
  0.10000000E+01  0.27227056E+01  0.40514896E+01  0.49141216E+01  0.53446052E+01
  0.53944446E+01  0.51307753E+01  0.46325472E+01  0.39847789E+01  0.32704267E+01
  0.25624091E+01  0.19164581E+01  0.13678637E+01  0.93129297E+00  0.60463509E+00
  0.37419859E+00  0.22072793E+00  0.12407559E+00  0.66471864E-01  0.33942188E-01
  0.16524871E-01  0.76728174E-02  0.33995143E-02  0.14378984E-02  0.58100288E-03
  0.22440804E-03  0.82917094E-04  0.29330451E-04  0.99410055E-05  0.32310355E-05
  0.10079790E-05  0.30214008E-06  0.87167016E-07
 ! ------------------------------------------------------
WATER_CLOUD_DEFF
 !
        1          ! File format version
        1          ! Contents ID
        4          ! Number of channels for which optical parameters are stored
        0          ! Number of channels for which phase functions are stored
      128          ! Maximum number of Legendre coefficients
        1          ! Number of water cloud types
        1          ! Relative humidity values (%)
   0.00
   0.00000000E+00  ! Conversion factor to particle density [part.cm^-3]/[g.m^-3]
       24          ! Effective diameters (microns)
  0.200000E+01  0.300000E+01  0.400000E+01  0.500000E+01  0.600000E+01  0.700000E+01
  0.800000E+01  0.900000E+01  0.100000E+02  0.110000E+02  0.120000E+02  0.130000E+02
  0.140000E+02  0.150000E+02  0.160000E+02  0.200000E+02  0.240000E+02  0.280000E+02
  0.320000E+02  0.360000E+02  0.400000E+02  0.440000E+02  0.480000E+02  0.520000E+02
 ! ------------------------------------------------------
 ! OPTICAL PROPERTY DATA
  0.15842998E+02  0.17668405E+02  0.18549419E+02  0.19024514E+02  0.19293029E+02
  0.19441143E+02  0.19511650E+02  0.19527782E+02  0.19502952E+02  0.19445283E+02
  0.19359960E+02  0.19250565E+02  0.19119874E+02  0.18970333E+02  0.18804322E+02
  0.18024758E+02  0.17173123E+02  0.16358912E+02  0.15629018E+02  0.14988442E+02
  0.14426293E+02  0.13930751E+02  0.13493906E+02  0.13111159E+02  0.75103292E+02
  0.81998653E+02  0.86068090E+02  0.87562625E+02  0.87562890E+02  0.86741795E+02
  0.85449268E+02  0.83877303E+02  0.82138748E+02  0.80303539E+02  0.78416819E+02
  0.76508675E+02  0.74599693E+02  0.72704253E+02  0.70832575E+02  0.63703257E+02
  0.57281182E+02  0.51615933E+02  0.46678508E+02  0.42405192E+02  0.38722582E+02
  0.35563386E+02  0.32871338E+02  0.30597413E+02  0.87695806E+02  0.88749035E+02
  0.88571706E+02  0.87743115E+02  0.86488300E+02  0.84895333E+02  0.83063887E+02
  0.81091592E+02  0.79053186E+02  0.76999119E+02  0.74961615E+02  0.72960735E+02
  0.71008718E+02  0.69112767E+02  0.67276816E+02  0.60550209E+02  0.54758780E+02
  0.49779586E+02  0.45484683E+02  0.41763462E+02  0.38528715E+02  0.35717766E+02
  0.33287677E+02  0.31205697E+02  0.29657266E+03  0.28409253E+03  0.26508372E+03
  0.24473457E+03  0.22542055E+03  0.20776750E+03  0.19183167E+03  0.17752240E+03
  0.16470653E+03  0.15323675E+03  0.14296517E+03  0.13375164E+03  0.12546833E+03
  0.11800143E+03  0.11125111E+03  0.89844770E+02  0.74723892E+02  0.63608774E+02
  0.55162275E+02  0.48566370E+02  0.43304295E+02  0.39044059E+02  0.35568327E+02
  0.32727269E+02
  0.36858653E+03  0.60814326E+03  0.74278667E+03  0.78105276E+03  0.74986375E+03
  0.67847867E+03  0.59141670E+03  0.50542135E+03  0.42956572E+03  0.36709483E+03
  0.31768747E+03  0.27934124E+03  0.24961163E+03  0.22626338E+03  0.20751591E+03
  0.15774610E+03  0.12705476E+03  0.10565211E+03  0.89952465E+02  0.78010551E+02
  0.68664454E+02  0.61202842E+02  0.55178109E+02  0.50292055E+02  0.71064355E+02
  0.14508064E+03  0.21430319E+03  0.26876995E+03  0.30619381E+03  0.32789001E+03
  0.33625516E+03  0.33396270E+03  0.32364282E+03  0.30770453E+03  0.28823109E+03
  0.26693045E+03  0.24512911E+03  0.22379734E+03  0.20359428E+03  0.13943143E+03
  0.10056948E+03  0.77915607E+02  0.63913738E+02  0.54455516E+02  0.47569889E+02
  0.42308949E+02  0.38181329E+02  0.34901405E+02  0.37784599E+01  0.94716831E+01
  0.15861095E+02  0.22070938E+02  0.27931839E+02  0.33361704E+02  0.38285367E+02
  0.42666698E+02  0.46507250E+02  0.49830949E+02  0.52671934E+02  0.55067776E+02
  0.57056215E+02  0.58673689E+02  0.59954727E+02  0.62330337E+02  0.61540043E+02
  0.58851103E+02  0.55150900E+02  0.51036824E+02  0.46896471E+02  0.42973556E+02
  0.39412761E+02  0.36285732E+02  0.77581554E+01  0.19440753E+02  0.31741831E+02
  0.41956496E+02  0.49700604E+02  0.55380717E+02  0.59446514E+02  0.62250364E+02
  0.64062937E+02  0.65097915E+02  0.65526599E+02  0.65486535E+02  0.65087688E+02
  0.64417496E+02  0.63545151E+02  0.58963577E+02  0.53892870E+02  0.49093463E+02
  0.44797444E+02  0.41035956E+02  0.37772439E+02  0.34957247E+02  0.32545654E+02
  0.30498253E+02
  0.26509759E+00  0.20409496E+00  0.17351162E+00  0.15704885E+00  0.14901981E+00
  0.14651125E+00  0.14769614E+00  0.15113520E+00  0.15550959E+00  0.15962286E+00
  0.16255534E+00  0.16381581E+00  0.16336091E+00  0.16146983E+00  0.15856223E+00
  0.14373349E+00  0.13098892E+00  0.12161505E+00  0.11457434E+00  0.10897426E+00
  0.10427156E+00  0.10017233E+00  0.96530010E-01  0.93276396E-01  0.37780930E+00
  0.28700941E+00  0.23246232E+00  0.19933265E+00  0.17678724E+00  0.16061844E+00
  0.14875304E+00  0.13994853E+00  0.13339271E+00  0.12852473E+00  0.12493730E+00
  0.12231947E+00  0.12042214E+00  0.11903752E+00  0.11798739E+00  0.11438405E+00
  0.10798816E+00  0.98363377E-01  0.87799827E-01  0.78110380E-01  0.69943816E-01
  0.63292212E-01  0.57933329E-01  0.53623169E-01  0.45327630E+00  0.40159758E+00
  0.34274787E+00  0.29003633E+00  0.24924109E+00  0.21896719E+00  0.19605082E+00
  0.17805635E+00  0.16346628E+00  0.15135260E+00  0.14111854E+00  0.13235595E+00
  0.12477137E+00  0.11814602E+00  0.11231253E+00  0.94653699E-01  0.82815820E-01
  0.74374426E-01  0.68063046E-01  0.63154562E-01  0.59204328E-01  0.55931613E-01
  0.53158738E-01  0.50774666E-01  0.46933243E+00  0.43407075E+00  0.39005112E+00
  0.34471664E+00  0.30402005E+00  0.27026618E+00  0.24315907E+00  0.22144661E+00
  0.20384482E+00  0.18933120E+00  0.17715833E+00  0.16679196E+00  0.15784792E+00
  0.15004499E+00  0.14317283E+00  0.12225853E+00  0.10801195E+00  0.97644997E-01
  0.89738447E-01  0.83493583E-01  0.78429427E-01  0.74244415E-01  0.70745064E-01
  0.67803241E-01
   128
  0.10000000E+01  0.18061360E+01  0.15666923E+01  0.84766259E+00  0.37525670E+00
  0.12756503E+00  0.38359786E-01  0.97281764E-02  0.22759313E-02  0.47333501E-03
  0.93028578E-04  0.16689393E-04  0.28278807E-05  0.44424931E-06  0.64645064E-07
  0.86808738E-08  0.10709497E-08  0.12166655E-09  0.97040181E-11  0.47173699E-12
 -0.34669606E-11 -0.88588860E-12 -0.38799237E-11 -0.87061529E-12 -0.40691160E-11
 -0.82240144E-12 -0.43235563E-11 -0.89542648E-12 -0.47296412E-11 -0.10821271E-11
 -0.51928861E-11 -0.12482800E-11 -0.55502347E-11  0.00000000E+00  0.00000000E+00
  0.00000000E+00  0.00000000E+00  0.00000000E+00  0.00000000E+00  0.00000000E+00
  0.00000000E+00  0.00000000E+00  0.00000000E+00  0.00000000E+00  0.00000000E+00
  0.00000000E+00  0.00000000E+00  0.00000000E+00  0.00000000E+00  0.00000000E+00
  0.00000000E+00  0.00000000E+00  0.00000000E+00  0.00000000E+00  0.00000000E+00
  0.00000000E+00  0.00000000E+00  0.00000000E+00  0.00000000E+00  0.00000000E+00
  0.00000000E+00  0.00000000E+00  0.00000000E+00  0.00000000E+00  0.00000000E+00
  0.00000000E+00  0.00000000E+00  0.00000000E+00  0.00000000E+00  0.00000000E+00
  0.00000000E+00  0.00000000E+00  0.00000000E+00  0.00000000E+00  0.00000000E+00
  0.00000000E+00  0.00000000E+00  0.00000000E+00  0.00000000E+00  0.00000000E+00
  0.00000000E+00  0.00000000E+00  0.00000000E+00  0.00000000E+00  0.00000000E+00
  0.00000000E+00  0.00000000E+00  0.00000000E+00  0.00000000E+00  0.00000000E+00
  0.00000000E+00  0.00000000E+00  0.00000000E+00  0.00000000E+00  0.00000000E+00
  0.00000000E+00  0.00000000E+00  0.00000000E+00  0.00000000E+00  0.00000000E+00
  0.00000000E+00  0.00000000E+00  0.00000000E+00  0.00000000E+00  0.00000000E+00
  0.00000000E+00  0.00000000E+00  0.00000000E+00  0.00000000E+00  0.00000000E+00
  0.00000000E+00  0.00000000E+00  0.00000000E+00  0.00000000E+00  0.00000000E+00
  0.00000000E+00  0.00000000E+00  0.00000000E+00  0.00000000E+00  0.00000000E+00
  0.00000000E+00  0.00000000E+00  0.00000000E+00  0.00000000E+00  0.00000000E+00
  0.00000000E+00  0.00000000E+00  0.00000000E+00  0.00000000E+00
  0.10000000E+01  0.22123122E+01  0.24607117E+01  0.19640134E+01  0.13251367E+01
  0.74831374E+00  0.38653741E+00  0.17281045E+00  0.74443223E-01  0.27950228E-01
  0.10591243E-01  0.34699785E-02  0.11998165E-02  0.35174583E-03  0.11378044E-03
  0.30201891E-04  0.92054180E-05  0.21581033E-05  0.59664151E-06  0.12863237E-06
  0.26505191E-07  0.49848540E-08  0.84270847E-09  0.13818988E-09  0.69473674E-11
  0.68084137E-11 -0.13170384E-10  0.45398349E-11 -0.14570291E-10  0.46754806E-11
 -0.15771690E-10  0.47342017E-11 -0.17106283E-10  0.00000000E+00  0.00000000E+00
  0.00000000E+00  0.00000000E+00  0.00000000E+00  0.00000000E+00  0.00000000E+00
  0.00000000E+00  0.00000000E+00  0.00000000E+00  0.00000000E+00  0.00000000E+00
  0.00000000E+00  0.00000000E+00  0.00000000E+00  0.00000000E+00  0.00000000E+00
  0.00000000E+00  0.00000000E+00  0.00000000E+00  0.00000000E+00  0.00000000E+00
  0.00000000E+00  0.00000000E+00  0.00000000E+00  0.00000000E+00  0.00000000E+00
  0.00000000E+00  0.00000000E+00  0.00000000E+00  0.00000000E+00  0.00000000E+00
  0.00000000E+00  0.00000000E+00  0.00000000E+00  0.00000000E+00  0.00000000E+00
  0.00000000E+00  0.00000000E+00  0.00000000E+00  0.00000000E+00  0.00000000E+00
  0.00000000E+00  0.00000000E+00  0.00000000E+00  0.00000000E+00  0.00000000E+00
  0.00000000E+00  0.00000000E+00  0.00000000E+00  0.00000000E+00  0.00000000E+00
  0.00000000E+00  0.00000000E+00  0.00000000E+00  0.00000000E+00  0.00000000E+00
  0.00000000E+00  0.00000000E+00  0.00000000E+00  0.00000000E+00  0.00000000E+00
  0.00000000E+00  0.00000000E+00  0.00000000E+00  0.00000000E+00  0.00000000E+00
  0.00000000E+00  0.00000000E+00  0.00000000E+00  0.00000000E+00  0.00000000E+00
  0.00000000E+00  0.00000000E+00  0.00000000E+00  0.00000000E+00  0.00000000E+00
  0.00000000E+00  0.00000000E+00  0.00000000E+00  0.00000000E+00  0.00000000E+00
  0.00000000E+00  0.00000000E+00  0.00000000E+00  0.00000000E+00  0.00000000E+00
  0.00000000E+00  0.00000000E+00  0.00000000E+00  0.00000000E+00  0.00000000E+00
  0.00000000E+00  0.00000000E+00  0.00000000E+00  0.00000000E+00
  0.10000000E+01  0.23819935E+01  0.29891777E+01  0.28491278E+01  0.23602049E+01
  0.17272909E+01  0.11610518E+01  0.71117340E+00  0.41417216E+00  0.22007450E+00
  0.11577789E+00  0.54512810E-01  0.26766212E-01  0.11306131E-01  0.53255066E-02
  0.20294759E-02  0.93953232E-03  0.32310122E-03  0.15028502E-03  0.46405398E-04
  0.22102524E-04  0.60090320E-05  0.29527830E-05  0.65239598E-06  0.33301533E-06
  0.56762144E-07  0.17098839E-07  0.40229350E-08  0.79612077E-09  0.19255054E-09
 -0.19514323E-10  0.36106579E-10 -0.52731985E-10  0.00000000E+00  0.00000000E+00
  0.00000000E+00  0.00000000E+00  0.00000000E+00  0.00000000E+00  0.00000000E+00
  0.00000000E+00  0.00000000E+00  0.00000000E+00  0.00000000E+00  0.00000000E+00
  0.00000000E+00  0.00000000E+00  0.00000000E+00  0.00000000E+00  0.00000000E+00
  0.00000000E+00  0.00000000E+00  0.00000000E+00  0.00000000E+00  0.00000000E+00
  0.00000000E+00  0.00000000E+00  0.00000000E+00  0.00000000E+00  0.00000000E+00
  0.00000000E+00  0.00000000E+00  0.00000000E+00  0.00000000E+00  0.00000000E+00
  0.00000000E+00  0.00000000E+00  0.00000000E+00  0.00000000E+00  0.00000000E+00
  0.00000000E+00  0.00000000E+00  0.00000000E+00  0.00000000E+00  0.00000000E+00
  0.00000000E+00  0.00000000E+00  0.00000000E+00  0.00000000E+00  0.00000000E+00
  0.00000000E+00  0.00000000E+00  0.00000000E+00  0.00000000E+00  0.00000000E+00
  0.00000000E+00  0.00000000E+00  0.00000000E+00  0.00000000E+00  0.00000000E+00
  0.00000000E+00  0.00000000E+00  0.00000000E+00  0.00000000E+00  0.00000000E+00
  0.00000000E+00  0.00000000E+00  0.00000000E+00  0.00000000E+00  0.00000000E+00
  0.00000000E+00  0.00000000E+00  0.00000000E+00  0.00000000E+00  0.00000000E+00
  0.00000000E+00  0.00000000E+00  0.00000000E+00  0.00000000E+00  0.00000000E+00
  0.00000000E+00  0.00000000E+00  0.00000000E+00  0.00000000E+00  0.00000000E+00
  0.00000000E+00  0.00000000E+00  0.00000000E+00  0.00000000E+00  0.00000000E+00
  0.00000000E+00  0.00000000E+00  0.00000000E+00  0.00000000E+00  0.00000000E+00
  0.00000000E+00  0.00000000E+00  0.00000000E+00  0.00000000E+00
  0.10000000E+01  0.24587619E+01  0.32738241E+01  0.33973781E+01  0.31319942E+01
  0.26236504E+01  0.20393442E+01  0.14909418E+01  0.10296050E+01  0.67398221E+00
  0.42653440E+00  0.25320766E+00  0.15072325E+00  0.81624383E-01  0.46821430E-01
  0.23140145E-01  0.13095931E-01  0.58801343E-02  0.33610715E-02  0.13591383E-02
  0.80335059E-03  0.28896304E-03  0.18085095E-03  0.56957529E-04  0.38657256E-04
  0.10445176E-04  0.78728906E-05  0.17477520E-05  0.14941027E-05  0.22810377E-06
  0.24020838E-06  0.12812211E-07  0.20783129E-07  0.00000000E+00  0.00000000E+00
  0.00000000E+00  0.00000000E+00  0.00000000E+00  0.00000000E+00  0.00000000E+00
  0.00000000E+00  0.00000000E+00  0.00000000E+00  0.00000000E+00  0.00000000E+00
  0.00000000E+00  0.00000000E+00  0.00000000E+00  0.00000000E+00  0.00000000E+00
  0.00000000E+00  0.00000000E+00  0.00000000E+00  0.00000000E+00  0.00000000E+00
  0.00000000E+00  0.00000000E+00  0.00000000E+00  0.00000000E+00  0.00000000E+00
  0.00000000E+00  0.00000000E+00  0.00000000E+00  0.00000000E+00  0.00000000E+00
  0.00000000E+00  0.00000000E+00  0.00000000E+00  0.00000000E+00  0.00000000E+00
  0.00000000E+00  0.00000000E+00  0.00000000E+00  0.00000000E+00  0.00000000E+00
  0.00000000E+00  0.00000000E+00  0.00000000E+00  0.00000000E+00  0.00000000E+00
  0.00000000E+00  0.00000000E+00  0.00000000E+00  0.00000000E+00  0.00000000E+00
  0.00000000E+00  0.00000000E+00  0.00000000E+00  0.00000000E+00  0.00000000E+00
  0.00000000E+00  0.00000000E+00  0.00000000E+00  0.00000000E+00  0.00000000E+00
  0.00000000E+00  0.00000000E+00  0.00000000E+00  0.00000000E+00  0.00000000E+00
  0.00000000E+00  0.00000000E+00  0.00000000E+00  0.00000000E+00  0.00000000E+00
  0.00000000E+00  0.00000000E+00  0.00000000E+00  0.00000000E+00  0.00000000E+00
  0.00000000E+00  0.00000000E+00  0.00000000E+00  0.00000000E+00  0.00000000E+00
  0.00000000E+00  0.00000000E+00  0.00000000E+00  0.00000000E+00  0.00000000E+00
  0.00000000E+00  0.00000000E+00  0.00000000E+00  0.00000000E+00  0.00000000E+00
  0.00000000E+00  0.00000000E+00  0.00000000E+00  0.00000000E+00
  0.10000000E+01  0.24870707E+01  0.34147236E+01  0.36962666E+01  0.36122651E+01
  0.32604018E+01  0.27612629E+01  0.22411754E+01  0.17207740E+01  0.12822518E+01
  0.91297695E+00  0.62981891E+00  0.42394895E+00  0.27152735E+00  0.17617754E+00
  0.10460224E+00  0.66754453E-01  0.36539401E-01  0.23422894E-01  0.11712502E-01
  0.77076425E-02  0.34785585E-02  0.24026358E-02  0.96470558E-03  0.71496011E-03
  0.25134141E-03  0.20420149E-03  0.61747420E-04  0.56145476E-04  0.14296440E-04
  0.14872949E-04  0.31044279E-05  0.37987245E-05  0.61636057E-06  0.00000000E+00
  0.00000000E+00  0.00000000E+00  0.00000000E+00  0.00000000E+00  0.00000000E+00
  0.00000000E+00  0.00000000E+00  0.00000000E+00  0.00000000E+00  0.00000000E+00
  0.00000000E+00  0.00000000E+00  0.00000000E+00  0.00000000E+00  0.00000000E+00
  0.00000000E+00  0.00000000E+00  0.00000000E+00  0.00000000E+00  0.00000000E+00
  0.00000000E+00  0.00000000E+00  0.00000000E+00  0.00000000E+00  0.00000000E+00
  0.00000000E+00  0.00000000E+00  0.00000000E+00  0.00000000E+00  0.00000000E+00
  0.00000000E+00  0.00000000E+00  0.00000000E+00  0.00000000E+00  0.00000000E+00
  0.00000000E+00  0.00000000E+00  0.00000000E+00  0.00000000E+00  0.00000000E+00
  0.00000000E+00  0.00000000E+00  0.00000000E+00  0.00000000E+00  0.00000000E+00
  0.00000000E+00  0.00000000E+00  0.00000000E+00  0.00000000E+00  0.00000000E+00
  0.00000000E+00  0.00000000E+00  0.00000000E+00  0.00000000E+00  0.00000000E+00
  0.00000000E+00  0.00000000E+00  0.00000000E+00  0.00000000E+00  0.00000000E+00
  0.00000000E+00  0.00000000E+00  0.00000000E+00  0.00000000E+00  0.00000000E+00
  0.00000000E+00  0.00000000E+00  0.00000000E+00  0.00000000E+00  0.00000000E+00
  0.00000000E+00  0.00000000E+00  0.00000000E+00  0.00000000E+00  0.00000000E+00
  0.00000000E+00  0.00000000E+00  0.00000000E+00  0.00000000E+00  0.00000000E+00
  0.00000000E+00  0.00000000E+00  0.00000000E+00  0.00000000E+00  0.00000000E+00
  0.00000000E+00  0.00000000E+00  0.00000000E+00  0.00000000E+00  0.00000000E+00
  0.00000000E+00  0.00000000E+00  0.00000000E+00  0.00000000E+00
  0.10000000E+01  0.24863523E+01  0.34684214E+01  0.38278973E+01  0.38653841E+01
  0.36425330E+01  0.32542327E+01  0.28208753E+01  0.23244079E+01  0.18863426E+01
  0.14573633E+01  0.11133497E+01  0.81740305E+00  0.58842564E+00  0.41660615E+00
  0.28195683E+00  0.19568194E+00  0.12384351E+00  0.85760941E-01  0.50340669E-01
  0.35440986E-01  0.19094340E-01  0.13929586E-01  0.68067169E-02  0.52425887E-02
  0.22948596E-02  0.18992715E-02  0.73589038E-03  0.66481767E-03  0.22556071E-03
  0.22539262E-03  0.66317293E-04  0.74060916E-04  0.18684682E-04  0.23531168E-04
  0.49802086E-05  0.71879773E-05  0.12255634E-05  0.21086443E-05  0.27024961E-06
  0.00000000E+00  0.00000000E+00  0.00000000E+00  0.00000000E+00  0.00000000E+00
  0.00000000E+00  0.00000000E+00  0.00000000E+00  0.00000000E+00  0.00000000E+00
  0.00000000E+00  0.00000000E+00  0.00000000E+00  0.00000000E+00  0.00000000E+00
  0.00000000E+00  0.00000000E+00  0.00000000E+00  0.00000000E+00  0.00000000E+00
  0.00000000E+00  0.00000000E+00  0.00000000E+00  0.00000000E+00  0.00000000E+00
  0.00000000E+00  0.00000000E+00  0.00000000E+00  0.00000000E+00  0.00000000E+00
  0.00000000E+00  0.00000000E+00  0.00000000E+00  0.00000000E+00  0.00000000E+00
  0.00000000E+00  0.00000000E+00  0.00000000E+00  0.00000000E+00  0.00000000E+00
  0.00000000E+00  0.00000000E+00  0.00000000E+00  0.00000000E+00  0.00000000E+00
  0.00000000E+00  0.00000000E+00  0.00000000E+00  0.00000000E+00  0.00000000E+00
  0.00000000E+00  0.00000000E+00  0.00000000E+00  0.00000000E+00  0.00000000E+00
  0.00000000E+00  0.00000000E+00  0.00000000E+00  0.00000000E+00  0.00000000E+00
  0.00000000E+00  0.00000000E+00  0.00000000E+00  0.00000000E+00  0.00000000E+00
  0.00000000E+00  0.00000000E+00  0.00000000E+00  0.00000000E+00  0.00000000E+00
  0.00000000E+00  0.00000000E+00  0.00000000E+00  0.00000000E+00  0.00000000E+00
  0.00000000E+00  0.00000000E+00  0.00000000E+00  0.00000000E+00  0.00000000E+00
  0.00000000E+00  0.00000000E+00  0.00000000E+00  0.00000000E+00  0.00000000E+00
  0.00000000E+00  0.00000000E+00  0.00000000E+00  0.00000000E+00
  0.10000000E+01  0.24670839E+01  0.34682423E+01  0.38507900E+01  0.39618486E+01
  0.38309599E+01  0.35463098E+01  0.32138213E+01  0.27858557E+01  0.24008223E+01
  0.19713643E+01  0.16205099E+01  0.12711166E+01  0.99628510E+00  0.75435324E+00
  0.56225247E+00  0.41623254E+00  0.29358364E+00  0.21560997E+00  0.14291860E+00
  0.10576054E+00  0.65322022E-01  0.49485297E-01  0.28212722E-01  0.22217759E-01
  0.11583265E-01  0.96162481E-02  0.45461761E-02  0.40263591E-02  0.17147724E-02
  0.16350761E-02  0.62477804E-03  0.64517092E-03  0.22093459E-03  0.24764883E-03
  0.76123595E-04  0.92511753E-04  0.25594725E-04  0.33589475E-04  0.83455914E-05
  0.11783107E-04  0.25643605E-05  0.39391643E-05  0.70657981E-06  0.00000000E+00
  0.00000000E+00  0.00000000E+00  0.00000000E+00  0.00000000E+00  0.00000000E+00
  0.00000000E+00  0.00000000E+00  0.00000000E+00  0.00000000E+00  0.00000000E+00
  0.00000000E+00  0.00000000E+00  0.00000000E+00  0.00000000E+00  0.00000000E+00
  0.00000000E+00  0.00000000E+00  0.00000000E+00  0.00000000E+00  0.00000000E+00
  0.00000000E+00  0.00000000E+00  0.00000000E+00  0.00000000E+00  0.00000000E+00
  0.00000000E+00  0.00000000E+00  0.00000000E+00  0.00000000E+00  0.00000000E+00
  0.00000000E+00  0.00000000E+00  0.00000000E+00  0.00000000E+00  0.00000000E+00
  0.00000000E+00  0.00000000E+00  0.00000000E+00  0.00000000E+00  0.00000000E+00
  0.00000000E+00  0.00000000E+00  0.00000000E+00  0.00000000E+00  0.00000000E+00
  0.00000000E+00  0.00000000E+00  0.00000000E+00  0.00000000E+00  0.00000000E+00
  0.00000000E+00  0.00000000E+00  0.00000000E+00  0.00000000E+00  0.00000000E+00
  0.00000000E+00  0.00000000E+00  0.00000000E+00  0.00000000E+00  0.00000000E+00
  0.00000000E+00  0.00000000E+00  0.00000000E+00  0.00000000E+00  0.00000000E+00
  0.00000000E+00  0.00000000E+00  0.00000000E+00  0.00000000E+00  0.00000000E+00
  0.00000000E+00  0.00000000E+00  0.00000000E+00  0.00000000E+00  0.00000000E+00
  0.00000000E+00  0.00000000E+00  0.00000000E+00  0.00000000E+00  0.00000000E+00
  0.00000000E+00  0.00000000E+00  0.00000000E+00  0.00000000E+00
  0.10000000E+01  0.24367184E+01  0.34373221E+01  0.38091401E+01  0.39636869E+01
  0.38961869E+01  0.37017848E+01  0.34665828E+01  0.31264663E+01  0.28190253E+01
  0.24306247E+01  0.21114196E+01  0.17473332E+01  0.14601236E+01  0.11676623E+01
  0.93602928E+00  0.73042674E+00  0.55934521E+00  0.43095753E+00  0.31348380E+00
  0.24155130E+00  0.16578246E+00  0.12943182E+00  0.83211308E-01  0.66651319E-01
  0.39861229E-01  0.33123295E-01  0.18320388E-01  0.15937816E-01  0.81194204E-02
  0.74433849E-02  0.34866316E-02  0.33803968E-02  0.14572004E-02  0.14949302E-02
  0.59509856E-03  0.64440633E-03  0.23823654E-03  0.27093082E-03  0.93691495E-04
  0.11112948E-03  0.36221420E-04  0.44459384E-04  0.13746177E-04  0.17321545E-04
  0.50803091E-05  0.65221074E-05  0.17662885E-05  0.23170423E-05  0.53976409E-06
  0.00000000E+00  0.00000000E+00  0.00000000E+00  0.00000000E+00  0.00000000E+00
  0.00000000E+00  0.00000000E+00  0.00000000E+00  0.00000000E+00  0.00000000E+00
  0.00000000E+00  0.00000000E+00  0.00000000E+00  0.00000000E+00  0.00000000E+00
  0.00000000E+00  0.00000000E+00  0.00000000E+00  0.00000000E+00  0.00000000E+00
  0.00000000E+00  0.00000000E+00  0.00000000E+00  0.00000000E+00  0.00000000E+00
  0.00000000E+00  0.00000000E+00  0.00000000E+00  0.00000000E+00  0.00000000E+00
  0.00000000E+00  0.00000000E+00  0.00000000E+00  0.00000000E+00  0.00000000E+00
  0.00000000E+00  0.00000000E+00  0.00000000E+00  0.00000000E+00  0.00000000E+00
  0.00000000E+00  0.00000000E+00  0.00000000E+00  0.00000000E+00  0.00000000E+00
  0.00000000E+00  0.00000000E+00  0.00000000E+00  0.00000000E+00  0.00000000E+00
  0.00000000E+00  0.00000000E+00  0.00000000E+00  0.00000000E+00  0.00000000E+00
  0.00000000E+00  0.00000000E+00  0.00000000E+00  0.00000000E+00  0.00000000E+00
  0.00000000E+00  0.00000000E+00  0.00000000E+00  0.00000000E+00  0.00000000E+00
  0.00000000E+00  0.00000000E+00  0.00000000E+00  0.00000000E+00  0.00000000E+00
  0.00000000E+00  0.00000000E+00  0.00000000E+00  0.00000000E+00  0.00000000E+00
  0.00000000E+00  0.00000000E+00  0.00000000E+00  0.00000000E+00
  0.10000000E+01  0.24019305E+01  0.33943458E+01  0.37396376E+01  0.39244859E+01
  0.39047273E+01  0.37914474E+01  0.36463525E+01  0.34010507E+01  0.31784548E+01
  0.28558954E+01  0.25887412E+01  0.22407998E+01  0.19658998E+01  0.16456762E+01
  0.13939368E+01  0.11368561E+01  0.92658313E+00  0.74332421E+00  0.58040044E+00
  0.46287473E+00  0.34445489E+00  0.27605824E+00  0.19472222E+00  0.15843862E+00
  0.10539079E+00  0.87847881E-01  0.54880498E-01  0.47200852E-01  0.27623551E-01
  0.24635688E-01  0.13498422E-01  0.12513976E-01  0.64294351E-02  0.61956661E-02
  0.29956914E-02  0.29933716E-02  0.13694722E-02  0.14126402E-02  0.61564003E-03
  0.65166672E-03  0.27253255E-03  0.29399764E-03  0.11883494E-03  0.12971614E-03
  0.50982004E-04  0.55938162E-04  0.21464935E-04  0.23547900E-04  0.88419889E-05
  0.96616310E-05  0.35466314E-05  0.38342394E-05  0.13394783E-05  0.14173653E-05
  0.43821062E-06  0.00000000E+00  0.00000000E+00  0.00000000E+00  0.00000000E+00
  0.00000000E+00  0.00000000E+00  0.00000000E+00  0.00000000E+00  0.00000000E+00
  0.00000000E+00  0.00000000E+00  0.00000000E+00  0.00000000E+00  0.00000000E+00
  0.00000000E+00  0.00000000E+00  0.00000000E+00  0.00000000E+00  0.00000000E+00
  0.00000000E+00  0.00000000E+00  0.00000000E+00  0.00000000E+00  0.00000000E+00
  0.00000000E+00  0.00000000E+00  0.00000000E+00  0.00000000E+00  0.00000000E+00
  0.00000000E+00  0.00000000E+00  0.00000000E+00  0.00000000E+00  0.00000000E+00
  0.00000000E+00  0.00000000E+00  0.00000000E+00  0.00000000E+00  0.00000000E+00
  0.00000000E+00  0.00000000E+00  0.00000000E+00  0.00000000E+00  0.00000000E+00
  0.00000000E+00  0.00000000E+00  0.00000000E+00  0.00000000E+00  0.00000000E+00
  0.00000000E+00  0.00000000E+00  0.00000000E+00  0.00000000E+00  0.00000000E+00
  0.00000000E+00  0.00000000E+00  0.00000000E+00  0.00000000E+00  0.00000000E+00
  0.00000000E+00  0.00000000E+00  0.00000000E+00  0.00000000E+00  0.00000000E+00
  0.00000000E+00  0.00000000E+00  0.00000000E+00  0.00000000E+00  0.00000000E+00
  0.00000000E+00  0.00000000E+00  0.00000000E+00  0.00000000E+00
  0.10000000E+01  0.23689489E+01  0.33547255E+01  0.36726695E+01  0.38878533E+01
  0.39116954E+01  0.38762805E+01  0.38153545E+01  0.36660037E+01  0.35261957E+01
  0.32818279E+01  0.30731574E+01  0.27621606E+01  0.25131092E+01  0.21854944E+01
  0.19287240E+01  0.16322951E+01  0.13939369E+01  0.11572216E+01  0.95317533E+00
  0.78317950E+00  0.61977613E+00  0.50858804E+00  0.38509553E+00  0.31830347E+00
  0.22973287E+00  0.19269052E+00  0.13217361E+00  0.11315939E+00  0.73648809E-01
  0.64616636E-01  0.39901323E-01  0.35944480E-01  0.21093797E-01  0.19507991E-01
  0.10915090E-01  0.10342712E-01  0.55430596E-02  0.53625663E-02  0.27684310E-02
  0.27217836E-02  0.13619391E-02  0.13535331E-02  0.66065335E-03  0.66004675E-03
  0.31616000E-03  0.31583463E-03  0.14924578E-03  0.14833575E-03  0.69416204E-04
  0.68340357E-04  0.31719028E-04  0.30818529E-04  0.14164264E-04  0.13549304E-04
  0.61479172E-05  0.57887728E-05  0.25936131E-05  0.23892546E-05  0.10379879E-05
  0.90559458E-06  0.00000000E+00  0.00000000E+00  0.00000000E+00  0.00000000E+00
  0.00000000E+00  0.00000000E+00  0.00000000E+00  0.00000000E+00  0.00000000E+00
  0.00000000E+00  0.00000000E+00  0.00000000E+00  0.00000000E+00  0.00000000E+00
  0.00000000E+00  0.00000000E+00  0.00000000E+00  0.00000000E+00  0.00000000E+00
  0.00000000E+00  0.00000000E+00  0.00000000E+00  0.00000000E+00  0.00000000E+00
  0.00000000E+00  0.00000000E+00  0.00000000E+00  0.00000000E+00  0.00000000E+00
  0.00000000E+00  0.00000000E+00  0.00000000E+00  0.00000000E+00  0.00000000E+00
  0.00000000E+00  0.00000000E+00  0.00000000E+00  0.00000000E+00  0.00000000E+00
  0.00000000E+00  0.00000000E+00  0.00000000E+00  0.00000000E+00  0.00000000E+00
  0.00000000E+00  0.00000000E+00  0.00000000E+00  0.00000000E+00  0.00000000E+00
  0.00000000E+00  0.00000000E+00  0.00000000E+00  0.00000000E+00  0.00000000E+00
  0.00000000E+00  0.00000000E+00  0.00000000E+00  0.00000000E+00  0.00000000E+00
  0.00000000E+00  0.00000000E+00  0.00000000E+00  0.00000000E+00  0.00000000E+00
  0.00000000E+00  0.00000000E+00  0.00000000E+00  0.00000000E+00
  0.10000000E+01  0.23428212E+01  0.33294231E+01  0.36298862E+01  0.38832662E+01
  0.39538180E+01  0.39962931E+01  0.40148290E+01  0.39587736E+01  0.38948637E+01
  0.37321755E+01  0.35796210E+01  0.33175074E+01  0.30990430E+01  0.27801663E+01
  0.25280646E+01  0.22059578E+01  0.19498970E+01  0.16662740E+01  0.14284405E+01
  0.12045418E+01  0.99855980E+00  0.83730189E+00  0.66913482E+00  0.56192989E+00
  0.43166314E+00  0.36532097E+00  0.26916922E+00  0.23069726E+00  0.16285401E+00
  0.14182240E+00  0.95935413E-01  0.85028461E-01  0.55199243E-01  0.49790825E-01
  0.31106919E-01  0.28513583E-01  0.17209114E-01  0.15986718E-01  0.93637715E-02
  0.87845564E-02  0.50183469E-02  0.47354287E-02  0.26518582E-02  0.25066452E-02
  0.13827543E-02  0.13041550E-02  0.71180057E-03  0.66752117E-03  0.36183265E-03
  0.33640495E-03  0.18163509E-03  0.16702778E-03  0.89999290E-04  0.81707052E-04
  0.43951069E-04  0.39321900E-04  0.21068172E-04  0.18528769E-04  0.98269786E-05
  0.84640705E-05  0.44085560E-05  0.37106131E-05  0.19038245E-05  0.15479794E-05
  0.77812750E-06  0.00000000E+00  0.00000000E+00  0.00000000E+00  0.00000000E+00
  0.00000000E+00  0.00000000E+00  0.00000000E+00  0.00000000E+00  0.00000000E+00
  0.00000000E+00  0.00000000E+00  0.00000000E+00  0.00000000E+00  0.00000000E+00
  0.00000000E+00  0.00000000E+00  0.00000000E+00  0.00000000E+00  0.00000000E+00
  0.00000000E+00  0.00000000E+00  0.00000000E+00  0.00000000E+00  0.00000000E+00
  0.00000000E+00  0.00000000E+00  0.00000000E+00  0.00000000E+00  0.00000000E+00
  0.00000000E+00  0.00000000E+00  0.00000000E+00  0.00000000E+00  0.00000000E+00
  0.00000000E+00  0.00000000E+00  0.00000000E+00  0.00000000E+00  0.00000000E+00
  0.00000000E+00  0.00000000E+00  0.00000000E+00  0.00000000E+00  0.00000000E+00
  0.00000000E+00  0.00000000E+00  0.00000000E+00  0.00000000E+00  0.00000000E+00
  0.00000000E+00  0.00000000E+00  0.00000000E+00  0.00000000E+00  0.00000000E+00
  0.00000000E+00  0.00000000E+00  0.00000000E+00  0.00000000E+00  0.00000000E+00
  0.00000000E+00  0.00000000E+00  0.00000000E+00  0.00000000E+00
  0.10000000E+01  0.23265091E+01  0.33236687E+01  0.36218090E+01  0.39232918E+01
  0.40459246E+01  0.41660471E+01  0.42590142E+01  0.42901614E+01  0.42929027E+01
  0.42092019E+01  0.41060711E+01  0.38980953E+01  0.37099051E+01  0.34117154E+01
  0.31701050E+01  0.28361146E+01  0.25714642E+01  0.22514732E+01  0.19888323E+01
  0.17153901E+01  0.14730479E+01  0.12597591E+01  0.10490997E+01  0.89500522E+00
  0.72121341E+00  0.61701014E+00  0.48030711E+00  0.41377970E+00  0.31091213E+00
  0.27048658E+00  0.19622652E+00  0.17264738E+00  0.12108334E+00  0.10775430E+00
  0.73227481E-01  0.65842872E-01  0.43493296E-01  0.39433620E-01  0.25413339E-01
  0.23171785E-01  0.14627610E-01  0.13372778E-01  0.83024885E-02  0.75872003E-02
  0.46506508E-02  0.42361127E-02  0.25725060E-02  0.23297350E-02  0.14058514E-02
  0.12633218E-02  0.75928414E-03  0.67603610E-03  0.40534123E-03  0.35726469E-03
  0.21388384E-03  0.18654220E-03  0.11152145E-03  0.96242868E-04  0.57425517E-04
  0.49036434E-04  0.29160837E-04  0.24614001E-04  0.14540334E-04  0.12085252E-04
  0.70359772E-05  0.56985380E-05  0.32284451E-05  0.25104350E-05  0.13911639E-05
  0.10049890E-05  0.55383534E-06  0.00000000E+00  0.00000000E+00  0.00000000E+00
  0.00000000E+00  0.00000000E+00  0.00000000E+00  0.00000000E+00  0.00000000E+00
  0.00000000E+00  0.00000000E+00  0.00000000E+00  0.00000000E+00  0.00000000E+00
  0.00000000E+00  0.00000000E+00  0.00000000E+00  0.00000000E+00  0.00000000E+00
  0.00000000E+00  0.00000000E+00  0.00000000E+00  0.00000000E+00  0.00000000E+00
  0.00000000E+00  0.00000000E+00  0.00000000E+00  0.00000000E+00  0.00000000E+00
  0.00000000E+00  0.00000000E+00  0.00000000E+00  0.00000000E+00  0.00000000E+00
  0.00000000E+00  0.00000000E+00  0.00000000E+00  0.00000000E+00  0.00000000E+00
  0.00000000E+00  0.00000000E+00  0.00000000E+00  0.00000000E+00  0.00000000E+00
  0.00000000E+00  0.00000000E+00  0.00000000E+00  0.00000000E+00  0.00000000E+00
  0.00000000E+00  0.00000000E+00  0.00000000E+00  0.00000000E+00  0.00000000E+00
  0.00000000E+00  0.00000000E+00  0.00000000E+00  0.00000000E+00
  0.10000000E+01  0.23206022E+01  0.33371929E+01  0.36483702E+01  0.40054594E+01
  0.41839542E+01  0.43788213E+01  0.45397718E+01  0.46491354E+01  0.47085965E+01
  0.46973755E+01  0.46359714E+01  0.44830054E+01  0.43230200E+01  0.40540260E+01
  0.38268256E+01  0.34939020E+01  0.32287775E+01  0.28853163E+01  0.26075313E+01
  0.22936730E+01  0.20236796E+01  0.17619756E+01  0.15148115E+01  0.13122026E+01
  0.10973458E+01  0.94995362E+00  0.77172539E+00  0.67000079E+00  0.52843380E+00
  0.46124331E+00  0.35326491E+00  0.31042064E+00  0.23112822E+00  0.20451418E+00
  0.14831401E+00  0.13205791E+00  0.93516219E-01  0.83664777E-01  0.58027001E-01
  0.52059442E-01  0.35477221E-01  0.31846533E-01  0.21393296E-01  0.19171381E-01
  0.12733992E-01  0.11368355E-01  0.74868552E-02  0.66469561E-02  0.43503958E-02
  0.38358051E-02  0.24995659E-02  0.21868151E-02  0.14206404E-02  0.12327443E-02
  0.79896195E-03  0.68763089E-03  0.44468810E-03  0.37971975E-03  0.24492497E-03
  0.20760139E-03  0.13342703E-03  0.11230530E-03  0.71816597E-04  0.60042889E-04
  0.38140212E-04  0.31663053E-04  0.19944621E-04  0.16407265E-04  0.10226596E-04
  0.82775380E-05  0.50655160E-05  0.39462422E-05  0.23280016E-05  0.16733925E-05
  0.94912206E-06  0.00000000E+00  0.00000000E+00  0.00000000E+00  0.00000000E+00
  0.00000000E+00  0.00000000E+00  0.00000000E+00  0.00000000E+00  0.00000000E+00
  0.00000000E+00  0.00000000E+00  0.00000000E+00  0.00000000E+00  0.00000000E+00
  0.00000000E+00  0.00000000E+00  0.00000000E+00  0.00000000E+00  0.00000000E+00
  0.00000000E+00  0.00000000E+00  0.00000000E+00  0.00000000E+00  0.00000000E+00
  0.00000000E+00  0.00000000E+00  0.00000000E+00  0.00000000E+00  0.00000000E+00
  0.00000000E+00  0.00000000E+00  0.00000000E+00  0.00000000E+00  0.00000000E+00
  0.00000000E+00  0.00000000E+00  0.00000000E+00  0.00000000E+00  0.00000000E+00
  0.00000000E+00  0.00000000E+00  0.00000000E+00  0.00000000E+00  0.00000000E+00
  0.00000000E+00  0.00000000E+00  0.00000000E+00  0.00000000E+00  0.00000000E+00
  0.00000000E+00  0.00000000E+00  0.00000000E+00  0.00000000E+00
  0.10000000E+01  0.23238360E+01  0.33660450E+01  0.37024486E+01  0.41181439E+01
  0.43529260E+01  0.46164644E+01  0.48375510E+01  0.50144675E+01  0.51213192E+01
  0.51744052E+01  0.51480678E+01  0.50485983E+01  0.49150493E+01  0.46811428E+01
  0.44717202E+01  0.41512373E+01  0.38930015E+01  0.35395020E+01  0.32561047E+01
  0.29137726E+01  0.26258779E+01  0.23237301E+01  0.20483479E+01  0.18003314E+01
  0.15500873E+01  0.13582485E+01  0.11410795E+01  0.99983408E+00  0.81920182E+00
  0.71933225E+00  0.57491903E+00  0.50653723E+00  0.39527157E+00  0.34955862E+00
  0.26673830E+00  0.23666975E+00  0.17696659E+00  0.15737200E+00  0.11558866E+00
  0.10287231E+00  0.74414105E-01  0.66170957E-01  0.47263060E-01  0.41921892E-01
  0.29638565E-01  0.26183362E-01  0.18363385E-01  0.16137233E-01  0.11247729E-01
  0.98233358E-02  0.68143379E-02  0.59116965E-02  0.40854310E-02  0.35202158E-02
  0.24249422E-02  0.20757566E-02  0.14255478E-02  0.12129140E-02  0.83027737E-03
  0.70268231E-03  0.47919568E-03  0.40369286E-03  0.27404058E-03  0.22996617E-03
  0.15522932E-03  0.12979682E-03  0.86985534E-04  0.72444425E-04  0.48108979E-04
  0.39854952E-04  0.26161796E-04  0.21499562E-04  0.13918633E-04  0.11288817E-04
  0.71957119E-05  0.56881162E-05  0.35396685E-05  0.26134461E-05  0.15322668E-05
  0.93430716E-06  0.00000000E+00  0.00000000E+00  0.00000000E+00  0.00000000E+00
  0.00000000E+00  0.00000000E+00  0.00000000E+00  0.00000000E+00  0.00000000E+00
  0.00000000E+00  0.00000000E+00  0.00000000E+00  0.00000000E+00  0.00000000E+00
  0.00000000E+00  0.00000000E+00  0.00000000E+00  0.00000000E+00  0.00000000E+00
  0.00000000E+00  0.00000000E+00  0.00000000E+00  0.00000000E+00  0.00000000E+00
  0.00000000E+00  0.00000000E+00  0.00000000E+00  0.00000000E+00  0.00000000E+00
  0.00000000E+00  0.00000000E+00  0.00000000E+00  0.00000000E+00  0.00000000E+00
  0.00000000E+00  0.00000000E+00  0.00000000E+00  0.00000000E+00  0.00000000E+00
  0.00000000E+00  0.00000000E+00  0.00000000E+00  0.00000000E+00  0.00000000E+00
  0.00000000E+00  0.00000000E+00  0.00000000E+00  0.00000000E+00
  0.10000000E+01  0.23340093E+01  0.34048968E+01  0.37742858E+01  0.42471147E+01
  0.45353445E+01  0.48592023E+01  0.51319767E+01  0.53655879E+01  0.55119744E+01
  0.56212115E+01  0.56252012E+01  0.55767736E+01  0.54690105E+01  0.52741455E+01
  0.50858470E+01  0.47871433E+01  0.45423936E+01  0.41912948E+01  0.39110061E+01
  0.35528870E+01  0.32566322E+01  0.29244542E+01  0.26299073E+01  0.23431013E+01
  0.20649120E+01  0.18311015E+01  0.15800646E+01  0.13982086E+01  0.11809241E+01
  0.10447865E+01  0.86385156E+00  0.76498444E+00  0.61965133E+00  0.54948263E+00
  0.43659877E+00  0.38760450E+00  0.30261280E+00  0.26877023E+00  0.20659049E+00
  0.18337280E+00  0.13906359E+00  0.12320900E+00  0.92381556E-01  0.81600059E-01
  0.60611768E-01  0.53316791E-01  0.39302143E-01  0.34399102E-01  0.25201137E-01
  0.21934148E-01  0.15988318E-01  0.13834224E-01  0.10041061E-01  0.86378160E-02
  0.62453131E-02  0.53431024E-02  0.38486704E-02  0.32765081E-02  0.23508346E-02
  0.19929696E-02  0.14237464E-02  0.12028730E-02  0.85513350E-03  0.72059455E-03
  0.50946959E-03  0.42848915E-03  0.30106294E-03  0.25282692E-03  0.17640951E-03
  0.14793095E-03  0.10240234E-03  0.85682701E-04  0.58758173E-04  0.48959399E-04
  0.33177450E-04  0.27414722E-04  0.18281172E-04  0.14870433E-04  0.96989481E-05
  0.76694360E-05  0.48585739E-05  0.36365689E-05  0.21850941E-05  0.13914354E-05
  0.68654643E-06  0.00000000E+00  0.00000000E+00  0.00000000E+00  0.00000000E+00
  0.00000000E+00  0.00000000E+00  0.00000000E+00  0.00000000E+00  0.00000000E+00
  0.00000000E+00  0.00000000E+00  0.00000000E+00  0.00000000E+00  0.00000000E+00
  0.00000000E+00  0.00000000E+00  0.00000000E+00  0.00000000E+00  0.00000000E+00
  0.00000000E+00  0.00000000E+00  0.00000000E+00  0.00000000E+00  0.00000000E+00
  0.00000000E+00  0.00000000E+00  0.00000000E+00  0.00000000E+00  0.00000000E+00
  0.00000000E+00  0.00000000E+00  0.00000000E+00  0.00000000E+00  0.00000000E+00
  0.00000000E+00  0.00000000E+00  0.00000000E+00  0.00000000E+00  0.00000000E+00
  0.00000000E+00  0.00000000E+00  0.00000000E+00  0.00000000E+00
  0.10000000E+01  0.24034497E+01  0.35788622E+01  0.40909947E+01  0.47333731E+01
  0.51801243E+01  0.56595073E+01  0.60702546E+01  0.64497585E+01  0.67113634E+01
  0.69880877E+01  0.70990489E+01  0.72318574E+01  0.72367276E+01  0.72128965E+01
  0.71381741E+01  0.69787851E+01  0.68339255E+01  0.65753891E+01  0.63676287E+01
  0.60468941E+01  0.57876728E+01  0.54369341E+01  0.51411214E+01  0.47866460E+01
  0.44701745E+01  0.41318544E+01  0.38099852E+01  0.35011825E+01  0.31874040E+01
  0.29154343E+01  0.26207035E+01  0.23879516E+01  0.21202345E+01  0.19255638E+01
  0.16897168E+01  0.15298461E+01  0.13278288E+01  0.11984578E+01  0.10298059E+01
  0.92639953E+00  0.78885350E+00  0.70710033E+00  0.59726808E+00  0.53329917E+00
  0.44724666E+00  0.39770643E+00  0.33141884E+00  0.29345768E+00  0.24315726E+00
  0.21438874E+00  0.17672137E+00  0.15516828E+00  0.12728625E+00  0.11132853E+00
  0.90898074E-01  0.79223069E-01  0.64385418E-01  0.55944466E-01  0.45253765E-01
  0.39221134E-01  0.31573227E-01  0.27308748E-01  0.21873996E-01  0.18891130E-01
  0.15053612E-01  0.12987181E-01  0.10294012E-01  0.88748846E-02  0.69965896E-02
  0.60296847E-02  0.47276482E-02  0.40733323E-02  0.31763640E-02  0.27362078E-02
  0.21221797E-02  0.18275068E-02  0.14098798E-02  0.12133610E-02  0.93117499E-03
  0.80049315E-03  0.61110974E-03  0.52441673E-03  0.39819326E-03  0.34077522E-03
  0.25723743E-03  0.21926454E-03  0.16436958E-03  0.13929053E-03  0.10347619E-03
  0.86933774E-04  0.63736424E-04  0.52849940E-04  0.37940133E-04  0.30817568E-04
  0.21324207E-04  0.16733630E-04  0.10766913E-04  0.79016364E-05  0.42076876E-05
  0.25244281E-05  0.24425417E-06  0.00000000E+00  0.00000000E+00  0.00000000E+00
  0.00000000E+00  0.00000000E+00  0.00000000E+00  0.00000000E+00  0.00000000E+00
  0.00000000E+00  0.00000000E+00  0.00000000E+00  0.00000000E+00  0.00000000E+00
  0.00000000E+00  0.00000000E+00  0.00000000E+00  0.00000000E+00  0.00000000E+00
  0.00000000E+00  0.00000000E+00  0.00000000E+00  0.00000000E+00  0.00000000E+00
  0.00000000E+00  0.00000000E+00  0.00000000E+00  0.00000000E+00
  0.10000000E+01  0.24701844E+01  0.37098016E+01  0.43270034E+01  0.50489556E+01
  0.55848069E+01  0.61382476E+01  0.66354671E+01  0.71045394E+01  0.74647811E+01
  0.78674090E+01  0.80901456E+01  0.83758547E+01  0.85072533E+01  0.86440491E+01
  0.87025214E+01  0.86986147E+01  0.86811935E+01  0.85634935E+01  0.84672543E+01
  0.82627111E+01  0.80935572E+01  0.78249477E+01  0.75949490E+01  0.72826781E+01
  0.70059147E+01  0.66690088E+01  0.63595226E+01  0.60149522E+01  0.56861821E+01
  0.53478418E+01  0.50123463E+01  0.46905651E+01  0.43596069E+01  0.40612661E+01
  0.37443401E+01  0.34733840E+01  0.31778489E+01  0.29359553E+01  0.26668694E+01
  0.24540974E+01  0.22142958E+01  0.20296119E+01  0.18199850E+01  0.16616519E+01
  0.14815376E+01  0.13473936E+01  0.11950030E+01  0.10826611E+01  0.95548167E+00
  0.86247056E+00  0.75761330E+00  0.68147650E+00  0.59595035E+00  0.53432317E+00
  0.46523074E+00  0.41589398E+00  0.36055615E+00  0.32147899E+00  0.27750444E+00
  0.24686872E+00  0.21217647E+00  0.18838864E+00  0.16120708E+00  0.14290461E+00
  0.12174837E+00  0.10778319E+00  0.91422107E-01  0.80846727E-01  0.68275382E-01
  0.60321816E-01  0.50723006E-01  0.44777317E-01  0.37494373E-01  0.33073539E-01
  0.27582387E-01  0.24310491E-01  0.20196220E-01  0.17784353E-01  0.14720747E-01
  0.12948965E-01  0.10681659E-01  0.93842312E-02  0.77162641E-02  0.67688801E-02
  0.55488831E-02  0.48590674E-02  0.39716521E-02  0.34708592E-02  0.28287586E-02
  0.24663059E-02  0.20040163E-02  0.17425779E-02  0.14113167E-02  0.12234503E-02
  0.98713908E-03  0.85271997E-03  0.68486991E-03  0.58919435E-03  0.47047100E-03
  0.40280487E-03  0.31916583E-03  0.27170463E-03  0.21301057E-03  0.18009408E-03
  0.13903984E-03  0.11658447E-03  0.87936896E-04  0.73014992E-04  0.53037679E-04
  0.43566113E-04  0.29604062E-04  0.24114370E-04  0.14289726E-04  0.11757797E-04
  0.47375320E-05  0.44371662E-05 -0.74952867E-06  0.00000000E+00  0.00000000E+00
  0.00000000E+00  0.00000000E+00  0.00000000E+00  0.00000000E+00  0.00000000E+00
  0.00000000E+00  0.00000000E+00  0.00000000E+00  0.00000000E+00
  0.10000000E+01  0.25195570E+01  0.37970114E+01  0.44861182E+01  0.52476527E+01
  0.58471740E+01  0.64526550E+01  0.70264528E+01  0.75731571E+01  0.80295041E+01
  0.85385720E+01  0.88696984E+01  0.92808586E+01  0.95314045E+01  0.98004276E+01
  0.99832479E+01  0.10114773E+02  0.10218493E+02  0.10236996E+02  0.10252552E+02
  0.10178766E+02  0.10109940E+02  0.99575225E+01  0.98156534E+01  0.95967918E+01
  0.93943719E+01  0.91229445E+01  0.88713711E+01  0.85624053E+01  0.82723968E+01
  0.79403323E+01  0.76225774E+01  0.72800491E+01  0.69452327E+01  0.66026255E+01
  0.62610045E+01  0.59264882E+01  0.55873624E+01  0.52671325E+01  0.49384089E+01
  0.46369793E+01  0.43249238E+01  0.40453926E+01  0.37545712E+01  0.34988467E+01
  0.32322131E+01  0.30012123E+01  0.27602876E+01  0.25541127E+01  0.23392220E+01
  0.21573172E+01  0.19678491E+01  0.18091362E+01  0.16438010E+01  0.15068075E+01
  0.13638688E+01  0.12468414E+01  0.11243068E+01  0.10253227E+01  0.92109728E+00
  0.83815812E+00  0.75014985E+00  0.68126321E+00  0.60746366E+00  0.55072102E+00
  0.48924940E+00  0.44286268E+00  0.39199125E+00  0.35433184E+00  0.31250355E+00
  0.28212159E+00  0.24794424E+00  0.22357135E+00  0.19581906E+00  0.17636622E+00
  0.15396921E+00  0.13851333E+00  0.12054743E+00  0.10831716E+00  0.93990732E-01
  0.84348338E-01  0.72990017E-01  0.65414246E-01  0.56459315E-01  0.50526443E-01
  0.43503975E-01  0.38872634E-01  0.33393500E-01  0.29789940E-01  0.25535446E-01
  0.22740810E-01  0.19452067E-01  0.17292174E-01  0.14760670E-01  0.13097230E-01
  0.11156262E-01  0.98798209E-02  0.83971702E-02  0.74214855E-02  0.62929531E-02
  0.55501394E-02  0.46940596E-02  0.41309370E-02  0.34837304E-02  0.30587571E-02
  0.25710637E-02  0.22519735E-02  0.18857208E-02  0.16475626E-02  0.13734655E-02
  0.11970043E-02  0.99260138E-03  0.86305909E-03  0.71119061E-03  0.61730046E-03
  0.50489671E-03  0.43807324E-03  0.35517559E-03  0.30890587E-03  0.24796538E-03
  0.21733129E-03  0.17261364E-03  0.15390674E-03  0.12107185E-03  0.11150662E-03
  0.87271377E-04  0.84766761E-04  0.66654134E-04  0.69665291E-04
  0.10000000E+01  0.25552592E+01  0.38591123E+01  0.46028586E+01  0.53934868E+01
  0.60491348E+01  0.67029913E+01  0.73486686E+01  0.79659870E+01  0.85089642E+01
  0.91067113E+01  0.95323081E+01  0.10044026E+02  0.10397034E+02  0.10772017E+02
  0.11062749E+02  0.11306940E+02  0.11517751E+02  0.11656461E+02  0.11774208E+02
  0.11824208E+02  0.11852425E+02  0.11819689E+02  0.11770393E+02  0.11659877E+02
  0.11544504E+02  0.11365237E+02  0.11192349E+02  0.10956580E+02  0.10733581E+02
  0.10454181E+02  0.10189000E+02  0.98778400E+01  0.95793070E+01  0.92468335E+01
  0.89242233E+01  0.85795505E+01  0.82419666E+01  0.78930259E+01  0.75489167E+01
  0.72025393E+01  0.68593940E+01  0.65213430E+01  0.61855275E+01  0.58605206E+01
  0.55372104E+01  0.52289635E+01  0.49221420E+01  0.46334340E+01  0.43459507E+01
  0.40786995E+01  0.38123780E+01  0.35677162E+01  0.33234991E+01  0.31018614E+01
  0.28799681E+01  0.26811793E+01  0.24812590E+01  0.23046378E+01  0.21259150E+01
  0.19703747E+01  0.18117641E+01  0.16759159E+01  0.15361304E+01  0.14183975E+01
  0.12960236E+01  0.11947130E+01  0.10882723E+01  0.10016596E+01  0.90966459E+00
  0.83605834E+00  0.75703752E+00  0.69482229E+00  0.62735663E+00  0.57502924E+00
  0.51777018E+00  0.47395603E+00  0.42564104E+00  0.38910578E+00  0.34856703E+00
  0.31821673E+00  0.28438838E+00  0.25926705E+00  0.23118647E+00  0.21046439E+00
  0.18727158E+00  0.17023611E+00  0.15117114E+00  0.13721385E+00  0.12161236E+00
  0.11021567E+00  0.97502192E-01  0.88228252E-01  0.77909133E-01  0.70388673E-01
  0.62043958E-01  0.55966645E-01  0.49242260E-01  0.44348749E-01  0.38948251E-01
  0.35022002E-01  0.30698651E-01  0.27559840E-01  0.24109755E-01  0.21609471E-01
  0.18864706E-01  0.16880399E-01  0.14703597E-01  0.13134880E-01  0.11414013E-01
  0.10178919E-01  0.88229025E-02  0.78547239E-02  0.67898472E-02  0.60347286E-02
  0.52015711E-02  0.46160732E-02  0.39667406E-02  0.35160191E-02  0.30121755E-02
  0.26684195E-02  0.22793639E-02  0.20204234E-02  0.17216948E-02  0.15299791E-02
  0.13020934E-02  0.11636481E-02  0.99109357E-03  0.89484270E-03
  0.10000000E+01  0.25822792E+01  0.39077961E+01  0.46973860E+01  0.55158772E+01
  0.62231337E+01  0.69234676E+01  0.76339138E+01  0.83135148E+01  0.89308732E+01
  0.96019519E+01  0.10107467E+02  0.10701037E+02  0.11141012E+02  0.11602931E+02
  0.11986766E+02  0.12325691E+02  0.12630342E+02  0.12873446E+02  0.13082781E+02
  0.13243965E+02  0.13362248E+02  0.13441151E+02  0.13481878E+02  0.13477834E+02
  0.13451692E+02  0.13370435E+02  0.13283207E+02  0.13135100E+02  0.12990995E+02
  0.12787197E+02  0.12591604E+02  0.12342155E+02  0.12102125E+02  0.11815893E+02
  0.11539395E+02  0.11224567E+02  0.10919708E+02  0.10584058E+02  0.10258629E+02
  0.99094988E+01  0.95707837E+01  0.92149494E+01  0.88696165E+01  0.85131682E+01
  0.81671831E+01  0.78154631E+01  0.74740076E+01  0.71315924E+01  0.67990154E+01
  0.64697195E+01  0.61495317E+01  0.58364141E+01  0.55313305E+01  0.52367157E+01
  0.49487254E+01  0.46742322E+01  0.44046821E+01  0.41512772E+01  0.39009656E+01
  0.36690253E+01  0.34382823E+01  0.32276702E+01  0.30164441E+01  0.28266141E+01
  0.26345384E+01  0.24646029E+01  0.22910577E+01  0.21398832E+01  0.19840583E+01
  0.18503472E+01  0.17112756E+01  0.15936332E+01  0.14702432E+01  0.13672407E+01
  0.12583902E+01  0.11686073E+01  0.10731171E+01  0.99518091E+00  0.91186129E+00
  0.84446956E+00  0.77214700E+00  0.71408831E+00  0.65162374E+00  0.60178195E+00
  0.54808733E+00  0.50544767E+00  0.45949910E+00  0.42314635E+00  0.38399382E+00
  0.35310660E+00  0.31987860E+00  0.29372478E+00  0.26563135E+00  0.24356108E+00
  0.21989321E+00  0.20133203E+00  0.18146019E+00  0.16590380E+00  0.14927351E+00
  0.13627964E+00  0.12240560E+00  0.11158883E+00  0.10004977E+00  0.91075165E-01
  0.81506778E-01  0.74085221E-01  0.66174951E-01  0.60058228E-01  0.53538608E-01
  0.48514356E-01  0.43157300E-01  0.39044460E-01  0.34656549E-01  0.31302055E-01
  0.27720014E-01  0.24994672E-01  0.22080725E-01  0.19876267E-01  0.17515138E-01
  0.15741316E-01  0.13836562E-01  0.12418374E-01  0.10889798E-01  0.97650644E-02
  0.85458940E-02  0.76629693E-02  0.66974829E-02  0.60132793E-02
  0.10000000E+01  0.26040152E+01  0.39488272E+01  0.47791390E+01  0.56256700E+01
  0.63799504E+01  0.71239645E+01  0.78913255E+01  0.86252659E+01  0.93062253E+01
  0.10038931E+02  0.10612885E+02  0.11275094E+02  0.11789969E+02  0.12325472E+02
  0.12790442E+02  0.13210492E+02  0.13597743E+02  0.13931583E+02  0.14222782E+02
  0.14482042E+02  0.14682706E+02  0.14861839E+02  0.14987299E+02  0.15081468E+02
  0.15141737E+02  0.15154901E+02  0.15153063E+02  0.15094782E+02  0.15032197E+02
  0.14912315E+02  0.14792423E+02  0.14618939E+02  0.14447555E+02  0.14227210E+02
  0.14011241E+02  0.13750588E+02  0.13496996E+02  0.13202826E+02  0.12918285E+02
  0.12597503E+02  0.12288405E+02  0.11947738E+02  0.11620234E+02  0.11266031E+02
  0.10925969E+02  0.10564103E+02  0.10216920E+02  0.98527517E+01  0.95033695E+01
  0.91417213E+01  0.87944800E+01  0.84396018E+01  0.80982438E+01  0.77537816E+01
  0.74214642E+01  0.70904370E+01  0.67697601E+01  0.64545618E+01  0.61476115E+01
  0.58500256E+01  0.55584109E+01  0.52796468E+01  0.50045504E+01  0.47453108E+01
  0.44875281E+01  0.42480506E+01  0.40080318E+01  0.37881661E+01  0.35660640E+01
  0.33653443E+01  0.31610379E+01  0.29787499E+01  0.27918910E+01  0.26271393E+01
  0.24571862E+01  0.23089472E+01  0.21551998E+01  0.20223737E+01  0.18840060E+01
  0.17654552E+01  0.16415486E+01  0.15361352E+01  0.14257064E+01  0.13323112E+01
  0.12343402E+01  0.11518833E+01  0.10653386E+01  0.99279122E+00  0.91665292E+00
  0.85304186E+00  0.78631745E+00  0.73073142E+00  0.67247064E+00  0.62406137E+00
  0.57336667E+00  0.53134820E+00  0.48738381E+00  0.45103463E+00  0.41302961E+00
  0.38168844E+00  0.34893660E+00  0.32200222E+00  0.29386303E+00  0.27078999E+00
  0.24668566E+00  0.22698277E+00  0.20639666E+00  0.18962456E+00  0.17209550E+00
  0.15786295E+00  0.14298103E+00  0.13094091E+00  0.11834454E+00  0.10819158E+00
  0.97563594E-01  0.89030351E-01  0.80092816E-01  0.72947383E-01  0.65459506E-01
  0.59502006E-01  0.53255391E-01  0.48314321E-01  0.43129916E-01  0.39058280E-01
  0.34781381E-01  0.31452116E-01  0.27947818E-01  0.25249691E-01
  0.10000000E+01  0.26223762E+01  0.39848460E+01  0.48522648E+01  0.57264718E+01
  0.65232421E+01  0.73076724E+01  0.81248798E+01  0.89065586E+01  0.96426779E+01
  0.10428318E+02  0.11062078E+02  0.11783254E+02  0.12363659E+02  0.12962827E+02
  0.13499112E+02  0.13989581E+02  0.14449876E+02  0.14862905E+02  0.15227316E+02
  0.15572613E+02  0.15848173E+02  0.16115968E+02  0.16319865E+02  0.16502286E+02
  0.16643809E+02  0.16744194E+02  0.16823815E+02  0.16851740E+02  0.16868399E+02
  0.16832757E+02  0.16788596E+02  0.16695402E+02  0.16595603E+02  0.16449434E+02
  0.16300184E+02  0.16105897E+02  0.15913084E+02  0.15676350E+02  0.15445401E+02
  0.15172378E+02  0.14908567E+02  0.14605437E+02  0.14314075E+02  0.13986799E+02
  0.13673203E+02  0.13327463E+02  0.12996812E+02  0.12638004E+02  0.12295196E+02
  0.11928419E+02  0.11577985E+02  0.11207979E+02  0.10854051E+02  0.10485139E+02
  0.10131438E+02  0.97674661E+01  0.94173008E+01  0.90616093E+01  0.87178869E+01
  0.83732881E+01  0.80385165E+01  0.77072983E+01  0.73836054E+01  0.70675624E+01
  0.67567083E+01  0.64571525E+01  0.61605486E+01  0.58783570E+01  0.55970929E+01
  0.53327577E+01  0.50676066E+01  0.48212863E+01  0.45727366E+01  0.43443125E+01
  0.41125900E+01  0.39017122E+01  0.36868072E+01  0.34929467E+01  0.32946394E+01
  0.31171280E+01  0.29350187E+01  0.27730947E+01  0.26066293E+01  0.24594625E+01
  0.23079632E+01  0.21746838E+01  0.20373797E+01  0.19170978E+01  0.17931538E+01
  0.16849730E+01  0.15735112E+01  0.14765444E+01  0.13766661E+01  0.12900443E+01
  0.12008507E+01  0.11237270E+01  0.10443387E+01  0.97589863E+00  0.90546521E+00
  0.84492919E+00  0.78263402E+00  0.72926386E+00  0.67433345E+00  0.62743047E+00
  0.57913904E+00  0.53804702E+00  0.49572027E+00  0.45982893E+00  0.42283961E+00
  0.39158554E+00  0.35935394E+00  0.33221862E+00  0.30421527E+00  0.28072607E+00
  0.25647105E+00  0.23620065E+00  0.21526011E+00  0.19782863E+00  0.17981673E+00
  0.16488883E+00  0.14946356E+00  0.13674522E+00  0.12360604E+00  0.11283897E+00
  0.10171785E+00  0.92670124E-01  0.83322403E-01  0.75780008E-01
  0.10000000E+01  0.26383318E+01  0.40170184E+01  0.49184928E+01  0.58193150E+01
  0.66543579E+01  0.74758869E+01  0.83369625E+01  0.91609882E+01  0.99456011E+01
  0.10777422E+02  0.11464146E+02  0.12236662E+02  0.12874907E+02  0.13529791E+02
  0.14128986E+02  0.14681046E+02  0.15206036E+02  0.15688378E+02  0.16118211E+02
  0.16538843E+02  0.16882160E+02  0.17227880E+02  0.17503550E+02  0.17764309E+02
  0.17980800E+02  0.18160101E+02  0.18315403E+02  0.18423335E+02  0.18514410E+02
  0.18559139E+02  0.18587423E+02  0.18573093E+02  0.18543639E+02  0.18472829E+02
  0.18391377E+02  0.18267486E+02  0.18138929E+02  0.17966695E+02  0.17795226E+02
  0.17580082E+02  0.17369854E+02  0.17117279E+02  0.16872742E+02  0.16588012E+02
  0.16313854E+02  0.16002076E+02  0.15703015E+02  0.15369197E+02  0.15049803E+02
  0.14698859E+02  0.14363474E+02  0.14000151E+02  0.13652868E+02  0.13281663E+02
  0.12926321E+02  0.12551410E+02  0.12191581E+02  0.11816769E+02  0.11455752E+02
  0.11084441E+02  0.10725244E+02  0.10360413E+02  0.10005749E+02  0.96499623E+01
  0.93022457E+01  0.89576389E+01  0.86189849E+01  0.82872845E+01  0.79595184E+01
  0.76420685E+01  0.73267151E+01  0.70245089E+01  0.67228070E+01  0.64365247E+01
  0.61494363E+01  0.58794766E+01  0.56077025E+01  0.53542230E+01  0.50982169E+01
  0.48611695E+01  0.46211561E+01  0.44003316E+01  0.41763229E+01  0.39713754E+01
  0.37631984E+01  0.35736724E+01  0.33809986E+01  0.32063500E+01  0.30287242E+01
  0.28683387E+01  0.27051959E+01  0.25584126E+01  0.24091015E+01  0.22752242E+01
  0.21390358E+01  0.20173368E+01  0.18935319E+01  0.17832684E+01  0.16710880E+01
  0.15715120E+01  0.14701825E+01  0.13805541E+01  0.12893044E+01  0.12088880E+01
  0.11269649E+01  0.10550350E+01  0.98171014E+00  0.91756346E+00  0.85212699E+00
  0.79509099E+00  0.73685933E+00  0.68629215E+00  0.63462051E+00  0.58991589E+00
  0.54420280E+00  0.50479802E+00  0.46448590E+00  0.42987340E+00  0.39445838E+00
  0.36418427E+00  0.33321439E+00  0.30687719E+00  0.27995137E+00  0.25719293E+00
  0.23394316E+00  0.21442845E+00  0.19449987E+00  0.17789855E+00
  0.10000000E+01  0.26523507E+01  0.40458438E+01  0.49784706E+01  0.59043279E+01
  0.67737505E+01  0.76291036E+01  0.85289205E+01  0.93906780E+01  0.10218185E+02
  0.11090561E+02  0.11824373E+02  0.12641781E+02  0.13331164E+02  0.14034963E+02
  0.14689582E+02  0.15295620E+02  0.15877781E+02  0.16420778E+02  0.16908845E+02
  0.17395283E+02  0.17799487E+02  0.18213369E+02  0.18553984E+02  0.18883726E+02
  0.19168324E+02  0.19418075E+02  0.19642333E+02  0.19822955E+02  0.19982285E+02
  0.20101323E+02  0.20196940E+02  0.20256792E+02  0.20293975E+02  0.20295467E+02
  0.20279672E+02  0.20225069E+02  0.20160252E+02  0.20053641E+02  0.19942817E+02
  0.19789061E+02  0.19635372E+02  0.19439246E+02  0.19246398E+02  0.19012401E+02
  0.18784521E+02  0.18517039E+02  0.18258363E+02  0.17961829E+02  0.17676489E+02
  0.17355412E+02  0.17047368E+02  0.16706239E+02  0.16379303E+02  0.16022482E+02
  0.15680336E+02  0.15311976E+02  0.14958159E+02  0.14582163E+02  0.14220056E+02
  0.13840043E+02  0.13472836E+02  0.13092122E+02  0.12722803E+02  0.12344389E+02
  0.11975728E+02  0.11602275E+02  0.11236815E+02  0.10870639E+02  0.10510693E+02
  0.10153779E+02  0.98014070E+01  0.94554162E+01  0.91124269E+01  0.87787223E+01
  0.84466708E+01  0.81263276E+01  0.78065235E+01  0.75003550E+01  0.71938643E+01
  0.69024491E+01  0.66100972E+01  0.63338209E+01  0.60561948E+01  0.57952690E+01
  0.55327415E+01  0.52872213E+01  0.50399780E+01  0.48097780E+01  0.45778410E+01
  0.43627562E+01  0.41459888E+01  0.39457248E+01  0.37438495E+01  0.35580320E+01
  0.33706662E+01  0.31988359E+01  0.30255267E+01  0.28671579E+01  0.27073861E+01
  0.25619068E+01  0.24150821E+01  0.22818920E+01  0.21473792E+01  0.20258367E+01
  0.19029843E+01  0.17924098E+01  0.16805557E+01  0.15802556E+01  0.14787121E+01
  0.13879976E+01  0.12960679E+01  0.12142547E+01  0.11312606E+01  0.10576762E+01
  0.98296892E+00  0.91697613E+00  0.84994301E+00  0.79096704E+00  0.73105354E+00
  0.67858195E+00  0.62529403E+00  0.57887837E+00  0.53178222E+00  0.49102160E+00
  0.44970790E+00  0.41420692E+00  0.37824875E+00  0.34757897E+00
   100
  0.10000000E+01  0.94809011E+00  0.74264007E+00  0.23225104E+00  0.48227433E-01
  0.73686700E-02  0.90720514E-03  0.95033371E-04  0.87751979E-05  0.72976234E-06
  0.55343147E-07  0.38498616E-08  0.24491465E-09  0.14133156E-10 -0.35783734E-12
 -0.22774412E-12 -0.12653468E-11 -0.33880027E-12 -0.15475119E-11 -0.46086435E-12
 -0.18184990E-11 -0.53105479E-12 -0.19547087E-11 -0.52374981E-12 -0.20078384E-11
 -0.50699500E-12 -0.21162640E-11 -0.55207963E-12 -0.23432030E-11 -0.65637431E-12
 -0.26117174E-11 -0.74444532E-12 -0.27948958E-11  0.00000000E+00  0.00000000E+00
  0.00000000E+00  0.00000000E+00  0.00000000E+00  0.00000000E+00  0.00000000E+00
  0.00000000E+00  0.00000000E+00  0.00000000E+00  0.00000000E+00  0.00000000E+00
  0.00000000E+00  0.00000000E+00  0.00000000E+00  0.00000000E+00  0.00000000E+00
  0.00000000E+00  0.00000000E+00  0.00000000E+00  0.00000000E+00  0.00000000E+00
  0.00000000E+00  0.00000000E+00  0.00000000E+00  0.00000000E+00  0.00000000E+00
  0.00000000E+00  0.00000000E+00  0.00000000E+00  0.00000000E+00  0.00000000E+00
  0.00000000E+00  0.00000000E+00  0.00000000E+00  0.00000000E+00  0.00000000E+00
  0.00000000E+00  0.00000000E+00  0.00000000E+00  0.00000000E+00  0.00000000E+00
  0.00000000E+00  0.00000000E+00  0.00000000E+00  0.00000000E+00  0.00000000E+00
  0.00000000E+00  0.00000000E+00  0.00000000E+00  0.00000000E+00  0.00000000E+00
  0.00000000E+00  0.00000000E+00  0.00000000E+00  0.00000000E+00  0.00000000E+00
  0.00000000E+00  0.00000000E+00  0.00000000E+00  0.00000000E+00  0.00000000E+00
  0.00000000E+00  0.00000000E+00  0.00000000E+00  0.00000000E+00  0.00000000E+00
  0.00000000E+00
  0.10000000E+01  0.16446802E+01  0.13321517E+01  0.64976956E+00  0.24847133E+00
  0.72992738E-01  0.18249037E-01  0.39088758E-02  0.75077281E-03  0.13027120E-03
  0.20841638E-04  0.30809564E-05  0.42177526E-06  0.53359161E-07  0.62193013E-08
  0.66618445E-09  0.63693927E-10  0.51117612E-11 -0.18183484E-11 -0.10127347E-11
 -0.26833177E-11 -0.12020094E-11 -0.29034084E-11 -0.12140095E-11 -0.30150484E-11
 -0.12066617E-11 -0.31906469E-11 -0.13107302E-11 -0.35118688E-11 -0.15165598E-11
 -0.38828060E-11 -0.16999075E-11 -0.41532835E-11  0.00000000E+00  0.00000000E+00
  0.00000000E+00  0.00000000E+00  0.00000000E+00  0.00000000E+00  0.00000000E+00
  0.00000000E+00  0.00000000E+00  0.00000000E+00  0.00000000E+00  0.00000000E+00
  0.00000000E+00  0.00000000E+00  0.00000000E+00  0.00000000E+00  0.00000000E+00
  0.00000000E+00  0.00000000E+00  0.00000000E+00  0.00000000E+00  0.00000000E+00
  0.00000000E+00  0.00000000E+00  0.00000000E+00  0.00000000E+00  0.00000000E+00
  0.00000000E+00  0.00000000E+00  0.00000000E+00  0.00000000E+00  0.00000000E+00
  0.00000000E+00  0.00000000E+00  0.00000000E+00  0.00000000E+00  0.00000000E+00
  0.00000000E+00  0.00000000E+00  0.00000000E+00  0.00000000E+00  0.00000000E+00
  0.00000000E+00  0.00000000E+00  0.00000000E+00  0.00000000E+00  0.00000000E+00
  0.00000000E+00  0.00000000E+00  0.00000000E+00  0.00000000E+00  0.00000000E+00
  0.00000000E+00  0.00000000E+00  0.00000000E+00  0.00000000E+00  0.00000000E+00
  0.00000000E+00  0.00000000E+00  0.00000000E+00  0.00000000E+00  0.00000000E+00
  0.00000000E+00  0.00000000E+00  0.00000000E+00  0.00000000E+00  0.00000000E+00
  0.00000000E+00
  0.10000000E+01  0.20352697E+01  0.19759984E+01  0.12992080E+01  0.69930096E+00
  0.30399966E+00  0.11730640E+00  0.39041188E-01  0.12017570E-01  0.33213387E-02
  0.87057646E-03  0.20994316E-03  0.48587066E-04  0.10414425E-04  0.21205219E-05
  0.39913683E-06  0.69300721E-07  0.11042152E-07  0.16084952E-08  0.21477130E-09
  0.22167999E-10  0.16917118E-11 -0.44781246E-11 -0.12981979E-11 -0.50506940E-11
 -0.13049212E-11 -0.53787445E-11 -0.14113523E-11 -0.58632827E-11 -0.16453888E-11
 -0.64166127E-11 -0.18678460E-11 -0.68705483E-11  0.00000000E+00  0.00000000E+00
  0.00000000E+00  0.00000000E+00  0.00000000E+00  0.00000000E+00  0.00000000E+00
  0.00000000E+00  0.00000000E+00  0.00000000E+00  0.00000000E+00  0.00000000E+00
  0.00000000E+00  0.00000000E+00  0.00000000E+00  0.00000000E+00  0.00000000E+00
  0.00000000E+00  0.00000000E+00  0.00000000E+00  0.00000000E+00  0.00000000E+00
  0.00000000E+00  0.00000000E+00  0.00000000E+00  0.00000000E+00  0.00000000E+00
  0.00000000E+00  0.00000000E+00  0.00000000E+00  0.00000000E+00  0.00000000E+00
  0.00000000E+00  0.00000000E+00  0.00000000E+00  0.00000000E+00  0.00000000E+00
  0.00000000E+00  0.00000000E+00  0.00000000E+00  0.00000000E+00  0.00000000E+00
  0.00000000E+00  0.00000000E+00  0.00000000E+00  0.00000000E+00  0.00000000E+00
  0.00000000E+00  0.00000000E+00  0.00000000E+00  0.00000000E+00  0.00000000E+00
  0.00000000E+00  0.00000000E+00  0.00000000E+00  0.00000000E+00  0.00000000E+00
  0.00000000E+00  0.00000000E+00  0.00000000E+00  0.00000000E+00  0.00000000E+00
  0.00000000E+00  0.00000000E+00  0.00000000E+00  0.00000000E+00  0.00000000E+00
  0.00000000E+00
  0.10000000E+01  0.22483234E+01  0.24914823E+01  0.19942835E+01  0.13336045E+01
  0.75262783E+00  0.38256644E+00  0.17141281E+00  0.71993188E-01  0.27283706E-01
  0.99661826E-02  0.33307218E-02  0.10948546E-02  0.33174075E-03  0.10017724E-03
  0.27828633E-04  0.76921202E-05  0.19090872E-05  0.45767423E-06  0.99298493E-07
  0.19680206E-07  0.35602023E-08  0.58100545E-09  0.89052572E-10  0.41329438E-11
  0.13502888E-11 -0.87865164E-11 -0.27082554E-12 -0.97211238E-11 -0.45828783E-12
 -0.10587033E-10 -0.73141310E-12 -0.11577155E-10  0.00000000E+00  0.00000000E+00
  0.00000000E+00  0.00000000E+00  0.00000000E+00  0.00000000E+00  0.00000000E+00
  0.00000000E+00  0.00000000E+00  0.00000000E+00  0.00000000E+00  0.00000000E+00
  0.00000000E+00  0.00000000E+00  0.00000000E+00  0.00000000E+00  0.00000000E+00
  0.00000000E+00  0.00000000E+00  0.00000000E+00  0.00000000E+00  0.00000000E+00
  0.00000000E+00  0.00000000E+00  0.00000000E+00  0.00000000E+00  0.00000000E+00
  0.00000000E+00  0.00000000E+00  0.00000000E+00  0.00000000E+00  0.00000000E+00
  0.00000000E+00  0.00000000E+00  0.00000000E+00  0.00000000E+00  0.00000000E+00
  0.00000000E+00  0.00000000E+00  0.00000000E+00  0.00000000E+00  0.00000000E+00
  0.00000000E+00  0.00000000E+00  0.00000000E+00  0.00000000E+00  0.00000000E+00
  0.00000000E+00  0.00000000E+00  0.00000000E+00  0.00000000E+00  0.00000000E+00
  0.00000000E+00  0.00000000E+00  0.00000000E+00  0.00000000E+00  0.00000000E+00
  0.00000000E+00  0.00000000E+00  0.00000000E+00  0.00000000E+00  0.00000000E+00
  0.00000000E+00  0.00000000E+00  0.00000000E+00  0.00000000E+00  0.00000000E+00
  0.00000000E+00
  0.10000000E+01  0.23788799E+01  0.28704463E+01  0.26036575E+01  0.20100439E+01
  0.13517029E+01  0.82561377E+00  0.45515125E+00  0.23581851E+00  0.11197584E+00
  0.51330676E-01  0.21701482E-01  0.90634730E-02  0.34929726E-02  0.13571205E-02
  0.48479020E-03  0.17770686E-03  0.59374880E-04  0.20584354E-04  0.63475367E-05
  0.20196972E-05  0.54247950E-06  0.14541465E-06  0.34417043E-07  0.74013284E-08
  0.14586193E-08  0.24748922E-09  0.46450593E-10 -0.87565101E-11  0.39439310E-11
 -0.16955081E-10  0.22196948E-11 -0.19564245E-10  0.00000000E+00  0.00000000E+00
  0.00000000E+00  0.00000000E+00  0.00000000E+00  0.00000000E+00  0.00000000E+00
  0.00000000E+00  0.00000000E+00  0.00000000E+00  0.00000000E+00  0.00000000E+00
  0.00000000E+00  0.00000000E+00  0.00000000E+00  0.00000000E+00  0.00000000E+00
  0.00000000E+00  0.00000000E+00  0.00000000E+00  0.00000000E+00  0.00000000E+00
  0.00000000E+00  0.00000000E+00  0.00000000E+00  0.00000000E+00  0.00000000E+00
  0.00000000E+00  0.00000000E+00  0.00000000E+00  0.00000000E+00  0.00000000E+00
  0.00000000E+00  0.00000000E+00  0.00000000E+00  0.00000000E+00  0.00000000E+00
  0.00000000E+00  0.00000000E+00  0.00000000E+00  0.00000000E+00  0.00000000E+00
  0.00000000E+00  0.00000000E+00  0.00000000E+00  0.00000000E+00  0.00000000E+00
  0.00000000E+00  0.00000000E+00  0.00000000E+00  0.00000000E+00  0.00000000E+00
  0.00000000E+00  0.00000000E+00  0.00000000E+00  0.00000000E+00  0.00000000E+00
  0.00000000E+00  0.00000000E+00  0.00000000E+00  0.00000000E+00  0.00000000E+00
  0.00000000E+00  0.00000000E+00  0.00000000E+00  0.00000000E+00  0.00000000E+00
  0.00000000E+00
  0.10000000E+01  0.24642109E+01  0.31430457E+01  0.30921112E+01  0.26309776E+01
  0.19931839E+01  0.13831007E+01  0.88275512E+00  0.53028979E+00  0.29668160E+00
  0.15980181E+00  0.80457572E-01  0.39846393E-01  0.18402095E-01  0.85381801E-02
  0.36682992E-02  0.16172110E-02  0.65315248E-03  0.27642477E-03  0.10565360E-03
  0.43132961E-04  0.15554503E-04  0.60489281E-05  0.19801970E-05  0.69927963E-06
  0.19244647E-06  0.55207396E-07  0.13737650E-07  0.30806080E-08  0.65064900E-09
  0.94499619E-10  0.29128085E-10 -0.28240669E-10  0.00000000E+00  0.00000000E+00
  0.00000000E+00  0.00000000E+00  0.00000000E+00  0.00000000E+00  0.00000000E+00
  0.00000000E+00  0.00000000E+00  0.00000000E+00  0.00000000E+00  0.00000000E+00
  0.00000000E+00  0.00000000E+00  0.00000000E+00  0.00000000E+00  0.00000000E+00
  0.00000000E+00  0.00000000E+00  0.00000000E+00  0.00000000E+00  0.00000000E+00
  0.00000000E+00  0.00000000E+00  0.00000000E+00  0.00000000E+00  0.00000000E+00
  0.00000000E+00  0.00000000E+00  0.00000000E+00  0.00000000E+00  0.00000000E+00
  0.00000000E+00  0.00000000E+00  0.00000000E+00  0.00000000E+00  0.00000000E+00
  0.00000000E+00  0.00000000E+00  0.00000000E+00  0.00000000E+00  0.00000000E+00
  0.00000000E+00  0.00000000E+00  0.00000000E+00  0.00000000E+00  0.00000000E+00
  0.00000000E+00  0.00000000E+00  0.00000000E+00  0.00000000E+00  0.00000000E+00
  0.00000000E+00  0.00000000E+00  0.00000000E+00  0.00000000E+00  0.00000000E+00
  0.00000000E+00  0.00000000E+00  0.00000000E+00  0.00000000E+00  0.00000000E+00
  0.00000000E+00  0.00000000E+00  0.00000000E+00  0.00000000E+00  0.00000000E+00
  0.00000000E+00
  0.10000000E+01  0.25217192E+01  0.33386765E+01  0.34687213E+01  0.31572305E+01
  0.25986162E+01  0.19756419E+01  0.14010157E+01  0.93766556E+00  0.59216989E+00
  0.35929529E+00  0.20638669E+00  0.11597872E+00  0.61541034E-01  0.32564458E-01
  0.16149380E-01  0.81517088E-02  0.38119206E-02  0.18541602E-02  0.82313634E-03
  0.38878785E-03  0.16465295E-03  0.75879555E-04  0.30687736E-04  0.13767934E-04
  0.52379608E-05  0.22266728E-05  0.74915871E-06  0.28659246E-06  0.78662945E-07
  0.23656976E-07  0.61123715E-08  0.13809534E-08  0.00000000E+00  0.00000000E+00
  0.00000000E+00  0.00000000E+00  0.00000000E+00  0.00000000E+00  0.00000000E+00
  0.00000000E+00  0.00000000E+00  0.00000000E+00  0.00000000E+00  0.00000000E+00
  0.00000000E+00  0.00000000E+00  0.00000000E+00  0.00000000E+00  0.00000000E+00
  0.00000000E+00  0.00000000E+00  0.00000000E+00  0.00000000E+00  0.00000000E+00
  0.00000000E+00  0.00000000E+00  0.00000000E+00  0.00000000E+00  0.00000000E+00
  0.00000000E+00  0.00000000E+00  0.00000000E+00  0.00000000E+00  0.00000000E+00
  0.00000000E+00  0.00000000E+00  0.00000000E+00  0.00000000E+00  0.00000000E+00
  0.00000000E+00  0.00000000E+00  0.00000000E+00  0.00000000E+00  0.00000000E+00
  0.00000000E+00  0.00000000E+00  0.00000000E+00  0.00000000E+00  0.00000000E+00
  0.00000000E+00  0.00000000E+00  0.00000000E+00  0.00000000E+00  0.00000000E+00
  0.00000000E+00  0.00000000E+00  0.00000000E+00  0.00000000E+00  0.00000000E+00
  0.00000000E+00  0.00000000E+00  0.00000000E+00  0.00000000E+00  0.00000000E+00
  0.00000000E+00  0.00000000E+00  0.00000000E+00  0.00000000E+00  0.00000000E+00
  0.00000000E+00
  0.10000000E+01  0.25609995E+01  0.34793270E+01  0.37539522E+01  0.35842752E+01
  0.31299581E+01  0.25444442E+01  0.19496213E+01  0.14151510E+01  0.97905001E+00
  0.65044847E+00  0.41337085E+00  0.25595035E+00  0.15132049E+00  0.88590462E-01
  0.49198721E-01  0.27554105E-01  0.14482392E-01  0.78325537E-02  0.39192669E-02
  0.20622655E-02  0.98702509E-03  0.50817797E-03  0.23347601E-03  0.11805901E-03
  0.52166643E-04  0.25923591E-04  0.10978710E-04  0.53128380E-05  0.20967522E-05
  0.95040110E-06  0.32308536E-06  0.13133956E-06  0.00000000E+00  0.00000000E+00
  0.00000000E+00  0.00000000E+00  0.00000000E+00  0.00000000E+00  0.00000000E+00
  0.00000000E+00  0.00000000E+00  0.00000000E+00  0.00000000E+00  0.00000000E+00
  0.00000000E+00  0.00000000E+00  0.00000000E+00  0.00000000E+00  0.00000000E+00
  0.00000000E+00  0.00000000E+00  0.00000000E+00  0.00000000E+00  0.00000000E+00
  0.00000000E+00  0.00000000E+00  0.00000000E+00  0.00000000E+00  0.00000000E+00
  0.00000000E+00  0.00000000E+00  0.00000000E+00  0.00000000E+00  0.00000000E+00
  0.00000000E+00  0.00000000E+00  0.00000000E+00  0.00000000E+00  0.00000000E+00
  0.00000000E+00  0.00000000E+00  0.00000000E+00  0.00000000E+00  0.00000000E+00
  0.00000000E+00  0.00000000E+00  0.00000000E+00  0.00000000E+00  0.00000000E+00
  0.00000000E+00  0.00000000E+00  0.00000000E+00  0.00000000E+00  0.00000000E+00
  0.00000000E+00  0.00000000E+00  0.00000000E+00  0.00000000E+00  0.00000000E+00
  0.00000000E+00  0.00000000E+00  0.00000000E+00  0.00000000E+00  0.00000000E+00
  0.00000000E+00  0.00000000E+00  0.00000000E+00  0.00000000E+00  0.00000000E+00
  0.00000000E+00
  0.10000000E+01  0.25878041E+01  0.35803924E+01  0.39677571E+01  0.39222727E+01
  0.35767096E+01  0.30574107E+01  0.24830480E+01  0.19183697E+01  0.14234671E+01
  0.10151803E+01  0.69813868E+00  0.46664944E+00  0.30052169E+00  0.19062550E+00
  0.11589383E+00  0.70489842E-01  0.40716657E-01  0.23951278E-01  0.13211778E-01
  0.75691191E-02  0.40039525E-02  0.22464786E-02  0.11436472E-02  0.63098208E-03
  0.31003679E-03  0.16863550E-03  0.80121882E-04  0.42982484E-04  0.19735776E-04
  0.10408549E-04  0.45781059E-05  0.23329829E-05  0.94092385E-06  0.00000000E+00
  0.00000000E+00  0.00000000E+00  0.00000000E+00  0.00000000E+00  0.00000000E+00
  0.00000000E+00  0.00000000E+00  0.00000000E+00  0.00000000E+00  0.00000000E+00
  0.00000000E+00  0.00000000E+00  0.00000000E+00  0.00000000E+00  0.00000000E+00
  0.00000000E+00  0.00000000E+00  0.00000000E+00  0.00000000E+00  0.00000000E+00
  0.00000000E+00  0.00000000E+00  0.00000000E+00  0.00000000E+00  0.00000000E+00
  0.00000000E+00  0.00000000E+00  0.00000000E+00  0.00000000E+00  0.00000000E+00
  0.00000000E+00  0.00000000E+00  0.00000000E+00  0.00000000E+00  0.00000000E+00
  0.00000000E+00  0.00000000E+00  0.00000000E+00  0.00000000E+00  0.00000000E+00
  0.00000000E+00  0.00000000E+00  0.00000000E+00  0.00000000E+00  0.00000000E+00
  0.00000000E+00  0.00000000E+00  0.00000000E+00  0.00000000E+00  0.00000000E+00
  0.00000000E+00  0.00000000E+00  0.00000000E+00  0.00000000E+00  0.00000000E+00
  0.00000000E+00  0.00000000E+00  0.00000000E+00  0.00000000E+00  0.00000000E+00
  0.00000000E+00  0.00000000E+00  0.00000000E+00  0.00000000E+00  0.00000000E+00
  0.00000000E+00
  0.10000000E+01  0.26057830E+01  0.36525856E+01  0.41266377E+01  0.41856980E+01
  0.39428271E+01  0.35026612E+01  0.29748228E+01  0.24137022E+01  0.18920684E+01
  0.14279496E+01  0.10456061E+01  0.74342446E+00  0.51285753E+00  0.34720006E+00
  0.22717932E+00  0.14778535E+00  0.92217142E-01  0.58092334E-01  0.34723628E-01
  0.21319337E-01  0.12252781E-01  0.73702607E-02  0.40862461E-02  0.24177665E-02
  0.12969537E-02  0.75697856E-03  0.39391090E-03  0.22713497E-03  0.11487253E-03
  0.65424796E-04  0.32161006E-04  0.18045664E-04  0.85924567E-05  0.47182926E-05
  0.21430325E-05  0.11225789E-05  0.45924999E-06  0.00000000E+00  0.00000000E+00
  0.00000000E+00  0.00000000E+00  0.00000000E+00  0.00000000E+00  0.00000000E+00
  0.00000000E+00  0.00000000E+00  0.00000000E+00  0.00000000E+00  0.00000000E+00
  0.00000000E+00  0.00000000E+00  0.00000000E+00  0.00000000E+00  0.00000000E+00
  0.00000000E+00  0.00000000E+00  0.00000000E+00  0.00000000E+00  0.00000000E+00
  0.00000000E+00  0.00000000E+00  0.00000000E+00  0.00000000E+00  0.00000000E+00
  0.00000000E+00  0.00000000E+00  0.00000000E+00  0.00000000E+00  0.00000000E+00
  0.00000000E+00  0.00000000E+00  0.00000000E+00  0.00000000E+00  0.00000000E+00
  0.00000000E+00  0.00000000E+00  0.00000000E+00  0.00000000E+00  0.00000000E+00
  0.00000000E+00  0.00000000E+00  0.00000000E+00  0.00000000E+00  0.00000000E+00
  0.00000000E+00  0.00000000E+00  0.00000000E+00  0.00000000E+00  0.00000000E+00
  0.00000000E+00  0.00000000E+00  0.00000000E+00  0.00000000E+00  0.00000000E+00
  0.00000000E+00  0.00000000E+00  0.00000000E+00  0.00000000E+00  0.00000000E+00
  0.00000000E+00
  0.10000000E+01  0.26173786E+01  0.37035107E+01  0.42436228E+01  0.43890177E+01
  0.42385437E+01  0.38806919E+01  0.34139291E+01  0.28809308E+01  0.23596891E+01
  0.18648488E+01  0.14367303E+01  0.10747555E+01  0.78432470E+00  0.56040628E+00
  0.38956331E+00  0.26799321E+00  0.17827983E+00  0.11890527E+00  0.75993073E-01
  0.49428701E-01  0.30451172E-01  0.19409265E-01  0.11560969E-01  0.72484402E-02
  0.41861642E-02  0.25889505E-02  0.14536443E-02  0.88839752E-03  0.48618174E-03
  0.29384171E-03  0.15704090E-03  0.93803470E-04  0.48981343E-04  0.28835949E-04
  0.14673240E-04  0.84682296E-05  0.41698702E-05  0.23355217E-05  0.10865988E-05
  0.57073779E-06  0.00000000E+00  0.00000000E+00  0.00000000E+00  0.00000000E+00
  0.00000000E+00  0.00000000E+00  0.00000000E+00  0.00000000E+00  0.00000000E+00
  0.00000000E+00  0.00000000E+00  0.00000000E+00  0.00000000E+00  0.00000000E+00
  0.00000000E+00  0.00000000E+00  0.00000000E+00  0.00000000E+00  0.00000000E+00
  0.00000000E+00  0.00000000E+00  0.00000000E+00  0.00000000E+00  0.00000000E+00
  0.00000000E+00  0.00000000E+00  0.00000000E+00  0.00000000E+00  0.00000000E+00
  0.00000000E+00  0.00000000E+00  0.00000000E+00  0.00000000E+00  0.00000000E+00
  0.00000000E+00  0.00000000E+00  0.00000000E+00  0.00000000E+00  0.00000000E+00
  0.00000000E+00  0.00000000E+00  0.00000000E+00  0.00000000E+00  0.00000000E+00
  0.00000000E+00  0.00000000E+00  0.00000000E+00  0.00000000E+00  0.00000000E+00
  0.00000000E+00  0.00000000E+00  0.00000000E+00  0.00000000E+00  0.00000000E+00
  0.00000000E+00  0.00000000E+00  0.00000000E+00  0.00000000E+00  0.00000000E+00
  0.00000000E+00
  0.10000000E+01  0.26243179E+01  0.37387473E+01  0.43289655E+01  0.45452526E+01
  0.44761234E+01  0.41986074E+01  0.37997199E+01  0.33112390E+01  0.28110958E+01
  0.23081332E+01  0.18543302E+01  0.14473926E+01  0.11067593E+01  0.82753142E+00
  0.60508007E+00  0.43640621E+00  0.30633684E+00  0.21444335E+00  0.14500511E+00
  0.99049416E-01  0.64713353E-01  0.43325858E-01  0.27425860E-01  0.18060697E-01
  0.11106205E-01  0.72130004E-02  0.43201241E-02  0.27721524E-02  0.16213190E-02
  0.10289969E-02  0.58912776E-03  0.36990325E-03  0.20774160E-03  0.12894705E-03
  0.71103503E-04  0.43527544E-04  0.23525950E-04  0.14130805E-04  0.74403825E-05
  0.43512014E-05  0.22088555E-05  0.12411000E-05  0.58907617E-06  0.00000000E+00
  0.00000000E+00  0.00000000E+00  0.00000000E+00  0.00000000E+00  0.00000000E+00
  0.00000000E+00  0.00000000E+00  0.00000000E+00  0.00000000E+00  0.00000000E+00
  0.00000000E+00  0.00000000E+00  0.00000000E+00  0.00000000E+00  0.00000000E+00
  0.00000000E+00  0.00000000E+00  0.00000000E+00  0.00000000E+00  0.00000000E+00
  0.00000000E+00  0.00000000E+00  0.00000000E+00  0.00000000E+00  0.00000000E+00
  0.00000000E+00  0.00000000E+00  0.00000000E+00  0.00000000E+00  0.00000000E+00
  0.00000000E+00  0.00000000E+00  0.00000000E+00  0.00000000E+00  0.00000000E+00
  0.00000000E+00  0.00000000E+00  0.00000000E+00  0.00000000E+00  0.00000000E+00
  0.00000000E+00  0.00000000E+00  0.00000000E+00  0.00000000E+00  0.00000000E+00
  0.00000000E+00  0.00000000E+00  0.00000000E+00  0.00000000E+00  0.00000000E+00
  0.00000000E+00  0.00000000E+00  0.00000000E+00  0.00000000E+00  0.00000000E+00
  0.00000000E+00
  0.10000000E+01  0.26278944E+01  0.37625557E+01  0.43908630E+01  0.46657161E+01
  0.46678881E+01  0.44665473E+01  0.41376995E+01  0.37039631E+01  0.32396907E+01
  0.27472008E+01  0.22858854E+01  0.18498467E+01  0.14712045E+01  0.11435092E+01
  0.87261857E+00  0.65537793E+00  0.48149543E+00  0.35136098E+00  0.24927228E+00
  0.17759618E+00  0.12199851E+00  0.85209268E-01  0.56821266E-01  0.39034220E-01
  0.25330357E-01  0.17158063E-01  0.10861780E-01  0.72676023E-02  0.44991884E-02
  0.29769351E-02  0.18067231E-02  0.11827580E-02  0.70536915E-03  0.45684726E-03
  0.26826143E-03  0.17177492E-03  0.99428888E-04  0.62832402E-04  0.35822708E-04
  0.22251361E-04  0.12434725E-04  0.75323530E-05  0.40844880E-05  0.23894562E-05
  0.12405627E-05  0.68884839E-06  0.00000000E+00  0.00000000E+00  0.00000000E+00
  0.00000000E+00  0.00000000E+00  0.00000000E+00  0.00000000E+00  0.00000000E+00
  0.00000000E+00  0.00000000E+00  0.00000000E+00  0.00000000E+00  0.00000000E+00
  0.00000000E+00  0.00000000E+00  0.00000000E+00  0.00000000E+00  0.00000000E+00
  0.00000000E+00  0.00000000E+00  0.00000000E+00  0.00000000E+00  0.00000000E+00
  0.00000000E+00  0.00000000E+00  0.00000000E+00  0.00000000E+00  0.00000000E+00
  0.00000000E+00  0.00000000E+00  0.00000000E+00  0.00000000E+00  0.00000000E+00
  0.00000000E+00  0.00000000E+00  0.00000000E+00  0.00000000E+00  0.00000000E+00
  0.00000000E+00  0.00000000E+00  0.00000000E+00  0.00000000E+00  0.00000000E+00
  0.00000000E+00  0.00000000E+00  0.00000000E+00  0.00000000E+00  0.00000000E+00
  0.00000000E+00  0.00000000E+00  0.00000000E+00  0.00000000E+00  0.00000000E+00
  0.00000000E+00
  0.10000000E+01  0.26291316E+01  0.37783213E+01  0.44360153E+01  0.47601445E+01
  0.48253739E+01  0.46956297E+01  0.44365563E+01  0.40635743E+01  0.36452064E+01
  0.31776464E+01  0.27240301E+01  0.22739345E+01  0.18700306E+01  0.15029350E+01
  0.11895002E+01  0.92523383E+00  0.70678924E+00  0.53469344E+00  0.39528689E+00
  0.29212264E+00  0.20951359E+00  0.15182228E+00  0.10588607E+00  0.75468101E-01
  0.51300195E-01  0.36047311E-01  0.23937518E-01  0.16611334E-01  0.10801186E-01
  0.74106276E-02  0.47292994E-02  0.32100140E-02  0.20151923E-02  0.13534440E-02
  0.83761254E-03  0.55655640E-03  0.34016247E-03  0.22348505E-03  0.13505015E-03
  0.87623840E-04  0.52342230E-04  0.33449977E-04  0.19692608E-04  0.12322220E-04
  0.70880734E-05  0.42949472E-05  0.23818834E-05  0.13814725E-05  0.72739543E-06
  0.00000000E+00  0.00000000E+00  0.00000000E+00  0.00000000E+00  0.00000000E+00
  0.00000000E+00  0.00000000E+00  0.00000000E+00  0.00000000E+00  0.00000000E+00
  0.00000000E+00  0.00000000E+00  0.00000000E+00  0.00000000E+00  0.00000000E+00
  0.00000000E+00  0.00000000E+00  0.00000000E+00  0.00000000E+00  0.00000000E+00
  0.00000000E+00  0.00000000E+00  0.00000000E+00  0.00000000E+00  0.00000000E+00
  0.00000000E+00  0.00000000E+00  0.00000000E+00  0.00000000E+00  0.00000000E+00
  0.00000000E+00  0.00000000E+00  0.00000000E+00  0.00000000E+00  0.00000000E+00
  0.00000000E+00  0.00000000E+00  0.00000000E+00  0.00000000E+00  0.00000000E+00
  0.00000000E+00  0.00000000E+00  0.00000000E+00  0.00000000E+00  0.00000000E+00
  0.00000000E+00  0.00000000E+00  0.00000000E+00  0.00000000E+00  0.00000000E+00
  0.00000000E+00
  0.10000000E+01  0.26288761E+01  0.37888228E+01  0.44700039E+01  0.48368905E+01
  0.49589833E+01  0.48967817E+01  0.47061956E+01  0.43972950E+01  0.40313811E+01
  0.35995650E+01  0.31657392E+01  0.27148642E+01  0.22977420E+01  0.19011795E+01
  0.15526273E+01  0.12451391E+01  0.98366464E+00  0.76795245E+00  0.58827590E+00
  0.44889377E+00  0.33418359E+00  0.25010846E+00  0.18134534E+00  0.13349702E+00
  0.94474687E-01  0.68560456E-01  0.47458930E-01  0.34008220E-01  0.23076729E-01
  0.16346840E-01  0.10897335E-01  0.76360250E-02  0.50116981E-02  0.34750498E-02
  0.22500849E-02  0.15439346E-02  0.98807072E-03  0.67081214E-03  0.42494641E-03
  0.28533463E-03  0.17909115E-03  0.11883765E-03  0.73903442E-04  0.48382162E-04
  0.29759173E-04  0.19150793E-04  0.11586451E-04  0.72666845E-05  0.42699118E-05
  0.25722367E-05  0.14454189E-05  0.82468665E-06  0.00000000E+00  0.00000000E+00
  0.00000000E+00  0.00000000E+00  0.00000000E+00  0.00000000E+00  0.00000000E+00
  0.00000000E+00  0.00000000E+00  0.00000000E+00  0.00000000E+00  0.00000000E+00
  0.00000000E+00  0.00000000E+00  0.00000000E+00  0.00000000E+00  0.00000000E+00
  0.00000000E+00  0.00000000E+00  0.00000000E+00  0.00000000E+00  0.00000000E+00
  0.00000000E+00  0.00000000E+00  0.00000000E+00  0.00000000E+00  0.00000000E+00
  0.00000000E+00  0.00000000E+00  0.00000000E+00  0.00000000E+00  0.00000000E+00
  0.00000000E+00  0.00000000E+00  0.00000000E+00  0.00000000E+00  0.00000000E+00
  0.00000000E+00  0.00000000E+00  0.00000000E+00  0.00000000E+00  0.00000000E+00
  0.00000000E+00  0.00000000E+00  0.00000000E+00  0.00000000E+00  0.00000000E+00
  0.00000000E+00
  0.10000000E+01  0.26257673E+01  0.38190373E+01  0.45765423E+01  0.50916249E+01
  0.54149799E+01  0.56010507E+01  0.56715044E+01  0.56281152E+01  0.54987015E+01
  0.52675657E+01  0.49834915E+01  0.46212563E+01  0.42421315E+01  0.38186849E+01
  0.34075219E+01  0.29868388E+01  0.25955378E+01  0.22222356E+01  0.18839238E+01
  0.15800824E+01  0.13090319E+01  0.10783185E+01  0.87445054E+00  0.70904378E+00
  0.56375683E+00  0.45077032E+00  0.35198027E+00  0.27792174E+00  0.21347424E+00
  0.16663005E+00  0.12610955E+00  0.97385812E-01  0.72737405E-01  0.55601242E-01
  0.41046726E-01  0.31071047E-01  0.22703820E-01  0.17023865E-01  0.12328361E-01
  0.91592237E-02  0.65809908E-02  0.48455788E-02  0.34574988E-02  0.25236203E-02
  0.17894978E-02  0.12950909E-02  0.91306657E-03  0.65531435E-03  0.45943787E-03
  0.32700259E-03  0.22793764E-03  0.16083057E-03  0.11137513E-03  0.77830403E-04
  0.53459293E-04  0.36925722E-04  0.25085536E-04  0.17065740E-04  0.11414933E-04
  0.76009250E-05  0.49619833E-05  0.31841473E-05  0.19864105E-05  0.11897087E-05
  0.68786018E-06  0.00000000E+00  0.00000000E+00  0.00000000E+00  0.00000000E+00
  0.00000000E+00  0.00000000E+00  0.00000000E+00  0.00000000E+00  0.00000000E+00
  0.00000000E+00  0.00000000E+00  0.00000000E+00  0.00000000E+00  0.00000000E+00
  0.00000000E+00  0.00000000E+00  0.00000000E+00  0.00000000E+00  0.00000000E+00
  0.00000000E+00  0.00000000E+00  0.00000000E+00  0.00000000E+00  0.00000000E+00
  0.00000000E+00  0.00000000E+00  0.00000000E+00  0.00000000E+00  0.00000000E+00
  0.00000000E+00  0.00000000E+00  0.00000000E+00  0.00000000E+00  0.00000000E+00
  0.00000000E+00
  0.10000000E+01  0.26375191E+01  0.38851048E+01  0.47441218E+01  0.54226785E+01
  0.59501270E+01  0.63748966E+01  0.66915565E+01  0.69034367E+01  0.70091814E+01
  0.70019854E+01  0.69058750E+01  0.67019943E+01  0.64398050E+01  0.60902451E+01
  0.57145911E+01  0.52817608E+01  0.48488355E+01  0.43912775E+01  0.39505354E+01
  0.35137240E+01  0.31020863E+01  0.27151585E+01  0.23554270E+01  0.20322957E+01
  0.17345769E+01  0.14774449E+01  0.12421823E+01  0.10457151E+01  0.86713401E+00
  0.72215744E+00  0.59132858E+00  0.48754359E+00  0.39468125E+00  0.32234726E+00
  0.25827475E+00  0.20905387E+00  0.16595750E+00  0.13318250E+00  0.10485297E+00
  0.83457220E-01  0.65216779E-01  0.51502513E-01  0.39976298E-01  0.31333640E-01
  0.24173015E-01  0.18811967E-01  0.14431773E-01  0.11155155E-01  0.85133925E-02
  0.65383185E-02  0.49655857E-02  0.37904197E-02  0.28652776E-02  0.21745251E-02
  0.16363522E-02  0.12349554E-02  0.92514076E-03  0.69439103E-03  0.51778999E-03
  0.38648836E-03  0.28677123E-03  0.21278549E-03  0.15700041E-03  0.11570661E-03
  0.84789196E-04  0.61959873E-04  0.44992215E-04  0.32495015E-04  0.23286330E-04
  0.16521140E-04  0.11595583E-04  0.79920180E-05  0.54245981E-05  0.35575989E-05
  0.22700531E-05  0.13311098E-05  0.71832647E-06  0.00000000E+00  0.00000000E+00
  0.00000000E+00  0.00000000E+00  0.00000000E+00  0.00000000E+00  0.00000000E+00
  0.00000000E+00  0.00000000E+00  0.00000000E+00  0.00000000E+00  0.00000000E+00
  0.00000000E+00  0.00000000E+00  0.00000000E+00  0.00000000E+00  0.00000000E+00
  0.00000000E+00  0.00000000E+00  0.00000000E+00  0.00000000E+00  0.00000000E+00
  0.00000000E+00
  0.10000000E+01  0.26677883E+01  0.39958372E+01  0.49879289E+01  0.58453366E+01
  0.65767537E+01  0.72213748E+01  0.77565417E+01  0.81888331E+01  0.84992614E+01
  0.86936960E+01  0.87760419E+01  0.87409497E+01  0.86200641E+01  0.83927360E+01
  0.81100125E+01  0.77420579E+01  0.73459715E+01  0.68919567E+01  0.64309628E+01
  0.59407906E+01  0.54581261E+01  0.49723812E+01  0.45027601E+01  0.40506449E+01
  0.36188107E+01  0.32182439E+01  0.28391261E+01  0.24983349E+01  0.21783674E+01
  0.18982208E+01  0.16372988E+01  0.14137485E+01  0.12073456E+01  0.10335642E+01
  0.87465745E+00  0.74268422E+00  0.62328600E+00  0.52515734E+00  0.43739074E+00
  0.36582114E+00  0.30257230E+00  0.25129233E+00  0.20652383E+00  0.17038110E+00
  0.13920686E+00  0.11412005E+00  0.92733463E-01  0.75567562E-01  0.61094874E-01
  0.49504692E-01  0.39833293E-01  0.32104877E-01  0.25716791E-01  0.20623316E-01
  0.16449339E-01  0.13128992E-01  0.10429147E-01  0.82867632E-02  0.65569041E-02
  0.51878150E-02  0.40892958E-02  0.32222537E-02  0.25305128E-02  0.19860684E-02
  0.15539463E-02  0.12148062E-02  0.94691428E-03  0.73726219E-03  0.57239383E-03
  0.44372691E-03  0.34297909E-03  0.26456477E-03  0.20342923E-03  0.15596854E-03
  0.11913458E-03  0.90609757E-04  0.68587822E-04  0.51574077E-04  0.38525336E-04
  0.28466797E-04  0.20820714E-04  0.14938629E-04  0.10521799E-04  0.71248812E-05
  0.46192699E-05  0.26951374E-05  0.13252153E-05  0.28024262E-06  0.00000000E+00
  0.00000000E+00  0.00000000E+00  0.00000000E+00  0.00000000E+00  0.00000000E+00
  0.00000000E+00  0.00000000E+00  0.00000000E+00  0.00000000E+00  0.00000000E+00
  0.00000000E+00
  0.10000000E+01  0.27063587E+01  0.41214992E+01  0.52499650E+01  0.62716562E+01
  0.71801276E+01  0.80048921E+01  0.87160836E+01  0.93226722E+01  0.97991021E+01
  0.10160654E+02  0.10399461E+02  0.10521783E+02  0.10544180E+02  0.10456219E+02
  0.10294783E+02  0.10036712E+02  0.97296040E+01  0.93457067E+01  0.89332789E+01
  0.84675587E+01  0.79894035E+01  0.74822634E+01  0.69745564E+01  0.64602956E+01
  0.59536997E+01  0.54590404E+01  0.49774168E+01  0.45211349E+01  0.40811414E+01
  0.36746206E+01  0.32861069E+01  0.29344977E+01  0.26014820E+01  0.23051335E+01
  0.20270977E+01  0.17829970E+01  0.15562554E+01  0.13593068E+01  0.11782622E+01
  0.10223214E+01  0.88049754E+00  0.75914227E+00  0.64995008E+00  0.55700663E+00
  0.47425393E+00  0.40411860E+00  0.34230203E+00  0.29010390E+00  0.24453499E+00
  0.20618435E+00  0.17300125E+00  0.14516213E+00  0.12127100E+00  0.10128898E+00
  0.84268700E-01  0.70077017E-01  0.58070837E-01  0.48090986E-01  0.39699986E-01
  0.32747007E-01  0.26933656E-01  0.22131767E-01  0.18137384E-01  0.14848398E-01
  0.12125285E-01  0.98901149E-02  0.80475085E-02  0.65397838E-02  0.53018905E-02
  0.42921006E-02  0.34662131E-02  0.27945711E-02  0.22472881E-02  0.18035779E-02
  0.14433545E-02  0.11522085E-02  0.91673618E-03  0.72703725E-03  0.57423875E-03
  0.45158574E-03  0.35326132E-03  0.27467904E-03  0.21206124E-03  0.16229505E-03
  0.12295715E-03  0.91926899E-04  0.67643667E-04  0.48635939E-04  0.33940555E-04
  0.22593070E-04  0.14045765E-04  0.76363988E-05  0.30175168E-05 -0.29862038E-06
  0.00000000E+00  0.00000000E+00  0.00000000E+00  0.00000000E+00  0.00000000E+00
  0.00000000E+00
  0.10000000E+01  0.27438632E+01  0.42374610E+01  0.54851534E+01  0.66404280E+01
  0.76884521E+01  0.86508172E+01  0.94974561E+01  0.10238527E+02  0.10848798E+02
  0.11348191E+02  0.11723664E+02  0.11988237E+02  0.12148237E+02  0.12200939E+02
  0.12170801E+02  0.12041911E+02  0.11850318E+02  0.11573551E+02  0.11251755E+02
  0.10862346E+02  0.10442985E+02  0.99759071E+01  0.94913633E+01  0.89794165E+01
  0.84600483E+01  0.79321504E+01  0.74047352E+01  0.68847436E+01  0.63713540E+01
  0.58775395E+01  0.53949686E+01  0.49400836E+01  0.44998209E+01  0.40916119E+01
  0.37002753E+01  0.33422654E+01  0.30023472E+01  0.26947322E+01  0.24055018E+01
  0.21460427E+01  0.19044699E+01  0.16893042E+01  0.14909030E+01  0.13152305E+01
  0.11547646E+01  0.10133924E+01  0.88541684E+00  0.77316442E+00  0.67240983E+00
  0.58438713E+00  0.50600444E+00  0.43778343E+00  0.37747710E+00  0.32517835E+00
  0.27925685E+00  0.23957330E+00  0.20494245E+00  0.17511991E+00  0.14924059E+00
  0.12703118E+00  0.10785760E+00  0.91459090E-01  0.77369325E-01  0.65359495E-01
  0.55086061E-01  0.46358447E-01  0.38923622E-01  0.32628423E-01  0.27286856E-01
  0.22778998E-01  0.18968594E-01  0.15763610E-01  0.13064680E-01  0.10802278E-01
  0.89043476E-02  0.73190300E-02  0.59944080E-02  0.48922419E-02  0.39753714E-02
  0.32158835E-02  0.25873958E-02  0.20697106E-02  0.16441748E-02  0.12962079E-02
  0.10127029E-02  0.78311740E-03  0.59798892E-03  0.44948560E-03  0.33109007E-03
  0.23766723E-03  0.16510177E-03  0.10977329E-03  0.68569490E-04  0.38611785E-04
  0.17564964E-04  0.33034681E-05 -0.58445264E-05  0.00000000E+00  0.00000000E+00
  0.00000000E+00
  0.10000000E+01  0.27760911E+01  0.43344115E+01  0.56787161E+01  0.69370047E+01
  0.80914992E+01  0.91580985E+01  0.10110137E+02  0.10957945E+02  0.11679645E+02
  0.12296047E+02  0.12792806E+02  0.13185492E+02  0.13474318E+02  0.13661143E+02
  0.13761254E+02  0.13764556E+02  0.13696995E+02  0.13541781E+02  0.13330085E+02
  0.13043476E+02  0.12713429E+02  0.12323887E+02  0.11902580E+02  0.11438664E+02
  0.10953242E+02  0.10442198E+02  0.99185354E+01  0.93850302E+01  0.88465469E+01
  0.83117560E+01  0.77784986E+01  0.72595987E+01  0.67476845E+01  0.62577283E+01
  0.57791645E+01  0.53272614E+01  0.48900991E+01  0.44818144E+01  0.40905589E+01
  0.37284424E+01  0.33846255E+01  0.30687987E+01  0.27716199E+01  0.25003630E+01
  0.22473248E+01  0.20176231E+01  0.18051087E+01  0.16131318E+01  0.14368926E+01
  0.12783919E+01  0.11339343E+01  0.10045554E+01  0.88742780E+00  0.78294111E+00
  0.68893230E+00  0.60538983E+00  0.53065249E+00  0.46448336E+00  0.40559905E+00
  0.35365581E+00  0.30765615E+00  0.26722445E+00  0.23158173E+00  0.20036431E+00
  0.17296221E+00  0.14904647E+00  0.12813937E+00  0.10995603E+00  0.94123034E-01
  0.80401135E-01  0.68499406E-01  0.58221526E-01  0.49341840E-01  0.41702100E-01
  0.35128322E-01  0.29494715E-01  0.24668096E-01  0.20549820E-01  0.17038627E-01
  0.14058106E-01  0.11531999E-01  0.94017311E-02  0.76099477E-02  0.61117014E-02
  0.48640781E-02  0.38323905E-02  0.29828833E-02  0.22875086E-02  0.17215525E-02
  0.12664721E-02  0.90631810E-03  0.62733003E-03  0.41607957E-03  0.26039711E-03
  0.14922417E-03  0.72925388E-04  0.22984454E-04 -0.79370666E-05  0.00000000E+00
  0.00000000E+00
  0.10000000E+01  0.28022356E+01  0.44120781E+01  0.58325521E+01  0.71696292E+01
  0.84060754E+01  0.95539082E+01  0.10591064E+02  0.11527302E+02  0.12344807E+02
  0.13063007E+02  0.13668161E+02  0.14175731E+02  0.14582660E+02  0.14893044E+02
  0.15115979E+02  0.15245492E+02  0.15299778E+02  0.15266922E+02  0.15170253E+02
  0.14995722E+02  0.14768246E+02  0.14474658E+02  0.14138419E+02  0.13749569E+02
  0.13327664E+02  0.12867504E+02  0.12383123E+02  0.11874711E+02  0.11350160E+02
  0.10814753E+02  0.10270560E+02  0.97269327E+01  0.91811336E+01  0.86451467E+01
  0.81128083E+01  0.75972164E+01  0.70902130E+01  0.66046802E+01  0.61317115E+01
  0.56829894E+01  0.52497927E+01  0.48420163E+01  0.44517175E+01  0.40867751E+01
  0.37403186E+01  0.34182577E+01  0.31148634E+01  0.28342998E+01  0.25719067E+01
  0.23304121E+01  0.21060797E+01  0.19005295E+01  0.17107826E+01  0.15376526E+01
  0.13787613E+01  0.12343697E+01  0.11025671E+01  0.98326040E+00  0.87490187E+00
  0.77719060E+00  0.68886252E+00  0.60951169E+00  0.53809886E+00  0.47418122E+00
  0.41690121E+00  0.36582134E+00  0.32023363E+00  0.27973005E+00  0.24372719E+00
  0.21185888E+00  0.18364591E+00  0.15876873E+00  0.13683543E+00  0.11757297E+00
  0.10066303E+00  0.85875857E-01  0.72955145E-01  0.61710808E-01  0.51937990E-01
  0.43481773E-01  0.36180431E-01  0.29909245E-01  0.24540209E-01  0.19972173E-01
  0.16104296E-01  0.12853543E-01  0.10133865E-01  0.78719983E-02  0.60019331E-02
  0.44756233E-02  0.32507562E-02  0.22899779E-02  0.15538511E-02  0.10055700E-02
  0.60993615E-03  0.33587947E-03  0.15466935E-03  0.41323683E-04 -0.25517592E-04
  0.00000000E+00
  0.10000000E+01  0.28228878E+01  0.44733285E+01  0.59536333E+01  0.73517922E+01
  0.86529340E+01  0.98664213E+01  0.10974676E+02  0.11986412E+02  0.12887533E+02
  0.13695011E+02  0.14396503E+02  0.15006023E+02  0.15519041E+02  0.15940446E+02
  0.16275395E+02  0.16520650E+02  0.16688838E+02  0.16771818E+02  0.16786739E+02
  0.16723368E+02  0.16600854E+02  0.16409035E+02  0.16166881E+02  0.15866071E+02
  0.15523485E+02  0.15134007E+02  0.14710970E+02  0.14253246E+02  0.13769802E+02
  0.13263607E+02  0.12739139E+02  0.12202957E+02  0.11655520E+02  0.11106033E+02
  0.10551799E+02  0.10003529E+02  0.94563947E+01  0.89215023E+01  0.83928722E+01
  0.78810855E+01  0.73798230E+01  0.68984944E+01  0.64310192E+01  0.59852772E+01
  0.55557728E+01  0.51487463E+01  0.47594405E+01  0.43925310E+01  0.40440150E+01
  0.37171924E+01  0.34087482E+01  0.31208495E+01  0.28507648E+01  0.25997791E+01
  0.23656340E+01  0.21489617E+01  0.19478780E+01  0.17625559E+01  0.15914055E+01
  0.14342946E+01  0.12898666E+01  0.11578015E+01  0.10369311E+01  0.92683228E+00
  0.82649410E+00  0.73544865E+00  0.65282044E+00  0.57813470E+00  0.51063492E+00
  0.44986422E+00  0.39517085E+00  0.34613104E+00  0.30218572E+00  0.26295194E+00
  0.22795414E+00  0.19685242E+00  0.16924671E+00  0.14484192E+00  0.12330431E+00
  0.10438254E+00  0.87802810E-01  0.73354151E-01  0.60810007E-01  0.49990235E-01
  0.40708189E-01  0.32806858E-01  0.26113198E-01  0.20475594E-01  0.15756151E-01
  0.11858032E-01  0.86953461E-02  0.61897542E-02  0.42524487E-02  0.27973657E-02
  0.17391587E-02  0.10009292E-02  0.50946988E-03  0.20002828E-03  0.16052753E-04
 -0.86355904E-04
  0.10000000E+01  0.28390092E+01  0.45214647E+01  0.60490332E+01  0.74954832E+01
  0.88489741E+01  0.10116976E+02  0.11285716E+02  0.12362641E+02  0.13336682E+02
  0.14222081E+02  0.15008112E+02  0.15706870E+02  0.16313401E+02  0.16832624E+02
  0.17267291E+02  0.17615909E+02  0.17887245E+02  0.18075917E+02  0.18194454E+02
  0.18235644E+02  0.18213991E+02  0.18121967E+02  0.17974531E+02  0.17765126E+02
  0.17507754E+02  0.17197937E+02  0.16847514E+02  0.16454864E+02  0.16028847E+02
  0.15570999E+02  0.15086879E+02  0.14581003E+02  0.14055765E+02  0.13518088E+02
  0.12967699E+02  0.12413123E+02  0.11852103E+02  0.11293901E+02  0.10735004E+02
  0.10184622E+02  0.96386384E+01  0.91055950E+01  0.85812742E+01  0.80731464E+01
  0.75772286E+01  0.70997182E+01  0.66370495E+01  0.61941135E+01  0.57678247E+01
  0.53618528E+01  0.49735767E+01  0.46056006E+01  0.42557085E+01  0.39256257E+01
  0.36134669E+01  0.33202655E+01  0.30443963E+01  0.27863703E+01  0.25447639E+01
  0.23197100E+01  0.21099421E+01  0.19153325E+01  0.17347402E+01  0.15678678E+01
  0.14136807E+01  0.12717775E+01  0.11412203E+01  0.10215509E+01  0.91192113E+00
  0.81185094E+00  0.72057542E+00  0.63761830E+00  0.56229270E+00  0.49414244E+00
  0.43255765E+00  0.37711093E+00  0.32726876E+00  0.28264293E+00  0.24277127E+00
  0.20730995E+00  0.17586761E+00  0.14814513E+00  0.12380546E+00  0.10257990E+00
  0.84179316E-01  0.68354863E-01  0.54813917E-01  0.43292301E-01  0.33549275E-01
  0.25423383E-01  0.18771918E-01  0.13459773E-01  0.93222943E-02  0.61935965E-02
  0.39040982E-02  0.22978767E-02  0.12230630E-02  0.54304637E-03  0.13663032E-03
 -0.91129119E-04
    66
  0.10000000E+01  0.35607380E+00  0.53452054E+00  0.84151813E-01  0.73332249E-02
  0.45571699E-03  0.22540833E-04  0.94297025E-06  0.34594395E-07  0.11372029E-08
  0.32703741E-10  0.12001944E-11 -0.12472886E-11  0.36593621E-12 -0.13309976E-11
  0.44300325E-12 -0.14963546E-11  0.48590095E-12 -0.17941297E-11  0.50938008E-12
 -0.20834623E-11  0.55145819E-12 -0.22462049E-11  0.62443876E-12 -0.23347718E-11
  0.69739621E-12 -0.24733936E-11  0.74982732E-12 -0.27207233E-11  0.77951712E-12
 -0.30072132E-11  0.81297659E-12 -0.32126417E-11  0.00000000E+00  0.00000000E+00
  0.00000000E+00  0.00000000E+00  0.00000000E+00  0.00000000E+00  0.00000000E+00
  0.00000000E+00  0.00000000E+00  0.00000000E+00  0.00000000E+00  0.00000000E+00
  0.00000000E+00  0.00000000E+00  0.00000000E+00  0.00000000E+00  0.00000000E+00
  0.00000000E+00  0.00000000E+00  0.00000000E+00  0.00000000E+00  0.00000000E+00
  0.00000000E+00  0.00000000E+00  0.00000000E+00  0.00000000E+00  0.00000000E+00
  0.00000000E+00  0.00000000E+00  0.00000000E+00  0.00000000E+00  0.00000000E+00
  0.00000000E+00  0.00000000E+00
  0.10000000E+01  0.76067448E+00  0.66185805E+00  0.19852650E+00  0.36510182E-01
  0.48870214E-02  0.52378608E-03  0.47614935E-04  0.38046168E-05  0.27306725E-06
  0.17814131E-07  0.10614240E-08  0.56814093E-10  0.26284165E-11 -0.88900802E-12
 -0.22407114E-12 -0.11402094E-11 -0.28949391E-12 -0.14015451E-11 -0.38962789E-12
 -0.16534007E-11 -0.44811854E-12 -0.17750420E-11 -0.44430013E-12 -0.18150321E-11
 -0.43222405E-12 -0.19089645E-11 -0.47091767E-12 -0.21208662E-11 -0.55614167E-12
 -0.23707865E-11 -0.62909495E-12 -0.25349007E-11  0.00000000E+00  0.00000000E+00
  0.00000000E+00  0.00000000E+00  0.00000000E+00  0.00000000E+00  0.00000000E+00
  0.00000000E+00  0.00000000E+00  0.00000000E+00  0.00000000E+00  0.00000000E+00
  0.00000000E+00  0.00000000E+00  0.00000000E+00  0.00000000E+00  0.00000000E+00
  0.00000000E+00  0.00000000E+00  0.00000000E+00  0.00000000E+00  0.00000000E+00
  0.00000000E+00  0.00000000E+00  0.00000000E+00  0.00000000E+00  0.00000000E+00
  0.00000000E+00  0.00000000E+00  0.00000000E+00  0.00000000E+00  0.00000000E+00
  0.00000000E+00  0.00000000E+00
  0.10000000E+01  0.12171840E+01  0.93686192E+00  0.39349883E+00  0.11447431E+00
  0.25200351E-01  0.45260933E-02  0.69547074E-03  0.94418470E-04  0.11566832E-04
  0.12948443E-05  0.13320930E-06  0.12602746E-07  0.10939122E-08  0.85864562E-10
  0.56588530E-11 -0.83093897E-12 -0.75510928E-12 -0.15299775E-11 -0.97668057E-12
 -0.18085999E-11 -0.11087046E-11 -0.19447025E-11 -0.11376494E-11 -0.19870639E-11
 -0.11522929E-11 -0.20893200E-11 -0.12492673E-11 -0.23208422E-11 -0.14217948E-11
 -0.25955659E-11 -0.15756389E-11 -0.27791412E-11  0.00000000E+00  0.00000000E+00
  0.00000000E+00  0.00000000E+00  0.00000000E+00  0.00000000E+00  0.00000000E+00
  0.00000000E+00  0.00000000E+00  0.00000000E+00  0.00000000E+00  0.00000000E+00
  0.00000000E+00  0.00000000E+00  0.00000000E+00  0.00000000E+00  0.00000000E+00
  0.00000000E+00  0.00000000E+00  0.00000000E+00  0.00000000E+00  0.00000000E+00
  0.00000000E+00  0.00000000E+00  0.00000000E+00  0.00000000E+00  0.00000000E+00
  0.00000000E+00  0.00000000E+00  0.00000000E+00  0.00000000E+00  0.00000000E+00
  0.00000000E+00  0.00000000E+00
  0.10000000E+01  0.16176344E+01  0.13304178E+01  0.69402400E+00  0.27195243E+00
  0.84142390E-01  0.21786707E-01  0.48863695E-02  0.97635902E-03  0.17714408E-03
  0.29564682E-04  0.45690149E-05  0.65476876E-06  0.86809448E-07  0.10604479E-07
  0.11883264E-08  0.12043980E-09  0.10250521E-10 -0.96650264E-12 -0.13922593E-11
 -0.22772342E-11 -0.16627908E-11 -0.24626683E-11 -0.17197208E-11 -0.25365163E-11
 -0.17568459E-11 -0.26756804E-11 -0.19018155E-11 -0.29564912E-11 -0.21471711E-11
 -0.32896524E-11 -0.23709913E-11 -0.35217448E-11  0.00000000E+00  0.00000000E+00
  0.00000000E+00  0.00000000E+00  0.00000000E+00  0.00000000E+00  0.00000000E+00
  0.00000000E+00  0.00000000E+00  0.00000000E+00  0.00000000E+00  0.00000000E+00
  0.00000000E+00  0.00000000E+00  0.00000000E+00  0.00000000E+00  0.00000000E+00
  0.00000000E+00  0.00000000E+00  0.00000000E+00  0.00000000E+00  0.00000000E+00
  0.00000000E+00  0.00000000E+00  0.00000000E+00  0.00000000E+00  0.00000000E+00
  0.00000000E+00  0.00000000E+00  0.00000000E+00  0.00000000E+00  0.00000000E+00
  0.00000000E+00  0.00000000E+00
  0.10000000E+01  0.19161992E+01  0.17594035E+01  0.10887464E+01  0.52806394E+00
  0.20906618E+00  0.70856152E-01  0.21071877E-01  0.56377139E-02  0.13787855E-02
  0.31237709E-03  0.66064094E-04  0.13088945E-04  0.24261898E-05  0.41888032E-06
  0.66973810E-07  0.98640810E-08  0.13324903E-08  0.16282584E-09  0.16730869E-10
 -0.91191148E-12 -0.20914337E-11 -0.30784309E-11 -0.23725252E-11 -0.32082036E-11
 -0.24425486E-11 -0.33921765E-11 -0.26428233E-11 -0.37332685E-11 -0.29586590E-11
 -0.41329380E-11 -0.32544236E-11 -0.44275288E-11  0.00000000E+00  0.00000000E+00
  0.00000000E+00  0.00000000E+00  0.00000000E+00  0.00000000E+00  0.00000000E+00
  0.00000000E+00  0.00000000E+00  0.00000000E+00  0.00000000E+00  0.00000000E+00
  0.00000000E+00  0.00000000E+00  0.00000000E+00  0.00000000E+00  0.00000000E+00
  0.00000000E+00  0.00000000E+00  0.00000000E+00  0.00000000E+00  0.00000000E+00
  0.00000000E+00  0.00000000E+00  0.00000000E+00  0.00000000E+00  0.00000000E+00
  0.00000000E+00  0.00000000E+00  0.00000000E+00  0.00000000E+00  0.00000000E+00
  0.00000000E+00  0.00000000E+00
  0.10000000E+01  0.21261312E+01  0.21604279E+01  0.15365384E+01  0.87791059E+00
  0.41939972E+00  0.17449853E+00  0.64462613E-01  0.21620906E-01  0.66692040E-02
  0.19171066E-02  0.51755225E-03  0.13202388E-03  0.31853985E-04  0.72519075E-05
  0.15482101E-05  0.30768324E-06  0.56541050E-07  0.95601167E-08  0.14821987E-08
  0.20797263E-09  0.24706173E-10 -0.48368292E-12 -0.27213507E-11 -0.39359025E-11
 -0.32020047E-11 -0.42098855E-11 -0.34554504E-11 -0.46061132E-11 -0.38355426E-11
 -0.50793423E-11 -0.42177432E-11 -0.54810327E-11  0.00000000E+00  0.00000000E+00
  0.00000000E+00  0.00000000E+00  0.00000000E+00  0.00000000E+00  0.00000000E+00
  0.00000000E+00  0.00000000E+00  0.00000000E+00  0.00000000E+00  0.00000000E+00
  0.00000000E+00  0.00000000E+00  0.00000000E+00  0.00000000E+00  0.00000000E+00
  0.00000000E+00  0.00000000E+00  0.00000000E+00  0.00000000E+00  0.00000000E+00
  0.00000000E+00  0.00000000E+00  0.00000000E+00  0.00000000E+00  0.00000000E+00
  0.00000000E+00  0.00000000E+00  0.00000000E+00  0.00000000E+00  0.00000000E+00
  0.00000000E+00  0.00000000E+00
  0.10000000E+01  0.22751581E+01  0.25085566E+01  0.19939537E+01  0.12962508E+01
  0.71759372E+00  0.35053895E+00  0.15361761E+00  0.61605116E-01  0.22848866E-01
  0.79363821E-02  0.25997959E-02  0.80930420E-03  0.24017521E-03  0.68059573E-04
  0.18350965E-04  0.46789678E-05  0.11181490E-05  0.24835644E-06  0.50941221E-07
  0.96097908E-08  0.16632567E-08  0.26100667E-09  0.35132339E-10  0.45189162E-12
 -0.33178522E-11 -0.50271504E-11 -0.42651598E-11 -0.55587629E-11 -0.47195182E-11
 -0.61288878E-11 -0.52438106E-11 -0.67774341E-11  0.00000000E+00  0.00000000E+00
  0.00000000E+00  0.00000000E+00  0.00000000E+00  0.00000000E+00  0.00000000E+00
  0.00000000E+00  0.00000000E+00  0.00000000E+00  0.00000000E+00  0.00000000E+00
  0.00000000E+00  0.00000000E+00  0.00000000E+00  0.00000000E+00  0.00000000E+00
  0.00000000E+00  0.00000000E+00  0.00000000E+00  0.00000000E+00  0.00000000E+00
  0.00000000E+00  0.00000000E+00  0.00000000E+00  0.00000000E+00  0.00000000E+00
  0.00000000E+00  0.00000000E+00  0.00000000E+00  0.00000000E+00  0.00000000E+00
  0.00000000E+00  0.00000000E+00
  0.10000000E+01  0.23846432E+01  0.28016783E+01  0.24307885E+01  0.17507928E+01
  0.10898723E+01  0.60499239E+00  0.30402287E+00  0.14074794E+00  0.60579595E-01
  0.24522271E-01  0.93930491E-02  0.34310646E-02  0.11997476E-02  0.40334878E-03
  0.13040868E-03  0.40487004E-04  0.11990187E-04  0.33585300E-05  0.88070602E-06
  0.21438758E-06  0.48162096E-07  0.99529268E-08  0.18892721E-08  0.32596268E-09
  0.48896790E-10  0.20183520E-11 -0.39035049E-11 -0.63639759E-11 -0.55379222E-11
 -0.72710292E-11 -0.64146263E-11 -0.84732404E-11  0.00000000E+00  0.00000000E+00
  0.00000000E+00  0.00000000E+00  0.00000000E+00  0.00000000E+00  0.00000000E+00
  0.00000000E+00  0.00000000E+00  0.00000000E+00  0.00000000E+00  0.00000000E+00
  0.00000000E+00  0.00000000E+00  0.00000000E+00  0.00000000E+00  0.00000000E+00
  0.00000000E+00  0.00000000E+00  0.00000000E+00  0.00000000E+00  0.00000000E+00
  0.00000000E+00  0.00000000E+00  0.00000000E+00  0.00000000E+00  0.00000000E+00
  0.00000000E+00  0.00000000E+00  0.00000000E+00  0.00000000E+00  0.00000000E+00
  0.00000000E+00  0.00000000E+00
  0.10000000E+01  0.24679153E+01  0.30461398E+01  0.28312896E+01  0.22129674E+01
  0.15136123E+01  0.93144328E+00  0.52305361E+00  0.27216914E+00  0.13231148E+00
  0.60719917E-01  0.26448600E-01  0.11015486E-01  0.44026394E-02  0.16971686E-02
  0.63217458E-03  0.22802344E-03  0.79484335E-04  0.26670239E-04  0.85376241E-05
  0.25816974E-05  0.72952050E-06  0.19109639E-06  0.46169021E-07  0.10263757E-07
  0.20982879E-08  0.39072403E-09  0.63912296E-10  0.39443562E-11 -0.45914388E-11
 -0.82876323E-11 -0.78315757E-11 -0.10688839E-10  0.00000000E+00  0.00000000E+00
  0.00000000E+00  0.00000000E+00  0.00000000E+00  0.00000000E+00  0.00000000E+00
  0.00000000E+00  0.00000000E+00  0.00000000E+00  0.00000000E+00  0.00000000E+00
  0.00000000E+00  0.00000000E+00  0.00000000E+00  0.00000000E+00  0.00000000E+00
  0.00000000E+00  0.00000000E+00  0.00000000E+00  0.00000000E+00  0.00000000E+00
  0.00000000E+00  0.00000000E+00  0.00000000E+00  0.00000000E+00  0.00000000E+00
  0.00000000E+00  0.00000000E+00  0.00000000E+00  0.00000000E+00  0.00000000E+00
  0.00000000E+00  0.00000000E+00
  0.10000000E+01  0.25330471E+01  0.32500158E+01  0.31898960E+01  0.26622976E+01
  0.19650038E+01  0.13150746E+01  0.80882094E+00  0.46333973E+00  0.24909850E+00
  0.12684803E+00  0.61487812E-01  0.28564389E-01  0.12760009E-01  0.55085226E-02
  0.23030488E-02  0.93563988E-03  0.36953554E-03  0.14195954E-03  0.52846611E-04
  0.18954114E-04  0.64816367E-05  0.20909253E-05  0.62941870E-06  0.17549749E-06
  0.45128203E-07  0.10684169E-07  0.23292415E-08  0.46336537E-09  0.81252050E-10
  0.54178983E-11 -0.71487592E-11 -0.12946758E-10  0.00000000E+00  0.00000000E+00
  0.00000000E+00  0.00000000E+00  0.00000000E+00  0.00000000E+00  0.00000000E+00
  0.00000000E+00  0.00000000E+00  0.00000000E+00  0.00000000E+00  0.00000000E+00
  0.00000000E+00  0.00000000E+00  0.00000000E+00  0.00000000E+00  0.00000000E+00
  0.00000000E+00  0.00000000E+00  0.00000000E+00  0.00000000E+00  0.00000000E+00
  0.00000000E+00  0.00000000E+00  0.00000000E+00  0.00000000E+00  0.00000000E+00
  0.00000000E+00  0.00000000E+00  0.00000000E+00  0.00000000E+00  0.00000000E+00
  0.00000000E+00  0.00000000E+00
  0.10000000E+01  0.25851081E+01  0.34207624E+01  0.35068721E+01  0.30863256E+01
  0.24237341E+01  0.17377705E+01  0.11522149E+01  0.71489802E+00  0.41800498E+00
  0.23222214E+00  0.12314176E+00  0.62711759E-01  0.30767672E-01  0.14610948E-01
  0.67299897E-02  0.30174029E-02  0.13183464E-02  0.56251241E-03  0.23425306E-03
  0.95129383E-04  0.37477524E-04  0.14219879E-04  0.51368195E-05  0.17475029E-05
  0.55393894E-06  0.16253156E-06  0.43982708E-07  0.10965107E-07  0.25194488E-08
  0.52714205E-09  0.95075769E-10  0.38909807E-11  0.00000000E+00  0.00000000E+00
  0.00000000E+00  0.00000000E+00  0.00000000E+00  0.00000000E+00  0.00000000E+00
  0.00000000E+00  0.00000000E+00  0.00000000E+00  0.00000000E+00  0.00000000E+00
  0.00000000E+00  0.00000000E+00  0.00000000E+00  0.00000000E+00  0.00000000E+00
  0.00000000E+00  0.00000000E+00  0.00000000E+00  0.00000000E+00  0.00000000E+00
  0.00000000E+00  0.00000000E+00  0.00000000E+00  0.00000000E+00  0.00000000E+00
  0.00000000E+00  0.00000000E+00  0.00000000E+00  0.00000000E+00  0.00000000E+00
  0.00000000E+00  0.00000000E+00
  0.10000000E+01  0.26274470E+01  0.35646297E+01  0.37853024E+01  0.34787778E+01
  0.28746715E+01  0.21820027E+01  0.15401598E+01  0.10216160E+01  0.64104598E+00
  0.38328358E+00  0.21930498E+00  0.12074446E+00  0.64159116E-01  0.33044199E-01
  0.16529494E-01  0.80579950E-02  0.38332251E-02  0.17839291E-02  0.81257799E-03
  0.36272281E-03  0.15845902E-03  0.67621511E-04  0.28016257E-04  0.11177320E-04
  0.42428074E-05  0.15156542E-05  0.50430720E-06  0.15534156E-06  0.44155563E-07
  0.11570848E-07  0.27952091E-08  0.61419428E-09  0.00000000E+00  0.00000000E+00
  0.00000000E+00  0.00000000E+00  0.00000000E+00  0.00000000E+00  0.00000000E+00
  0.00000000E+00  0.00000000E+00  0.00000000E+00  0.00000000E+00  0.00000000E+00
  0.00000000E+00  0.00000000E+00  0.00000000E+00  0.00000000E+00  0.00000000E+00
  0.00000000E+00  0.00000000E+00  0.00000000E+00  0.00000000E+00  0.00000000E+00
  0.00000000E+00  0.00000000E+00  0.00000000E+00  0.00000000E+00  0.00000000E+00
  0.00000000E+00  0.00000000E+00  0.00000000E+00  0.00000000E+00  0.00000000E+00
  0.00000000E+00  0.00000000E+00
  0.10000000E+01  0.26623758E+01  0.36866689E+01  0.40293438E+01  0.38375380E+01
  0.33077079E+01  0.26329430E+01  0.19585456E+01  0.13744112E+01  0.91556897E+00
  0.58271193E+00  0.35576361E+00  0.20939096E+00  0.11914039E+00  0.65791617E-01
  0.35329826E-01  0.18507541E-01  0.94704042E-02  0.47457369E-02  0.23306923E-02
  0.11238568E-02  0.53205212E-03  0.24742963E-03  0.11280454E-03  0.50279163E-04
  0.21757222E-04  0.90592541E-05  0.35852124E-05  0.13340752E-05  0.46216099E-06
  0.14823763E-06  0.43900216E-07  0.11997708E-07  0.00000000E+00  0.00000000E+00
  0.00000000E+00  0.00000000E+00  0.00000000E+00  0.00000000E+00  0.00000000E+00
  0.00000000E+00  0.00000000E+00  0.00000000E+00  0.00000000E+00  0.00000000E+00
  0.00000000E+00  0.00000000E+00  0.00000000E+00  0.00000000E+00  0.00000000E+00
  0.00000000E+00  0.00000000E+00  0.00000000E+00  0.00000000E+00  0.00000000E+00
  0.00000000E+00  0.00000000E+00  0.00000000E+00  0.00000000E+00  0.00000000E+00
  0.00000000E+00  0.00000000E+00  0.00000000E+00  0.00000000E+00  0.00000000E+00
  0.00000000E+00  0.00000000E+00
  0.10000000E+01  0.26915462E+01  0.37909075E+01  0.42433143E+01  0.41630221E+01
  0.37168258E+01  0.30791711E+01  0.23942123E+01  0.17624324E+01  0.12354740E+01
  0.82951464E+00  0.53547351E+00  0.33380734E+00  0.20149007E+00  0.11818358E+00
  0.67487773E-01  0.37629235E-01  0.20513015E-01  0.10959316E-01  0.57432776E-02
  0.29580061E-02  0.14978357E-02  0.74665552E-03  0.36623858E-03  0.17675826E-03
  0.83726015E-04  0.38788958E-04  0.17443184E-04  0.75425327E-05  0.30974998E-05
  0.11954211E-05  0.42947911E-06  0.14292896E-06  0.00000000E+00  0.00000000E+00
  0.00000000E+00  0.00000000E+00  0.00000000E+00  0.00000000E+00  0.00000000E+00
  0.00000000E+00  0.00000000E+00  0.00000000E+00  0.00000000E+00  0.00000000E+00
  0.00000000E+00  0.00000000E+00  0.00000000E+00  0.00000000E+00  0.00000000E+00
  0.00000000E+00  0.00000000E+00  0.00000000E+00  0.00000000E+00  0.00000000E+00
  0.00000000E+00  0.00000000E+00  0.00000000E+00  0.00000000E+00  0.00000000E+00
  0.00000000E+00  0.00000000E+00  0.00000000E+00  0.00000000E+00  0.00000000E+00
  0.00000000E+00  0.00000000E+00
  0.10000000E+01  0.27161694E+01  0.38805451E+01  0.44312647E+01  0.44570449E+01
  0.40990176E+01  0.35125486E+01  0.28359843E+01  0.21746928E+01  0.15926528E+01
  0.11197499E+01  0.75850192E+00  0.49699472E+00  0.31579493E+00  0.19521599E+00
  0.11761752E+00  0.69252487E-01  0.39899539E-01  0.22544621E-01  0.12503937E-01
  0.68201451E-02  0.36602762E-02  0.19357675E-02  0.10089000E-02  0.51865130E-03
  0.26277632E-03  0.13114353E-03  0.64276740E-04  0.30813721E-04  0.14332095E-04
  0.64047054E-05  0.27162438E-05  0.10821048E-05  0.40135265E-06  0.00000000E+00
  0.00000000E+00  0.00000000E+00  0.00000000E+00  0.00000000E+00  0.00000000E+00
  0.00000000E+00  0.00000000E+00  0.00000000E+00  0.00000000E+00  0.00000000E+00
  0.00000000E+00  0.00000000E+00  0.00000000E+00  0.00000000E+00  0.00000000E+00
  0.00000000E+00  0.00000000E+00  0.00000000E+00  0.00000000E+00  0.00000000E+00
  0.00000000E+00  0.00000000E+00  0.00000000E+00  0.00000000E+00  0.00000000E+00
  0.00000000E+00  0.00000000E+00  0.00000000E+00  0.00000000E+00  0.00000000E+00
  0.00000000E+00  0.00000000E+00
  0.10000000E+01  0.27844071E+01  0.41369749E+01  0.49882627E+01  0.53703590E+01
  0.53565894E+01  0.50396303E+01  0.45188679E+01  0.38873356E+01  0.32232831E+01
  0.25857310E+01  0.20125763E+01  0.15239681E+01  0.11249733E+01  0.81133753E+00
  0.57256155E+00  0.39610500E+00  0.26895118E+00  0.17951849E+00  0.11789602E+00
  0.76287583E-01  0.48669181E-01  0.30650520E-01  0.19063513E-01  0.11722592E-01
  0.71289340E-02  0.42915643E-02  0.25576706E-02  0.15102091E-02  0.88334558E-03
  0.51203734E-03  0.29395030E-03  0.16707177E-03  0.93849503E-04  0.51999316E-04
  0.28298169E-04  0.15039455E-04  0.77352784E-05  0.38110681E-05  0.17783919E-05
  0.77907092E-06  0.00000000E+00  0.00000000E+00  0.00000000E+00  0.00000000E+00
  0.00000000E+00  0.00000000E+00  0.00000000E+00  0.00000000E+00  0.00000000E+00
  0.00000000E+00  0.00000000E+00  0.00000000E+00  0.00000000E+00  0.00000000E+00
  0.00000000E+00  0.00000000E+00  0.00000000E+00  0.00000000E+00  0.00000000E+00
  0.00000000E+00  0.00000000E+00  0.00000000E+00  0.00000000E+00  0.00000000E+00
  0.00000000E+00  0.00000000E+00
  0.10000000E+01  0.28245519E+01  0.42936094E+01  0.53419718E+01  0.59805447E+01
  0.62504015E+01  0.62078423E+01  0.59185200E+01  0.54501093E+01  0.48680504E+01
  0.42305596E+01  0.35857187E+01  0.29700723E+01  0.24081938E+01  0.19143948E+01
  0.14939542E+01  0.11459990E+01  0.86498150E+00  0.64314365E+00  0.47144656E+00
  0.34105719E+00  0.24364830E+00  0.17204497E+00  0.12013589E+00  0.83026736E-01
  0.56811443E-01  0.38517204E-01  0.25881492E-01  0.17247937E-01  0.11401819E-01
  0.74811290E-02  0.48725262E-02  0.31518515E-02  0.20248593E-02  0.12924653E-02
  0.81952488E-03  0.51630799E-03  0.32303954E-03  0.20068016E-03  0.12364996E-03
  0.75482833E-04  0.45548226E-04  0.27091155E-04  0.15805114E-04  0.89855239E-05
  0.49326517E-05  0.25890683E-05  0.12866103E-05  0.60092340E-06  0.00000000E+00
  0.00000000E+00  0.00000000E+00  0.00000000E+00  0.00000000E+00  0.00000000E+00
  0.00000000E+00  0.00000000E+00  0.00000000E+00  0.00000000E+00  0.00000000E+00
  0.00000000E+00  0.00000000E+00  0.00000000E+00  0.00000000E+00  0.00000000E+00
  0.00000000E+00  0.00000000E+00
  0.10000000E+01  0.28502130E+01  0.43962772E+01  0.55792556E+01  0.64020611E+01
  0.68902891E+01  0.70807839E+01  0.70176099E+01  0.67482642E+01  0.63218139E+01
  0.57856989E+01  0.51839584E+01  0.45549559E+01  0.39303407E+01  0.33344604E+01
  0.27843534E+01  0.22906395E+01  0.18581724E+01  0.14875990E+01  0.11761258E+01
  0.91901732E+00  0.71013305E+00  0.54300561E+00  0.41107049E+00  0.30828450E+00
  0.22912392E+00  0.16885956E+00  0.12343657E+00  0.89548437E-01  0.64486072E-01
  0.46119263E-01  0.32762746E-01  0.23129026E-01  0.16227984E-01  0.11320936E-01
  0.78530969E-02  0.54187795E-02  0.37193916E-02  0.25403199E-02  0.17263547E-02
  0.11676048E-02  0.78581426E-03  0.52630719E-03  0.35067859E-03  0.23241061E-03
  0.15310455E-03  0.10019068E-03  0.65043393E-04  0.41825772E-04  0.26573672E-04
  0.16627043E-04  0.10193906E-04  0.60827572E-05  0.35016332E-05  0.19266643E-05
  0.10039786E-05  0.49155089E-06  0.00000000E+00  0.00000000E+00  0.00000000E+00
  0.00000000E+00  0.00000000E+00  0.00000000E+00  0.00000000E+00  0.00000000E+00
  0.00000000E+00  0.00000000E+00
  0.10000000E+01  0.28676521E+01  0.44674476E+01  0.57463882E+01  0.67046511E+01
  0.73601736E+01  0.77393082E+01  0.78731536E+01  0.77956780E+01  0.75428491E+01
  0.71509651E+01  0.66559140E+01  0.60913524E+01  0.54880340E+01  0.48725150E+01
  0.42668510E+01  0.36882378E+01  0.31491401E+01  0.26577544E+01  0.22183996E+01
  0.18324113E+01  0.14985687E+01  0.12140418E+01  0.97470358E+00  0.77590240E+00
  0.61261334E+00  0.47996307E+00  0.37324529E+00  0.28822278E+00  0.22105975E+00
  0.16846390E+00  0.12758479E+00  0.96059577E-01  0.71910444E-01  0.53541857E-01
  0.39653906E-01  0.29220925E-01  0.21425839E-01  0.15635839E-01  0.11356360E-01
  0.82104287E-02  0.59082724E-02  0.42320644E-02  0.30167847E-02  0.21398956E-02
  0.15097601E-02  0.10590667E-02  0.73805814E-03  0.51054333E-03  0.35004345E-03
  0.23746470E-03  0.15897765E-03  0.10468873E-03  0.67477177E-04  0.42289462E-04
  0.25549019E-04  0.14742534E-04  0.80525096E-05  0.41331479E-05  0.19805010E-05
  0.87920526E-06  0.00000000E+00  0.00000000E+00  0.00000000E+00  0.00000000E+00
  0.00000000E+00  0.00000000E+00
  0.10000000E+01  0.28800988E+01  0.45191587E+01  0.58693239E+01  0.69302432E+01
  0.77159743E+01  0.82470201E+01  0.85466819E+01  0.86402024E+01  0.85542611E+01
  0.83162667E+01  0.79542149E+01  0.74955095E+01  0.69667595E+01  0.63925152E+01
  0.57951062E+01  0.51937662E+01  0.46046303E+01  0.40404518E+01  0.35107675E+01
  0.30221320E+01  0.25783742E+01  0.21811345E+01  0.18301168E+01  0.15237119E+01
  0.12591795E+01  0.10332088E+01  0.84200843E+00  0.68173496E+00  0.54850201E+00
  0.43866727E+00  0.34878723E+00  0.27578598E+00  0.21688276E+00  0.16967666E+00
  0.13206804E+00  0.10229071E+00  0.78840092E-01  0.60476884E-01  0.46167948E-01
  0.35077038E-01  0.26519686E-01  0.19950071E-01  0.14928445E-01  0.11108643E-01
  0.82156233E-02  0.60353031E-02  0.43996578E-02  0.31792432E-02  0.22735339E-02
  0.16057484E-02  0.11169313E-02  0.76241409E-03  0.50803929E-03  0.32815304E-03
  0.20361746E-03  0.12023649E-03  0.66983357E-04  0.34977946E-04  0.17039363E-04
  0.77188257E-05  0.32336263E-05  0.12332573E-05  0.40244914E-06  0.00000000E+00
  0.00000000E+00  0.00000000E+00
  0.10000000E+01  0.28893632E+01  0.45583180E+01  0.59633713E+01  0.71045826E+01
  0.79940235E+01  0.86487894E+01  0.90873666E+01  0.93293310E+01  0.93949825E+01
  0.93051907E+01  0.90815423E+01  0.87456799E+01  0.83194226E+01  0.78237637E+01
  0.72789337E+01  0.67034316E+01  0.61140901E+01  0.55254228E+01  0.49497385E+01
  0.43968992E+01  0.38744833E+01  0.33878987E+01  0.29405605E+01  0.25342298E+01
  0.21691674E+01  0.18445615E+01  0.15586327E+01  0.13090491E+01  0.10929743E+01
  0.90741359E+00  0.74921162E+00  0.61530972E+00  0.50270864E+00  0.40864108E+00
  0.33051532E+00  0.26601952E+00  0.21305937E+00  0.16981352E+00  0.13467419E+00
  0.10627102E+00  0.83419617E-01  0.65127141E-01  0.50550535E-01  0.38992952E-01
  0.29871675E-01  0.22710741E-01  0.17117366E-01  0.12774270E-01  0.94224542E-02
  0.68544636E-02  0.49032089E-02  0.34359705E-02  0.23459072E-02  0.15489943E-02
  0.98000130E-03  0.58843901E-03  0.33247396E-03  0.17568892E-03  0.86475970E-04
  0.39572363E-04  0.16796589E-04  0.65740782E-05  0.23152858E-05  0.65781670E-06
  0.00000000E+00  0.00000000E+00
  0.10000000E+01  0.28965184E+01  0.45890766E+01  0.60378835E+01  0.72437853E+01
  0.82178371E+01  0.89750402E+01  0.95307866E+01  0.99008692E+01  0.10101191E+02
  0.10147921E+02  0.10057761E+02  0.98476481E+01  0.95350440E+01  0.91372187E+01
  0.86714837E+01  0.81543165E+01  0.76015426E+01  0.70275635E+01  0.64455146E+01
  0.58667546E+01  0.53010178E+01  0.47562066E+01  0.42385371E+01  0.37525902E+01
  0.33014390E+01  0.28868722E+01  0.25094898E+01  0.21690093E+01  0.18643224E+01
  0.15938116E+01  0.13553692E+01  0.11466784E+01  0.96520073E+00  0.80840084E+00
  0.67371142E+00  0.55869790E+00  0.46101094E+00  0.37849749E+00  0.30914916E+00
  0.25117078E+00  0.20293064E+00  0.16299854E+00  0.13010115E+00  0.10314001E+00
  0.81154130E-01  0.63325079E-01  0.48947228E-01  0.37427102E-01  0.28258708E-01
  0.21019929E-01  0.15356842E-01  0.10976823E-01  0.76333338E-02  0.51248924E-02
  0.32903756E-02  0.20007917E-02  0.11425426E-02  0.60912704E-03  0.30207323E-03
  0.13916621E-03  0.59498154E-04  0.23548958E-04  0.85185763E-05  0.26641540E-05
  0.51968419E-06  0.00000000E+00
  0.10000000E+01  0.29022215E+01  0.46139879E+01  0.60986676E+01  0.73580039E+01
  0.84025323E+01  0.92458803E+01  0.99013520E+01  0.10382119E+02  0.10700995E+02
  0.10870762E+02  0.10904477E+02  0.10815421E+02  0.10617446E+02  0.10324504E+02
  0.99509730E+01  0.95109326E+01  0.90184430E+01  0.84867870E+01  0.79286978E+01
  0.73557339E+01  0.67784667E+01  0.62060732E+01  0.56464911E+01  0.51062443E+01
  0.45905667E+01  0.41034232E+01  0.36476019E+01  0.32248698E+01  0.28360319E+01
  0.24811587E+01  0.21596136E+01  0.18703006E+01  0.16116635E+01  0.13819178E+01
  0.11790293E+01  0.10009093E+01  0.84537916E+00  0.71032297E+00  0.59364452E+00
  0.49337754E+00  0.40764144E+00  0.33471585E+00  0.27299741E+00  0.22104716E+00
  0.17755205E+00  0.14135053E+00  0.11140024E+00  0.86792689E-01  0.66722003E-01
  0.50491162E-01  0.37495189E-01  0.27215999E-01  0.19198342E-01  0.13057769E-01
  0.84802810E-02  0.52076891E-02  0.29985753E-02  0.16096933E-02  0.80287808E-03
  0.37174246E-03  0.15970973E-03  0.63615617E-04  0.23310735E-04  0.75858311E-05
  0.18331414E-05 -0.17190590E-06
  0.10000000E+01  0.29068814E+01  0.46346371E+01  0.61493432E+01  0.74536225E+01
  0.85577386E+01  0.94743488E+01  0.10215272E+02  0.10791788E+02  0.11214480E+02
  0.11493658E+02  0.11639670E+02  0.11663009E+02  0.11574665E+02  0.11385840E+02
  0.11108309E+02  0.10753842E+02  0.10334546E+02  0.98621787E+01  0.93484335E+01
  0.88042973E+01  0.82402842E+01  0.76659275E+01  0.70899667E+01  0.65200211E+01
  0.59627323E+01  0.54236213E+01  0.49071894E+01  0.44169284E+01  0.39553844E+01
  0.35242755E+01  0.31245239E+01  0.27564346E+01  0.24197012E+01  0.21136066E+01
  0.18370085E+01  0.15885339E+01  0.13665505E+01  0.11693374E+01  0.99504865E+00
  0.84185124E+00  0.70788606E+00  0.59137336E+00  0.49057189E+00  0.40385613E+00
  0.32967904E+00  0.26662081E+00  0.21335729E+00  0.16869584E+00  0.13153763E+00
  0.10089998E+00  0.75903614E-01  0.55771200E-01  0.39791373E-01  0.27345996E-01
  0.17923355E-01  0.11093796E-01  0.64303342E-02  0.34710189E-02  0.17392292E-02
  0.80844438E-03  0.34859243E-03  0.13944198E-03  0.51480466E-04  0.17103772E-04
  0.45276805E-05  0.16295792E-06
    56
  0.10000000E+01  0.22997037E+00  0.51441498E+00  0.54819153E-01  0.31925709E-02
  0.13140564E-03  0.42797591E-05  0.11746510E-06  0.28191191E-08  0.60947097E-10
 -0.11770148E-12  0.55053028E-12 -0.14480772E-11  0.64337875E-12 -0.15383797E-11
  0.75426794E-12 -0.17320836E-11  0.84125916E-12 -0.20595013E-11  0.91694850E-12
 -0.23744900E-11  0.10037941E-11 -0.25659954E-11  0.11103191E-11 -0.26833345E-11
  0.12161382E-11 -0.28495905E-11  0.13091746E-11 -0.31248024E-11  0.13853904E-11
 -0.34399413E-11  0.14648552E-11 -0.36701255E-11  0.00000000E+00  0.00000000E+00
  0.00000000E+00  0.00000000E+00  0.00000000E+00  0.00000000E+00  0.00000000E+00
  0.00000000E+00  0.00000000E+00  0.00000000E+00  0.00000000E+00  0.00000000E+00
  0.00000000E+00  0.00000000E+00  0.00000000E+00  0.00000000E+00  0.00000000E+00
  0.00000000E+00  0.00000000E+00  0.00000000E+00  0.00000000E+00  0.00000000E+00
  0.00000000E+00  0.00000000E+00
  0.10000000E+01  0.50638419E+00  0.57105519E+00  0.12761666E+00  0.16555040E-01
  0.15172510E-02  0.10976441E-03  0.66819584E-05  0.35553986E-06  0.16907069E-07
  0.72600373E-09  0.28421456E-10 -0.93766336E-13  0.10348973E-12 -0.11331316E-11
  0.11469598E-12 -0.12733233E-11  0.10794247E-12 -0.15465072E-11  0.76046113E-13
 -0.18098627E-11  0.70257531E-13 -0.19469556E-11  0.10740862E-12 -0.20062541E-11
  0.14978589E-12 -0.21175463E-11  0.15715595E-12 -0.23414492E-11  0.13305969E-12
 -0.26040496E-11  0.11758052E-12 -0.27830990E-11  0.00000000E+00  0.00000000E+00
  0.00000000E+00  0.00000000E+00  0.00000000E+00  0.00000000E+00  0.00000000E+00
  0.00000000E+00  0.00000000E+00  0.00000000E+00  0.00000000E+00  0.00000000E+00
  0.00000000E+00  0.00000000E+00  0.00000000E+00  0.00000000E+00  0.00000000E+00
  0.00000000E+00  0.00000000E+00  0.00000000E+00  0.00000000E+00  0.00000000E+00
  0.00000000E+00  0.00000000E+00
  0.10000000E+01  0.84979925E+00  0.70750727E+00  0.24400617E+00  0.53565062E-01
  0.84443784E-02  0.10608513E-02  0.11244128E-03  0.10430475E-04  0.86623777E-06
  0.65214096E-07  0.44727204E-08  0.27865792E-09  0.15544256E-10 -0.17155167E-12
 -0.32257669E-12 -0.11077997E-11 -0.44007005E-12 -0.13669304E-11 -0.56604644E-12
 -0.16179996E-11 -0.64611058E-12 -0.17372179E-11 -0.65482102E-12 -0.17721180E-11
 -0.65308940E-12 -0.18604268E-11 -0.70908743E-12 -0.20680234E-11 -0.81817509E-12
 -0.23191181E-11 -0.91377490E-12 -0.24815128E-11  0.00000000E+00  0.00000000E+00
  0.00000000E+00  0.00000000E+00  0.00000000E+00  0.00000000E+00  0.00000000E+00
  0.00000000E+00  0.00000000E+00  0.00000000E+00  0.00000000E+00  0.00000000E+00
  0.00000000E+00  0.00000000E+00  0.00000000E+00  0.00000000E+00  0.00000000E+00
  0.00000000E+00  0.00000000E+00  0.00000000E+00  0.00000000E+00  0.00000000E+00
  0.00000000E+00  0.00000000E+00
  0.10000000E+01  0.11998705E+01  0.93680461E+00  0.41840970E+00  0.13046731E+00
  0.30294539E-01  0.57143274E-02  0.91497969E-03  0.12881396E-03  0.16301190E-04
  0.18793267E-05  0.19846511E-06  0.19197369E-07  0.16957740E-08  0.13536413E-09
  0.93124215E-11 -0.59149283E-12 -0.75532214E-12 -0.15346415E-11 -0.99179250E-12
 -0.18145640E-11 -0.11246633E-11 -0.19515995E-11 -0.11571148E-11 -0.19965581E-11
 -0.11736787E-11 -0.20972196E-11 -0.12712489E-11 -0.23284435E-11 -0.14433895E-11
 -0.26027805E-11 -0.15978571E-11 -0.27876661E-11  0.00000000E+00  0.00000000E+00
  0.00000000E+00  0.00000000E+00  0.00000000E+00  0.00000000E+00  0.00000000E+00
  0.00000000E+00  0.00000000E+00  0.00000000E+00  0.00000000E+00  0.00000000E+00
  0.00000000E+00  0.00000000E+00  0.00000000E+00  0.00000000E+00  0.00000000E+00
  0.00000000E+00  0.00000000E+00  0.00000000E+00  0.00000000E+00  0.00000000E+00
  0.00000000E+00  0.00000000E+00
  0.10000000E+01  0.15085106E+01  0.12358105E+01  0.65775188E+00  0.26131515E+00
  0.80634459E-01  0.20658006E-01  0.45366778E-02  0.88246884E-03  0.15507814E-03
  0.24990784E-04  0.37193829E-05  0.51182735E-06  0.64888157E-07  0.75369046E-08
  0.79771993E-09  0.75383699E-10  0.56316845E-11 -0.13456411E-11 -0.13209936E-11
 -0.22051769E-11 -0.15403397E-11 -0.23803382E-11 -0.15917058E-11 -0.24503353E-11
 -0.16240527E-11 -0.25829016E-11 -0.17573511E-11 -0.28543049E-11 -0.19853392E-11
 -0.31773951E-11 -0.21936365E-11 -0.34021330E-11  0.00000000E+00  0.00000000E+00
  0.00000000E+00  0.00000000E+00  0.00000000E+00  0.00000000E+00  0.00000000E+00
  0.00000000E+00  0.00000000E+00  0.00000000E+00  0.00000000E+00  0.00000000E+00
  0.00000000E+00  0.00000000E+00  0.00000000E+00  0.00000000E+00  0.00000000E+00
  0.00000000E+00  0.00000000E+00  0.00000000E+00  0.00000000E+00  0.00000000E+00
  0.00000000E+00  0.00000000E+00
  0.10000000E+01  0.17575573E+01  0.15641899E+01  0.95470183E+00  0.45330821E+00
  0.17334261E+00  0.56148073E-01  0.15778929E-01  0.39606176E-02  0.90279561E-03
  0.18979843E-03  0.37113945E-04  0.67783909E-05  0.11537274E-05  0.18189796E-06
  0.26363045E-07  0.34887073E-08  0.41908912E-09  0.43769936E-10  0.28060643E-11
 -0.22395673E-11 -0.19754187E-11 -0.28675621E-11 -0.20897668E-11 -0.29711875E-11
 -0.21448793E-11 -0.31380355E-11 -0.23197266E-11 -0.34572394E-11 -0.26044548E-11
 -0.38330237E-11 -0.28695433E-11 -0.41039604E-11  0.00000000E+00  0.00000000E+00
  0.00000000E+00  0.00000000E+00  0.00000000E+00  0.00000000E+00  0.00000000E+00
  0.00000000E+00  0.00000000E+00  0.00000000E+00  0.00000000E+00  0.00000000E+00
  0.00000000E+00  0.00000000E+00  0.00000000E+00  0.00000000E+00  0.00000000E+00
  0.00000000E+00  0.00000000E+00  0.00000000E+00  0.00000000E+00  0.00000000E+00
  0.00000000E+00  0.00000000E+00
  0.10000000E+01  0.19503260E+01  0.18874398E+01  0.12904777E+01  0.70429849E+00
  0.31816463E+00  0.12381106E+00  0.42318414E-01  0.13025626E-01  0.36610133E-02
  0.95373469E-03  0.23229820E-03  0.53267622E-04  0.11512593E-04  0.23376071E-05
  0.44240583E-06  0.77324591E-07  0.12380909E-07  0.18047408E-08  0.23771114E-09
  0.25862521E-10  0.64916067E-12 -0.30649776E-11 -0.26349481E-11 -0.35240225E-11
 -0.27573282E-11 -0.37308533E-11 -0.29745523E-11 -0.40918100E-11 -0.33127905E-11
 -0.45203268E-11 -0.36418333E-11 -0.48565482E-11  0.00000000E+00  0.00000000E+00
  0.00000000E+00  0.00000000E+00  0.00000000E+00  0.00000000E+00  0.00000000E+00
  0.00000000E+00  0.00000000E+00  0.00000000E+00  0.00000000E+00  0.00000000E+00
  0.00000000E+00  0.00000000E+00  0.00000000E+00  0.00000000E+00  0.00000000E+00
  0.00000000E+00  0.00000000E+00  0.00000000E+00  0.00000000E+00  0.00000000E+00
  0.00000000E+00  0.00000000E+00
  0.10000000E+01  0.20980437E+01  0.21854095E+01  0.16430889E+01  0.10038657E+01
  0.51802453E+00  0.23343359E+00  0.93441054E-01  0.33937057E-01  0.11318037E-01
  0.35138484E-02  0.10239109E-02  0.28230224E-03  0.73917876E-04  0.18400316E-04
  0.43354798E-05  0.95908606E-06  0.19710597E-06  0.37273948E-07  0.64411698E-08
  0.10111934E-08  0.14241477E-09  0.15100154E-10 -0.10025860E-11 -0.38619898E-11
 -0.33875334E-11 -0.43542232E-11 -0.36763662E-11 -0.47615869E-11 -0.40698927E-11
 -0.52489038E-11 -0.44807032E-11 -0.57030513E-11  0.00000000E+00  0.00000000E+00
  0.00000000E+00  0.00000000E+00  0.00000000E+00  0.00000000E+00  0.00000000E+00
  0.00000000E+00  0.00000000E+00  0.00000000E+00  0.00000000E+00  0.00000000E+00
  0.00000000E+00  0.00000000E+00  0.00000000E+00  0.00000000E+00  0.00000000E+00
  0.00000000E+00  0.00000000E+00  0.00000000E+00  0.00000000E+00  0.00000000E+00
  0.00000000E+00  0.00000000E+00
  0.10000000E+01  0.22120928E+01  0.24500880E+01  0.19938374E+01  0.13370415E+01
  0.76896169E+00  0.39051931E+00  0.17791147E+00  0.74036561E-01  0.28443855E-01
  0.10213230E-01  0.34532222E-02  0.11083173E-02  0.33923006E-03  0.99383889E-04
  0.27859396E-04  0.74438489E-05  0.18795354E-05  0.44362916E-06  0.96820359E-07
  0.19376228E-07  0.35372126E-08  0.58515209E-09  0.85679869E-10  0.77275602E-11
 -0.24868029E-11 -0.48157620E-11 -0.43568072E-11 -0.54451240E-11 -0.48275676E-11
 -0.60169074E-11 -0.53866422E-11 -0.67234883E-11  0.00000000E+00  0.00000000E+00
  0.00000000E+00  0.00000000E+00  0.00000000E+00  0.00000000E+00  0.00000000E+00
  0.00000000E+00  0.00000000E+00  0.00000000E+00  0.00000000E+00  0.00000000E+00
  0.00000000E+00  0.00000000E+00  0.00000000E+00  0.00000000E+00  0.00000000E+00
  0.00000000E+00  0.00000000E+00  0.00000000E+00  0.00000000E+00  0.00000000E+00
  0.00000000E+00  0.00000000E+00
  0.10000000E+01  0.23015028E+01  0.26807231E+01  0.23297897E+01  0.16882697E+01
  0.10620346E+01  0.59546062E+00  0.30202522E+00  0.14077001E+00  0.60877081E-01
  0.24695280E-01  0.94618894E-02  0.34500380E-02  0.12028501E-02  0.40287091E-03
  0.12988083E-03  0.40310755E-04  0.11996217E-04  0.33967966E-05  0.90500295E-06
  0.22427477E-06  0.51193516E-07  0.10693238E-07  0.20361578E-08  0.35001294E-09
  0.51899670E-10  0.26584321E-11 -0.39017368E-11 -0.59576263E-11 -0.55357285E-11
 -0.68310817E-11 -0.64126895E-11 -0.80137779E-11  0.00000000E+00  0.00000000E+00
  0.00000000E+00  0.00000000E+00  0.00000000E+00  0.00000000E+00  0.00000000E+00
  0.00000000E+00  0.00000000E+00  0.00000000E+00  0.00000000E+00  0.00000000E+00
  0.00000000E+00  0.00000000E+00  0.00000000E+00  0.00000000E+00  0.00000000E+00
  0.00000000E+00  0.00000000E+00  0.00000000E+00  0.00000000E+00  0.00000000E+00
  0.00000000E+00  0.00000000E+00
  0.10000000E+01  0.23728278E+01  0.28799976E+01  0.26434861E+01  0.20440448E+01
  0.13858835E+01  0.84417992E+00  0.46855322E+00  0.24025654E+00  0.11483015E+00
  0.51655437E-01  0.22009863E-01  0.89448331E-02  0.34830678E-02  0.13057346E-02
  0.47258464E-03  0.16549434E-03  0.56046400E-04  0.18298238E-04  0.57170531E-05
  0.16915960E-05  0.46830472E-06  0.12000729E-06  0.28243573E-07  0.60759033E-08
  0.11911621E-08  0.20918768E-09  0.30022862E-10 -0.12454412E-11 -0.54582538E-11
 -0.76139721E-11 -0.76122735E-11 -0.96304203E-11  0.00000000E+00  0.00000000E+00
  0.00000000E+00  0.00000000E+00  0.00000000E+00  0.00000000E+00  0.00000000E+00
  0.00000000E+00  0.00000000E+00  0.00000000E+00  0.00000000E+00  0.00000000E+00
  0.00000000E+00  0.00000000E+00  0.00000000E+00  0.00000000E+00  0.00000000E+00
  0.00000000E+00  0.00000000E+00  0.00000000E+00  0.00000000E+00  0.00000000E+00
  0.00000000E+00  0.00000000E+00
  0.10000000E+01  0.24306924E+01  0.30518007E+01  0.29315900E+01  0.23940204E+01
  0.17289327E+01  0.11295710E+01  0.67669511E+00  0.37630861E+00  0.19586799E+00
  0.96253294E-01  0.44923019E-01  0.20038895E-01  0.85804265E-02  0.35428925E-02
  0.14149465E-02  0.54817639E-03  0.20628044E-03  0.75402165E-04  0.26696770E-04
  0.91008541E-05  0.29581502E-05  0.90611296E-06  0.25851820E-06  0.68067110E-07
  0.16440907E-07  0.36302902E-08  0.73032959E-09  0.12964900E-09  0.16552151E-10
 -0.49792581E-11 -0.85102114E-11 -0.11458669E-10  0.00000000E+00  0.00000000E+00
  0.00000000E+00  0.00000000E+00  0.00000000E+00  0.00000000E+00  0.00000000E+00
  0.00000000E+00  0.00000000E+00  0.00000000E+00  0.00000000E+00  0.00000000E+00
  0.00000000E+00  0.00000000E+00  0.00000000E+00  0.00000000E+00  0.00000000E+00
  0.00000000E+00  0.00000000E+00  0.00000000E+00  0.00000000E+00  0.00000000E+00
  0.00000000E+00  0.00000000E+00
  0.10000000E+01  0.24783589E+01  0.32001298E+01  0.31934707E+01  0.27310554E+01
  0.20808144E+01  0.14430654E+01  0.92274569E+00  0.55008461E+00  0.30809334E+00
  0.16338888E+00  0.82498519E-01  0.39889769E-01  0.18545664E-01  0.83262159E-02
  0.36206061E-02  0.15295387E-02  0.62894427E-03  0.25209834E-03  0.98478628E-04
  0.37415162E-04  0.13753456E-04  0.48502201E-05  0.16225270E-05  0.50880441E-06
  0.14801569E-06  0.39651433E-07  0.97407486E-08  0.21879048E-08  0.44628559E-09
  0.76525647E-10  0.44906702E-11 -0.11049363E-10  0.00000000E+00  0.00000000E+00
  0.00000000E+00  0.00000000E+00  0.00000000E+00  0.00000000E+00  0.00000000E+00
  0.00000000E+00  0.00000000E+00  0.00000000E+00  0.00000000E+00  0.00000000E+00
  0.00000000E+00  0.00000000E+00  0.00000000E+00  0.00000000E+00  0.00000000E+00
  0.00000000E+00  0.00000000E+00  0.00000000E+00  0.00000000E+00  0.00000000E+00
  0.00000000E+00  0.00000000E+00
  0.10000000E+01  0.25181577E+01  0.33286303E+01  0.34300895E+01  0.30507328E+01
  0.24330447E+01  0.17759162E+01  0.12010734E+01  0.76028745E+00  0.45371423E+00
  0.25706339E+00  0.13899222E+00  0.72098153E-01  0.36017565E-01  0.17397640E-01
  0.81491152E-02  0.37124301E-02  0.16482935E-02  0.71462333E-03  0.30282601E-03
  0.12544200E-03  0.50706168E-04  0.19919049E-04  0.75484293E-05  0.27314426E-05
  0.93269470E-06  0.29721943E-06  0.87619692E-07  0.23761747E-07  0.59107023E-08
  0.13422316E-08  0.27233979E-09  0.40118633E-10  0.00000000E+00  0.00000000E+00
  0.00000000E+00  0.00000000E+00  0.00000000E+00  0.00000000E+00  0.00000000E+00
  0.00000000E+00  0.00000000E+00  0.00000000E+00  0.00000000E+00  0.00000000E+00
  0.00000000E+00  0.00000000E+00  0.00000000E+00  0.00000000E+00  0.00000000E+00
  0.00000000E+00  0.00000000E+00  0.00000000E+00  0.00000000E+00  0.00000000E+00
  0.00000000E+00  0.00000000E+00
  0.10000000E+01  0.25517831E+01  0.34404503E+01  0.36432356E+01  0.33507200E+01
  0.27791647E+01  0.21200542E+01  0.15050899E+01  0.10036934E+01  0.63299367E+00
  0.37995923E+00  0.21812639E+00  0.12034022E+00  0.64035697E-01  0.32987364E-01
  0.16496449E-01  0.80310548E-02  0.38141534E-02  0.17707271E-02  0.80467177E-03
  0.35829725E-03  0.15632180E-03  0.66745832E-04  0.27795445E-04  0.11220773E-04
  0.43510333E-05  0.16026160E-05  0.55428918E-06  0.17826632E-06  0.52941979E-07
  0.14458177E-07  0.36212310E-08  0.82444599E-09  0.00000000E+00  0.00000000E+00
  0.00000000E+00  0.00000000E+00  0.00000000E+00  0.00000000E+00  0.00000000E+00
  0.00000000E+00  0.00000000E+00  0.00000000E+00  0.00000000E+00  0.00000000E+00
  0.00000000E+00  0.00000000E+00  0.00000000E+00  0.00000000E+00  0.00000000E+00
  0.00000000E+00  0.00000000E+00  0.00000000E+00  0.00000000E+00  0.00000000E+00
  0.00000000E+00  0.00000000E+00
  0.10000000E+01  0.26455156E+01  0.37675369E+01  0.43039250E+01  0.43494593E+01
  0.40319531E+01  0.34900810E+01  0.28502919E+01  0.22122371E+01  0.16405293E+01
  0.11677598E+01  0.80085656E+00  0.53101413E+00  0.34138839E+00  0.21339503E+00
  0.12998516E+00  0.77327915E-01  0.45008432E-01  0.25676277E-01  0.14377180E-01
  0.79126678E-02  0.42851181E-02  0.22858190E-02  0.12019407E-02  0.62333908E-03
  0.31886794E-03  0.16082755E-03  0.79870208E-04  0.38951420E-04  0.18568194E-04
  0.85924559E-05  0.38246061E-05  0.16204998E-05  0.64695445E-06  0.00000000E+00
  0.00000000E+00  0.00000000E+00  0.00000000E+00  0.00000000E+00  0.00000000E+00
  0.00000000E+00  0.00000000E+00  0.00000000E+00  0.00000000E+00  0.00000000E+00
  0.00000000E+00  0.00000000E+00  0.00000000E+00  0.00000000E+00  0.00000000E+00
  0.00000000E+00  0.00000000E+00  0.00000000E+00  0.00000000E+00  0.00000000E+00
  0.00000000E+00  0.00000000E+00
  0.10000000E+01  0.27015699E+01  0.39738464E+01  0.47474725E+01  0.50738046E+01
  0.50273598E+01  0.46981419E+01  0.41810761E+01  0.35658659E+01  0.29275851E+01
  0.23221797E+01  0.17848559E+01  0.13328563E+01  0.96920556E+00  0.68773579E+00
  0.47707943E+00  0.32409870E+00  0.21593783E+00  0.14130776E+00  0.90933122E-01
  0.57611422E-01  0.35972026E-01  0.22157004E-01  0.13474318E-01  0.80963866E-02
  0.48100417E-02  0.28270618E-02  0.16445423E-02  0.94715204E-03  0.54014032E-03
  0.30495697E-03  0.17035845E-03  0.94053403E-04  0.51212561E-04  0.27411543E-04
  0.14351058E-04  0.72986829E-05  0.35752114E-05  0.16710012E-05  0.73848932E-06
  0.00000000E+00  0.00000000E+00  0.00000000E+00  0.00000000E+00  0.00000000E+00
  0.00000000E+00  0.00000000E+00  0.00000000E+00  0.00000000E+00  0.00000000E+00
  0.00000000E+00  0.00000000E+00  0.00000000E+00  0.00000000E+00  0.00000000E+00
  0.00000000E+00  0.00000000E+00
  0.10000000E+01  0.27381738E+01  0.41130166E+01  0.50575318E+01  0.56029426E+01
  0.57944052E+01  0.56895242E+01  0.53542837E+01  0.48578427E+01  0.42663694E+01
  0.36381600E+01  0.30197910E+01  0.24449113E+01  0.19343242E+01  0.14979613E+01
  0.11371438E+01  0.84737313E+00  0.62059830E+00  0.44722723E+00  0.31745001E+00
  0.22216613E+00  0.15343117E+00  0.10465064E+00  0.70547558E-01  0.47036683E-01
  0.31036673E-01  0.20279220E-01  0.13127723E-01  0.84236054E-02  0.53599048E-02
  0.33831872E-02  0.21189999E-02  0.13172400E-02  0.81277550E-03  0.49776991E-03
  0.30250162E-03  0.18231890E-03  0.10887400E-03  0.64319106E-04  0.37502835E-04
  0.21508285E-04  0.12074353E-04  0.65926330E-05  0.34739587E-05  0.17518999E-05
  0.83871506E-06  0.00000000E+00  0.00000000E+00  0.00000000E+00  0.00000000E+00
  0.00000000E+00  0.00000000E+00  0.00000000E+00  0.00000000E+00  0.00000000E+00
  0.00000000E+00  0.00000000E+00
  0.10000000E+01  0.27636316E+01  0.42120256E+01  0.52832021E+01  0.59986565E+01
  0.63872491E+01  0.64866000E+01  0.63419016E+01  0.60036000E+01  0.55240497E+01
  0.49541289E+01  0.43398542E+01  0.37201157E+01  0.31251360E+01  0.25763390E+01
  0.20868063E+01  0.16626219E+01  0.13042944E+01  0.10084222E+01  0.76907337E+00
  0.57903679E+00  0.43070310E+00  0.31672821E+00  0.23041283E+00  0.16591916E+00
  0.11832857E+00  0.83618832E-01  0.58578027E-01  0.40696802E-01  0.28050170E-01
  0.19186477E-01  0.13027037E-01  0.87813924E-02  0.58773805E-02  0.39056467E-02
  0.25763706E-02  0.16863947E-02  0.10945955E-02  0.70378182E-03  0.44754888E-03
  0.28086611E-03  0.17340553E-03  0.10487468E-03  0.61780523E-04  0.35198825E-04
  0.19239898E-04  0.10007420E-04  0.49169514E-05  0.22689383E-05  0.97961362E-06
  0.00000000E+00  0.00000000E+00  0.00000000E+00  0.00000000E+00  0.00000000E+00
  0.00000000E+00  0.00000000E+00
  0.10000000E+01  0.27821958E+01  0.42854707E+01  0.54532923E+01  0.63023193E+01
  0.68520370E+01  0.71277959E+01  0.71608783E+01  0.69875890E+01  0.66476128E+01
  0.61820330E+01  0.56310096E+01  0.50317587E+01  0.44167583E+01  0.38127391E+01
  0.32401116E+01  0.27131611E+01  0.22405202E+01  0.18260876E+01  0.14699616E+01
  0.11694894E+01  0.92015593E+00  0.71639855E+00  0.55221274E+00  0.42163031E+00
  0.31902472E+00  0.23931024E+00  0.17803178E+00  0.13139194E+00  0.96224223E-01
  0.69940410E-01  0.50460197E-01  0.36137378E-01  0.25686776E-01  0.18117717E-01
  0.12675092E-01  0.87894314E-02  0.60353584E-02  0.40979792E-02  0.27461190E-02
  0.18113725E-02  0.11718947E-02  0.74010969E-03  0.45347897E-03  0.26756366E-03
  0.15077179E-03  0.80482775E-04  0.40411752E-04  0.18985299E-04  0.83170238E-05
  0.33923262E-05  0.12882317E-05  0.45579170E-06  0.00000000E+00  0.00000000E+00
  0.00000000E+00  0.00000000E+00
  0.10000000E+01  0.27962334E+01  0.43417673E+01  0.55852249E+01  0.65408603E+01
  0.72225322E+01  0.76478980E+01  0.78390656E+01  0.78223150E+01  0.76273529E+01
  0.72862594E+01  0.68320747E+01  0.62973469E+01  0.57126423E+01  0.51054000E+01
  0.44990015E+01  0.39123541E+01  0.33597237E+01  0.28510011E+01  0.23921034E+01
  0.19856138E+01  0.16314153E+01  0.13273851E+01  0.10699909E+01  0.85484368E+00
  0.67712584E+00  0.53194059E+00  0.41455306E+00  0.32056068E+00  0.24598849E+00
  0.18733727E+00  0.14158905E+00  0.10618832E+00  0.79004729E-01  0.58287562E-01
  0.42615953E-01  0.30850122E-01  0.22085155E-01  0.15609457E-01  0.10868409E-01
  0.74331950E-02  0.49744958E-02  0.32411005E-02  0.20427030E-02  0.12357749E-02
  0.71164278E-03  0.38696397E-03  0.19733307E-03  0.93903810E-04  0.41573803E-04
  0.17103984E-04  0.65407197E-05  0.23274021E-05  0.77085499E-06  0.00000000E+00
  0.00000000E+00  0.00000000E+00
  0.10000000E+01  0.28071428E+01  0.43860058E+01  0.56898623E+01  0.67318297E+01
  0.75222504E+01  0.80738136E+01  0.84025245E+01  0.85276917E+01  0.84716176E+01
  0.82590818E+01  0.79165435E+01  0.74712043E+01  0.69499363E+01  0.63783085E+01
  0.57796726E+01  0.51745338E+01  0.45800806E+01  0.40100415E+01  0.34746870E+01
  0.29810817E+01  0.25334071E+01  0.21334160E+01  0.17808772E+01  0.14740520E+01
  0.12101105E+01  0.98551808E+00  0.79634668E+00  0.63853376E+00  0.50807225E+00
  0.40115201E+00  0.31424936E+00  0.24418151E+00  0.18812822E+00  0.14363295E+00
  0.10858657E+00  0.81202259E-01  0.59983474E-01  0.43689816E-01  0.31303167E-01
  0.21994912E-01  0.15095091E-01  0.10065789E-01  0.64784119E-02  0.39927929E-02
  0.23367252E-02  0.12882013E-02  0.66453756E-03  0.31927303E-03  0.14247439E-03
  0.58999790E-04  0.22684030E-04  0.81084490E-05  0.26975799E-05  0.83238926E-06
  0.00000000E+00  0.00000000E+00
  0.10000000E+01  0.28157874E+01  0.44213818E+01  0.57741592E+01  0.68867827E+01
  0.77673186E+01  0.84251478E+01  0.88721457E+01  0.91227724E+01  0.91939608E+01
  0.91048870E+01  0.88765483E+01  0.85311982E+01  0.80916352E+01  0.75804744E+01
  0.70193942E+01  0.64285144E+01  0.58258477E+01  0.52269634E+01  0.46447606E+01
  0.40894483E+01  0.35686134E+01  0.30874363E+01  0.26489453E+01  0.22543473E+01
  0.19033487E+01  0.15944933E+01  0.13254617E+01  0.10933505E+01  0.89490293E+00
  0.72670463E+00  0.58533394E+00  0.46747785E+00  0.37001176E+00  0.29005340E+00
  0.22499096E+00  0.17249558E+00  0.13051818E+00  0.97276816E-01  0.71239092E-01
  0.51099217E-01  0.35751580E-01  0.24267011E-01  0.15871534E-01  0.99225648E-02
  0.58794959E-02  0.32757300E-02  0.17049141E-02  0.82519718E-03  0.37050605E-03
  0.15421096E-03  0.59541345E-04  0.21359340E-04  0.71299538E-05  0.22110804E-05
  0.62470330E-06  0.00000000E+00
  0.10000000E+01  0.28227234E+01  0.44499817E+01  0.58427204E+01  0.70135199E+01
  0.79689289E+01  0.87160627E+01  0.92639456E+01  0.96236375E+01  0.98082013E+01
  0.98326179E+01  0.97135793E+01  0.94691670E+01  0.91184047E+01  0.86807516E+01
  0.81755358E+01  0.76214286E+01  0.70359358E+01  0.64350090E+01  0.58327228E+01
  0.52411013E+01  0.46700194E+01  0.41272368E+01  0.36184857E+01  0.31476493E+01
  0.27169625E+01  0.23272572E+01  0.19782005E+01  0.16685413E+01  0.13963319E+01
  0.11591347E+01  0.95419720E+00  0.77860269E+00  0.62938957E+00  0.50364723E+00
  0.39858406E+00  0.31157870E+00  0.24020990E+00  0.18227214E+00  0.13578335E+00
  0.98980419E-01  0.70304824E-01  0.48390297E-01  0.32051920E-01  0.20264891E-01
  0.12125887E-01  0.68126229E-02  0.35708116E-02  0.17384944E-02  0.78438717E-03
  0.32780192E-03  0.12699410E-03  0.45687422E-04  0.15291071E-04  0.47582796E-05
  0.13570595E-05  0.32315587E-06
 ! ------------------------------------------------------
ICE_CLOUD_BAUM
 !
        1          ! File format version
        0          ! Contents ID
        4          ! Number of channels for which optical parameters are stored
        0          ! Number of channels for which phase functions are stored
      128          ! Maximum number of Legendre coefficients
        1          ! Number of ice cloud types
        1          ! Relative humidity values (%)
   0.00
   0.00000000E+00  ! Conversion factor to particle density [part.cm^-3]/[g.m^-3]
       23          ! Effective diameters (microns)
  0.100000E+02  0.150000E+02  0.200000E+02  0.250000E+02  0.300000E+02  0.350000E+02
  0.400000E+02  0.450000E+02  0.500000E+02  0.550000E+02  0.600000E+02  0.650000E+02
  0.700000E+02  0.750000E+02  0.800000E+02  0.850000E+02  0.900000E+02  0.950000E+02
  0.100000E+03  0.105000E+03  0.110000E+03  0.115000E+03  0.120000E+03
 ! ------------------------------------------------------
 ! OPTICAL PROPERTY DATA
  0.42068974E+02  0.37133080E+02  0.33171699E+02  0.29402377E+02  0.26693760E+02
  0.24809924E+02  0.22706677E+02  0.21161121E+02  0.19813989E+02  0.18588592E+02
  0.17532674E+02  0.16551796E+02  0.15700618E+02  0.14855976E+02  0.14145163E+02
  0.13374451E+02  0.12849445E+02  0.12261347E+02  0.11797382E+02  0.11204510E+02
  0.10856253E+02  0.10425885E+02  0.98954478E+01  0.95535997E+02  0.75994162E+02
  0.61964023E+02  0.50606006E+02  0.43177751E+02  0.38564580E+02  0.33529373E+02
  0.30108590E+02  0.27305844E+02  0.24969449E+02  0.22990734E+02  0.21333702E+02
  0.19891856E+02  0.18596396E+02  0.17485709E+02  0.16362993E+02  0.15597769E+02
  0.14786728E+02  0.14103259E+02  0.13320374E+02  0.12881994E+02  0.12273506E+02
  0.11680989E+02  0.98371917E+02  0.76996194E+02  0.62647070E+02  0.51152330E+02
  0.43622559E+02  0.38964598E+02  0.33850493E+02  0.30368006E+02  0.27516851E+02
  0.25131547E+02  0.23116047E+02  0.21428049E+02  0.19960941E+02  0.18658783E+02
  0.17530298E+02  0.16403766E+02  0.15633952E+02  0.14823777E+02  0.14133803E+02
  0.13352700E+02  0.12913559E+02  0.12301524E+02  0.11731072E+02  0.15563599E+03
  0.10944940E+03  0.83147173E+02  0.64830832E+02  0.53241373E+02  0.46442181E+02
  0.39001599E+02  0.34130897E+02  0.30246756E+02  0.27144546E+02  0.24573141E+02
  0.22579555E+02  0.20840378E+02  0.19388579E+02  0.18114504E+02  0.16886371E+02
  0.16042187E+02  0.15174926E+02  0.14404779E+02  0.13596681E+02  0.13162748E+02
  0.12485882E+02  0.11934842E+02
  0.31132266E+03  0.19766406E+03  0.14072610E+03  0.10599520E+03  0.84504258E+02
  0.72348489E+02  0.59162089E+02  0.50777865E+02  0.44215153E+02  0.39130663E+02
  0.34936687E+02  0.31767675E+02  0.28998942E+02  0.26763674E+02  0.24774530E+02
  0.22935284E+02  0.21660314E+02  0.20388456E+02  0.19212442E+02  0.18085336E+02
  0.17493615E+02  0.16483983E+02  0.15824486E+02  0.20565664E+03  0.14345707E+03
  0.10733844E+03  0.82096444E+02  0.65924702E+02  0.56466894E+02  0.46261363E+02
  0.39826534E+02  0.34918788E+02  0.31245184E+02  0.28243898E+02  0.25970931E+02
  0.23957897E+02  0.22298481E+02  0.20819168E+02  0.19411885E+02  0.18437109E+02
  0.17443273E+02  0.16546741E+02  0.15634504E+02  0.15138252E+02  0.14356494E+02
  0.13749010E+02  0.40792716E+02  0.42146921E+02  0.39875557E+02  0.35914111E+02
  0.32863896E+02  0.30661862E+02  0.28234087E+02  0.26427121E+02  0.24840714E+02
  0.23348721E+02  0.22022062E+02  0.20696547E+02  0.19538522E+02  0.18369057E+02
  0.17399165E+02  0.16354075E+02  0.15652267E+02  0.14880819E+02  0.14270793E+02
  0.13490275E+02  0.13036172E+02  0.12479828E+02  0.11847306E+02  0.12134594E+03
  0.93877965E+02  0.75148352E+02  0.60832851E+02  0.51545032E+02  0.45828300E+02
  0.39561603E+02  0.35315938E+02  0.31871438E+02  0.29020461E+02  0.26636410E+02
  0.24682269E+02  0.22973718E+02  0.21467790E+02  0.20171864E+02  0.18872268E+02
  0.17986453E+02  0.17048259E+02  0.16256133E+02  0.15356503E+02  0.14860437E+02
  0.14147302E+02  0.13478342E+02
  0.15124542E+00  0.13696534E+00  0.12374756E+00  0.11224697E+00  0.10202507E+00
  0.95199732E-01  0.84847641E-01  0.76871829E-01  0.69591704E-01  0.63763269E-01
  0.58309932E-01  0.55203595E-01  0.51823931E-01  0.50147296E-01  0.47864217E-01
  0.46559205E-01  0.45283959E-01  0.44561783E-01  0.42766647E-01  0.42815569E-01
  0.43314604E-01  0.41838431E-01  0.44333037E-01  0.11988298E+00  0.10317767E+00
  0.90479794E-01  0.80405754E-01  0.71769120E-01  0.65986462E-01  0.57165537E-01
  0.50334691E-01  0.44192928E-01  0.39518473E-01  0.35343620E-01  0.33250209E-01
  0.30987724E-01  0.30029373E-01  0.28599038E-01  0.27885336E-01  0.27113510E-01
  0.26739282E-01  0.25611199E-01  0.25766187E-01  0.26103610E-01  0.25231111E-01
  0.26807859E-01  0.12577978E+00  0.98128669E-01  0.84007678E-01  0.74117174E-01
  0.66642544E-01  0.61075782E-01  0.53704471E-01  0.47794881E-01  0.42449553E-01
  0.37953143E-01  0.34102701E-01  0.31653472E-01  0.29332989E-01  0.27892702E-01
  0.26332883E-01  0.25185320E-01  0.24265875E-01  0.23563671E-01  0.22481464E-01
  0.22035531E-01  0.21987723E-01  0.21094388E-01  0.21687929E-01  0.16995259E+00
  0.13776836E+00  0.12024396E+00  0.10871699E+00  0.98997656E-01  0.92479079E-01
  0.83121936E-01  0.75935974E-01  0.69416089E-01  0.64187922E-01  0.59542374E-01
  0.56916575E-01  0.54267075E-01  0.52864032E-01  0.51097921E-01  0.49964421E-01
  0.48921450E-01  0.48204533E-01  0.46854258E-01  0.46587122E-01  0.46711087E-01
  0.45551331E-01  0.46739767E-01
   128
  0.10000000E+01  0.23801148E+01  0.33590369E+01  0.39695147E+01  0.44261502E+01
  0.47481852E+01  0.49841467E+01  0.51296988E+01  0.51919177E+01  0.51839266E+01
  0.51071321E+01  0.49801313E+01  0.48096145E+01  0.46069144E+01  0.43773563E+01
  0.41277069E+01  0.38699579E+01  0.36000384E+01  0.33277854E+01  0.30499799E+01
  0.27895080E+01  0.25322535E+01  0.22981146E+01  0.20792504E+01  0.18754973E+01
  0.16860224E+01  0.15110147E+01  0.13494977E+01  0.12004223E+01  0.10632309E+01
  0.93918251E+00  0.82770363E+00  0.72813966E+00  0.63992132E+00  0.56248575E+00
  0.49435394E+00  0.43413560E+00  0.38020952E+00  0.33310758E+00  0.29070169E+00
  0.25297168E+00  0.21965675E+00  0.18950193E+00  0.16275943E+00  0.13952574E+00
  0.11908146E+00  0.10159870E+00  0.86413734E-01  0.73363193E-01  0.62223580E-01
  0.52599946E-01  0.44547622E-01  0.37995180E-01  0.32628717E-01  0.28289456E-01
  0.24768418E-01  0.21747669E-01  0.19303592E-01  0.17113852E-01  0.15088529E-01
  0.13370469E-01  0.11699780E-01  0.10120585E-01  0.87817730E-02  0.74359624E-02
  0.61936539E-02  0.50797828E-02  0.39363452E-02  0.29658323E-02  0.20826592E-02
  0.11787579E-02  0.50972133E-03 -0.41133553E-05  0.00000000E+00  0.00000000E+00
  0.00000000E+00  0.00000000E+00  0.00000000E+00  0.00000000E+00  0.00000000E+00
  0.00000000E+00  0.00000000E+00  0.00000000E+00  0.00000000E+00  0.00000000E+00
  0.00000000E+00  0.00000000E+00  0.00000000E+00  0.00000000E+00  0.00000000E+00
  0.00000000E+00  0.00000000E+00  0.00000000E+00  0.00000000E+00  0.00000000E+00
  0.00000000E+00  0.00000000E+00  0.00000000E+00  0.00000000E+00  0.00000000E+00
  0.00000000E+00  0.00000000E+00  0.00000000E+00  0.00000000E+00  0.00000000E+00
  0.00000000E+00  0.00000000E+00  0.00000000E+00  0.00000000E+00  0.00000000E+00
  0.00000000E+00  0.00000000E+00  0.00000000E+00  0.00000000E+00  0.00000000E+00
  0.00000000E+00  0.00000000E+00  0.00000000E+00  0.00000000E+00  0.00000000E+00
  0.00000000E+00  0.00000000E+00  0.00000000E+00  0.00000000E+00  0.00000000E+00
  0.00000000E+00  0.00000000E+00  0.00000000E+00  0.00000000E+00
  0.10000000E+01  0.24298873E+01  0.35278603E+01  0.43263777E+01  0.49858276E+01
  0.55379245E+01  0.60267023E+01  0.64493383E+01  0.68006764E+01  0.70786530E+01
  0.72836214E+01  0.74201284E+01  0.74965630E+01  0.75160731E+01  0.74861820E+01
  0.74088084E+01  0.72935138E+01  0.71390981E+01  0.69531510E+01  0.67356977E+01
  0.65010932E+01  0.62450775E+01  0.59810655E+01  0.57079432E+01  0.54296014E+01
  0.51481007E+01  0.48670595E+01  0.45882676E+01  0.43142552E+01  0.40462849E+01
  0.37872819E+01  0.35378706E+01  0.32995662E+01  0.30721375E+01  0.28566990E+01
  0.26521914E+01  0.24586182E+01  0.22750341E+01  0.21026966E+01  0.19403620E+01
  0.17884709E+01  0.16461497E+01  0.15126117E+01  0.13874348E+01  0.12711828E+01
  0.11630130E+01  0.10633038E+01  0.97108996E+00  0.88587685E+00  0.80713373E+00
  0.73444963E+00  0.66774943E+00  0.60679687E+00  0.55115335E+00  0.50029619E+00
  0.45371378E+00  0.41105247E+00  0.37201993E+00  0.33629270E+00  0.30368318E+00
  0.27390927E+00  0.24676494E+00  0.22205414E+00  0.19941522E+00  0.17870780E+00
  0.15973080E+00  0.14246313E+00  0.12664750E+00  0.11225395E+00  0.99274205E-01
  0.87674759E-01  0.77212699E-01  0.67910370E-01  0.59666556E-01  0.52339739E-01
  0.45856708E-01  0.40053072E-01  0.34905347E-01  0.30337743E-01  0.26213786E-01
  0.22546462E-01  0.19428670E-01  0.16713273E-01  0.14443332E-01  0.12376815E-01
  0.10599145E-01  0.90207199E-02  0.75683056E-02  0.63573241E-02  0.52082080E-02
  0.42488841E-02  0.34486300E-02  0.27985454E-02  0.23713455E-02  0.20871064E-02
  0.18833133E-02  0.17201433E-02  0.15409674E-02  0.14404369E-02  0.13122060E-02
  0.10778269E-02  0.99709079E-03  0.96689634E-03  0.88985259E-03  0.87694960E-03
  0.10235719E-02  0.11372316E-02  0.11597527E-02  0.11665356E-02  0.10941821E-02
  0.10019830E-02  0.89320418E-03  0.67604415E-03  0.50003173E-03  0.44229367E-03
  0.42771739E-03  0.38897797E-03  0.43323038E-03  0.49220162E-03  0.47843762E-03
  0.44700759E-03  0.42757794E-03  0.44790964E-03  0.34066719E-03  0.32368029E-03
  0.31065027E-03  0.28039322E-03  0.32204622E-03  0.27151107E-03
  0.10000000E+01  0.24845746E+01  0.36788900E+01  0.46148428E+01  0.54160672E+01
  0.61182545E+01  0.67682110E+01  0.73704771E+01  0.79163162E+01  0.83986868E+01
  0.88152264E+01  0.91649821E+01  0.94543616E+01  0.96834721E+01  0.98592478E+01
  0.99813737E+01  0.10056929E+02  0.10084507E+02  0.10069230E+02  0.10011239E+02
  0.99189868E+01  0.97914378E+01  0.96369681E+01  0.94565095E+01  0.92540938E+01
  0.90322948E+01  0.87953060E+01  0.85457519E+01  0.82870407E+01  0.80212979E+01
  0.77518809E+01  0.74803470E+01  0.72089794E+01  0.69385145E+01  0.66708597E+01
  0.64060358E+01  0.61451748E+01  0.58883841E+01  0.56373514E+01  0.53919000E+01
  0.51534108E+01  0.49211068E+01  0.46952707E+01  0.44756692E+01  0.42633821E+01
  0.40582225E+01  0.38608526E+01  0.36708086E+01  0.34879663E+01  0.33120658E+01
  0.31430996E+01  0.29813575E+01  0.28269090E+01  0.26793879E+01  0.25386182E+01
  0.24041124E+01  0.22757301E+01  0.21533407E+01  0.20366877E+01  0.19255353E+01
  0.18197850E+01  0.17192813E+01  0.16236358E+01  0.15326709E+01  0.14461612E+01
  0.13639751E+01  0.12859956E+01  0.12118673E+01  0.11416339E+01  0.10750767E+01
  0.10121935E+01  0.95268979E+00  0.89634233E+00  0.84322996E+00  0.79300029E+00
  0.74555438E+00  0.70072035E+00  0.65836343E+00  0.61839811E+00  0.58071638E+00
  0.54510548E+00  0.51149380E+00  0.47988829E+00  0.45010509E+00  0.42207868E+00
  0.39567616E+00  0.37081735E+00  0.34740450E+00  0.32538410E+00  0.30464893E+00
  0.28516385E+00  0.26686231E+00  0.24968577E+00  0.23355860E+00  0.21840692E+00
  0.20434288E+00  0.19105389E+00  0.17851867E+00  0.16669553E+00  0.15564016E+00
  0.14515546E+00  0.13533194E+00  0.12616031E+00  0.11758790E+00  0.10962753E+00
  0.10215271E+00  0.95222588E-01  0.88756699E-01  0.82548527E-01  0.76680914E-01
  0.71252651E-01  0.66138212E-01  0.61211671E-01  0.56646271E-01  0.52624520E-01
  0.48796205E-01  0.45285826E-01  0.42116356E-01  0.39174027E-01  0.36358479E-01
  0.33667758E-01  0.31138393E-01  0.28784228E-01  0.26628346E-01  0.24651480E-01
  0.22911278E-01  0.21308829E-01  0.19838210E-01  0.18473513E-01
  0.10000000E+01  0.25346464E+01  0.38053467E+01  0.48452125E+01  0.57549708E+01
  0.65690576E+01  0.73359336E+01  0.80666947E+01  0.87532289E+01  0.93880105E+01
  0.99665475E+01  0.10486576E+02  0.10951412E+02  0.11361139E+02  0.11720570E+02
  0.12029721E+02  0.12293664E+02  0.12511319E+02  0.12686117E+02  0.12818119E+02
  0.12912985E+02  0.12969908E+02  0.12994655E+02  0.12987771E+02  0.12952154E+02
  0.12889737E+02  0.12803600E+02  0.12695766E+02  0.12568938E+02  0.12424950E+02
  0.12266478E+02  0.12094959E+02  0.11912387E+02  0.11719742E+02  0.11518832E+02
  0.11310143E+02  0.11094901E+02  0.10873612E+02  0.10648056E+02  0.10418616E+02
  0.10186589E+02  0.99520619E+01  0.97157786E+01  0.94779352E+01  0.92398454E+01
  0.90018654E+01  0.87649066E+01  0.85290697E+01  0.82947320E+01  0.80621204E+01
  0.78316485E+01  0.76038255E+01  0.73791559E+01  0.71578913E+01  0.69400913E+01
  0.67258063E+01  0.65152125E+01  0.63085531E+01  0.61059204E+01  0.59073956E+01
  0.57131531E+01  0.55231988E+01  0.53375875E+01  0.51563974E+01  0.49796253E+01
  0.48071936E+01  0.46391179E+01  0.44754615E+01  0.43161201E+01  0.41610599E+01
  0.40102972E+01  0.38637747E+01  0.37214115E+01  0.35831441E+01  0.34489146E+01
  0.33186721E+01  0.31923423E+01  0.30697694E+01  0.29508815E+01  0.28356697E+01
  0.27240226E+01  0.26158490E+01  0.25111756E+01  0.24099315E+01  0.23119447E+01
  0.22172068E+01  0.21257220E+01  0.20373505E+01  0.19519956E+01  0.18696198E+01
  0.17901163E+01  0.17133998E+01  0.16394865E+01  0.15682877E+01  0.14996917E+01
  0.14337070E+01  0.13702849E+01  0.13093404E+01  0.12507791E+01  0.11945322E+01
  0.11405200E+01  0.10886716E+01  0.10389115E+01  0.99111110E+00  0.94523479E+00
  0.90130327E+00  0.85922957E+00  0.81888370E+00  0.78022035E+00  0.74321420E+00
  0.70785326E+00  0.67404733E+00  0.64166932E+00  0.61070358E+00  0.58112874E+00
  0.55283897E+00  0.52578231E+00  0.49996561E+00  0.47527616E+00  0.45166041E+00
  0.42910650E+00  0.40756421E+00  0.38699570E+00  0.36739379E+00  0.34871574E+00
  0.33087443E+00  0.31386001E+00  0.29761854E+00  0.28205692E+00
  0.10000000E+01  0.25785275E+01  0.39168308E+01  0.50490360E+01  0.60570376E+01
  0.69743067E+01  0.78492042E+01  0.86973429E+01  0.95109738E+01  0.10282003E+02
  0.11004606E+02  0.11675156E+02  0.12294910E+02  0.12863522E+02  0.13384319E+02
  0.13857413E+02  0.14286389E+02  0.14670593E+02  0.15012320E+02  0.15311695E+02
  0.15572296E+02  0.15793850E+02  0.15980115E+02  0.16131697E+02  0.16250771E+02
  0.16338857E+02  0.16398300E+02  0.16430752E+02  0.16438368E+02  0.16422680E+02
  0.16385823E+02  0.16329085E+02  0.16254186E+02  0.16162135E+02  0.16054518E+02
  0.15932041E+02  0.15795971E+02  0.15646992E+02  0.15486655E+02  0.15315636E+02
  0.15135159E+02  0.14945492E+02  0.14747555E+02  0.14541888E+02  0.14329735E+02
  0.14111635E+02  0.13888642E+02  0.13661199E+02  0.13429837E+02  0.13195019E+02
  0.12957420E+02  0.12717725E+02  0.12476555E+02  0.12234336E+02  0.11991409E+02
  0.11748154E+02  0.11505010E+02  0.11262337E+02  0.11020455E+02  0.10779723E+02
  0.10540503E+02  0.10303018E+02  0.10067482E+02  0.98341248E+01  0.96031175E+01
  0.93745945E+01  0.91487437E+01  0.89257066E+01  0.87055921E+01  0.84885477E+01
  0.82747685E+01  0.80643216E+01  0.78571409E+01  0.76532839E+01  0.74528695E+01
  0.72558852E+01  0.70622798E+01  0.68720832E+01  0.66853500E+01  0.65020596E+01
  0.63221779E+01  0.61457673E+01  0.59728362E+01  0.58033360E+01  0.56372520E+01
  0.54746243E+01  0.53154689E+01  0.51597613E+01  0.50074343E+01  0.48584767E+01
  0.47128980E+01  0.45706662E+01  0.44316642E+01  0.42958193E+01  0.41632011E+01
  0.40338502E+01  0.39076581E+01  0.37846071E+01  0.36647351E+01  0.35480159E+01
  0.34344107E+01  0.33238030E+01  0.32161650E+01  0.31114373E+01  0.30095601E+01
  0.29104693E+01  0.28141360E+01  0.27205639E+01  0.26297333E+01  0.25416148E+01
  0.24561354E+01  0.23732789E+01  0.22930189E+01  0.22152444E+01  0.21398332E+01
  0.20667615E+01  0.19960225E+01  0.19275221E+01  0.18611413E+01  0.17968905E+01
  0.17348070E+01  0.16747852E+01  0.16166924E+01  0.15605151E+01  0.15062461E+01
  0.14537404E+01  0.14028300E+01  0.13535035E+01  0.13057880E+01
  0.10000000E+01  0.26079270E+01  0.39897326E+01  0.51799724E+01  0.62510397E+01
  0.72350132E+01  0.81791805E+01  0.91013489E+01  0.99945350E+01  0.10851055E+02
  0.11664580E+02  0.12431202E+02  0.13151139E+02  0.13823980E+02  0.14452187E+02
  0.15035985E+02  0.15578280E+02  0.16078684E+02  0.16539018E+02  0.16959365E+02
  0.17342473E+02  0.17688117E+02  0.17999202E+02  0.18276157E+02  0.18520657E+02
  0.18733934E+02  0.18917772E+02  0.19073496E+02  0.19202835E+02  0.19307093E+02
  0.19387990E+02  0.19446570E+02  0.19484210E+02  0.19501828E+02  0.19500772E+02
  0.19481671E+02  0.19445616E+02  0.19393290E+02  0.19325979E+02  0.19244278E+02
  0.19149322E+02  0.19041519E+02  0.18921679E+02  0.18790301E+02  0.18648514E+02
  0.18496924E+02  0.18336452E+02  0.18167544E+02  0.17990809E+02  0.17806811E+02
  0.17616206E+02  0.17419630E+02  0.17217745E+02  0.17011105E+02  0.16800160E+02
  0.16585287E+02  0.16366906E+02  0.16145537E+02  0.15921663E+02  0.15695637E+02
  0.15467786E+02  0.15238507E+02  0.15008188E+02  0.14777079E+02  0.14545383E+02
  0.14313363E+02  0.14081339E+02  0.13849516E+02  0.13618112E+02  0.13387395E+02
  0.13157564E+02  0.12928784E+02  0.12701174E+02  0.12474816E+02  0.12249761E+02
  0.12026153E+02  0.11804182E+02  0.11583964E+02  0.11365512E+02  0.11148958E+02
  0.10934470E+02  0.10722132E+02  0.10511967E+02  0.10304045E+02  0.10098458E+02
  0.98951908E+01  0.96942818E+01  0.94958834E+01  0.93000458E+01  0.91067234E+01
  0.89159250E+01  0.87277764E+01  0.85423414E+01  0.83595627E+01  0.81794686E+01
  0.80021364E+01  0.78275347E+01  0.76556230E+01  0.74864813E+01  0.73201719E+01
  0.71566662E+01  0.69959451E+01  0.68380609E+01  0.66830198E+01  0.65307635E+01
  0.63813006E+01  0.62346640E+01  0.60908363E+01  0.59497509E+01  0.58114211E+01
  0.56758505E+01  0.55430193E+01  0.54129111E+01  0.52855259E+01  0.51608669E+01
  0.50389032E+01  0.49196390E+01  0.48030557E+01  0.46890500E+01  0.45775585E+01
  0.44685996E+01  0.43621803E+01  0.42582190E+01  0.41565805E+01  0.40572051E+01
  0.39600862E+01  0.38651899E+01  0.37724730E+01  0.36818713E+01
  0.10000000E+01  0.26525552E+01  0.40999724E+01  0.53771669E+01  0.65425208E+01
  0.76265421E+01  0.86750147E+01  0.97090791E+01  0.10723095E+02  0.11709622E+02
  0.12661659E+02  0.13574491E+02  0.14446904E+02  0.15278152E+02  0.16069450E+02
  0.16821166E+02  0.17535248E+02  0.18211689E+02  0.18851554E+02  0.19454941E+02
  0.20023320E+02  0.20556651E+02  0.21056523E+02  0.21523270E+02  0.21957873E+02
  0.22361192E+02  0.22734369E+02  0.23078378E+02  0.23394353E+02  0.23683207E+02
  0.23946142E+02  0.24183968E+02  0.24397618E+02  0.24587813E+02  0.24755527E+02
  0.24901349E+02  0.25026105E+02  0.25130413E+02  0.25215245E+02  0.25281177E+02
  0.25329084E+02  0.25359415E+02  0.25372880E+02  0.25370023E+02  0.25351747E+02
  0.25318617E+02  0.25271407E+02  0.25210610E+02  0.25136827E+02  0.25050641E+02
  0.24952673E+02  0.24843560E+02  0.24723949E+02  0.24594410E+02  0.24455457E+02
  0.24307593E+02  0.24151326E+02  0.23987161E+02  0.23815595E+02  0.23637079E+02
  0.23452088E+02  0.23261076E+02  0.23064448E+02  0.22862599E+02  0.22655899E+02
  0.22444701E+02  0.22229329E+02  0.22010087E+02  0.21787348E+02  0.21561480E+02
  0.21332798E+02  0.21101493E+02  0.20867743E+02  0.20631809E+02  0.20393926E+02
  0.20154329E+02  0.19913206E+02  0.19670789E+02  0.19427320E+02  0.19182994E+02
  0.18937983E+02  0.18692478E+02  0.18446684E+02  0.18200777E+02  0.17954892E+02
  0.17709165E+02  0.17463758E+02  0.17218837E+02  0.16974586E+02  0.16731126E+02
  0.16488528E+02  0.16246873E+02  0.16006287E+02  0.15766955E+02  0.15529000E+02
  0.15292487E+02  0.15057508E+02  0.14824222E+02  0.14592730E+02  0.14363079E+02
  0.14135328E+02  0.13909578E+02  0.13685924E+02  0.13464334E+02  0.13244824E+02
  0.13027487E+02  0.12812483E+02  0.12599930E+02  0.12389842E+02  0.12182295E+02
  0.11977305E+02  0.11774869E+02  0.11575014E+02  0.11377746E+02  0.11183130E+02
  0.10991224E+02  0.10802046E+02  0.10615559E+02  0.10431791E+02  0.10250803E+02
  0.10072671E+02  0.98973891E+01  0.97248508E+01  0.95549720E+01  0.93876981E+01
  0.92230205E+01  0.90608964E+01  0.89012825E+01  0.87441846E+01
  0.10000000E+01  0.26871177E+01  0.41837067E+01  0.55245141E+01  0.67595657E+01
  0.79179705E+01  0.90437994E+01  0.10160112E+02  0.11262784E+02  0.12344956E+02
  0.13399488E+02  0.14421304E+02  0.15408313E+02  0.16359560E+02  0.17275528E+02
  0.18156685E+02  0.19004451E+02  0.19819006E+02  0.20601003E+02  0.21350556E+02
  0.22068458E+02  0.22754662E+02  0.23410029E+02  0.24034758E+02  0.24629409E+02
  0.25194578E+02  0.25730909E+02  0.26239092E+02  0.26719868E+02  0.27173881E+02
  0.27601891E+02  0.28004501E+02  0.28382370E+02  0.28736039E+02  0.29066155E+02
  0.29373168E+02  0.29657710E+02  0.29920321E+02  0.30161665E+02  0.30382191E+02
  0.30582489E+02  0.30762961E+02  0.30924178E+02  0.31066580E+02  0.31190848E+02
  0.31297498E+02  0.31387131E+02  0.31460161E+02  0.31517092E+02  0.31558433E+02
  0.31584768E+02  0.31596637E+02  0.31594524E+02  0.31578922E+02  0.31550348E+02
  0.31509275E+02  0.31456131E+02  0.31391355E+02  0.31315479E+02  0.31228992E+02
  0.31132337E+02  0.31025911E+02  0.30910104E+02  0.30785350E+02  0.30652033E+02
  0.30510500E+02  0.30361108E+02  0.30204200E+02  0.30040144E+02  0.29869342E+02
  0.29692133E+02  0.29508808E+02  0.29319587E+02  0.29124721E+02  0.28924512E+02
  0.28719257E+02  0.28509225E+02  0.28294652E+02  0.28075800E+02  0.27852958E+02
  0.27626374E+02  0.27396302E+02  0.27162998E+02  0.26926694E+02  0.26687571E+02
  0.26445822E+02  0.26201756E+02  0.25955639E+02  0.25707681E+02  0.25457988E+02
  0.25206732E+02  0.24954155E+02  0.24700443E+02  0.24445734E+02  0.24190164E+02
  0.23933940E+02  0.23677264E+02  0.23420292E+02  0.23163154E+02  0.22906002E+02
  0.22649044E+02  0.22392420E+02  0.22136211E+02  0.21880495E+02  0.21625387E+02
  0.21371054E+02  0.21117676E+02  0.20865398E+02  0.20614311E+02  0.20364467E+02
  0.20115934E+02  0.19868841E+02  0.19623279E+02  0.19379325E+02  0.19137047E+02
  0.18896535E+02  0.18657924E+02  0.18421284E+02  0.18186665E+02  0.17954171E+02
  0.17723857E+02  0.17495740E+02  0.17269761E+02  0.17045874E+02  0.16824109E+02
  0.16604487E+02  0.16387009E+02  0.16171698E+02  0.15958606E+02
  0.10000000E+01  0.27186365E+01  0.42596098E+01  0.56571092E+01  0.69548250E+01
  0.81805470E+01  0.93763547E+01  0.10566459E+02  0.11748261E+02  0.12915547E+02
  0.14061256E+02  0.15180069E+02  0.16269344E+02  0.17327985E+02  0.18355967E+02
  0.19353785E+02  0.20322508E+02  0.21262491E+02  0.22174162E+02  0.23057623E+02
  0.23913182E+02  0.24740729E+02  0.25540655E+02  0.26313034E+02  0.27058043E+02
  0.27776044E+02  0.28467339E+02  0.29132475E+02  0.29771898E+02  0.30386031E+02
  0.30975356E+02  0.31540335E+02  0.32081356E+02  0.32598775E+02  0.33092999E+02
  0.33564376E+02  0.34013293E+02  0.34440117E+02  0.34845241E+02  0.35229027E+02
  0.35591875E+02  0.35934101E+02  0.36256120E+02  0.36558291E+02  0.36841097E+02
  0.37104884E+02  0.37350072E+02  0.37577021E+02  0.37786100E+02  0.37977668E+02
  0.38152147E+02  0.38309967E+02  0.38451549E+02  0.38577264E+02  0.38687469E+02
  0.38782562E+02  0.38862962E+02  0.38929083E+02  0.38981305E+02  0.39019977E+02
  0.39045471E+02  0.39058165E+02  0.39058451E+02  0.39046675E+02  0.39023185E+02
  0.38988309E+02  0.38942380E+02  0.38885736E+02  0.38818698E+02  0.38741641E+02
  0.38654894E+02  0.38558734E+02  0.38453402E+02  0.38339134E+02  0.38216204E+02
  0.38084930E+02  0.37945639E+02  0.37798607E+02  0.37644096E+02  0.37482395E+02
  0.37313825E+02  0.37138671E+02  0.36957179E+02  0.36769555E+02  0.36576056E+02
  0.36376937E+02  0.36172484E+02  0.35963007E+02  0.35748769E+02  0.35530009E+02
  0.35306927E+02  0.35079727E+02  0.34848650E+02  0.34613960E+02  0.34375848E+02
  0.34134457E+02  0.33889999E+02  0.33642722E+02  0.33392879E+02  0.33140702E+02
  0.32886349E+02  0.32629983E+02  0.32371779E+02  0.32111907E+02  0.31850504E+02
  0.31587738E+02  0.31323850E+02  0.31059075E+02  0.30793578E+02  0.30527450E+02
  0.30260804E+02  0.29993792E+02  0.29726587E+02  0.29459320E+02  0.29192101E+02
  0.28925075E+02  0.28658363E+02  0.28392074E+02  0.28126341E+02  0.27861329E+02
  0.27597165E+02  0.27333860E+02  0.27071435E+02  0.26809907E+02  0.26549345E+02
  0.26289874E+02  0.26031554E+02  0.25774430E+02  0.25518560E+02
  0.10000000E+01  0.27439246E+01  0.43200099E+01  0.57615234E+01  0.71085077E+01
  0.83876672E+01  0.96389468E+01  0.10886715E+02  0.12129758E+02  0.13362518E+02
  0.14578278E+02  0.15771712E+02  0.16939920E+02  0.18081716E+02  0.19196857E+02
  0.20285840E+02  0.21349560E+02  0.22388458E+02  0.23402863E+02  0.24392863E+02
  0.25358536E+02  0.26299700E+02  0.27216530E+02  0.28109023E+02  0.28977145E+02
  0.29821110E+02  0.30641000E+02  0.31437240E+02  0.32210066E+02  0.32959793E+02
  0.33686742E+02  0.34391306E+02  0.35073728E+02  0.35734233E+02  0.36373099E+02
  0.36990583E+02  0.37586954E+02  0.38162477E+02  0.38717345E+02  0.39251802E+02
  0.39766127E+02  0.40260563E+02  0.40735407E+02  0.41190908E+02  0.41627365E+02
  0.42045044E+02  0.42444252E+02  0.42825261E+02  0.43188316E+02  0.43533679E+02
  0.43861673E+02  0.44172585E+02  0.44466711E+02  0.44744284E+02  0.45005580E+02
  0.45250920E+02  0.45480613E+02  0.45694930E+02  0.45894171E+02  0.46078632E+02
  0.46248597E+02  0.46404330E+02  0.46546070E+02  0.46674114E+02  0.46788767E+02
  0.46890307E+02  0.46979012E+02  0.47055121E+02  0.47118895E+02  0.47170653E+02
  0.47210678E+02  0.47239180E+02  0.47256333E+02  0.47262340E+02  0.47257448E+02
  0.47241929E+02  0.47216059E+02  0.47180072E+02  0.47134192E+02  0.47078679E+02
  0.47013836E+02  0.46939916E+02  0.46857154E+02  0.46765768E+02  0.46665994E+02
  0.46558062E+02  0.46442254E+02  0.46318860E+02  0.46188142E+02  0.46050343E+02
  0.45905652E+02  0.45754235E+02  0.45596320E+02  0.45432143E+02  0.45261917E+02
  0.45085885E+02  0.44904238E+02  0.44717200E+02  0.44525019E+02  0.44327926E+02
  0.44126127E+02  0.43919832E+02  0.43709220E+02  0.43494459E+02  0.43275723E+02
  0.43053189E+02  0.42827132E+02  0.42597775E+02  0.42365288E+02  0.42129824E+02
  0.41891515E+02  0.41650563E+02  0.41407130E+02  0.41161397E+02  0.40913489E+02
  0.40663570E+02  0.40411808E+02  0.40158364E+02  0.39903401E+02  0.39647046E+02
  0.39389437E+02  0.39130679E+02  0.38870869E+02  0.38610090E+02  0.38348433E+02
  0.38086004E+02  0.37822928E+02  0.37559312E+02  0.37295275E+02
  0.10000000E+01  0.27675013E+01  0.43767394E+01  0.58599646E+01  0.72538670E+01
  0.85841438E+01  0.98885158E+01  0.11191173E+02  0.12492065E+02  0.13786199E+02
  0.15067235E+02  0.16329894E+02  0.17571093E+02  0.18789562E+02  0.19984933E+02
  0.21157699E+02  0.22308603E+02  0.23438148E+02  0.24546576E+02  0.25633971E+02
  0.26700199E+02  0.27745046E+02  0.28768465E+02  0.29770376E+02  0.30750598E+02
  0.31709217E+02  0.32646175E+02  0.33561802E+02  0.34456192E+02  0.35329587E+02
  0.36182177E+02  0.37014278E+02  0.37826024E+02  0.38617587E+02  0.39389137E+02
  0.40140845E+02  0.40872846E+02  0.41585324E+02  0.42278368E+02  0.42952151E+02
  0.43606823E+02  0.44242523E+02  0.44859439E+02  0.45457804E+02  0.46037848E+02
  0.46599741E+02  0.47143665E+02  0.47669806E+02  0.48178326E+02  0.48669407E+02
  0.49143280E+02  0.49600123E+02  0.50040092E+02  0.50463357E+02  0.50870136E+02
  0.51260634E+02  0.51635083E+02  0.51993657E+02  0.52336597E+02  0.52664130E+02
  0.52976470E+02  0.53273814E+02  0.53556333E+02  0.53824224E+02  0.54077709E+02
  0.54316998E+02  0.54542299E+02  0.54753809E+02  0.54951725E+02  0.55136251E+02
  0.55307603E+02  0.55465956E+02  0.55611488E+02  0.55744407E+02  0.55864915E+02
  0.55973213E+02  0.56069499E+02  0.56153945E+02  0.56226759E+02  0.56288159E+02
  0.56338371E+02  0.56377596E+02  0.56406003E+02  0.56423797E+02  0.56431219E+02
  0.56428506E+02  0.56415919E+02  0.56393716E+02  0.56362094E+02  0.56321275E+02
  0.56271466E+02  0.56212841E+02  0.56145611E+02  0.56069957E+02  0.55986038E+02
  0.55894053E+02  0.55794186E+02  0.55686671E+02  0.55571737E+02  0.55449601E+02
  0.55320486E+02  0.55184595E+02  0.55042129E+02  0.54893281E+02  0.54738242E+02
  0.54577207E+02  0.54410411E+02  0.54238069E+02  0.54060341E+02  0.53877411E+02
  0.53689436E+02  0.53496573E+02  0.53298985E+02  0.53096841E+02  0.52890333E+02
  0.52679654E+02  0.52465010E+02  0.52246554E+02  0.52024417E+02  0.51798783E+02
  0.51569823E+02  0.51337685E+02  0.51102478E+02  0.50864255E+02  0.50623144E+02
  0.50379304E+02  0.50132916E+02  0.49884160E+02  0.49633164E+02
  0.10000000E+01  0.27808034E+01  0.44093399E+01  0.59167915E+01  0.73388319E+01
  0.87003906E+01  0.10037224E+02  0.11372536E+02  0.12706899E+02  0.14035702E+02
  0.15352982E+02  0.16653681E+02  0.17934838E+02  0.19195200E+02  0.20434429E+02
  0.21652982E+02  0.22851574E+02  0.24030701E+02  0.25190631E+02  0.26331452E+02
  0.27453026E+02  0.28555104E+02  0.29637629E+02  0.30700506E+02  0.31743545E+02
  0.32766758E+02  0.33770059E+02  0.34753714E+02  0.35717794E+02  0.36662530E+02
  0.37588134E+02  0.38494861E+02  0.39382818E+02  0.40252152E+02  0.41103037E+02
  0.41935628E+02  0.42750033E+02  0.43546379E+02  0.44324714E+02  0.45085196E+02
  0.45827946E+02  0.46553073E+02  0.47260730E+02  0.47951088E+02  0.48624354E+02
  0.49280685E+02  0.49920258E+02  0.50543205E+02  0.51149620E+02  0.51739634E+02
  0.52313465E+02  0.52871268E+02  0.53413173E+02  0.53939294E+02  0.54449769E+02
  0.54944766E+02  0.55424499E+02  0.55889135E+02  0.56338850E+02  0.56773801E+02
  0.57194167E+02  0.57600098E+02  0.57991750E+02  0.58369272E+02  0.58732813E+02
  0.59082527E+02  0.59418605E+02  0.59741211E+02  0.60050505E+02  0.60346654E+02
  0.60629839E+02  0.60900203E+02  0.61157901E+02  0.61403070E+02  0.61635845E+02
  0.61856381E+02  0.62064835E+02  0.62261352E+02  0.62446089E+02  0.62619191E+02
  0.62780845E+02  0.62931256E+02  0.63070588E+02  0.63199011E+02  0.63316688E+02
  0.63423795E+02  0.63520558E+02  0.63607215E+02  0.63683956E+02  0.63750898E+02
  0.63808155E+02  0.63855882E+02  0.63894276E+02  0.63923522E+02  0.63943766E+02
  0.63955117E+02  0.63957707E+02  0.63951765E+02  0.63937486E+02  0.63915077E+02
  0.63884732E+02  0.63846585E+02  0.63800805E+02  0.63747566E+02  0.63687043E+02
  0.63619360E+02  0.63544735E+02  0.63463332E+02  0.63375331E+02  0.63280910E+02
  0.63180198E+02  0.63073352E+02  0.62960518E+02  0.62841826E+02  0.62717411E+02
  0.62587441E+02  0.62452092E+02  0.62311507E+02  0.62165833E+02  0.62015218E+02
  0.61859824E+02  0.61699789E+02  0.61535238E+02  0.61366308E+02  0.61193103E+02
  0.61015749E+02  0.60834353E+02  0.60649069E+02  0.60460058E+02
  0.10000000E+01  0.27952500E+01  0.44449960E+01  0.59793761E+01  0.74325309E+01
  0.88285382E+01  0.10201169E+02  0.11572755E+02  0.12944466E+02  0.14312070E+02
  0.15669943E+02  0.17013226E+02  0.18339016E+02  0.19646070E+02  0.20934046E+02
  0.22203374E+02  0.23454700E+02  0.24688517E+02  0.25905084E+02  0.27104488E+02
  0.28286550E+02  0.29451004E+02  0.30597712E+02  0.31726527E+02  0.32837213E+02
  0.33929707E+02  0.35003920E+02  0.36060059E+02  0.37098143E+02  0.38118362E+02
  0.39120898E+02  0.40105972E+02  0.41073675E+02  0.42024111E+02  0.42957416E+02
  0.43873713E+02  0.44773089E+02  0.45655644E+02  0.46521373E+02  0.47370373E+02
  0.48202704E+02  0.49018459E+02  0.49817788E+02  0.50600833E+02  0.51367773E+02
  0.52118697E+02  0.52853744E+02  0.53573033E+02  0.54276637E+02  0.54964654E+02
  0.55637252E+02  0.56294509E+02  0.56936541E+02  0.57563427E+02  0.58175280E+02
  0.58772230E+02  0.59354429E+02  0.59921991E+02  0.60475087E+02  0.61013839E+02
  0.61538407E+02  0.62048893E+02  0.62545424E+02  0.63028119E+02  0.63497126E+02
  0.63952560E+02  0.64394542E+02  0.64823191E+02  0.65238614E+02  0.65640966E+02
  0.66030365E+02  0.66406916E+02  0.66770761E+02  0.67122027E+02  0.67460845E+02
  0.67787323E+02  0.68101603E+02  0.68403766E+02  0.68693952E+02  0.68972328E+02
  0.69239039E+02  0.69494238E+02  0.69738034E+02  0.69970539E+02  0.70191904E+02
  0.70402283E+02  0.70601861E+02  0.70790805E+02  0.70969275E+02  0.71137386E+02
  0.71295263E+02  0.71443047E+02  0.71580895E+02  0.71708933E+02  0.71827278E+02
  0.71936041E+02  0.72035351E+02  0.72125366E+02  0.72206256E+02  0.72278151E+02
  0.72341206E+02  0.72395584E+02  0.72441446E+02  0.72478964E+02  0.72508256E+02
  0.72529473E+02  0.72542780E+02  0.72548328E+02  0.72546271E+02  0.72536752E+02
  0.72519872E+02  0.72495751E+02  0.72464541E+02  0.72426362E+02  0.72381341E+02
  0.72329616E+02  0.72271347E+02  0.72206652E+02  0.72135673E+02  0.72058576E+02
  0.71975485E+02  0.71886560E+02  0.71791887E+02  0.71691569E+02  0.71585715E+02
  0.71474451E+02  0.71357913E+02  0.71236217E+02  0.71109535E+02
  0.10000000E+01  0.28023372E+01  0.44635057E+01  0.60126174E+01  0.74835749E+01
  0.88996724E+01  0.10293086E+02  0.11685016E+02  0.13076838E+02  0.14464599E+02
  0.15843008E+02  0.17207534E+02  0.18555499E+02  0.19885722E+02  0.21197927E+02
  0.22492497E+02  0.23770086E+02  0.25031144E+02  0.26275945E+02  0.27504537E+02
  0.28716806E+02  0.29912468E+02  0.31091450E+02  0.32253605E+02  0.33398716E+02
  0.34526706E+02  0.35637502E+02  0.36731268E+02  0.37808055E+02  0.38868052E+02
  0.39911452E+02  0.40938460E+02  0.41949184E+02  0.42943718E+02  0.43922195E+02
  0.44884738E+02  0.45831433E+02  0.46762349E+02  0.47677520E+02  0.48577006E+02
  0.49460880E+02  0.50329233E+02  0.51182195E+02  0.52019874E+02  0.52842466E+02
  0.53650048E+02  0.54442762E+02  0.55220723E+02  0.55983998E+02  0.56732661E+02
  0.57466883E+02  0.58186753E+02  0.58892374E+02  0.59583813E+02  0.60261171E+02
  0.60924543E+02  0.61574068E+02  0.62209859E+02  0.62832077E+02  0.63440835E+02
  0.64036260E+02  0.64618435E+02  0.65187469E+02  0.65743463E+02  0.66286558E+02
  0.66816846E+02  0.67334455E+02  0.67839448E+02  0.68331958E+02  0.68812110E+02
  0.69280043E+02  0.69735855E+02  0.70179662E+02  0.70611568E+02  0.71031668E+02
  0.71440036E+02  0.71836792E+02  0.72222032E+02  0.72595878E+02  0.72958438E+02
  0.73309838E+02  0.73650186E+02  0.73979588E+02  0.74298170E+02  0.74606058E+02
  0.74903381E+02  0.75190306E+02  0.75466986E+02  0.75733552E+02  0.75990114E+02
  0.76236762E+02  0.76473604E+02  0.76700766E+02  0.76918349E+02  0.77126483E+02
  0.77325231E+02  0.77514689E+02  0.77694978E+02  0.77866238E+02  0.78028612E+02
  0.78182251E+02  0.78327323E+02  0.78463922E+02  0.78592174E+02  0.78712188E+02
  0.78824078E+02  0.78927989E+02  0.79024077E+02  0.79112455E+02  0.79193219E+02
  0.79266480E+02  0.79332318E+02  0.79390876E+02  0.79442237E+02  0.79486512E+02
  0.79523836E+02  0.79554355E+02  0.79578195E+02  0.79595479E+02  0.79606305E+02
  0.79610785E+02  0.79609035E+02  0.79601155E+02  0.79587247E+02  0.79567392E+02
  0.79541658E+02  0.79510161E+02  0.79473031E+02  0.79430415E+02
  0.10000000E+01  0.28120593E+01  0.44884635E+01  0.60573089E+01  0.75514423E+01
  0.89933234E+01  0.10413458E+02  0.11832127E+02  0.13250995E+02  0.14666376E+02
  0.16073285E+02  0.17467447E+02  0.18846338E+02  0.20208832E+02  0.21554666E+02
  0.22884175E+02  0.24197963E+02  0.25496439E+02  0.26779871E+02  0.28048313E+02
  0.29301640E+02  0.30539570E+02  0.31761990E+02  0.32968723E+02  0.34159556E+02
  0.35334377E+02  0.36493122E+02  0.37635922E+02  0.38762807E+02  0.39873935E+02
  0.40969495E+02  0.42049659E+02  0.43114576E+02  0.44164319E+02  0.45199019E+02
  0.46218775E+02  0.47223637E+02  0.48213649E+02  0.49188849E+02  0.50149268E+02
  0.51094976E+02  0.52026015E+02  0.52942504E+02  0.53844558E+02  0.54732357E+02
  0.55605966E+02  0.56465513E+02  0.57311080E+02  0.58142737E+02  0.58960560E+02
  0.59764714E+02  0.60555251E+02  0.61332250E+02  0.62095768E+02  0.62845893E+02
  0.63582708E+02  0.64306326E+02  0.65016834E+02  0.65714355E+02  0.66398979E+02
  0.67070822E+02  0.67729968E+02  0.68376529E+02  0.69010594E+02  0.69632280E+02
  0.70241653E+02  0.70838816E+02  0.71423824E+02  0.71996806E+02  0.72557851E+02
  0.73107054E+02  0.73644510E+02  0.74170322E+02  0.74684563E+02  0.75187338E+02
  0.75678698E+02  0.76158752E+02  0.76627595E+02  0.77085315E+02  0.77531984E+02
  0.77967720E+02  0.78392630E+02  0.78806790E+02  0.79210318E+02  0.79603339E+02
  0.79985928E+02  0.80358210E+02  0.80720279E+02  0.81072273E+02  0.81414307E+02
  0.81746484E+02  0.82068909E+02  0.82381665E+02  0.82684827E+02  0.82978490E+02
  0.83262725E+02  0.83537644E+02  0.83803340E+02  0.84059926E+02  0.84307490E+02
  0.84546144E+02  0.84776000E+02  0.84997194E+02  0.85209839E+02  0.85414029E+02
  0.85609853E+02  0.85797456E+02  0.85976962E+02  0.86148484E+02  0.86312112E+02
  0.86467909E+02  0.86615969E+02  0.86756407E+02  0.86889315E+02  0.87014774E+02
  0.87132872E+02  0.87243727E+02  0.87347428E+02  0.87444083E+02  0.87533824E+02
  0.87616764E+02  0.87692992E+02  0.87762607E+02  0.87825684E+02  0.87882312E+02
  0.87932547E+02  0.87976508E+02  0.88014288E+02  0.88046004E+02
  0.10000000E+01  0.28177165E+01  0.45039244E+01  0.60856684E+01  0.75955504E+01
  0.90551854E+01  0.10493617E+02  0.11930038E+02  0.13366212E+02  0.14798725E+02
  0.16222930E+02  0.17634908E+02  0.19032390E+02  0.20414322E+02  0.21780505E+02
  0.23131243E+02  0.24467126E+02  0.25788509E+02  0.27095653E+02  0.28388564E+02
  0.29667173E+02  0.30931181E+02  0.32180538E+02  0.33415059E+02  0.34634563E+02
  0.35838938E+02  0.37028154E+02  0.38202311E+02  0.39361471E+02  0.40505769E+02
  0.41635400E+02  0.42750541E+02  0.43851361E+02  0.44937931E+02  0.46010358E+02
  0.47068714E+02  0.48113070E+02  0.49143451E+02  0.50159911E+02  0.51162501E+02
  0.52151263E+02  0.53126229E+02  0.54087512E+02  0.55035226E+02  0.55969572E+02
  0.56890627E+02  0.57798502E+02  0.58693272E+02  0.59574991E+02  0.60443703E+02
  0.61299599E+02  0.62142731E+02  0.62973185E+02  0.63791001E+02  0.64596256E+02
  0.65389026E+02  0.66169422E+02  0.66937516E+02  0.67693429E+02  0.68437241E+02
  0.69169074E+02  0.69888978E+02  0.70597083E+02  0.71293459E+02  0.71978202E+02
  0.72651392E+02  0.73313089E+02  0.73963366E+02  0.74602348E+02  0.75230128E+02
  0.75846807E+02  0.76452443E+02  0.77047114E+02  0.77630867E+02  0.78203814E+02
  0.78765996E+02  0.79317512E+02  0.79858422E+02  0.80388819E+02  0.80908789E+02
  0.81418418E+02  0.81917807E+02  0.82407063E+02  0.82886263E+02  0.83355514E+02
  0.83814880E+02  0.84264476E+02  0.84704404E+02  0.85134771E+02  0.85555650E+02
  0.85967106E+02  0.86369208E+02  0.86762071E+02  0.87145752E+02  0.87520357E+02
  0.87885947E+02  0.88242628E+02  0.88590456E+02  0.88929520E+02  0.89259926E+02
  0.89581783E+02  0.89895183E+02  0.90200250E+02  0.90497051E+02  0.90785645E+02
  0.91066088E+02  0.91338527E+02  0.91603071E+02  0.91859831E+02  0.92108888E+02
  0.92350297E+02  0.92584134E+02  0.92810487E+02  0.93029446E+02  0.93241113E+02
  0.93445548E+02  0.93642828E+02  0.93833031E+02  0.94016239E+02  0.94192568E+02
  0.94362118E+02  0.94524992E+02  0.94681258E+02  0.94830958E+02  0.94974164E+02
  0.95110948E+02  0.95241397E+02  0.95365596E+02  0.95483640E+02
  0.10000000E+01  0.28232946E+01  0.45188274E+01  0.61128437E+01  0.76373139E+01
  0.91131662E+01  0.10568315E+02  0.12021268E+02  0.13473915E+02  0.14923044E+02
  0.16364270E+02  0.17793904E+02  0.19209832E+02  0.20611043E+02  0.21997348E+02
  0.23369025E+02  0.24726617E+02  0.26070463E+02  0.27400799E+02  0.28717607E+02
  0.30020823E+02  0.31310151E+02  0.32585538E+02  0.33846786E+02  0.35093728E+02
  0.36326242E+02  0.37544299E+02  0.38747984E+02  0.39937358E+02  0.41112544E+02
  0.42273713E+02  0.43421027E+02  0.44554646E+02  0.45674634E+02  0.46781101E+02
  0.47874117E+02  0.48953739E+02  0.50019985E+02  0.51072925E+02  0.52112578E+02
  0.53138992E+02  0.54152196E+02  0.55152278E+02  0.56139329E+02  0.57113541E+02
  0.58074979E+02  0.59023761E+02  0.59959956E+02  0.60883621E+02  0.61794811E+02
  0.62693683E+02  0.63580287E+02  0.64454719E+02  0.65317017E+02  0.66167244E+02
  0.67005452E+02  0.67831747E+02  0.68646177E+02  0.69448884E+02  0.70239951E+02
  0.71019481E+02  0.71787529E+02  0.72544169E+02  0.73289457E+02  0.74023505E+02
  0.74746380E+02  0.75458174E+02  0.76158929E+02  0.76848757E+02  0.77527733E+02
  0.78195961E+02  0.78853483E+02  0.79500393E+02  0.80136749E+02  0.80762620E+02
  0.81378054E+02  0.81983152E+02  0.82577969E+02  0.83162611E+02  0.83737123E+02
  0.84301597E+02  0.84856107E+02  0.85400729E+02  0.85935538E+02  0.86460655E+02
  0.86976123E+02  0.87482055E+02  0.87978528E+02  0.88465659E+02  0.88943541E+02
  0.89412233E+02  0.89871810E+02  0.90322379E+02  0.90763971E+02  0.91196678E+02
  0.91620545E+02  0.92035655E+02  0.92442077E+02  0.92839896E+02  0.93229175E+02
  0.93610017E+02  0.93982519E+02  0.94346775E+02  0.94702872E+02  0.95050888E+02
  0.95390887E+02  0.95722978E+02  0.96047264E+02  0.96363862E+02  0.96672823E+02
  0.96974216E+02  0.97268096E+02  0.97554529E+02  0.97833588E+02  0.98105361E+02
  0.98369916E+02  0.98627352E+02  0.98877717E+02  0.99121102E+02  0.99357597E+02
  0.99587305E+02  0.99810302E+02  0.10002666E+03  0.10023644E+03  0.10043969E+03
  0.10063649E+03  0.10082690E+03  0.10101100E+03  0.10118885E+03
  0.10000000E+01  0.28266830E+01  0.45286138E+01  0.61312011E+01  0.76662209E+01
  0.91539540E+01  0.10621316E+02  0.12086041E+02  0.13550017E+02  0.15010228E+02
  0.16462555E+02  0.17903592E+02  0.19331415E+02  0.20745089E+02  0.22144457E+02
  0.23529761E+02  0.24901540E+02  0.26260070E+02  0.27605582E+02  0.28938030E+02
  0.30257378E+02  0.31563319E+02  0.32855858E+02  0.34134808E+02  0.35400028E+02
  0.36651417E+02  0.37888942E+02  0.39112665E+02  0.40322657E+02  0.41519030E+02
  0.42701962E+02  0.43871626E+02  0.45028195E+02  0.46171721E+02  0.47302318E+02
  0.48420028E+02  0.49524912E+02  0.50617005E+02  0.51696387E+02  0.52763063E+02
  0.53817090E+02  0.54858488E+02  0.55887352E+02  0.56903764E+02  0.57907931E+02
  0.58899901E+02  0.59879779E+02  0.60847636E+02  0.61803529E+02  0.62747516E+02
  0.63679774E+02  0.64600350E+02  0.65509320E+02  0.66406720E+02  0.67292612E+02
  0.68167061E+02  0.69030173E+02  0.69881988E+02  0.70722632E+02  0.71552177E+02
  0.72370729E+02  0.73178316E+02  0.73975041E+02  0.74760968E+02  0.75536187E+02
  0.76300752E+02  0.77054759E+02  0.77798256E+02  0.78531370E+02  0.79254166E+02
  0.79966754E+02  0.80669153E+02  0.81361421E+02  0.82043623E+02  0.82715843E+02
  0.83378140E+02  0.84030594E+02  0.84673253E+02  0.85306209E+02  0.85929488E+02
  0.86543192E+02  0.87147406E+02  0.87742224E+02  0.88327676E+02  0.88903855E+02
  0.89470847E+02  0.90028740E+02  0.90577614E+02  0.91117583E+02  0.91648697E+02
  0.92171035E+02  0.92684628E+02  0.93189584E+02  0.93685972E+02  0.94173855E+02
  0.94653295E+02  0.95124350E+02  0.95587069E+02  0.96041558E+02  0.96487893E+02
  0.96926177E+02  0.97356490E+02  0.97778890E+02  0.98193464E+02  0.98600287E+02
  0.98999381E+02  0.99390873E+02  0.99774835E+02  0.10015137E+03  0.10052053E+03
  0.10088239E+03  0.10123699E+03  0.10158443E+03  0.10192477E+03  0.10225806E+03
  0.10258438E+03  0.10290378E+03  0.10321635E+03  0.10352217E+03  0.10382133E+03
  0.10411391E+03  0.10439997E+03  0.10467959E+03  0.10495278E+03  0.10521961E+03
  0.10548010E+03  0.10573436E+03  0.10598247E+03  0.10622449E+03
  0.10000000E+01  0.28345413E+01  0.45492413E+01  0.61686118E+01  0.77232593E+01
  0.92326890E+01  0.10722491E+02  0.12209718E+02  0.13696452E+02  0.15179888E+02
  0.16656168E+02  0.18122107E+02  0.19575910E+02  0.21016684E+02  0.22444264E+02
  0.23858865E+02  0.25260954E+02  0.26650789E+02  0.28028558E+02  0.29394205E+02
  0.30747644E+02  0.32088581E+02  0.33416982E+02  0.34732642E+02  0.36035414E+02
  0.37325189E+02  0.38601925E+02  0.39865647E+02  0.41116404E+02  0.42354289E+02
  0.43579449E+02  0.44792039E+02  0.45992252E+02  0.47180117E+02  0.48355719E+02
  0.49519080E+02  0.50670243E+02  0.51809213E+02  0.52936080E+02  0.54050839E+02
  0.55153532E+02  0.56244174E+02  0.57322833E+02  0.58389570E+02  0.59444573E+02
  0.60487889E+02  0.61519618E+02  0.62539822E+02  0.63548554E+02  0.64545862E+02
  0.65531908E+02  0.66506722E+02  0.67470378E+02  0.68422901E+02  0.69364333E+02
  0.70294735E+02  0.71214184E+02  0.72122695E+02  0.73020391E+02  0.73907337E+02
  0.74783647E+02  0.75649342E+02  0.76504489E+02  0.77349144E+02  0.78183412E+02
  0.79007340E+02  0.79821017E+02  0.80624477E+02  0.81417806E+02  0.82201068E+02
  0.82974350E+02  0.83737672E+02  0.84491116E+02  0.85234724E+02  0.85968559E+02
  0.86692663E+02  0.87407111E+02  0.88111961E+02  0.88807309E+02  0.89493185E+02
  0.90169678E+02  0.90836822E+02  0.91494715E+02  0.92143386E+02  0.92782936E+02
  0.93413412E+02  0.94034907E+02  0.94647479E+02  0.95251227E+02  0.95846200E+02
  0.96432488E+02  0.97010139E+02  0.97579233E+02  0.98139801E+02  0.98691914E+02
  0.99235615E+02  0.99770979E+02  0.10029806E+03  0.10081695E+03  0.10132771E+03
  0.10183041E+03  0.10232512E+03  0.10281193E+03  0.10329089E+03  0.10376207E+03
  0.10422548E+03  0.10468125E+03  0.10512945E+03  0.10557017E+03  0.10600346E+03
  0.10642938E+03  0.10684797E+03  0.10725932E+03  0.10766347E+03  0.10806053E+03
  0.10845052E+03  0.10883351E+03  0.10920957E+03  0.10957878E+03  0.10994118E+03
  0.11029688E+03  0.11064594E+03  0.11098843E+03  0.11132434E+03  0.11165373E+03
  0.11197666E+03  0.11229323E+03  0.11260349E+03  0.11290750E+03
  0.10000000E+01  0.28351125E+01  0.45518078E+01  0.61737941E+01  0.77324566E+01
  0.92467986E+01  0.10741638E+02  0.12233165E+02  0.13723421E+02  0.15209790E+02
  0.16688676E+02  0.18157192E+02  0.19613775E+02  0.21057627E+02  0.22488677E+02
  0.23907093E+02  0.25313389E+02  0.26707734E+02  0.28090363E+02  0.29461188E+02
  0.30820244E+02  0.32167204E+02  0.33502141E+02  0.34824837E+02  0.36135185E+02
  0.37433097E+02  0.38718581E+02  0.39991654E+02  0.41252390E+02  0.42500875E+02
  0.43737259E+02  0.44961719E+02  0.46174444E+02  0.47375468E+02  0.48564895E+02
  0.49742725E+02  0.50909014E+02  0.52063788E+02  0.53207167E+02  0.54339144E+02
  0.55459763E+02  0.56569032E+02  0.57667008E+02  0.58753749E+02  0.59829466E+02
  0.60894203E+02  0.61948077E+02  0.62991135E+02  0.64023417E+02  0.65044964E+02
  0.66055919E+02  0.67056336E+02  0.68046310E+02  0.69025839E+02  0.69994996E+02
  0.70953833E+02  0.71902411E+02  0.72840728E+02  0.73768905E+02  0.74686994E+02
  0.75595124E+02  0.76493319E+02  0.77381665E+02  0.78260190E+02  0.79128981E+02
  0.79988078E+02  0.80837564E+02  0.81677495E+02  0.82507970E+02  0.83329049E+02
  0.84140804E+02  0.84943235E+02  0.85736383E+02  0.86520282E+02  0.87295021E+02
  0.88060615E+02  0.88817179E+02  0.89564732E+02  0.90303339E+02  0.91033033E+02
  0.91753889E+02  0.92465968E+02  0.93169363E+02  0.93864136E+02  0.94550348E+02
  0.95228027E+02  0.95897250E+02  0.96558063E+02  0.97210581E+02  0.97854840E+02
  0.98490905E+02  0.99118797E+02  0.99738600E+02  0.10035032E+03  0.10095403E+03
  0.10154976E+03  0.10213761E+03  0.10271761E+03  0.10328985E+03  0.10385440E+03
  0.10441133E+03  0.10496069E+03  0.10550255E+03  0.10603693E+03  0.10656390E+03
  0.10708349E+03  0.10759580E+03  0.10810087E+03  0.10859878E+03  0.10908957E+03
  0.10957329E+03  0.11005000E+03  0.11051978E+03  0.11098265E+03  0.11143870E+03
  0.11188795E+03  0.11233047E+03  0.11276634E+03  0.11319562E+03  0.11361838E+03
  0.11403467E+03  0.11444452E+03  0.11484797E+03  0.11524504E+03  0.11563581E+03
  0.11602030E+03  0.11639856E+03  0.11677065E+03  0.11713664E+03
  0.10000000E+01  0.28336013E+01  0.45488614E+01  0.61691027E+01  0.77263644E+01
  0.92394609E+01  0.10732983E+02  0.12222689E+02  0.13710516E+02  0.15193906E+02
  0.16669395E+02  0.18134243E+02  0.19587013E+02  0.21026953E+02  0.22454049E+02
  0.23868472E+02  0.25270775E+02  0.26661081E+02  0.28039646E+02  0.29406354E+02
  0.30761291E+02  0.32104103E+02  0.33434971E+02  0.34753674E+02  0.36060132E+02
  0.37354281E+02  0.38636139E+02  0.39905727E+02  0.41163156E+02  0.42408522E+02
  0.43642008E+02  0.44863782E+02  0.46074066E+02  0.47272888E+02  0.48460355E+02
  0.49636489E+02  0.50801347E+02  0.51954948E+02  0.53097413E+02  0.54228727E+02
  0.55348957E+02  0.56458131E+02  0.57556297E+02  0.58643527E+02  0.59720027E+02
  0.60785827E+02  0.61841055E+02  0.62885769E+02  0.63920040E+02  0.64943927E+02
  0.65957570E+02  0.66961017E+02  0.67954368E+02  0.68937627E+02  0.69910877E+02
  0.70874170E+02  0.71827557E+02  0.72771044E+02  0.73704742E+02  0.74628724E+02
  0.75543100E+02  0.76447905E+02  0.77343216E+02  0.78229047E+02  0.79105500E+02
  0.79972638E+02  0.80830555E+02  0.81679304E+02  0.82518979E+02  0.83349596E+02
  0.84171240E+02  0.84983941E+02  0.85787751E+02  0.86582722E+02  0.87368969E+02
  0.88146481E+02  0.88915310E+02  0.89675509E+02  0.90427138E+02  0.91170239E+02
  0.91904916E+02  0.92631204E+02  0.93349167E+02  0.94058828E+02  0.94760273E+02
  0.95453546E+02  0.96138736E+02  0.96815895E+02  0.97485113E+02  0.98146435E+02
  0.98799915E+02  0.99445585E+02  0.10008354E+03  0.10071381E+03  0.10133648E+03
  0.10195156E+03  0.10255911E+03  0.10315916E+03  0.10375181E+03  0.10433709E+03
  0.10491510E+03  0.10548587E+03  0.10604948E+03  0.10660594E+03  0.10715530E+03
  0.10769760E+03  0.10823294E+03  0.10876136E+03  0.10928297E+03  0.10979780E+03
  0.11030591E+03  0.11080734E+03  0.11130217E+03  0.11179042E+03  0.11227214E+03
  0.11274739E+03  0.11321621E+03  0.11367866E+03  0.11413480E+03  0.11458468E+03
  0.11502839E+03  0.11546593E+03  0.11589737E+03  0.11632271E+03  0.11674201E+03
  0.11715532E+03  0.11756271E+03  0.11796421E+03  0.11835989E+03
  0.10000000E+01  0.28404612E+01  0.45671810E+01  0.62025766E+01  0.77776540E+01
  0.93105154E+01  0.10824538E+02  0.12334802E+02  0.13843359E+02  0.15347828E+02
  0.16844997E+02  0.18332331E+02  0.19808523E+02  0.21272851E+02  0.22725299E+02
  0.24166006E+02  0.25595464E+02  0.27013769E+02  0.28421159E+02  0.29817510E+02
  0.31202867E+02  0.32576880E+02  0.33939703E+02  0.35291095E+02  0.36630987E+02
  0.37959322E+02  0.39276115E+02  0.40581349E+02  0.41875106E+02  0.43157451E+02
  0.44428543E+02  0.45688551E+02  0.46937689E+02  0.48175993E+02  0.49403542E+02
  0.50620328E+02  0.51826388E+02  0.53021750E+02  0.54206532E+02  0.55380730E+02
  0.56544391E+02  0.57697515E+02  0.58840154E+02  0.59972344E+02  0.61094300E+02
  0.62206059E+02  0.63307708E+02  0.64399287E+02  0.65480871E+02  0.66552493E+02
  0.67614316E+02  0.68666380E+02  0.69708771E+02  0.70741480E+02  0.71764558E+02
  0.72778034E+02  0.73781988E+02  0.74776413E+02  0.75761433E+02  0.76737106E+02
  0.77703528E+02  0.78660730E+02  0.79608773E+02  0.80547675E+02  0.81477507E+02
  0.82398315E+02  0.83310179E+02  0.84213138E+02  0.85107290E+02  0.85992674E+02
  0.86869371E+02  0.87737364E+02  0.88596706E+02  0.89447413E+02  0.90289591E+02
  0.91123271E+02  0.91948536E+02  0.92765425E+02  0.93573993E+02  0.94374243E+02
  0.95166246E+02  0.95950026E+02  0.96725659E+02  0.97493166E+02  0.98252638E+02
  0.99004101E+02  0.99747626E+02  0.10048326E+03  0.10121110E+03  0.10193117E+03
  0.10264355E+03  0.10334826E+03  0.10404537E+03  0.10473491E+03  0.10541694E+03
  0.10609148E+03  0.10675858E+03  0.10741826E+03  0.10807059E+03  0.10871560E+03
  0.10935340E+03  0.10998401E+03  0.11060750E+03  0.11122393E+03  0.11183332E+03
  0.11243572E+03  0.11303118E+03  0.11361977E+03  0.11420157E+03  0.11477658E+03
  0.11534490E+03  0.11590655E+03  0.11646157E+03  0.11701001E+03  0.11755190E+03
  0.11808728E+03  0.11861622E+03  0.11913875E+03  0.11965495E+03  0.12016486E+03
  0.12066855E+03  0.12116607E+03  0.12165744E+03  0.12214269E+03  0.12262186E+03
  0.12309495E+03  0.12356202E+03  0.12402314E+03  0.12447835E+03
  0.10000000E+01  0.28316929E+01  0.45462656E+01  0.61660527E+01  0.77240597E+01
  0.92386564E+01  0.10733884E+02  0.12224561E+02  0.13712371E+02  0.15194810E+02
  0.16668668E+02  0.18131447E+02  0.19581977E+02  0.21019574E+02  0.22444340E+02
  0.23856419E+02  0.25256431E+02  0.26644382E+02  0.28020584E+02  0.29384875E+02
  0.30737472E+02  0.32077982E+02  0.33406733E+02  0.34723490E+02  0.36028231E+02
  0.37320930E+02  0.38601669E+02  0.39870469E+02  0.41127463E+02  0.42372757E+02
  0.43606559E+02  0.44829057E+02  0.46040477E+02  0.47240895E+02  0.48430427E+02
  0.49609078E+02  0.50776926E+02  0.51934010E+02  0.53080463E+02  0.54216293E+02
  0.55341587E+02  0.56456356E+02  0.57560667E+02  0.58654575E+02  0.59738311E+02
  0.60811912E+02  0.61875528E+02  0.62929194E+02  0.63973022E+02  0.65007077E+02
  0.66031514E+02  0.67046386E+02  0.68051820E+02  0.69047807E+02  0.70034426E+02
  0.71011731E+02  0.71979787E+02  0.72938621E+02  0.73888356E+02  0.74829063E+02
  0.75760850E+02  0.76683759E+02  0.77597833E+02  0.78503111E+02  0.79399696E+02
  0.80287652E+02  0.81167106E+02  0.82038105E+02  0.82900758E+02  0.83755110E+02
  0.84601225E+02  0.85439090E+02  0.86268755E+02  0.87090274E+02  0.87903740E+02
  0.88709193E+02  0.89506738E+02  0.90296406E+02  0.91078253E+02  0.91852303E+02
  0.92618619E+02  0.93377250E+02  0.94128281E+02  0.94871741E+02  0.95607731E+02
  0.96336283E+02  0.97057491E+02  0.97771404E+02  0.98478116E+02  0.99177671E+02
  0.99870126E+02  0.10055549E+03  0.10123386E+03  0.10190524E+03  0.10256970E+03
  0.10322729E+03  0.10387806E+03  0.10452204E+03  0.10515930E+03  0.10578990E+03
  0.10641393E+03  0.10703144E+03  0.10764249E+03  0.10824714E+03  0.10884540E+03
  0.10943731E+03  0.11002294E+03  0.11060235E+03  0.11117565E+03  0.11174287E+03
  0.11230406E+03  0.11285923E+03  0.11340842E+03  0.11395168E+03  0.11448906E+03
  0.11502062E+03  0.11554644E+03  0.11606652E+03  0.11658094E+03  0.11708974E+03
  0.11759302E+03  0.11809080E+03  0.11858315E+03  0.11907005E+03  0.11955152E+03
  0.12002759E+03  0.12049834E+03  0.12096381E+03  0.12142405E+03
   128
  0.10000000E+01  0.26201331E+01  0.37443774E+01  0.44103573E+01  0.47391795E+01
  0.48158102E+01  0.47246784E+01  0.45201266E+01  0.42403266E+01  0.39011224E+01
  0.35190822E+01  0.31143466E+01  0.27037333E+01  0.23027576E+01  0.19258557E+01
  0.15816352E+01  0.12789691E+01  0.10191792E+01  0.80434266E+00  0.62956779E+00
  0.49366747E+00  0.38856436E+00  0.30936401E+00  0.24832701E+00  0.19982377E+00
  0.16008862E+00  0.12763065E+00  0.10145911E+00  0.80080131E-01  0.62133596E-01
  0.47109206E-01  0.35028874E-01  0.25862999E-01  0.19171755E-01  0.14292840E-01
  0.10755837E-01  0.82769364E-02  0.65965495E-02  0.53983649E-02  0.44219217E-02
  0.36003198E-02  0.29724421E-02  0.25377250E-02  0.21446576E-02  0.16709495E-02
  0.11318838E-02  0.60643362E-03  0.20737286E-03 -0.44870824E-04  0.00000000E+00
  0.00000000E+00  0.00000000E+00  0.00000000E+00  0.00000000E+00  0.00000000E+00
  0.00000000E+00  0.00000000E+00  0.00000000E+00  0.00000000E+00  0.00000000E+00
  0.00000000E+00  0.00000000E+00  0.00000000E+00  0.00000000E+00  0.00000000E+00
  0.00000000E+00  0.00000000E+00  0.00000000E+00  0.00000000E+00  0.00000000E+00
  0.00000000E+00  0.00000000E+00  0.00000000E+00  0.00000000E+00  0.00000000E+00
  0.00000000E+00  0.00000000E+00  0.00000000E+00  0.00000000E+00  0.00000000E+00
  0.00000000E+00  0.00000000E+00  0.00000000E+00  0.00000000E+00  0.00000000E+00
  0.00000000E+00  0.00000000E+00  0.00000000E+00  0.00000000E+00  0.00000000E+00
  0.00000000E+00  0.00000000E+00  0.00000000E+00  0.00000000E+00  0.00000000E+00
  0.00000000E+00  0.00000000E+00  0.00000000E+00  0.00000000E+00  0.00000000E+00
  0.00000000E+00  0.00000000E+00  0.00000000E+00  0.00000000E+00  0.00000000E+00
  0.00000000E+00  0.00000000E+00  0.00000000E+00  0.00000000E+00  0.00000000E+00
  0.00000000E+00  0.00000000E+00  0.00000000E+00  0.00000000E+00  0.00000000E+00
  0.00000000E+00  0.00000000E+00  0.00000000E+00  0.00000000E+00  0.00000000E+00
  0.00000000E+00  0.00000000E+00  0.00000000E+00  0.00000000E+00  0.00000000E+00
  0.00000000E+00  0.00000000E+00  0.00000000E+00  0.00000000E+00
  0.10000000E+01  0.26770146E+01  0.39467441E+01  0.48590428E+01  0.55067017E+01
  0.59436843E+01  0.62167356E+01  0.63527480E+01  0.63738005E+01  0.62894371E+01
  0.61121437E+01  0.58566990E+01  0.55378510E+01  0.51722536E+01  0.47765561E+01
  0.43656635E+01  0.39546165E+01  0.35536752E+01  0.31732449E+01  0.28178082E+01
  0.24941054E+01  0.21999929E+01  0.19351421E+01  0.16952952E+01  0.14782386E+01
  0.12823989E+01  0.11072088E+01  0.95189942E+00  0.81521415E+00  0.69539530E+00
  0.59114380E+00  0.50120102E+00  0.42430583E+00  0.35874548E+00  0.30283553E+00
  0.25524560E+00  0.21486001E+00  0.18057262E+00  0.15129996E+00  0.12612276E+00
  0.10450371E+00  0.86075857E-01  0.70500207E-01  0.57348153E-01  0.46240536E-01
  0.36920196E-01  0.29178634E-01  0.22841865E-01  0.17711590E-01  0.13576746E-01
  0.10256004E-01  0.76507847E-02  0.56949705E-02  0.43063621E-02  0.33965337E-02
  0.28198523E-02  0.24099270E-02  0.20386237E-02  0.16528745E-02  0.12688956E-02
  0.91679641E-03  0.62761713E-03  0.43126831E-03  0.32218123E-03  0.27148401E-03
  0.25252035E-03  0.23415803E-03  0.20929500E-03  0.19833539E-03  0.20137462E-03
  0.23291070E-03  0.29700827E-03  0.37657388E-03  0.47368579E-03  0.55512977E-03
  0.59040928E-03  0.56836893E-03  0.50163645E-03  0.42525466E-03  0.36931989E-03
  0.33619993E-03  0.32896556E-03  0.32994716E-03  0.34432820E-03  0.36837906E-03
  0.38278522E-03  0.38678056E-03  0.38197555E-03  0.38711354E-03  0.40805459E-03
  0.44567220E-03  0.48563467E-03  0.52723466E-03  0.56112122E-03  0.58102224E-03
  0.57140364E-03  0.52441439E-03  0.44480073E-03  0.33938186E-03  0.24348277E-03
  0.17754728E-03  0.13284218E-03  0.10033066E-03  0.57572747E-04 -0.22782241E-05
  0.00000000E+00  0.00000000E+00  0.00000000E+00  0.00000000E+00  0.00000000E+00
  0.00000000E+00  0.00000000E+00  0.00000000E+00  0.00000000E+00  0.00000000E+00
  0.00000000E+00  0.00000000E+00  0.00000000E+00  0.00000000E+00  0.00000000E+00
  0.00000000E+00  0.00000000E+00  0.00000000E+00  0.00000000E+00  0.00000000E+00
  0.00000000E+00  0.00000000E+00  0.00000000E+00  0.00000000E+00
  0.10000000E+01  0.27202489E+01  0.40947075E+01  0.51707236E+01  0.60257238E+01
  0.67026879E+01  0.72330432E+01  0.76324275E+01  0.79141231E+01  0.80841188E+01
  0.81522717E+01  0.81276426E+01  0.80206651E+01  0.78422008E+01  0.76041862E+01
  0.73179916E+01  0.69958758E+01  0.66477014E+01  0.62841839E+01  0.59127038E+01
  0.55424314E+01  0.51761733E+01  0.48179658E+01  0.44686070E+01  0.41302511E+01
  0.38049801E+01  0.34950022E+01  0.32020039E+01  0.29272223E+01  0.26708714E+01
  0.24331938E+01  0.22138655E+01  0.20124148E+01  0.18277743E+01  0.16587438E+01
  0.15042263E+01  0.13631705E+01  0.12343852E+01  0.11167115E+01  0.10091201E+01
  0.91084766E+00  0.82126263E+00  0.73977701E+00  0.66577723E+00  0.59868891E+00
  0.53797349E+00  0.48313531E+00  0.43369969E+00  0.38918572E+00  0.34911843E+00
  0.31303020E+00  0.28054673E+00  0.25131185E+00  0.22506637E+00  0.20153389E+00
  0.18041091E+00  0.16139479E+00  0.14422004E+00  0.12870676E+00  0.11473254E+00
  0.10216830E+00  0.90891511E-01  0.80782170E-01  0.71747755E-01  0.63704078E-01
  0.56542802E-01  0.50140482E-01  0.44418802E-01  0.39332298E-01  0.34852561E-01
  0.30917826E-01  0.27432372E-01  0.24328444E-01  0.21559539E-01  0.19122527E-01
  0.16966237E-01  0.15031169E-01  0.13286308E-01  0.11717304E-01  0.10359257E-01
  0.92105445E-02  0.82112676E-02  0.73355497E-02  0.65640684E-02  0.58928220E-02
  0.53014263E-02  0.47538669E-02  0.42274294E-02  0.37345800E-02  0.33115389E-02
  0.29591180E-02  0.26393691E-02  0.23390973E-02  0.20616856E-02  0.18300163E-02
  0.16394097E-02  0.14580513E-02  0.12678613E-02  0.10919887E-02  0.94816352E-03
  0.82428655E-03  0.71541333E-03  0.61050093E-03  0.51443234E-03  0.44011669E-03
  0.37603496E-03  0.33826438E-03  0.31789620E-03  0.33193619E-03  0.38870184E-03
  0.45600071E-03  0.53256822E-03  0.59830959E-03  0.63410049E-03  0.62482633E-03
  0.57475270E-03  0.48753450E-03  0.39060659E-03  0.28288711E-03  0.17961508E-03
  0.91424304E-04  0.27231654E-04 -0.11380814E-04  0.00000000E+00  0.00000000E+00
  0.00000000E+00  0.00000000E+00  0.00000000E+00  0.00000000E+00
  0.10000000E+01  0.27536286E+01  0.42084644E+01  0.54036983E+01  0.64055681E+01
  0.72522544E+01  0.79706636E+01  0.85730915E+01  0.90685303E+01  0.94607133E+01
  0.97571102E+01  0.99638946E+01  0.10088928E+02  0.10139248E+02  0.10122930E+02
  0.10046972E+02  0.99193113E+01  0.97463640E+01  0.95357093E+01  0.92930920E+01
  0.90258920E+01  0.87377418E+01  0.84334106E+01  0.81156785E+01  0.77883092E+01
  0.74549773E+01  0.71194045E+01  0.67848795E+01  0.64543591E+01  0.61298764E+01
  0.58133883E+01  0.55062344E+01  0.52095098E+01  0.49237295E+01  0.46491408E+01
  0.43859255E+01  0.41341614E+01  0.38936487E+01  0.36640883E+01  0.34451779E+01
  0.32367204E+01  0.30384921E+01  0.28502367E+01  0.26716459E+01  0.25023907E+01
  0.23421576E+01  0.21906437E+01  0.20475083E+01  0.19123488E+01  0.17848006E+01
  0.16644768E+01  0.15510802E+01  0.14442900E+01  0.13438390E+01  0.12494490E+01
  0.11608463E+01  0.10777405E+01  0.99984257E+00  0.92689197E+00  0.85866890E+00
  0.79495690E+00  0.73553701E+00  0.68017879E+00  0.62864411E+00  0.58069809E+00
  0.53612184E+00  0.49469472E+00  0.45620735E+00  0.42043700E+00  0.38718809E+00
  0.35629714E+00  0.32762850E+00  0.30105492E+00  0.27642300E+00  0.25358710E+00
  0.23240044E+00  0.21273797E+00  0.19450308E+00  0.17761487E+00  0.16198543E+00
  0.14753874E+00  0.13418623E+00  0.12185351E+00  0.11048463E+00  0.10001813E+00
  0.90404920E-01  0.81601550E-01  0.73546282E-01  0.66162097E-01  0.59410998E-01
  0.53248415E-01  0.47639853E-01  0.42565940E-01  0.37970769E-01  0.33819003E-01
  0.30063752E-01  0.26668092E-01  0.23602744E-01  0.20839669E-01  0.18343192E-01
  0.16099270E-01  0.14097379E-01  0.12306766E-01  0.10720260E-01  0.93277172E-02
  0.81224132E-02  0.70951114E-02  0.62310207E-02  0.55126120E-02  0.49277751E-02
  0.44702667E-02  0.41115799E-02  0.38169175E-02  0.35661893E-02  0.33269606E-02
  0.31119438E-02  0.29219114E-02  0.27413987E-02  0.25654535E-02  0.23878560E-02
  0.22101111E-02  0.20433016E-02  0.18912793E-02  0.17425932E-02  0.15895813E-02
  0.14461075E-02  0.13279240E-02  0.12487964E-02  0.12117248E-02
  0.10000000E+01  0.27816618E+01  0.43044358E+01  0.56013087E+01  0.67290390E+01
  0.77206569E+01  0.85990111E+01  0.93735340E+01  0.10050249E+02  0.10630919E+02
  0.11120929E+02  0.11524204E+02  0.11846619E+02  0.12092887E+02  0.12268757E+02
  0.12378827E+02  0.12428572E+02  0.12422506E+02  0.12366270E+02  0.12264542E+02
  0.12123333E+02  0.11946383E+02  0.11738372E+02  0.11502711E+02  0.11243534E+02
  0.10964915E+02  0.10670921E+02  0.10365310E+02  0.10051627E+02  0.97326371E+01
  0.94110041E+01  0.90888551E+01  0.87680789E+01  0.84500712E+01  0.81359351E+01
  0.78266144E+01  0.75229103E+01  0.72253486E+01  0.69343481E+01  0.66502285E+01
  0.63733301E+01  0.61039251E+01  0.58421924E+01  0.55882823E+01  0.53422361E+01
  0.51040213E+01  0.48736133E+01  0.46509243E+01  0.44358070E+01  0.42281722E+01
  0.40278389E+01  0.38346949E+01  0.36486071E+01  0.34694827E+01  0.32972204E+01
  0.31316946E+01  0.29727674E+01  0.28203047E+01  0.26742015E+01  0.25343454E+01
  0.24006026E+01  0.22728145E+01  0.21508542E+01  0.20346125E+01  0.19239426E+01
  0.18186829E+01  0.17186436E+01  0.16236363E+01  0.15334703E+01  0.14479614E+01
  0.13668999E+01  0.12900918E+01  0.12173185E+01  0.11483782E+01  0.10830734E+01
  0.10211795E+01  0.96249206E+00  0.90681631E+00  0.85401406E+00  0.80397451E+00
  0.75660208E+00  0.71176817E+00  0.66935180E+00  0.62924424E+00  0.59131192E+00
  0.55544201E+00  0.52151666E+00  0.48944486E+00  0.45915160E+00  0.43059426E+00
  0.40368882E+00  0.37833053E+00  0.35441775E+00  0.33185472E+00  0.31058458E+00
  0.29052913E+00  0.27160167E+00  0.25369783E+00  0.23675451E+00  0.22077507E+00
  0.20576932E+00  0.19173681E+00  0.17862493E+00  0.16635753E+00  0.15489111E+00
  0.14420338E+00  0.13427205E+00  0.12505274E+00  0.11649595E+00  0.10855328E+00
  0.10119184E+00  0.94373520E-01  0.88069350E-01  0.82202476E-01  0.76693995E-01
  0.71518724E-01  0.66647793E-01  0.62088574E-01  0.57834559E-01  0.53847041E-01
  0.50128827E-01  0.46666883E-01  0.43453225E-01  0.40472370E-01  0.37695094E-01
  0.35105698E-01  0.32674104E-01  0.30390256E-01  0.28244701E-01
  0.10000000E+01  0.27998082E+01  0.43663233E+01  0.57278848E+01  0.69353740E+01
  0.80187532E+01  0.89993280E+01  0.98858401E+01  0.10683333E+02  0.11392626E+02
  0.12017712E+02  0.12561337E+02  0.13028182E+02  0.13421859E+02  0.13746929E+02
  0.14006840E+02  0.14205806E+02  0.14347272E+02  0.14435651E+02  0.14474698E+02
  0.14469244E+02  0.14422486E+02  0.14338419E+02  0.14220138E+02  0.14071344E+02
  0.13895706E+02  0.13696918E+02  0.13478450E+02  0.13243647E+02  0.12995242E+02
  0.12735920E+02  0.12467903E+02  0.12193223E+02  0.11913531E+02  0.11630200E+02
  0.11344463E+02  0.11057421E+02  0.10769950E+02  0.10482807E+02  0.10196690E+02
  0.99122739E+01  0.96301351E+01  0.93507825E+01  0.90746420E+01  0.88020732E+01
  0.85333527E+01  0.82687452E+01  0.80084571E+01  0.77526264E+01  0.75014339E+01
  0.72549763E+01  0.70134047E+01  0.67768104E+01  0.65453201E+01  0.63190420E+01
  0.60980769E+01  0.58824690E+01  0.56722646E+01  0.54675114E+01  0.52682589E+01
  0.50745382E+01  0.48863575E+01  0.47037471E+01  0.45267103E+01  0.43552386E+01
  0.41892944E+01  0.40288384E+01  0.38738265E+01  0.37241864E+01  0.35798279E+01
  0.34406363E+01  0.33064871E+01  0.31772267E+01  0.30527078E+01  0.29327791E+01
  0.28172670E+01  0.27060194E+01  0.25988955E+01  0.24957583E+01  0.23965051E+01
  0.23010446E+01  0.22092597E+01  0.21210300E+01  0.20362038E+01  0.19546074E+01
  0.18761106E+01  0.18005919E+01  0.17279444E+01  0.16581045E+01  0.15909884E+01
  0.15265195E+01  0.14646447E+01  0.14052719E+01  0.13482821E+01  0.12935170E+01
  0.12407939E+01  0.11899630E+01  0.11409468E+01  0.10936928E+01  0.10482090E+01
  0.10045239E+01  0.96262346E+00  0.92249068E+00  0.88409954E+00  0.84735574E+00
  0.81218665E+00  0.77851272E+00  0.74624512E+00  0.71533070E+00  0.68568073E+00
  0.65724120E+00  0.62994319E+00  0.60373410E+00  0.57855160E+00  0.55434951E+00
  0.53106954E+00  0.50865743E+00  0.48707702E+00  0.46630379E+00  0.44634791E+00
  0.42720650E+00  0.40889379E+00  0.39138275E+00  0.37463654E+00  0.35860099E+00
  0.34324394E+00  0.32853865E+00  0.31445111E+00  0.30095738E+00
  0.10000000E+01  0.28271424E+01  0.44596297E+01  0.59194112E+01  0.72490215E+01
  0.84734841E+01  0.96111100E+01  0.10669080E+02  0.11650917E+02  0.12556061E+02
  0.13386615E+02  0.14143555E+02  0.14829850E+02  0.15447506E+02  0.15999452E+02
  0.16487615E+02  0.16914579E+02  0.17282462E+02  0.17594115E+02  0.17852128E+02
  0.18059795E+02  0.18219631E+02  0.18334698E+02  0.18407636E+02  0.18441491E+02
  0.18439291E+02  0.18404088E+02  0.18338838E+02  0.18246481E+02  0.18129573E+02
  0.17990627E+02  0.17831859E+02  0.17655343E+02  0.17462921E+02  0.17256246E+02
  0.17036840E+02  0.16806097E+02  0.16565228E+02  0.16315374E+02  0.16057618E+02
  0.15793007E+02  0.15522496E+02  0.15246935E+02  0.14967104E+02  0.14683722E+02
  0.14397434E+02  0.14108881E+02  0.13818641E+02  0.13527226E+02  0.13235156E+02
  0.12942898E+02  0.12650948E+02  0.12359723E+02  0.12069677E+02  0.11781217E+02
  0.11494729E+02  0.11210563E+02  0.10929058E+02  0.10650575E+02  0.10375430E+02
  0.10103899E+02  0.98362432E+01  0.95727491E+01  0.93136736E+01  0.90592263E+01
  0.88096049E+01  0.85649570E+01  0.83254393E+01  0.80911640E+01  0.78621895E+01
  0.76385619E+01  0.74202779E+01  0.72073242E+01  0.69996641E+01  0.67972225E+01
  0.65999120E+01  0.64076472E+01  0.62203627E+01  0.60380171E+01  0.58605882E+01
  0.56880281E+01  0.55202738E+01  0.53572335E+01  0.51987779E+01  0.50447629E+01
  0.48950296E+01  0.47494373E+01  0.46078817E+01  0.44703085E+01  0.43366521E+01
  0.42068659E+01  0.40808783E+01  0.39585765E+01  0.38398424E+01  0.37245095E+01
  0.36123902E+01  0.35033094E+01  0.33971402E+01  0.32938370E+01  0.31934380E+01
  0.30960025E+01  0.30015522E+01  0.29100307E+01  0.28213317E+01  0.27353355E+01
  0.26519320E+01  0.25710103E+01  0.24924857E+01  0.24162665E+01  0.23422622E+01
  0.22704193E+01  0.22006955E+01  0.21330279E+01  0.20673399E+01  0.20035174E+01
  0.19414665E+01  0.18811179E+01  0.18224387E+01  0.17654169E+01  0.17100413E+01
  0.16562892E+01  0.16041406E+01  0.15535822E+01  0.15045943E+01  0.14571425E+01
  0.14111507E+01  0.13665626E+01  0.13232726E+01  0.12812384E+01
  0.10000000E+01  0.28475835E+01  0.45293440E+01  0.60622381E+01  0.74832799E+01
  0.88137634E+01  0.10070218E+02  0.11258847E+02  0.12382802E+02  0.13440650E+02
  0.14433493E+02  0.15361081E+02  0.16225369E+02  0.17027288E+02  0.17768828E+02
  0.18450980E+02  0.19075405E+02  0.19643383E+02  0.20156735E+02  0.20617213E+02
  0.21026992E+02  0.21387905E+02  0.21702097E+02  0.21971553E+02  0.22198541E+02
  0.22385338E+02  0.22534244E+02  0.22647534E+02  0.22727501E+02  0.22776202E+02
  0.22795709E+02  0.22787913E+02  0.22754640E+02  0.22697559E+02  0.22618225E+02
  0.22518090E+02  0.22398533E+02  0.22260820E+02  0.22106170E+02  0.21935758E+02
  0.21750741E+02  0.21552184E+02  0.21341077E+02  0.21118371E+02  0.20884944E+02
  0.20641614E+02  0.20389179E+02  0.20128426E+02  0.19860103E+02  0.19584963E+02
  0.19303723E+02  0.19017099E+02  0.18725727E+02  0.18430277E+02  0.18131400E+02
  0.17829711E+02  0.17525802E+02  0.17220236E+02  0.16913585E+02  0.16606382E+02
  0.16299104E+02  0.15992239E+02  0.15686279E+02  0.15381688E+02  0.15078903E+02
  0.14778313E+02  0.14480293E+02  0.14185197E+02  0.13893335E+02  0.13604972E+02
  0.13320335E+02  0.13039597E+02  0.12762902E+02  0.12490362E+02  0.12222062E+02
  0.11958044E+02  0.11698345E+02  0.11443018E+02  0.11192138E+02  0.10945780E+02
  0.10703995E+02  0.10466826E+02  0.10234290E+02  0.10006362E+02  0.97829718E+01
  0.95640258E+01  0.93494387E+01  0.91391451E+01  0.89331396E+01  0.87314049E+01
  0.85339268E+01  0.83406821E+01  0.81516076E+01  0.79666090E+01  0.77855346E+01
  0.76082019E+01  0.74344424E+01  0.72641655E+01  0.70973608E+01  0.69340937E+01
  0.67744507E+01  0.66184551E+01  0.64660788E+01  0.63172349E+01  0.61717798E+01
  0.60296079E+01  0.58905817E+01  0.57545800E+01  0.56215181E+01  0.54913536E+01
  0.53640675E+01  0.52396328E+01  0.51179968E+01  0.49990501E+01  0.48826633E+01
  0.47687188E+01  0.46571546E+01  0.45479351E+01  0.44410492E+01  0.43364627E+01
  0.42341527E+01  0.41341142E+01  0.40363357E+01  0.39408195E+01  0.38475313E+01
  0.37563882E+01  0.36673075E+01  0.35802155E+01  0.34950378E+01
  0.10000000E+01  0.28654886E+01  0.45904966E+01  0.61875608E+01  0.76892899E+01
  0.91134600E+01  0.10475143E+02  0.11779468E+02  0.13029757E+02  0.14223841E+02
  0.15362424E+02  0.16444196E+02  0.17470527E+02  0.18441425E+02  0.19358309E+02
  0.20221493E+02  0.21032066E+02  0.21790706E+02  0.22498522E+02  0.23156605E+02
  0.23766278E+02  0.24328776E+02  0.24845468E+02  0.25317709E+02  0.25747004E+02
  0.26134902E+02  0.26482982E+02  0.26792813E+02  0.27066021E+02  0.27304097E+02
  0.27508560E+02  0.27680822E+02  0.27822318E+02  0.27934375E+02  0.28018289E+02
  0.28075261E+02  0.28106470E+02  0.28113031E+02  0.28096051E+02  0.28056628E+02
  0.27995847E+02  0.27914711E+02  0.27814209E+02  0.27695279E+02  0.27558845E+02
  0.27405775E+02  0.27236945E+02  0.27053229E+02  0.26855467E+02  0.26644514E+02
  0.26421197E+02  0.26186349E+02  0.25940742E+02  0.25685166E+02  0.25420413E+02
  0.25147259E+02  0.24866429E+02  0.24578660E+02  0.24284684E+02  0.23985197E+02
  0.23680858E+02  0.23372322E+02  0.23060261E+02  0.22745317E+02  0.22428080E+02
  0.22109098E+02  0.21788918E+02  0.21468080E+02  0.21147071E+02  0.20826338E+02
  0.20506295E+02  0.20187291E+02  0.19869648E+02  0.19553663E+02  0.19239585E+02
  0.18927635E+02  0.18618020E+02  0.18310939E+02  0.18006613E+02  0.17705248E+02
  0.17407011E+02  0.17112076E+02  0.16820563E+02  0.16532556E+02  0.16248097E+02
  0.15967194E+02  0.15689867E+02  0.15416158E+02  0.15146115E+02  0.14879827E+02
  0.14617367E+02  0.14358786E+02  0.14104099E+02  0.13853274E+02  0.13606210E+02
  0.13362768E+02  0.13122829E+02  0.12886339E+02  0.12653348E+02  0.12423957E+02
  0.12198285E+02  0.11976403E+02  0.11758304E+02  0.11543925E+02  0.11333168E+02
  0.11125920E+02  0.10922084E+02  0.10721565E+02  0.10524303E+02  0.10330265E+02
  0.10139464E+02  0.99519113E+01  0.97675472E+01  0.95862821E+01  0.94080026E+01
  0.92325935E+01  0.90600048E+01  0.88902224E+01  0.87232396E+01  0.85590381E+01
  0.83975978E+01  0.82389168E+01  0.80829989E+01  0.79298426E+01  0.77794282E+01
  0.76316966E+01  0.74865689E+01  0.73439804E+01  0.72038437E+01
  0.10000000E+01  0.28784775E+01  0.46352090E+01  0.62793673E+01  0.78409794E+01
  0.93348938E+01  0.10775372E+02  0.12166216E+02  0.13511490E+02  0.14808290E+02
  0.16057760E+02  0.17257723E+02  0.18409629E+02  0.19512748E+02  0.20568402E+02
  0.21576391E+02  0.22537619E+02  0.23452367E+02  0.24321409E+02  0.25145403E+02
  0.25925210E+02  0.26661652E+02  0.27355595E+02  0.28007949E+02  0.28619704E+02
  0.29191900E+02  0.29725596E+02  0.30221829E+02  0.30681727E+02  0.31106288E+02
  0.31496593E+02  0.31853626E+02  0.32178430E+02  0.32471944E+02  0.32735149E+02
  0.32968917E+02  0.33174148E+02  0.33351671E+02  0.33502374E+02  0.33627098E+02
  0.33726714E+02  0.33802036E+02  0.33853879E+02  0.33883007E+02  0.33890214E+02
  0.33876244E+02  0.33841875E+02  0.33787875E+02  0.33715019E+02  0.33624073E+02
  0.33515811E+02  0.33391016E+02  0.33250429E+02  0.33094813E+02  0.32924927E+02
  0.32741527E+02  0.32545346E+02  0.32337124E+02  0.32117613E+02  0.31887537E+02
  0.31647593E+02  0.31398476E+02  0.31140906E+02  0.30875563E+02  0.30603117E+02
  0.30324213E+02  0.30039469E+02  0.29749513E+02  0.29454920E+02  0.29156235E+02
  0.28853977E+02  0.28548627E+02  0.28240633E+02  0.27930431E+02  0.27618400E+02
  0.27304911E+02  0.26990307E+02  0.26674911E+02  0.26359093E+02  0.26043167E+02
  0.25727432E+02  0.25412181E+02  0.25097662E+02  0.24784086E+02  0.24471638E+02
  0.24160461E+02  0.23850703E+02  0.23542521E+02  0.23236080E+02  0.22931567E+02
  0.22629145E+02  0.22328965E+02  0.22031146E+02  0.21735758E+02  0.21442815E+02
  0.21152276E+02  0.20864130E+02  0.20578430E+02  0.20295265E+02  0.20014797E+02
  0.19737190E+02  0.19462549E+02  0.19190910E+02  0.18922256E+02  0.18656541E+02
  0.18393699E+02  0.18133681E+02  0.17876467E+02  0.17622055E+02  0.17370463E+02
  0.17121734E+02  0.16875917E+02  0.16633011E+02  0.16392960E+02  0.16155687E+02
  0.15921106E+02  0.15689201E+02  0.15459971E+02  0.15233424E+02  0.15009540E+02
  0.14788322E+02  0.14569765E+02  0.14353879E+02  0.14140678E+02  0.13930175E+02
  0.13722348E+02  0.13517158E+02  0.13314570E+02  0.13114527E+02
  0.10000000E+01  0.28899145E+01  0.46748777E+01  0.63610364E+01  0.79762871E+01
  0.95326030E+01  0.11043593E+02  0.12511473E+02  0.13941145E+02  0.15328860E+02
  0.16676420E+02  0.17980771E+02  0.19243660E+02  0.20463617E+02  0.21642018E+02
  0.22778164E+02  0.23872881E+02  0.24926080E+02  0.25938305E+02  0.26909860E+02
  0.27841264E+02  0.28733009E+02  0.29585601E+02  0.30399610E+02  0.31175665E+02
  0.31914401E+02  0.32616497E+02  0.33282570E+02  0.33913380E+02  0.34509528E+02
  0.35071766E+02  0.35600716E+02  0.36097141E+02  0.36561633E+02  0.36994912E+02
  0.37397558E+02  0.37770260E+02  0.38113606E+02  0.38428284E+02  0.38714893E+02
  0.38974133E+02  0.39206583E+02  0.39412896E+02  0.39593672E+02  0.39749562E+02
  0.39881180E+02  0.39989162E+02  0.40074147E+02  0.40136798E+02  0.40177747E+02
  0.40197676E+02  0.40197259E+02  0.40177162E+02  0.40138042E+02  0.40080599E+02
  0.40005519E+02  0.39913468E+02  0.39805146E+02  0.39681242E+02  0.39542461E+02
  0.39389476E+02  0.39222968E+02  0.39043630E+02  0.38852153E+02  0.38649199E+02
  0.38435410E+02  0.38211438E+02  0.37977921E+02  0.37735469E+02  0.37484693E+02
  0.37226176E+02  0.36960468E+02  0.36688107E+02  0.36409591E+02  0.36125396E+02
  0.35835989E+02  0.35541814E+02  0.35243311E+02  0.34940920E+02  0.34635049E+02
  0.34326095E+02  0.34014424E+02  0.33700397E+02  0.33384357E+02  0.33066594E+02
  0.32747396E+02  0.32427025E+02  0.32105719E+02  0.31783758E+02  0.31461414E+02
  0.31138953E+02  0.30816629E+02  0.30494654E+02  0.30173205E+02  0.29852377E+02
  0.29532267E+02  0.29212963E+02  0.28894601E+02  0.28577361E+02  0.28261449E+02
  0.27947076E+02  0.27634386E+02  0.27323494E+02  0.27014461E+02  0.26707293E+02
  0.26402009E+02  0.26098620E+02  0.25797146E+02  0.25497649E+02  0.25200217E+02
  0.24904954E+02  0.24611951E+02  0.24321239E+02  0.24032786E+02  0.23746568E+02
  0.23462537E+02  0.23180708E+02  0.22901121E+02  0.22623808E+02  0.22348777E+02
  0.22076019E+02  0.21805560E+02  0.21537426E+02  0.21271644E+02  0.21008263E+02
  0.20747294E+02  0.20488722E+02  0.20232527E+02  0.19978674E+02
  0.10000000E+01  0.28950822E+01  0.46933617E+01  0.63995795E+01  0.80410039E+01
  0.96280170E+01  0.11174003E+02  0.12679993E+02  0.14151545E+02  0.15584351E+02
  0.16980955E+02  0.18337854E+02  0.19657302E+02  0.20937455E+02  0.22179988E+02
  0.23383934E+02  0.24550284E+02  0.25678728E+02  0.26769874E+02  0.27823852E+02
  0.28841187E+02  0.29822207E+02  0.30767380E+02  0.31677105E+02  0.32551936E+02
  0.33392329E+02  0.34198894E+02  0.34972069E+02  0.35712509E+02  0.36420634E+02
  0.37097110E+02  0.37742368E+02  0.38357067E+02  0.38941617E+02  0.39496647E+02
  0.40022546E+02  0.40519909E+02  0.40989149E+02  0.41430838E+02  0.41845406E+02
  0.42233445E+02  0.42595384E+02  0.42931766E+02  0.43243033E+02  0.43529719E+02
  0.43792272E+02  0.44031217E+02  0.44247052E+02  0.44440312E+02  0.44611506E+02
  0.44761173E+02  0.44889861E+02  0.44998092E+02  0.45086385E+02  0.45155308E+02
  0.45205419E+02  0.45237262E+02  0.45251409E+02  0.45248425E+02  0.45228902E+02
  0.45193392E+02  0.45142459E+02  0.45076707E+02  0.44996713E+02  0.44903033E+02
  0.44796221E+02  0.44676845E+02  0.44545450E+02  0.44402577E+02  0.44248766E+02
  0.44084535E+02  0.43910398E+02  0.43726833E+02  0.43534316E+02  0.43333283E+02
  0.43124183E+02  0.42907459E+02  0.42683520E+02  0.42452809E+02  0.42215739E+02
  0.41972691E+02  0.41724048E+02  0.41470184E+02  0.41211459E+02  0.40948201E+02
  0.40680740E+02  0.40409380E+02  0.40134408E+02  0.39856142E+02  0.39574880E+02
  0.39290933E+02  0.39004591E+02  0.38716118E+02  0.38425722E+02  0.38133593E+02
  0.37839890E+02  0.37544776E+02  0.37248476E+02  0.36951217E+02  0.36653259E+02
  0.36354842E+02  0.36056165E+02  0.35757373E+02  0.35458572E+02  0.35159873E+02
  0.34861355E+02  0.34563100E+02  0.34265214E+02  0.33967799E+02  0.33670979E+02
  0.33374901E+02  0.33079670E+02  0.32785377E+02  0.32492063E+02  0.32199752E+02
  0.31908470E+02  0.31618247E+02  0.31329162E+02  0.31041265E+02  0.30754604E+02
  0.30469216E+02  0.30185141E+02  0.29902439E+02  0.29621180E+02  0.29341416E+02
  0.29063172E+02  0.28786493E+02  0.28511381E+02  0.28237827E+02
  0.10000000E+01  0.29008623E+01  0.47138352E+01  0.64422513E+01  0.81123752E+01
  0.97330782E+01  0.11317271E+02  0.12864978E+02  0.14382140E+02  0.15864018E+02
  0.17313631E+02  0.18727101E+02  0.20106991E+02  0.21451121E+02  0.22761328E+02
  0.24036386E+02  0.25277351E+02  0.26483687E+02  0.27656013E+02  0.28794257E+02
  0.29898897E+02  0.30970077E+02  0.32008189E+02  0.33013460E+02  0.33986365E+02
  0.34927165E+02  0.35836381E+02  0.36714270E+02  0.37561387E+02  0.38377968E+02
  0.39164589E+02  0.39921508E+02  0.40649292E+02  0.41348191E+02  0.42018749E+02
  0.42661206E+02  0.43276073E+02  0.43863634E+02  0.44424389E+02  0.44958630E+02
  0.45466851E+02  0.45949360E+02  0.46406617E+02  0.46838943E+02  0.47246797E+02
  0.47630513E+02  0.47990542E+02  0.48327267E+02  0.48641130E+02  0.48932533E+02
  0.49201928E+02  0.49449748E+02  0.49676423E+02  0.49882389E+02  0.50068110E+02
  0.50234053E+02  0.50380674E+02  0.50508434E+02  0.50617822E+02  0.50709318E+02
  0.50783384E+02  0.50840509E+02  0.50881192E+02  0.50905932E+02  0.50915216E+02
  0.50909512E+02  0.50889304E+02  0.50855076E+02  0.50807288E+02  0.50746439E+02
  0.50672996E+02  0.50587426E+02  0.50490178E+02  0.50381674E+02  0.50262336E+02
  0.50132561E+02  0.49992769E+02  0.49843367E+02  0.49684773E+02  0.49517391E+02
  0.49341588E+02  0.49157741E+02  0.48966214E+02  0.48767378E+02  0.48561563E+02
  0.48349119E+02  0.48130381E+02  0.47905660E+02  0.47675287E+02  0.47439586E+02
  0.47198877E+02  0.46953476E+02  0.46703686E+02  0.46449768E+02  0.46191947E+02
  0.45930448E+02  0.45665490E+02  0.45397318E+02  0.45126210E+02  0.44852455E+02
  0.44576327E+02  0.44298058E+02  0.44017844E+02  0.43735841E+02  0.43452204E+02
  0.43167076E+02  0.42880592E+02  0.42592904E+02  0.42304166E+02  0.42014563E+02
  0.41724268E+02  0.41433445E+02  0.41142234E+02  0.40850722E+02  0.40558991E+02
  0.40267105E+02  0.39975140E+02  0.39683187E+02  0.39391341E+02  0.39099688E+02
  0.38808289E+02  0.38517226E+02  0.38226597E+02  0.37936479E+02  0.37646960E+02
  0.37358092E+02  0.37069928E+02  0.36782519E+02  0.36495882E+02
  0.10000000E+01  0.29029024E+01  0.47213679E+01  0.64585071E+01  0.81402165E+01
  0.97750053E+01  0.11375338E+02  0.12940960E+02  0.14477730E+02  0.15980960E+02
  0.17453784E+02  0.18892424E+02  0.20299556E+02  0.21673045E+02  0.23014819E+02
  0.24323648E+02  0.25600662E+02  0.26845281E+02  0.28058201E+02  0.29239291E+02
  0.30389105E+02  0.31507700E+02  0.32595549E+02  0.33652767E+02  0.34679902E+02
  0.35677119E+02  0.36644997E+02  0.37583700E+02  0.38493835E+02  0.39375538E+02
  0.40229415E+02  0.41055634E+02  0.41854784E+02  0.42627028E+02  0.43372887E+02
  0.44092540E+02  0.44786479E+02  0.45454912E+02  0.46098304E+02  0.46716883E+02
  0.47311102E+02  0.47881204E+02  0.48427616E+02  0.48950585E+02  0.49450525E+02
  0.49927704E+02  0.50382510E+02  0.50815248E+02  0.51226317E+02  0.51616046E+02
  0.51984827E+02  0.52333020E+02  0.52660983E+02  0.52969071E+02  0.53257670E+02
  0.53527165E+02  0.53777925E+02  0.54010349E+02  0.54224857E+02  0.54421851E+02
  0.54601726E+02  0.54764888E+02  0.54911745E+02  0.55042711E+02  0.55158195E+02
  0.55258594E+02  0.55344308E+02  0.55415756E+02  0.55473330E+02  0.55517425E+02
  0.55548441E+02  0.55566758E+02  0.55572744E+02  0.55566764E+02  0.55549167E+02
  0.55520296E+02  0.55480504E+02  0.55430147E+02  0.55369584E+02  0.55299148E+02
  0.55219187E+02  0.55130015E+02  0.55031948E+02  0.54925321E+02  0.54810428E+02
  0.54687577E+02  0.54557069E+02  0.54419175E+02  0.54274201E+02  0.54122435E+02
  0.53964166E+02  0.53799691E+02  0.53629276E+02  0.53453162E+02  0.53271567E+02
  0.53084711E+02  0.52892802E+02  0.52696090E+02  0.52494849E+02  0.52289351E+02
  0.52079876E+02  0.51866656E+02  0.51649874E+02  0.51429711E+02  0.51206326E+02
  0.50979885E+02  0.50750553E+02  0.50518487E+02  0.50283860E+02  0.50046861E+02
  0.49807677E+02  0.49566476E+02  0.49323414E+02  0.49078614E+02  0.48832172E+02
  0.48584178E+02  0.48334743E+02  0.48083974E+02  0.47831992E+02  0.47578895E+02
  0.47324791E+02  0.47069788E+02  0.46813984E+02  0.46557481E+02  0.46300378E+02
  0.46042763E+02  0.45784685E+02  0.45526226E+02  0.45267442E+02
  0.10000000E+01  0.29064340E+01  0.47339680E+01  0.64851123E+01  0.81850018E+01
  0.98414073E+01  0.11466229E+02  0.13058763E+02  0.14624801E+02  0.16159600E+02
  0.17666381E+02  0.19141339E+02  0.20587203E+02  0.22001786E+02  0.23387030E+02
  0.24741655E+02  0.26066782E+02  0.27361771E+02  0.28627304E+02  0.29863173E+02
  0.31069926E+02  0.32247528E+02  0.33396453E+02  0.34516720E+02  0.35608874E+02
  0.36672970E+02  0.37709598E+02  0.38718788E+02  0.39701144E+02  0.40656692E+02
  0.41586029E+02  0.42489226E+02  0.43366841E+02  0.44218951E+02  0.45046055E+02
  0.45848248E+02  0.46625991E+02  0.47379425E+02  0.48108978E+02  0.48814808E+02
  0.49497326E+02  0.50156706E+02  0.50793327E+02  0.51407368E+02  0.51999217E+02
  0.52569055E+02  0.53117248E+02  0.53644027E+02  0.54149737E+02  0.54634638E+02
  0.55099068E+02  0.55543325E+02  0.55967715E+02  0.56372539E+02  0.56758115E+02
  0.57124774E+02  0.57472829E+02  0.57802608E+02  0.58114452E+02  0.58408716E+02
  0.58685726E+02  0.58945826E+02  0.59189365E+02  0.59416695E+02  0.59628155E+02
  0.59824080E+02  0.60004818E+02  0.60170727E+02  0.60322139E+02  0.60459404E+02
  0.60582875E+02  0.60692871E+02  0.60789726E+02  0.60873751E+02  0.60945250E+02
  0.61004535E+02  0.61051915E+02  0.61087700E+02  0.61112199E+02  0.61125725E+02
  0.61128576E+02  0.61121037E+02  0.61103412E+02  0.61075984E+02  0.61039036E+02
  0.60992852E+02  0.60937714E+02  0.60873886E+02  0.60801638E+02  0.60721259E+02
  0.60633029E+02  0.60537222E+02  0.60434094E+02  0.60323889E+02  0.60206827E+02
  0.60083114E+02  0.59952983E+02  0.59816676E+02  0.59674455E+02  0.59526590E+02
  0.59373338E+02  0.59214938E+02  0.59051593E+02  0.58883478E+02  0.58710788E+02
  0.58533690E+02  0.58352357E+02  0.58166977E+02  0.57977738E+02  0.57784830E+02
  0.57588463E+02  0.57388823E+02  0.57186087E+02  0.56980393E+02  0.56771859E+02
  0.56560606E+02  0.56346752E+02  0.56130433E+02  0.55911782E+02  0.55690927E+02
  0.55467974E+02  0.55243042E+02  0.55016252E+02  0.54787714E+02  0.54557556E+02
  0.54325878E+02  0.54092779E+02  0.53858334E+02  0.53622612E+02
  0.10000000E+01  0.29079128E+01  0.47394930E+01  0.64972364E+01  0.82059811E+01
  0.98733390E+01  0.11510800E+02  0.13117552E+02  0.14699191E+02  0.16251095E+02
  0.17776446E+02  0.19271616E+02  0.20739310E+02  0.22177487E+02  0.23588056E+02
  0.24969841E+02  0.26323928E+02  0.27649735E+02  0.28947935E+02  0.30218347E+02
  0.31461525E+02  0.32677420E+02  0.33866534E+02  0.35028837E+02  0.36164927E+02
  0.37274779E+02  0.38359042E+02  0.39417671E+02  0.40451329E+02  0.41459965E+02
  0.42444214E+02  0.43404099E+02  0.44340179E+02  0.45252502E+02  0.46141532E+02
  0.47007351E+02  0.47850381E+02  0.48670754E+02  0.49468857E+02  0.50244838E+02
  0.50999070E+02  0.51731682E+02  0.52443044E+02  0.53133278E+02  0.53802745E+02
  0.54451593E+02  0.55080167E+02  0.55688634E+02  0.56277336E+02  0.56846463E+02
  0.57396329E+02  0.57927164E+02  0.58439262E+02  0.58932860E+02  0.59408248E+02
  0.59865710E+02  0.60305516E+02  0.60727957E+02  0.61133305E+02  0.61521867E+02
  0.61893918E+02  0.62249755E+02  0.62589686E+02  0.62914003E+02  0.63222994E+02
  0.63516943E+02  0.63796149E+02  0.64060892E+02  0.64311466E+02  0.64548162E+02
  0.64771281E+02  0.64981093E+02  0.65177882E+02  0.65361887E+02  0.65533381E+02
  0.65692620E+02  0.65839844E+02  0.65975338E+02  0.66099361E+02  0.66212178E+02
  0.66314046E+02  0.66405204E+02  0.66485901E+02  0.66556374E+02  0.66616875E+02
  0.66667631E+02  0.66708885E+02  0.66740859E+02  0.66763803E+02  0.66777946E+02
  0.66783527E+02  0.66780780E+02  0.66769932E+02  0.66751187E+02  0.66724744E+02
  0.66690779E+02  0.66649512E+02  0.66601148E+02  0.66545920E+02  0.66484081E+02
  0.66415863E+02  0.66341487E+02  0.66261146E+02  0.66174985E+02  0.66083185E+02
  0.65985911E+02  0.65883324E+02  0.65775606E+02  0.65662927E+02  0.65545482E+02
  0.65423457E+02  0.65297023E+02  0.65166348E+02  0.65031560E+02  0.64892792E+02
  0.64750165E+02  0.64603813E+02  0.64453872E+02  0.64300477E+02  0.64143761E+02
  0.63983845E+02  0.63820854E+02  0.63654920E+02  0.63486170E+02  0.63314737E+02
  0.63140725E+02  0.62964224E+02  0.62785326E+02  0.62604113E+02
  0.10000000E+01  0.29097809E+01  0.47462322E+01  0.65116207E+01  0.82303994E+01
  0.99098333E+01  0.11561107E+02  0.13183201E+02  0.14781608E+02  0.16351713E+02
  0.17896676E+02  0.19412915E+02  0.20903095E+02  0.22365227E+02  0.23801146E+02
  0.25209730E+02  0.26591987E+02  0.27947394E+02  0.29276536E+02  0.30579272E+02
  0.31856095E+02  0.33106943E+02  0.34332301E+02  0.35532087E+02  0.36706911E+02
  0.37856670E+02  0.38982044E+02  0.40082905E+02  0.41159947E+02  0.42213030E+02
  0.43242809E+02  0.44249240E+02  0.45232884E+02  0.46193753E+02  0.47132294E+02
  0.48048576E+02  0.48942971E+02  0.49815613E+02  0.50666844E+02  0.51496806E+02
  0.52305837E+02  0.53094062E+02  0.53861817E+02  0.54609202E+02  0.55336567E+02
  0.56044002E+02  0.56731867E+02  0.57400276E+02  0.58049576E+02  0.58679911E+02
  0.59291605E+02  0.59884845E+02  0.60459892E+02  0.61016968E+02  0.61556327E+02
  0.62078239E+02  0.62582942E+02  0.63070707E+02  0.63541780E+02  0.63996438E+02
  0.64434938E+02  0.64857544E+02  0.65264529E+02  0.65656157E+02  0.66032716E+02
  0.66394449E+02  0.66741639E+02  0.67074509E+02  0.67393348E+02  0.67698414E+02
  0.67989964E+02  0.68268259E+02  0.68533567E+02  0.68786112E+02  0.69026120E+02
  0.69253835E+02  0.69469472E+02  0.69673283E+02  0.69865499E+02  0.70046376E+02
  0.70216141E+02  0.70375017E+02  0.70523235E+02  0.70661006E+02  0.70788552E+02
  0.70906092E+02  0.71013847E+02  0.71112018E+02  0.71200829E+02  0.71280482E+02
  0.71351212E+02  0.71413218E+02  0.71466722E+02  0.71511894E+02  0.71548937E+02
  0.71578022E+02  0.71599338E+02  0.71613075E+02  0.71619465E+02  0.71618723E+02
  0.71611067E+02  0.71596693E+02  0.71575782E+02  0.71548500E+02  0.71515016E+02
  0.71475459E+02  0.71430004E+02  0.71378804E+02  0.71322019E+02  0.71259823E+02
  0.71192395E+02  0.71119924E+02  0.71042559E+02  0.70960441E+02  0.70873687E+02
  0.70782418E+02  0.70686761E+02  0.70586837E+02  0.70482789E+02  0.70374766E+02
  0.70262877E+02  0.70147259E+02  0.70028037E+02  0.69905335E+02  0.69779277E+02
  0.69649938E+02  0.69517444E+02  0.69381876E+02  0.69243308E+02
  0.10000000E+01  0.29105494E+01  0.47492270E+01  0.65183102E+01  0.82422072E+01
  0.99280107E+01  0.11586801E+02  0.13217392E+02  0.14825240E+02  0.16405713E+02
  0.17962000E+02  0.19490583E+02  0.20994125E+02  0.22470729E+02  0.23922184E+02
  0.25347476E+02  0.26747538E+02  0.28121960E+02  0.29471250E+02  0.30795350E+02
  0.32094706E+02  0.33369295E+02  0.34619596E+02  0.35845520E+02  0.37047694E+02
  0.38225986E+02  0.39381130E+02  0.40512935E+02  0.41622142E+02  0.42708575E+02
  0.43772915E+02  0.44815089E+02  0.45835663E+02  0.46834654E+02  0.47812472E+02
  0.48769201E+02  0.49705177E+02  0.50620553E+02  0.51515620E+02  0.52390546E+02
  0.53245631E+02  0.54081001E+02  0.54896972E+02  0.55693617E+02  0.56471297E+02
  0.57230053E+02  0.57970260E+02  0.58691992E+02  0.59395613E+02  0.60081214E+02
  0.60749138E+02  0.61399522E+02  0.62032626E+02  0.62648643E+02  0.63247818E+02
  0.63830386E+02  0.64396571E+02  0.64946622E+02  0.65480767E+02  0.65999259E+02
  0.66502324E+02  0.66990212E+02  0.67463173E+02  0.67921444E+02  0.68365279E+02
  0.68794894E+02  0.69210559E+02  0.69612481E+02  0.70000926E+02  0.70376118E+02
  0.70738301E+02  0.71087685E+02  0.71424496E+02  0.71748944E+02  0.72061234E+02
  0.72361576E+02  0.72650189E+02  0.72927287E+02  0.73193076E+02  0.73447782E+02
  0.73691594E+02  0.73924706E+02  0.74147331E+02  0.74359653E+02  0.74561890E+02
  0.74754225E+02  0.74936851E+02  0.75109930E+02  0.75273674E+02  0.75428252E+02
  0.75573872E+02  0.75710721E+02  0.75839002E+02  0.75958863E+02  0.76070479E+02
  0.76173969E+02  0.76269526E+02  0.76357292E+02  0.76437493E+02  0.76510324E+02
  0.76576002E+02  0.76634689E+02  0.76686550E+02  0.76731714E+02  0.76770330E+02
  0.76802522E+02  0.76828450E+02  0.76848254E+02  0.76862093E+02  0.76870116E+02
  0.76872479E+02  0.76869339E+02  0.76860827E+02  0.76847069E+02  0.76828179E+02
  0.76804280E+02  0.76775494E+02  0.76741942E+02  0.76703744E+02  0.76661024E+02
  0.76613901E+02  0.76562490E+02  0.76506919E+02  0.76447306E+02  0.76383760E+02
  0.76316380E+02  0.76245255E+02  0.76170465E+02  0.76092098E+02
  0.10000000E+01  0.29134675E+01  0.47596121E+01  0.65402031E+01  0.82790401E+01
  0.99825635E+01  0.11661480E+02  0.13314220E+02  0.14946195E+02  0.16552664E+02
  0.18136837E+02  0.19695146E+02  0.21230214E+02  0.22740134E+02  0.24226596E+02
  0.25688614E+02  0.27126987E+02  0.28541351E+02  0.29932078E+02  0.31299134E+02
  0.32642853E+02  0.33963205E+02  0.35260612E+02  0.36534944E+02  0.37786795E+02
  0.39015949E+02  0.40223135E+02  0.41408052E+02  0.42571452E+02  0.43713053E+02
  0.44833542E+02  0.45932764E+02  0.47011276E+02  0.48069031E+02  0.49106411E+02
  0.50123478E+02  0.51120509E+02  0.52097654E+02  0.53055157E+02  0.53993181E+02
  0.54911984E+02  0.55811651E+02  0.56692488E+02  0.57554528E+02  0.58398118E+02
  0.59223255E+02  0.60030326E+02  0.60819343E+02  0.61590680E+02  0.62344381E+02
  0.63080771E+02  0.63799952E+02  0.64502171E+02  0.65187589E+02  0.65856423E+02
  0.66508889E+02  0.67145179E+02  0.67765521E+02  0.68370103E+02  0.68959170E+02
  0.69532909E+02  0.70091549E+02  0.70635318E+02  0.71164416E+02  0.71679088E+02
  0.72179521E+02  0.72665970E+02  0.73138603E+02  0.73597681E+02  0.74043384E+02
  0.74475950E+02  0.74895573E+02  0.75302451E+02  0.75696776E+02  0.76078744E+02
  0.76448543E+02  0.76806363E+02  0.77152409E+02  0.77486860E+02  0.77809929E+02
  0.78121787E+02  0.78422624E+02  0.78712633E+02  0.78991992E+02  0.79260889E+02
  0.79519489E+02  0.79767994E+02  0.80006544E+02  0.80235327E+02  0.80454516E+02
  0.80664310E+02  0.80864861E+02  0.81056369E+02  0.81238969E+02  0.81412821E+02
  0.81578054E+02  0.81734851E+02  0.81883350E+02  0.82023772E+02  0.82156282E+02
  0.82281092E+02  0.82398343E+02  0.82508209E+02  0.82610800E+02  0.82706272E+02
  0.82794737E+02  0.82876360E+02  0.82951262E+02  0.83019596E+02  0.83081512E+02
  0.83137169E+02  0.83186714E+02  0.83230278E+02  0.83267984E+02  0.83299945E+02
  0.83326278E+02  0.83347084E+02  0.83362508E+02  0.83372682E+02  0.83377716E+02
  0.83377731E+02  0.83372856E+02  0.83363189E+02  0.83348849E+02  0.83329955E+02
  0.83306605E+02  0.83278885E+02  0.83246886E+02  0.83210696E+02
  0.10000000E+01  0.29127619E+01  0.47575713E+01  0.65364643E+01  0.82737025E+01
  0.99758511E+01  0.11653801E+02  0.13305918E+02  0.14937733E+02  0.16544484E+02
  0.18129534E+02  0.19689368E+02  0.21226755E+02  0.22739844E+02  0.24230430E+02
  0.25697589E+02  0.27142193E+02  0.28563932E+02  0.29963238E+02  0.31340113E+02
  0.32694947E+02  0.34027706E+02  0.35338851E+02  0.36628228E+02  0.37896478E+02
  0.39143351E+02  0.40369650E+02  0.41575043E+02  0.42760338E+02  0.43925218E+02
  0.45070395E+02  0.46195703E+02  0.47301689E+02  0.48388321E+02  0.49455944E+02
  0.50504657E+02  0.51534676E+02  0.52546185E+02  0.53539371E+02  0.54514410E+02
  0.55471514E+02  0.56410788E+02  0.57332497E+02  0.58236649E+02  0.59123598E+02
  0.59993286E+02  0.60846111E+02  0.61682025E+02  0.62501427E+02  0.63304287E+02
  0.64090961E+02  0.64861480E+02  0.65616111E+02  0.66354943E+02  0.67078191E+02
  0.67786032E+02  0.68478645E+02  0.69156213E+02  0.69818921E+02  0.70466965E+02
  0.71100510E+02  0.71719765E+02  0.72324926E+02  0.72916167E+02  0.73493718E+02
  0.74057721E+02  0.74608403E+02  0.75145892E+02  0.75670413E+02  0.76182125E+02
  0.76681226E+02  0.77167879E+02  0.77642273E+02  0.78104569E+02  0.78554906E+02
  0.78993464E+02  0.79420395E+02  0.79835872E+02  0.80240049E+02  0.80633114E+02
  0.81015229E+02  0.81386556E+02  0.81747248E+02  0.82097460E+02  0.82437350E+02
  0.82767054E+02  0.83086763E+02  0.83396576E+02  0.83696694E+02  0.83987231E+02
  0.84268380E+02  0.84540254E+02  0.84803033E+02  0.85056811E+02  0.85301761E+02
  0.85537972E+02  0.85765636E+02  0.85984841E+02  0.86195808E+02  0.86398664E+02
  0.86593616E+02  0.86780775E+02  0.86960313E+02  0.87132328E+02  0.87296974E+02
  0.87454337E+02  0.87604565E+02  0.87747785E+02  0.87884126E+02  0.88013712E+02
  0.88136690E+02  0.88253197E+02  0.88363354E+02  0.88467268E+02  0.88565040E+02
  0.88656779E+02  0.88742598E+02  0.88822611E+02  0.88896954E+02  0.88965751E+02
  0.89029111E+02  0.89087137E+02  0.89139948E+02  0.89187648E+02  0.89230345E+02
  0.89268141E+02  0.89301116E+02  0.89329341E+02  0.89352927E+02
  0.10000000E+01  0.29117531E+01  0.47543121E+01  0.65299669E+01  0.82634246E+01
  0.99613934E+01  0.11635006E+02  0.13282600E+02  0.14909826E+02  0.16511864E+02
  0.18092195E+02  0.19647311E+02  0.21180081E+02  0.22688687E+02  0.24174994E+02
  0.25638129E+02  0.27079004E+02  0.28497373E+02  0.29893689E+02  0.31268000E+02
  0.32620721E+02  0.33951853E+02  0.35261872E+02  0.36550645E+02  0.37818835E+02
  0.39066221E+02  0.40293637E+02  0.41500754E+02  0.42688434E+02  0.43856351E+02
  0.45005247E+02  0.46134965E+02  0.47246056E+02  0.48338526E+02  0.49412696E+02
  0.50468698E+02  0.51506728E+02  0.52526994E+02  0.53529653E+02  0.54514916E+02
  0.55482970E+02  0.56433933E+02  0.57368073E+02  0.58285387E+02  0.59186228E+02
  0.60070524E+02  0.60938698E+02  0.61790665E+02  0.62626856E+02  0.63447211E+02
  0.64252112E+02  0.65041558E+02  0.65815824E+02  0.66574988E+02  0.67319275E+02
  0.68048835E+02  0.68763859E+02  0.69464521E+02  0.70150992E+02  0.70823454E+02
  0.71482090E+02  0.72127065E+02  0.72758591E+02  0.73376823E+02  0.73981988E+02
  0.74574208E+02  0.75153715E+02  0.75720627E+02  0.76275150E+02  0.76817434E+02
  0.77347684E+02  0.77866039E+02  0.78372667E+02  0.78867728E+02  0.79351348E+02
  0.79823690E+02  0.80284896E+02  0.80735130E+02  0.81174532E+02  0.81603278E+02
  0.82021514E+02  0.82429394E+02  0.82827056E+02  0.83214633E+02  0.83592266E+02
  0.83960085E+02  0.84318256E+02  0.84666877E+02  0.85006135E+02  0.85336129E+02
  0.85657058E+02  0.85968986E+02  0.86272121E+02  0.86566519E+02  0.86852346E+02
  0.87129650E+02  0.87398630E+02  0.87659368E+02  0.87912071E+02  0.88156837E+02
  0.88393886E+02  0.88623299E+02  0.88845248E+02  0.89059809E+02  0.89267116E+02
  0.89467259E+02  0.89660386E+02  0.89846568E+02  0.90025947E+02  0.90198622E+02
  0.90364737E+02  0.90524414E+02  0.90677761E+02  0.90824895E+02  0.90965909E+02
  0.91100895E+02  0.91229954E+02  0.91353193E+02  0.91470720E+02  0.91582657E+02
  0.91689093E+02  0.91790156E+02  0.91885952E+02  0.91976566E+02  0.92062106E+02
  0.92142652E+02  0.92218276E+02  0.92289053E+02  0.92355093E+02
  0.10000000E+01  0.29140901E+01  0.47627084E+01  0.65477062E+01  0.82933910E+01
  0.10005840E+02  0.11695997E+02  0.13361758E+02  0.15008849E+02  0.16632246E+02
  0.18235553E+02  0.19815121E+02  0.21373884E+02  0.22909945E+02  0.24425145E+02
  0.25918592E+02  0.27391133E+02  0.28842529E+02  0.30273145E+02  0.31683045E+02
  0.33072559E+02  0.34441692E+02  0.35790876E+02  0.37119940E+02  0.38429534E+02
  0.39719360E+02  0.40990248E+02  0.42241800E+02  0.43474872E+02  0.44689070E+02
  0.45885129E+02  0.47062856E+02  0.48222767E+02  0.49364843E+02  0.50489365E+02
  0.51596466E+02  0.52686283E+02  0.53759037E+02  0.54814833E+02  0.55853889E+02
  0.56876352E+02  0.57882319E+02  0.58872039E+02  0.59845484E+02  0.60802999E+02
  0.61744465E+02  0.62670323E+02  0.63580432E+02  0.64475230E+02  0.65354608E+02
  0.66218959E+02  0.67068235E+02  0.67902725E+02  0.68722470E+02  0.69527684E+02
  0.70318488E+02  0.71095058E+02  0.71857540E+02  0.72606090E+02  0.73340875E+02
  0.74062059E+02  0.74769800E+02  0.75464285E+02  0.76145641E+02  0.76814078E+02
  0.77469692E+02  0.78112704E+02  0.78743201E+02  0.79361389E+02  0.79967388E+02
  0.80561381E+02  0.81143495E+02  0.81713890E+02  0.82272694E+02  0.82820034E+02
  0.83356061E+02  0.83880899E+02  0.84394720E+02  0.84897637E+02  0.85389817E+02
  0.85871395E+02  0.86342503E+02  0.86803279E+02  0.87253844E+02  0.87694341E+02
  0.88124867E+02  0.88545585E+02  0.88956589E+02  0.89358049E+02  0.89750038E+02
  0.90132754E+02  0.90506249E+02  0.90870714E+02  0.91226188E+02  0.91572856E+02
  0.91910744E+02  0.92240057E+02  0.92560859E+02  0.92873373E+02  0.93177678E+02
  0.93473982E+02  0.93762354E+02  0.94042968E+02  0.94315874E+02  0.94581223E+02
  0.94839083E+02  0.95089607E+02  0.95332856E+02  0.95568970E+02  0.95798038E+02
  0.96020175E+02  0.96235521E+02  0.96444176E+02  0.96646217E+02  0.96841760E+02
  0.97030890E+02  0.97213692E+02  0.97390292E+02  0.97560802E+02  0.97725332E+02
  0.97883981E+02  0.98036878E+02  0.98184114E+02  0.98325775E+02  0.98461945E+02
  0.98592714E+02  0.98718156E+02  0.98838329E+02  0.98953330E+02
  0.10000000E+01  0.29100356E+01  0.47489195E+01  0.65193082E+01  0.82468300E+01
  0.99382177E+01  0.11605226E+02  0.13245900E+02  0.14866324E+02  0.16461331E+02
  0.18034829E+02  0.19583096E+02  0.21109356E+02  0.22611673E+02  0.24092161E+02
  0.25549904E+02  0.26985991E+02  0.28400190E+02  0.29793072E+02  0.31164711E+02
  0.32515619E+02  0.33845827E+02  0.35155872E+02  0.36445636E+02  0.37715842E+02
  0.38966287E+02  0.40197874E+02  0.41410307E+02  0.42604502E+02  0.43780162E+02
  0.44938053E+02  0.46078068E+02  0.47200734E+02  0.48306144E+02  0.49394554E+02
  0.50466209E+02  0.51521223E+02  0.52559899E+02  0.53582332E+02  0.54588804E+02
  0.55579456E+02  0.56554453E+02  0.57514027E+02  0.58458201E+02  0.59387343E+02
  0.60301334E+02  0.61200673E+02  0.62085183E+02  0.62955389E+02  0.63811135E+02
  0.64652884E+02  0.65480547E+02  0.66294493E+02  0.67094719E+02  0.67881516E+02
  0.68654953E+02  0.69415273E+02  0.70162594E+02  0.70897123E+02  0.71619006E+02
  0.72328453E+02  0.73025608E+02  0.73710704E+02  0.74383862E+02  0.75045304E+02
  0.75695132E+02  0.76333573E+02  0.76960715E+02  0.77576797E+02  0.78181924E+02
  0.78776280E+02  0.79360009E+02  0.79933245E+02  0.80496126E+02  0.81048758E+02
  0.81591304E+02  0.82123869E+02  0.82646632E+02  0.83159705E+02  0.83663252E+02
  0.84157376E+02  0.84642226E+02  0.85117916E+02  0.85584567E+02  0.86042321E+02
  0.86491258E+02  0.86931558E+02  0.87363261E+02  0.87786563E+02  0.88201498E+02
  0.88608273E+02  0.89006908E+02  0.89397605E+02  0.89780348E+02  0.90155352E+02
  0.90522590E+02  0.90882289E+02  0.91234440E+02  0.91579293E+02  0.91916880E+02
  0.92247420E+02  0.92570944E+02  0.92887642E+02  0.93197516E+02  0.93500735E+02
  0.93797324E+02  0.94087434E+02  0.94371112E+02  0.94648451E+02  0.94919528E+02
  0.95184473E+02  0.95443355E+02  0.95696279E+02  0.95943336E+02  0.96184591E+02
  0.96420129E+02  0.96650013E+02  0.96874342E+02  0.97093210E+02  0.97306709E+02
  0.97514921E+02  0.97717951E+02  0.97915878E+02  0.98108772E+02  0.98296725E+02
  0.98479778E+02  0.98658026E+02  0.98831497E+02  0.99000272E+02
   128
  0.10000000E+01  0.26312250E+01  0.36764201E+01  0.41104097E+01  0.41020394E+01
  0.38025715E+01  0.33468955E+01  0.28284862E+01  0.23075267E+01  0.18194138E+01
  0.13871541E+01  0.10223973E+01  0.72903503E+00  0.50328248E+00  0.33818909E+00
  0.22292629E+00  0.14589047E+00  0.95842485E-01  0.64315579E-01  0.45081223E-01
  0.33597766E-01  0.26374802E-01  0.20971531E-01  0.16123305E-01  0.11472031E-01
  0.71902711E-02  0.35874386E-02  0.90167257E-03 -0.85087999E-03 -0.18196533E-02
 -0.21830940E-02 -0.20167510E-02 -0.13757298E-02  0.00000000E+00  0.00000000E+00
  0.00000000E+00  0.00000000E+00  0.00000000E+00  0.00000000E+00  0.00000000E+00
  0.00000000E+00  0.00000000E+00  0.00000000E+00  0.00000000E+00  0.00000000E+00
  0.00000000E+00  0.00000000E+00  0.00000000E+00  0.00000000E+00  0.00000000E+00
  0.00000000E+00  0.00000000E+00  0.00000000E+00  0.00000000E+00  0.00000000E+00
  0.00000000E+00  0.00000000E+00  0.00000000E+00  0.00000000E+00  0.00000000E+00
  0.00000000E+00  0.00000000E+00  0.00000000E+00  0.00000000E+00  0.00000000E+00
  0.00000000E+00  0.00000000E+00  0.00000000E+00  0.00000000E+00  0.00000000E+00
  0.00000000E+00  0.00000000E+00  0.00000000E+00  0.00000000E+00  0.00000000E+00
  0.00000000E+00  0.00000000E+00  0.00000000E+00  0.00000000E+00  0.00000000E+00
  0.00000000E+00  0.00000000E+00  0.00000000E+00  0.00000000E+00  0.00000000E+00
  0.00000000E+00  0.00000000E+00  0.00000000E+00  0.00000000E+00  0.00000000E+00
  0.00000000E+00  0.00000000E+00  0.00000000E+00  0.00000000E+00  0.00000000E+00
  0.00000000E+00  0.00000000E+00  0.00000000E+00  0.00000000E+00  0.00000000E+00
  0.00000000E+00  0.00000000E+00  0.00000000E+00  0.00000000E+00  0.00000000E+00
  0.00000000E+00  0.00000000E+00  0.00000000E+00  0.00000000E+00  0.00000000E+00
  0.00000000E+00  0.00000000E+00  0.00000000E+00  0.00000000E+00  0.00000000E+00
  0.00000000E+00  0.00000000E+00  0.00000000E+00  0.00000000E+00  0.00000000E+00
  0.00000000E+00  0.00000000E+00  0.00000000E+00  0.00000000E+00  0.00000000E+00
  0.00000000E+00  0.00000000E+00  0.00000000E+00  0.00000000E+00
  0.10000000E+01  0.27419212E+01  0.40633501E+01  0.49259746E+01  0.54075526E+01
  0.55871777E+01  0.55362623E+01  0.53109998E+01  0.49565380E+01  0.45111531E+01
  0.40136886E+01  0.34984569E+01  0.29950477E+01  0.25235392E+01  0.20976198E+01
  0.17223931E+01  0.13985425E+01  0.11227894E+01  0.89213472E+00  0.70268749E+00
  0.54971523E+00  0.42654693E+00  0.32608611E+00  0.24311567E+00  0.17526870E+00
  0.12177362E+00  0.81614366E-01  0.52870864E-01  0.33063993E-01  0.19802642E-01
  0.11204198E-01  0.59276166E-02  0.30409141E-02  0.18105134E-02  0.15989260E-02
  0.19366856E-02  0.25543162E-02  0.33161122E-02  0.41684872E-02  0.50887764E-02
  0.60487916E-02  0.68989445E-02  0.73455385E-02  0.70362999E-02  0.57144073E-02
  0.33733321E-02  0.32651429E-03 -0.28599049E-02  0.00000000E+00  0.00000000E+00
  0.00000000E+00  0.00000000E+00  0.00000000E+00  0.00000000E+00  0.00000000E+00
  0.00000000E+00  0.00000000E+00  0.00000000E+00  0.00000000E+00  0.00000000E+00
  0.00000000E+00  0.00000000E+00  0.00000000E+00  0.00000000E+00  0.00000000E+00
  0.00000000E+00  0.00000000E+00  0.00000000E+00  0.00000000E+00  0.00000000E+00
  0.00000000E+00  0.00000000E+00  0.00000000E+00  0.00000000E+00  0.00000000E+00
  0.00000000E+00  0.00000000E+00  0.00000000E+00  0.00000000E+00  0.00000000E+00
  0.00000000E+00  0.00000000E+00  0.00000000E+00  0.00000000E+00  0.00000000E+00
  0.00000000E+00  0.00000000E+00  0.00000000E+00  0.00000000E+00  0.00000000E+00
  0.00000000E+00  0.00000000E+00  0.00000000E+00  0.00000000E+00  0.00000000E+00
  0.00000000E+00  0.00000000E+00  0.00000000E+00  0.00000000E+00  0.00000000E+00
  0.00000000E+00  0.00000000E+00  0.00000000E+00  0.00000000E+00  0.00000000E+00
  0.00000000E+00  0.00000000E+00  0.00000000E+00  0.00000000E+00  0.00000000E+00
  0.00000000E+00  0.00000000E+00  0.00000000E+00  0.00000000E+00  0.00000000E+00
  0.00000000E+00  0.00000000E+00  0.00000000E+00  0.00000000E+00  0.00000000E+00
  0.00000000E+00  0.00000000E+00  0.00000000E+00  0.00000000E+00  0.00000000E+00
  0.00000000E+00  0.00000000E+00  0.00000000E+00  0.00000000E+00
  0.10000000E+01  0.27869428E+01  0.42336265E+01  0.53108157E+01  0.60783044E+01
  0.65853754E+01  0.68776706E+01  0.69832167E+01  0.69290560E+01  0.67372416E+01
  0.64362783E+01  0.60541222E+01  0.56196090E+01  0.51561564E+01  0.46839109E+01
  0.42169468E+01  0.37659628E+01  0.33373666E+01  0.29370510E+01  0.25689232E+01
  0.22349201E+01  0.19330056E+01  0.16588206E+01  0.14094884E+01  0.11857950E+01
  0.99024279E+00  0.82345539E+00  0.68305650E+00  0.56515342E+00  0.46633958E+00
  0.38426879E+00  0.31709222E+00  0.26278298E+00  0.21906264E+00  0.18366316E+00
  0.15471499E+00  0.13085462E+00  0.11113981E+00  0.94941955E-01  0.81777788E-01
  0.71150921E-01  0.62404054E-01  0.54689165E-01  0.47102045E-01  0.38964849E-01
  0.30117981E-01  0.21006070E-01  0.12525708E-01  0.57148351E-02  0.13562245E-02
 -0.33399028E-03  0.00000000E+00  0.00000000E+00  0.00000000E+00  0.00000000E+00
  0.00000000E+00  0.00000000E+00  0.00000000E+00  0.00000000E+00  0.00000000E+00
  0.00000000E+00  0.00000000E+00  0.00000000E+00  0.00000000E+00  0.00000000E+00
  0.00000000E+00  0.00000000E+00  0.00000000E+00  0.00000000E+00  0.00000000E+00
  0.00000000E+00  0.00000000E+00  0.00000000E+00  0.00000000E+00  0.00000000E+00
  0.00000000E+00  0.00000000E+00  0.00000000E+00  0.00000000E+00  0.00000000E+00
  0.00000000E+00  0.00000000E+00  0.00000000E+00  0.00000000E+00  0.00000000E+00
  0.00000000E+00  0.00000000E+00  0.00000000E+00  0.00000000E+00  0.00000000E+00
  0.00000000E+00  0.00000000E+00  0.00000000E+00  0.00000000E+00  0.00000000E+00
  0.00000000E+00  0.00000000E+00  0.00000000E+00  0.00000000E+00  0.00000000E+00
  0.00000000E+00  0.00000000E+00  0.00000000E+00  0.00000000E+00  0.00000000E+00
  0.00000000E+00  0.00000000E+00  0.00000000E+00  0.00000000E+00  0.00000000E+00
  0.00000000E+00  0.00000000E+00  0.00000000E+00  0.00000000E+00  0.00000000E+00
  0.00000000E+00  0.00000000E+00  0.00000000E+00  0.00000000E+00  0.00000000E+00
  0.00000000E+00  0.00000000E+00  0.00000000E+00  0.00000000E+00  0.00000000E+00
  0.00000000E+00  0.00000000E+00  0.00000000E+00  0.00000000E+00
  0.10000000E+01  0.28142195E+01  0.43441569E+01  0.55563621E+01  0.65187293E+01
  0.72541547E+01  0.78094753E+01  0.81929415E+01  0.84279426E+01  0.85232008E+01
  0.84976536E+01  0.83670870E+01  0.81508786E+01  0.78655328E+01  0.75272176E+01
  0.71492750E+01  0.67437760E+01  0.63203331E+01  0.58885370E+01  0.54566607E+01
  0.50314981E+01  0.46164624E+01  0.42125561E+01  0.38216410E+01  0.34484990E+01
  0.30990478E+01  0.27768175E+01  0.24819267E+01  0.22127742E+01  0.19682389E+01
  0.17480417E+01  0.15517384E+01  0.13778392E+01  0.12239739E+01  0.10874116E+01
  0.96574954E+00  0.85709579E+00  0.76001328E+00  0.67341396E+00  0.59634686E+00
  0.52788028E+00  0.46694100E+00  0.41231827E+00  0.36276918E+00  0.31727517E+00
  0.27527627E+00  0.23675130E+00  0.20212682E+00  0.17195818E+00  0.14663677E+00
  0.12607827E+00  0.10965107E+00  0.96317977E-01  0.84896627E-01  0.74375097E-01
  0.64137947E-01  0.54025723E-01  0.44288773E-01  0.35381466E-01  0.27750791E-01
  0.21627884E-01  0.16961530E-01  0.13442408E-01  0.10654629E-01  0.82541074E-02
  0.60362705E-02  0.39736766E-02  0.21754226E-02  0.75790284E-03 -0.18242748E-03
  0.00000000E+00  0.00000000E+00  0.00000000E+00  0.00000000E+00  0.00000000E+00
  0.00000000E+00  0.00000000E+00  0.00000000E+00  0.00000000E+00  0.00000000E+00
  0.00000000E+00  0.00000000E+00  0.00000000E+00  0.00000000E+00  0.00000000E+00
  0.00000000E+00  0.00000000E+00  0.00000000E+00  0.00000000E+00  0.00000000E+00
  0.00000000E+00  0.00000000E+00  0.00000000E+00  0.00000000E+00  0.00000000E+00
  0.00000000E+00  0.00000000E+00  0.00000000E+00  0.00000000E+00  0.00000000E+00
  0.00000000E+00  0.00000000E+00  0.00000000E+00  0.00000000E+00  0.00000000E+00
  0.00000000E+00  0.00000000E+00  0.00000000E+00  0.00000000E+00  0.00000000E+00
  0.00000000E+00  0.00000000E+00  0.00000000E+00  0.00000000E+00  0.00000000E+00
  0.00000000E+00  0.00000000E+00  0.00000000E+00  0.00000000E+00  0.00000000E+00
  0.00000000E+00  0.00000000E+00  0.00000000E+00  0.00000000E+00  0.00000000E+00
  0.00000000E+00  0.00000000E+00  0.00000000E+00  0.00000000E+00
  0.10000000E+01  0.28352518E+01  0.44264790E+01  0.57361754E+01  0.68347126E+01
  0.77267058E+01  0.84615965E+01  0.90346302E+01  0.94709073E+01  0.97708829E+01
  0.99514490E+01  0.10021117E+02  0.99950338E+01  0.98845057E+01  0.97023926E+01
  0.94594538E+01  0.91664267E+01  0.88324670E+01  0.84671202E+01  0.80790946E+01
  0.76761538E+01  0.72635364E+01  0.68445554E+01  0.64231222E+01  0.60054511E+01
  0.55985930E+01  0.52074616E+01  0.48340114E+01  0.44786212E+01  0.41419971E+01
  0.38254123E+01  0.35297713E+01  0.32547910E+01  0.29992177E+01  0.27612901E+01
  0.25394938E+01  0.23326997E+01  0.21401063E+01  0.19612183E+01  0.17955181E+01
  0.16424300E+01  0.15011907E+01  0.13708621E+01  0.12502983E+01  0.11384814E+01
  0.10347005E+01  0.93862443E+00  0.85030790E+00  0.76994201E+00  0.69753497E+00
  0.63273884E+00  0.57474423E+00  0.52244831E+00  0.47465482E+00  0.43033870E+00
  0.38879347E+00  0.34970485E+00  0.31314684E+00  0.27942132E+00  0.24884458E+00
  0.22156511E+00  0.19743067E+00  0.17609864E+00  0.15712586E+00  0.14011275E+00
  0.12481951E+00  0.11109840E+00  0.98848334E-01  0.87983377E-01  0.78416133E-01
  0.70075734E-01  0.62944480E-01  0.56997116E-01  0.52182349E-01  0.48351915E-01
  0.45211139E-01  0.42438029E-01  0.39661814E-01  0.36589174E-01  0.33076571E-01
  0.29104554E-01  0.24800142E-01  0.20368631E-01  0.16033731E-01  0.12009836E-01
  0.84838769E-02  0.55949774E-02  0.34395131E-02  0.20638735E-02  0.14473939E-02
  0.15216759E-02  0.21563568E-02  0.31613848E-02  0.43467924E-02  0.55294557E-02
  0.65745110E-02  0.73936109E-02  0.79384155E-02  0.81861432E-02  0.81270673E-02
  0.77377395E-02  0.70010836E-02  0.59172872E-02  0.45267215E-02  0.29217444E-02
  0.12509471E-02 -0.32107537E-03  0.00000000E+00  0.00000000E+00  0.00000000E+00
  0.00000000E+00  0.00000000E+00  0.00000000E+00  0.00000000E+00  0.00000000E+00
  0.00000000E+00  0.00000000E+00  0.00000000E+00  0.00000000E+00  0.00000000E+00
  0.00000000E+00  0.00000000E+00  0.00000000E+00  0.00000000E+00  0.00000000E+00
  0.00000000E+00  0.00000000E+00  0.00000000E+00  0.00000000E+00
  0.10000000E+01  0.28506638E+01  0.44836944E+01  0.58613425E+01  0.70519820E+01
  0.80519006E+01  0.89111042E+01  0.96185787E+01  0.10201796E+02  0.10656427E+02
  0.10999953E+02  0.11236124E+02  0.11378528E+02  0.11434471E+02  0.11414511E+02
  0.11326427E+02  0.11178926E+02  0.10979368E+02  0.10735825E+02  0.10455826E+02
  0.10146385E+02  0.98127054E+01  0.94586066E+01  0.90883634E+01  0.87080850E+01
  0.83245392E+01  0.79428383E+01  0.75658316E+01  0.71950685E+01  0.68323540E+01
  0.64799228E+01  0.61396196E+01  0.58122422E+01  0.54977371E+01  0.51955098E+01
  0.49051267E+01  0.46263843E+01  0.43592654E+01  0.41040049E+01  0.38607341E+01
  0.36294671E+01  0.34100523E+01  0.32021971E+01  0.30052689E+01  0.28186724E+01
  0.26420084E+01  0.24750706E+01  0.23179159E+01  0.21707372E+01  0.20334615E+01
  0.19057273E+01  0.17867104E+01  0.16754075E+01  0.15707637E+01  0.14719063E+01
  0.13781673E+01  0.12891888E+01  0.12048469E+01  0.11252660E+01  0.10506372E+01
  0.98101254E+00  0.91625118E+00  0.85599469E+00  0.79977652E+00  0.74720131E+00
  0.69798615E+00  0.65194139E+00  0.60892532E+00  0.56874697E+00  0.53119470E+00
  0.49610588E+00  0.46338925E+00  0.43299390E+00  0.40490017E+00  0.37896403E+00
  0.35491144E+00  0.33239307E+00  0.31102984E+00  0.29053618E+00  0.27075562E+00
  0.25166594E+00  0.23333179E+00  0.21584150E+00  0.19930651E+00  0.18382135E+00
  0.16949178E+00  0.15638194E+00  0.14452053E+00  0.13392535E+00  0.12452468E+00
  0.11621713E+00  0.10886842E+00  0.10230394E+00  0.96345872E-01  0.90814876E-01
  0.85588121E-01  0.80569677E-01  0.75690634E-01  0.70917686E-01  0.66229898E-01
  0.61597390E-01  0.56983407E-01  0.52389401E-01  0.47837328E-01  0.43401877E-01
  0.39156511E-01  0.35215009E-01  0.31648555E-01  0.28518600E-01  0.25842197E-01
  0.23612390E-01  0.21788962E-01  0.20303311E-01  0.19097159E-01  0.18088557E-01
  0.17251960E-01  0.16554866E-01  0.15983955E-01  0.15507927E-01  0.15089656E-01
  0.14694485E-01  0.14252522E-01  0.13742037E-01  0.13121060E-01  0.12356367E-01
  0.11441084E-01  0.10361161E-01  0.91473834E-02  0.78382486E-02
  0.10000000E+01  0.28709357E+01  0.45582541E+01  0.60249921E+01  0.73351966E+01
  0.84757487E+01  0.94962064E+01  0.10378231E+02  0.11152046E+02  0.11807524E+02
  0.12363432E+02  0.12817801E+02  0.13182981E+02  0.13461424E+02  0.13661306E+02
  0.13786741E+02  0.13844093E+02  0.13838321E+02  0.13775581E+02  0.13661650E+02
  0.13502325E+02  0.13302357E+02  0.13065768E+02  0.12796868E+02  0.12501243E+02
  0.12184965E+02  0.11853030E+02  0.11509001E+02  0.11155536E+02  0.10795441E+02
  0.10431824E+02  0.10067446E+02  0.97042885E+01  0.93437074E+01  0.89865339E+01
  0.86336665E+01  0.82860601E+01  0.79446726E+01  0.76106576E+01  0.72849651E+01
  0.69683634E+01  0.66614747E+01  0.63647833E+01  0.60783226E+01  0.58020896E+01
  0.55361356E+01  0.52805054E+01  0.50354020E+01  0.48011198E+01  0.45776313E+01
  0.43647120E+01  0.41617192E+01  0.39679307E+01  0.37825800E+01  0.36050684E+01
  0.34348656E+01  0.32716066E+01  0.31150816E+01  0.29652892E+01  0.28222999E+01
  0.26861368E+01  0.25566431E+01  0.24334723E+01  0.23161909E+01  0.22044290E+01
  0.20979078E+01  0.19963995E+01  0.18996716E+01  0.18074313E+01  0.17193917E+01
  0.16352906E+01  0.15549774E+01  0.14784122E+01  0.14055895E+01  0.13364120E+01
  0.12706591E+01  0.12079807E+01  0.11480080E+01  0.10904636E+01  0.10351961E+01
  0.98215702E+00  0.93133624E+00  0.88274090E+00  0.83637097E+00  0.79220921E+00
  0.75024972E+00  0.71052537E+00  0.67302253E+00  0.63770416E+00  0.60449159E+00
  0.57325270E+00  0.54384953E+00  0.51608722E+00  0.48980879E+00  0.46485944E+00
  0.44109350E+00  0.41840381E+00  0.39670711E+00  0.37594078E+00  0.35606984E+00
  0.33705455E+00  0.31885144E+00  0.30140424E+00  0.28470135E+00  0.26874224E+00
  0.25354414E+00  0.23916100E+00  0.22562068E+00  0.21293665E+00  0.20105699E+00
  0.18993977E+00  0.17952190E+00  0.16975211E+00  0.16061249E+00  0.15204121E+00
  0.14402763E+00  0.13650020E+00  0.12939150E+00  0.12267121E+00  0.11629927E+00
  0.11026240E+00  0.10450939E+00  0.99009365E-01  0.93706662E-01  0.88546226E-01
  0.83525257E-01  0.78630988E-01  0.73889822E-01  0.69328220E-01
  0.10000000E+01  0.28866496E+01  0.46150440E+01  0.61504063E+01  0.75518111E+01
  0.88011431E+01  0.99469508E+01  0.10966120E+02  0.11891571E+02  0.12708447E+02
  0.13437965E+02  0.14073433E+02  0.14627829E+02  0.15099568E+02  0.15496077E+02
  0.15818309E+02  0.16071230E+02  0.16257491E+02  0.16381695E+02  0.16447741E+02
  0.16460068E+02  0.16422398E+02  0.16338265E+02  0.16211328E+02  0.16046188E+02
  0.15847791E+02  0.15620457E+02  0.15367695E+02  0.15092443E+02  0.14797753E+02
  0.14486887E+02  0.14162889E+02  0.13828323E+02  0.13485329E+02  0.13135642E+02
  0.12781023E+02  0.12423191E+02  0.12063790E+02  0.11704596E+02  0.11347152E+02
  0.10992834E+02  0.10642895E+02  0.10298469E+02  0.99602063E+01  0.96286886E+01
  0.93044840E+01  0.89880120E+01  0.86798012E+01  0.83804237E+01  0.80901110E+01
  0.78089406E+01  0.75365894E+01  0.72727246E+01  0.70169553E+01  0.67690429E+01
  0.65287252E+01  0.62957627E+01  0.60699821E+01  0.58513926E+01  0.56400676E+01
  0.54360645E+01  0.52393127E+01  0.50495685E+01  0.48664983E+01  0.46898188E+01
  0.45193214E+01  0.43547968E+01  0.41960336E+01  0.40427501E+01  0.38946467E+01
  0.37514583E+01  0.36130157E+01  0.34792597E+01  0.33501994E+01  0.32258117E+01
  0.31059071E+01  0.29901934E+01  0.28783743E+01  0.27702037E+01  0.26655541E+01
  0.25643874E+01  0.24666945E+01  0.23724359E+01  0.22815399E+01  0.21939399E+01
  0.21095697E+01  0.20283874E+01  0.19503429E+01  0.18753736E+01  0.18033948E+01
  0.17342831E+01  0.16678895E+01  0.16040619E+01  0.15426397E+01  0.14834786E+01
  0.14264737E+01  0.13715339E+01  0.13185783E+01  0.12675232E+01  0.12182868E+01
  0.11707879E+01  0.11249523E+01  0.10807372E+01  0.10381204E+01  0.99707096E+00
  0.95759327E+00  0.91966564E+00  0.88325913E+00  0.84832881E+00  0.81484548E+00
  0.78276505E+00  0.75201082E+00  0.72252184E+00  0.69423971E+00  0.66710346E+00
  0.64107760E+00  0.61608981E+00  0.59209150E+00  0.56903847E+00  0.54688405E+00
  0.52557883E+00  0.50506429E+00  0.48530273E+00  0.46624134E+00  0.44782676E+00
  0.43002279E+00  0.41281465E+00  0.39618893E+00  0.38015157E+00
  0.10000000E+01  0.29004537E+01  0.46646046E+01  0.62603525E+01  0.77417441E+01
  0.90873224E+01  0.10344386E+02  0.11485925E+02  0.12547410E+02  0.13509527E+02
  0.14396416E+02  0.15196956E+02  0.15925711E+02  0.16577387E+02  0.17159669E+02
  0.17670655E+02  0.18114672E+02  0.18492237E+02  0.18806857E+02  0.19060644E+02
  0.19256833E+02  0.19397956E+02  0.19486797E+02  0.19526120E+02  0.19519392E+02
  0.19470321E+02  0.19382336E+02  0.19258506E+02  0.19101583E+02  0.18914424E+02
  0.18700055E+02  0.18461409E+02  0.18201204E+02  0.17921940E+02  0.17625844E+02
  0.17315162E+02  0.16992062E+02  0.16658598E+02  0.16316924E+02  0.15968987E+02
  0.15616584E+02  0.15261421E+02  0.14905127E+02  0.14548878E+02  0.14193761E+02
  0.13840821E+02  0.13490901E+02  0.13144877E+02  0.12803653E+02  0.12467795E+02
  0.12137736E+02  0.11813562E+02  0.11495375E+02  0.11183219E+02  0.10877245E+02
  0.10577517E+02  0.10284030E+02  0.99967762E+01  0.97158759E+01  0.94415070E+01
  0.91738423E+01  0.89129301E+01  0.86586499E+01  0.84108362E+01  0.81693542E+01
  0.79340927E+01  0.77049248E+01  0.74817093E+01  0.72642511E+01  0.70523046E+01
  0.68456597E+01  0.66441836E+01  0.64478569E+01  0.62567412E+01  0.60708465E+01
  0.58900701E+01  0.57141782E+01  0.55429209E+01  0.53761196E+01  0.52137084E+01
  0.50556856E+01  0.49020245E+01  0.47526634E+01  0.46074985E+01  0.44664446E+01
  0.43294203E+01  0.41963544E+01  0.40671859E+01  0.39418500E+01  0.38202680E+01
  0.37023298E+01  0.35879182E+01  0.34768999E+01  0.33691355E+01  0.32645110E+01
  0.31629298E+01  0.30643083E+01  0.29685715E+01  0.28756349E+01  0.27854065E+01
  0.26977898E+01  0.26127106E+01  0.25301007E+01  0.24499319E+01  0.23721819E+01
  0.22968144E+01  0.22237730E+01  0.21529927E+01  0.20844109E+01  0.20179811E+01
  0.19536548E+01  0.18913674E+01  0.18310436E+01  0.17726265E+01  0.17160535E+01
  0.16612495E+01  0.16081645E+01  0.15567353E+01  0.15068980E+01  0.14585887E+01
  0.14117826E+01  0.13664369E+01  0.13224977E+01  0.12799248E+01  0.12386437E+01
  0.11986018E+01  0.11597568E+01  0.11221025E+01  0.10856088E+01
  0.10000000E+01  0.29113652E+01  0.47043408E+01  0.63489246E+01  0.78957628E+01
  0.93206664E+01  0.10670515E+02  0.11914654E+02  0.13091179E+02  0.14176333E+02
  0.15197511E+02  0.16139256E+02  0.17018586E+02  0.17826708E+02  0.18572719E+02
  0.19252242E+02  0.19870035E+02  0.20424833E+02  0.20919813E+02  0.21355645E+02
  0.21734832E+02  0.22058842E+02  0.22329759E+02  0.22549482E+02  0.22720462E+02
  0.22845306E+02  0.22926503E+02  0.22966407E+02  0.22967196E+02  0.22931169E+02
  0.22860771E+02  0.22758427E+02  0.22626511E+02  0.22467298E+02  0.22282942E+02
  0.22075614E+02  0.21847442E+02  0.21600464E+02  0.21336804E+02  0.21058428E+02
  0.20767217E+02  0.20465003E+02  0.20153585E+02  0.19834422E+02  0.19508913E+02
  0.19178402E+02  0.18844064E+02  0.18507061E+02  0.18168581E+02  0.17829527E+02
  0.17490704E+02  0.17152646E+02  0.16815878E+02  0.16480874E+02  0.16148163E+02
  0.15818158E+02  0.15491150E+02  0.15167417E+02  0.14847320E+02  0.14531238E+02
  0.14219524E+02  0.13912421E+02  0.13610003E+02  0.13312294E+02  0.13019362E+02
  0.12731270E+02  0.12448024E+02  0.12169631E+02  0.11896041E+02  0.11627150E+02
  0.11362861E+02  0.11103123E+02  0.10847976E+02  0.10597522E+02  0.10351857E+02
  0.10110956E+02  0.98746850E+01  0.96428778E+01  0.94154446E+01  0.91923907E+01
  0.89737439E+01  0.87594984E+01  0.85496094E+01  0.83440253E+01  0.81426900E+01
  0.79455571E+01  0.77525827E+01  0.75637334E+01  0.73789645E+01  0.71982248E+01
  0.70214536E+01  0.68485819E+01  0.66795228E+01  0.65141887E+01  0.63524971E+01
  0.61943754E+01  0.60397661E+01  0.58886215E+01  0.57408883E+01  0.55964911E+01
  0.54553583E+01  0.53174130E+01  0.51825949E+01  0.50508809E+01  0.49222644E+01
  0.47967122E+01  0.46741610E+01  0.45545477E+01  0.44378118E+01  0.43239058E+01
  0.42127843E+01  0.41043916E+01  0.39986681E+01  0.38955495E+01  0.37949914E+01
  0.36969339E+01  0.36013057E+01  0.35080367E+01  0.34170634E+01  0.33283468E+01
  0.32418409E+01  0.31575163E+01  0.30753113E+01  0.29951655E+01  0.29170063E+01
  0.28407757E+01  0.27664363E+01  0.26939678E+01  0.26233731E+01
  0.10000000E+01  0.29204459E+01  0.47379043E+01  0.64237381E+01  0.80263679E+01
  0.95188250E+01  0.10948123E+02  0.12280106E+02  0.13555341E+02  0.14745975E+02
  0.15882396E+02  0.16945203E+02  0.17953803E+02  0.18896244E+02  0.19783190E+02
  0.20608090E+02  0.21376407E+02  0.22085375E+02  0.22738156E+02  0.23334260E+02
  0.23875738E+02  0.24363228E+02  0.24798289E+02  0.25182145E+02  0.25516456E+02
  0.25802998E+02  0.26043497E+02  0.26239693E+02  0.26393231E+02  0.26505885E+02
  0.26579529E+02  0.26616064E+02  0.26617453E+02  0.26585630E+02  0.26522515E+02
  0.26430036E+02  0.26310116E+02  0.26164605E+02  0.25995451E+02  0.25804505E+02
  0.25593586E+02  0.25364505E+02  0.25119071E+02  0.24858858E+02  0.24585379E+02
  0.24300135E+02  0.24004495E+02  0.23699818E+02  0.23387469E+02  0.23068607E+02
  0.22744300E+02  0.22415404E+02  0.22082780E+02  0.21747236E+02  0.21409607E+02
  0.21070599E+02  0.20730812E+02  0.20390790E+02  0.20051118E+02  0.19712370E+02
  0.19375098E+02  0.19039742E+02  0.18706587E+02  0.18375873E+02  0.18047876E+02
  0.17722835E+02  0.17400902E+02  0.17082236E+02  0.16766943E+02  0.16455077E+02
  0.16146661E+02  0.15841745E+02  0.15540427E+02  0.15242877E+02  0.14949237E+02
  0.14659559E+02  0.14373795E+02  0.14091874E+02  0.13813774E+02  0.13539550E+02
  0.13269287E+02  0.13003013E+02  0.12740729E+02  0.12482409E+02  0.12228054E+02
  0.11977654E+02  0.11731203E+02  0.11488682E+02  0.11250079E+02  0.11015383E+02
  0.10784576E+02  0.10557625E+02  0.10334464E+02  0.10115055E+02  0.98993479E+01
  0.96873226E+01  0.94789698E+01  0.92742931E+01  0.90732647E+01  0.88758390E+01
  0.86819724E+01  0.84915947E+01  0.83046613E+01  0.81211787E+01  0.79411804E+01
  0.77646435E+01  0.75915160E+01  0.74217386E+01  0.72552583E+01  0.70920358E+01
  0.69320466E+01  0.67752539E+01  0.66216049E+01  0.64710614E+01  0.63236013E+01
  0.61791766E+01  0.60377285E+01  0.58991982E+01  0.57635489E+01  0.56307380E+01
  0.55007303E+01  0.53734930E+01  0.52489776E+01  0.51271291E+01  0.50078746E+01
  0.48911603E+01  0.47769364E+01  0.46652016E+01  0.45559454E+01
  0.10000000E+01  0.29256387E+01  0.47574475E+01  0.64678058E+01  0.81039197E+01
  0.96378429E+01  0.11116211E+02  0.12503520E+02  0.13841018E+02  0.15099006E+02
  0.16309137E+02  0.17450087E+02  0.18542645E+02  0.19573210E+02  0.20553647E+02
  0.21476230E+02  0.22347227E+02  0.23163057E+02  0.23927197E+02  0.24638588E+02
  0.25299280E+02  0.25909495E+02  0.26470592E+02  0.26983450E+02  0.27449380E+02
  0.27869749E+02  0.28245891E+02  0.28579147E+02  0.28870790E+02  0.29122181E+02
  0.29334785E+02  0.29510058E+02  0.29649557E+02  0.29754762E+02  0.29827202E+02
  0.29868388E+02  0.29879878E+02  0.29863152E+02  0.29819810E+02  0.29751359E+02
  0.29659332E+02  0.29545249E+02  0.29410667E+02  0.29256948E+02  0.29085437E+02
  0.28897469E+02  0.28694327E+02  0.28477280E+02  0.28247627E+02  0.28006512E+02
  0.27755011E+02  0.27494041E+02  0.27224523E+02  0.26947355E+02  0.26663456E+02
  0.26373648E+02  0.26078653E+02  0.25779167E+02  0.25475923E+02  0.25169628E+02
  0.24860947E+02  0.24550464E+02  0.24238650E+02  0.23925926E+02  0.23612724E+02
  0.23299440E+02  0.22986395E+02  0.22673891E+02  0.22362168E+02  0.22051433E+02
  0.21741864E+02  0.21433631E+02  0.21126931E+02  0.20822011E+02  0.20519104E+02
  0.20218340E+02  0.19919790E+02  0.19623462E+02  0.19329427E+02  0.19037793E+02
  0.18748700E+02  0.18462222E+02  0.18178398E+02  0.17897266E+02  0.17618880E+02
  0.17343288E+02  0.17070508E+02  0.16800574E+02  0.16533508E+02  0.16269334E+02
  0.16008061E+02  0.15749688E+02  0.15494196E+02  0.15241578E+02  0.14991845E+02
  0.14745006E+02  0.14501076E+02  0.14260079E+02  0.14022031E+02  0.13786928E+02
  0.13554756E+02  0.13325494E+02  0.13099134E+02  0.12875716E+02  0.12655296E+02
  0.12437880E+02  0.12223447E+02  0.12011956E+02  0.11803388E+02  0.11597738E+02
  0.11394999E+02  0.11195153E+02  0.10998188E+02  0.10804099E+02  0.10612872E+02
  0.10424500E+02  0.10238959E+02  0.10056220E+02  0.98762553E+01  0.96990574E+01
  0.95246320E+01  0.93529600E+01  0.91840043E+01  0.90177228E+01  0.88540773E+01
  0.86930258E+01  0.85345373E+01  0.83786204E+01  0.82252779E+01
  0.10000000E+01  0.29306731E+01  0.47761063E+01  0.65099425E+01  0.81777512E+01
  0.97511223E+01  0.11275712E+02  0.12715354E+02  0.14111302E+02  0.15432755E+02
  0.16711954E+02  0.17926287E+02  0.19097298E+02  0.20210204E+02  0.21277586E+02
  0.22290821E+02  0.23256644E+02  0.24170815E+02  0.25036970E+02  0.25853548E+02
  0.26622531E+02  0.27343786E+02  0.28018503E+02  0.28647276E+02  0.29231114E+02
  0.29771052E+02  0.30268089E+02  0.30723275E+02  0.31137590E+02  0.31512098E+02
  0.31847946E+02  0.32146255E+02  0.32408281E+02  0.32635174E+02  0.32828204E+02
  0.32988566E+02  0.33117562E+02  0.33216379E+02  0.33286368E+02  0.33328757E+02
  0.33344858E+02  0.33335941E+02  0.33303364E+02  0.33248313E+02  0.33171994E+02
  0.33075589E+02  0.32960280E+02  0.32827225E+02  0.32677639E+02  0.32512600E+02
  0.32333144E+02  0.32140192E+02  0.31934701E+02  0.31717600E+02  0.31489843E+02
  0.31252307E+02  0.31005803E+02  0.30751111E+02  0.30489029E+02  0.30220345E+02
  0.29945820E+02  0.29666143E+02  0.29381898E+02  0.29093639E+02  0.28801941E+02
  0.28507309E+02  0.28210183E+02  0.27910980E+02  0.27610082E+02  0.27307819E+02
  0.27004496E+02  0.26700408E+02  0.26395859E+02  0.26091190E+02  0.25786706E+02
  0.25482646E+02  0.25179160E+02  0.24876368E+02  0.24574404E+02  0.24273455E+02
  0.23973702E+02  0.23675273E+02  0.23378253E+02  0.23082726E+02  0.22788794E+02
  0.22496548E+02  0.22206051E+02  0.21917363E+02  0.21630541E+02  0.21345648E+02
  0.21062743E+02  0.20781861E+02  0.20503011E+02  0.20226222E+02  0.19951532E+02
  0.19678979E+02  0.19408598E+02  0.19140431E+02  0.18874508E+02  0.18610845E+02
  0.18349450E+02  0.18090331E+02  0.17833497E+02  0.17579005E+02  0.17326924E+02
  0.17077293E+02  0.16830110E+02  0.16585356E+02  0.16343037E+02  0.16103173E+02
  0.15865794E+02  0.15630900E+02  0.15398513E+02  0.15168648E+02  0.14941319E+02
  0.14716511E+02  0.14494220E+02  0.14274437E+02  0.14057158E+02  0.13842396E+02
  0.13630178E+02  0.13420514E+02  0.13213377E+02  0.13008747E+02  0.12806608E+02
  0.12606946E+02  0.12409754E+02  0.12215063E+02  0.12022912E+02
  0.10000000E+01  0.29333811E+01  0.47863314E+01  0.65334159E+01  0.82193240E+01
  0.98159038E+01  0.11367917E+02  0.12839380E+02  0.14270997E+02  0.15631838E+02
  0.16954062E+02  0.18214714E+02  0.19435664E+02  0.20601638E+02  0.21725775E+02
  0.22798896E+02  0.23828334E+02  0.24809278E+02  0.25745849E+02  0.26635975E+02
  0.27481998E+02  0.28283364E+02  0.29041469E+02  0.29756582E+02  0.30429803E+02
  0.31061927E+02  0.31653932E+02  0.32206651E+02  0.32720960E+02  0.33197727E+02
  0.33637959E+02  0.34042557E+02  0.34412619E+02  0.34749046E+02  0.35052937E+02
  0.35325207E+02  0.35566998E+02  0.35779225E+02  0.35963071E+02  0.36119477E+02
  0.36249589E+02  0.36354411E+02  0.36435128E+02  0.36492670E+02  0.36528084E+02
  0.36542321E+02  0.36536406E+02  0.36511292E+02  0.36468028E+02  0.36407530E+02
  0.36330711E+02  0.36238353E+02  0.36131296E+02  0.36010341E+02  0.35876341E+02
  0.35730069E+02  0.35572278E+02  0.35403691E+02  0.35225069E+02  0.35037146E+02
  0.34840657E+02  0.34636276E+02  0.34424587E+02  0.34206159E+02  0.33981557E+02
  0.33751331E+02  0.33515947E+02  0.33275879E+02  0.33031534E+02  0.32783299E+02
  0.32531534E+02  0.32276588E+02  0.32018817E+02  0.31758602E+02  0.31496315E+02
  0.31232243E+02  0.30966615E+02  0.30699612E+02  0.30431452E+02  0.30162357E+02
  0.29892556E+02  0.29622222E+02  0.29351514E+02  0.29080571E+02  0.28809542E+02
  0.28538563E+02  0.28267744E+02  0.27997198E+02  0.27727031E+02  0.27457338E+02
  0.27188207E+02  0.26919700E+02  0.26651866E+02  0.26384766E+02  0.26118464E+02
  0.25853027E+02  0.25588533E+02  0.25325058E+02  0.25062662E+02  0.24801395E+02
  0.24541295E+02  0.24282392E+02  0.24024714E+02  0.23768344E+02  0.23513380E+02
  0.23259881E+02  0.23007864E+02  0.22757336E+02  0.22508320E+02  0.22260847E+02
  0.22014951E+02  0.21770658E+02  0.21528005E+02  0.21287028E+02  0.21047755E+02
  0.20810203E+02  0.20574380E+02  0.20340286E+02  0.20107928E+02  0.19877334E+02
  0.19648545E+02  0.19421591E+02  0.19196473E+02  0.18973189E+02  0.18751733E+02
  0.18532097E+02  0.18314299E+02  0.18098378E+02  0.17884380E+02
  0.10000000E+01  0.29365226E+01  0.47981958E+01  0.65603337E+01  0.82668294E+01
  0.98892154E+01  0.11471701E+02  0.12977908E+02  0.14448464E+02  0.15851806E+02
  0.17220390E+02  0.18530510E+02  0.19804561E+02  0.21026500E+02  0.22210088E+02
  0.23345423E+02  0.24440418E+02  0.25489599E+02  0.26497535E+02  0.27461568E+02
  0.28384359E+02  0.29264883E+02  0.30104729E+02  0.30903805E+02  0.31663255E+02
  0.32383575E+02  0.33065694E+02  0.33710228E+02  0.34317963E+02  0.34889576E+02
  0.35425949E+02  0.35927779E+02  0.36396029E+02  0.36831377E+02  0.37234797E+02
  0.37606976E+02  0.37948934E+02  0.38261356E+02  0.38545307E+02  0.38801506E+02
  0.39030984E+02  0.39234512E+02  0.39413159E+02  0.39567657E+02  0.39698959E+02
  0.39807832E+02  0.39895212E+02  0.39961895E+02  0.40008834E+02  0.40036820E+02
  0.40046688E+02  0.40039136E+02  0.40014943E+02  0.39974838E+02  0.39919616E+02
  0.39849993E+02  0.39766686E+02  0.39670384E+02  0.39561822E+02  0.39441705E+02
  0.39310747E+02  0.39169608E+02  0.39018886E+02  0.38859152E+02  0.38690997E+02
  0.38514980E+02  0.38331607E+02  0.38141374E+02  0.37944747E+02  0.37742155E+02
  0.37534012E+02  0.37320710E+02  0.37102654E+02  0.36880263E+02  0.36653943E+02
  0.36424032E+02  0.36190824E+02  0.35954556E+02  0.35715481E+02  0.35473876E+02
  0.35230006E+02  0.34984094E+02  0.34736322E+02  0.34486878E+02  0.34235954E+02
  0.33983730E+02  0.33730333E+02  0.33475911E+02  0.33220610E+02  0.32964562E+02
  0.32707883E+02  0.32450669E+02  0.32193007E+02  0.31934986E+02  0.31676698E+02
  0.31418237E+02  0.31159698E+02  0.30901177E+02  0.30642750E+02  0.30384495E+02
  0.30126478E+02  0.29868762E+02  0.29611394E+02  0.29354468E+02  0.29098082E+02
  0.28842317E+02  0.28587215E+02  0.28332809E+02  0.28079137E+02  0.27826249E+02
  0.27574208E+02  0.27323054E+02  0.27072835E+02  0.26823593E+02  0.26575374E+02
  0.26328210E+02  0.26082124E+02  0.25837129E+02  0.25593252E+02  0.25350535E+02
  0.25109030E+02  0.24868766E+02  0.24629759E+02  0.24392015E+02  0.24155559E+02
  0.23920403E+02  0.23686579E+02  0.23454126E+02  0.23223101E+02
  0.10000000E+01  0.29384999E+01  0.48060636E+01  0.65783424E+01  0.82991912E+01
  0.99397460E+01  0.11544199E+02  0.13075710E+02  0.14575029E+02  0.16010041E+02
  0.17413515E+02  0.18761180E+02  0.20075950E+02  0.21341179E+02  0.22571280E+02
  0.23755696E+02  0.24903039E+02  0.26007142E+02  0.27073227E+02  0.28097974E+02
  0.29084599E+02  0.30031503E+02  0.30940680E+02  0.31811603E+02  0.32645680E+02
  0.33443108E+02  0.34204938E+02  0.34931567E+02  0.35623812E+02  0.36282157E+02
  0.36907486E+02  0.37500297E+02  0.38061555E+02  0.38591699E+02  0.39091701E+02
  0.39561988E+02  0.40003586E+02  0.40416919E+02  0.40803037E+02  0.41162414E+02
  0.41496047E+02  0.41804468E+02  0.42088686E+02  0.42349214E+02  0.42586935E+02
  0.42802402E+02  0.42996463E+02  0.43169723E+02  0.43323041E+02  0.43457043E+02
  0.43572465E+02  0.43669852E+02  0.43749873E+02  0.43813116E+02  0.43860269E+02
  0.43891927E+02  0.43908714E+02  0.43911232E+02  0.43900132E+02  0.43876036E+02
  0.43839571E+02  0.43791333E+02  0.43731853E+02  0.43661660E+02  0.43581282E+02
  0.43491245E+02  0.43392028E+02  0.43284098E+02  0.43167897E+02  0.43043836E+02
  0.42912321E+02  0.42773734E+02  0.42628480E+02  0.42476990E+02  0.42319673E+02
  0.42156881E+02  0.41988915E+02  0.41816046E+02  0.41638553E+02  0.41456735E+02
  0.41270884E+02  0.41081259E+02  0.40888095E+02  0.40691608E+02  0.40492026E+02
  0.40289544E+02  0.40084341E+02  0.39876577E+02  0.39666436E+02  0.39454075E+02
  0.39239654E+02  0.39023294E+02  0.38805104E+02  0.38585199E+02  0.38363694E+02
  0.38140702E+02  0.37916333E+02  0.37690702E+02  0.37463918E+02  0.37236086E+02
  0.37007300E+02  0.36777636E+02  0.36547180E+02  0.36316030E+02  0.36084308E+02
  0.35852098E+02  0.35619473E+02  0.35386482E+02  0.35153181E+02  0.34919638E+02
  0.34685914E+02  0.34452069E+02  0.34218156E+02  0.33984247E+02  0.33750389E+02
  0.33516632E+02  0.33283003E+02  0.33049540E+02  0.32816285E+02  0.32583295E+02
  0.32350629E+02  0.32118333E+02  0.31886430E+02  0.31654936E+02  0.31423880E+02
  0.31193291E+02  0.30963206E+02  0.30733678E+02  0.30504769E+02
  0.10000000E+01  0.29401746E+01  0.48127909E+01  0.65935450E+01  0.83264882E+01
  0.99819620E+01  0.11604551E+02  0.13156547E+02  0.14679250E+02  0.16139672E+02
  0.17571178E+02  0.18948736E+02  0.20295844E+02  0.21595194E+02  0.22861768E+02
  0.24084400E+02  0.25272232E+02  0.26418508E+02  0.27528923E+02  0.28599616E+02
  0.29634195E+02  0.30630607E+02  0.31591138E+02  0.32514926E+02  0.33403536E+02
  0.34256930E+02  0.35076219E+02  0.35861647E+02  0.36614042E+02  0.37333772E+02
  0.38021711E+02  0.38678221E+02  0.39304265E+02  0.39900133E+02  0.40466825E+02
  0.41004607E+02  0.41514527E+02  0.41996849E+02  0.42452645E+02  0.42882222E+02
  0.43286582E+02  0.43666107E+02  0.44021801E+02  0.44354039E+02  0.44663693E+02
  0.44951192E+02  0.45217371E+02  0.45462720E+02  0.45688058E+02  0.45893908E+02
  0.46080976E+02  0.46249729E+02  0.46400797E+02  0.46534689E+02  0.46652044E+02
  0.46753385E+02  0.46839291E+02  0.46910303E+02  0.46967029E+02  0.47010039E+02
  0.47039909E+02  0.47057192E+02  0.47062376E+02  0.47055962E+02  0.47038431E+02
  0.47010275E+02  0.46971936E+02  0.46923870E+02  0.46866494E+02  0.46800198E+02
  0.46725372E+02  0.46642387E+02  0.46551637E+02  0.46453530E+02  0.46348466E+02
  0.46236787E+02  0.46118810E+02  0.45994809E+02  0.45865073E+02  0.45729900E+02
  0.45589580E+02  0.45444372E+02  0.45294521E+02  0.45140252E+02  0.44981805E+02
  0.44819381E+02  0.44653176E+02  0.44483372E+02  0.44310160E+02  0.44133704E+02
  0.43954175E+02  0.43771710E+02  0.43586442E+02  0.43398497E+02  0.43208010E+02
  0.43015129E+02  0.42819988E+02  0.42622712E+02  0.42423411E+02  0.42222207E+02
  0.42019214E+02  0.41814533E+02  0.41608246E+02  0.41400468E+02  0.41191330E+02
  0.40980936E+02  0.40769363E+02  0.40556672E+02  0.40342944E+02  0.40128244E+02
  0.39912650E+02  0.39696226E+02  0.39479052E+02  0.39261200E+02  0.39042744E+02
  0.38823741E+02  0.38604238E+02  0.38384274E+02  0.38163894E+02  0.37943166E+02
  0.37722156E+02  0.37500915E+02  0.37279462E+02  0.37057830E+02  0.36836059E+02
  0.36614190E+02  0.36392261E+02  0.36170330E+02  0.35948464E+02
  0.10000000E+01  0.29412423E+01  0.48174864E+01  0.66042021E+01  0.83461052E+01
  0.10012607E+02  0.11649042E+02  0.13216719E+02  0.14757647E+02  0.16237970E+02
  0.17691665E+02  0.19093046E+02  0.20466164E+02  0.21793183E+02  0.23089609E+02
  0.24343772E+02  0.25565352E+02  0.26747063E+02  0.27895127E+02  0.29005147E+02
  0.30081221E+02  0.31120808E+02  0.32126582E+02  0.33097287E+02  0.34034771E+02
  0.34938727E+02  0.35810444E+02  0.36649961E+02  0.37458228E+02  0.38235425E+02
  0.38982540E+02  0.39699735E+02  0.40388099E+02  0.41047690E+02  0.41679637E+02
  0.42283962E+02  0.42861841E+02  0.43413316E+02  0.43939552E+02  0.44440656E+02
  0.44917690E+02  0.45370857E+02  0.45801185E+02  0.46208888E+02  0.46594850E+02
  0.46959361E+02  0.47303239E+02  0.47626852E+02  0.47930991E+02  0.48216075E+02
  0.48482768E+02  0.48731445E+02  0.48962676E+02  0.49176874E+02  0.49374624E+02
  0.49556364E+02  0.49722630E+02  0.49873885E+02  0.50010683E+02  0.50133518E+02
  0.50242914E+02  0.50339354E+02  0.50423275E+02  0.50495116E+02  0.50555306E+02
  0.50604281E+02  0.50642440E+02  0.50670191E+02  0.50687913E+02  0.50695955E+02
  0.50694667E+02  0.50684384E+02  0.50665477E+02  0.50638324E+02  0.50603300E+02
  0.50560724E+02  0.50510889E+02  0.50454057E+02  0.50390495E+02  0.50320477E+02
  0.50244285E+02  0.50162182E+02  0.50074411E+02  0.49981208E+02  0.49882806E+02
  0.49779416E+02  0.49671218E+02  0.49558397E+02  0.49441139E+02  0.49319631E+02
  0.49194041E+02  0.49064519E+02  0.48931207E+02  0.48794245E+02  0.48653774E+02
  0.48509921E+02  0.48362826E+02  0.48212619E+02  0.48059438E+02  0.47903405E+02
  0.47744647E+02  0.47583274E+02  0.47419383E+02  0.47253101E+02  0.47084563E+02
  0.46913882E+02  0.46741154E+02  0.46566461E+02  0.46389896E+02  0.46211542E+02
  0.46031480E+02  0.45849773E+02  0.45666506E+02  0.45481765E+02  0.45295629E+02
  0.45108154E+02  0.44919397E+02  0.44729408E+02  0.44538242E+02  0.44345966E+02
  0.44152652E+02  0.43958351E+02  0.43763095E+02  0.43566928E+02  0.43369907E+02
  0.43172091E+02  0.42973536E+02  0.42774301E+02  0.42574456E+02
  0.10000000E+01  0.29433466E+01  0.48258129E+01  0.66229147E+01  0.83794969E+01
  0.10063947E+02  0.11722045E+02  0.13314007E+02  0.14882532E+02  0.16392684E+02
  0.17879155E+02  0.19315317E+02  0.20725880E+02  0.22092207E+02  0.23430411E+02
  0.24728114E+02  0.25995548E+02  0.27224767E+02  0.28422478E+02  0.29583666E+02
  0.30712822E+02  0.31806894E+02  0.32868858E+02  0.33897079E+02  0.34893557E+02
  0.35857691E+02  0.36790825E+02  0.37692813E+02  0.38564624E+02  0.39406282E+02
  0.40218780E+02  0.41002107E+02  0.41757373E+02  0.42484461E+02  0.43184556E+02
  0.43857499E+02  0.44504508E+02  0.45125445E+02  0.45721502E+02  0.46292622E+02
  0.46839884E+02  0.47363341E+02  0.47864026E+02  0.48342034E+02  0.48798257E+02
  0.49232874E+02  0.49646701E+02  0.50040001E+02  0.50413543E+02  0.50767656E+02
  0.51102991E+02  0.51419857E+02  0.51718810E+02  0.52000210E+02  0.52264616E+02
  0.52512417E+02  0.52744115E+02  0.52960132E+02  0.53160987E+02  0.53347144E+02
  0.53519090E+02  0.53677285E+02  0.53822134E+02  0.53954071E+02  0.54073494E+02
  0.54180823E+02  0.54276426E+02  0.54360696E+02  0.54434002E+02  0.54496683E+02
  0.54549084E+02  0.54591527E+02  0.54624380E+02  0.54648001E+02  0.54662757E+02
  0.54668956E+02  0.54666905E+02  0.54656866E+02  0.54639118E+02  0.54613940E+02
  0.54581618E+02  0.54542409E+02  0.54496557E+02  0.54444293E+02  0.54385864E+02
  0.54321485E+02  0.54251358E+02  0.54175667E+02  0.54094619E+02  0.54008407E+02
  0.53917212E+02  0.53821185E+02  0.53720475E+02  0.53615238E+02  0.53505624E+02
  0.53391779E+02  0.53273847E+02  0.53151971E+02  0.53026305E+02  0.52896990E+02
  0.52764167E+02  0.52627946E+02  0.52488448E+02  0.52345802E+02  0.52200163E+02
  0.52051651E+02  0.51900376E+02  0.51746439E+02  0.51589937E+02  0.51430966E+02
  0.51269610E+02  0.51105956E+02  0.50940090E+02  0.50772104E+02  0.50602076E+02
  0.50430081E+02  0.50256180E+02  0.50080433E+02  0.49902912E+02  0.49723705E+02
  0.49542903E+02  0.49360559E+02  0.49176713E+02  0.48991413E+02  0.48804723E+02
  0.48616712E+02  0.48427436E+02  0.48236964E+02  0.48045377E+02
  0.10000000E+01  0.29438224E+01  0.48281739E+01  0.66286356E+01  0.83904827E+01
  0.10081928E+02  0.11749005E+02  0.13351695E+02  0.14932789E+02  0.16457176E+02
  0.17959585E+02  0.19413354E+02  0.20843241E+02  0.22230655E+02  0.23591773E+02
  0.24914245E+02  0.26208391E+02  0.27466230E+02  0.28694585E+02  0.29888342E+02
  0.31052140E+02  0.32182774E+02  0.33283356E+02  0.34352077E+02  0.35391085E+02
  0.36399636E+02  0.37379199E+02  0.38329449E+02  0.39251460E+02  0.40145062E+02
  0.41011362E+02  0.41850146E+02  0.42662634E+02  0.43448489E+02  0.44208981E+02
  0.44943731E+02  0.45654023E+02  0.46339537E+02  0.47001484E+02  0.47639655E+02
  0.48255122E+02  0.48847816E+02  0.49418741E+02  0.49967870E+02  0.50496060E+02
  0.51003374E+02  0.51490594E+02  0.51957877E+02  0.52405952E+02  0.52835042E+02
  0.53245761E+02  0.53638330E+02  0.54013270E+02  0.54370832E+02  0.54711531E+02
  0.55035660E+02  0.55343691E+02  0.55635967E+02  0.55912967E+02  0.56175085E+02
  0.56422777E+02  0.56656445E+02  0.56876451E+02  0.57083177E+02  0.57276980E+02
  0.57458241E+02  0.57627288E+02  0.57784480E+02  0.57930156E+02  0.58064630E+02
  0.58188219E+02  0.58301219E+02  0.58403981E+02  0.58496836E+02  0.58580129E+02
  0.58654143E+02  0.58719177E+02  0.58775482E+02  0.58823322E+02  0.58862958E+02
  0.58894674E+02  0.58918724E+02  0.58935358E+02  0.58944808E+02  0.58947328E+02
  0.58943128E+02  0.58932408E+02  0.58915349E+02  0.58892162E+02  0.58863036E+02
  0.58828152E+02  0.58787662E+02  0.58741736E+02  0.58690535E+02  0.58634211E+02
  0.58572906E+02  0.58506765E+02  0.58435934E+02  0.58360556E+02  0.58280780E+02
  0.58196748E+02  0.58108590E+02  0.58016431E+02  0.57920407E+02  0.57820676E+02
  0.57717365E+02  0.57610598E+02  0.57500482E+02  0.57387118E+02  0.57270605E+02
  0.57151033E+02  0.57028492E+02  0.56903073E+02  0.56774872E+02  0.56643968E+02
  0.56510445E+02  0.56374370E+02  0.56235809E+02  0.56094835E+02  0.55951538E+02
  0.55806001E+02  0.55658282E+02  0.55508432E+02  0.55356510E+02  0.55202590E+02
  0.55046740E+02  0.54889027E+02  0.54729535E+02  0.54568339E+02
  0.10000000E+01  0.29436164E+01  0.48278394E+01  0.66281087E+01  0.83902132E+01
  0.10082202E+02  0.11750458E+02  0.13354799E+02  0.14938133E+02  0.16465298E+02
  0.17970998E+02  0.19428685E+02  0.20863047E+02  0.22255669E+02  0.23622658E+02
  0.24951816E+02  0.26253437E+02  0.27519609E+02  0.28757197E+02  0.29961084E+02
  0.31136007E+02  0.32278688E+02  0.33392354E+02  0.34475098E+02  0.35529216E+02
  0.36553864E+02  0.37550656E+02  0.38519148E+02  0.39460556E+02  0.40374569E+02
  0.41262448E+02  0.42123820E+02  0.42960061E+02  0.43770662E+02  0.44557032E+02
  0.45318636E+02  0.46056871E+02  0.46771298E+02  0.47463211E+02  0.48132315E+02
  0.48779723E+02  0.49405292E+02  0.50010029E+02  0.50593846E+02  0.51157597E+02
  0.51701295E+02  0.52225716E+02  0.52730970E+02  0.53217786E+02  0.53686334E+02
  0.54137215E+02  0.54570587E+02  0.54986950E+02  0.55386509E+02  0.55769756E+02
  0.56136939E+02  0.56488501E+02  0.56824754E+02  0.57146150E+02  0.57453053E+02
  0.57745874E+02  0.58024975E+02  0.58290691E+02  0.58543372E+02  0.58783339E+02
  0.59010928E+02  0.59226447E+02  0.59430212E+02  0.59622538E+02  0.59803696E+02
  0.59973987E+02  0.60133676E+02  0.60283093E+02  0.60422539E+02  0.60552339E+02
  0.60672761E+02  0.60784077E+02  0.60886514E+02  0.60980320E+02  0.61065745E+02
  0.61143053E+02  0.61212480E+02  0.61274257E+02  0.61328603E+02  0.61375749E+02
  0.61415900E+02  0.61449243E+02  0.61475957E+02  0.61496237E+02  0.61510270E+02
  0.61518225E+02  0.61520251E+02  0.61516505E+02  0.61507133E+02  0.61492289E+02
  0.61472109E+02  0.61446744E+02  0.61416328E+02  0.61381020E+02  0.61340949E+02
  0.61296255E+02  0.61247054E+02  0.61193470E+02  0.61135641E+02  0.61073718E+02
  0.61007839E+02  0.60938124E+02  0.60864691E+02  0.60787630E+02  0.60707033E+02
  0.60622979E+02  0.60535552E+02  0.60444853E+02  0.60350979E+02  0.60254026E+02
  0.60154075E+02  0.60051204E+02  0.59945463E+02  0.59836929E+02  0.59725686E+02
  0.59611824E+02  0.59495401E+02  0.59376468E+02  0.59255087E+02  0.59131335E+02
  0.59005285E+02  0.58877003E+02  0.58746560E+02  0.58614035E+02
  0.10000000E+01  0.29453237E+01  0.48346933E+01  0.66435682E+01  0.84179343E+01
  0.10124962E+02  0.11811436E+02  0.13436263E+02  0.15042890E+02  0.16595326E+02
  0.18128764E+02  0.19616002E+02  0.21082121E+02  0.22508207E+02  0.23910703E+02
  0.25276996E+02  0.26617688E+02  0.27924459E+02  0.29204466E+02  0.30452183E+02
  0.31672614E+02  0.32862102E+02  0.34024113E+02  0.35156416E+02  0.36261473E+02
  0.37338156E+02  0.38388191E+02  0.39410905E+02  0.40407617E+02  0.41377802E+02
  0.42322819E+02  0.43242068E+02  0.44137041E+02  0.45007007E+02  0.45853493E+02
  0.46675750E+02  0.47475267E+02  0.48251423E+02  0.49005575E+02  0.49737270E+02
  0.50447653E+02  0.51136464E+02  0.51804729E+02  0.52452260E+02  0.53079915E+02
  0.53687618E+02  0.54276146E+02  0.54845534E+02  0.55396493E+02  0.55929130E+02
  0.56444040E+02  0.56941329E+02  0.57421489E+02  0.57884671E+02  0.58331349E+02
  0.58761722E+02  0.59176224E+02  0.59575126E+02  0.59958864E+02  0.60327770E+02
  0.60682229E+02  0.61022584E+02  0.61349140E+02  0.61662230E+02  0.61962143E+02
  0.62249207E+02  0.62523706E+02  0.62785948E+02  0.63036232E+02  0.63274816E+02
  0.63501987E+02  0.63717985E+02  0.63923122E+02  0.64117682E+02  0.64301979E+02
  0.64476261E+02  0.64640802E+02  0.64795828E+02  0.64941586E+02  0.65078307E+02
  0.65206243E+02  0.65325618E+02  0.65436666E+02  0.65539595E+02  0.65634640E+02
  0.65721995E+02  0.65801856E+02  0.65874385E+02  0.65939791E+02  0.65998254E+02
  0.66049958E+02  0.66095041E+02  0.66133669E+02  0.66165995E+02  0.66192175E+02
  0.66212341E+02  0.66226632E+02  0.66235191E+02  0.66238180E+02  0.66235740E+02
  0.66228017E+02  0.66215142E+02  0.66197244E+02  0.66174455E+02  0.66146919E+02
  0.66114777E+02  0.66078160E+02  0.66037186E+02  0.65991960E+02  0.65942592E+02
  0.65889178E+02  0.65831809E+02  0.65770582E+02  0.65705603E+02  0.65636974E+02
  0.65564781E+02  0.65489101E+02  0.65409994E+02  0.65327553E+02  0.65241868E+02
  0.65153030E+02  0.65061096E+02  0.64966126E+02  0.64868179E+02  0.64767333E+02
  0.64663677E+02  0.64557300E+02  0.64448281E+02  0.64336699E+02
  0.10000000E+01  0.29437400E+01  0.48291241E+01  0.66316464E+01  0.83977536E+01
  0.10095377E+02  0.11771154E+02  0.13384822E+02  0.14979137E+02  0.16519102E+02
  0.18039000E+02  0.19512762E+02  0.20964541E+02  0.22376567E+02  0.23764407E+02
  0.25116484E+02  0.26442644E+02  0.27735443E+02  0.29001468E+02  0.30235872E+02
  0.31443294E+02  0.32620512E+02  0.33770803E+02  0.34892159E+02  0.35987076E+02
  0.37054521E+02  0.38096391E+02  0.39111951E+02  0.40102740E+02  0.41068096E+02
  0.42009640E+02  0.42926630E+02  0.43820792E+02  0.44691252E+02  0.45539715E+02
  0.46365337E+02  0.47169727E+02  0.47952227E+02  0.48714256E+02  0.49455382E+02
  0.50176764E+02  0.50878173E+02  0.51560616E+02  0.52223941E+02  0.52868977E+02
  0.53495667E+02  0.54104765E+02  0.54696320E+02  0.55271046E+02  0.55829031E+02
  0.56370870E+02  0.56896626E+02  0.57406793E+02  0.57901455E+02  0.58381086E+02
  0.58845822E+02  0.59296099E+02  0.59732125E+02  0.60154336E+02  0.60563017E+02
  0.60958545E+02  0.61341213E+02  0.61711300E+02  0.62069091E+02  0.62414842E+02
  0.62748823E+02  0.63071291E+02  0.63382507E+02  0.63682741E+02  0.63972197E+02
  0.64251129E+02  0.64519733E+02  0.64778302E+02  0.65027069E+02  0.65266313E+02
  0.65496243E+02  0.65717095E+02  0.65929056E+02  0.66132318E+02  0.66327079E+02
  0.66513559E+02  0.66691961E+02  0.66862477E+02  0.67025294E+02  0.67180613E+02
  0.67328609E+02  0.67469450E+02  0.67603271E+02  0.67730255E+02  0.67850550E+02
  0.67964315E+02  0.68071665E+02  0.68172751E+02  0.68267694E+02  0.68356631E+02
  0.68439664E+02  0.68516917E+02  0.68588504E+02  0.68654566E+02  0.68715223E+02
  0.68770612E+02  0.68820834E+02  0.68866007E+02  0.68906245E+02  0.68941691E+02
  0.68972459E+02  0.68998675E+02  0.69020437E+02  0.69037857E+02  0.69051029E+02
  0.69060039E+02  0.69064968E+02  0.69065897E+02  0.69062924E+02  0.69056128E+02
  0.69045592E+02  0.69031373E+02  0.69013531E+02  0.68992143E+02  0.68967298E+02
  0.68939079E+02  0.68907538E+02  0.68872726E+02  0.68834696E+02  0.68793526E+02
  0.68749291E+02  0.68702076E+02  0.68651956E+02  0.68599007E+02
   128
  0.10000000E+01  0.23748867E+01  0.30457857E+01  0.31217161E+01  0.28572671E+01
  0.24190805E+01  0.19388590E+01  0.14895765E+01  0.11105479E+01  0.80419189E+00
  0.56617306E+00  0.38498976E+00  0.25159063E+00  0.15476817E+00  0.86657355E-01
  0.41016728E-01  0.13982398E-01  0.46179748E-03 -0.50852297E-02 -0.68606908E-02
 -0.66962640E-02 -0.48401898E-02 -0.15877747E-02  0.21426499E-02  0.51610059E-02
  0.67057682E-02  0.66774700E-02  0.54916411E-02  0.37124565E-02  0.17859770E-02
 -0.96905354E-05 -0.15104082E-02 -0.25985271E-02  0.00000000E+00  0.00000000E+00
  0.00000000E+00  0.00000000E+00  0.00000000E+00  0.00000000E+00  0.00000000E+00
  0.00000000E+00  0.00000000E+00  0.00000000E+00  0.00000000E+00  0.00000000E+00
  0.00000000E+00  0.00000000E+00  0.00000000E+00  0.00000000E+00  0.00000000E+00
  0.00000000E+00  0.00000000E+00  0.00000000E+00  0.00000000E+00  0.00000000E+00
  0.00000000E+00  0.00000000E+00  0.00000000E+00  0.00000000E+00  0.00000000E+00
  0.00000000E+00  0.00000000E+00  0.00000000E+00  0.00000000E+00  0.00000000E+00
  0.00000000E+00  0.00000000E+00  0.00000000E+00  0.00000000E+00  0.00000000E+00
  0.00000000E+00  0.00000000E+00  0.00000000E+00  0.00000000E+00  0.00000000E+00
  0.00000000E+00  0.00000000E+00  0.00000000E+00  0.00000000E+00  0.00000000E+00
  0.00000000E+00  0.00000000E+00  0.00000000E+00  0.00000000E+00  0.00000000E+00
  0.00000000E+00  0.00000000E+00  0.00000000E+00  0.00000000E+00  0.00000000E+00
  0.00000000E+00  0.00000000E+00  0.00000000E+00  0.00000000E+00  0.00000000E+00
  0.00000000E+00  0.00000000E+00  0.00000000E+00  0.00000000E+00  0.00000000E+00
  0.00000000E+00  0.00000000E+00  0.00000000E+00  0.00000000E+00  0.00000000E+00
  0.00000000E+00  0.00000000E+00  0.00000000E+00  0.00000000E+00  0.00000000E+00
  0.00000000E+00  0.00000000E+00  0.00000000E+00  0.00000000E+00  0.00000000E+00
  0.00000000E+00  0.00000000E+00  0.00000000E+00  0.00000000E+00  0.00000000E+00
  0.00000000E+00  0.00000000E+00  0.00000000E+00  0.00000000E+00  0.00000000E+00
  0.00000000E+00  0.00000000E+00  0.00000000E+00  0.00000000E+00
  0.10000000E+01  0.25258216E+01  0.35465834E+01  0.40651526E+01  0.42190042E+01
  0.41055380E+01  0.38199869E+01  0.34346663E+01  0.30059792E+01  0.25612255E+01
  0.21249730E+01  0.17129369E+01  0.13412614E+01  0.10164290E+01  0.74411564E+00
  0.52474099E+00  0.35839947E+00  0.23825496E+00  0.15444993E+00  0.96983530E-01
  0.59075772E-01  0.36160442E-01  0.24187776E-01  0.18971655E-01  0.16803707E-01
  0.15206459E-01  0.13069926E-01  0.10276736E-01  0.71543771E-02  0.40870690E-02
  0.13497474E-02 -0.89347545E-03 -0.25520739E-02  0.00000000E+00  0.00000000E+00
  0.00000000E+00  0.00000000E+00  0.00000000E+00  0.00000000E+00  0.00000000E+00
  0.00000000E+00  0.00000000E+00  0.00000000E+00  0.00000000E+00  0.00000000E+00
  0.00000000E+00  0.00000000E+00  0.00000000E+00  0.00000000E+00  0.00000000E+00
  0.00000000E+00  0.00000000E+00  0.00000000E+00  0.00000000E+00  0.00000000E+00
  0.00000000E+00  0.00000000E+00  0.00000000E+00  0.00000000E+00  0.00000000E+00
  0.00000000E+00  0.00000000E+00  0.00000000E+00  0.00000000E+00  0.00000000E+00
  0.00000000E+00  0.00000000E+00  0.00000000E+00  0.00000000E+00  0.00000000E+00
  0.00000000E+00  0.00000000E+00  0.00000000E+00  0.00000000E+00  0.00000000E+00
  0.00000000E+00  0.00000000E+00  0.00000000E+00  0.00000000E+00  0.00000000E+00
  0.00000000E+00  0.00000000E+00  0.00000000E+00  0.00000000E+00  0.00000000E+00
  0.00000000E+00  0.00000000E+00  0.00000000E+00  0.00000000E+00  0.00000000E+00
  0.00000000E+00  0.00000000E+00  0.00000000E+00  0.00000000E+00  0.00000000E+00
  0.00000000E+00  0.00000000E+00  0.00000000E+00  0.00000000E+00  0.00000000E+00
  0.00000000E+00  0.00000000E+00  0.00000000E+00  0.00000000E+00  0.00000000E+00
  0.00000000E+00  0.00000000E+00  0.00000000E+00  0.00000000E+00  0.00000000E+00
  0.00000000E+00  0.00000000E+00  0.00000000E+00  0.00000000E+00  0.00000000E+00
  0.00000000E+00  0.00000000E+00  0.00000000E+00  0.00000000E+00  0.00000000E+00
  0.00000000E+00  0.00000000E+00  0.00000000E+00  0.00000000E+00  0.00000000E+00
  0.00000000E+00  0.00000000E+00  0.00000000E+00  0.00000000E+00
  0.10000000E+01  0.25946362E+01  0.37974082E+01  0.45830489E+01  0.50398959E+01
  0.52279158E+01  0.52085392E+01  0.50322511E+01  0.47426445E+01  0.43643647E+01
  0.39261875E+01  0.34533636E+01  0.29750531E+01  0.25115562E+01  0.20822278E+01
  0.16986881E+01  0.13704051E+01  0.10971223E+01  0.87409758E+00  0.69390212E+00
  0.55069602E+00  0.43918169E+00  0.35354960E+00  0.28737286E+00  0.23486220E+00
  0.19184300E+00  0.15574323E+00  0.12522163E+00  0.99512595E-01  0.78131380E-01
  0.60592446E-01  0.46442093E-01  0.35230402E-01  0.26558999E-01  0.20062486E-01
  0.15373458E-01  0.12112615E-01  0.99380017E-02  0.85096026E-02  0.75093544E-02
  0.66749392E-02  0.58350151E-02  0.49527519E-02  0.40639661E-02  0.32093871E-02
  0.23952688E-02  0.16151394E-02  0.91177896E-03  0.34301657E-03 -0.39569016E-04
  0.00000000E+00  0.00000000E+00  0.00000000E+00  0.00000000E+00  0.00000000E+00
  0.00000000E+00  0.00000000E+00  0.00000000E+00  0.00000000E+00  0.00000000E+00
  0.00000000E+00  0.00000000E+00  0.00000000E+00  0.00000000E+00  0.00000000E+00
  0.00000000E+00  0.00000000E+00  0.00000000E+00  0.00000000E+00  0.00000000E+00
  0.00000000E+00  0.00000000E+00  0.00000000E+00  0.00000000E+00  0.00000000E+00
  0.00000000E+00  0.00000000E+00  0.00000000E+00  0.00000000E+00  0.00000000E+00
  0.00000000E+00  0.00000000E+00  0.00000000E+00  0.00000000E+00  0.00000000E+00
  0.00000000E+00  0.00000000E+00  0.00000000E+00  0.00000000E+00  0.00000000E+00
  0.00000000E+00  0.00000000E+00  0.00000000E+00  0.00000000E+00  0.00000000E+00
  0.00000000E+00  0.00000000E+00  0.00000000E+00  0.00000000E+00  0.00000000E+00
  0.00000000E+00  0.00000000E+00  0.00000000E+00  0.00000000E+00  0.00000000E+00
  0.00000000E+00  0.00000000E+00  0.00000000E+00  0.00000000E+00  0.00000000E+00
  0.00000000E+00  0.00000000E+00  0.00000000E+00  0.00000000E+00  0.00000000E+00
  0.00000000E+00  0.00000000E+00  0.00000000E+00  0.00000000E+00  0.00000000E+00
  0.00000000E+00  0.00000000E+00  0.00000000E+00  0.00000000E+00  0.00000000E+00
  0.00000000E+00  0.00000000E+00  0.00000000E+00  0.00000000E+00
  0.10000000E+01  0.26333481E+01  0.39415910E+01  0.48979948E+01  0.55707368E+01
  0.60020414E+01  0.62330866E+01  0.62981813E+01  0.62275170E+01  0.60383583E+01
  0.57526578E+01  0.53913466E+01  0.49807565E+01  0.45420526E+01  0.40971331E+01
  0.36622092E+01  0.32520645E+01  0.28734764E+01  0.25294324E+01  0.22194778E+01
  0.19431322E+01  0.16990482E+01  0.14844414E+01  0.12953259E+01  0.11276840E+01
  0.97855498E+00  0.84584545E+00  0.72825454E+00  0.62460994E+00  0.53384228E+00
  0.45479069E+00  0.38635078E+00  0.32742089E+00  0.27693167E+00  0.23383550E+00
  0.19717636E+00  0.16607943E+00  0.13975186E+00  0.11741077E+00  0.98312667E-01
  0.81885374E-01  0.67768165E-01  0.55710208E-01  0.45472998E-01  0.36802563E-01
  0.29492942E-01  0.23394370E-01  0.18344876E-01  0.14187640E-01  0.10814315E-01
  0.81342030E-02  0.60850291E-02  0.45669255E-02  0.34887973E-02  0.27596905E-02
  0.22986097E-02  0.20115397E-02  0.18049467E-02  0.16260591E-02  0.14373068E-02
  0.12221335E-02  0.98350551E-03  0.73629564E-03  0.51996732E-03  0.35495784E-03
  0.21113269E-03  0.86076788E-04  0.10693062E-05 -0.12216949E-04  0.00000000E+00
  0.00000000E+00  0.00000000E+00  0.00000000E+00  0.00000000E+00  0.00000000E+00
  0.00000000E+00  0.00000000E+00  0.00000000E+00  0.00000000E+00  0.00000000E+00
  0.00000000E+00  0.00000000E+00  0.00000000E+00  0.00000000E+00  0.00000000E+00
  0.00000000E+00  0.00000000E+00  0.00000000E+00  0.00000000E+00  0.00000000E+00
  0.00000000E+00  0.00000000E+00  0.00000000E+00  0.00000000E+00  0.00000000E+00
  0.00000000E+00  0.00000000E+00  0.00000000E+00  0.00000000E+00  0.00000000E+00
  0.00000000E+00  0.00000000E+00  0.00000000E+00  0.00000000E+00  0.00000000E+00
  0.00000000E+00  0.00000000E+00  0.00000000E+00  0.00000000E+00  0.00000000E+00
  0.00000000E+00  0.00000000E+00  0.00000000E+00  0.00000000E+00  0.00000000E+00
  0.00000000E+00  0.00000000E+00  0.00000000E+00  0.00000000E+00  0.00000000E+00
  0.00000000E+00  0.00000000E+00  0.00000000E+00  0.00000000E+00  0.00000000E+00
  0.00000000E+00  0.00000000E+00  0.00000000E+00  0.00000000E+00
  0.10000000E+01  0.26661652E+01  0.40598707E+01  0.51512045E+01  0.59934984E+01
  0.66164427E+01  0.70478376E+01  0.73117128E+01  0.74305208E+01  0.74180571E+01
  0.72924760E+01  0.70713597E+01  0.67772718E+01  0.64292947E+01  0.60477276E+01
  0.56486689E+01  0.52475394E+01  0.48535495E+01  0.44731435E+01  0.41096553E+01
  0.37659377E+01  0.34435913E+01  0.31425989E+01  0.28616221E+01  0.25990154E+01
  0.23537787E+01  0.21254046E+01  0.19137806E+01  0.17186221E+01  0.15395986E+01
  0.13761422E+01  0.12276244E+01  0.10933298E+01  0.97238488E+00  0.86384199E+00
  0.76663303E+00  0.67964215E+00  0.60191140E+00  0.53248017E+00  0.47046250E+00
  0.41504669E+00  0.36557852E+00  0.32149962E+00  0.28235265E+00  0.24760577E+00
  0.21673654E+00  0.18929379E+00  0.16492002E+00  0.14327418E+00  0.12412950E+00
  0.10724708E+00  0.92539665E-01  0.79851739E-01  0.69001631E-01  0.59699683E-01
  0.51700199E-01  0.44820836E-01  0.38904201E-01  0.33791858E-01  0.29321116E-01
  0.25417511E-01  0.22014815E-01  0.19066479E-01  0.16528106E-01  0.14344250E-01
  0.12481599E-01  0.10933301E-01  0.96574774E-02  0.86079361E-02  0.77503807E-02
  0.70512375E-02  0.64631390E-02  0.59312012E-02  0.54206578E-02  0.49464628E-02
  0.45070236E-02  0.40502233E-02  0.35740591E-02  0.30981659E-02  0.26691402E-02
  0.23006701E-02  0.19638875E-02  0.16390757E-02  0.13543507E-02  0.11431031E-02
  0.99106897E-03  0.84252450E-03  0.68428997E-03  0.52770782E-03  0.41124969E-03
  0.33107007E-03  0.25424031E-03  0.19384823E-03  0.14768657E-03  0.11531126E-03
  0.98334123E-04  0.10562725E-03  0.12415548E-03  0.14474190E-03  0.17242410E-03
  0.20021932E-03  0.23423919E-03  0.27609848E-03  0.30111039E-03  0.29084380E-03
  0.26740048E-03  0.22691806E-03  0.19211355E-03  0.15520902E-03  0.97973345E-04
  0.30856714E-04 -0.48443227E-04  0.00000000E+00  0.00000000E+00  0.00000000E+00
  0.00000000E+00  0.00000000E+00  0.00000000E+00  0.00000000E+00  0.00000000E+00
  0.00000000E+00  0.00000000E+00  0.00000000E+00  0.00000000E+00  0.00000000E+00
  0.00000000E+00  0.00000000E+00  0.00000000E+00  0.00000000E+00
  0.10000000E+01  0.26866242E+01  0.41322053E+01  0.53068453E+01  0.62579360E+01
  0.70093858E+01  0.75828603E+01  0.79968414E+01  0.82693906E+01  0.84118858E+01
  0.84396479E+01  0.83672926E+01  0.82137218E+01  0.79950084E+01  0.77282647E+01
  0.74273023E+01  0.71056651E+01  0.67721197E+01  0.64336342E+01  0.60947312E+01
  0.57595154E+01  0.54310001E+01  0.51107771E+01  0.47993340E+01  0.44967892E+01
  0.42036568E+01  0.39208403E+01  0.36493638E+01  0.33899685E+01  0.31432599E+01
  0.29095715E+01  0.26891947E+01  0.24823012E+01  0.22887749E+01  0.21084088E+01
  0.19406998E+01  0.17850268E+01  0.16408827E+01  0.15075718E+01  0.13844789E+01
  0.12709405E+01  0.11663652E+01  0.10701385E+01  0.98177959E+00  0.90059242E+00
  0.82591873E+00  0.75720969E+00  0.69399501E+00  0.63575518E+00  0.58230313E+00
  0.53316033E+00  0.48826379E+00  0.44725827E+00  0.40990767E+00  0.37579125E+00
  0.34457752E+00  0.31597649E+00  0.28974582E+00  0.26571895E+00  0.24368368E+00
  0.22345588E+00  0.20486171E+00  0.18775656E+00  0.17204728E+00  0.15766145E+00
  0.14448643E+00  0.13240401E+00  0.12131767E+00  0.11115366E+00  0.10184316E+00
  0.93311698E-01  0.85475886E-01  0.78265039E-01  0.71625525E-01  0.65529016E-01
  0.59914155E-01  0.54727226E-01  0.49926103E-01  0.45499392E-01  0.41444439E-01
  0.37738557E-01  0.34334800E-01  0.31212129E-01  0.28375432E-01  0.25823893E-01
  0.23526253E-01  0.21422384E-01  0.19467696E-01  0.17659923E-01  0.15992035E-01
  0.14459921E-01  0.13065165E-01  0.11790867E-01  0.10633522E-01  0.95744617E-02
  0.86198137E-02  0.77862081E-02  0.70597227E-02  0.64159041E-02  0.58214932E-02
  0.52475984E-02  0.47168012E-02  0.42573253E-02  0.38600103E-02  0.34829911E-02
  0.31053263E-02  0.27450108E-02  0.24251627E-02  0.21509775E-02  0.18988119E-02
  0.16603989E-02  0.14370767E-02  0.12334327E-02  0.10450310E-02  0.85642673E-03
  0.68091950E-03  0.54791765E-03  0.46479057E-03  0.39973043E-03  0.31946848E-03
  0.24077561E-03  0.19850152E-03  0.19796650E-03  0.20816926E-03  0.17865113E-03
  0.11202304E-03  0.50069499E-04  0.22282343E-04  0.23285476E-04
  0.10000000E+01  0.27157429E+01  0.42354481E+01  0.55284250E+01  0.66334152E+01
  0.75661378E+01  0.83401456E+01  0.89666317E+01  0.94581739E+01  0.98229752E+01
  0.10072805E+02  0.10218508E+02  0.10274336E+02  0.10252435E+02  0.10165657E+02
  0.10024552E+02  0.98398615E+01  0.96192938E+01  0.93699230E+01  0.90972361E+01
  0.88064204E+01  0.85018493E+01  0.81868041E+01  0.78637950E+01  0.75349863E+01
  0.72026750E+01  0.68695114E+01  0.65379686E+01  0.62101166E+01  0.58878654E+01
  0.55728177E+01  0.52665576E+01  0.49704742E+01  0.46855345E+01  0.44125656E+01
  0.41518847E+01  0.39036182E+01  0.36679837E+01  0.34448097E+01  0.32340041E+01
  0.30352796E+01  0.28483154E+01  0.26726165E+01  0.25078534E+01  0.23532661E+01
  0.22080957E+01  0.20717574E+01  0.19437384E+01  0.18233847E+01  0.17105821E+01
  0.16045959E+01  0.15054094E+01  0.14125141E+01  0.13256721E+01  0.12443201E+01
  0.11679886E+01  0.10962606E+01  0.10288425E+01  0.96550905E+00  0.90598609E+00
  0.84996873E+00  0.79719612E+00  0.74750921E+00  0.70077379E+00  0.65687753E+00
  0.61562782E+00  0.57685942E+00  0.54038432E+00  0.50607678E+00  0.47380163E+00
  0.44346145E+00  0.41496441E+00  0.38821397E+00  0.36310918E+00  0.33951741E+00
  0.31734580E+00  0.29652661E+00  0.27698553E+00  0.25867185E+00  0.24148789E+00
  0.22533719E+00  0.21017238E+00  0.19597036E+00  0.18268603E+00  0.17027455E+00
  0.15867817E+00  0.14784431E+00  0.13774637E+00  0.12834477E+00  0.11958671E+00
  0.11141159E+00  0.10380159E+00  0.96720820E-01  0.90136906E-01  0.83998466E-01
  0.78271008E-01  0.72940251E-01  0.67987779E-01  0.63386557E-01  0.59063827E-01
  0.55003464E-01  0.51192139E-01  0.47638261E-01  0.44339507E-01  0.41259322E-01
  0.38384266E-01  0.35666946E-01  0.33123324E-01  0.30764673E-01  0.28569649E-01
  0.26542293E-01  0.24670437E-01  0.22938227E-01  0.21317548E-01  0.19803391E-01
  0.18392231E-01  0.17085492E-01  0.15892855E-01  0.14783646E-01  0.13736276E-01
  0.12771066E-01  0.11906372E-01  0.11130803E-01  0.10411605E-01  0.97230580E-02
  0.90738972E-02  0.84639971E-02  0.79200927E-02  0.74045889E-02
  0.10000000E+01  0.27367411E+01  0.43093471E+01  0.56879545E+01  0.69068220E+01
  0.79770941E+01  0.89080410E+01  0.97062942E+01  0.10380919E+02  0.10937507E+02
  0.11385124E+02  0.11731620E+02  0.11987710E+02  0.12162247E+02  0.12264482E+02
  0.12301890E+02  0.12282299E+02  0.12211616E+02  0.12095858E+02  0.11940102E+02
  0.11749345E+02  0.11528108E+02  0.11280151E+02  0.11008827E+02  0.10717222E+02
  0.10408478E+02  0.10086204E+02  0.97536994E+01  0.94139053E+01  0.90696243E+01
  0.87234067E+01  0.83779161E+01  0.80355645E+01  0.76982991E+01  0.73678786E+01
  0.70454443E+01  0.67319567E+01  0.64284885E+01  0.61355634E+01  0.58537678E+01
  0.55833952E+01  0.53245830E+01  0.50771975E+01  0.48412733E+01  0.46162442E+01
  0.44015301E+01  0.41967174E+01  0.40014405E+01  0.38150845E+01  0.36376912E+01
  0.34684559E+01  0.33074520E+01  0.31541465E+01  0.30083392E+01  0.28694634E+01
  0.27370272E+01  0.26105882E+01  0.24898641E+01  0.23746127E+01  0.22645339E+01
  0.21593263E+01  0.20587071E+01  0.19625002E+01  0.18705588E+01  0.17827529E+01
  0.16988909E+01  0.16188146E+01  0.15423165E+01  0.14692326E+01  0.13993827E+01
  0.13326559E+01  0.12689467E+01  0.12081582E+01  0.11501908E+01  0.10948921E+01
  0.10421313E+01  0.99180326E+00  0.94381453E+00  0.89807465E+00  0.85448126E+00
  0.81290680E+00  0.77326231E+00  0.73547842E+00  0.69946737E+00  0.66518655E+00
  0.63254610E+00  0.60146551E+00  0.57188059E+00  0.54372761E+00  0.51698677E+00
  0.49159796E+00  0.46748715E+00  0.44456413E+00  0.42275659E+00  0.40201553E+00
  0.38229692E+00  0.36357336E+00  0.34578653E+00  0.32885420E+00  0.31272387E+00
  0.29735563E+00  0.28272106E+00  0.26879483E+00  0.25553445E+00  0.24290955E+00
  0.23089927E+00  0.21947554E+00  0.20860954E+00  0.19827387E+00  0.18844114E+00
  0.17909304E+00  0.17021253E+00  0.16177165E+00  0.15373330E+00  0.14605158E+00
  0.13874114E+00  0.13180955E+00  0.12523683E+00  0.11900978E+00  0.11310036E+00
  0.10748704E+00  0.10216149E+00  0.97132423E-01  0.92380093E-01  0.87880897E-01
  0.83619101E-01  0.79593234E-01  0.75797246E-01  0.72191619E-01
  0.10000000E+01  0.27551873E+01  0.43735913E+01  0.58266110E+01  0.71451353E+01
  0.83370314E+01  0.94087571E+01  0.10363554E+02  0.11207850E+02  0.11944880E+02
  0.12581458E+02  0.13122894E+02  0.13577047E+02  0.13950034E+02  0.14248136E+02
  0.14476145E+02  0.14639240E+02  0.14741431E+02  0.14787279E+02  0.14780866E+02
  0.14726397E+02  0.14627887E+02  0.14488919E+02  0.14312982E+02  0.14103441E+02
  0.13863674E+02  0.13597610E+02  0.13308887E+02  0.13000932E+02  0.12677108E+02
  0.12340605E+02  0.11994830E+02  0.11642929E+02  0.11287646E+02  0.10931557E+02
  0.10576609E+02  0.10224551E+02  0.98772344E+01  0.95359011E+01  0.92018578E+01
  0.88760511E+01  0.85591734E+01  0.82515972E+01  0.79538304E+01  0.76656806E+01
  0.73869107E+01  0.71174414E+01  0.68571684E+01  0.66056743E+01  0.63632495E+01
  0.61291700E+01  0.59036598E+01  0.56862470E+01  0.54768617E+01  0.52749884E+01
  0.50802085E+01  0.48921389E+01  0.47105538E+01  0.45352700E+01  0.43660146E+01
  0.42024939E+01  0.40444720E+01  0.38918181E+01  0.37444144E+01  0.36021771E+01
  0.34649330E+01  0.33325646E+01  0.32048429E+01  0.30816430E+01  0.29627848E+01
  0.28481364E+01  0.27376174E+01  0.26311458E+01  0.25286050E+01  0.24298378E+01
  0.23346986E+01  0.22430703E+01  0.21548618E+01  0.20699744E+01  0.19882937E+01
  0.19096808E+01  0.18340174E+01  0.17611987E+01  0.16911409E+01  0.16237775E+01
  0.15590169E+01  0.14967616E+01  0.14369084E+01  0.13793818E+01  0.13241229E+01
  0.12710782E+01  0.12201483E+01  0.11712200E+01  0.11242061E+01  0.10790376E+01
  0.10356644E+01  0.99403069E+00  0.95402501E+00  0.91555054E+00  0.87855631E+00
  0.84298700E+00  0.80885289E+00  0.77609985E+00  0.74462958E+00  0.71438754E+00
  0.68532929E+00  0.65741759E+00  0.63065613E+00  0.60500622E+00  0.58041626E+00
  0.55682226E+00  0.53417034E+00  0.51244842E+00  0.49163311E+00  0.47168731E+00
  0.45256502E+00  0.43421488E+00  0.41660131E+00  0.39969345E+00  0.38348073E+00
  0.36793468E+00  0.35302219E+00  0.33870908E+00  0.32495798E+00  0.31176664E+00
  0.29911657E+00  0.28698187E+00  0.27535037E+00  0.26417351E+00
  0.10000000E+01  0.27690770E+01  0.44213794E+01  0.59303844E+01  0.73249425E+01
  0.86112680E+01  0.97945113E+01  0.10875981E+02  0.11860505E+02  0.12749510E+02
  0.13548104E+02  0.14259626E+02  0.14889921E+02  0.15443166E+02  0.15923782E+02
  0.16334849E+02  0.16679808E+02  0.16961261E+02  0.17182446E+02  0.17346315E+02
  0.17456018E+02  0.17514648E+02  0.17525061E+02  0.17490172E+02  0.17412886E+02
  0.17296154E+02  0.17143467E+02  0.16958142E+02  0.16743400E+02  0.16502512E+02
  0.16238692E+02  0.15955419E+02  0.15655984E+02  0.15343392E+02  0.15020525E+02
  0.14689747E+02  0.14353283E+02  0.14013458E+02  0.13672064E+02  0.13330944E+02
  0.12991597E+02  0.12655288E+02  0.12322931E+02  0.11995540E+02  0.11673464E+02
  0.11356975E+02  0.11046453E+02  0.10742173E+02  0.10444128E+02  0.10152870E+02
  0.98680122E+01  0.95899577E+01  0.93184548E+01  0.90536338E+01  0.87952314E+01
  0.85430332E+01  0.82968310E+01  0.80565452E+01  0.78221014E+01  0.75933509E+01
  0.73701372E+01  0.71523134E+01  0.69398433E+01  0.67326654E+01  0.65307539E+01
  0.63340111E+01  0.61423761E+01  0.59557031E+01  0.57738961E+01  0.55968352E+01
  0.54244547E+01  0.52567281E+01  0.50936029E+01  0.49350145E+01  0.47808429E+01
  0.46309955E+01  0.44854129E+01  0.43440209E+01  0.42067194E+01  0.40733820E+01
  0.39438984E+01  0.38181843E+01  0.36961797E+01  0.35777971E+01  0.34629430E+01
  0.33515190E+01  0.32434540E+01  0.31386869E+01  0.30371449E+01  0.29387601E+01
  0.28434417E+01  0.27511025E+01  0.26616537E+01  0.25749991E+01  0.24910573E+01
  0.24097738E+01  0.23310705E+01  0.22548697E+01  0.21810841E+01  0.21096388E+01
  0.20404483E+01  0.19734635E+01  0.19086445E+01  0.18459190E+01  0.17852265E+01
  0.17265249E+01  0.16697407E+01  0.16148194E+01  0.15617249E+01  0.15104160E+01
  0.14608243E+01  0.14128767E+01  0.13665185E+01  0.13216972E+01  0.12783931E+01
  0.12365414E+01  0.11960953E+01  0.11569984E+01  0.11192009E+01  0.10826814E+01
  0.10473892E+01  0.10132797E+01  0.98030451E+00  0.94841267E+00  0.91758563E+00
  0.88780484E+00  0.85905508E+00  0.83126318E+00  0.80436944E+00
  0.10000000E+01  0.27812876E+01  0.44632174E+01  0.60211754E+01  0.74820449E+01
  0.88507004E+01  0.10131155E+02  0.11323215E+02  0.12430422E+02  0.13452807E+02
  0.14394089E+02  0.15256000E+02  0.16042710E+02  0.16756774E+02  0.17401181E+02
  0.17977728E+02  0.18488610E+02  0.18935422E+02  0.19320380E+02  0.19645545E+02
  0.19913193E+02  0.20125617E+02  0.20285008E+02  0.20393714E+02  0.20454127E+02
  0.20468680E+02  0.20440288E+02  0.20371779E+02  0.20265999E+02  0.20125927E+02
  0.19954564E+02  0.19755180E+02  0.19530903E+02  0.19284730E+02  0.19019576E+02
  0.18737997E+02  0.18442454E+02  0.18135486E+02  0.17819227E+02  0.17495859E+02
  0.17167290E+02  0.16835197E+02  0.16500962E+02  0.16165986E+02  0.15831117E+02
  0.15497114E+02  0.15164804E+02  0.14834854E+02  0.14507659E+02  0.14184059E+02
  0.13864073E+02  0.13548330E+02  0.13236878E+02  0.12930042E+02  0.12627814E+02
  0.12330201E+02  0.12037208E+02  0.11748962E+02  0.11465535E+02  0.11186886E+02
  0.10912950E+02  0.10643706E+02  0.10379216E+02  0.10119517E+02  0.98646548E+01
  0.96145978E+01  0.93693304E+01  0.91287720E+01  0.88929127E+01  0.86617100E+01
  0.84351567E+01  0.82132601E+01  0.79960366E+01  0.77834504E+01  0.75754267E+01
  0.73719245E+01  0.71729237E+01  0.69783956E+01  0.67882698E+01  0.66024726E+01
  0.64209401E+01  0.62436138E+01  0.60704590E+01  0.59014230E+01  0.57364387E+01
  0.55754613E+01  0.54184456E+01  0.52653407E+01  0.51160861E+01  0.49706209E+01
  0.48289020E+01  0.46908596E+01  0.45564116E+01  0.44254721E+01  0.42979581E+01
  0.41738133E+01  0.40529814E+01  0.39353941E+01  0.38209462E+01  0.37095525E+01
  0.36011502E+01  0.34957097E+01  0.33931856E+01  0.32935080E+01  0.31966117E+01
  0.31024187E+01  0.30108733E+01  0.29219400E+01  0.28355691E+01  0.27516857E+01
  0.26702192E+01  0.25910934E+01  0.25142632E+01  0.24396958E+01  0.23673441E+01
  0.22971344E+01  0.22289641E+01  0.21627627E+01  0.20985075E+01  0.20361708E+01
  0.19757152E+01  0.19170739E+01  0.18601653E+01  0.18049299E+01  0.17513556E+01
  0.16994128E+01  0.16490787E+01  0.16002712E+01  0.15529135E+01
  0.10000000E+01  0.27874307E+01  0.44841120E+01  0.60669520E+01  0.75620652E+01
  0.89741397E+01  0.10306889E+02  0.11559876E+02  0.12736236E+02  0.13835616E+02
  0.14861165E+02  0.15813983E+02  0.16697510E+02  0.17513634E+02  0.18264848E+02
  0.18952566E+02  0.19578614E+02  0.20144277E+02  0.20651325E+02  0.21101365E+02
  0.21496194E+02  0.21837620E+02  0.22127345E+02  0.22367218E+02  0.22559102E+02
  0.22704943E+02  0.22807030E+02  0.22867619E+02  0.22889012E+02  0.22873626E+02
  0.22823931E+02  0.22742616E+02  0.22632299E+02  0.22495512E+02  0.22334748E+02
  0.22152262E+02  0.21950248E+02  0.21730986E+02  0.21496484E+02  0.21248776E+02
  0.20989724E+02  0.20721037E+02  0.20444185E+02  0.20160652E+02  0.19871514E+02
  0.19577777E+02  0.19280479E+02  0.18980533E+02  0.18678630E+02  0.18375769E+02
  0.18072314E+02  0.17769079E+02  0.17466406E+02  0.17164849E+02  0.16864677E+02
  0.16566124E+02  0.16269424E+02  0.15974873E+02  0.15682721E+02  0.15393116E+02
  0.15106172E+02  0.14822007E+02  0.14540775E+02  0.14262596E+02  0.13987614E+02
  0.13715911E+02  0.13447562E+02  0.13182578E+02  0.12920974E+02  0.12662756E+02
  0.12407978E+02  0.12156720E+02  0.11909078E+02  0.11665066E+02  0.11424638E+02
  0.11187777E+02  0.10954512E+02  0.10724898E+02  0.10498948E+02  0.10276633E+02
  0.10057931E+02  0.98428123E+01  0.96312702E+01  0.94233131E+01  0.92189304E+01
  0.90181236E+01  0.88208705E+01  0.86271373E+01  0.84369167E+01  0.82501946E+01
  0.80669620E+01  0.78872022E+01  0.77108553E+01  0.75378665E+01  0.73682145E+01
  0.72019168E+01  0.70389368E+01  0.68792149E+01  0.67226759E+01  0.65692588E+01
  0.64189503E+01  0.62717467E+01  0.61276017E+01  0.59864628E+01  0.58482746E+01
  0.57129790E+01  0.55805549E+01  0.54509730E+01  0.53242093E+01  0.52002148E+01
  0.50789327E+01  0.49603286E+01  0.48443840E+01  0.47310496E+01  0.46202866E+01
  0.45120376E+01  0.44062225E+01  0.43027998E+01  0.42017372E+01  0.41030024E+01
  0.40065597E+01  0.39123626E+01  0.38203406E+01  0.37304417E+01  0.36426448E+01
  0.35569269E+01  0.34732433E+01  0.33915438E+01  0.33117777E+01
  0.10000000E+01  0.27938053E+01  0.45059719E+01  0.61146727E+01  0.76450815E+01
  0.91014572E+01  0.10486986E+02  0.11800821E+02  0.13045552E+02  0.14220432E+02
  0.15328025E+02  0.16368820E+02  0.17345513E+02  0.18259324E+02  0.19112168E+02
  0.19905039E+02  0.20639335E+02  0.21316005E+02  0.21936427E+02  0.22501841E+02
  0.23013646E+02  0.23473263E+02  0.23882039E+02  0.24241456E+02  0.24553004E+02
  0.24818275E+02  0.25039090E+02  0.25217270E+02  0.25354704E+02  0.25453373E+02
  0.25515331E+02  0.25542838E+02  0.25538103E+02  0.25503296E+02  0.25440564E+02
  0.25351872E+02  0.25239183E+02  0.25104545E+02  0.24949809E+02  0.24776873E+02
  0.24587516E+02  0.24383412E+02  0.24166068E+02  0.23936982E+02  0.23697335E+02
  0.23448278E+02  0.23190975E+02  0.22926495E+02  0.22655757E+02  0.22379885E+02
  0.22099516E+02  0.21815600E+02  0.21528703E+02  0.21239558E+02  0.20948673E+02
  0.20656501E+02  0.20363487E+02  0.20070087E+02  0.19776698E+02  0.19483620E+02
  0.19191136E+02  0.18899522E+02  0.18609046E+02  0.18319944E+02  0.18032440E+02
  0.17746705E+02  0.17462893E+02  0.17181090E+02  0.16901418E+02  0.16623964E+02
  0.16348816E+02  0.16076103E+02  0.15805943E+02  0.15538384E+02  0.15273441E+02
  0.15011155E+02  0.14751608E+02  0.14494882E+02  0.14241003E+02  0.13989965E+02
  0.13741774E+02  0.13496456E+02  0.13254046E+02  0.13014604E+02  0.12778148E+02
  0.12544688E+02  0.12314229E+02  0.12086768E+02  0.11862346E+02  0.11640976E+02
  0.11422686E+02  0.11207469E+02  0.10995303E+02  0.10786173E+02  0.10580081E+02
  0.10377055E+02  0.10177121E+02  0.99802308E+01  0.97863455E+01  0.95954471E+01
  0.94075624E+01  0.92227075E+01  0.90408516E+01  0.88619696E+01  0.86860139E+01
  0.85129635E+01  0.83428156E+01  0.81756022E+01  0.80113070E+01  0.78498824E+01
  0.76912788E+01  0.75354643E+01  0.73824375E+01  0.72321953E+01  0.70847392E+01
  0.69400000E+01  0.67979060E+01  0.66584260E+01  0.65215301E+01  0.63872401E+01
  0.62555336E+01  0.61263599E+01  0.59996407E+01  0.58753371E+01  0.57534446E+01
  0.56339487E+01  0.55168402E+01  0.54020768E+01  0.52895962E+01
  0.10000000E+01  0.27965786E+01  0.45155247E+01  0.61358626E+01  0.76825787E+01
  0.91600504E+01  0.10571366E+02  0.11915843E+02  0.13195958E+02  0.14411020E+02
  0.15563433E+02  0.16653631E+02  0.17684115E+02  0.18655976E+02  0.19571024E+02
  0.20430199E+02  0.21234850E+02  0.21985886E+02  0.22684539E+02  0.23331912E+02
  0.23929221E+02  0.24477707E+02  0.24978518E+02  0.25432916E+02  0.25842149E+02
  0.26207558E+02  0.26530661E+02  0.26813003E+02  0.27056155E+02  0.27261792E+02
  0.27431627E+02  0.27567533E+02  0.27671340E+02  0.27744840E+02  0.27789816E+02
  0.27807929E+02  0.27800836E+02  0.27770254E+02  0.27717745E+02  0.27644898E+02
  0.27553241E+02  0.27444221E+02  0.27319177E+02  0.27179449E+02  0.27026112E+02
  0.26860218E+02  0.26682848E+02  0.26494995E+02  0.26297572E+02  0.26091666E+02
  0.25877973E+02  0.25657426E+02  0.25430651E+02  0.25198400E+02  0.24961262E+02
  0.24719813E+02  0.24474575E+02  0.24226096E+02  0.23974848E+02  0.23721219E+02
  0.23465585E+02  0.23208330E+02  0.22949838E+02  0.22690420E+02  0.22430368E+02
  0.22169928E+02  0.21909335E+02  0.21648770E+02  0.21388424E+02  0.21128468E+02
  0.20869049E+02  0.20610323E+02  0.20352447E+02  0.20095550E+02  0.19839720E+02
  0.19585030E+02  0.19331625E+02  0.19079616E+02  0.18829065E+02  0.18580028E+02
  0.18332559E+02  0.18086729E+02  0.17842588E+02  0.17600218E+02  0.17359674E+02
  0.17121009E+02  0.16884261E+02  0.16649479E+02  0.16416701E+02  0.16185956E+02
  0.15957270E+02  0.15730673E+02  0.15506190E+02  0.15283842E+02  0.15063642E+02
  0.14845644E+02  0.14629875E+02  0.14416319E+02  0.14204985E+02  0.13995885E+02
  0.13789060E+02  0.13584531E+02  0.13382292E+02  0.13182336E+02  0.12984647E+02
  0.12789230E+02  0.12596135E+02  0.12405378E+02  0.12216960E+02  0.12030859E+02
  0.11847076E+02  0.11665605E+02  0.11486450E+02  0.11309614E+02  0.11135086E+02
  0.10962838E+02  0.10792846E+02  0.10625102E+02  0.10459608E+02  0.10296378E+02
  0.10135393E+02  0.99766211E+01  0.98200398E+01  0.96656501E+01  0.95134556E+01
  0.93634523E+01  0.92156169E+01  0.90699072E+01  0.89262906E+01
  0.10000000E+01  0.28005921E+01  0.45293556E+01  0.61660750E+01  0.77351513E+01
  0.92407339E+01  0.10685562E+02  0.12068818E+02  0.13392671E+02  0.14656334E+02
  0.15861907E+02  0.17009584E+02  0.18101514E+02  0.19138508E+02  0.20122115E+02
  0.21053113E+02  0.21932664E+02  0.22761546E+02  0.23540801E+02  0.24271343E+02
  0.24954200E+02  0.25590436E+02  0.26181005E+02  0.26726971E+02  0.27229363E+02
  0.27689293E+02  0.28108018E+02  0.28486841E+02  0.28827071E+02  0.29130114E+02
  0.29397399E+02  0.29630497E+02  0.29830955E+02  0.30000297E+02  0.30140044E+02
  0.30251607E+02  0.30336397E+02  0.30395897E+02  0.30431484E+02  0.30444570E+02
  0.30436515E+02  0.30408633E+02  0.30362134E+02  0.30298228E+02  0.30217945E+02
  0.30122321E+02  0.30012389E+02  0.29889130E+02  0.29753463E+02  0.29606427E+02
  0.29448779E+02  0.29281468E+02  0.29105195E+02  0.28920761E+02  0.28728806E+02
  0.28529974E+02  0.28324874E+02  0.28114117E+02  0.27898257E+02  0.27677764E+02
  0.27453101E+02  0.27224726E+02  0.26993089E+02  0.26758579E+02  0.26521564E+02
  0.26282352E+02  0.26041235E+02  0.25798477E+02  0.25554331E+02  0.25309017E+02
  0.25062751E+02  0.24815729E+02  0.24568148E+02  0.24320184E+02  0.24071961E+02
  0.23823624E+02  0.23575332E+02  0.23327219E+02  0.23079398E+02  0.22831957E+02
  0.22585001E+02  0.22338633E+02  0.22092934E+02  0.21848008E+02  0.21603948E+02
  0.21360821E+02  0.21118707E+02  0.20877669E+02  0.20637764E+02  0.20399054E+02
  0.20161592E+02  0.19925437E+02  0.19690640E+02  0.19457216E+02  0.19225201E+02
  0.18994677E+02  0.18765684E+02  0.18538243E+02  0.18312366E+02  0.18088084E+02
  0.17865458E+02  0.17644551E+02  0.17425387E+02  0.17207977E+02  0.16992323E+02
  0.16778423E+02  0.16566323E+02  0.16356077E+02  0.16147725E+02  0.15941278E+02
  0.15736740E+02  0.15534111E+02  0.15333388E+02  0.15134583E+02  0.14937712E+02
  0.14742754E+02  0.14549714E+02  0.14358610E+02  0.14169459E+02  0.13982290E+02
  0.13797121E+02  0.13613933E+02  0.13432722E+02  0.13253482E+02  0.13076222E+02
  0.12900976E+02  0.12727725E+02  0.12556437E+02  0.12387071E+02
  0.10000000E+01  0.28026822E+01  0.45366635E+01  0.61823928E+01  0.77641908E+01
  0.92863010E+01  0.10751383E+02  0.12158759E+02  0.13510509E+02  0.14805942E+02
  0.16047060E+02  0.17234083E+02  0.18369051E+02  0.19452737E+02  0.20486623E+02
  0.21471480E+02  0.22408449E+02  0.23298281E+02  0.24141950E+02  0.24940283E+02
  0.25694196E+02  0.26404640E+02  0.27072446E+02  0.27698561E+02  0.28283864E+02
  0.28829332E+02  0.29336053E+02  0.29805154E+02  0.30237764E+02  0.30635079E+02
  0.30998317E+02  0.31328808E+02  0.31627867E+02  0.31896787E+02  0.32136853E+02
  0.32349250E+02  0.32535167E+02  0.32695838E+02  0.32832416E+02  0.32946081E+02
  0.33037973E+02  0.33109210E+02  0.33160822E+02  0.33193831E+02  0.33209131E+02
  0.33207605E+02  0.33190151E+02  0.33157623E+02  0.33110826E+02  0.33050698E+02
  0.32977915E+02  0.32893348E+02  0.32797655E+02  0.32691561E+02  0.32575715E+02
  0.32450727E+02  0.32317188E+02  0.32175708E+02  0.32026843E+02  0.31871097E+02
  0.31708967E+02  0.31540944E+02  0.31367508E+02  0.31189095E+02  0.31006091E+02
  0.30818861E+02  0.30627755E+02  0.30433068E+02  0.30235107E+02  0.30034142E+02
  0.29830426E+02  0.29624207E+02  0.29415720E+02  0.29205165E+02  0.28992726E+02
  0.28778586E+02  0.28562941E+02  0.28345979E+02  0.28127842E+02  0.27908651E+02
  0.27688541E+02  0.27467626E+02  0.27246039E+02  0.27023902E+02  0.26801348E+02
  0.26578477E+02  0.26355373E+02  0.26132121E+02  0.25908793E+02  0.25685477E+02
  0.25462253E+02  0.25239202E+02  0.25016398E+02  0.24793894E+02  0.24571733E+02
  0.24349991E+02  0.24128745E+02  0.23908035E+02  0.23687908E+02  0.23468410E+02
  0.23249604E+02  0.23031544E+02  0.22814259E+02  0.22597794E+02  0.22382175E+02
  0.22167435E+02  0.21953625E+02  0.21740797E+02  0.21529001E+02  0.21318279E+02
  0.21108655E+02  0.20900146E+02  0.20692758E+02  0.20486521E+02  0.20281438E+02
  0.20077513E+02  0.19874769E+02  0.19673238E+02  0.19472983E+02  0.19274038E+02
  0.19076423E+02  0.18880130E+02  0.18685159E+02  0.18491526E+02  0.18299269E+02
  0.18108428E+02  0.17919008E+02  0.17731013E+02  0.17544421E+02
  0.10000000E+01  0.28048839E+01  0.45443533E+01  0.61993087E+01  0.77938323E+01
  0.93320563E+01  0.10816446E+02  0.12246269E+02  0.13623442E+02  0.14947237E+02
  0.16219513E+02  0.17440397E+02  0.18611774E+02  0.19734290E+02  0.20809317E+02
  0.21837524E+02  0.22819963E+02  0.23757326E+02  0.24650491E+02  0.25500214E+02
  0.26307305E+02  0.27072643E+02  0.27796993E+02  0.28481216E+02  0.29126107E+02
  0.29732559E+02  0.30301540E+02  0.30834068E+02  0.31331170E+02  0.31793940E+02
  0.32223484E+02  0.32620998E+02  0.32987681E+02  0.33324687E+02  0.33633177E+02
  0.33914229E+02  0.34168925E+02  0.34398373E+02  0.34603614E+02  0.34785719E+02
  0.34945726E+02  0.35084664E+02  0.35203468E+02  0.35303069E+02  0.35384267E+02
  0.35447864E+02  0.35494694E+02  0.35525558E+02  0.35541197E+02  0.35542471E+02
  0.35530027E+02  0.35504648E+02  0.35466954E+02  0.35417658E+02  0.35357355E+02
  0.35286637E+02  0.35206084E+02  0.35116267E+02  0.35017732E+02  0.34910985E+02
  0.34796504E+02  0.34674786E+02  0.34546308E+02  0.34411501E+02  0.34270778E+02
  0.34124502E+02  0.33973045E+02  0.33816726E+02  0.33655863E+02  0.33490742E+02
  0.33321648E+02  0.33148848E+02  0.32972595E+02  0.32793123E+02  0.32610634E+02
  0.32425332E+02  0.32237457E+02  0.32047207E+02  0.31854740E+02  0.31660199E+02
  0.31463726E+02  0.31265474E+02  0.31065607E+02  0.30864269E+02  0.30661594E+02
  0.30457696E+02  0.30252691E+02  0.30046668E+02  0.29839732E+02  0.29631992E+02
  0.29423527E+02  0.29214439E+02  0.29004821E+02  0.28794754E+02  0.28584299E+02
  0.28373547E+02  0.28162576E+02  0.27951429E+02  0.27740164E+02  0.27528856E+02
  0.27317587E+02  0.27106425E+02  0.26895415E+02  0.26684590E+02  0.26473972E+02
  0.26263611E+02  0.26053560E+02  0.25843906E+02  0.25634725E+02  0.25426075E+02
  0.25217981E+02  0.25010472E+02  0.24803534E+02  0.24597163E+02  0.24391411E+02
  0.24186276E+02  0.23981803E+02  0.23778032E+02  0.23575021E+02  0.23372810E+02
  0.23171424E+02  0.22970903E+02  0.22771253E+02  0.22572468E+02  0.22374593E+02
  0.22177632E+02  0.21981614E+02  0.21786564E+02  0.21592499E+02
  0.10000000E+01  0.28061085E+01  0.45487253E+01  0.62091587E+01  0.78114817E+01
  0.93598859E+01  0.10856791E+02  0.12301562E+02  0.13696073E+02  0.15039651E+02
  0.16334109E+02  0.17579601E+02  0.18777983E+02  0.19929909E+02  0.21036743E+02
  0.22099154E+02  0.23118188E+02  0.24094519E+02  0.25029000E+02  0.25922353E+02
  0.26775362E+02  0.27588843E+02  0.28363513E+02  0.29100167E+02  0.29799534E+02
  0.30462450E+02  0.31089805E+02  0.31682547E+02  0.32241612E+02  0.32767987E+02
  0.33262688E+02  0.33726809E+02  0.34161433E+02  0.34567603E+02  0.34946373E+02
  0.35298709E+02  0.35625581E+02  0.35927995E+02  0.36206879E+02  0.36463175E+02
  0.36697815E+02  0.36911701E+02  0.37105657E+02  0.37280522E+02  0.37437000E+02
  0.37575780E+02  0.37697600E+02  0.37803153E+02  0.37893096E+02  0.37968194E+02
  0.38029024E+02  0.38076293E+02  0.38110541E+02  0.38132390E+02  0.38142387E+02
  0.38141076E+02  0.38128986E+02  0.38106654E+02  0.38074576E+02  0.38033217E+02
  0.37983032E+02  0.37924476E+02  0.37857999E+02  0.37784025E+02  0.37702949E+02
  0.37615126E+02  0.37520909E+02  0.37420613E+02  0.37314554E+02  0.37203023E+02
  0.37086306E+02  0.36964672E+02  0.36838389E+02  0.36707700E+02  0.36572817E+02
  0.36433976E+02  0.36291398E+02  0.36145299E+02  0.35995875E+02  0.35843279E+02
  0.35687675E+02  0.35529232E+02  0.35368102E+02  0.35204447E+02  0.35038419E+02
  0.34870159E+02  0.34699784E+02  0.34527407E+02  0.34353153E+02  0.34177125E+02
  0.33999436E+02  0.33820196E+02  0.33639502E+02  0.33457456E+02  0.33274128E+02
  0.33089632E+02  0.32904066E+02  0.32717492E+02  0.32529978E+02  0.32341600E+02
  0.32152433E+02  0.31962556E+02  0.31772028E+02  0.31580890E+02  0.31389195E+02
  0.31196987E+02  0.31004354E+02  0.30811371E+02  0.30618114E+02  0.30424652E+02
  0.30231043E+02  0.30037305E+02  0.29843451E+02  0.29649483E+02  0.29455417E+02
  0.29261274E+02  0.29067076E+02  0.28872886E+02  0.28678791E+02  0.28484862E+02
  0.28291131E+02  0.28097624E+02  0.27904336E+02  0.27711295E+02  0.27518528E+02
  0.27326072E+02  0.27133973E+02  0.26942250E+02  0.26750933E+02
  0.10000000E+01  0.28092162E+01  0.45595343E+01  0.62327293E+01  0.78523836E+01
  0.94224009E+01  0.10944852E+02  0.12418896E+02  0.13846132E+02  0.15225766E+02
  0.16559380E+02  0.17846937E+02  0.19090032E+02  0.20289100E+02  0.21445295E+02
  0.22559122E+02  0.23631476E+02  0.24662904E+02  0.25654138E+02  0.26605786E+02
  0.27518518E+02  0.28393059E+02  0.29230034E+02  0.30030155E+02  0.30794051E+02
  0.31522455E+02  0.32216145E+02  0.32875961E+02  0.33502740E+02  0.34097366E+02
  0.34660724E+02  0.35193786E+02  0.35697514E+02  0.36172834E+02  0.36620709E+02
  0.37042008E+02  0.37437610E+02  0.37808411E+02  0.38155249E+02  0.38478986E+02
  0.38780477E+02  0.39060568E+02  0.39320021E+02  0.39559586E+02  0.39779929E+02
  0.39981688E+02  0.40165564E+02  0.40332204E+02  0.40482239E+02  0.40616390E+02
  0.40735191E+02  0.40839313E+02  0.40929296E+02  0.41005736E+02  0.41069165E+02
  0.41120115E+02  0.41159094E+02  0.41186612E+02  0.41203175E+02  0.41209242E+02
  0.41205279E+02  0.41191751E+02  0.41169099E+02  0.41137743E+02  0.41098079E+02
  0.41050473E+02  0.40995296E+02  0.40932880E+02  0.40863554E+02  0.40787610E+02
  0.40705340E+02  0.40617050E+02  0.40523012E+02  0.40423496E+02  0.40318752E+02
  0.40208997E+02  0.40094475E+02  0.39975420E+02  0.39852027E+02  0.39724498E+02
  0.39593024E+02  0.39457774E+02  0.39318927E+02  0.39176668E+02  0.39031145E+02
  0.38882503E+02  0.38730903E+02  0.38576476E+02  0.38419355E+02  0.38259667E+02
  0.38097539E+02  0.37933102E+02  0.37766478E+02  0.37597782E+02  0.37427106E+02
  0.37254553E+02  0.37080228E+02  0.36904223E+02  0.36726610E+02  0.36547489E+02
  0.36366959E+02  0.36185099E+02  0.36001976E+02  0.35817631E+02  0.35632136E+02
  0.35445546E+02  0.35257961E+02  0.35069486E+02  0.34880190E+02  0.34690179E+02
  0.34499492E+02  0.34308169E+02  0.34116235E+02  0.33923679E+02  0.33730508E+02
  0.33536740E+02  0.33342440E+02  0.33147692E+02  0.32952586E+02  0.32757209E+02
  0.32561615E+02  0.32365796E+02  0.32169754E+02  0.31973506E+02  0.31777110E+02
  0.31580621E+02  0.31384083E+02  0.31187531E+02  0.30990984E+02
  0.10000000E+01  0.28090561E+01  0.45592100E+01  0.62327977E+01  0.78538791E+01
  0.94267406E+01  0.10953682E+02  0.12434167E+02  0.13869893E+02  0.15260227E+02
  0.16606781E+02  0.17909634E+02  0.19170436E+02  0.20389711E+02  0.21568682E+02
  0.22707930E+02  0.23808408E+02  0.24870684E+02  0.25895457E+02  0.26883299E+02
  0.27834835E+02  0.28750738E+02  0.29631579E+02  0.30477978E+02  0.31290480E+02
  0.32069721E+02  0.32816391E+02  0.33531233E+02  0.34214989E+02  0.34868437E+02
  0.35492339E+02  0.36087542E+02  0.36654887E+02  0.37195169E+02  0.37709213E+02
  0.38197767E+02  0.38661580E+02  0.39101428E+02  0.39518033E+02  0.39912125E+02
  0.40284458E+02  0.40635731E+02  0.40966604E+02  0.41277722E+02  0.41569666E+02
  0.41843006E+02  0.42098344E+02  0.42336252E+02  0.42557255E+02  0.42761980E+02
  0.42950903E+02  0.43124651E+02  0.43283706E+02  0.43428611E+02  0.43559852E+02
  0.43677895E+02  0.43783220E+02  0.43876308E+02  0.43957633E+02  0.44027647E+02
  0.44086784E+02  0.44135487E+02  0.44174184E+02  0.44203275E+02  0.44223145E+02
  0.44234150E+02  0.44236656E+02  0.44230995E+02  0.44217474E+02  0.44196420E+02
  0.44168132E+02  0.44132894E+02  0.44090982E+02  0.44042657E+02  0.43988163E+02
  0.43927748E+02  0.43861673E+02  0.43790173E+02  0.43713466E+02  0.43631748E+02
  0.43545216E+02  0.43454048E+02  0.43358440E+02  0.43258564E+02  0.43154606E+02
  0.43046714E+02  0.42935040E+02  0.42819730E+02  0.42700916E+02  0.42578744E+02
  0.42453341E+02  0.42324849E+02  0.42193408E+02  0.42059120E+02  0.41922087E+02
  0.41782430E+02  0.41640251E+02  0.41495667E+02  0.41348759E+02  0.41199630E+02
  0.41048396E+02  0.40895126E+02  0.40739887E+02  0.40582753E+02  0.40423783E+02
  0.40263040E+02  0.40100649E+02  0.39936711E+02  0.39771323E+02  0.39604571E+02
  0.39436513E+02  0.39267200E+02  0.39096616E+02  0.38924769E+02  0.38751691E+02
  0.38577419E+02  0.38402010E+02  0.38225540E+02  0.38048129E+02  0.37869849E+02
  0.37690741E+02  0.37510852E+02  0.37330197E+02  0.37148787E+02  0.36966684E+02
  0.36783919E+02  0.36600557E+02  0.36416634E+02  0.36232205E+02
  0.10000000E+01  0.28082695E+01  0.45566533E+01  0.62276874E+01  0.78458166E+01
  0.94156136E+01  0.10939572E+02  0.12417391E+02  0.13850882E+02  0.15239548E+02
  0.16585084E+02  0.17887707E+02  0.19149192E+02  0.20370190E+02  0.21552030E+02
  0.22695385E+02  0.23801283E+02  0.24870348E+02  0.25903320E+02  0.26900781E+02
  0.27863374E+02  0.28791773E+02  0.29686540E+02  0.30548275E+02  0.31377519E+02
  0.32174895E+02  0.32941083E+02  0.33676828E+02  0.34382844E+02  0.35059885E+02
  0.35708706E+02  0.36330112E+02  0.36924913E+02  0.37493871E+02  0.38037771E+02
  0.38557321E+02  0.39053236E+02  0.39526240E+02  0.39976995E+02  0.40406184E+02
  0.40814494E+02  0.41202591E+02  0.41571081E+02  0.41920567E+02  0.42251558E+02
  0.42564559E+02  0.42860106E+02  0.43138728E+02  0.43400912E+02  0.43647232E+02
  0.43878132E+02  0.44094153E+02  0.44295733E+02  0.44483360E+02  0.44657472E+02
  0.44818517E+02  0.44966920E+02  0.45103113E+02  0.45227528E+02  0.45340564E+02
  0.45442635E+02  0.45534150E+02  0.45615515E+02  0.45687107E+02  0.45749280E+02
  0.45802354E+02  0.45846660E+02  0.45882526E+02  0.45910249E+02  0.45930110E+02
  0.45942413E+02  0.45947419E+02  0.45945394E+02  0.45936592E+02  0.45921244E+02
  0.45899585E+02  0.45871860E+02  0.45838306E+02  0.45799130E+02  0.45754532E+02
  0.45704688E+02  0.45649795E+02  0.45590026E+02  0.45525563E+02  0.45456578E+02
  0.45383218E+02  0.45305637E+02  0.45223967E+02  0.45138357E+02  0.45048939E+02
  0.44955844E+02  0.44859229E+02  0.44759205E+02  0.44655882E+02  0.44549382E+02
  0.44439805E+02  0.44327293E+02  0.44211937E+02  0.44093836E+02  0.43973075E+02
  0.43849769E+02  0.43724014E+02  0.43595880E+02  0.43465438E+02  0.43332732E+02
  0.43197856E+02  0.43060881E+02  0.42921932E+02  0.42781125E+02  0.42638552E+02
  0.42494293E+02  0.42348370E+02  0.42200769E+02  0.42051484E+02  0.41900554E+02
  0.41748018E+02  0.41593934E+02  0.41438415E+02  0.41281565E+02  0.41123474E+02
  0.40964202E+02  0.40803767E+02  0.40642180E+02  0.40479460E+02  0.40315643E+02
  0.40150792E+02  0.39984970E+02  0.39818234E+02  0.39650631E+02
  0.10000000E+01  0.28109149E+01  0.45658855E+01  0.62478355E+01  0.78807887E+01
  0.94690710E+01  0.11014877E+02  0.12517745E+02  0.13979260E+02  0.15398835E+02
  0.16777974E+02  0.18116748E+02  0.19416719E+02  0.20678367E+02  0.21902852E+02
  0.23090716E+02  0.24242867E+02  0.25359833E+02  0.26442251E+02  0.27490629E+02
  0.28505518E+02  0.29487505E+02  0.30437084E+02  0.31354786E+02  0.32241070E+02
  0.33096490E+02  0.33921645E+02  0.34717174E+02  0.35483716E+02  0.36221927E+02
  0.36932469E+02  0.37616066E+02  0.38273416E+02  0.38905222E+02  0.39512175E+02
  0.40094902E+02  0.40654052E+02  0.41190270E+02  0.41704166E+02  0.42196370E+02
  0.42667500E+02  0.43118158E+02  0.43548894E+02  0.43960260E+02  0.44352736E+02
  0.44726794E+02  0.45082955E+02  0.45421685E+02  0.45743437E+02  0.46048748E+02
  0.46338031E+02  0.46611812E+02  0.46870511E+02  0.47114586E+02  0.47344459E+02
  0.47560540E+02  0.47763247E+02  0.47953003E+02  0.48130231E+02  0.48295318E+02
  0.48448655E+02  0.48590623E+02  0.48721623E+02  0.48842025E+02  0.48952179E+02
  0.49052404E+02  0.49143026E+02  0.49224358E+02  0.49296686E+02  0.49360303E+02
  0.49415509E+02  0.49462568E+02  0.49501738E+02  0.49533273E+02  0.49557403E+02
  0.49574369E+02  0.49584451E+02  0.49587883E+02  0.49584886E+02  0.49575651E+02
  0.49560341E+02  0.49539161E+02  0.49512313E+02  0.49479986E+02  0.49442377E+02
  0.49399634E+02  0.49351907E+02  0.49299341E+02  0.49242089E+02  0.49180308E+02
  0.49114134E+02  0.49043732E+02  0.48969245E+02  0.48890775E+02  0.48808453E+02
  0.48722415E+02  0.48632791E+02  0.48539687E+02  0.48443198E+02  0.48343435E+02
  0.48240492E+02  0.48134483E+02  0.48025505E+02  0.47913647E+02  0.47798971E+02
  0.47681560E+02  0.47561494E+02  0.47438898E+02  0.47313901E+02  0.47186614E+02
  0.47057144E+02  0.46925518E+02  0.46791714E+02  0.46655724E+02  0.46517556E+02
  0.46377276E+02  0.46234957E+02  0.46090708E+02  0.45944652E+02  0.45796881E+02
  0.45647463E+02  0.45496429E+02  0.45343800E+02  0.45189592E+02  0.45033853E+02
  0.44876636E+02  0.44718031E+02  0.44558104E+02  0.44396906E+02
  0.10000000E+01  0.28073424E+01  0.45538509E+01  0.62224430E+01  0.78381366E+01
  0.94059213E+01  0.10928538E+02  0.12406055E+02  0.13840439E+02  0.15231424E+02
  0.16580813E+02  0.17889051E+02  0.19158084E+02  0.20388766E+02  0.21582595E+02
  0.22740391E+02  0.23863319E+02  0.24952076E+02  0.26007452E+02  0.27030071E+02
  0.28020603E+02  0.28979740E+02  0.29908053E+02  0.30806133E+02  0.31674500E+02
  0.32513757E+02  0.33324597E+02  0.34107746E+02  0.34863913E+02  0.35593824E+02
  0.36298198E+02  0.36977813E+02  0.37633432E+02  0.38265787E+02  0.38875618E+02
  0.39463580E+02  0.40030322E+02  0.40576498E+02  0.41102706E+02  0.41609566E+02
  0.42097692E+02  0.42567660E+02  0.43019984E+02  0.43455168E+02  0.43873642E+02
  0.44275835E+02  0.44662197E+02  0.45033152E+02  0.45389076E+02  0.45730447E+02
  0.46057598E+02  0.46371001E+02  0.46671013E+02  0.46958023E+02  0.47232368E+02
  0.47494372E+02  0.47744378E+02  0.47982749E+02  0.48209850E+02  0.48425999E+02
  0.48631519E+02  0.48826718E+02  0.49011912E+02  0.49187403E+02  0.49353490E+02
  0.49510444E+02  0.49658529E+02  0.49798001E+02  0.49929094E+02  0.50052053E+02
  0.50167113E+02  0.50274503E+02  0.50374436E+02  0.50467122E+02  0.50552758E+02
  0.50631547E+02  0.50703708E+02  0.50769449E+02  0.50828940E+02  0.50882324E+02
  0.50929780E+02  0.50971475E+02  0.51007574E+02  0.51038243E+02  0.51063606E+02
  0.51083807E+02  0.51098982E+02  0.51109265E+02  0.51114794E+02  0.51115708E+02
  0.51112115E+02  0.51104136E+02  0.51091912E+02  0.51075546E+02  0.51055176E+02
  0.51030915E+02  0.51002846E+02  0.50971067E+02  0.50935663E+02  0.50896725E+02
  0.50854372E+02  0.50808693E+02  0.50759763E+02  0.50707646E+02  0.50652398E+02
  0.50594101E+02  0.50532869E+02  0.50468822E+02  0.50402056E+02  0.50332670E+02
  0.50260739E+02  0.50186289E+02  0.50109340E+02  0.50029878E+02  0.49947923E+02
  0.49863520E+02  0.49776740E+02  0.49687660E+02  0.49596398E+02  0.49503062E+02
  0.49407710E+02  0.49310376E+02  0.49211066E+02  0.49109794E+02  0.49006600E+02
  0.48901556E+02  0.48794732E+02  0.48686192E+02  0.48575989E+02
