 ! RTTOV coefficient file msg-3   seviri-ir
 ! Automatic creation by subroutine rttov_write_ascii_sccldcoef
 ! ------------------------------------------------------
WATER_CLOUD_OPAC
 !
        1          ! File format version
        1          ! Contents ID
        8          ! Number of channels for which optical parameters are stored
        0          ! Number of channels for which phase functions are stored
      128          ! Maximum number of Legendre coefficients
        5          ! Number of water cloud types
 stco
        1          ! Relative humidity values (%)
   0.00
   0.89285700E+03  ! Conversion factor to particle density [part.cm^-3]/[g.m^-3]
        1          ! Effective diameters (microns)
  0.000000E+00
 stma
        1          ! Relative humidity values (%)
   0.00
   0.26666700E+03  ! Conversion factor to particle density [part.cm^-3]/[g.m^-3]
        1          ! Effective diameters (microns)
  0.000000E+00
 cucc
        1          ! Relative humidity values (%)
   0.00
   0.15384610E+04  ! Conversion factor to particle density [part.cm^-3]/[g.m^-3]
        1          ! Effective diameters (microns)
  0.000000E+00
 cucp
        1          ! Relative humidity values (%)
   0.00
   0.43478260E+04  ! Conversion factor to particle density [part.cm^-3]/[g.m^-3]
        1          ! Effective diameters (microns)
  0.000000E+00
 cuma
        1          ! Relative humidity values (%)
   0.00
   0.14771000E+03  ! Conversion factor to particle density [part.cm^-3]/[g.m^-3]
        1          ! Effective diameters (microns)
  0.000000E+00
 ! ------------------------------------------------------
 ! OPTICAL PROPERTY DATA
 ! ---------------------
 stco00
  0.21186576E-01  0.10441103E+00  0.65764424E-01  0.62129441E-01  0.63271668E-01
  0.79260150E-01  0.10954668E+00  0.13296731E+00
  0.26175476E+00  0.21336623E+00  0.25374948E+00  0.19876125E+00  0.13847883E+00
  0.58530812E-01  0.47928000E-01  0.71741221E-01
  0.15956267E+00  0.11706014E+00  0.11693169E+00  0.11562538E+00  0.11664015E+00
  0.12000020E+00  0.13382308E+00  0.15366085E+00
    85
  0.10000000E+01  0.23406709E+01  0.33812363E+01  0.37283510E+01  0.41175458E+01
  0.43235234E+01  0.45393379E+01  0.47134989E+01  0.48371738E+01  0.49018556E+01
  0.49099756E+01  0.48543997E+01  0.47285188E+01  0.45801936E+01  0.43420058E+01
  0.41315289E+01  0.38262202E+01  0.35787587E+01  0.32532850E+01  0.29896181E+01
  0.26804267E+01  0.24177515E+01  0.21472973E+01  0.18991071E+01  0.16771853E+01
  0.14530583E+01  0.12800989E+01  0.10857608E+01  0.95648406E+00  0.79417150E+00
  0.70072173E+00  0.56981104E+00  0.50397069E+00  0.40177913E+00  0.35623539E+00
  0.27885709E+00  0.24772263E+00  0.19076808E+00  0.16962119E+00  0.12878051E+00
  0.11445857E+00  0.85865100E-01  0.76177569E-01  0.56589377E-01  0.50045880E-01
  0.36887579E-01  0.32480538E-01  0.23795187E-01  0.20842167E-01  0.15197501E-01
  0.13233540E-01  0.96144677E-02  0.83208195E-02  0.60274447E-02  0.51848868E-02
  0.37460350E-02  0.32040734E-02  0.23089551E-02  0.19648502E-02  0.14119668E-02
  0.11963281E-02  0.85694440E-03  0.72354416E-03  0.51637815E-03  0.43482909E-03
  0.30901556E-03  0.25969796E-03  0.18369295E-03  0.15415610E-03  0.10848432E-03
  0.90919867E-04  0.63642172E-04  0.53243998E-04  0.37069189E-04  0.30914719E-04
  0.21409657E-04  0.17746094E-04  0.12228587E-04  0.10016726E-04  0.68703308E-05
  0.55016746E-05  0.37562542E-05  0.28774102E-05  0.19528144E-05  0.13610377E-05
  0.91200652E-06
    55
  0.10000000E+01  0.26369427E+01  0.37906412E+01  0.44761006E+01  0.48393898E+01
  0.49519083E+01  0.48718251E+01  0.46572220E+01  0.43252900E+01  0.39368835E+01
  0.34941016E+01  0.30516880E+01  0.26065021E+01  0.21950588E+01  0.18141524E+01
  0.14788442E+01  0.11881518E+01  0.94064938E+00  0.73755901E+00  0.56878926E+00
  0.43665333E+00  0.32890297E+00  0.24784964E+00  0.18280341E+00  0.13549237E+00
  0.98081593E-01  0.71614598E-01  0.50990310E-01  0.36720012E-01  0.25766732E-01
  0.18318137E-01  0.12690484E-01  0.89133212E-02  0.61059482E-02  0.42397934E-02
  0.28757734E-02  0.19753671E-02  0.13281250E-02  0.90302445E-03  0.60237649E-03
  0.40566018E-03  0.26867433E-03  0.17931717E-03  0.11798690E-03  0.78090092E-04
  0.51069154E-04  0.33538516E-04  0.21808528E-04  0.14219122E-04  0.91966163E-05
  0.59557418E-05  0.38328380E-05  0.24660401E-05  0.15797718E-05  0.10095385E-05
  0.64408542E-06
    47
  0.10000000E+01  0.26555197E+01  0.38125087E+01  0.44479072E+01  0.46891899E+01
  0.46304616E+01  0.43568653E+01  0.39543559E+01  0.34687395E+01  0.29667331E+01
  0.24669620E+01  0.20107537E+01  0.16001934E+01  0.12514687E+01  0.95989776E+00
  0.72385679E+00  0.53823942E+00  0.39285217E+00  0.28459533E+00  0.20165949E+00
  0.14293724E+00  0.98569364E-01  0.68607976E-01  0.46139625E-01  0.31632622E-01
  0.20783725E-01  0.14070026E-01  0.90468029E-02  0.60594321E-02  0.38189337E-02
  0.25344707E-02  0.15682148E-02  0.10323066E-02  0.62812667E-03  0.41038074E-03
  0.24596639E-03  0.15954588E-03  0.94355581E-04  0.60766520E-04  0.35520920E-04
  0.22708898E-04  0.13142751E-04  0.83382871E-05  0.47857698E-05  0.30118780E-05
  0.17171957E-05  0.10714248E-05  0.60798009E-06
    40
  0.10000000E+01  0.26799867E+01  0.38293426E+01  0.44180708E+01  0.45537673E+01
  0.43503598E+01  0.39236437E+01  0.33794900E+01  0.27956091E+01  0.22347187E+01
  0.17308595E+01  0.13036329E+01  0.95736641E+00  0.68622615E+00  0.48219755E+00
  0.33138237E+00  0.22438307E+00  0.14869974E+00  0.97573852E-01  0.62640748E-01
  0.40017168E-01  0.24979194E-01  0.15594849E-01  0.94937397E-02  0.58105136E-02
  0.34585200E-02  0.20805049E-02  0.12133696E-02  0.71895935E-03  0.41160518E-03
  0.24065304E-03  0.13546581E-03  0.78264599E-04  0.43381615E-04  0.24795471E-04
  0.13552046E-04  0.76701901E-05  0.41389169E-05  0.23212986E-05  0.12381784E-05
  0.68840221E-06
    36
  0.10000000E+01  0.26863416E+01  0.38120597E+01  0.43397318E+01  0.43796995E+01
  0.40671587E+01  0.35438389E+01  0.29300072E+01  0.23166073E+01  0.17607083E+01
  0.12928837E+01  0.91951667E+00  0.63628391E+00  0.42861262E+00  0.28243126E+00
  0.18181498E+00  0.11499493E+00  0.71235625E-01  0.43515033E-01  0.26081028E-01
  0.15463282E-01  0.90063782E-02  0.52034287E-02  0.29555800E-02  0.16693746E-02
  0.92742906E-03  0.51348088E-03  0.27969355E-03  0.15213282E-03  0.81414871E-04
  0.43586134E-04  0.22956821E-04  0.12115500E-04  0.62899173E-05  0.32767385E-05
  0.16790903E-05  0.86447768E-06
    33
  0.10000000E+01  0.26815762E+01  0.37587008E+01  0.41847635E+01  0.40883770E+01
  0.36437817E+01  0.30238571E+01  0.23650236E+01  0.17589662E+01  0.12515939E+01
  0.85675922E+00  0.56635077E+00  0.36296777E+00  0.22611283E+00  0.13733295E+00
  0.81471975E-01  0.47322629E-01  0.26947998E-01  0.15073962E-01  0.82905891E-02
  0.44905587E-02  0.23970321E-02  0.12626824E-02  0.65672084E-03  0.33762536E-03
  0.17163915E-03  0.86368694E-04  0.43029881E-04  0.21243834E-04  0.10395060E-04
  0.50452262E-05  0.24291429E-05  0.11610053E-05  0.55090461E-06
    32
  0.10000000E+01  0.26106032E+01  0.35548582E+01  0.38077153E+01  0.35516877E+01
  0.30026851E+01  0.23500453E+01  0.17247966E+01  0.11983967E+01  0.79370903E+00
  0.50401957E+00  0.30826989E+00  0.18233475E+00  0.10463365E+00  0.58428253E-01
  0.31825237E-01  0.16946767E-01  0.88382849E-02  0.45223211E-02  0.22734735E-02
  0.11244458E-02  0.54777371E-03  0.26311392E-03  0.12472808E-03  0.58403497E-04
  0.27032896E-04  0.12377514E-04  0.56095765E-05  0.25178928E-05  0.11198995E-05
  0.49381701E-06  0.21596578E-06  0.93714923E-07
    32
  0.10000000E+01  0.24956333E+01  0.32710166E+01  0.33454006E+01  0.29631424E+01
  0.23647731E+01  0.17375253E+01  0.11905423E+01  0.76857285E+00  0.47077559E+00
  0.27543575E+00  0.15464986E+00  0.83725942E-01  0.43854837E-01  0.22301734E-01
  0.11038561E-01  0.53318563E-02  0.25180678E-02  0.11650632E-02  0.52889902E-03
  0.23594565E-03  0.10355772E-03  0.44772911E-04  0.19086538E-04  0.80304874E-05
  0.33373458E-05  0.13710321E-05  0.55714038E-06  0.22409271E-06  0.89262458E-07
  0.35226212E-07  0.13776792E-07  0.53372828E-08
 ! ---------------------
 stma00
  0.66279577E-01  0.26466275E+00  0.19125219E+00  0.18333599E+00  0.18544840E+00
  0.21706547E+00  0.26530645E+00  0.30000552E+00
  0.51902434E+00  0.36492600E+00  0.49538369E+00  0.50497389E+00  0.42653463E+00
  0.21138627E+00  0.15872149E+00  0.20906772E+00
  0.13610205E+00  0.97838211E-01  0.10896207E+00  0.98196743E-01  0.91406828E-01
  0.86430117E-01  0.96560430E-01  0.11428923E+00
   117
  0.10000000E+01  0.24465825E+01  0.36508621E+01  0.42210040E+01  0.48848967E+01
  0.53657813E+01  0.58628310E+01  0.63060977E+01  0.67181890E+01  0.70279415E+01
  0.73626223E+01  0.75368908E+01  0.77487728E+01  0.78303575E+01  0.78977609E+01
  0.79070816E+01  0.78457454E+01  0.77849572E+01  0.76260266E+01  0.74968619E+01
  0.72695947E+01  0.70804940E+01  0.68082651E+01  0.65720231E+01  0.62739190E+01
  0.60041969E+01  0.56962349E+01  0.54058762E+01  0.51010212E+01  0.48016256E+01
  0.45095627E+01  0.42113427E+01  0.39385981E+01  0.36501791E+01  0.34005794E+01
  0.31287927E+01  0.29040799E+01  0.26538507E+01  0.24542913E+01  0.22286686E+01
  0.20535597E+01  0.18538985E+01  0.17019312E+01  0.15281855E+01  0.13976873E+01
  0.12487492E+01  0.11378462E+01  0.10118768E+01  0.91860334E+00  0.81332790E+00
  0.73570103E+00  0.64865414E+00  0.58472828E+00  0.51343639E+00  0.46134596E+00
  0.40345611E+00  0.36145189E+00  0.31481003E+00  0.28128343E+00  0.24397393E+00
  0.21747736E+00  0.18783601E+00  0.16709320E+00  0.14369847E+00  0.12760358E+00
  0.10925704E+00  0.96872002E-01  0.82576718E-01  0.73120309E-01  0.62052577E-01
  0.54882744E-01  0.46369203E-01  0.40967882E-01  0.34461686E-01  0.30416093E-01
  0.25476408E-01  0.22461911E-01  0.18736220E-01  0.16500336E-01  0.13708826E-01
  0.12057458E-01  0.99796365E-02  0.87646345E-02  0.72280129E-02  0.63373679E-02
  0.52082118E-02  0.45577029E-02  0.37330755E-02  0.32597020E-02  0.26610410E-02
  0.23179078E-02  0.18857739E-02  0.16380790E-02  0.13278506E-02  0.11498504E-02
  0.92831431E-03  0.80104311E-03  0.64364738E-03  0.55316131E-03  0.44188108E-03
  0.37798102E-03  0.29968354E-03  0.25494411E-03  0.20010322E-03  0.16913528E-03
  0.13088910E-03  0.10980522E-03  0.83226506E-04  0.69235805E-04  0.50801605E-04
  0.41912775E-04  0.29112465E-04  0.23915927E-04  0.14965161E-04  0.12467920E-04
  0.60977376E-05  0.56049960E-05  0.91468819E-06
    81
  0.10000000E+01  0.26894828E+01  0.40154390E+01  0.50025025E+01  0.57894044E+01
  0.64021083E+01  0.68713365E+01  0.72016047E+01  0.73943945E+01  0.74669353E+01
  0.74146087E+01  0.72703802E+01  0.70259218E+01  0.67222907E+01  0.63498425E+01
  0.59480482E+01  0.55095601E+01  0.50649765E+01  0.46118227E+01  0.41685548E+01
  0.37380645E+01  0.33270643E+01  0.29425510E+01  0.25822056E+01  0.22550542E+01
  0.19532637E+01  0.16858985E+01  0.14428044E+01  0.12317091E+01  0.10424360E+01
  0.88074773E+00  0.73775443E+00  0.61723212E+00  0.51208685E+00  0.42444583E+00
  0.34900431E+00  0.28670933E+00  0.23377984E+00  0.19042743E+00  0.15405022E+00
  0.12447058E+00  0.99942307E-01  0.80130674E-01  0.63883580E-01  0.50843945E-01
  0.40260155E-01  0.31818034E-01  0.25030947E-01  0.19649950E-01  0.15361814E-01
  0.11982344E-01  0.93110671E-02  0.72182631E-02  0.55764592E-02  0.42976850E-02
  0.33015142E-02  0.25300587E-02  0.19330358E-02  0.14732838E-02  0.11196875E-02
  0.84888262E-03  0.64182902E-03  0.48409759E-03  0.36417486E-03  0.27328721E-03
  0.20455849E-03  0.15272554E-03  0.11373507E-03  0.84465850E-04  0.62561969E-04
  0.46189260E-04  0.33999948E-04  0.24922563E-04  0.18200880E-04  0.13209659E-04
  0.95356206E-05  0.68115871E-05  0.48206850E-05  0.33434654E-05  0.22740888E-05
  0.14769995E-05  0.90818548E-06
    70
  0.10000000E+01  0.26624857E+01  0.38957141E+01  0.46870066E+01  0.51890019E+01
  0.54728472E+01  0.55994106E+01  0.56031928E+01  0.55061272E+01  0.53315154E+01
  0.50828974E+01  0.47924205E+01  0.44504647E+01  0.40972638E+01  0.37163599E+01
  0.33469187E+01  0.29721644E+01  0.26223368E+01  0.22848724E+01  0.19775466E+01
  0.16939583E+01  0.14398125E+01  0.12146467E+01  0.10149045E+01  0.84451381E+00
  0.69430334E+00  0.57061017E+00  0.46198013E+00  0.37540128E+00  0.29956203E+00
  0.24089145E+00  0.18962088E+00  0.15099988E+00  0.11735080E+00  0.92586948E-01
  0.71101497E-01  0.55599278E-01  0.42227206E-01  0.32735021E-01  0.24609247E-01
  0.18915391E-01  0.14086987E-01  0.10736822E-01  0.79273719E-02  0.59918434E-02
  0.43890535E-02  0.32900867E-02  0.23924836E-02  0.17788050E-02  0.12848149E-02
  0.94756898E-03  0.68013836E-03  0.49764333E-03  0.35509713E-03  0.25780303E-03
  0.18293368E-03  0.13180328E-03  0.93026861E-04  0.66525957E-04  0.46710021E-04
  0.33155465E-04  0.23158649E-04  0.16312259E-04  0.11331961E-04  0.79136286E-05
  0.54633022E-05  0.37735981E-05  0.25835423E-05  0.17544246E-05  0.11847842E-05
  0.77890788E-06
    59
  0.10000000E+01  0.27353072E+01  0.40538053E+01  0.49359243E+01  0.54584453E+01
  0.56943817E+01  0.57064806E+01  0.55498151E+01  0.52654874E+01  0.48964442E+01
  0.44667954E+01  0.40122797E+01  0.35448997E+01  0.30917305E+01  0.26569282E+01
  0.22573327E+01  0.18926683E+01  0.15701611E+01  0.12876346E+01  0.10450644E+01
  0.83997375E+00  0.66801774E+00  0.52719244E+00  0.41139308E+00  0.31928710E+00
  0.24476811E+00  0.18707674E+00  0.14104017E+00  0.10628374E+00  0.78878840E-01
  0.58666503E-01  0.42898590E-01  0.31518064E-01  0.22726641E-01  0.16506713E-01
  0.11746373E-01  0.84393157E-02  0.59312579E-02  0.42174644E-02  0.29295602E-02
  0.20624900E-02  0.14169547E-02  0.98805459E-03  0.67180917E-03  0.46412048E-03
  0.31251376E-03  0.21395242E-03  0.14275280E-03  0.96868498E-04  0.64078890E-04
  0.43105546E-04  0.28284070E-04  0.18863663E-04  0.12282463E-04  0.81213017E-05
  0.52485433E-05  0.34393639E-05  0.22058691E-05  0.14307328E-05  0.90957152E-06
    54
  0.10000000E+01  0.27780273E+01  0.41572238E+01  0.51017549E+01  0.56554396E+01
  0.58813967E+01  0.58439300E+01  0.56067705E+01  0.52251228E+01  0.47517380E+01
  0.42266792E+01  0.36874868E+01  0.31585618E+01  0.26614263E+01  0.22072723E+01
  0.18042642E+01  0.14544548E+01  0.11571334E+01  0.90935897E+00  0.70595843E+00
  0.54216724E+00  0.41158593E+00  0.30952500E+00  0.23018943E+00  0.16980480E+00
  0.12389981E+00  0.89786044E-01  0.64363809E-01  0.45878826E-01  0.32349524E-01
  0.22706905E-01  0.15764805E-01  0.10907484E-01  0.74633604E-02  0.50943746E-02
  0.34382982E-02  0.23171300E-02  0.15437435E-02  0.10278357E-02  0.67642576E-03
  0.44521328E-03  0.28960736E-03  0.18853195E-03  0.12128886E-03  0.78131211E-04
  0.49737198E-04  0.31716638E-04  0.19987817E-04  0.12621589E-04  0.78772978E-05
  0.49266383E-05  0.30456965E-05  0.18863639E-05  0.11548490E-05  0.70758499E-06
    49
  0.10000000E+01  0.28112095E+01  0.42430360E+01  0.52295278E+01  0.57921556E+01
  0.59850433E+01  0.58772021E+01  0.55431135E+01  0.50548841E+01  0.44772710E+01
  0.38645658E+01  0.32587483E+01  0.26899800E+01  0.21771317E+01  0.17301494E+01
  0.13515454E+01  0.10389855E+01  0.78664798E+00  0.58713651E+00  0.43227603E+00
  0.31418284E+00  0.22553673E+00  0.16001397E+00  0.11224630E+00  0.77896627E-01
  0.53496973E-01  0.36377787E-01  0.24498674E-01  0.16347789E-01  0.10810991E-01
  0.70885050E-02  0.46088026E-02  0.29726429E-02  0.19022413E-02  0.12081464E-02
  0.76162292E-03  0.47673491E-03  0.29631673E-03  0.18294280E-03  0.11219448E-03
  0.68367392E-04  0.41395701E-04  0.24911372E-04  0.14899414E-04  0.88583184E-05
  0.52349163E-05  0.30752241E-05  0.17953845E-05  0.10415334E-05  0.60003453E-06
    44
  0.10000000E+01  0.27654537E+01  0.41144351E+01  0.49756132E+01  0.53892635E+01
  0.54278555E+01  0.51782415E+01  0.47292526E+01  0.41630849E+01  0.35488239E+01
  0.29398157E+01  0.23729468E+01  0.18704437E+01  0.14423529E+01  0.10898001E+01
  0.80787620E+00  0.58827561E+00  0.42121185E+00  0.29683314E+00  0.20605072E+00
  0.14099974E+00  0.95178538E-01  0.63417949E-01  0.41733401E-01  0.27138512E-01
  0.17447269E-01  0.11094453E-01  0.69807165E-02  0.43479044E-02  0.26816396E-02
  0.16383579E-02  0.99183572E-03  0.59514373E-03  0.35405664E-03  0.20888358E-03
  0.12224143E-03  0.70975829E-04  0.40894472E-04  0.23385925E-04  0.13275059E-04
  0.74807323E-05  0.41848061E-05  0.23236793E-05  0.12803100E-05  0.69959621E-06
    40
  0.10000000E+01  0.26726872E+01  0.38789145E+01  0.45597278E+01  0.47909900E+01
  0.46691469E+01  0.42981952E+01  0.37764274E+01  0.31884432E+01  0.25990493E+01
  0.20529041E+01  0.15755897E+01  0.11778032E+01  0.85917809E+00  0.61267483E+00
  0.42769073E+00  0.29266251E+00  0.19652822E+00  0.12964946E+00  0.84099752E-01
  0.53688192E-01  0.33755536E-01  0.20917518E-01  0.12783343E-01  0.77092826E-02
  0.45903771E-02  0.27000602E-02  0.15695908E-02  0.90215393E-03  0.51289277E-03
  0.28852965E-03  0.16066444E-03  0.88584241E-04  0.48375507E-04  0.26172353E-04
  0.14031484E-04  0.74556072E-05  0.39266097E-05  0.20496848E-05  0.10601580E-05
  0.54297545E-06
 ! ---------------------
 cucc00
  0.12939208E-01  0.71439685E-01  0.41871518E-01  0.39328570E-01  0.40241122E-01
  0.52397321E-01  0.77814654E-01  0.98447621E-01
  0.21362048E+00  0.18464534E+00  0.18348385E+00  0.12159829E+00  0.77031348E-01
  0.30777577E-01  0.27201742E-01  0.44398944E-01
  0.16721910E+00  0.12188719E+00  0.12579286E+00  0.13394345E+00  0.14096415E+00
  0.15003174E+00  0.16481661E+00  0.18434763E+00
    45
  0.10000000E+01  0.23186622E+01  0.32690331E+01  0.35211728E+01  0.37222623E+01
  0.37560206E+01  0.37726837E+01  0.37858604E+01  0.37286389E+01  0.36851027E+01
  0.35206666E+01  0.33919754E+01  0.31103202E+01  0.29000423E+01  0.25439093E+01
  0.22789125E+01  0.19175337E+01  0.16352888E+01  0.13296842E+01  0.10664805E+01
  0.84781868E+00  0.62974691E+00  0.49713662E+00  0.33566459E+00  0.26819449E+00
  0.16110489E+00  0.13316720E+00  0.69492202E-01  0.60868273E-01  0.26897866E-01
  0.25606739E-01  0.93302239E-02  0.99094166E-02  0.28969044E-02  0.35244344E-02
  0.80403402E-03  0.11507723E-02  0.19916006E-03  0.34450508E-03  0.43932407E-04
  0.94431840E-04  0.86109816E-05  0.23663373E-04  0.15042511E-05  0.54055589E-05
  0.24622991E-06
    32
  0.10000000E+01  0.26318773E+01  0.37426015E+01  0.43353601E+01  0.45394453E+01
  0.44405373E+01  0.41048807E+01  0.36245730E+01  0.30376153E+01  0.24379466E+01
  0.18546969E+01  0.13458387E+01  0.92753258E+00  0.60448645E+00  0.37723481E+00
  0.21971408E+00  0.12433879E+00  0.64567040E-01  0.33215465E-01  0.15385242E-01
  0.72114199E-02  0.29894602E-02  0.12785450E-02  0.47717910E-03  0.18627198E-03
  0.63086909E-04  0.22468360E-04  0.69663759E-05  0.22629729E-05  0.64785261E-06
  0.19202233E-06  0.51246073E-07  0.13823654E-07
    32
  0.10000000E+01  0.26315530E+01  0.36991230E+01  0.41714731E+01  0.41794819E+01
  0.38398352E+01  0.32740065E+01  0.26120405E+01  0.19451432E+01  0.13549476E+01
  0.88347221E+00  0.53473634E+00  0.30549915E+00  0.16006775E+00  0.80339665E-01
  0.36450155E-01  0.16133595E-01  0.63694376E-02  0.24948843E-02  0.86479802E-03
  0.30054895E-03  0.92531345E-04  0.28602886E-04  0.79156032E-05  0.21845044E-05
  0.54910040E-06  0.13608132E-06  0.31359579E-07  0.69873747E-08  0.15257731E-08
  0.24320887E-09  0.84549459E-10 -0.61290442E-10
    32
  0.10000000E+01  0.26099729E+01  0.35654700E+01  0.38360400E+01  0.35874042E+01
  0.29998609E+01  0.22737132E+01  0.15650371E+01  0.98438846E+00  0.56154161E+00
  0.29466284E+00  0.13981073E+00  0.61538307E-01  0.24490769E-01  0.91122644E-02
  0.30800857E-02  0.97822322E-03  0.28483597E-03  0.78119651E-04  0.19864215E-04
  0.47662874E-05  0.10716097E-05  0.22796415E-06  0.45841344E-07  0.87390702E-08
  0.15953941E-08  0.25837788E-09  0.50520136E-10 -0.12115249E-10  0.44234998E-11
 -0.24354714E-10 -0.26224673E-11 -0.33725295E-10
    32
  0.10000000E+01  0.25850935E+01  0.34427860E+01  0.35520863E+01  0.31281278E+01
  0.24145682E+01  0.16588272E+01  0.10143616E+01  0.55773490E+00  0.27397297E+00
  0.12191906E+00  0.48743670E-01  0.17783106E-01  0.58815371E-02  0.17873302E-02
  0.49772062E-03  0.12822947E-03  0.30592335E-04  0.68014174E-05  0.14131534E-05
  0.27560720E-06  0.50623493E-07  0.87782910E-08  0.14428616E-08  0.21536352E-09
  0.30329262E-10 -0.67519603E-11 -0.28908235E-11 -0.12351585E-10 -0.41471087E-11
 -0.14349864E-10 -0.67352236E-11 -0.19167826E-10
    32
  0.10000000E+01  0.25475764E+01  0.32771650E+01  0.31951747E+01  0.25942589E+01
  0.18063823E+01  0.10959236E+01  0.58248043E+00  0.27349818E+00  0.11379362E+00
  0.42263320E-01  0.14069210E-01  0.42262291E-02  0.11514394E-02  0.28625182E-03
  0.65281123E-04  0.13730062E-04  0.26763005E-05  0.48570711E-06  0.82417618E-07
  0.13122556E-07  0.19644457E-08  0.27256731E-09  0.31670616E-10 -0.24057715E-11
 -0.56243638E-11 -0.75903140E-11 -0.66162561E-11 -0.82388684E-11 -0.72112085E-11
 -0.90983645E-11 -0.83582210E-11 -0.11083555E-10
    32
  0.10000000E+01  0.24631763E+01  0.30409624E+01  0.27969334E+01  0.21091100E+01
  0.13472435E+01  0.74068284E+00  0.35298946E+00  0.14688021E+00  0.53622920E-01
  0.17295783E-01  0.49589953E-02  0.12729898E-02  0.29454607E-03  0.61846793E-04
  0.11859633E-04  0.20893515E-05  0.34004075E-06  0.51380886E-07  0.72385371E-08
  0.95111484E-09  0.11360257E-09  0.82193337E-11 -0.39334392E-11 -0.58621871E-11
 -0.57671818E-11 -0.64034410E-11 -0.61996019E-11 -0.69282817E-11 -0.67557504E-11
 -0.75774537E-11 -0.74720400E-11 -0.86081621E-11
    32
  0.10000000E+01  0.23401708E+01  0.27538172E+01  0.23795869E+01  0.16674696E+01
  0.97662472E+00  0.48526129E+00  0.20510334E+00  0.74394863E-01  0.23245229E-01
  0.63238441E-02  0.15093321E-02  0.31928054E-03  0.60383198E-04  0.10299132E-04
  0.15967136E-05  0.22662781E-06  0.29636887E-07  0.35886047E-08  0.40186015E-09
  0.38199591E-10 -0.12598077E-13 -0.46907943E-11 -0.45121266E-11 -0.53678585E-11
 -0.47778601E-11 -0.57075118E-11 -0.51351204E-11 -0.62013412E-11 -0.56282869E-11
 -0.67827864E-11 -0.61438813E-11 -0.73907619E-11
 ! ---------------------
 cucp00
  0.46071304E-02  0.28905533E-01  0.15579497E-01  0.14548067E-01  0.14991097E-01
  0.20558367E-01  0.33913268E-01  0.45895769E-01
  0.14894764E+00  0.83108028E-01  0.61105391E-01  0.34574212E-01  0.20302957E-01
  0.79160707E-02  0.78024348E-02  0.14239278E-01
  0.14139228E+00  0.14491557E+00  0.15938674E+00  0.17798980E+00  0.19126567E+00
  0.20697021E+00  0.22759156E+00  0.25139118E+00
    32
  0.10000000E+01  0.24983196E+01  0.35521866E+01  0.40243961E+01  0.42197101E+01
  0.41707923E+01  0.39340259E+01  0.36203345E+01  0.31489085E+01  0.26932019E+01
  0.21458057E+01  0.16718131E+01  0.12140384E+01  0.83894826E+00  0.55901977E+00
  0.33256841E+00  0.20723243E+00  0.10290041E+00  0.61584156E-01  0.24807048E-01
  0.14652026E-01  0.46949543E-02  0.27890495E-02  0.70913528E-03  0.42456098E-03
  0.87548279E-04  0.51717863E-04  0.90701465E-05  0.50577289E-05  0.80492928E-06
  0.39942272E-06  0.62339004E-07  0.25184831E-07
    32
  0.10000000E+01  0.25468903E+01  0.34051577E+01  0.35816938E+01  0.32621432E+01
  0.26361632E+01  0.18955730E+01  0.12122097E+01  0.69241799E+00  0.34566644E+00
  0.15693615E+00  0.61259914E-01  0.22237484E-01  0.69389141E-02  0.20339180E-02
  0.52253807E-03  0.12579585E-03  0.27282588E-04  0.55243084E-05  0.10308391E-05
  0.17992416E-06  0.29379911E-07  0.44933519E-08  0.66139989E-09  0.68516466E-10
  0.19227925E-10 -0.21549149E-10  0.83624841E-11 -0.24668624E-10  0.84109318E-11
 -0.27654736E-10  0.60250609E-11 -0.34620258E-10
    32
  0.10000000E+01  0.24837155E+01  0.31656684E+01  0.30603418E+01  0.24763244E+01
  0.16955695E+01  0.10029586E+01  0.50109716E+00  0.22034849E+00  0.81681359E-01
  0.27058565E-01  0.77036847E-02  0.19722818E-02  0.44685516E-03  0.91682827E-04
  0.17048843E-04  0.29043553E-05  0.45587001E-06  0.66350296E-07  0.90077282E-08
  0.11339388E-08  0.13751306E-09  0.28834271E-11  0.22624994E-11 -0.13389417E-10
  0.81258376E-12 -0.14533993E-10  0.90234444E-12 -0.15632596E-10  0.86943529E-12
 -0.16868969E-10  0.57392287E-12 -0.18800724E-10
    32
  0.10000000E+01  0.23902726E+01  0.28263460E+01  0.24119433E+01  0.16481163E+01
  0.90463500E+00  0.41631622E+00  0.15712772E+00  0.50571759E-01  0.13755512E-01
  0.32390456E-02  0.66507040E-03  0.12077251E-03  0.19601220E-04  0.28722713E-05
  0.38335950E-06  0.46955470E-07  0.53122314E-08  0.55299154E-09  0.52622776E-10
 -0.13373946E-11 -0.20528784E-11 -0.69274643E-11 -0.25921451E-11 -0.73994091E-11
 -0.26564946E-11 -0.78976802E-11 -0.28563727E-11 -0.85608563E-11 -0.32002335E-11
 -0.93113640E-11 -0.35433215E-11 -0.99816911E-11
    32
  0.10000000E+01  0.23164890E+01  0.25770794E+01  0.19891628E+01  0.11975862E+01
  0.56763496E+00  0.22089592E+00  0.70171132E-01  0.18648234E-01  0.41887020E-02
  0.80877422E-03  0.13616353E-03  0.20259398E-04  0.26953208E-05  0.32388504E-06
  0.35456022E-07  0.35589120E-08  0.32827305E-09  0.24458095E-10 -0.38204098E-12
 -0.44348674E-11 -0.30048797E-11 -0.50144291E-11 -0.31640602E-11 -0.52742689E-11
 -0.32711154E-11 -0.56061616E-11 -0.35283622E-11 -0.61137280E-11 -0.39285867E-11
 -0.67025763E-11 -0.43169021E-11 -0.71622571E-11
    32
  0.10000000E+01  0.22209444E+01  0.22769587E+01  0.15722017E+01  0.82941710E+00
  0.34233934E+00  0.11318564E+00  0.30267570E-01  0.66731616E-02  0.12357522E-02
  0.19574995E-03  0.26960849E-04  0.32748395E-05  0.35507062E-06  0.34714940E-07
  0.30856321E-08  0.24910989E-09  0.16645130E-10 -0.16479540E-11 -0.26296496E-11
 -0.34415465E-11 -0.30603764E-11 -0.37385991E-11 -0.32123982E-11 -0.38904752E-11
 -0.33281805E-11 -0.41163096E-11 -0.35940555E-11 -0.45187731E-11 -0.39979539E-11
 -0.49913619E-11 -0.43834458E-11 -0.53402745E-11
    32
  0.10000000E+01  0.20774875E+01  0.19722705E+01  0.12650736E+01  0.61568327E+00
  0.23040130E+00  0.67309652E-01  0.15570077E-01  0.29222907E-02  0.45554758E-03
  0.60263259E-04  0.68917467E-05  0.69209036E-06  0.61834421E-07  0.49675208E-08
  0.36090082E-09  0.22031485E-10 -0.43092747E-12 -0.25074704E-11 -0.23191350E-11
 -0.30252111E-11 -0.26237220E-11 -0.32761019E-11 -0.27427442E-11 -0.33973675E-11
 -0.28297947E-11 -0.35893182E-11 -0.30567881E-11 -0.39483677E-11 -0.34149488E-11
 -0.43725102E-11 -0.37530230E-11 -0.46806723E-11
    32
  0.10000000E+01  0.19055405E+01  0.16805939E+01  0.10012364E+01  0.44719484E+00
  0.14702532E+00  0.36531548E-01  0.69914257E-02  0.10681185E-02  0.13419811E-03
  0.14225882E-04  0.12994486E-05  0.10405108E-06  0.74058023E-08  0.47230855E-09
  0.26324596E-10 -0.56376967E-12 -0.13809920E-11 -0.24293200E-11 -0.17893885E-11
 -0.28364278E-11 -0.20279458E-11 -0.30694223E-11 -0.21009549E-11 -0.31823640E-11
 -0.21468357E-11 -0.33639641E-11 -0.23246104E-11 -0.37036804E-11 -0.26199007E-11
 -0.41008788E-11 -0.28941174E-11 -0.43900221E-11
 ! ---------------------
 cuma00
  0.11667873E+00  0.44007156E+00  0.33153099E+00  0.31887647E+00  0.32190450E+00
  0.36974888E+00  0.43480008E+00  0.47979695E+00
  0.79977683E+00  0.51431761E+00  0.71186425E+00  0.83285080E+00  0.75569781E+00
  0.38725870E+00  0.28390143E+00  0.36144036E+00
  0.12463539E+00  0.86948755E-01  0.10829936E+00  0.92733635E-01  0.84356459E-01
  0.79151294E-01  0.87868401E-01  0.10373993E+00
    90
  0.10000000E+01  0.25056702E+01  0.37740812E+01  0.44412054E+01  0.51914468E+01
  0.57569238E+01  0.63284373E+01  0.68496995E+01  0.73465721E+01  0.77433910E+01
  0.81985568E+01  0.84721360E+01  0.88290620E+01  0.90221735E+01  0.92365933E+01
  0.93596108E+01  0.94307057E+01  0.94731646E+01  0.94217725E+01  0.93757629E+01
  0.92232874E+01  0.90920348E+01  0.88561629E+01  0.86502563E+01  0.83476564E+01
  0.80801276E+01  0.77283915E+01  0.74125495E+01  0.70299424E+01  0.66790632E+01
  0.62832779E+01  0.59106906E+01  0.55176306E+01  0.51365499E+01  0.47594749E+01
  0.43825237E+01  0.40316155E+01  0.36701707E+01  0.33524783E+01  0.30160066E+01
  0.27356634E+01  0.24312311E+01  0.21898221E+01  0.19218747E+01  0.17188813E+01
  0.14892975E+01  0.13225810E+01  0.11309563E+01  0.99723422E+00  0.84133354E+00
  0.73661855E+00  0.61291733E+00  0.53289989E+00  0.43712328E+00  0.37748978E+00
  0.30509583E+00  0.26177878E+00  0.20833860E+00  0.17768607E+00  0.13914818E+00
  0.11802805E+00  0.90874762E-01  0.76712165E-01  0.58018948E-01  0.48777268E-01
  0.36202886E-01  0.30335605E-01  0.22073151E-01  0.18450416E-01  0.13147290E-01
  0.10971084E-01  0.76475006E-02  0.63757435E-02  0.43423522E-02  0.36190326E-02
  0.24048802E-02  0.20042525E-02  0.12969880E-02  0.10806174E-02  0.67890007E-03
  0.56478085E-03  0.34246936E-03  0.28348857E-03  0.16373072E-03  0.13373084E-03
  0.71059303E-04  0.55931674E-04  0.24181723E-04  0.16541459E-04  0.10857121E-05
 -0.28219803E-05
    62
  0.10000000E+01  0.27210002E+01  0.41436781E+01  0.52967998E+01  0.63117339E+01
  0.71892612E+01  0.79465465E+01  0.85621568E+01  0.90351670E+01  0.93594895E+01
  0.95349610E+01  0.95757268E+01  0.94772359E+01  0.92709130E+01  0.89463201E+01
  0.85453617E+01  0.80555755E+01  0.75207373E+01  0.69318116E+01  0.63262572E+01
  0.57023883E+01  0.50856088E+01  0.44824968E+01  0.39042830E+01  0.33638372E+01
  0.28596210E+01  0.24072015E+01  0.19960197E+01  0.16407407E+01  0.13262636E+01
  0.10639465E+01  0.83800562E+00  0.65567742E+00  0.50303189E+00  0.38365070E+00
  0.28661352E+00  0.21295723E+00  0.15488686E+00  0.11205861E+00  0.79333430E-01
  0.55863568E-01  0.38491990E-01  0.26370720E-01  0.17682585E-01  0.11782728E-01
  0.76879323E-02  0.49814863E-02  0.31624637E-02  0.19922973E-02  0.12305282E-02
  0.75362154E-03  0.45282772E-03  0.26958227E-03  0.15757111E-03  0.91169984E-04
  0.51823998E-04  0.29119172E-04  0.16077946E-04  0.87407934E-05  0.46600254E-05
  0.24084013E-05  0.12014265E-05  0.53422330E-06
    53
  0.10000000E+01  0.26504871E+01  0.38891965E+01  0.47096836E+01  0.52911438E+01
  0.57006243E+01  0.59971988E+01  0.61915107E+01  0.63015410E+01  0.63217624E+01
  0.62511760E+01  0.61047289E+01  0.58638649E+01  0.55707057E+01  0.51951455E+01
  0.47958054E+01  0.43404127E+01  0.38883683E+01  0.34140385E+01  0.29636754E+01
  0.25238242E+01  0.21194872E+01  0.17504162E+01  0.14195973E+01  0.11370376E+01
  0.88897035E+00  0.69066537E+00  0.51967692E+00  0.39173579E+00  0.28322814E+00
  0.20720412E+00  0.14375719E+00  0.10209535E+00  0.67896099E-01  0.46818111E-01
  0.29819940E-01  0.19966080E-01  0.12173771E-01  0.79137653E-02  0.46183477E-02
  0.29140198E-02  0.16279726E-02  0.99653640E-03  0.53324306E-03  0.31646129E-03
  0.16233082E-03  0.93319134E-04  0.45943957E-04  0.25555468E-04  0.12097310E-04
  0.64986122E-05  0.29670094E-05  0.15309269E-05  0.67882691E-06
    45
  0.10000000E+01  0.27504232E+01  0.41188508E+01  0.50921412E+01  0.57429940E+01
  0.61358989E+01  0.63207198E+01  0.63341357E+01  0.62030208E+01  0.59549673E+01
  0.56028781E+01  0.51793089E+01  0.46911446E+01  0.41754891E+01  0.36377948E+01
  0.31121974E+01  0.26039407E+01  0.21363652E+01  0.17138470E+01  0.13453467E+01
  0.10334167E+01  0.77450873E+00  0.56907954E+00  0.40642903E+00  0.28545864E+00
  0.19395590E+00  0.13016824E+00  0.84027744E-01  0.53876177E-01  0.33007452E-01
  0.20218623E-01  0.11747426E-01  0.68750182E-02  0.37867632E-02  0.21174778E-02
  0.11056120E-02  0.59071287E-03  0.29248548E-03  0.14930018E-03  0.70155543E-04
  0.34206301E-04  0.15272239E-04  0.71102600E-05  0.30218935E-05  0.13426575E-05
  0.54528125E-06
    40
  0.10000000E+01  0.28023299E+01  0.42503160E+01  0.53115253E+01  0.60163467E+01
  0.64111193E+01  0.65398087E+01  0.64460947E+01  0.61683778E+01  0.57489375E+01
  0.52221723E+01  0.46299481E+01  0.40030800E+01  0.33778098E+01  0.27780540E+01
  0.22275847E+01  0.17397774E+01  0.13229105E+01  0.97936864E+00  0.70475456E+00
  0.49375557E+00  0.33566141E+00  0.22227556E+00  0.14255800E+00  0.89149394E-01
  0.53891380E-01  0.31809039E-01  0.18114077E-01  0.10088924E-01  0.54113191E-02
  0.28439594E-02  0.14369971E-02  0.71275857E-03  0.33944793E-03  0.15895231E-03
  0.71408806E-04  0.31583347E-04  0.13399458E-04  0.56014998E-05  0.22478071E-05
  0.88909801E-06
    36
  0.10000000E+01  0.28387259E+01  0.43476792E+01  0.54597202E+01  0.61765309E+01
  0.65262068E+01  0.65510275E+01  0.63036941E+01  0.58428759E+01  0.52308598E+01
  0.45291666E+01  0.37950788E+01  0.30777805E+01  0.24154103E+01  0.18339032E+01
  0.13464856E+01  0.95577202E+00  0.65556914E+00  0.43444729E+00  0.27803996E+00
  0.17184977E+00  0.10253809E+00  0.59076502E-01  0.32854193E-01  0.17643382E-01
  0.91469040E-02  0.45802773E-02  0.22149163E-02  0.10349860E-02  0.46728943E-03
  0.20398558E-03  0.86095916E-04  0.35158926E-04  0.13893796E-04  0.53169461E-05
  0.19712212E-05  0.70879797E-06
    33
  0.10000000E+01  0.28005737E+01  0.42444491E+01  0.52543586E+01  0.58412077E+01
  0.60417776E+01  0.59102550E+01  0.55134984E+01  0.49262354E+01  0.42250240E+01
  0.34819271E+01  0.27582601E+01  0.21002686E+01  0.15368937E+01  0.10805138E+01
  0.72963217E+00  0.47311670E+00  0.29453248E+00  0.17601921E+00  0.10097694E+00
  0.55609314E-01  0.29401859E-01  0.14927737E-01  0.72795328E-02  0.34107257E-02
  0.15359377E-02  0.66507599E-03  0.27703349E-03  0.11106546E-03  0.42878431E-04
  0.15950094E-04  0.57202390E-05  0.19792188E-05  0.66130031E-06
    32
  0.10000000E+01  0.27181985E+01  0.40404278E+01  0.48945321E+01  0.53157080E+01
  0.53563848E+01  0.50846281E+01  0.45802950E+01  0.39291630E+01  0.32146124E+01
  0.25095395E+01  0.18691636E+01  0.13279114E+01  0.89941546E+00  0.58061203E+00
  0.35709362E+00  0.20921822E+00  0.11675264E+00  0.62064328E-01  0.31430923E-01
  0.15169442E-01  0.69792321E-02  0.30627443E-02  0.12825987E-02  0.51292057E-03
  0.19600589E-03  0.71630126E-04  0.25053201E-04  0.83936548E-05  0.26960780E-05
  0.83103080E-06  0.24607763E-06  0.70129928E-07
 ! ------------------------------------------------------
WATER_CLOUD_DEFF
 !
        1          ! File format version
        1          ! Contents ID
        8          ! Number of channels for which optical parameters are stored
        0          ! Number of channels for which phase functions are stored
      128          ! Maximum number of Legendre coefficients
        1          ! Number of water cloud types
        1          ! Relative humidity values (%)
   0.00
   0.00000000E+00  ! Conversion factor to particle density [part.cm^-3]/[g.m^-3]
       24          ! Effective diameters (microns)
  0.200000E+01  0.300000E+01  0.400000E+01  0.500000E+01  0.600000E+01  0.700000E+01
  0.800000E+01  0.900000E+01  0.100000E+02  0.110000E+02  0.120000E+02  0.130000E+02
  0.140000E+02  0.150000E+02  0.160000E+02  0.200000E+02  0.240000E+02  0.280000E+02
  0.320000E+02  0.360000E+02  0.400000E+02  0.440000E+02  0.480000E+02  0.520000E+02
 ! ------------------------------------------------------
 ! OPTICAL PROPERTY DATA
  0.16093649E+02  0.17948194E+02  0.18843278E+02  0.19325173E+02  0.19596791E+02
  0.19745874E+02  0.19816012E+02  0.19830887E+02  0.19804183E+02  0.19744199E+02
  0.19656240E+02  0.19543969E+02  0.19410217E+02  0.19257465E+02  0.19088115E+02
  0.18294130E+02  0.17426829E+02  0.16596658E+02  0.15851495E+02  0.15196906E+02
  0.14622158E+02  0.14115392E+02  0.13668624E+02  0.13277193E+02  0.11938304E+03
  0.12898588E+03  0.13281799E+03  0.13247607E+03  0.13002813E+03  0.12655702E+03
  0.12259338E+03  0.11841619E+03  0.11418141E+03  0.10997971E+03  0.10586493E+03
  0.10186913E+03  0.98011052E+02  0.94300994E+02  0.90743809E+02  0.78037097E+02
  0.67586161E+02  0.59051456E+02  0.52082285E+02  0.46368581E+02  0.41658408E+02
  0.37759888E+02  0.34531368E+02  0.31865196E+02  0.56788323E+02  0.61349594E+02
  0.64643557E+02  0.66405017E+02  0.67045938E+02  0.67009888E+02  0.66565110E+02
  0.65864487E+02  0.64999244E+02  0.64026717E+02  0.62984480E+02  0.61897977E+02
  0.60784911E+02  0.59657865E+02  0.58525952E+02  0.54060706E+02  0.49834559E+02
  0.45928336E+02  0.42365485E+02  0.39145401E+02  0.36258407E+02  0.33694500E+02
  0.31445222E+02  0.29499730E+02  0.54560086E+02  0.57752818E+02  0.60115810E+02
  0.61654509E+02  0.62368481E+02  0.62474022E+02  0.62183509E+02  0.61639743E+02
  0.60931977E+02  0.60116865E+02  0.59231610E+02  0.58301413E+02  0.57343794E+02
  0.56371172E+02  0.55392496E+02  0.51524508E+02  0.47859787E+02  0.44464251E+02
  0.41349136E+02  0.38506959E+02  0.35927078E+02  0.33603599E+02  0.31535848E+02
  0.29722841E+02  0.59141778E+02  0.61603817E+02  0.63197262E+02  0.64193693E+02
  0.64598312E+02  0.64497989E+02  0.64038245E+02  0.63342160E+02  0.62494427E+02
  0.61550492E+02  0.60546879E+02  0.59508172E+02  0.58451277E+02  0.57388025E+02
  0.56326800E+02  0.52199128E+02  0.48365929E+02  0.44868920E+02  0.41699928E+02
  0.38836093E+02  0.36254870E+02  0.33941482E+02  0.31888992E+02  0.30092382E+02
  0.94406341E+02  0.95157457E+02  0.94586526E+02  0.93339195E+02  0.91677591E+02
  0.89701750E+02  0.87512965E+02  0.85208385E+02  0.82861979E+02  0.80523168E+02
  0.78222881E+02  0.75979717E+02  0.73804396E+02  0.71702629E+02  0.69676931E+02
  0.62326960E+02  0.56080488E+02  0.50766070E+02  0.46222168E+02  0.42314706E+02
  0.38939946E+02  0.36023465E+02  0.33513837E+02  0.31372003E+02  0.19747404E+03
  0.19086210E+03  0.18139778E+03  0.17133677E+03  0.16155778E+03  0.15228374E+03
  0.14358074E+03  0.13547701E+03  0.12797492E+03  0.12105511E+03  0.11468386E+03
  0.10882036E+03  0.10342169E+03  0.98445911E+02  0.93853577E+02  0.78643515E+02
  0.67234240E+02  0.58447781E+02  0.51521775E+02  0.45952793E+02  0.41403980E+02
  0.37650234E+02  0.34540142E+02  0.31966234E+02  0.30015507E+03  0.28774297E+03
  0.26853012E+03  0.24783936E+03  0.22816067E+03  0.21016833E+03  0.19393191E+03
  0.17936132E+03  0.16632010E+03  0.15465664E+03  0.14421867E+03  0.13486207E+03
  0.12645548E+03  0.11888207E+03  0.11203941E+03  0.90367233E+02  0.75085733E+02
  0.63868415E+02  0.55353953E+02  0.48711153E+02  0.43415730E+02  0.39131218E+02
  0.35637512E+02  0.32782988E+02
  0.36371845E+03  0.60149303E+03  0.73632077E+03  0.77601966E+03  0.74673346E+03
  0.67710242E+03  0.59130963E+03  0.50602846E+03  0.43043027E+03  0.36792061E+03
  0.31832789E+03  0.27975605E+03  0.24982057E+03  0.22631081E+03  0.20744927E+03
  0.15752764E+03  0.12683961E+03  0.10544942E+03  0.89759402E+02  0.77826159E+02
  0.68488416E+02  0.61034752E+02  0.55017343E+02  0.50137809E+02  0.90284008E+02
  0.17656157E+03  0.24990504E+03  0.30091344E+03  0.32994994E+03  0.34072477E+03
  0.33753482E+03  0.32444177E+03  0.30496606E+03  0.28196673E+03  0.25762703E+03
  0.23350735E+03  0.21063698E+03  0.18962110E+03  0.17074675E+03  0.11608511E+03
  0.85817642E+02  0.68456574E+02  0.57460694E+02  0.49795984E+02  0.44079809E+02
  0.39637361E+02  0.36105735E+02  0.33267784E+02  0.40723880E+02  0.88160390E+02
  0.13655837E+03  0.17984722E+03  0.21484884E+03  0.24096365E+03  0.25868653E+03
  0.26891077E+03  0.27268450E+03  0.27110350E+03  0.26524598E+03  0.25612648E+03
  0.24466381E+03  0.23166100E+03  0.21779579E+03  0.16301852E+03  0.12005700E+03
  0.91025072E+02  0.72268260E+02  0.59925964E+02  0.51384878E+02  0.45144403E+02
  0.40392751E+02  0.36683618E+02  0.17716860E+02  0.41491846E+02  0.67107298E+02
  0.92138559E+02  0.11492556E+03  0.13451815E+03  0.15064169E+03  0.16336197E+03
  0.17288867E+03  0.17949407E+03  0.18347895E+03  0.18515534E+03  0.18483550E+03
  0.18282380E+03  0.17941045E+03  0.15681710E+03  0.12913590E+03  0.10370285E+03
  0.83218991E+02  0.67799607E+02  0.56534761E+02  0.48350090E+02  0.42349454E+02
  0.37881006E+02  0.91886271E+01  0.22509719E+02  0.37266361E+02  0.51950744E+02
  0.65927478E+02  0.78665026E+02  0.89877967E+02  0.99487466E+02  0.10752405E+03
  0.11406767E+03  0.11921993E+03  0.12309182E+03  0.12579794E+03  0.12745320E+03
  0.12817082E+03  0.12379180E+03  0.11222821E+03  0.97958143E+02  0.83768439E+02
  0.71093396E+02  0.60461501E+02  0.51887401E+02  0.45143605E+02  0.39919391E+02
  0.35201729E+01  0.88218792E+01  0.14760012E+02  0.20494452E+02  0.25869238E+02
  0.30825619E+02  0.35306941E+02  0.39286203E+02  0.42768150E+02  0.45777132E+02
  0.48346476E+02  0.50512327E+02  0.52310619E+02  0.53775725E+02  0.54939927E+02
  0.57155095E+02  0.56577770E+02  0.54331248E+02  0.51187142E+02  0.47659264E+02
  0.44080555E+02  0.40662907E+02  0.37536093E+02  0.34768869E+02  0.40492103E+01
  0.10010477E+02  0.16406397E+02  0.22073819E+02  0.26836512E+02  0.30798562E+02
  0.34069617E+02  0.36736383E+02  0.38874937E+02  0.40556194E+02  0.41845729E+02
  0.42802576E+02  0.43478641E+02  0.43918825E+02  0.44161584E+02  0.43743026E+02
  0.42046682E+02  0.39820312E+02  0.37444605E+02  0.35110350E+02  0.32911760E+02
  0.30896588E+02  0.29090038E+02  0.27502794E+02  0.79334338E+01  0.19929639E+02
  0.32581771E+02  0.43074414E+02  0.50998168E+02  0.56776177E+02  0.60880794E+02
  0.63682660E+02  0.65465700E+02  0.66453080E+02  0.66822901E+02  0.66717576E+02
  0.66250530E+02  0.65511627E+02  0.64571724E+02  0.59748152E+02  0.54491360E+02
  0.49555620E+02  0.45160888E+02  0.41327639E+02  0.38011376E+02  0.35156923E+02
  0.32715772E+02  0.30645917E+02
  0.26568367E+00  0.20440668E+00  0.17365710E+00  0.15703683E+00  0.14884971E+00
  0.14618358E+00  0.14722156E+00  0.15054295E+00  0.15485032E+00  0.15896103E+00
  0.16195259E+00  0.16331397E+00  0.16297449E+00  0.16118992E+00  0.15836657E+00
  0.14364865E+00  0.13084858E+00  0.12139904E+00  0.11429637E+00  0.10865075E+00
  0.10391466E+00  0.99789796E-01  0.96126662E-01  0.92855557E-01  0.36798344E+00
  0.27770618E+00  0.22570181E+00  0.19398079E+00  0.17243754E+00  0.15708967E+00
  0.14588696E+00  0.13758264E+00  0.13135486E+00  0.12662867E+00  0.12297972E+00
  0.12008013E+00  0.11766821E+00  0.11553247E+00  0.11350418E+00  0.10445239E+00
  0.92938229E-01  0.81068246E-01  0.70851271E-01  0.62803687E-01  0.56652767E-01
  0.51956689E-01  0.48333904E-01  0.45503108E-01  0.40176077E+00  0.31470462E+00
  0.25302854E+00  0.21492079E+00  0.18912634E+00  0.17033390E+00  0.15614928E+00
  0.14523845E+00  0.13675066E+00  0.13010721E+00  0.12489805E+00  0.12082243E+00
  0.11765214E+00  0.11520804E+00  0.11334468E+00  0.10948712E+00  0.10747165E+00
  0.10399980E+00  0.98157304E-01  0.90741786E-01  0.82963475E-01  0.75663313E-01
  0.69223884E-01  0.63736132E-01  0.42905275E+00  0.35604400E+00  0.28931888E+00
  0.24284227E+00  0.21136819E+00  0.18858864E+00  0.17116670E+00  0.15740668E+00
  0.14632257E+00  0.13727047E+00  0.12980105E+00  0.12358846E+00  0.11839001E+00
  0.11402077E+00  0.11033700E+00  0.10047477E+00  0.95350660E-01  0.92384290E-01
  0.89950550E-01  0.87075912E-01  0.83381960E-01  0.78964472E-01  0.74170741E-01
  0.69382637E-01  0.44235578E+00  0.38018223E+00  0.31541869E+00  0.26437742E+00
  0.22829146E+00  0.20227012E+00  0.18249421E+00  0.16683462E+00  0.15410095E+00
  0.14355962E+00  0.13471652E+00  0.12721906E+00  0.12080648E+00  0.11528106E+00
  0.11048996E+00  0.96597452E-01  0.88081214E-01  0.82587588E-01  0.78795082E-01
  0.75872191E-01  0.73278300E-01  0.70692022E-01  0.67975650E-01  0.65132694E-01
  0.45421247E+00  0.40346750E+00  0.34533429E+00  0.29272308E+00  0.25159923E+00
  0.22091806E+00  0.19766961E+00  0.17943017E+00  0.16465648E+00  0.15239744E+00
  0.14204183E+00  0.13317327E+00  0.12549356E+00  0.11878105E+00  0.11286654E+00
  0.94924347E-01  0.82843881E-01  0.74186893E-01  0.67683171E-01  0.62605949E-01
  0.58512509E-01  0.55124126E-01  0.52264067E-01  0.49820414E-01  0.46292348E+00
  0.42096822E+00  0.37056046E+00  0.32117964E+00  0.27908990E+00  0.24566984E+00
  0.21962300E+00  0.19910386E+00  0.18258475E+00  0.16898253E+00  0.15756030E+00
  0.14781304E+00  0.13938537E+00  0.13201929E+00  0.12552205E+00  0.10570410E+00
  0.92182933E-01  0.82345665E-01  0.74850909E-01  0.68939514E-01  0.64152760E-01
  0.60202608E-01  0.56904145E-01  0.54134785E-01  0.46967364E+00  0.43478565E+00
  0.39113618E+00  0.34604860E+00  0.30545202E+00  0.27169783E+00  0.24454343E+00
  0.22277005E+00  0.20510891E+00  0.19054258E+00  0.17832439E+00  0.16791929E+00
  0.15894202E+00  0.15111032E+00  0.14421301E+00  0.12322288E+00  0.10892445E+00
  0.98518996E-01  0.90582295E-01  0.84312994E-01  0.79228572E-01  0.75026496E-01
  0.71512649E-01  0.68558467E-01
   128
  0.10000000E+01  0.18019010E+01  0.15599282E+01  0.84117573E+00  0.37085756E+00
  0.12553124E+00  0.37549082E-01  0.94772851E-02  0.22045680E-02  0.45619770E-03
  0.89127672E-04  0.15906245E-04  0.26780273E-05  0.41814867E-06  0.60469482E-07
  0.80697888E-08  0.98926281E-09  0.11166371E-09  0.86102350E-11  0.34564486E-12
 -0.34471321E-11 -0.89830792E-12 -0.38472634E-11 -0.88439978E-12 -0.40343969E-11
 -0.83752997E-12 -0.42856108E-11 -0.91180379E-12 -0.46891072E-11 -0.10992725E-11
 -0.51481294E-11 -0.12648249E-11 -0.55011891E-11  0.00000000E+00  0.00000000E+00
  0.00000000E+00  0.00000000E+00  0.00000000E+00  0.00000000E+00  0.00000000E+00
  0.00000000E+00  0.00000000E+00  0.00000000E+00  0.00000000E+00  0.00000000E+00
  0.00000000E+00  0.00000000E+00  0.00000000E+00  0.00000000E+00  0.00000000E+00
  0.00000000E+00  0.00000000E+00  0.00000000E+00  0.00000000E+00  0.00000000E+00
  0.00000000E+00  0.00000000E+00  0.00000000E+00  0.00000000E+00  0.00000000E+00
  0.00000000E+00  0.00000000E+00  0.00000000E+00  0.00000000E+00  0.00000000E+00
  0.00000000E+00  0.00000000E+00  0.00000000E+00  0.00000000E+00  0.00000000E+00
  0.00000000E+00  0.00000000E+00  0.00000000E+00  0.00000000E+00  0.00000000E+00
  0.00000000E+00  0.00000000E+00  0.00000000E+00  0.00000000E+00  0.00000000E+00
  0.00000000E+00  0.00000000E+00  0.00000000E+00  0.00000000E+00  0.00000000E+00
  0.00000000E+00  0.00000000E+00  0.00000000E+00  0.00000000E+00  0.00000000E+00
  0.00000000E+00  0.00000000E+00  0.00000000E+00  0.00000000E+00  0.00000000E+00
  0.00000000E+00  0.00000000E+00  0.00000000E+00  0.00000000E+00  0.00000000E+00
  0.00000000E+00  0.00000000E+00  0.00000000E+00  0.00000000E+00  0.00000000E+00
  0.00000000E+00  0.00000000E+00  0.00000000E+00  0.00000000E+00  0.00000000E+00
  0.00000000E+00  0.00000000E+00  0.00000000E+00  0.00000000E+00  0.00000000E+00
  0.00000000E+00  0.00000000E+00  0.00000000E+00  0.00000000E+00  0.00000000E+00
  0.00000000E+00  0.00000000E+00  0.00000000E+00  0.00000000E+00  0.00000000E+00
  0.00000000E+00  0.00000000E+00  0.00000000E+00  0.00000000E+00
  0.10000000E+01  0.22105557E+01  0.24548913E+01  0.19546721E+01  0.13151943E+01
  0.74015835E+00  0.38094154E+00  0.16964452E+00  0.72766168E-01  0.27211912E-01
  0.10261095E-01  0.33491215E-02  0.11516343E-02  0.33647578E-03  0.10815024E-03
  0.28615993E-04  0.86515844E-05  0.20192581E-05  0.55005417E-06  0.11862030E-06
  0.24230305E-07  0.45206046E-08  0.75735426E-09  0.12369362E-09  0.49400930E-11
  0.63243338E-11 -0.13000978E-10  0.43516562E-11 -0.14341807E-10  0.44812964E-11
 -0.15524805E-10  0.45316598E-11 -0.16835515E-10  0.00000000E+00  0.00000000E+00
  0.00000000E+00  0.00000000E+00  0.00000000E+00  0.00000000E+00  0.00000000E+00
  0.00000000E+00  0.00000000E+00  0.00000000E+00  0.00000000E+00  0.00000000E+00
  0.00000000E+00  0.00000000E+00  0.00000000E+00  0.00000000E+00  0.00000000E+00
  0.00000000E+00  0.00000000E+00  0.00000000E+00  0.00000000E+00  0.00000000E+00
  0.00000000E+00  0.00000000E+00  0.00000000E+00  0.00000000E+00  0.00000000E+00
  0.00000000E+00  0.00000000E+00  0.00000000E+00  0.00000000E+00  0.00000000E+00
  0.00000000E+00  0.00000000E+00  0.00000000E+00  0.00000000E+00  0.00000000E+00
  0.00000000E+00  0.00000000E+00  0.00000000E+00  0.00000000E+00  0.00000000E+00
  0.00000000E+00  0.00000000E+00  0.00000000E+00  0.00000000E+00  0.00000000E+00
  0.00000000E+00  0.00000000E+00  0.00000000E+00  0.00000000E+00  0.00000000E+00
  0.00000000E+00  0.00000000E+00  0.00000000E+00  0.00000000E+00  0.00000000E+00
  0.00000000E+00  0.00000000E+00  0.00000000E+00  0.00000000E+00  0.00000000E+00
  0.00000000E+00  0.00000000E+00  0.00000000E+00  0.00000000E+00  0.00000000E+00
  0.00000000E+00  0.00000000E+00  0.00000000E+00  0.00000000E+00  0.00000000E+00
  0.00000000E+00  0.00000000E+00  0.00000000E+00  0.00000000E+00  0.00000000E+00
  0.00000000E+00  0.00000000E+00  0.00000000E+00  0.00000000E+00  0.00000000E+00
  0.00000000E+00  0.00000000E+00  0.00000000E+00  0.00000000E+00  0.00000000E+00
  0.00000000E+00  0.00000000E+00  0.00000000E+00  0.00000000E+00  0.00000000E+00
  0.00000000E+00  0.00000000E+00  0.00000000E+00  0.00000000E+00
  0.10000000E+01  0.23815107E+01  0.29858141E+01  0.28421038E+01  0.23501989E+01
  0.17160066E+01  0.11506626E+01  0.70272541E+00  0.40806007E+00  0.21611433E+00
  0.11331460E+00  0.53175893E-01  0.26009805E-01  0.10952883E-01  0.51360788E-02
  0.19523397E-02  0.89900891E-03  0.30864901E-03  0.14263065E-03  0.44015978E-04
  0.20792025E-04  0.56514076E-05  0.27455851E-05  0.60518907E-06  0.30457214E-06
  0.53553973E-07  0.15332405E-07  0.35754814E-08  0.69579604E-09  0.17088155E-09
 -0.22354086E-10  0.34472234E-10 -0.51720389E-10  0.00000000E+00  0.00000000E+00
  0.00000000E+00  0.00000000E+00  0.00000000E+00  0.00000000E+00  0.00000000E+00
  0.00000000E+00  0.00000000E+00  0.00000000E+00  0.00000000E+00  0.00000000E+00
  0.00000000E+00  0.00000000E+00  0.00000000E+00  0.00000000E+00  0.00000000E+00
  0.00000000E+00  0.00000000E+00  0.00000000E+00  0.00000000E+00  0.00000000E+00
  0.00000000E+00  0.00000000E+00  0.00000000E+00  0.00000000E+00  0.00000000E+00
  0.00000000E+00  0.00000000E+00  0.00000000E+00  0.00000000E+00  0.00000000E+00
  0.00000000E+00  0.00000000E+00  0.00000000E+00  0.00000000E+00  0.00000000E+00
  0.00000000E+00  0.00000000E+00  0.00000000E+00  0.00000000E+00  0.00000000E+00
  0.00000000E+00  0.00000000E+00  0.00000000E+00  0.00000000E+00  0.00000000E+00
  0.00000000E+00  0.00000000E+00  0.00000000E+00  0.00000000E+00  0.00000000E+00
  0.00000000E+00  0.00000000E+00  0.00000000E+00  0.00000000E+00  0.00000000E+00
  0.00000000E+00  0.00000000E+00  0.00000000E+00  0.00000000E+00  0.00000000E+00
  0.00000000E+00  0.00000000E+00  0.00000000E+00  0.00000000E+00  0.00000000E+00
  0.00000000E+00  0.00000000E+00  0.00000000E+00  0.00000000E+00  0.00000000E+00
  0.00000000E+00  0.00000000E+00  0.00000000E+00  0.00000000E+00  0.00000000E+00
  0.00000000E+00  0.00000000E+00  0.00000000E+00  0.00000000E+00  0.00000000E+00
  0.00000000E+00  0.00000000E+00  0.00000000E+00  0.00000000E+00  0.00000000E+00
  0.00000000E+00  0.00000000E+00  0.00000000E+00  0.00000000E+00  0.00000000E+00
  0.00000000E+00  0.00000000E+00  0.00000000E+00  0.00000000E+00
  0.10000000E+01  0.24592889E+01  0.32729185E+01  0.33942917E+01  0.31257346E+01
  0.26145577E+01  0.20289280E+01  0.14801511E+01  0.10200497E+01  0.66600081E+00
  0.42048042E+00  0.24891474E+00  0.14776631E+00  0.79800439E-01  0.45631464E-01
  0.22495390E-01  0.12683403E-01  0.56837303E-02  0.32339447E-02  0.13062875E-02
  0.76772358E-03  0.27617263E-03  0.17161854E-03  0.54137598E-04  0.36417392E-04
  0.98719093E-05  0.73574742E-05  0.16371961E-05  0.13799817E-05  0.20983101E-06
  0.21825849E-06  0.11972590E-07  0.16126503E-07  0.00000000E+00  0.00000000E+00
  0.00000000E+00  0.00000000E+00  0.00000000E+00  0.00000000E+00  0.00000000E+00
  0.00000000E+00  0.00000000E+00  0.00000000E+00  0.00000000E+00  0.00000000E+00
  0.00000000E+00  0.00000000E+00  0.00000000E+00  0.00000000E+00  0.00000000E+00
  0.00000000E+00  0.00000000E+00  0.00000000E+00  0.00000000E+00  0.00000000E+00
  0.00000000E+00  0.00000000E+00  0.00000000E+00  0.00000000E+00  0.00000000E+00
  0.00000000E+00  0.00000000E+00  0.00000000E+00  0.00000000E+00  0.00000000E+00
  0.00000000E+00  0.00000000E+00  0.00000000E+00  0.00000000E+00  0.00000000E+00
  0.00000000E+00  0.00000000E+00  0.00000000E+00  0.00000000E+00  0.00000000E+00
  0.00000000E+00  0.00000000E+00  0.00000000E+00  0.00000000E+00  0.00000000E+00
  0.00000000E+00  0.00000000E+00  0.00000000E+00  0.00000000E+00  0.00000000E+00
  0.00000000E+00  0.00000000E+00  0.00000000E+00  0.00000000E+00  0.00000000E+00
  0.00000000E+00  0.00000000E+00  0.00000000E+00  0.00000000E+00  0.00000000E+00
  0.00000000E+00  0.00000000E+00  0.00000000E+00  0.00000000E+00  0.00000000E+00
  0.00000000E+00  0.00000000E+00  0.00000000E+00  0.00000000E+00  0.00000000E+00
  0.00000000E+00  0.00000000E+00  0.00000000E+00  0.00000000E+00  0.00000000E+00
  0.00000000E+00  0.00000000E+00  0.00000000E+00  0.00000000E+00  0.00000000E+00
  0.00000000E+00  0.00000000E+00  0.00000000E+00  0.00000000E+00  0.00000000E+00
  0.00000000E+00  0.00000000E+00  0.00000000E+00  0.00000000E+00  0.00000000E+00
  0.00000000E+00  0.00000000E+00  0.00000000E+00  0.00000000E+00
  0.10000000E+01  0.24885222E+01  0.34160594E+01  0.36973319E+01  0.36110787E+01
  0.32564073E+01  0.27548042E+01  0.22324155E+01  0.17114701E+01  0.12726837E+01
  0.90454629E+00  0.62252360E+00  0.41818484E+00  0.26717047E+00  0.17294505E+00
  0.10243753E+00  0.65192379E-01  0.35610374E-01  0.22750760E-01  0.11359168E-01
  0.74441099E-02  0.33572438E-02  0.23068898E-02  0.92657413E-03  0.68232621E-03
  0.24024853E-03  0.19367272E-03  0.58736361E-04  0.52911084E-04  0.13531887E-04
  0.13925398E-04  0.29237631E-05  0.35327536E-05  0.57526643E-06  0.00000000E+00
  0.00000000E+00  0.00000000E+00  0.00000000E+00  0.00000000E+00  0.00000000E+00
  0.00000000E+00  0.00000000E+00  0.00000000E+00  0.00000000E+00  0.00000000E+00
  0.00000000E+00  0.00000000E+00  0.00000000E+00  0.00000000E+00  0.00000000E+00
  0.00000000E+00  0.00000000E+00  0.00000000E+00  0.00000000E+00  0.00000000E+00
  0.00000000E+00  0.00000000E+00  0.00000000E+00  0.00000000E+00  0.00000000E+00
  0.00000000E+00  0.00000000E+00  0.00000000E+00  0.00000000E+00  0.00000000E+00
  0.00000000E+00  0.00000000E+00  0.00000000E+00  0.00000000E+00  0.00000000E+00
  0.00000000E+00  0.00000000E+00  0.00000000E+00  0.00000000E+00  0.00000000E+00
  0.00000000E+00  0.00000000E+00  0.00000000E+00  0.00000000E+00  0.00000000E+00
  0.00000000E+00  0.00000000E+00  0.00000000E+00  0.00000000E+00  0.00000000E+00
  0.00000000E+00  0.00000000E+00  0.00000000E+00  0.00000000E+00  0.00000000E+00
  0.00000000E+00  0.00000000E+00  0.00000000E+00  0.00000000E+00  0.00000000E+00
  0.00000000E+00  0.00000000E+00  0.00000000E+00  0.00000000E+00  0.00000000E+00
  0.00000000E+00  0.00000000E+00  0.00000000E+00  0.00000000E+00  0.00000000E+00
  0.00000000E+00  0.00000000E+00  0.00000000E+00  0.00000000E+00  0.00000000E+00
  0.00000000E+00  0.00000000E+00  0.00000000E+00  0.00000000E+00  0.00000000E+00
  0.00000000E+00  0.00000000E+00  0.00000000E+00  0.00000000E+00  0.00000000E+00
  0.00000000E+00  0.00000000E+00  0.00000000E+00  0.00000000E+00  0.00000000E+00
  0.00000000E+00  0.00000000E+00  0.00000000E+00  0.00000000E+00
  0.10000000E+01  0.24886991E+01  0.34717786E+01  0.38329074E+01  0.38693221E+01
  0.36444268E+01  0.32534188E+01  0.28167347E+01  0.23182938E+01  0.18781008E+01
  0.14489173E+01  0.11045833E+01  0.80963892E+00  0.58151271E+00  0.41094707E+00
  0.27749209E+00  0.19216825E+00  0.12136260E+00  0.83826644E-01  0.49118511E-01
  0.34472268E-01  0.18549524E-01  0.13480325E-01  0.65835870E-02  0.50471805E-02
  0.22098967E-02  0.18188156E-02  0.70551052E-03  0.63324365E-03  0.21526974E-03
  0.21352113E-03  0.62987725E-04  0.69768603E-04  0.17649942E-04  0.22037909E-04
  0.46741445E-05  0.66925962E-05  0.11441225E-05  0.19533191E-05  0.24988917E-06
  0.00000000E+00  0.00000000E+00  0.00000000E+00  0.00000000E+00  0.00000000E+00
  0.00000000E+00  0.00000000E+00  0.00000000E+00  0.00000000E+00  0.00000000E+00
  0.00000000E+00  0.00000000E+00  0.00000000E+00  0.00000000E+00  0.00000000E+00
  0.00000000E+00  0.00000000E+00  0.00000000E+00  0.00000000E+00  0.00000000E+00
  0.00000000E+00  0.00000000E+00  0.00000000E+00  0.00000000E+00  0.00000000E+00
  0.00000000E+00  0.00000000E+00  0.00000000E+00  0.00000000E+00  0.00000000E+00
  0.00000000E+00  0.00000000E+00  0.00000000E+00  0.00000000E+00  0.00000000E+00
  0.00000000E+00  0.00000000E+00  0.00000000E+00  0.00000000E+00  0.00000000E+00
  0.00000000E+00  0.00000000E+00  0.00000000E+00  0.00000000E+00  0.00000000E+00
  0.00000000E+00  0.00000000E+00  0.00000000E+00  0.00000000E+00  0.00000000E+00
  0.00000000E+00  0.00000000E+00  0.00000000E+00  0.00000000E+00  0.00000000E+00
  0.00000000E+00  0.00000000E+00  0.00000000E+00  0.00000000E+00  0.00000000E+00
  0.00000000E+00  0.00000000E+00  0.00000000E+00  0.00000000E+00  0.00000000E+00
  0.00000000E+00  0.00000000E+00  0.00000000E+00  0.00000000E+00  0.00000000E+00
  0.00000000E+00  0.00000000E+00  0.00000000E+00  0.00000000E+00  0.00000000E+00
  0.00000000E+00  0.00000000E+00  0.00000000E+00  0.00000000E+00  0.00000000E+00
  0.00000000E+00  0.00000000E+00  0.00000000E+00  0.00000000E+00  0.00000000E+00
  0.00000000E+00  0.00000000E+00  0.00000000E+00  0.00000000E+00
  0.10000000E+01  0.24702744E+01  0.34733228E+01  0.38592416E+01  0.39701958E+01
  0.38381397E+01  0.35508748E+01  0.32146250E+01  0.27837561E+01  0.23952230E+01
  0.19642802E+01  0.16115716E+01  0.12622992E+01  0.98726881E+00  0.74634668E+00
  0.55506702E+00  0.41018439E+00  0.28870604E+00  0.21159293E+00  0.13998868E+00
  0.10334131E+00  0.63727322E-01  0.48137986E-01  0.27413107E-01  0.21514485E-01
  0.11209186E-01  0.92688620E-02  0.43812071E-02  0.38628396E-02  0.16455866E-02
  0.15613448E-02  0.59697088E-03  0.61319876E-03  0.21015007E-03  0.23427427E-03
  0.72061934E-04  0.87099562E-04  0.24098795E-04  0.31464588E-04  0.78028036E-05
  0.10972212E-04  0.23723170E-05  0.36429849E-05  0.64597004E-06  0.00000000E+00
  0.00000000E+00  0.00000000E+00  0.00000000E+00  0.00000000E+00  0.00000000E+00
  0.00000000E+00  0.00000000E+00  0.00000000E+00  0.00000000E+00  0.00000000E+00
  0.00000000E+00  0.00000000E+00  0.00000000E+00  0.00000000E+00  0.00000000E+00
  0.00000000E+00  0.00000000E+00  0.00000000E+00  0.00000000E+00  0.00000000E+00
  0.00000000E+00  0.00000000E+00  0.00000000E+00  0.00000000E+00  0.00000000E+00
  0.00000000E+00  0.00000000E+00  0.00000000E+00  0.00000000E+00  0.00000000E+00
  0.00000000E+00  0.00000000E+00  0.00000000E+00  0.00000000E+00  0.00000000E+00
  0.00000000E+00  0.00000000E+00  0.00000000E+00  0.00000000E+00  0.00000000E+00
  0.00000000E+00  0.00000000E+00  0.00000000E+00  0.00000000E+00  0.00000000E+00
  0.00000000E+00  0.00000000E+00  0.00000000E+00  0.00000000E+00  0.00000000E+00
  0.00000000E+00  0.00000000E+00  0.00000000E+00  0.00000000E+00  0.00000000E+00
  0.00000000E+00  0.00000000E+00  0.00000000E+00  0.00000000E+00  0.00000000E+00
  0.00000000E+00  0.00000000E+00  0.00000000E+00  0.00000000E+00  0.00000000E+00
  0.00000000E+00  0.00000000E+00  0.00000000E+00  0.00000000E+00  0.00000000E+00
  0.00000000E+00  0.00000000E+00  0.00000000E+00  0.00000000E+00  0.00000000E+00
  0.00000000E+00  0.00000000E+00  0.00000000E+00  0.00000000E+00  0.00000000E+00
  0.00000000E+00  0.00000000E+00  0.00000000E+00  0.00000000E+00
  0.10000000E+01  0.24406133E+01  0.34436479E+01  0.38201413E+01  0.39750585E+01
  0.39070014E+01  0.37099923E+01  0.34708113E+01  0.31271797E+01  0.28153883E+01
  0.24245117E+01  0.21022855E+01  0.17374448E+01  0.14489803E+01  0.11571085E+01
  0.92566389E+00  0.72123777E+00  0.55118656E+00  0.42395518E+00  0.30779832E+00
  0.23671600E+00  0.16218302E+00  0.12634289E+00  0.81105117E-01  0.64800532E-01
  0.38707508E-01  0.32073171E-01  0.17722722E-01  0.15369622E-01  0.78241298E-02
  0.71486779E-02  0.33464753E-02  0.32332837E-02  0.13928993E-02  0.14240355E-02
  0.56643882E-03  0.61134638E-03  0.22577832E-03  0.25598620E-03  0.88397156E-04
  0.10457282E-03  0.34019220E-04  0.41664192E-04  0.12847308E-04  0.16159820E-04
  0.47165214E-05  0.60476241E-05  0.16197039E-05  0.21305156E-05  0.48802054E-06
  0.00000000E+00  0.00000000E+00  0.00000000E+00  0.00000000E+00  0.00000000E+00
  0.00000000E+00  0.00000000E+00  0.00000000E+00  0.00000000E+00  0.00000000E+00
  0.00000000E+00  0.00000000E+00  0.00000000E+00  0.00000000E+00  0.00000000E+00
  0.00000000E+00  0.00000000E+00  0.00000000E+00  0.00000000E+00  0.00000000E+00
  0.00000000E+00  0.00000000E+00  0.00000000E+00  0.00000000E+00  0.00000000E+00
  0.00000000E+00  0.00000000E+00  0.00000000E+00  0.00000000E+00  0.00000000E+00
  0.00000000E+00  0.00000000E+00  0.00000000E+00  0.00000000E+00  0.00000000E+00
  0.00000000E+00  0.00000000E+00  0.00000000E+00  0.00000000E+00  0.00000000E+00
  0.00000000E+00  0.00000000E+00  0.00000000E+00  0.00000000E+00  0.00000000E+00
  0.00000000E+00  0.00000000E+00  0.00000000E+00  0.00000000E+00  0.00000000E+00
  0.00000000E+00  0.00000000E+00  0.00000000E+00  0.00000000E+00  0.00000000E+00
  0.00000000E+00  0.00000000E+00  0.00000000E+00  0.00000000E+00  0.00000000E+00
  0.00000000E+00  0.00000000E+00  0.00000000E+00  0.00000000E+00  0.00000000E+00
  0.00000000E+00  0.00000000E+00  0.00000000E+00  0.00000000E+00  0.00000000E+00
  0.00000000E+00  0.00000000E+00  0.00000000E+00  0.00000000E+00  0.00000000E+00
  0.00000000E+00  0.00000000E+00  0.00000000E+00  0.00000000E+00
  0.10000000E+01  0.24062704E+01  0.34012309E+01  0.37518925E+01  0.39369527E+01
  0.39167961E+01  0.38006380E+01  0.36513540E+01  0.34020936E+01  0.31747255E+01
  0.28490192E+01  0.25782020E+01  0.22288179E+01  0.19519251E+01  0.16318619E+01
  0.13797080E+01  0.11237527E+01  0.91421913E+00  0.73236811E+00  0.57081823E+00
  0.45452921E+00  0.33766724E+00  0.27015421E+00  0.19025621E+00  0.15450994E+00
  0.10262883E+00  0.85366948E-01  0.53259860E-01  0.45704305E-01  0.26714285E-01
  0.23769083E-01  0.13007447E-01  0.12030386E-01  0.61728852E-02  0.59348193E-02
  0.28653755E-02  0.28570299E-02  0.13048888E-02  0.13434385E-02  0.58432415E-03
  0.61749859E-03  0.25764589E-03  0.27756276E-03  0.11188967E-03  0.12200776E-03
  0.47803588E-04  0.52413327E-04  0.20042426E-04  0.21978403E-04  0.82212350E-05
  0.89808538E-05  0.32793650E-05  0.35413236E-05  0.12227908E-05  0.12944533E-05
  0.39319256E-06  0.00000000E+00  0.00000000E+00  0.00000000E+00  0.00000000E+00
  0.00000000E+00  0.00000000E+00  0.00000000E+00  0.00000000E+00  0.00000000E+00
  0.00000000E+00  0.00000000E+00  0.00000000E+00  0.00000000E+00  0.00000000E+00
  0.00000000E+00  0.00000000E+00  0.00000000E+00  0.00000000E+00  0.00000000E+00
  0.00000000E+00  0.00000000E+00  0.00000000E+00  0.00000000E+00  0.00000000E+00
  0.00000000E+00  0.00000000E+00  0.00000000E+00  0.00000000E+00  0.00000000E+00
  0.00000000E+00  0.00000000E+00  0.00000000E+00  0.00000000E+00  0.00000000E+00
  0.00000000E+00  0.00000000E+00  0.00000000E+00  0.00000000E+00  0.00000000E+00
  0.00000000E+00  0.00000000E+00  0.00000000E+00  0.00000000E+00  0.00000000E+00
  0.00000000E+00  0.00000000E+00  0.00000000E+00  0.00000000E+00  0.00000000E+00
  0.00000000E+00  0.00000000E+00  0.00000000E+00  0.00000000E+00  0.00000000E+00
  0.00000000E+00  0.00000000E+00  0.00000000E+00  0.00000000E+00  0.00000000E+00
  0.00000000E+00  0.00000000E+00  0.00000000E+00  0.00000000E+00  0.00000000E+00
  0.00000000E+00  0.00000000E+00  0.00000000E+00  0.00000000E+00  0.00000000E+00
  0.00000000E+00  0.00000000E+00  0.00000000E+00  0.00000000E+00
  0.10000000E+01  0.23733811E+01  0.33613757E+01  0.36846802E+01  0.38993234E+01
  0.39224840E+01  0.38836698E+01  0.38183299E+01  0.36647282E+01  0.35200852E+01
  0.32722146E+01  0.30597590E+01  0.27468690E+01  0.24955183E+01  0.21676905E+01
  0.19101011E+01  0.16146662E+01  0.13767272E+01  0.11415682E+01  0.93879836E+00
  0.77038535E+00  0.60869894E+00  0.49881083E+00  0.37711699E+00  0.31124379E+00
  0.22430590E+00  0.18783746E+00  0.12865905E+00  0.10996501E+00  0.71467015E-01
  0.62594426E-01  0.38595565E-01  0.34708892E-01  0.20336796E-01  0.18777224E-01
  0.10488283E-01  0.99233561E-02  0.53082872E-02  0.51285894E-02  0.26421231E-02
  0.25946285E-02  0.12953465E-02  0.12861146E-02  0.62619408E-03  0.62511561E-03
  0.29863551E-03  0.29811968E-03  0.14047607E-03  0.13952748E-03  0.65092120E-04
  0.64040176E-04  0.29619349E-04  0.28758880E-04  0.13165694E-04  0.12586971E-04
  0.56893058E-05  0.53548388E-05  0.23900524E-05  0.21957673E-05  0.94488509E-06
  0.00000000E+00  0.00000000E+00  0.00000000E+00  0.00000000E+00  0.00000000E+00
  0.00000000E+00  0.00000000E+00  0.00000000E+00  0.00000000E+00  0.00000000E+00
  0.00000000E+00  0.00000000E+00  0.00000000E+00  0.00000000E+00  0.00000000E+00
  0.00000000E+00  0.00000000E+00  0.00000000E+00  0.00000000E+00  0.00000000E+00
  0.00000000E+00  0.00000000E+00  0.00000000E+00  0.00000000E+00  0.00000000E+00
  0.00000000E+00  0.00000000E+00  0.00000000E+00  0.00000000E+00  0.00000000E+00
  0.00000000E+00  0.00000000E+00  0.00000000E+00  0.00000000E+00  0.00000000E+00
  0.00000000E+00  0.00000000E+00  0.00000000E+00  0.00000000E+00  0.00000000E+00
  0.00000000E+00  0.00000000E+00  0.00000000E+00  0.00000000E+00  0.00000000E+00
  0.00000000E+00  0.00000000E+00  0.00000000E+00  0.00000000E+00  0.00000000E+00
  0.00000000E+00  0.00000000E+00  0.00000000E+00  0.00000000E+00  0.00000000E+00
  0.00000000E+00  0.00000000E+00  0.00000000E+00  0.00000000E+00  0.00000000E+00
  0.00000000E+00  0.00000000E+00  0.00000000E+00  0.00000000E+00  0.00000000E+00
  0.00000000E+00  0.00000000E+00  0.00000000E+00  0.00000000E+00
  0.10000000E+01  0.23469841E+01  0.33351366E+01  0.36403345E+01  0.38920557E+01
  0.39613811E+01  0.39998772E+01  0.40138602E+01  0.39534861E+01  0.38849914E+01
  0.37187531E+01  0.35627094E+01  0.32984723E+01  0.30777792E+01  0.27583621E+01
  0.25052546E+01  0.21838976E+01  0.19279557E+01  0.16458516E+01  0.14090600E+01
  0.11869278E+01  0.98261256E+00  0.82298903E+00  0.65678434E+00  0.55088539E+00
  0.42258740E+00  0.35717897E+00  0.26279804E+00  0.22493560E+00  0.15855660E+00
  0.13789348E+00  0.93136514E-01  0.82438501E-01  0.53431676E-01  0.48135920E-01
  0.30020778E-01  0.27486266E-01  0.16557853E-01  0.15365918E-01  0.89818473E-02
  0.84187199E-02  0.47988948E-02  0.45248496E-02  0.25281292E-02  0.23880683E-02
  0.13142240E-02  0.12387424E-02  0.67447649E-03  0.63212014E-03  0.34182422E-03
  0.31758153E-03  0.17106934E-03  0.15718031E-03  0.84497535E-04  0.76627501E-04
  0.41119351E-04  0.36732437E-04  0.19626146E-04  0.17224626E-04  0.91042555E-05
  0.78224281E-05  0.40632469E-05  0.34132213E-05  0.17503676E-05  0.14149253E-05
  0.70851101E-06  0.00000000E+00  0.00000000E+00  0.00000000E+00  0.00000000E+00
  0.00000000E+00  0.00000000E+00  0.00000000E+00  0.00000000E+00  0.00000000E+00
  0.00000000E+00  0.00000000E+00  0.00000000E+00  0.00000000E+00  0.00000000E+00
  0.00000000E+00  0.00000000E+00  0.00000000E+00  0.00000000E+00  0.00000000E+00
  0.00000000E+00  0.00000000E+00  0.00000000E+00  0.00000000E+00  0.00000000E+00
  0.00000000E+00  0.00000000E+00  0.00000000E+00  0.00000000E+00  0.00000000E+00
  0.00000000E+00  0.00000000E+00  0.00000000E+00  0.00000000E+00  0.00000000E+00
  0.00000000E+00  0.00000000E+00  0.00000000E+00  0.00000000E+00  0.00000000E+00
  0.00000000E+00  0.00000000E+00  0.00000000E+00  0.00000000E+00  0.00000000E+00
  0.00000000E+00  0.00000000E+00  0.00000000E+00  0.00000000E+00  0.00000000E+00
  0.00000000E+00  0.00000000E+00  0.00000000E+00  0.00000000E+00  0.00000000E+00
  0.00000000E+00  0.00000000E+00  0.00000000E+00  0.00000000E+00  0.00000000E+00
  0.00000000E+00  0.00000000E+00  0.00000000E+00  0.00000000E+00
  0.10000000E+01  0.23301302E+01  0.33280241E+01  0.36299077E+01  0.39285778E+01
  0.40494406E+01  0.41651778E+01  0.42536598E+01  0.42807128E+01  0.42793693E+01
  0.41923440E+01  0.40862763E+01  0.38761104E+01  0.36859890E+01  0.33869418E+01
  0.31442789E+01  0.28106550E+01  0.25458330E+01  0.22270874E+01  0.19651308E+01
  0.16933841E+01  0.14524418E+01  0.12409182E+01  0.10321356E+01  0.87961735E+00
  0.70790699E+00  0.60496686E+00  0.47030780E+00  0.40471221E+00  0.30367816E+00
  0.26389697E+00  0.19116667E+00  0.16801168E+00  0.11764892E+00  0.10458950E+00
  0.70958223E-01  0.63741521E-01  0.42029907E-01  0.38073992E-01  0.24490311E-01
  0.22313013E-01  0.14057160E-01  0.12842406E-01  0.79565421E-02  0.72664221E-02
  0.44445198E-02  0.40458332E-02  0.24516960E-02  0.22188728E-02  0.13361308E-02
  0.11997880E-02  0.71963398E-03  0.64018241E-03  0.38311055E-03  0.33731689E-03
  0.20158826E-03  0.17559314E-03  0.10481388E-03  0.90310579E-04  0.53813486E-04
  0.45857490E-04  0.27235118E-04  0.22926717E-04  0.13522103E-04  0.11194415E-04
  0.64992759E-05  0.52333241E-05  0.29576799E-05  0.22850910E-05  0.12676691E-05
  0.90250028E-06  0.00000000E+00  0.00000000E+00  0.00000000E+00  0.00000000E+00
  0.00000000E+00  0.00000000E+00  0.00000000E+00  0.00000000E+00  0.00000000E+00
  0.00000000E+00  0.00000000E+00  0.00000000E+00  0.00000000E+00  0.00000000E+00
  0.00000000E+00  0.00000000E+00  0.00000000E+00  0.00000000E+00  0.00000000E+00
  0.00000000E+00  0.00000000E+00  0.00000000E+00  0.00000000E+00  0.00000000E+00
  0.00000000E+00  0.00000000E+00  0.00000000E+00  0.00000000E+00  0.00000000E+00
  0.00000000E+00  0.00000000E+00  0.00000000E+00  0.00000000E+00  0.00000000E+00
  0.00000000E+00  0.00000000E+00  0.00000000E+00  0.00000000E+00  0.00000000E+00
  0.00000000E+00  0.00000000E+00  0.00000000E+00  0.00000000E+00  0.00000000E+00
  0.00000000E+00  0.00000000E+00  0.00000000E+00  0.00000000E+00  0.00000000E+00
  0.00000000E+00  0.00000000E+00  0.00000000E+00  0.00000000E+00  0.00000000E+00
  0.00000000E+00  0.00000000E+00  0.00000000E+00  0.00000000E+00
  0.10000000E+01  0.23235528E+01  0.33401129E+01  0.36539785E+01  0.40073567E+01
  0.41837587E+01  0.43741605E+01  0.45309549E+01  0.46367321E+01  0.46927603E+01
  0.46786306E+01  0.46149241E+01  0.44597888E+01  0.42982311E+01  0.40280440E+01
  0.37997832E+01  0.34667168E+01  0.32011145E+01  0.28584078E+01  0.25808532E+01
  0.22683539E+01  0.19993157E+01  0.17392506E+01  0.14936444E+01  0.12926800E+01
  0.10797704E+01  0.93384641E+00  0.75771543E+00  0.65719621E+00  0.51766722E+00
  0.45140615E+00  0.34525780E+00  0.30309741E+00  0.22534621E+00  0.19921867E+00
  0.14424833E+00  0.12833047E+00  0.90725582E-01  0.81105950E-01  0.56153391E-01
  0.50343270E-01  0.34244647E-01  0.30720182E-01  0.20597602E-01  0.18446863E-01
  0.12229279E-01  0.10910932E-01  0.71719273E-02  0.63630901E-02  0.41568664E-02
  0.36624005E-02  0.23823352E-02  0.20824241E-02  0.13505869E-02  0.11707228E-02
  0.75762108E-03  0.65122639E-03  0.42058424E-03  0.35858818E-03  0.23102505E-03
  0.19545568E-03  0.12549517E-03  0.10540435E-03  0.67352931E-04  0.56169103E-04
  0.35661044E-04  0.29513498E-04  0.18587593E-04  0.15232061E-04  0.94900970E-05
  0.76351788E-05  0.46612698E-05  0.35945688E-05  0.21122553E-05  0.14942157E-05
  0.84733235E-06  0.00000000E+00  0.00000000E+00  0.00000000E+00  0.00000000E+00
  0.00000000E+00  0.00000000E+00  0.00000000E+00  0.00000000E+00  0.00000000E+00
  0.00000000E+00  0.00000000E+00  0.00000000E+00  0.00000000E+00  0.00000000E+00
  0.00000000E+00  0.00000000E+00  0.00000000E+00  0.00000000E+00  0.00000000E+00
  0.00000000E+00  0.00000000E+00  0.00000000E+00  0.00000000E+00  0.00000000E+00
  0.00000000E+00  0.00000000E+00  0.00000000E+00  0.00000000E+00  0.00000000E+00
  0.00000000E+00  0.00000000E+00  0.00000000E+00  0.00000000E+00  0.00000000E+00
  0.00000000E+00  0.00000000E+00  0.00000000E+00  0.00000000E+00  0.00000000E+00
  0.00000000E+00  0.00000000E+00  0.00000000E+00  0.00000000E+00  0.00000000E+00
  0.00000000E+00  0.00000000E+00  0.00000000E+00  0.00000000E+00  0.00000000E+00
  0.00000000E+00  0.00000000E+00  0.00000000E+00  0.00000000E+00
  0.10000000E+01  0.23261236E+01  0.33677248E+01  0.37059324E+01  0.41174293E+01
  0.43501154E+01  0.46094585E+01  0.48269428E+01  0.50009764E+01  0.51050842E+01
  0.51557567E+01  0.51276927E+01  0.50260898E+01  0.48912677E+01  0.46558054E+01
  0.44452830E+01  0.41240704E+01  0.38650269E+01  0.35116494E+01  0.32279761E+01
  0.28864670E+01  0.25989754E+01  0.22981127E+01  0.20238044E+01  0.17772852E+01
  0.15286490E+01  0.13383123E+01  0.11230797E+01  0.98320222E+00  0.80461950E+00
  0.70591296E+00  0.56347989E+00  0.49603812E+00  0.38655544E+00  0.34157427E+00
  0.26026983E+00  0.23075531E+00  0.17228009E+00  0.15309634E+00  0.11226716E+00
  0.99850490E-01  0.72107329E-01  0.64079684E-01  0.45690864E-01  0.40502538E-01
  0.28585601E-01  0.25237279E-01  0.17669579E-01  0.15517033E-01  0.10797449E-01
  0.94229380E-02  0.65262449E-02  0.56568554E-02  0.39035794E-02  0.33601006E-02
  0.23115792E-02  0.19763583E-02  0.13557262E-02  0.11518859E-02  0.78773576E-03
  0.66556933E-03  0.45352778E-03  0.38135151E-03  0.25872529E-03  0.21663345E-03
  0.14616214E-03  0.12189155E-03  0.81663211E-04  0.67806592E-04  0.45016763E-04
  0.37162625E-04  0.24392729E-04  0.19966058E-04  0.12931104E-04  0.10437142E-04
  0.66577997E-05  0.52208114E-05  0.32420073E-05  0.23531361E-05  0.13697289E-05
  0.80121854E-06  0.00000000E+00  0.00000000E+00  0.00000000E+00  0.00000000E+00
  0.00000000E+00  0.00000000E+00  0.00000000E+00  0.00000000E+00  0.00000000E+00
  0.00000000E+00  0.00000000E+00  0.00000000E+00  0.00000000E+00  0.00000000E+00
  0.00000000E+00  0.00000000E+00  0.00000000E+00  0.00000000E+00  0.00000000E+00
  0.00000000E+00  0.00000000E+00  0.00000000E+00  0.00000000E+00  0.00000000E+00
  0.00000000E+00  0.00000000E+00  0.00000000E+00  0.00000000E+00  0.00000000E+00
  0.00000000E+00  0.00000000E+00  0.00000000E+00  0.00000000E+00  0.00000000E+00
  0.00000000E+00  0.00000000E+00  0.00000000E+00  0.00000000E+00  0.00000000E+00
  0.00000000E+00  0.00000000E+00  0.00000000E+00  0.00000000E+00  0.00000000E+00
  0.00000000E+00  0.00000000E+00  0.00000000E+00  0.00000000E+00
  0.10000000E+01  0.23357301E+01  0.34056701E+01  0.37762628E+01  0.42448279E+01
  0.45312580E+01  0.48514627E+01  0.51213195E+01  0.53528246E+01  0.54970936E+01
  0.56043903E+01  0.56070890E+01  0.55565298E+01  0.54476772E+01  0.52508766E+01
  0.50613834E+01  0.47613483E+01  0.45154498E+01  0.41637942E+01  0.38827199E+01
  0.35247887E+01  0.32283541E+01  0.28969600E+01  0.26029231E+01  0.23172953E+01
  0.20402453E+01  0.18078052E+01  0.15583807E+01  0.13779204E+01  0.11625241E+01
  0.10276917E+01  0.84872857E+00  0.75101074E+00  0.60757548E+00  0.53837452E+00
  0.42720558E+00  0.37899887E+00  0.29547893E+00  0.26226032E+00  0.20128998E+00
  0.17855576E+00  0.13520405E+00  0.11971681E+00  0.89623324E-01  0.79115874E-01
  0.58674513E-01  0.51580401E-01  0.37963306E-01  0.33204903E-01  0.24289626E-01
  0.21124966E-01  0.15376412E-01  0.13293476E-01  0.96357026E-02  0.82809828E-02
  0.59800603E-02  0.51103880E-02  0.36771375E-02  0.31263799E-02  0.22410820E-02
  0.18970439E-02  0.13542138E-02  0.11422098E-02  0.81157353E-03  0.68258077E-03
  0.48241228E-03  0.40484333E-03  0.28440645E-03  0.23826508E-03  0.16624177E-03
  0.13902391E-03  0.96239761E-04  0.80275775E-04  0.55049483E-04  0.45699511E-04
  0.30960595E-04  0.25468899E-04  0.16974030E-04  0.13731614E-04  0.89512884E-05
  0.70297344E-05  0.44522584E-05  0.32901719E-05  0.19641072E-05  0.12014830E-05
  0.56825787E-06  0.00000000E+00  0.00000000E+00  0.00000000E+00  0.00000000E+00
  0.00000000E+00  0.00000000E+00  0.00000000E+00  0.00000000E+00  0.00000000E+00
  0.00000000E+00  0.00000000E+00  0.00000000E+00  0.00000000E+00  0.00000000E+00
  0.00000000E+00  0.00000000E+00  0.00000000E+00  0.00000000E+00  0.00000000E+00
  0.00000000E+00  0.00000000E+00  0.00000000E+00  0.00000000E+00  0.00000000E+00
  0.00000000E+00  0.00000000E+00  0.00000000E+00  0.00000000E+00  0.00000000E+00
  0.00000000E+00  0.00000000E+00  0.00000000E+00  0.00000000E+00  0.00000000E+00
  0.00000000E+00  0.00000000E+00  0.00000000E+00  0.00000000E+00  0.00000000E+00
  0.00000000E+00  0.00000000E+00  0.00000000E+00  0.00000000E+00
  0.10000000E+01  0.24041483E+01  0.35789402E+01  0.40922359E+01  0.47324100E+01
  0.51797082E+01  0.56581732E+01  0.60683347E+01  0.64479511E+01  0.67085924E+01
  0.69842504E+01  0.70942799E+01  0.72245443E+01  0.72282087E+01  0.72011912E+01
  0.71247095E+01  0.69622761E+01  0.68152323E+01  0.65541511E+01  0.63441493E+01
  0.60214845E+01  0.57603097E+01  0.54082942E+01  0.51110378E+01  0.47559412E+01
  0.44386415E+01  0.41003121E+01  0.37782487E+01  0.34699593E+01  0.31565748E+01
  0.28855224E+01  0.25916823E+01  0.23601230E+01  0.20936745E+01  0.19003502E+01
  0.16660208E+01  0.15075467E+01  0.13071724E+01  0.11791680E+01  0.10121768E+01
  0.91004990E+00  0.77409846E+00  0.69350116E+00  0.58513867E+00  0.52218276E+00
  0.43744016E+00  0.38876466E+00  0.32361173E+00  0.28637161E+00  0.23703003E+00
  0.20885000E+00  0.17197646E+00  0.15089449E+00  0.12365770E+00  0.10806971E+00
  0.88155318E-01  0.76765799E-01  0.62335110E-01  0.54110704E-01  0.43736360E-01
  0.37865458E-01  0.30460806E-01  0.26316257E-01  0.21066501E-01  0.18170762E-01
  0.14472129E-01  0.12468254E-01  0.98786442E-02  0.85043168E-02  0.67021210E-02
  0.57668887E-02  0.45203587E-02  0.38883540E-02  0.30314842E-02  0.26069195E-02
  0.20215708E-02  0.17377643E-02  0.13404506E-02  0.11514731E-02  0.88355858E-03
  0.75812260E-03  0.57868039E-03  0.49560929E-03  0.37624360E-03  0.32132944E-03
  0.24248658E-03  0.20623616E-03  0.15452933E-03  0.13062571E-03  0.96957980E-04
  0.81215849E-04  0.59455716E-04  0.49114402E-04  0.35164425E-04  0.28416127E-04
  0.19566538E-04  0.15235299E-04  0.96990253E-05  0.70090567E-05  0.35966545E-05
  0.20205437E-05 -0.88992646E-07  0.00000000E+00  0.00000000E+00  0.00000000E+00
  0.00000000E+00  0.00000000E+00  0.00000000E+00  0.00000000E+00  0.00000000E+00
  0.00000000E+00  0.00000000E+00  0.00000000E+00  0.00000000E+00  0.00000000E+00
  0.00000000E+00  0.00000000E+00  0.00000000E+00  0.00000000E+00  0.00000000E+00
  0.00000000E+00  0.00000000E+00  0.00000000E+00  0.00000000E+00  0.00000000E+00
  0.00000000E+00  0.00000000E+00  0.00000000E+00  0.00000000E+00
  0.10000000E+01  0.24709910E+01  0.37109751E+01  0.43305151E+01  0.50524544E+01
  0.55904049E+01  0.61443385E+01  0.66416484E+01  0.71112959E+01  0.74704141E+01
  0.78718954E+01  0.80934649E+01  0.83763577E+01  0.85064703E+01  0.86398084E+01
  0.86964595E+01  0.86892282E+01  0.86694091E+01  0.85487048E+01  0.84497996E+01
  0.82425414E+01  0.80707678E+01  0.77997611E+01  0.75673820E+01  0.72531394E+01
  0.69743417E+01  0.66359959E+01  0.63248940E+01  0.59794697E+01  0.56495565E+01
  0.53109428E+01  0.49748053E+01  0.46532796E+01  0.43221778E+01  0.40245398E+01
  0.37079334E+01  0.34380314E+01  0.31432179E+01  0.29026303E+01  0.26345891E+01
  0.24232803E+01  0.21847606E+01  0.20016122E+01  0.17934199E+01  0.16366223E+01
  0.14580185E+01  0.13253536E+01  0.11744828E+01  0.10635232E+01  0.93781906E+00
  0.84606657E+00  0.74260193E+00  0.66758589E+00  0.58334316E+00  0.52269276E+00
  0.45475895E+00  0.40625927E+00  0.35194893E+00  0.31357640E+00  0.27049712E+00
  0.24044591E+00  0.20652349E+00  0.18321687E+00  0.15668831E+00  0.13877472E+00
  0.11816436E+00  0.10451027E+00  0.88601363E-01  0.78273918E-01  0.66071378E-01
  0.58313267E-01  0.49012623E-01  0.43220353E-01  0.36175959E-01  0.31874678E-01
  0.26572381E-01  0.23393293E-01  0.19427024E-01  0.17086827E-01  0.14138249E-01
  0.12421779E-01  0.10243112E-01  0.89880610E-02  0.73877926E-02  0.64728303E-02
  0.53041970E-02  0.46390749E-02  0.37903713E-02  0.33082627E-02  0.26951416E-02
  0.23467719E-02  0.19060576E-02  0.16551766E-02  0.13398869E-02  0.11598923E-02
  0.93535890E-03  0.80678896E-03  0.64758567E-03  0.55621753E-03  0.44380674E-03
  0.37928884E-03  0.30024240E-03  0.25506533E-03  0.19968828E-03  0.16841512E-03
  0.12974958E-03  0.10846597E-03  0.81531475E-04  0.67434726E-04  0.48684726E-04
  0.39787369E-04  0.26708275E-04  0.21614818E-04  0.12429724E-04  0.10161447E-04
  0.36008246E-05  0.34567383E-05 -0.14050450E-05  0.00000000E+00  0.00000000E+00
  0.00000000E+00  0.00000000E+00  0.00000000E+00  0.00000000E+00  0.00000000E+00
  0.00000000E+00  0.00000000E+00  0.00000000E+00  0.00000000E+00
  0.10000000E+01  0.25207311E+01  0.37992028E+01  0.44915879E+01  0.52542506E+01
  0.58564166E+01  0.64628048E+01  0.70367210E+01  0.75840487E+01  0.80392282E+01
  0.85472528E+01  0.88774914E+01  0.92860845E+01  0.95357931E+01  0.98017535E+01
  0.99831276E+01  0.10111754E+02  0.10213267E+02  0.10229022E+02  0.10241957E+02
  0.10165374E+02  0.10093842E+02  0.99385737E+01  0.97940465E+01  0.95724568E+01
  0.93674665E+01  0.90936298E+01  0.88396263E+01  0.85287014E+01  0.82364907E+01
  0.79029794E+01  0.75833455E+01  0.72398980E+01  0.69036015E+01  0.65605884E+01
  0.62179310E+01  0.58834864E+01  0.55437812E+01  0.52240477E+01  0.48951883E+01
  0.45946138E+01  0.42828318E+01  0.40044402E+01  0.37142531E+01  0.34598754E+01
  0.31941789E+01  0.29646579E+01  0.27249089E+01  0.25202817E+01  0.23067388E+01
  0.21263929E+01  0.19383846E+01  0.17811957E+01  0.16173772E+01  0.14818348E+01
  0.13404211E+01  0.12247484E+01  0.11037074E+01  0.10059631E+01  0.90316599E+00
  0.82134382E+00  0.73467774E+00  0.66678866E+00  0.59422844E+00  0.53836036E+00
  0.47801352E+00  0.43238585E+00  0.38252339E+00  0.34551944E+00  0.30458101E+00
  0.27475914E+00  0.24135863E+00  0.21746181E+00  0.19038002E+00  0.17132884E+00
  0.14950413E+00  0.13438550E+00  0.11690291E+00  0.10495406E+00  0.91032340E-01
  0.81624194E-01  0.70601819E-01  0.63219544E-01  0.54541053E-01  0.48767510E-01
  0.41971025E-01  0.37470193E-01  0.32174609E-01  0.28677189E-01  0.24570793E-01
  0.21862063E-01  0.18692163E-01  0.16601392E-01  0.14164712E-01  0.12556580E-01
  0.10690994E-01  0.94586539E-02  0.80356699E-02  0.70948648E-02  0.60133068E-02
  0.52979163E-02  0.44787026E-02  0.39370432E-02  0.33185984E-02  0.29103621E-02
  0.24450631E-02  0.21389726E-02  0.17900857E-02  0.15619570E-02  0.13012657E-02
  0.11324815E-02  0.93839118E-03  0.81470778E-03  0.67075117E-03  0.58129444E-03
  0.47491998E-03  0.41141260E-03  0.33309927E-03  0.28928124E-03  0.23180282E-03
  0.20293960E-03  0.16082785E-03  0.14336165E-03  0.11248013E-03  0.10374595E-03
  0.80974427E-04  0.78986114E-04  0.61974887E-04  0.65260666E-04
  0.10000000E+01  0.25567668E+01  0.38619861E+01  0.46096375E+01  0.54019174E+01
  0.60604475E+01  0.67154247E+01  0.73613441E+01  0.79795378E+01  0.85216764E+01
  0.91187729E+01  0.95441022E+01  0.10053704E+02  0.10406508E+02  0.10778968E+02
  0.11068705E+02  0.11310569E+02  0.11519435E+02  0.11655849E+02  0.11771179E+02
  0.11818559E+02  0.11844254E+02  0.11808554E+02  0.11756690E+02  0.11643105E+02
  0.11525053E+02  0.11342866E+02  0.11167195E+02  0.10928804E+02  0.10703014E+02
  0.10421352E+02  0.10153504E+02  0.98404746E+01  0.95395141E+01  0.92055887E+01
  0.88808724E+01  0.85351847E+01  0.81958699E+01  0.78463548E+01  0.75009227E+01
  0.71543956E+01  0.68103502E+01  0.64725401E+01  0.61362470E+01  0.58118232E+01
  0.54884425E+01  0.51810649E+01  0.48745497E+01  0.45869405E+01  0.43000970E+01
  0.40341169E+01  0.37687220E+01  0.35254495E+01  0.32823940E+01  0.30622115E+01
  0.28416611E+01  0.26443526E+01  0.24459047E+01  0.22707498E+01  0.20935766E+01
  0.19394603E+01  0.17824360E+01  0.16479544E+01  0.15097519E+01  0.13933034E+01
  0.12724740E+01  0.11723567E+01  0.10673993E+01  0.98188755E+00  0.89128899E+00
  0.81868687E+00  0.74096468E+00  0.67965913E+00  0.61338558E+00  0.56187547E+00
  0.50569733E+00  0.46261297E+00  0.41526695E+00  0.37937853E+00  0.33970053E+00
  0.30992130E+00  0.27685055E+00  0.25222921E+00  0.22480957E+00  0.20452329E+00
  0.18190318E+00  0.16524536E+00  0.14667344E+00  0.13304089E+00  0.11786100E+00
  0.10674208E+00  0.94387107E-01  0.85349261E-01  0.75333246E-01  0.68012314E-01
  0.59922913E-01  0.54013656E-01  0.47503363E-01  0.42750268E-01  0.37528296E-01
  0.33718695E-01  0.29543698E-01  0.26501350E-01  0.23173825E-01  0.20753052E-01
  0.18109292E-01  0.16190292E-01  0.14096363E-01  0.12580975E-01  0.10927780E-01
  0.97359380E-02  0.84349730E-02  0.75018207E-02  0.64815966E-02  0.57547062E-02
  0.49575370E-02  0.43946685E-02  0.37742933E-02  0.33416618E-02  0.28610016E-02
  0.25316073E-02  0.21610743E-02  0.19134632E-02  0.16294716E-02  0.14466170E-02
  0.12304011E-02  0.10987878E-02  0.93540075E-03  0.84429197E-03
  0.10000000E+01  0.25840246E+01  0.39111156E+01  0.47050543E+01  0.55255168E+01
  0.62359051E+01  0.69376464E+01  0.76486459E+01  0.83295489E+01  0.89465583E+01
  0.96174660E+01  0.10123369E+02  0.10715253E+02  0.11155622E+02  0.11615513E+02
  0.11998758E+02  0.12335913E+02  0.12638888E+02  0.12880190E+02  0.13087384E+02
  0.13246234E+02  0.13362328E+02  0.13438338E+02  0.13476791E+02  0.13469611E+02
  0.13440933E+02  0.13356593E+02  0.13266523E+02  0.13115516E+02  0.12968375E+02
  0.12761882E+02  0.12563222E+02  0.12311294E+02  0.12068295E+02  0.11779842E+02
  0.11500559E+02  0.11183825E+02  0.10876426E+02  0.10539229E+02  0.10211557E+02
  0.98612659E+01  0.95206478E+01  0.91640421E+01  0.88171815E+01  0.84603368E+01
  0.81132220E+01  0.77614549E+01  0.74192741E+01  0.70771299E+01  0.67442214E+01
  0.64154773E+01  0.60953335E+01  0.57830073E+01  0.54783143E+01  0.51846850E+01
  0.48973947E+01  0.46240416E+01  0.43554587E+01  0.41033055E+01  0.38541797E+01
  0.36235670E+01  0.33941861E+01  0.31849521E+01  0.29752175E+01  0.27867777E+01
  0.25962766E+01  0.24277212E+01  0.22557974E+01  0.21059780E+01  0.19517793E+01
  0.18193798E+01  0.16819124E+01  0.15655275E+01  0.14436950E+01  0.13418857E+01
  0.12345252E+01  0.11458655E+01  0.10517820E+01  0.97489339E+00  0.89288823E+00
  0.82646826E+00  0.75536138E+00  0.69819560E+00  0.63684487E+00  0.58781871E+00
  0.53513713E+00  0.49323768E+00  0.44820411E+00  0.41251758E+00  0.37418553E+00
  0.34389433E+00  0.31139776E+00  0.28577359E+00  0.25832827E+00  0.23672582E+00
  0.21363001E+00  0.19548062E+00  0.17611120E+00  0.16091438E+00  0.14472271E+00
  0.13204096E+00  0.11854838E+00  0.10800120E+00  0.96791925E-01  0.88049386E-01
  0.78765231E-01  0.71542776E-01  0.63876248E-01  0.57929356E-01  0.51617728E-01
  0.46737352E-01  0.41557083E-01  0.37565954E-01  0.33327843E-01  0.30075954E-01
  0.26620104E-01  0.23980993E-01  0.21173268E-01  0.19041236E-01  0.16769229E-01
  0.15056099E-01  0.13226086E-01  0.11858670E-01  0.10392576E-01  0.93101418E-02
  0.81429420E-02  0.72948923E-02  0.63721522E-02  0.57161294E-02
  0.10000000E+01  0.26059172E+01  0.39524643E+01  0.47874777E+01  0.56362776E+01
  0.63939978E+01  0.71397877E+01  0.79081016E+01  0.86438167E+01  0.93249188E+01
  0.10057909E+02  0.10632824E+02  0.11293722E+02  0.11809510E+02  0.12343427E+02
  0.12808169E+02  0.13226975E+02  0.13612824E+02  0.13945360E+02  0.14234738E+02
  0.14491996E+02  0.14690880E+02  0.14867296E+02  0.14990875E+02  0.15082011E+02
  0.15140011E+02  0.15150160E+02  0.15145588E+02  0.15084399E+02  0.15018757E+02
  0.14896033E+02  0.14772952E+02  0.14596671E+02  0.14422097E+02  0.14199050E+02
  0.13979956E+02  0.13716777E+02  0.13460173E+02  0.13163727E+02  0.12876337E+02
  0.12553577E+02  0.12241853E+02  0.11899530E+02  0.11569677E+02  0.11214152E+02
  0.10872065E+02  0.10509210E+02  0.10160358E+02  0.97955306E+01  0.94448520E+01
  0.90828622E+01  0.87347050E+01  0.83797831E+01  0.80378871E+01  0.76936519E+01
  0.73611608E+01  0.70306053E+01  0.67100974E+01  0.63955822E+01  0.60891117E+01
  0.57923898E+01  0.55015358E+01  0.52237924E+01  0.49496983E+01  0.46915963E+01
  0.44350147E+01  0.41967655E+01  0.39581092E+01  0.37395410E+01  0.35189166E+01
  0.33195373E+01  0.31167904E+01  0.29358655E+01  0.27506145E+01  0.25872285E+01
  0.24189003E+01  0.22720138E+01  0.21198806E+01  0.19883780E+01  0.18515928E+01
  0.17343270E+01  0.16119528E+01  0.15077726E+01  0.13988121E+01  0.13065912E+01
  0.12100150E+01  0.11286680E+01  0.10434377E+01  0.97192975E+00  0.89701978E+00
  0.83437563E+00  0.76879176E+00  0.71409833E+00  0.65688989E+00  0.60929897E+00
  0.55957098E+00  0.51830027E+00  0.47521854E+00  0.43954708E+00  0.40234259E+00
  0.37161163E+00  0.33958287E+00  0.31319451E+00  0.28570443E+00  0.26311817E+00
  0.23959392E+00  0.22032358E+00  0.20025267E+00  0.18386253E+00  0.16678874E+00
  0.15289084E+00  0.13840962E+00  0.12666219E+00  0.11441734E+00  0.10451995E+00
  0.94198793E-01  0.85888520E-01  0.77219134E-01  0.70268575E-01  0.63014965E-01
  0.57228168E-01  0.51186657E-01  0.46395351E-01  0.41390127E-01  0.37449435E-01
  0.33328099E-01  0.30111803E-01  0.26740320E-01  0.24137053E-01
  0.10000000E+01  0.26243818E+01  0.39887374E+01  0.48611636E+01  0.57379610E+01
  0.65385046E+01  0.73251148E+01  0.81436821E+01  0.89275839E+01  0.96642881E+01
  0.10450620E+02  0.11085827E+02  0.11806029E+02  0.12387798E+02  0.12985792E+02
  0.13522182E+02  0.14011905E+02  0.14471079E+02  0.14883283E+02  0.15246213E+02
  0.15589853E+02  0.15864069E+02  0.16129376E+02  0.16331821E+02  0.16511414E+02
  0.16650985E+02  0.16748566E+02  0.16825646E+02  0.16850823E+02  0.16864538E+02
  0.16826092E+02  0.16778804E+02  0.16682700E+02  0.16579710E+02  0.16430585E+02
  0.16278116E+02  0.16080934E+02  0.15884894E+02  0.15645412E+02  0.15411277E+02
  0.15135704E+02  0.14868809E+02  0.14563359E+02  0.14269082E+02  0.13939737E+02
  0.13623454E+02  0.13275913E+02  0.12942847E+02  0.12582526E+02  0.12237605E+02
  0.11869613E+02  0.11517396E+02  0.11146474E+02  0.10791111E+02  0.10421576E+02
  0.10066797E+02  0.97024858E+01  0.93515996E+01  0.89958347E+01  0.86517369E+01
  0.83073124E+01  0.79724988E+01  0.76416871E+01  0.73182615E+01  0.70028251E+01
  0.66925171E+01  0.63937463E+01  0.60979377E+01  0.58166901E+01  0.55364299E+01
  0.52731710E+01  0.50092022E+01  0.47640671E+01  0.45168458E+01  0.42896909E+01
  0.40594093E+01  0.38498641E+01  0.36364795E+01  0.34439932E+01  0.32472583E+01
  0.30711470E+01  0.28906364E+01  0.27301164E+01  0.25652549E+01  0.24194803E+01
  0.22695727E+01  0.21376612E+01  0.20019197E+01  0.18829683E+01  0.17605423E+01
  0.16536452E+01  0.15436472E+01  0.14479073E+01  0.13494312E+01  0.12639722E+01
  0.11761145E+01  0.11000891E+01  0.10219630E+01  0.95455217E+00  0.88530173E+00
  0.82572219E+00  0.76453136E+00  0.71204246E+00  0.65813600E+00  0.61204131E+00
  0.56469260E+00  0.52433979E+00  0.48287376E+00  0.44765358E+00  0.41144628E+00
  0.38079546E+00  0.34927166E+00  0.32267754E+00  0.29531262E+00  0.27230951E+00
  0.24862839E+00  0.22879582E+00  0.20837360E+00  0.19133861E+00  0.17379687E+00
  0.15923098E+00  0.14423463E+00  0.13184841E+00  0.11909995E+00  0.10863618E+00
  0.97867787E-01  0.89091638E-01  0.80054403E-01  0.72745930E-01
  0.10000000E+01  0.26404097E+01  0.40211304E+01  0.49278875E+01  0.58316387E+01
  0.66707815E+01  0.74948927E+01  0.83577058E+01  0.91843569E+01  0.99699436E+01
  0.10802821E+02  0.11491406E+02  0.12263265E+02  0.12903272E+02  0.13557374E+02
  0.14156979E+02  0.14708759E+02  0.15232906E+02  0.15714867E+02  0.16143561E+02
  0.16562873E+02  0.16905279E+02  0.17248764E+02  0.17523406E+02  0.17781602E+02
  0.17996467E+02  0.18173255E+02  0.18326244E+02  0.18431682E+02  0.18519999E+02
  0.18562067E+02  0.18587397E+02  0.18570170E+02  0.18537666E+02  0.18463806E+02
  0.18379199E+02  0.18252238E+02  0.18120418E+02  0.17945179E+02  0.17770382E+02
  0.17552342E+02  0.17338787E+02  0.17083448E+02  0.16835653E+02  0.16548313E+02
  0.16271027E+02  0.15956820E+02  0.15654807E+02  0.15318775E+02  0.14996643E+02
  0.14643728E+02  0.14305856E+02  0.13940825E+02  0.13591339E+02  0.13218701E+02
  0.12861465E+02  0.12485403E+02  0.12124008E+02  0.11748326E+02  0.11386079E+02
  0.11014172E+02  0.10654086E+02  0.10288929E+02  0.99337103E+01  0.95778475E+01
  0.92298938E+01  0.88854490E+01  0.85468564E+01  0.82155444E+01  0.78881083E+01
  0.75712518E+01  0.72564763E+01  0.69550462E+01  0.66541465E+01  0.63687979E+01
  0.60827074E+01  0.58138194E+01  0.55432063E+01  0.52909155E+01  0.50362047E+01
  0.48004459E+01  0.45618354E+01  0.43423720E+01  0.41198534E+01  0.39163172E+01
  0.37096965E+01  0.35216159E+01  0.33305400E+01  0.31573550E+01  0.29813444E+01
  0.28224257E+01  0.26609014E+01  0.25155682E+01  0.23678683E+01  0.22354086E+01
  0.21008113E+01  0.19804944E+01  0.18582407E+01  0.17493137E+01  0.16386305E+01
  0.15403324E+01  0.14404430E+01  0.13520206E+01  0.12621454E+01  0.11828606E+01
  0.11022341E+01  0.10313639E+01  0.95924778E+00  0.89608453E+00  0.83177019E+00
  0.77563444E+00  0.71844116E+00  0.66869652E+00  0.61798249E+00  0.57403409E+00
  0.52920356E+00  0.49049981E+00  0.45100973E+00  0.41705425E+00  0.38241345E+00
  0.35276510E+00  0.32253190E+00  0.29679541E+00  0.27056933E+00  0.24838305E+00
  0.22578881E+00  0.20680336E+00  0.18746667E+00  0.17132928E+00
  0.10000000E+01  0.26544819E+01  0.40501528E+01  0.49883111E+01  0.59174342E+01
  0.67912580E+01  0.76495725E+01  0.85514636E+01  0.94162002E+01  0.10245022E+02
  0.11118780E+02  0.11854813E+02  0.12671864E+02  0.13363360E+02  0.14066744E+02
  0.14722051E+02  0.15328236E+02  0.15909821E+02  0.16452837E+02  0.16940093E+02
  0.17425523E+02  0.17829227E+02  0.18241131E+02  0.18581118E+02  0.18908589E+02
  0.19191871E+02  0.19439439E+02  0.19661620E+02  0.19840042E+02  0.19996834E+02
  0.20113403E+02  0.20206298E+02  0.20263334E+02  0.20297685E+02  0.20296132E+02
  0.20277342E+02  0.20219628E+02  0.20151622E+02  0.20041917E+02  0.19927755E+02
  0.19770937E+02  0.19613830E+02  0.19414683E+02  0.19218402E+02  0.18981438E+02
  0.18750168E+02  0.18479801E+02  0.18217819E+02  0.17918532E+02  0.17630003E+02
  0.17306348E+02  0.16995277E+02  0.16651776E+02  0.16322022E+02  0.15963060E+02
  0.15618340E+02  0.15248097E+02  0.14891983E+02  0.14514372E+02  0.14150267E+02
  0.13768911E+02  0.13400029E+02  0.13018249E+02  0.12647583E+02  0.12268372E+02
  0.11898688E+02  0.11524707E+02  0.11158537E+02  0.10792102E+02  0.10431740E+02
  0.10074821E+02  0.97223187E+01  0.93765576E+01  0.90337131E+01  0.87004492E+01
  0.83687986E+01  0.80490923E+01  0.77299157E+01  0.74245668E+01  0.71189025E+01
  0.68284763E+01  0.65371280E+01  0.62619799E+01  0.59855223E+01  0.57258367E+01
  0.54646238E+01  0.52204411E+01  0.49746277E+01  0.47458500E+01  0.45154270E+01
  0.43018321E+01  0.40866497E+01  0.38879128E+01  0.36876857E+01  0.35034076E+01
  0.33177340E+01  0.31474528E+01  0.29758442E+01  0.28190220E+01  0.26609361E+01
  0.25169750E+01  0.23718190E+01  0.22400891E+01  0.21072123E+01  0.19870639E+01
  0.18657846E+01  0.17565407E+01  0.16461737E+01  0.15471291E+01  0.14469875E+01
  0.13574349E+01  0.12668246E+01  0.11860848E+01  0.11043286E+01  0.10317505E+01
  0.95820927E+00  0.89317573E+00  0.82726287E+00  0.76921880E+00  0.71040392E+00
  0.65886153E+00  0.60666751E+00  0.56118770E+00  0.51517663E+00  0.47534554E+00
  0.43508552E+00  0.40047015E+00  0.36548399E+00  0.33559969E+00
   103
  0.10000000E+01  0.10248789E+01  0.78274601E+00  0.25600358E+00  0.57098995E-01
  0.93732961E-02  0.12431319E-02  0.14033595E-03  0.13967401E-04  0.12520157E-05
  0.10236330E-06  0.76795218E-08  0.52836026E-09  0.33183445E-10  0.77684767E-12
 -0.20429014E-12 -0.13005114E-11 -0.38862306E-12 -0.15906833E-11 -0.52237439E-12
 -0.18675103E-11 -0.60192363E-12 -0.20095501E-11 -0.59577664E-12 -0.20641760E-11
 -0.57832467E-12 -0.21748179E-11 -0.62984559E-12 -0.24086196E-11 -0.74480178E-12
 -0.26838023E-11 -0.84348751E-12 -0.28717343E-11  0.00000000E+00  0.00000000E+00
  0.00000000E+00  0.00000000E+00  0.00000000E+00  0.00000000E+00  0.00000000E+00
  0.00000000E+00  0.00000000E+00  0.00000000E+00  0.00000000E+00  0.00000000E+00
  0.00000000E+00  0.00000000E+00  0.00000000E+00  0.00000000E+00  0.00000000E+00
  0.00000000E+00  0.00000000E+00  0.00000000E+00  0.00000000E+00  0.00000000E+00
  0.00000000E+00  0.00000000E+00  0.00000000E+00  0.00000000E+00  0.00000000E+00
  0.00000000E+00  0.00000000E+00  0.00000000E+00  0.00000000E+00  0.00000000E+00
  0.00000000E+00  0.00000000E+00  0.00000000E+00  0.00000000E+00  0.00000000E+00
  0.00000000E+00  0.00000000E+00  0.00000000E+00  0.00000000E+00  0.00000000E+00
  0.00000000E+00  0.00000000E+00  0.00000000E+00  0.00000000E+00  0.00000000E+00
  0.00000000E+00  0.00000000E+00  0.00000000E+00  0.00000000E+00  0.00000000E+00
  0.00000000E+00  0.00000000E+00  0.00000000E+00  0.00000000E+00  0.00000000E+00
  0.00000000E+00  0.00000000E+00  0.00000000E+00  0.00000000E+00  0.00000000E+00
  0.00000000E+00  0.00000000E+00  0.00000000E+00  0.00000000E+00  0.00000000E+00
  0.00000000E+00  0.00000000E+00  0.00000000E+00  0.00000000E+00
  0.10000000E+01  0.17139765E+01  0.14155225E+01  0.72301786E+00  0.29251753E+00
  0.91289092E-01  0.24463657E-01  0.56057993E-02  0.11574915E-02  0.21559886E-03
  0.37180653E-04  0.59231875E-05  0.87624517E-06  0.11993353E-06  0.15131455E-07
  0.17545866E-08  0.18475599E-09  0.17409570E-10 -0.84684732E-12 -0.94168933E-12
 -0.28676130E-11 -0.12327349E-11 -0.31147908E-11 -0.12454060E-11 -0.32420438E-11
 -0.12355693E-11 -0.34334260E-11 -0.13406518E-11 -0.37728451E-11 -0.15539169E-11
 -0.41658404E-11 -0.17434020E-11 -0.44531802E-11  0.00000000E+00  0.00000000E+00
  0.00000000E+00  0.00000000E+00  0.00000000E+00  0.00000000E+00  0.00000000E+00
  0.00000000E+00  0.00000000E+00  0.00000000E+00  0.00000000E+00  0.00000000E+00
  0.00000000E+00  0.00000000E+00  0.00000000E+00  0.00000000E+00  0.00000000E+00
  0.00000000E+00  0.00000000E+00  0.00000000E+00  0.00000000E+00  0.00000000E+00
  0.00000000E+00  0.00000000E+00  0.00000000E+00  0.00000000E+00  0.00000000E+00
  0.00000000E+00  0.00000000E+00  0.00000000E+00  0.00000000E+00  0.00000000E+00
  0.00000000E+00  0.00000000E+00  0.00000000E+00  0.00000000E+00  0.00000000E+00
  0.00000000E+00  0.00000000E+00  0.00000000E+00  0.00000000E+00  0.00000000E+00
  0.00000000E+00  0.00000000E+00  0.00000000E+00  0.00000000E+00  0.00000000E+00
  0.00000000E+00  0.00000000E+00  0.00000000E+00  0.00000000E+00  0.00000000E+00
  0.00000000E+00  0.00000000E+00  0.00000000E+00  0.00000000E+00  0.00000000E+00
  0.00000000E+00  0.00000000E+00  0.00000000E+00  0.00000000E+00  0.00000000E+00
  0.00000000E+00  0.00000000E+00  0.00000000E+00  0.00000000E+00  0.00000000E+00
  0.00000000E+00  0.00000000E+00  0.00000000E+00  0.00000000E+00
  0.10000000E+01  0.20807424E+01  0.20667309E+01  0.14176854E+01  0.79740462E+00
  0.36601483E+00  0.14949639E+00  0.52829733E-01  0.17321118E-01  0.50958590E-02
  0.14272997E-02  0.36719912E-03  0.91215880E-04  0.21018203E-04  0.46617482E-05
  0.95180211E-06  0.18099640E-06  0.31603061E-07  0.50446280E-08  0.73657283E-09
  0.94067760E-10  0.10825396E-10 -0.37647185E-11 -0.11960968E-11 -0.54175593E-11
 -0.13107643E-11 -0.57836727E-11 -0.14185151E-11 -0.62977857E-11 -0.16556083E-11
 -0.68842065E-11 -0.18877297E-11 -0.73844136E-11  0.00000000E+00  0.00000000E+00
  0.00000000E+00  0.00000000E+00  0.00000000E+00  0.00000000E+00  0.00000000E+00
  0.00000000E+00  0.00000000E+00  0.00000000E+00  0.00000000E+00  0.00000000E+00
  0.00000000E+00  0.00000000E+00  0.00000000E+00  0.00000000E+00  0.00000000E+00
  0.00000000E+00  0.00000000E+00  0.00000000E+00  0.00000000E+00  0.00000000E+00
  0.00000000E+00  0.00000000E+00  0.00000000E+00  0.00000000E+00  0.00000000E+00
  0.00000000E+00  0.00000000E+00  0.00000000E+00  0.00000000E+00  0.00000000E+00
  0.00000000E+00  0.00000000E+00  0.00000000E+00  0.00000000E+00  0.00000000E+00
  0.00000000E+00  0.00000000E+00  0.00000000E+00  0.00000000E+00  0.00000000E+00
  0.00000000E+00  0.00000000E+00  0.00000000E+00  0.00000000E+00  0.00000000E+00
  0.00000000E+00  0.00000000E+00  0.00000000E+00  0.00000000E+00  0.00000000E+00
  0.00000000E+00  0.00000000E+00  0.00000000E+00  0.00000000E+00  0.00000000E+00
  0.00000000E+00  0.00000000E+00  0.00000000E+00  0.00000000E+00  0.00000000E+00
  0.00000000E+00  0.00000000E+00  0.00000000E+00  0.00000000E+00  0.00000000E+00
  0.00000000E+00  0.00000000E+00  0.00000000E+00  0.00000000E+00
  0.10000000E+01  0.22806206E+01  0.25722094E+01  0.21267990E+01  0.14721205E+01
  0.86918275E+00  0.46211262E+00  0.21812614E+00  0.96401176E-01  0.38618765E-01
  0.14894940E-01  0.52713127E-02  0.18335364E-02  0.58928159E-03  0.18887594E-03
  0.56015744E-04  0.16638263E-04  0.45060874E-05  0.12036797E-05  0.28554065E-06
  0.63263140E-07  0.12747835E-07  0.23301026E-08  0.39124596E-09  0.51385953E-10
  0.82151666E-11 -0.83021951E-11 -0.19798501E-12 -0.10182556E-10 -0.51507456E-12
 -0.11131822E-10 -0.87490470E-12 -0.12301750E-10  0.00000000E+00  0.00000000E+00
  0.00000000E+00  0.00000000E+00  0.00000000E+00  0.00000000E+00  0.00000000E+00
  0.00000000E+00  0.00000000E+00  0.00000000E+00  0.00000000E+00  0.00000000E+00
  0.00000000E+00  0.00000000E+00  0.00000000E+00  0.00000000E+00  0.00000000E+00
  0.00000000E+00  0.00000000E+00  0.00000000E+00  0.00000000E+00  0.00000000E+00
  0.00000000E+00  0.00000000E+00  0.00000000E+00  0.00000000E+00  0.00000000E+00
  0.00000000E+00  0.00000000E+00  0.00000000E+00  0.00000000E+00  0.00000000E+00
  0.00000000E+00  0.00000000E+00  0.00000000E+00  0.00000000E+00  0.00000000E+00
  0.00000000E+00  0.00000000E+00  0.00000000E+00  0.00000000E+00  0.00000000E+00
  0.00000000E+00  0.00000000E+00  0.00000000E+00  0.00000000E+00  0.00000000E+00
  0.00000000E+00  0.00000000E+00  0.00000000E+00  0.00000000E+00  0.00000000E+00
  0.00000000E+00  0.00000000E+00  0.00000000E+00  0.00000000E+00  0.00000000E+00
  0.00000000E+00  0.00000000E+00  0.00000000E+00  0.00000000E+00  0.00000000E+00
  0.00000000E+00  0.00000000E+00  0.00000000E+00  0.00000000E+00  0.00000000E+00
  0.00000000E+00  0.00000000E+00  0.00000000E+00  0.00000000E+00
  0.10000000E+01  0.24027169E+01  0.29360509E+01  0.27277937E+01  0.21633584E+01
  0.15078210E+01  0.95488211E+00  0.54975048E+00  0.29691314E+00  0.14789267E+00
  0.70880914E-01  0.31521999E-01  0.13784437E-01  0.55995922E-02  0.22791692E-02
  0.86003325E-03  0.33041159E-03  0.11714916E-03  0.42779508E-04  0.14254288E-04
  0.48835285E-05  0.14760536E-05  0.45137456E-06  0.11705028E-06  0.28847855E-07
  0.64212904E-08  0.12835014E-08  0.24276698E-09  0.25198811E-10  0.91219757E-11
 -0.16532448E-10  0.16761342E-11 -0.20371774E-10  0.00000000E+00  0.00000000E+00
  0.00000000E+00  0.00000000E+00  0.00000000E+00  0.00000000E+00  0.00000000E+00
  0.00000000E+00  0.00000000E+00  0.00000000E+00  0.00000000E+00  0.00000000E+00
  0.00000000E+00  0.00000000E+00  0.00000000E+00  0.00000000E+00  0.00000000E+00
  0.00000000E+00  0.00000000E+00  0.00000000E+00  0.00000000E+00  0.00000000E+00
  0.00000000E+00  0.00000000E+00  0.00000000E+00  0.00000000E+00  0.00000000E+00
  0.00000000E+00  0.00000000E+00  0.00000000E+00  0.00000000E+00  0.00000000E+00
  0.00000000E+00  0.00000000E+00  0.00000000E+00  0.00000000E+00  0.00000000E+00
  0.00000000E+00  0.00000000E+00  0.00000000E+00  0.00000000E+00  0.00000000E+00
  0.00000000E+00  0.00000000E+00  0.00000000E+00  0.00000000E+00  0.00000000E+00
  0.00000000E+00  0.00000000E+00  0.00000000E+00  0.00000000E+00  0.00000000E+00
  0.00000000E+00  0.00000000E+00  0.00000000E+00  0.00000000E+00  0.00000000E+00
  0.00000000E+00  0.00000000E+00  0.00000000E+00  0.00000000E+00  0.00000000E+00
  0.00000000E+00  0.00000000E+00  0.00000000E+00  0.00000000E+00  0.00000000E+00
  0.00000000E+00  0.00000000E+00  0.00000000E+00  0.00000000E+00
  0.10000000E+01  0.24818837E+01  0.31937735E+01  0.31987536E+01  0.27799742E+01
  0.21665325E+01  0.15487395E+01  0.10243888E+01  0.63718268E+00  0.37121856E+00
  0.20761074E+00  0.10921094E+00  0.56225236E-01  0.27203001E-01  0.13120441E-01
  0.59214110E-02  0.27108573E-02  0.11537290E-02  0.50613884E-03  0.20479646E-03
  0.86597937E-04  0.33434610E-04  0.13596116E-04  0.49439667E-05  0.18772501E-05
  0.60783452E-06  0.20344254E-06  0.55387007E-07  0.14630668E-07  0.34824724E-08
  0.72255730E-09  0.15444377E-09 -0.48029639E-11  0.00000000E+00  0.00000000E+00
  0.00000000E+00  0.00000000E+00  0.00000000E+00  0.00000000E+00  0.00000000E+00
  0.00000000E+00  0.00000000E+00  0.00000000E+00  0.00000000E+00  0.00000000E+00
  0.00000000E+00  0.00000000E+00  0.00000000E+00  0.00000000E+00  0.00000000E+00
  0.00000000E+00  0.00000000E+00  0.00000000E+00  0.00000000E+00  0.00000000E+00
  0.00000000E+00  0.00000000E+00  0.00000000E+00  0.00000000E+00  0.00000000E+00
  0.00000000E+00  0.00000000E+00  0.00000000E+00  0.00000000E+00  0.00000000E+00
  0.00000000E+00  0.00000000E+00  0.00000000E+00  0.00000000E+00  0.00000000E+00
  0.00000000E+00  0.00000000E+00  0.00000000E+00  0.00000000E+00  0.00000000E+00
  0.00000000E+00  0.00000000E+00  0.00000000E+00  0.00000000E+00  0.00000000E+00
  0.00000000E+00  0.00000000E+00  0.00000000E+00  0.00000000E+00  0.00000000E+00
  0.00000000E+00  0.00000000E+00  0.00000000E+00  0.00000000E+00  0.00000000E+00
  0.00000000E+00  0.00000000E+00  0.00000000E+00  0.00000000E+00  0.00000000E+00
  0.00000000E+00  0.00000000E+00  0.00000000E+00  0.00000000E+00  0.00000000E+00
  0.00000000E+00  0.00000000E+00  0.00000000E+00  0.00000000E+00
  0.10000000E+01  0.25348370E+01  0.33767447E+01  0.35565873E+01  0.32927291E+01
  0.27727953E+01  0.21614229E+01  0.15789855E+01  0.10889366E+01  0.71178507E+00
  0.44625423E+00  0.26622084E+00  0.15477003E+00  0.85538344E-01  0.46822174E-01
  0.24257072E-01  0.12650126E-01  0.62010182E-02  0.31087228E-02  0.14528611E-02
  0.70480487E-03  0.31593871E-03  0.14893943E-03  0.64286284E-04  0.29468346E-04
  0.12222696E-04  0.53926386E-05  0.20956949E-05  0.85333683E-06  0.29014849E-06
  0.10314707E-06  0.29049620E-07  0.80918522E-08  0.00000000E+00  0.00000000E+00
  0.00000000E+00  0.00000000E+00  0.00000000E+00  0.00000000E+00  0.00000000E+00
  0.00000000E+00  0.00000000E+00  0.00000000E+00  0.00000000E+00  0.00000000E+00
  0.00000000E+00  0.00000000E+00  0.00000000E+00  0.00000000E+00  0.00000000E+00
  0.00000000E+00  0.00000000E+00  0.00000000E+00  0.00000000E+00  0.00000000E+00
  0.00000000E+00  0.00000000E+00  0.00000000E+00  0.00000000E+00  0.00000000E+00
  0.00000000E+00  0.00000000E+00  0.00000000E+00  0.00000000E+00  0.00000000E+00
  0.00000000E+00  0.00000000E+00  0.00000000E+00  0.00000000E+00  0.00000000E+00
  0.00000000E+00  0.00000000E+00  0.00000000E+00  0.00000000E+00  0.00000000E+00
  0.00000000E+00  0.00000000E+00  0.00000000E+00  0.00000000E+00  0.00000000E+00
  0.00000000E+00  0.00000000E+00  0.00000000E+00  0.00000000E+00  0.00000000E+00
  0.00000000E+00  0.00000000E+00  0.00000000E+00  0.00000000E+00  0.00000000E+00
  0.00000000E+00  0.00000000E+00  0.00000000E+00  0.00000000E+00  0.00000000E+00
  0.00000000E+00  0.00000000E+00  0.00000000E+00  0.00000000E+00  0.00000000E+00
  0.00000000E+00  0.00000000E+00  0.00000000E+00  0.00000000E+00
  0.10000000E+01  0.25708532E+01  0.35075246E+01  0.38255580E+01  0.37046233E+01
  0.32974006E+01  0.27392120E+01  0.21527830E+01  0.16045501E+01  0.11436162E+01
  0.78237708E+00  0.51389495E+00  0.32808890E+00  0.20103673E+00  0.12136454E+00
  0.70057774E-01  0.40413124E-01  0.22154105E-01  0.12312106E-01  0.64527119E-02
  0.34765802E-02  0.17519005E-02  0.91924599E-03  0.44750734E-03  0.22934197E-03
  0.10823141E-03  0.54210328E-04  0.24816467E-04  0.12105181E-04  0.53368274E-05
  0.24922975E-05  0.10214226E-05  0.43465665E-06  0.00000000E+00  0.00000000E+00
  0.00000000E+00  0.00000000E+00  0.00000000E+00  0.00000000E+00  0.00000000E+00
  0.00000000E+00  0.00000000E+00  0.00000000E+00  0.00000000E+00  0.00000000E+00
  0.00000000E+00  0.00000000E+00  0.00000000E+00  0.00000000E+00  0.00000000E+00
  0.00000000E+00  0.00000000E+00  0.00000000E+00  0.00000000E+00  0.00000000E+00
  0.00000000E+00  0.00000000E+00  0.00000000E+00  0.00000000E+00  0.00000000E+00
  0.00000000E+00  0.00000000E+00  0.00000000E+00  0.00000000E+00  0.00000000E+00
  0.00000000E+00  0.00000000E+00  0.00000000E+00  0.00000000E+00  0.00000000E+00
  0.00000000E+00  0.00000000E+00  0.00000000E+00  0.00000000E+00  0.00000000E+00
  0.00000000E+00  0.00000000E+00  0.00000000E+00  0.00000000E+00  0.00000000E+00
  0.00000000E+00  0.00000000E+00  0.00000000E+00  0.00000000E+00  0.00000000E+00
  0.00000000E+00  0.00000000E+00  0.00000000E+00  0.00000000E+00  0.00000000E+00
  0.00000000E+00  0.00000000E+00  0.00000000E+00  0.00000000E+00  0.00000000E+00
  0.00000000E+00  0.00000000E+00  0.00000000E+00  0.00000000E+00  0.00000000E+00
  0.00000000E+00  0.00000000E+00  0.00000000E+00  0.00000000E+00
  0.10000000E+01  0.25955099E+01  0.36016463E+01  0.40274412E+01  0.40305966E+01
  0.37372349E+01  0.32572541E+01  0.27052505E+01  0.21408786E+01  0.16310179E+01
  0.11948314E+01  0.84610988E+00  0.58176227E+00  0.38676536E+00  0.25242265E+00
  0.15884378E+00  0.99316375E-01  0.59565601E-01  0.35944615E-01  0.20668205E-01
  0.12107204E-01  0.67087627E-02  0.38316569E-02  0.20553693E-02  0.11481339E-02
  0.59856654E-03  0.32763759E-03  0.16650889E-03  0.89337128E-04  0.44305839E-04
  0.23245685E-04  0.11216363E-04  0.57118452E-05  0.26466312E-05  0.12772428E-05
  0.54387797E-06  0.00000000E+00  0.00000000E+00  0.00000000E+00  0.00000000E+00
  0.00000000E+00  0.00000000E+00  0.00000000E+00  0.00000000E+00  0.00000000E+00
  0.00000000E+00  0.00000000E+00  0.00000000E+00  0.00000000E+00  0.00000000E+00
  0.00000000E+00  0.00000000E+00  0.00000000E+00  0.00000000E+00  0.00000000E+00
  0.00000000E+00  0.00000000E+00  0.00000000E+00  0.00000000E+00  0.00000000E+00
  0.00000000E+00  0.00000000E+00  0.00000000E+00  0.00000000E+00  0.00000000E+00
  0.00000000E+00  0.00000000E+00  0.00000000E+00  0.00000000E+00  0.00000000E+00
  0.00000000E+00  0.00000000E+00  0.00000000E+00  0.00000000E+00  0.00000000E+00
  0.00000000E+00  0.00000000E+00  0.00000000E+00  0.00000000E+00  0.00000000E+00
  0.00000000E+00  0.00000000E+00  0.00000000E+00  0.00000000E+00  0.00000000E+00
  0.00000000E+00  0.00000000E+00  0.00000000E+00  0.00000000E+00  0.00000000E+00
  0.00000000E+00  0.00000000E+00  0.00000000E+00  0.00000000E+00  0.00000000E+00
  0.00000000E+00  0.00000000E+00  0.00000000E+00  0.00000000E+00  0.00000000E+00
  0.00000000E+00  0.00000000E+00  0.00000000E+00  0.00000000E+00
  0.10000000E+01  0.26123786E+01  0.36698917E+01  0.41797154E+01  0.42880612E+01
  0.41015213E+01  0.37102398E+01  0.32164077E+01  0.26688766E+01  0.21429028E+01
  0.16583067E+01  0.12469088E+01  0.91036289E+00  0.64629577E+00  0.44946137E+00
  0.30334461E+00  0.20257609E+00  0.13074766E+00  0.84404203E-01  0.52368284E-01
  0.32853419E-01  0.19685863E-01  0.12051119E-01  0.70030926E-02  0.41960866E-02
  0.23738133E-02  0.13951030E-02  0.77091763E-03  0.44495915E-03  0.24081118E-03
  0.13652781E-03  0.72455277E-04  0.40281439E-04  0.20924858E-04  0.11347611E-04
  0.57289303E-05  0.29970826E-05  0.14435878E-05  0.70742986E-06  0.00000000E+00
  0.00000000E+00  0.00000000E+00  0.00000000E+00  0.00000000E+00  0.00000000E+00
  0.00000000E+00  0.00000000E+00  0.00000000E+00  0.00000000E+00  0.00000000E+00
  0.00000000E+00  0.00000000E+00  0.00000000E+00  0.00000000E+00  0.00000000E+00
  0.00000000E+00  0.00000000E+00  0.00000000E+00  0.00000000E+00  0.00000000E+00
  0.00000000E+00  0.00000000E+00  0.00000000E+00  0.00000000E+00  0.00000000E+00
  0.00000000E+00  0.00000000E+00  0.00000000E+00  0.00000000E+00  0.00000000E+00
  0.00000000E+00  0.00000000E+00  0.00000000E+00  0.00000000E+00  0.00000000E+00
  0.00000000E+00  0.00000000E+00  0.00000000E+00  0.00000000E+00  0.00000000E+00
  0.00000000E+00  0.00000000E+00  0.00000000E+00  0.00000000E+00  0.00000000E+00
  0.00000000E+00  0.00000000E+00  0.00000000E+00  0.00000000E+00  0.00000000E+00
  0.00000000E+00  0.00000000E+00  0.00000000E+00  0.00000000E+00  0.00000000E+00
  0.00000000E+00  0.00000000E+00  0.00000000E+00  0.00000000E+00  0.00000000E+00
  0.00000000E+00  0.00000000E+00  0.00000000E+00  0.00000000E+00
  0.10000000E+01  0.26238887E+01  0.37199659E+01  0.42960365E+01  0.44933316E+01
  0.44040335E+01  0.41037167E+01  0.36811182E+01  0.31737176E+01  0.26583545E+01
  0.21514961E+01  0.16985477E+01  0.13029741E+01  0.97609578E+00  0.71551479E+00
  0.51156162E+00  0.36087517E+00  0.24750306E+00  0.16902669E+00  0.11171632E+00
  0.74217941E-01  0.47469836E-01  0.30794989E-01  0.19133654E-01  0.12155857E-01
  0.73628463E-02  0.45906876E-02  0.27194639E-02  0.16664718E-02  0.96825590E-03
  0.58367657E-03  0.33338310E-03  0.19773071E-03  0.11116205E-03  0.64800054E-04
  0.35821758E-04  0.20446713E-04  0.11054766E-04  0.61260042E-05  0.32022108E-05
  0.16971001E-05  0.83766352E-06  0.00000000E+00  0.00000000E+00  0.00000000E+00
  0.00000000E+00  0.00000000E+00  0.00000000E+00  0.00000000E+00  0.00000000E+00
  0.00000000E+00  0.00000000E+00  0.00000000E+00  0.00000000E+00  0.00000000E+00
  0.00000000E+00  0.00000000E+00  0.00000000E+00  0.00000000E+00  0.00000000E+00
  0.00000000E+00  0.00000000E+00  0.00000000E+00  0.00000000E+00  0.00000000E+00
  0.00000000E+00  0.00000000E+00  0.00000000E+00  0.00000000E+00  0.00000000E+00
  0.00000000E+00  0.00000000E+00  0.00000000E+00  0.00000000E+00  0.00000000E+00
  0.00000000E+00  0.00000000E+00  0.00000000E+00  0.00000000E+00  0.00000000E+00
  0.00000000E+00  0.00000000E+00  0.00000000E+00  0.00000000E+00  0.00000000E+00
  0.00000000E+00  0.00000000E+00  0.00000000E+00  0.00000000E+00  0.00000000E+00
  0.00000000E+00  0.00000000E+00  0.00000000E+00  0.00000000E+00  0.00000000E+00
  0.00000000E+00  0.00000000E+00  0.00000000E+00  0.00000000E+00  0.00000000E+00
  0.00000000E+00  0.00000000E+00  0.00000000E+00  0.00000000E+00
  0.10000000E+01  0.26317907E+01  0.37575752E+01  0.43870997E+01  0.46605856E+01
  0.46592815E+01  0.44482525E+01  0.41031677E+01  0.36512520E+01  0.31665036E+01
  0.26600597E+01  0.21862982E+01  0.17479652E+01  0.13691865E+01  0.10490820E+01
  0.78698492E+00  0.58145285E+00  0.41959018E+00  0.30052774E+00  0.20946786E+00
  0.14608446E+00  0.98716868E-01  0.67272567E-01  0.44227960E-01  0.29531789E-01
  0.18951047E-01  0.12424084E-01  0.78054941E-02  0.50318138E-02  0.31034276E-02
  0.19693638E-02  0.11952581E-02  0.74715887E-03  0.44708873E-03  0.27538050E-03
  0.16264726E-03  0.98666167E-04  0.57500643E-04  0.34280115E-04  0.19647219E-04
  0.11442801E-04  0.63920087E-05  0.35937398E-05  0.19270395E-05  0.10269426E-05
  0.51523683E-06  0.00000000E+00  0.00000000E+00  0.00000000E+00  0.00000000E+00
  0.00000000E+00  0.00000000E+00  0.00000000E+00  0.00000000E+00  0.00000000E+00
  0.00000000E+00  0.00000000E+00  0.00000000E+00  0.00000000E+00  0.00000000E+00
  0.00000000E+00  0.00000000E+00  0.00000000E+00  0.00000000E+00  0.00000000E+00
  0.00000000E+00  0.00000000E+00  0.00000000E+00  0.00000000E+00  0.00000000E+00
  0.00000000E+00  0.00000000E+00  0.00000000E+00  0.00000000E+00  0.00000000E+00
  0.00000000E+00  0.00000000E+00  0.00000000E+00  0.00000000E+00  0.00000000E+00
  0.00000000E+00  0.00000000E+00  0.00000000E+00  0.00000000E+00  0.00000000E+00
  0.00000000E+00  0.00000000E+00  0.00000000E+00  0.00000000E+00  0.00000000E+00
  0.00000000E+00  0.00000000E+00  0.00000000E+00  0.00000000E+00  0.00000000E+00
  0.00000000E+00  0.00000000E+00  0.00000000E+00  0.00000000E+00  0.00000000E+00
  0.00000000E+00  0.00000000E+00  0.00000000E+00  0.00000000E+00
  0.10000000E+01  0.26374083E+01  0.37870833E+01  0.44613589E+01  0.48017374E+01
  0.48807726E+01  0.47559535E+01  0.44907831E+01  0.41039737E+01  0.36640200E+01
  0.31762527E+01  0.26999811E+01  0.22355510E+01  0.18179151E+01  0.14462578E+01
  0.11297603E+01  0.86827473E+00  0.65408547E+00  0.48795009E+00  0.35576795E+00
  0.25865875E+00  0.18315146E+00  0.13020040E+00  0.89820252E-01  0.62594668E-01
  0.42196690E-01  0.28884341E-01  0.19080633E-01  0.12848398E-01  0.83382940E-02
  0.55296517E-02  0.35335646E-02  0.23097848E-02  0.14561882E-02  0.93883270E-03
  0.58481940E-03  0.37201560E-03  0.22917866E-03  0.14382334E-03  0.87615751E-04
  0.54181117E-04  0.32575749E-04  0.19780683E-04  0.11669748E-04  0.68974417E-05
  0.39423824E-05  0.22330497E-05  0.12143215E-05  0.64535147E-06  0.00000000E+00
  0.00000000E+00  0.00000000E+00  0.00000000E+00  0.00000000E+00  0.00000000E+00
  0.00000000E+00  0.00000000E+00  0.00000000E+00  0.00000000E+00  0.00000000E+00
  0.00000000E+00  0.00000000E+00  0.00000000E+00  0.00000000E+00  0.00000000E+00
  0.00000000E+00  0.00000000E+00  0.00000000E+00  0.00000000E+00  0.00000000E+00
  0.00000000E+00  0.00000000E+00  0.00000000E+00  0.00000000E+00  0.00000000E+00
  0.00000000E+00  0.00000000E+00  0.00000000E+00  0.00000000E+00  0.00000000E+00
  0.00000000E+00  0.00000000E+00  0.00000000E+00  0.00000000E+00  0.00000000E+00
  0.00000000E+00  0.00000000E+00  0.00000000E+00  0.00000000E+00  0.00000000E+00
  0.00000000E+00  0.00000000E+00  0.00000000E+00  0.00000000E+00  0.00000000E+00
  0.00000000E+00  0.00000000E+00  0.00000000E+00  0.00000000E+00  0.00000000E+00
  0.00000000E+00  0.00000000E+00  0.00000000E+00  0.00000000E+00
  0.10000000E+01  0.26417751E+01  0.38118906E+01  0.45255126E+01  0.49265523E+01
  0.50802352E+01  0.50384708E+01  0.48536040E+01  0.45376529E+01  0.41521463E+01
  0.36970756E+01  0.32334420E+01  0.27583871E+01  0.23152619E+01  0.19021234E+01
  0.15377899E+01  0.12225474E+01  0.95527782E+00  0.73806717E+00  0.55922076E+00
  0.42145268E+00  0.31060104E+00  0.22902839E+00  0.16465718E+00  0.11908160E+00
  0.83747227E-01  0.59516659E-01  0.41050336E-01  0.28709766E-01  0.19466516E-01
  0.13413633E-01  0.89600407E-02  0.60885485E-02  0.40141013E-02  0.26919481E-02
  0.17543732E-02  0.11618294E-02  0.74935209E-03  0.49026967E-03  0.31315784E-03
  0.20243210E-03  0.12804962E-03  0.81733092E-04  0.51136779E-04  0.32163738E-04
  0.19835068E-04  0.12230386E-04  0.73732997E-05  0.44042484E-05  0.25541420E-05
  0.14499715E-05  0.79273768E-06  0.00000000E+00  0.00000000E+00  0.00000000E+00
  0.00000000E+00  0.00000000E+00  0.00000000E+00  0.00000000E+00  0.00000000E+00
  0.00000000E+00  0.00000000E+00  0.00000000E+00  0.00000000E+00  0.00000000E+00
  0.00000000E+00  0.00000000E+00  0.00000000E+00  0.00000000E+00  0.00000000E+00
  0.00000000E+00  0.00000000E+00  0.00000000E+00  0.00000000E+00  0.00000000E+00
  0.00000000E+00  0.00000000E+00  0.00000000E+00  0.00000000E+00  0.00000000E+00
  0.00000000E+00  0.00000000E+00  0.00000000E+00  0.00000000E+00  0.00000000E+00
  0.00000000E+00  0.00000000E+00  0.00000000E+00  0.00000000E+00  0.00000000E+00
  0.00000000E+00  0.00000000E+00  0.00000000E+00  0.00000000E+00  0.00000000E+00
  0.00000000E+00  0.00000000E+00  0.00000000E+00  0.00000000E+00  0.00000000E+00
  0.00000000E+00  0.00000000E+00  0.00000000E+00  0.00000000E+00
  0.10000000E+01  0.26457025E+01  0.38346396E+01  0.45847930E+01  0.50427751E+01
  0.52672630E+01  0.53058685E+01  0.52007448E+01  0.49588624E+01  0.46341138E+01
  0.42221212E+01  0.37831300E+01  0.33109910E+01  0.28549794E+01  0.24112643E+01
  0.20073508E+01  0.16431165E+01  0.13247175E+01  0.10550366E+01  0.82619886E+00
  0.64239268E+00  0.49001169E+00  0.37301333E+00  0.27789796E+00  0.20758812E+00
  0.15143337E+00  0.11120662E+00  0.79623320E-01  0.57566195E-01  0.40543325E-01
  0.28891159E-01  0.20054799E-01  0.14099168E-01  0.96628352E-02  0.67074992E-02
  0.45454132E-02  0.31175908E-02  0.20914907E-02  0.14182710E-02  0.94277150E-03
  0.63237311E-03  0.41672574E-03  0.27654788E-03  0.18066046E-03  0.11857643E-03
  0.76723445E-04  0.49740337E-04  0.31803460E-04  0.20300862E-04  0.12763610E-04
  0.79648839E-05  0.48712086E-05  0.29261341E-05  0.17074562E-05  0.96512920E-06
  0.00000000E+00  0.00000000E+00  0.00000000E+00  0.00000000E+00  0.00000000E+00
  0.00000000E+00  0.00000000E+00  0.00000000E+00  0.00000000E+00  0.00000000E+00
  0.00000000E+00  0.00000000E+00  0.00000000E+00  0.00000000E+00  0.00000000E+00
  0.00000000E+00  0.00000000E+00  0.00000000E+00  0.00000000E+00  0.00000000E+00
  0.00000000E+00  0.00000000E+00  0.00000000E+00  0.00000000E+00  0.00000000E+00
  0.00000000E+00  0.00000000E+00  0.00000000E+00  0.00000000E+00  0.00000000E+00
  0.00000000E+00  0.00000000E+00  0.00000000E+00  0.00000000E+00  0.00000000E+00
  0.00000000E+00  0.00000000E+00  0.00000000E+00  0.00000000E+00  0.00000000E+00
  0.00000000E+00  0.00000000E+00  0.00000000E+00  0.00000000E+00  0.00000000E+00
  0.00000000E+00  0.00000000E+00  0.00000000E+00  0.00000000E+00
  0.10000000E+01  0.26668863E+01  0.39362961E+01  0.48344267E+01  0.55119391E+01
  0.60038563E+01  0.63453469E+01  0.65463739E+01  0.66050899E+01  0.65462946E+01
  0.63593844E+01  0.60891513E+01  0.57225094E+01  0.53127137E+01  0.48484480E+01
  0.43767049E+01  0.38915513E+01  0.34240157E+01  0.29748082E+01  0.25567786E+01
  0.21759893E+01  0.18306259E+01  0.15294518E+01  0.12619048E+01  0.10368547E+01
  0.84052832E+00  0.68021996E+00  0.54272114E+00  0.43313224E+00  0.34067251E+00
  0.26840042E+00  0.20841299E+00  0.16224302E+00  0.12453806E+00  0.95871051E-01
  0.72831328E-01  0.55483921E-01  0.41756472E-01  0.31501765E-01  0.23506245E-01
  0.17572696E-01  0.13010209E-01  0.96438058E-02  0.70883199E-02  0.52126768E-02
  0.38054508E-02  0.27777489E-02  0.20148400E-02  0.14604015E-02  0.10527311E-02
  0.75789421E-03  0.54296413E-03  0.38827651E-03  0.27639216E-03  0.19626329E-03
  0.13872708E-03  0.97728692E-04  0.68497217E-04  0.47779372E-04  0.33117466E-04
  0.22789295E-04  0.15546056E-04  0.10485237E-04  0.69835884E-05  0.45652476E-05
  0.29247827E-05  0.18087353E-05  0.10785801E-05  0.59647686E-06  0.00000000E+00
  0.00000000E+00  0.00000000E+00  0.00000000E+00  0.00000000E+00  0.00000000E+00
  0.00000000E+00  0.00000000E+00  0.00000000E+00  0.00000000E+00  0.00000000E+00
  0.00000000E+00  0.00000000E+00  0.00000000E+00  0.00000000E+00  0.00000000E+00
  0.00000000E+00  0.00000000E+00  0.00000000E+00  0.00000000E+00  0.00000000E+00
  0.00000000E+00  0.00000000E+00  0.00000000E+00  0.00000000E+00  0.00000000E+00
  0.00000000E+00  0.00000000E+00  0.00000000E+00  0.00000000E+00  0.00000000E+00
  0.00000000E+00  0.00000000E+00  0.00000000E+00  0.00000000E+00
  0.10000000E+01  0.27027810E+01  0.40726168E+01  0.51366639E+01  0.60319553E+01
  0.67726351E+01  0.73826021E+01  0.78526906E+01  0.81810180E+01  0.83733412E+01
  0.84240316E+01  0.83594956E+01  0.81703594E+01  0.78976991E+01  0.75299686E+01
  0.71123636E+01  0.66353349E+01  0.61380780E+01  0.56166123E+01  0.50977148E+01
  0.45841304E+01  0.40884858E+01  0.36190185E+01  0.31762355E+01  0.27713159E+01
  0.23966084E+01  0.20635941E+01  0.17606164E+01  0.14975528E+01  0.12619986E+01
  0.10613182E+01  0.88435759E+00  0.73590134E+00  0.60692527E+00  0.50007510E+00
  0.40857152E+00  0.33354625E+00  0.27017551E+00  0.21866709E+00  0.17572281E+00
  0.14107872E+00  0.11254349E+00  0.89677214E-01  0.71052735E-01  0.56219773E-01
  0.44261317E-01  0.34792232E-01  0.27228667E-01  0.21272608E-01  0.16554839E-01
  0.12859516E-01  0.99545439E-02  0.76908726E-02  0.59235027E-02  0.45531743E-02
  0.34899285E-02  0.26695221E-02  0.20365822E-02  0.15504763E-02  0.11774166E-02
  0.89218645E-03  0.67436178E-03  0.50853917E-03  0.38249403E-03  0.28694156E-03
  0.21464038E-03  0.16005517E-03  0.11894317E-03  0.88033188E-04  0.64868852E-04
  0.47528368E-04  0.34609137E-04  0.24984673E-04  0.17867926E-04  0.12595740E-04
  0.87377159E-05  0.59011639E-05  0.38623301E-05  0.23825570E-05  0.13518025E-05
  0.61734812E-06  0.00000000E+00  0.00000000E+00  0.00000000E+00  0.00000000E+00
  0.00000000E+00  0.00000000E+00  0.00000000E+00  0.00000000E+00  0.00000000E+00
  0.00000000E+00  0.00000000E+00  0.00000000E+00  0.00000000E+00  0.00000000E+00
  0.00000000E+00  0.00000000E+00  0.00000000E+00  0.00000000E+00  0.00000000E+00
  0.00000000E+00  0.00000000E+00  0.00000000E+00  0.00000000E+00
  0.10000000E+01  0.27446091E+01  0.42168956E+01  0.54393695E+01  0.65245658E+01
  0.74719361E+01  0.82958042E+01  0.89792749E+01  0.95226158E+01  0.99230802E+01
  0.10181539E+02  0.10311701E+02  0.10310784E+02  0.10205925E+02  0.99898397E+01
  0.96971215E+01  0.93191847E+01  0.88909639E+01  0.84065760E+01  0.78951904E+01
  0.73562239E+01  0.68094447E+01  0.62600463E+01  0.57175838E+01  0.51917329E+01
  0.46832653E+01  0.42041349E+01  0.37489567E+01  0.33297371E+01  0.29377441E+01
  0.25833880E+01  0.22569041E+01  0.19662533E+01  0.17021815E+01  0.14700582E+01
  0.12619433E+01  0.10809478E+01  0.92069702E+00  0.78259574E+00  0.66175401E+00
  0.55844496E+00  0.46903087E+00  0.39313692E+00  0.32810946E+00  0.27327741E+00
  0.22672764E+00  0.18771726E+00  0.15487650E+00  0.12751464E+00  0.10465552E+00
  0.85715493E-01  0.70001890E-01  0.57051252E-01  0.46374631E-01  0.37619896E-01
  0.30444163E-01  0.24588629E-01  0.19814738E-01  0.15937165E-01  0.12791420E-01
  0.10247558E-01  0.81932531E-02  0.65389638E-02  0.52087532E-02  0.41418276E-02
  0.32873653E-02  0.26046172E-02  0.20599077E-02  0.16262293E-02  0.12814841E-02
  0.10079503E-02  0.79126478E-03  0.61990133E-03  0.48461084E-03  0.37795520E-03
  0.29403351E-03  0.22807767E-03  0.17635850E-03  0.13583589E-03  0.10417679E-03
  0.79450044E-04  0.60212543E-04  0.45239719E-04  0.33651105E-04  0.24669205E-04
  0.17766121E-04  0.12446346E-04  0.84006917E-05  0.53091018E-05  0.29947805E-05
  0.12482813E-05 -0.25091509E-07  0.00000000E+00  0.00000000E+00  0.00000000E+00
  0.00000000E+00  0.00000000E+00  0.00000000E+00  0.00000000E+00  0.00000000E+00
  0.00000000E+00  0.00000000E+00  0.00000000E+00  0.00000000E+00
  0.10000000E+01  0.27822852E+01  0.43412325E+01  0.56925315E+01  0.69234166E+01
  0.80256819E+01  0.90071973E+01  0.98505656E+01  0.10558044E+02  0.11124734E+02
  0.11555591E+02  0.11857202E+02  0.12031450E+02  0.12094920E+02  0.12044566E+02
  0.11904154E+02  0.11667830E+02  0.11362304E+02  0.10982279E+02  0.10552960E+02
  0.10072359E+02  0.95607017E+01  0.90206267E+01  0.84655410E+01  0.79025164E+01
  0.73379852E+01  0.67821557E+01  0.62355896E+01  0.57098477E+01  0.52013613E+01
  0.47213480E+01  0.42639084E+01  0.38386831E+01  0.34389234E+01  0.30720523E+01
  0.27314803E+01  0.24223047E+01  0.21386503E+01  0.18835487E+01  0.16520508E+01
  0.14455692E+01  0.12600787E+01  0.10958579E+01  0.94969888E+00  0.82117766E+00
  0.70776328E+00  0.60866440E+00  0.52189318E+00  0.44652383E+00  0.38099869E+00
  0.32440264E+00  0.27551833E+00  0.23352008E+00  0.19746064E+00  0.16663731E+00
  0.14031784E+00  0.11792827E+00  0.98907292E-01  0.82800323E-01  0.69181278E-01
  0.57698681E-01  0.48032500E-01  0.39916236E-01  0.33112118E-01  0.27421352E-01
  0.22669190E-01  0.18709408E-01  0.15414931E-01  0.12679509E-01  0.10411673E-01
  0.85350619E-02  0.69844672E-02  0.57055515E-02  0.46522524E-02  0.37862512E-02
  0.30752920E-02  0.24925761E-02  0.20157006E-02  0.16260662E-02  0.13082348E-02
  0.10493874E-02  0.83896430E-03  0.66818687E-03  0.52988373E-03  0.41807678E-03
  0.32792960E-03  0.25539310E-03  0.19722931E-03  0.15070693E-03  0.11367408E-03
  0.84301449E-04  0.61171827E-04  0.43054102E-04  0.29004825E-04  0.18192547E-04
  0.10003114E-04  0.38910694E-05 -0.54034492E-06  0.00000000E+00  0.00000000E+00
  0.00000000E+00  0.00000000E+00  0.00000000E+00  0.00000000E+00
  0.10000000E+01  0.28121188E+01  0.44376024E+01  0.58854826E+01  0.72219596E+01
  0.84363631E+01  0.95329125E+01  0.10496901E+02  0.11331783E+02  0.12033135E+02
  0.12607459E+02  0.13057686E+02  0.13387844E+02  0.13607648E+02  0.13716783E+02
  0.13730782E+02  0.13646335E+02  0.13482478E+02  0.13235410E+02  0.12924733E+02
  0.12548456E+02  0.12124065E+02  0.11652820E+02  0.11148245E+02  0.10615233E+02
  0.10062563E+02  0.94982088E+01  0.89263901E+01  0.83570001E+01  0.77905536E+01
  0.72375021E+01  0.66957932E+01  0.61752293E+01  0.56722960E+01  0.51953040E+01
  0.47401553E+01  0.43132520E+01  0.39104997E+01  0.35363458E+01  0.31870218E+01
  0.28652316E+01  0.25676603E+01  0.22956144E+01  0.20462437E+01  0.18198363E+01
  0.16139630E+01  0.14282403E+01  0.12606013E+01  0.11102720E+01  0.97549282E+00
  0.85530799E+00  0.74822080E+00  0.65323475E+00  0.56908197E+00  0.49481248E+00
  0.42936000E+00  0.37186862E+00  0.32145029E+00  0.27736366E+00  0.23887748E+00
  0.20536818E+00  0.17624097E+00  0.15098323E+00  0.12911713E+00  0.11022909E+00
  0.93939919E-01  0.79921119E-01  0.67875283E-01  0.57545038E-01  0.48699698E-01
  0.41140018E-01  0.34688927E-01  0.29193831E-01  0.24520140E-01  0.20552126E-01
  0.17188416E-01  0.14342032E-01  0.11937263E-01  0.99092784E-02  0.82019799E-02
  0.67674088E-02  0.55643012E-02  0.45574302E-02  0.37166456E-02  0.30162336E-02
  0.24343015E-02  0.19522059E-02  0.15541572E-02  0.12267049E-02  0.95853397E-03
  0.74005421E-03  0.56323201E-03  0.42115872E-03  0.30798589E-03  0.21870315E-03
  0.14918912E-03  0.95977021E-04  0.56193100E-04  0.27310096E-04  0.71216247E-05
 -0.63629100E-05  0.00000000E+00  0.00000000E+00  0.00000000E+00
  0.10000000E+01  0.28344305E+01  0.45091381E+01  0.60276444E+01  0.74403922E+01
  0.87371960E+01  0.99204418E+01  0.10978849E+02  0.11916287E+02  0.12729461E+02
  0.13424812E+02  0.14003457E+02  0.14469899E+02  0.14829688E+02  0.15083901E+02
  0.15242503E+02  0.15304002E+02  0.15281580E+02  0.15172913E+02  0.14992528E+02
  0.14738999E+02  0.14426290E+02  0.14055119E+02  0.13637384E+02  0.13176521E+02
  0.12681484E+02  0.12158315E+02  0.11612802E+02  0.11052940E+02  0.10481666E+02
  0.99079790E+01  0.93325888E+01  0.87645156E+01  0.82029618E+01  0.76561520E+01
  0.71224263E+01  0.66086753E+01  0.61128593E+01  0.56402917E+01  0.51888582E+01
  0.47622985E+01  0.43585810E+01  0.39800437E+01  0.36247955E+01  0.32940318E+01
  0.29860071E+01  0.27010557E+01  0.24375632E+01  0.21952640E+01  0.19726597E+01
  0.17691040E+01  0.15832065E+01  0.14141097E+01  0.12605307E+01  0.11215239E+01
  0.99591767E+00  0.88276230E+00  0.78100164E+00  0.68973522E+00  0.60802518E+00
  0.53505062E+00  0.46999151E+00  0.41212100E+00  0.36073294E+00  0.31519826E+00
  0.27491762E+00  0.23935665E+00  0.20801354E+00  0.18044143E+00  0.15622548E+00
  0.13499705E+00  0.11641718E+00  0.10018540E+00  0.86027737E-01  0.73701903E-01
  0.62988651E-01  0.53694522E-01  0.45645632E-01  0.38688898E-01  0.32687569E-01
  0.27521468E-01  0.23083845E-01  0.19281062E-01  0.16030345E-01  0.13259189E-01
  0.10903806E-01  0.89084842E-02  0.72244355E-02  0.58090493E-02  0.46252633E-02
  0.36410333E-02  0.28285402E-02  0.21631959E-02  0.16232049E-02  0.11894733E-02
  0.84573206E-03  0.57813626E-03  0.37471240E-03  0.22464107E-03  0.11792163E-03
  0.45238529E-04 -0.18282911E-05  0.00000000E+00  0.00000000E+00
  0.10000000E+01  0.28507698E+01  0.45616816E+01  0.61320869E+01  0.76012384E+01
  0.89607338E+01  0.10212097E+02  0.11347107E+02  0.12369493E+02  0.13276987E+02
  0.14075212E+02  0.14764414E+02  0.15348754E+02  0.15831358E+02  0.16213863E+02
  0.16502677E+02  0.16697443E+02  0.16807244E+02  0.16830899E+02  0.16778973E+02
  0.16650684E+02  0.16456770E+02  0.16197827E+02  0.15883645E+02  0.15516763E+02
  0.15105262E+02  0.14653728E+02  0.14168192E+02  0.13654967E+02  0.13118075E+02
  0.12564952E+02  0.11997913E+02  0.11424797E+02  0.10846641E+02  0.10271003E+02
  0.96980751E+01  0.91346056E+01  0.85802899E+01  0.80407432E+01  0.75154019E+01
  0.70086207E+01  0.65197117E+01  0.60517995E+01  0.56041302E+01  0.51787332E+01
  0.47748033E+01  0.43934629E+01  0.40338534E+01  0.36963914E+01  0.33801631E+01
  0.30850680E+01  0.28101438E+01  0.25549346E+01  0.23184454E+01  0.20999956E+01
  0.18985796E+01  0.17133924E+01  0.15434422E+01  0.13878738E+01  0.12457324E+01
  0.11161645E+01  0.99827141E+00  0.89123700E+00  0.79423254E+00  0.70650116E+00
  0.62729310E+00  0.55592294E+00  0.49172379E+00  0.43408681E+00  0.38242784E+00
  0.33621482E+00  0.29494303E+00  0.25815395E+00  0.22541693E+00  0.19634166E+00
  0.17056476E+00  0.14775770E+00  0.12761683E+00  0.10986834E+00  0.94260851E-01
  0.80568042E-01  0.68583409E-01  0.58121379E-01  0.49013461E-01  0.41108415E-01
  0.34269621E-01  0.28374939E-01  0.23314567E-01  0.18990262E-01  0.15314445E-01
  0.12209959E-01  0.96080591E-02  0.74460830E-02  0.56663908E-02  0.42171661E-02
  0.30533045E-02  0.21358350E-02  0.14300993E-02  0.90370549E-03  0.52539293E-03
  0.26497901E-03  0.94282265E-04 -0.11615762E-04  0.00000000E+00
  0.10000000E+01  0.28626950E+01  0.46004606E+01  0.62096662E+01  0.77218315E+01
  0.91306659E+01  0.10437280E+02  0.11635817E+02  0.12729566E+02  0.13716999E+02
  0.14602708E+02  0.15386547E+02  0.16072053E+02  0.16660988E+02  0.17155108E+02
  0.17558610E+02  0.17871784E+02  0.18100951E+02  0.18245708E+02  0.18313722E+02
  0.18304746E+02  0.18226909E+02  0.18080840E+02  0.17874336E+02  0.17609391E+02
  0.17292869E+02  0.16928312E+02  0.16521323E+02  0.16076870E+02  0.15599219E+02
  0.15094402E+02  0.14565473E+02  0.14019031E+02  0.13457162E+02  0.12886506E+02
  0.12308450E+02  0.11729228E+02  0.11149760E+02  0.10575543E+02  0.10007203E+02
  0.94493108E+01  0.89022955E+01  0.83697447E+01  0.78519283E+01  0.73514902E+01
  0.68685478E+01  0.64049023E+01  0.59605113E+01  0.55364654E+01  0.51325568E+01
  0.47493048E+01  0.43863408E+01  0.40437438E+01  0.37210001E+01  0.34178648E+01
  0.31337039E+01  0.28680455E+01  0.26201670E+01  0.23894478E+01  0.21751092E+01
  0.19764445E+01  0.17926501E+01  0.16229802E+01  0.14666339E+01  0.13228623E+01
  0.11908891E+01  0.10699881E+01  0.95942445E+00  0.85851211E+00  0.76656968E+00
  0.68296249E+00  0.60706945E+00  0.53831371E+00  0.47613767E+00  0.42002476E+00
  0.36948093E+00  0.32404972E+00  0.28329820E+00  0.24682752E+00  0.21426233E+00
  0.18525720E+00  0.15948929E+00  0.13666209E+00  0.11649989E+00  0.98749642E-01
  0.83177377E-01  0.69569565E-01  0.57729842E-01  0.47478596E-01  0.38652461E-01
  0.31105304E-01  0.24704096E-01  0.19323741E-01  0.14845115E-01  0.11158477E-01
  0.81668014E-02  0.57852052E-02  0.39364590E-02  0.25459623E-02  0.15389092E-02
  0.84062848E-03  0.37948851E-03  0.90893236E-04 -0.79276875E-04
  0.10000000E+01  0.28714419E+01  0.46293948E+01  0.62681787E+01  0.78140329E+01
  0.92626310E+01  0.10614853E+02  0.11866535E+02  0.13020414E+02  0.14075451E+02
  0.15035264E+02  0.15899559E+02  0.16671232E+02  0.17351297E+02  0.17941431E+02
  0.18444465E+02  0.18861029E+02  0.19195603E+02  0.19448275E+02  0.19624655E+02
  0.19724871E+02  0.19755069E+02  0.19715944E+02  0.19613618E+02  0.19449742E+02
  0.19229978E+02  0.18957128E+02  0.18636110E+02  0.18270864E+02  0.17865456E+02
  0.17424758E+02  0.16952021E+02  0.16452718E+02  0.15929416E+02  0.15387808E+02
  0.14829940E+02  0.14261366E+02  0.13683764E+02  0.13102257E+02  0.12518264E+02
  0.11936282E+02  0.11357535E+02  0.10785788E+02  0.10222094E+02  0.96694608E+01
  0.91287623E+01  0.86022889E+01  0.80907165E+01  0.75956892E+01  0.71176697E+01
  0.66577455E+01  0.62161602E+01  0.57935380E+01  0.53899101E+01  0.50055269E+01
  0.46402255E+01  0.42939635E+01  0.39664108E+01  0.36573029E+01  0.33661747E+01
  0.30925998E+01  0.28360121E+01  0.25958734E+01  0.23715496E+01  0.21624321E+01
  0.19678481E+01  0.17871523E+01  0.16196587E+01  0.14647117E+01  0.13216329E+01
  0.11897766E+01  0.10684883E+01  0.95714727E+00  0.85513465E+00  0.76186515E+00
  0.67676339E+00  0.59928683E+00  0.52890751E+00  0.46512925E+00  0.40747371E+00
  0.35549160E+00  0.30875325E+00  0.26685599E+00  0.22941680E+00  0.19607677E+00
  0.16649681E+00  0.14036167E+00  0.11737540E+00  0.97261682E-01  0.79764886E-01
  0.64653680E-01  0.51713454E-01  0.40735911E-01  0.31515778E-01  0.23859572E-01
  0.17594203E-01  0.12566828E-01  0.86355934E-02  0.56590766E-02  0.34903569E-02
  0.19782665E-02  0.97436057E-03  0.34249546E-03 -0.32794036E-04
    91
  0.10000000E+01  0.76065320E+00  0.65510689E+00  0.17820612E+00  0.30229668E-01
  0.37452804E-02  0.37211659E-03  0.31398891E-04  0.23326787E-05  0.15593626E-06
  0.94927948E-08  0.52902581E-09  0.25949614E-10  0.11167050E-11 -0.10528173E-11
 -0.11670073E-12 -0.12402449E-11 -0.16401367E-12 -0.15121795E-11 -0.24884938E-12
 -0.17754962E-11 -0.29357335E-12 -0.19072154E-11 -0.27523094E-12 -0.19617805E-11
 -0.24976172E-12 -0.20671130E-11 -0.27403108E-12 -0.22894204E-11 -0.34485950E-12
 -0.25498123E-11 -0.40297180E-12 -0.27268174E-11  0.00000000E+00  0.00000000E+00
  0.00000000E+00  0.00000000E+00  0.00000000E+00  0.00000000E+00  0.00000000E+00
  0.00000000E+00  0.00000000E+00  0.00000000E+00  0.00000000E+00  0.00000000E+00
  0.00000000E+00  0.00000000E+00  0.00000000E+00  0.00000000E+00  0.00000000E+00
  0.00000000E+00  0.00000000E+00  0.00000000E+00  0.00000000E+00  0.00000000E+00
  0.00000000E+00  0.00000000E+00  0.00000000E+00  0.00000000E+00  0.00000000E+00
  0.00000000E+00  0.00000000E+00  0.00000000E+00  0.00000000E+00  0.00000000E+00
  0.00000000E+00  0.00000000E+00  0.00000000E+00  0.00000000E+00  0.00000000E+00
  0.00000000E+00  0.00000000E+00  0.00000000E+00  0.00000000E+00  0.00000000E+00
  0.00000000E+00  0.00000000E+00  0.00000000E+00  0.00000000E+00  0.00000000E+00
  0.00000000E+00  0.00000000E+00  0.00000000E+00  0.00000000E+00  0.00000000E+00
  0.00000000E+00  0.00000000E+00  0.00000000E+00  0.00000000E+00  0.00000000E+00
  0.00000000E+00  0.00000000E+00
  0.10000000E+01  0.14350225E+01  0.11072650E+01  0.48072035E+00  0.15623182E+00
  0.38620439E-01  0.79293536E-02  0.13962757E-02  0.21830336E-03  0.30852245E-04
  0.39945166E-05  0.47655816E-06  0.52461735E-07  0.53224574E-08  0.49527627E-09
  0.41907065E-10  0.17602424E-11 -0.51117806E-12 -0.18883253E-11 -0.96107623E-12
 -0.22268070E-11 -0.10965895E-11 -0.24006380E-11 -0.11132408E-11 -0.24783787E-11
 -0.11117120E-11 -0.26147410E-11 -0.12065371E-11 -0.28894333E-11 -0.13902718E-11
 -0.32080714E-11 -0.15519918E-11 -0.34337382E-11  0.00000000E+00  0.00000000E+00
  0.00000000E+00  0.00000000E+00  0.00000000E+00  0.00000000E+00  0.00000000E+00
  0.00000000E+00  0.00000000E+00  0.00000000E+00  0.00000000E+00  0.00000000E+00
  0.00000000E+00  0.00000000E+00  0.00000000E+00  0.00000000E+00  0.00000000E+00
  0.00000000E+00  0.00000000E+00  0.00000000E+00  0.00000000E+00  0.00000000E+00
  0.00000000E+00  0.00000000E+00  0.00000000E+00  0.00000000E+00  0.00000000E+00
  0.00000000E+00  0.00000000E+00  0.00000000E+00  0.00000000E+00  0.00000000E+00
  0.00000000E+00  0.00000000E+00  0.00000000E+00  0.00000000E+00  0.00000000E+00
  0.00000000E+00  0.00000000E+00  0.00000000E+00  0.00000000E+00  0.00000000E+00
  0.00000000E+00  0.00000000E+00  0.00000000E+00  0.00000000E+00  0.00000000E+00
  0.00000000E+00  0.00000000E+00  0.00000000E+00  0.00000000E+00  0.00000000E+00
  0.00000000E+00  0.00000000E+00  0.00000000E+00  0.00000000E+00  0.00000000E+00
  0.00000000E+00  0.00000000E+00
  0.10000000E+01  0.18922052E+01  0.17053886E+01  0.99796910E+00  0.46950875E+00
  0.17542810E+00  0.57027873E-01  0.16004071E-01  0.40807803E-02  0.94160824E-03
  0.20256165E-03  0.40372646E-04  0.75501577E-05  0.13138547E-05  0.21200564E-06
  0.31560381E-07  0.43178294E-08  0.54198084E-09  0.59745413E-10  0.53103300E-11
 -0.27290363E-11 -0.14664122E-11 -0.36579602E-11 -0.15525386E-11 -0.38263122E-11
 -0.15549358E-11 -0.40577736E-11 -0.16842038E-11 -0.44474920E-11 -0.19324587E-11
 -0.48951032E-11 -0.21596368E-11 -0.52361053E-11  0.00000000E+00  0.00000000E+00
  0.00000000E+00  0.00000000E+00  0.00000000E+00  0.00000000E+00  0.00000000E+00
  0.00000000E+00  0.00000000E+00  0.00000000E+00  0.00000000E+00  0.00000000E+00
  0.00000000E+00  0.00000000E+00  0.00000000E+00  0.00000000E+00  0.00000000E+00
  0.00000000E+00  0.00000000E+00  0.00000000E+00  0.00000000E+00  0.00000000E+00
  0.00000000E+00  0.00000000E+00  0.00000000E+00  0.00000000E+00  0.00000000E+00
  0.00000000E+00  0.00000000E+00  0.00000000E+00  0.00000000E+00  0.00000000E+00
  0.00000000E+00  0.00000000E+00  0.00000000E+00  0.00000000E+00  0.00000000E+00
  0.00000000E+00  0.00000000E+00  0.00000000E+00  0.00000000E+00  0.00000000E+00
  0.00000000E+00  0.00000000E+00  0.00000000E+00  0.00000000E+00  0.00000000E+00
  0.00000000E+00  0.00000000E+00  0.00000000E+00  0.00000000E+00  0.00000000E+00
  0.00000000E+00  0.00000000E+00  0.00000000E+00  0.00000000E+00  0.00000000E+00
  0.00000000E+00  0.00000000E+00
  0.10000000E+01  0.21517887E+01  0.22383072E+01  0.16254344E+01  0.97316449E+00
  0.48154149E+00  0.21237543E+00  0.81902413E-01  0.29273643E-01  0.94645904E-02
  0.29068235E-02  0.82517380E-03  0.22579785E-03  0.57680677E-04  0.14206652E-04
  0.32392439E-05  0.69385291E-06  0.13694923E-06  0.24797793E-07  0.41129207E-08
  0.62054969E-09  0.85972562E-10  0.56444921E-11 -0.16806708E-12 -0.58041056E-11
 -0.14779986E-11 -0.63424842E-11 -0.16114266E-11 -0.68992583E-11 -0.18652940E-11
 -0.75331412E-11 -0.21287820E-11 -0.81161640E-11  0.00000000E+00  0.00000000E+00
  0.00000000E+00  0.00000000E+00  0.00000000E+00  0.00000000E+00  0.00000000E+00
  0.00000000E+00  0.00000000E+00  0.00000000E+00  0.00000000E+00  0.00000000E+00
  0.00000000E+00  0.00000000E+00  0.00000000E+00  0.00000000E+00  0.00000000E+00
  0.00000000E+00  0.00000000E+00  0.00000000E+00  0.00000000E+00  0.00000000E+00
  0.00000000E+00  0.00000000E+00  0.00000000E+00  0.00000000E+00  0.00000000E+00
  0.00000000E+00  0.00000000E+00  0.00000000E+00  0.00000000E+00  0.00000000E+00
  0.00000000E+00  0.00000000E+00  0.00000000E+00  0.00000000E+00  0.00000000E+00
  0.00000000E+00  0.00000000E+00  0.00000000E+00  0.00000000E+00  0.00000000E+00
  0.00000000E+00  0.00000000E+00  0.00000000E+00  0.00000000E+00  0.00000000E+00
  0.00000000E+00  0.00000000E+00  0.00000000E+00  0.00000000E+00  0.00000000E+00
  0.00000000E+00  0.00000000E+00  0.00000000E+00  0.00000000E+00  0.00000000E+00
  0.00000000E+00  0.00000000E+00
  0.10000000E+01  0.23111047E+01  0.26565351E+01  0.22347549E+01  0.15783855E+01
  0.95175607E+00  0.51744356E+00  0.25065756E+00  0.11350855E+00  0.46864015E-01
  0.18545011E-01  0.67854039E-02  0.24235095E-02  0.80694307E-03  0.26567781E-03
  0.81683532E-04  0.24911205E-04  0.69878405E-05  0.19152657E-05  0.47255380E-06
  0.10819727E-06  0.22632771E-07  0.43158808E-08  0.75625962E-09  0.11281140E-09
  0.17667783E-10 -0.71669822E-11 -0.16346082E-12 -0.10421164E-10 -0.68105814E-12
 -0.11440487E-10 -0.11178074E-11 -0.12736594E-10  0.00000000E+00  0.00000000E+00
  0.00000000E+00  0.00000000E+00  0.00000000E+00  0.00000000E+00  0.00000000E+00
  0.00000000E+00  0.00000000E+00  0.00000000E+00  0.00000000E+00  0.00000000E+00
  0.00000000E+00  0.00000000E+00  0.00000000E+00  0.00000000E+00  0.00000000E+00
  0.00000000E+00  0.00000000E+00  0.00000000E+00  0.00000000E+00  0.00000000E+00
  0.00000000E+00  0.00000000E+00  0.00000000E+00  0.00000000E+00  0.00000000E+00
  0.00000000E+00  0.00000000E+00  0.00000000E+00  0.00000000E+00  0.00000000E+00
  0.00000000E+00  0.00000000E+00  0.00000000E+00  0.00000000E+00  0.00000000E+00
  0.00000000E+00  0.00000000E+00  0.00000000E+00  0.00000000E+00  0.00000000E+00
  0.00000000E+00  0.00000000E+00  0.00000000E+00  0.00000000E+00  0.00000000E+00
  0.00000000E+00  0.00000000E+00  0.00000000E+00  0.00000000E+00  0.00000000E+00
  0.00000000E+00  0.00000000E+00  0.00000000E+00  0.00000000E+00  0.00000000E+00
  0.00000000E+00  0.00000000E+00
  0.10000000E+01  0.24171948E+01  0.29729711E+01  0.27622461E+01  0.21898744E+01
  0.15187520E+01  0.95780498E+00  0.54799870E+00  0.29415564E+00  0.14572280E+00
  0.69319389E-01  0.30707907E-01  0.13313074E-01  0.53958258E-02  0.21752547E-02
  0.81986263E-03  0.31161157E-03  0.11025123E-03  0.39669906E-04  0.13064202E-04
  0.43446539E-05  0.12664851E-05  0.36483206E-06  0.92791872E-07  0.21586923E-07
  0.45871817E-08  0.87666449E-09  0.16166406E-09  0.11162120E-10  0.62433745E-11
 -0.16473041E-10  0.10907724E-11 -0.19914800E-10  0.00000000E+00  0.00000000E+00
  0.00000000E+00  0.00000000E+00  0.00000000E+00  0.00000000E+00  0.00000000E+00
  0.00000000E+00  0.00000000E+00  0.00000000E+00  0.00000000E+00  0.00000000E+00
  0.00000000E+00  0.00000000E+00  0.00000000E+00  0.00000000E+00  0.00000000E+00
  0.00000000E+00  0.00000000E+00  0.00000000E+00  0.00000000E+00  0.00000000E+00
  0.00000000E+00  0.00000000E+00  0.00000000E+00  0.00000000E+00  0.00000000E+00
  0.00000000E+00  0.00000000E+00  0.00000000E+00  0.00000000E+00  0.00000000E+00
  0.00000000E+00  0.00000000E+00  0.00000000E+00  0.00000000E+00  0.00000000E+00
  0.00000000E+00  0.00000000E+00  0.00000000E+00  0.00000000E+00  0.00000000E+00
  0.00000000E+00  0.00000000E+00  0.00000000E+00  0.00000000E+00  0.00000000E+00
  0.00000000E+00  0.00000000E+00  0.00000000E+00  0.00000000E+00  0.00000000E+00
  0.00000000E+00  0.00000000E+00  0.00000000E+00  0.00000000E+00  0.00000000E+00
  0.00000000E+00  0.00000000E+00
  0.10000000E+01  0.24910967E+01  0.32105284E+01  0.31946670E+01  0.27496392E+01
  0.21078509E+01  0.14811386E+01  0.95827270E+00  0.58333455E+00  0.33166445E+00
  0.18100924E+00  0.92884438E-01  0.46566090E-01  0.21986494E-01  0.10309843E-01
  0.45433611E-02  0.20199742E-02  0.83956923E-03  0.35742429E-03  0.14102631E-03
  0.57739675E-04  0.21550618E-04  0.83748715E-05  0.28489568E-05  0.10019672E-05
  0.28997250E-06  0.83415177E-07  0.21314720E-07  0.49321459E-08  0.10604592E-08
  0.18098515E-09  0.42169697E-10 -0.23462729E-10  0.00000000E+00  0.00000000E+00
  0.00000000E+00  0.00000000E+00  0.00000000E+00  0.00000000E+00  0.00000000E+00
  0.00000000E+00  0.00000000E+00  0.00000000E+00  0.00000000E+00  0.00000000E+00
  0.00000000E+00  0.00000000E+00  0.00000000E+00  0.00000000E+00  0.00000000E+00
  0.00000000E+00  0.00000000E+00  0.00000000E+00  0.00000000E+00  0.00000000E+00
  0.00000000E+00  0.00000000E+00  0.00000000E+00  0.00000000E+00  0.00000000E+00
  0.00000000E+00  0.00000000E+00  0.00000000E+00  0.00000000E+00  0.00000000E+00
  0.00000000E+00  0.00000000E+00  0.00000000E+00  0.00000000E+00  0.00000000E+00
  0.00000000E+00  0.00000000E+00  0.00000000E+00  0.00000000E+00  0.00000000E+00
  0.00000000E+00  0.00000000E+00  0.00000000E+00  0.00000000E+00  0.00000000E+00
  0.00000000E+00  0.00000000E+00  0.00000000E+00  0.00000000E+00  0.00000000E+00
  0.00000000E+00  0.00000000E+00  0.00000000E+00  0.00000000E+00  0.00000000E+00
  0.00000000E+00  0.00000000E+00
  0.10000000E+01  0.25439138E+01  0.33892345E+01  0.35403652E+01  0.32342418E+01
  0.26670245E+01  0.20311703E+01  0.14409149E+01  0.96491542E+00  0.60967689E+00
  0.36969748E+00  0.21273022E+00  0.11928779E+00  0.63535746E-01  0.33479554E-01
  0.16709464E-01  0.83781788E-02  0.39548088E-02  0.19053952E-02  0.85660893E-03
  0.39951829E-03  0.17185687E-03  0.77920651E-04  0.32051677E-04  0.14056216E-04
  0.54124022E-05  0.22195319E-05  0.74871947E-06  0.27273476E-06  0.77722105E-07
  0.21683949E-07  0.54920893E-08  0.12223201E-08  0.00000000E+00  0.00000000E+00
  0.00000000E+00  0.00000000E+00  0.00000000E+00  0.00000000E+00  0.00000000E+00
  0.00000000E+00  0.00000000E+00  0.00000000E+00  0.00000000E+00  0.00000000E+00
  0.00000000E+00  0.00000000E+00  0.00000000E+00  0.00000000E+00  0.00000000E+00
  0.00000000E+00  0.00000000E+00  0.00000000E+00  0.00000000E+00  0.00000000E+00
  0.00000000E+00  0.00000000E+00  0.00000000E+00  0.00000000E+00  0.00000000E+00
  0.00000000E+00  0.00000000E+00  0.00000000E+00  0.00000000E+00  0.00000000E+00
  0.00000000E+00  0.00000000E+00  0.00000000E+00  0.00000000E+00  0.00000000E+00
  0.00000000E+00  0.00000000E+00  0.00000000E+00  0.00000000E+00  0.00000000E+00
  0.00000000E+00  0.00000000E+00  0.00000000E+00  0.00000000E+00  0.00000000E+00
  0.00000000E+00  0.00000000E+00  0.00000000E+00  0.00000000E+00  0.00000000E+00
  0.00000000E+00  0.00000000E+00  0.00000000E+00  0.00000000E+00  0.00000000E+00
  0.00000000E+00  0.00000000E+00
  0.10000000E+01  0.25822370E+01  0.35242568E+01  0.38135181E+01  0.36405160E+01
  0.31691999E+01  0.25655414E+01  0.19521514E+01  0.14073746E+01  0.96521049E+00
  0.63565749E+00  0.40037282E+00  0.24526826E+00  0.14384357E+00  0.83137505E-01
  0.45880160E-01  0.25303654E-01  0.13246799E-01  0.70353019E-02  0.35158298E-02
  0.18113050E-02  0.86822356E-03  0.43636967E-03  0.20129013E-03  0.99056136E-04
  0.43991706E-04  0.21168874E-04  0.89579074E-05  0.41331051E-05  0.15874819E-05
  0.66728433E-06  0.21283619E-06  0.77519405E-07  0.00000000E+00  0.00000000E+00
  0.00000000E+00  0.00000000E+00  0.00000000E+00  0.00000000E+00  0.00000000E+00
  0.00000000E+00  0.00000000E+00  0.00000000E+00  0.00000000E+00  0.00000000E+00
  0.00000000E+00  0.00000000E+00  0.00000000E+00  0.00000000E+00  0.00000000E+00
  0.00000000E+00  0.00000000E+00  0.00000000E+00  0.00000000E+00  0.00000000E+00
  0.00000000E+00  0.00000000E+00  0.00000000E+00  0.00000000E+00  0.00000000E+00
  0.00000000E+00  0.00000000E+00  0.00000000E+00  0.00000000E+00  0.00000000E+00
  0.00000000E+00  0.00000000E+00  0.00000000E+00  0.00000000E+00  0.00000000E+00
  0.00000000E+00  0.00000000E+00  0.00000000E+00  0.00000000E+00  0.00000000E+00
  0.00000000E+00  0.00000000E+00  0.00000000E+00  0.00000000E+00  0.00000000E+00
  0.00000000E+00  0.00000000E+00  0.00000000E+00  0.00000000E+00  0.00000000E+00
  0.00000000E+00  0.00000000E+00  0.00000000E+00  0.00000000E+00  0.00000000E+00
  0.00000000E+00  0.00000000E+00
  0.10000000E+01  0.26102332E+01  0.36265911E+01  0.40280069E+01  0.39746105E+01
  0.36047840E+01  0.30587599E+01  0.24571124E+01  0.18773287E+01  0.13734562E+01
  0.96614199E+00  0.65416499E+00  0.43033691E+00  0.27283797E+00  0.16994897E+00
  0.10181168E+00  0.60663219E-01  0.34583168E-01  0.19876920E-01  0.10843318E-01
  0.60533745E-02  0.31738255E-02  0.17306186E-02  0.87506308E-03  0.46809239E-03
  0.22880972E-03  0.12041392E-03  0.56944507E-04  0.29484978E-04  0.13429986E-04
  0.67800135E-05  0.28955359E-05  0.13729639E-05  0.51017563E-06  0.00000000E+00
  0.00000000E+00  0.00000000E+00  0.00000000E+00  0.00000000E+00  0.00000000E+00
  0.00000000E+00  0.00000000E+00  0.00000000E+00  0.00000000E+00  0.00000000E+00
  0.00000000E+00  0.00000000E+00  0.00000000E+00  0.00000000E+00  0.00000000E+00
  0.00000000E+00  0.00000000E+00  0.00000000E+00  0.00000000E+00  0.00000000E+00
  0.00000000E+00  0.00000000E+00  0.00000000E+00  0.00000000E+00  0.00000000E+00
  0.00000000E+00  0.00000000E+00  0.00000000E+00  0.00000000E+00  0.00000000E+00
  0.00000000E+00  0.00000000E+00  0.00000000E+00  0.00000000E+00  0.00000000E+00
  0.00000000E+00  0.00000000E+00  0.00000000E+00  0.00000000E+00  0.00000000E+00
  0.00000000E+00  0.00000000E+00  0.00000000E+00  0.00000000E+00  0.00000000E+00
  0.00000000E+00  0.00000000E+00  0.00000000E+00  0.00000000E+00  0.00000000E+00
  0.00000000E+00  0.00000000E+00  0.00000000E+00  0.00000000E+00  0.00000000E+00
  0.00000000E+00  0.00000000E+00
  0.10000000E+01  0.26306513E+01  0.37041511E+01  0.41956253E+01  0.42459136E+01
  0.39741806E+01  0.34987664E+01  0.29328835E+01  0.23472817E+01  0.18083501E+01
  0.13419256E+01  0.96347186E+00  0.67191392E+00  0.45409512E+00  0.30085772E+00
  0.19288706E+00  0.12251881E+00  0.74980087E-01  0.46009896E-01  0.27011022E-01
  0.16115161E-01  0.91114886E-02  0.53134860E-02  0.29025997E-02  0.16616630E-02
  0.87925811E-03  0.49574361E-03  0.25456926E-03  0.14164702E-03  0.70635546E-04
  0.38792124E-04  0.18745590E-04  0.10117559E-04  0.46765942E-05  0.24261277E-05
  0.10182103E-05  0.48356647E-06  0.00000000E+00  0.00000000E+00  0.00000000E+00
  0.00000000E+00  0.00000000E+00  0.00000000E+00  0.00000000E+00  0.00000000E+00
  0.00000000E+00  0.00000000E+00  0.00000000E+00  0.00000000E+00  0.00000000E+00
  0.00000000E+00  0.00000000E+00  0.00000000E+00  0.00000000E+00  0.00000000E+00
  0.00000000E+00  0.00000000E+00  0.00000000E+00  0.00000000E+00  0.00000000E+00
  0.00000000E+00  0.00000000E+00  0.00000000E+00  0.00000000E+00  0.00000000E+00
  0.00000000E+00  0.00000000E+00  0.00000000E+00  0.00000000E+00  0.00000000E+00
  0.00000000E+00  0.00000000E+00  0.00000000E+00  0.00000000E+00  0.00000000E+00
  0.00000000E+00  0.00000000E+00  0.00000000E+00  0.00000000E+00  0.00000000E+00
  0.00000000E+00  0.00000000E+00  0.00000000E+00  0.00000000E+00  0.00000000E+00
  0.00000000E+00  0.00000000E+00  0.00000000E+00  0.00000000E+00  0.00000000E+00
  0.00000000E+00  0.00000000E+00
  0.10000000E+01  0.26453719E+01  0.37626866E+01  0.43259045E+01  0.44642054E+01
  0.42827246E+01  0.38824341E+01  0.33670206E+01  0.27980803E+01  0.22479429E+01
  0.17431696E+01  0.13133337E+01  0.96145548E+00  0.68513738E+00  0.47800000E+00
  0.32434214E+00  0.21739607E+00  0.14122427E+00  0.91572275E-01  0.57202193E-01
  0.36094385E-01  0.21758780E-01  0.13427545E-01  0.78347071E-02  0.47479688E-02
  0.26881020E-02  0.16050066E-02  0.88355005E-03  0.52100578E-03  0.27931522E-03
  0.16287112E-03  0.85086893E-04  0.49049074E-04  0.24937560E-04  0.14173571E-04
  0.69715032E-05  0.38669730E-05  0.17906182E-05  0.93367343E-06  0.00000000E+00
  0.00000000E+00  0.00000000E+00  0.00000000E+00  0.00000000E+00  0.00000000E+00
  0.00000000E+00  0.00000000E+00  0.00000000E+00  0.00000000E+00  0.00000000E+00
  0.00000000E+00  0.00000000E+00  0.00000000E+00  0.00000000E+00  0.00000000E+00
  0.00000000E+00  0.00000000E+00  0.00000000E+00  0.00000000E+00  0.00000000E+00
  0.00000000E+00  0.00000000E+00  0.00000000E+00  0.00000000E+00  0.00000000E+00
  0.00000000E+00  0.00000000E+00  0.00000000E+00  0.00000000E+00  0.00000000E+00
  0.00000000E+00  0.00000000E+00  0.00000000E+00  0.00000000E+00  0.00000000E+00
  0.00000000E+00  0.00000000E+00  0.00000000E+00  0.00000000E+00  0.00000000E+00
  0.00000000E+00  0.00000000E+00  0.00000000E+00  0.00000000E+00  0.00000000E+00
  0.00000000E+00  0.00000000E+00  0.00000000E+00  0.00000000E+00  0.00000000E+00
  0.00000000E+00  0.00000000E+00
  0.10000000E+01  0.26557292E+01  0.38064541E+01  0.44264374E+01  0.46385202E+01
  0.45377646E+01  0.42119428E+01  0.37547738E+01  0.32184150E+01  0.26763934E+01
  0.21530005E+01  0.16884977E+01  0.12876995E+01  0.95938591E+00  0.69932229E+00
  0.49783138E+00  0.34932562E+00  0.23873646E+00  0.16227212E+00  0.10688431E+00
  0.70757076E-01  0.45064002E-01  0.29189598E-01  0.18024485E-01  0.11468045E-01
  0.68821113E-02  0.43146694E-02  0.25216306E-02  0.15615758E-02  0.89041670E-03
  0.54556349E-03  0.30394620E-03  0.18437626E-03  0.10042525E-03  0.60267572E-04
  0.32056839E-04  0.18981221E-04  0.98200370E-05  0.57049180E-05  0.28349566E-05
  0.15825055E-05  0.71953785E-06  0.00000000E+00  0.00000000E+00  0.00000000E+00
  0.00000000E+00  0.00000000E+00  0.00000000E+00  0.00000000E+00  0.00000000E+00
  0.00000000E+00  0.00000000E+00  0.00000000E+00  0.00000000E+00  0.00000000E+00
  0.00000000E+00  0.00000000E+00  0.00000000E+00  0.00000000E+00  0.00000000E+00
  0.00000000E+00  0.00000000E+00  0.00000000E+00  0.00000000E+00  0.00000000E+00
  0.00000000E+00  0.00000000E+00  0.00000000E+00  0.00000000E+00  0.00000000E+00
  0.00000000E+00  0.00000000E+00  0.00000000E+00  0.00000000E+00  0.00000000E+00
  0.00000000E+00  0.00000000E+00  0.00000000E+00  0.00000000E+00  0.00000000E+00
  0.00000000E+00  0.00000000E+00  0.00000000E+00  0.00000000E+00  0.00000000E+00
  0.00000000E+00  0.00000000E+00  0.00000000E+00  0.00000000E+00  0.00000000E+00
  0.00000000E+00  0.00000000E+00
  0.10000000E+01  0.26627045E+01  0.38386818E+01  0.45032944E+01  0.47768162E+01
  0.47471468E+01  0.44923304E+01  0.40964982E+01  0.36032077E+01  0.30839083E+01
  0.25589851E+01  0.20759351E+01  0.16393642E+01  0.12684668E+01  0.96007014E+00
  0.71204889E+00  0.51977957E+00  0.37104169E+00  0.26269718E+00  0.18111976E+00
  0.12498944E+00  0.83476912E-01  0.56391279E-01  0.36574643E-01  0.24274063E-01
  0.15323079E-01  0.10021339E-01  0.61693091E-02  0.39853047E-02  0.23971201E-02
  0.15321967E-02  0.90199613E-03  0.57106766E-03  0.32949785E-03  0.20667228E-03
  0.11695413E-03  0.72600536E-04  0.40256559E-04  0.24659063E-04  0.13348699E-04
  0.80287090E-05  0.42128554E-05  0.24643100E-05  0.12232558E-05  0.67213656E-06
  0.00000000E+00  0.00000000E+00  0.00000000E+00  0.00000000E+00  0.00000000E+00
  0.00000000E+00  0.00000000E+00  0.00000000E+00  0.00000000E+00  0.00000000E+00
  0.00000000E+00  0.00000000E+00  0.00000000E+00  0.00000000E+00  0.00000000E+00
  0.00000000E+00  0.00000000E+00  0.00000000E+00  0.00000000E+00  0.00000000E+00
  0.00000000E+00  0.00000000E+00  0.00000000E+00  0.00000000E+00  0.00000000E+00
  0.00000000E+00  0.00000000E+00  0.00000000E+00  0.00000000E+00  0.00000000E+00
  0.00000000E+00  0.00000000E+00  0.00000000E+00  0.00000000E+00  0.00000000E+00
  0.00000000E+00  0.00000000E+00  0.00000000E+00  0.00000000E+00  0.00000000E+00
  0.00000000E+00  0.00000000E+00  0.00000000E+00  0.00000000E+00  0.00000000E+00
  0.00000000E+00  0.00000000E+00
  0.10000000E+01  0.26670485E+01  0.38618879E+01  0.45613928E+01  0.48859874E+01
  0.49184982E+01  0.47299838E+01  0.43956807E+01  0.39518657E+01  0.34657592E+01
  0.29532339E+01  0.24659485E+01  0.20068432E+01  0.16040812E+01  0.12543720E+01
  0.96382554E+00  0.72821292E+00  0.53982076E+00  0.39605405E+00  0.28412362E+00
  0.20333838E+00  0.14154375E+00  0.99204586E-01  0.67162913E-01  0.46256564E-01
  0.30520915E-01  0.20714271E-01  0.13345974E-01  0.89460706E-02  0.56384322E-02
  0.37393370E-02  0.23095474E-02  0.15171447E-02  0.91977926E-03  0.59883862E-03
  0.35686155E-03  0.23025514E-03  0.13497842E-03  0.86208598E-04  0.49679155E-04
  0.31315516E-04  0.17678352E-04  0.10939574E-04  0.60094244E-05  0.36268626E-05
  0.19167027E-05  0.11084901E-05  0.54115786E-06  0.00000000E+00  0.00000000E+00
  0.00000000E+00  0.00000000E+00  0.00000000E+00  0.00000000E+00  0.00000000E+00
  0.00000000E+00  0.00000000E+00  0.00000000E+00  0.00000000E+00  0.00000000E+00
  0.00000000E+00  0.00000000E+00  0.00000000E+00  0.00000000E+00  0.00000000E+00
  0.00000000E+00  0.00000000E+00  0.00000000E+00  0.00000000E+00  0.00000000E+00
  0.00000000E+00  0.00000000E+00  0.00000000E+00  0.00000000E+00  0.00000000E+00
  0.00000000E+00  0.00000000E+00  0.00000000E+00  0.00000000E+00  0.00000000E+00
  0.00000000E+00  0.00000000E+00  0.00000000E+00  0.00000000E+00  0.00000000E+00
  0.00000000E+00  0.00000000E+00  0.00000000E+00  0.00000000E+00  0.00000000E+00
  0.00000000E+00  0.00000000E+00
  0.10000000E+01  0.26686678E+01  0.39002664E+01  0.46785865E+01  0.51396867E+01
  0.53565792E+01  0.53884334E+01  0.52814933E+01  0.50560142E+01  0.47532111E+01
  0.43750378E+01  0.39692298E+01  0.35277424E+01  0.30974584E+01  0.26669236E+01
  0.22711970E+01  0.19005709E+01  0.15731192E+01  0.12836039E+01  0.10346673E+01
  0.82579882E+00  0.64944442E+00  0.50848604E+00  0.39083631E+00  0.30096456E+00
  0.22645571E+00  0.17188924E+00  0.12680644E+00  0.95049157E-01  0.68852778E-01
  0.51039250E-01  0.36358624E-01  0.26683821E-01  0.18720951E-01  0.13613535E-01
  0.94203836E-02  0.67910921E-02  0.46417321E-02  0.33182111E-02  0.22432526E-02
  0.15903536E-02  0.10647097E-02  0.74850655E-03  0.49673366E-03  0.34617679E-03
  0.22786401E-03  0.15731571E-03  0.10270047E-03  0.70148824E-04  0.45361196E-04
  0.30570352E-04  0.19508163E-04  0.12896350E-04  0.80509529E-05  0.51611821E-05
  0.31087057E-05  0.19085866E-05  0.10962637E-05  0.63424879E-06  0.00000000E+00
  0.00000000E+00  0.00000000E+00  0.00000000E+00  0.00000000E+00  0.00000000E+00
  0.00000000E+00  0.00000000E+00  0.00000000E+00  0.00000000E+00  0.00000000E+00
  0.00000000E+00  0.00000000E+00  0.00000000E+00  0.00000000E+00  0.00000000E+00
  0.00000000E+00  0.00000000E+00  0.00000000E+00  0.00000000E+00  0.00000000E+00
  0.00000000E+00  0.00000000E+00  0.00000000E+00  0.00000000E+00  0.00000000E+00
  0.00000000E+00  0.00000000E+00  0.00000000E+00  0.00000000E+00  0.00000000E+00
  0.00000000E+00  0.00000000E+00
  0.10000000E+01  0.26627131E+01  0.39101409E+01  0.47320124E+01  0.52877161E+01
  0.56440872E+01  0.58576050E+01  0.59515185E+01  0.59429987E+01  0.58448934E+01
  0.56571057E+01  0.54086089E+01  0.50862903E+01  0.47353104E+01  0.43355805E+01
  0.39360338E+01  0.35165404E+01  0.31176698E+01  0.27244254E+01  0.23623405E+01
  0.20239432E+01  0.17189018E+01  0.14470560E+01  0.12053834E+01  0.99911965E+00
  0.81736817E+00  0.66825261E+00  0.53759252E+00  0.43417423E+00  0.34389643E+00
  0.27470593E+00  0.21449336E+00  0.16963525E+00  0.13072826E+00  0.10243965E+00
  0.78009328E-01  0.60602781E-01  0.45656265E-01  0.35178571E-01  0.26248148E-01
  0.20065150E-01  0.14843245E-01  0.11259978E-01  0.82661612E-02  0.62237681E-02
  0.45379986E-02  0.33916791E-02  0.24579642E-02  0.18237754E-02  0.13143608E-02
  0.96822338E-03  0.69413188E-03  0.50762134E-03  0.36203229E-03  0.26276215E-03
  0.18636164E-03  0.13415564E-03  0.94533889E-04  0.67410970E-04  0.47113099E-04
  0.33205265E-04  0.22948755E-04  0.15923162E-04  0.10825434E-04  0.73340100E-05
  0.48442555E-05  0.31399074E-05  0.19653897E-05  0.11766990E-05  0.67287131E-06
  0.00000000E+00  0.00000000E+00  0.00000000E+00  0.00000000E+00  0.00000000E+00
  0.00000000E+00  0.00000000E+00  0.00000000E+00  0.00000000E+00  0.00000000E+00
  0.00000000E+00  0.00000000E+00  0.00000000E+00  0.00000000E+00  0.00000000E+00
  0.00000000E+00  0.00000000E+00  0.00000000E+00  0.00000000E+00  0.00000000E+00
  0.00000000E+00  0.00000000E+00
  0.10000000E+01  0.26641675E+01  0.39386553E+01  0.48175913E+01  0.54781931E+01
  0.59778338E+01  0.63692251E+01  0.66559345E+01  0.68560222E+01  0.69579423E+01
  0.69673770E+01  0.68928528E+01  0.67247836E+01  0.64976011E+01  0.61895909E+01
  0.58504071E+01  0.54535244E+01  0.50503400E+01  0.46164677E+01  0.41946269E+01
  0.37673592E+01  0.33629871E+01  0.29731048E+01  0.26104622E+01  0.22753768E+01
  0.19672357E+01  0.16930509E+01  0.14428488E+01  0.12275908E+01  0.10322590E+01
  0.86915651E+00  0.72184572E+00  0.60201610E+00  0.49429427E+00  0.40861122E+00
  0.33199385E+00  0.27218320E+00  0.21903948E+00  0.17817900E+00  0.14214798E+00
  0.11477220E+00  0.90845375E-01  0.72827223E-01  0.57236438E-01  0.45569587E-01
  0.35584849E-01  0.28144083E-01  0.21850002E-01  0.17171060E-01  0.13260566E-01
  0.10357005E-01  0.79595441E-02  0.61799931E-02  0.47280433E-02  0.36501010E-02
  0.27806665E-02  0.21349121E-02  0.16197316E-02  0.12369222E-02  0.93463558E-03
  0.70995174E-03  0.53421576E-03  0.40358745E-03  0.30232037E-03  0.22706387E-03
  0.16920730E-03  0.12623387E-03  0.93461043E-04  0.69138362E-04  0.50741688E-04
  0.37104538E-04  0.26888091E-04  0.19328800E-04  0.13738236E-04  0.96168023E-05
  0.66293254E-05  0.44324138E-05  0.28789083E-05  0.17291220E-05  0.95202759E-06
  0.00000000E+00  0.00000000E+00  0.00000000E+00  0.00000000E+00  0.00000000E+00
  0.00000000E+00  0.00000000E+00  0.00000000E+00  0.00000000E+00  0.00000000E+00
  0.00000000E+00  0.00000000E+00
  0.10000000E+01  0.26779908E+01  0.39995513E+01  0.49617728E+01  0.57479910E+01
  0.64027751E+01  0.69717289E+01  0.74430878E+01  0.78356554E+01  0.81207841E+01
  0.83122176E+01  0.84023234E+01  0.83894893E+01  0.82958733E+01  0.81040999E+01
  0.78571810E+01  0.75285995E+01  0.71698786E+01  0.67525983E+01  0.63263222E+01
  0.58665714E+01  0.54134898E+01  0.49504165E+01  0.45039676E+01  0.40669263E+01
  0.36515400E+01  0.32595513E+01  0.28906029E+01  0.25534024E+01  0.22382981E+01
  0.19582781E+01  0.16981598E+01  0.14725832E+01  0.12642132E+01  0.10872615E+01
  0.92477182E+00  0.78919395E+00  0.66551642E+00  0.56380613E+00  0.47171577E+00
  0.39685430E+00  0.32964084E+00  0.27549150E+00  0.22732117E+00  0.18877559E+00
  0.15482364E+00  0.12778937E+00  0.10422145E+00  0.85520909E-01  0.69388681E-01
  0.56619082E-01  0.45717981E-01  0.37103565E-01  0.29824420E-01  0.24079196E-01
  0.19271874E-01  0.15481356E-01  0.12338907E-01  0.98634746E-02  0.78289841E-02
  0.62280050E-02  0.49227512E-02  0.38968855E-02  0.30667274E-02  0.24152352E-02
  0.18916740E-02  0.14815365E-02  0.11540797E-02  0.89811944E-03  0.69503882E-03
  0.53671068E-03  0.41187811E-03  0.31486392E-03  0.23889197E-03  0.18010868E-03
  0.13446326E-03  0.99383840E-04  0.72498108E-04  0.52106159E-04  0.36785555E-04
  0.25320459E-04  0.16860678E-04  0.10613703E-04  0.61797711E-05  0.30466764E-05
  0.10104878E-05 -0.33633802E-06  0.00000000E+00  0.00000000E+00  0.00000000E+00
  0.00000000E+00  0.00000000E+00
  0.10000000E+01  0.27012905E+01  0.40831659E+01  0.51445235E+01  0.60633849E+01
  0.68708373E+01  0.76034573E+01  0.82396684E+01  0.87979133E+01  0.92405633E+01
  0.95882257E+01  0.98232295E+01  0.99521284E+01  0.99868504E+01  0.99166427E+01
  0.97753434E+01  0.95406712E+01  0.92578339E+01  0.88996644E+01  0.85139751E+01
  0.80743031E+01  0.76241513E+01  0.71421623E+01  0.66624991E+01  0.61717751E+01
  0.56920449E+01  0.52189207E+01  0.47619393E+01  0.43250160E+01  0.39067092E+01
  0.35173220E+01  0.31471771E+01  0.28104987E+01  0.24925144E+01  0.22089586E+01
  0.19428590E+01  0.17095142E+01  0.14920138E+01  0.13039236E+01  0.11298889E+01
  0.98108533E+00  0.84449583E+00  0.72876349E+00  0.62343522E+00  0.53482429E+00
  0.45490112E+00  0.38803346E+00  0.32827750E+00  0.27849524E+00  0.23442090E+00
  0.19782433E+00  0.16572157E+00  0.13913602E+00  0.11602333E+00  0.96925460E-01
  0.80464453E-01  0.66890137E-01  0.55284913E-01  0.45733497E-01  0.37629840E-01
  0.30973765E-01  0.25366932E-01  0.20771713E-01  0.16926895E-01  0.13783449E-01
  0.11170101E-01  0.90394165E-02  0.72789213E-02  0.58481435E-02  0.46731310E-02
  0.37217158E-02  0.29452328E-02  0.23193218E-02  0.18120449E-02  0.14056669E-02
  0.10792746E-02  0.82027652E-03  0.61525264E-03  0.45546810E-03  0.33168839E-03
  0.23693688E-03  0.16468586E-03  0.11038523E-03  0.70455380E-04  0.42129660E-04
  0.22954597E-04  0.10553647E-04  0.30029747E-05 -0.14449111E-05  0.00000000E+00
  0.00000000E+00  0.00000000E+00
  0.10000000E+01  0.27286124E+01  0.41735913E+01  0.53348240E+01  0.63773966E+01
  0.73206652E+01  0.81923160E+01  0.89661818E+01  0.96595422E+01  0.10232414E+02
  0.10709764E+02  0.11069222E+02  0.11323440E+02  0.11477079E+02  0.11525518E+02
  0.11493729E+02  0.11365035E+02  0.11175922E+02  0.10903453E+02  0.10588970E+02
  0.10207931E+02  0.98011348E+01  0.93464378E+01  0.88794500E+01  0.83836520E+01
  0.78860021E+01  0.73775601E+01  0.68748542E+01  0.63769697E+01  0.58899929E+01
  0.54201348E+01  0.49644580E+01  0.45344969E+01  0.41205718E+01  0.37373682E+01
  0.33710172E+01  0.30372794E+01  0.27204482E+01  0.24356912E+01  0.21673256E+01
  0.19288043E+01  0.17057317E+01  0.15092653E+01  0.13269944E+01  0.11676428E+01
  0.10210279E+01  0.89360895E+00  0.77736071E+00  0.67681827E+00  0.58586221E+00
  0.50750637E+00  0.43720865E+00  0.37685285E+00  0.32313933E+00  0.27715936E+00
  0.23655529E+00  0.20189326E+00  0.17150868E+00  0.14564070E+00  0.12312286E+00
  0.10400530E+00  0.87473833E-01  0.73479797E-01  0.61455681E-01  0.51309625E-01
  0.42645537E-01  0.35360726E-01  0.29177762E-01  0.23999772E-01  0.19632022E-01
  0.15990744E-01  0.12939016E-01  0.10408553E-01  0.83035146E-02  0.65710102E-02
  0.51440779E-02  0.39829023E-02  0.30421537E-02  0.22927796E-02  0.17001613E-02
  0.12374116E-02  0.87706964E-03  0.60106473E-03  0.39407183E-03  0.24522841E-03
  0.14284779E-03  0.76265210E-04  0.35067180E-04  0.10918161E-04 -0.25109536E-05
  0.00000000E+00  0.00000000E+00
  0.10000000E+01  0.27556796E+01  0.42593441E+01  0.55113589E+01  0.66603292E+01
  0.77167505E+01  0.87008172E+01  0.95856755E+01  0.10387092E+02  0.11066986E+02
  0.11652189E+02  0.12119258E+02  0.12484363E+02  0.12747487E+02  0.12908514E+02
  0.12985026E+02  0.12965544E+02  0.12877947E+02  0.12704394E+02  0.12478264E+02
  0.12178901E+02  0.11841420E+02  0.11445536E+02  0.11024364E+02  0.10560986E+02
  0.10083149E+02  0.95795963E+01  0.90703417E+01  0.85509563E+01  0.80327188E+01
  0.75179823E+01  0.70096106E+01  0.65157008E+01  0.60320289E+01  0.55707887E+01
  0.51225621E+01  0.47017928E+01  0.42959011E+01  0.39198757E+01  0.35598133E+01
  0.32299040E+01  0.29163676E+01  0.26317042E+01  0.23632414E+01  0.21213375E+01
  0.18949775E+01  0.16922853E+01  0.15041030E+01  0.13364773E+01  0.11820617E+01
  0.10451269E+01  0.91994586E+00  0.80936956E+00  0.70903309E+00  0.62071702E+00
  0.54115101E+00  0.47135169E+00  0.40889804E+00  0.35429154E+00  0.30575218E+00
  0.26345528E+00  0.22609591E+00  0.19365687E+00  0.16518231E+00  0.14055256E+00
  0.11906543E+00  0.10055811E+00  0.84511538E-01  0.70754358E-01  0.58901889E-01
  0.48793058E-01  0.40142169E-01  0.32808773E-01  0.26582477E-01  0.21348866E-01
  0.16953357E-01  0.13305578E-01  0.10297454E-01  0.78604559E-02  0.59033190E-02
  0.43510283E-02  0.31230713E-02  0.21677679E-02  0.14408932E-02  0.91193536E-03
  0.54423691E-03  0.30338652E-03  0.15315892E-03  0.64832692E-04  0.15251754E-04
 -0.11117776E-04  0.00000000E+00
  0.10000000E+01  0.27801904E+01  0.43349503E+01  0.56648305E+01  0.69013333E+01
  0.80490140E+01  0.91223548E+01  0.10096220E+02  0.10984788E+02  0.11754023E+02
  0.12430681E+02  0.12992279E+02  0.13456323E+02  0.13820000E+02  0.14086003E+02
  0.14266225E+02  0.14353321E+02  0.14367806E+02  0.14296605E+02  0.14165507E+02
  0.13958236E+02  0.13703459E+02  0.13383994E+02  0.13028627E+02  0.12621774E+02
  0.12189417E+02  0.11719822E+02  0.11233728E+02  0.10724746E+02  0.10206894E+02
  0.96796446E+01  0.91498963E+01  0.86225837E+01  0.80980354E+01  0.75855652E+01
  0.70801507E+01  0.65940304E+01  0.61183836E+01  0.56668532E+01  0.52284039E+01
  0.48167354E+01  0.44199894E+01  0.40508926E+01  0.36978373E+01  0.33719156E+01
  0.30624906E+01  0.27787041E+01  0.25112848E+01  0.22673875E+01  0.20392426E+01
  0.18321739E+01  0.16398685E+01  0.14660862E+01  0.13058186E+01  0.11615690E+01
  0.10294347E+01  0.91096244E+00  0.80314844E+00  0.70684983E+00  0.61976856E+00
  0.54229218E+00  0.47266582E+00  0.41097224E+00  0.35587225E+00  0.30726351E+00
  0.26411888E+00  0.22623924E+00  0.19282896E+00  0.16364760E+00  0.13807733E+00
  0.11587086E+00  0.96547375E-01  0.79876965E-01  0.65490913E-01  0.53194430E-01
  0.42705665E-01  0.33864851E-01  0.26472124E-01  0.20403379E-01  0.15471129E-01
  0.11510717E-01  0.83386810E-02  0.58397223E-02  0.39164850E-02  0.25031222E-02
  0.15126850E-02  0.85987052E-03  0.45041621E-03  0.20879213E-03  0.72481677E-04
 -0.14353898E-06  0.00000000E+00
  0.10000000E+01  0.28012804E+01  0.43989317E+01  0.57935386E+01  0.71005732E+01
  0.83210823E+01  0.94654764E+01  0.10511520E+02  0.11471839E+02  0.12317140E+02
  0.13072794E+02  0.13718217E+02  0.14270725E+02  0.14725966E+02  0.15088111E+02
  0.15364900E+02  0.15552003E+02  0.15664127E+02  0.15692153E+02  0.15655453E+02
  0.15541806E+02  0.15373873E+02  0.15137841E+02  0.14857738E+02  0.14520123E+02
  0.14148002E+02  0.13730323E+02  0.13286829E+02  0.12810417E+02  0.12315954E+02
  0.11801104E+02  0.11275075E+02  0.10740343E+02  0.10200479E+02  0.96621615E+01
  0.91239927E+01  0.85958110E+01  0.80723272E+01  0.75653008E+01  0.70667981E+01
  0.65892853E+01  0.61233902E+01  0.56812563E+01  0.52530941E+01  0.48499691E+01
  0.44624398E+01  0.41000310E+01  0.37541483E+01  0.34325783E+01  0.31278346E+01
  0.28459796E+01  0.25807079E+01  0.23365155E+01  0.21082260E+01  0.18990017E+01
  0.17046746E+01  0.15273315E+01  0.13636596E+01  0.12149251E+01  0.10785076E+01
  0.95508058E+00  0.84257224E+00  0.74124021E+00  0.64944821E+00  0.56717454E+00
  0.49311662E+00  0.42708722E+00  0.36803369E+00  0.31567748E+00  0.26916653E+00
  0.22818176E+00  0.19203231E+00  0.16040161E+00  0.13274266E+00  0.10877967E+00
  0.88081419E-01  0.70415380E-01  0.55477038E-01  0.43084453E-01  0.32916922E-01
  0.24671931E-01  0.18001691E-01  0.12692432E-01  0.85682112E-02  0.55128154E-02
  0.33577701E-02  0.19299372E-02  0.10305136E-02  0.49800197E-03  0.19655884E-03
  0.35599188E-04 -0.46129877E-04
    79
  0.10000000E+01  0.54654995E+00  0.57966904E+00  0.12469520E+00  0.15638185E-01
  0.14171792E-02  0.10268655E-03  0.63094349E-05  0.34082980E-06  0.16538815E-07
  0.72822501E-09  0.29384626E-10 -0.59210949E-13  0.12300030E-12 -0.11746279E-11
  0.13591330E-12 -0.13199025E-11  0.13169118E-12 -0.15986058E-11  0.98376695E-13
 -0.18665541E-11  0.94592513E-13 -0.20108226E-11  0.13508085E-12 -0.20753478E-11
  0.18164147E-12 -0.21913766E-11  0.19221402E-12 -0.24209948E-11  0.16821256E-12
 -0.26895926E-11  0.15275276E-12 -0.28728346E-11  0.00000000E+00  0.00000000E+00
  0.00000000E+00  0.00000000E+00  0.00000000E+00  0.00000000E+00  0.00000000E+00
  0.00000000E+00  0.00000000E+00  0.00000000E+00  0.00000000E+00  0.00000000E+00
  0.00000000E+00  0.00000000E+00  0.00000000E+00  0.00000000E+00  0.00000000E+00
  0.00000000E+00  0.00000000E+00  0.00000000E+00  0.00000000E+00  0.00000000E+00
  0.00000000E+00  0.00000000E+00  0.00000000E+00  0.00000000E+00  0.00000000E+00
  0.00000000E+00  0.00000000E+00  0.00000000E+00  0.00000000E+00  0.00000000E+00
  0.00000000E+00  0.00000000E+00  0.00000000E+00  0.00000000E+00  0.00000000E+00
  0.00000000E+00  0.00000000E+00  0.00000000E+00  0.00000000E+00  0.00000000E+00
  0.00000000E+00  0.00000000E+00  0.00000000E+00  0.00000000E+00  0.00000000E+00
  0.10000000E+01  0.11163244E+01  0.85217840E+00  0.31407314E+00  0.79463357E-01
  0.15012347E-01  0.23027808E-02  0.30149778E-03  0.34843120E-04  0.36296689E-05
  0.34508771E-06  0.30115828E-07  0.24142025E-08  0.17728088E-09  0.10836541E-10
  0.27163603E-12 -0.12308882E-11 -0.56791505E-12 -0.15555473E-11 -0.73224880E-12
 -0.18322606E-11 -0.83596170E-12 -0.19709849E-11 -0.84678135E-12 -0.20202076E-11
 -0.84473481E-12 -0.21257493E-11 -0.91637937E-12 -0.23565172E-11 -0.10589597E-11
 -0.26324905E-11 -0.11827030E-11 -0.28168013E-11  0.00000000E+00  0.00000000E+00
  0.00000000E+00  0.00000000E+00  0.00000000E+00  0.00000000E+00  0.00000000E+00
  0.00000000E+00  0.00000000E+00  0.00000000E+00  0.00000000E+00  0.00000000E+00
  0.00000000E+00  0.00000000E+00  0.00000000E+00  0.00000000E+00  0.00000000E+00
  0.00000000E+00  0.00000000E+00  0.00000000E+00  0.00000000E+00  0.00000000E+00
  0.00000000E+00  0.00000000E+00  0.00000000E+00  0.00000000E+00  0.00000000E+00
  0.00000000E+00  0.00000000E+00  0.00000000E+00  0.00000000E+00  0.00000000E+00
  0.00000000E+00  0.00000000E+00  0.00000000E+00  0.00000000E+00  0.00000000E+00
  0.00000000E+00  0.00000000E+00  0.00000000E+00  0.00000000E+00  0.00000000E+00
  0.00000000E+00  0.00000000E+00  0.00000000E+00  0.00000000E+00  0.00000000E+00
  0.10000000E+01  0.16258183E+01  0.13234673E+01  0.65685193E+00  0.25008780E+00
  0.74189525E-01  0.18525203E-01  0.39917229E-02  0.76750048E-03  0.13378068E-03
  0.21444841E-04  0.31786680E-05  0.43626603E-06  0.55336937E-07  0.64660125E-08
  0.69371856E-09  0.66629983E-10  0.51816567E-11 -0.16078641E-11 -0.12041935E-11
 -0.24709159E-11 -0.14126002E-11 -0.26699808E-11 -0.14456645E-11 -0.27614400E-11
 -0.14575214E-11 -0.29161840E-11 -0.15801088E-11 -0.32158189E-11 -0.18024819E-11
 -0.35657691E-11 -0.20041549E-11 -0.38169044E-11  0.00000000E+00  0.00000000E+00
  0.00000000E+00  0.00000000E+00  0.00000000E+00  0.00000000E+00  0.00000000E+00
  0.00000000E+00  0.00000000E+00  0.00000000E+00  0.00000000E+00  0.00000000E+00
  0.00000000E+00  0.00000000E+00  0.00000000E+00  0.00000000E+00  0.00000000E+00
  0.00000000E+00  0.00000000E+00  0.00000000E+00  0.00000000E+00  0.00000000E+00
  0.00000000E+00  0.00000000E+00  0.00000000E+00  0.00000000E+00  0.00000000E+00
  0.00000000E+00  0.00000000E+00  0.00000000E+00  0.00000000E+00  0.00000000E+00
  0.00000000E+00  0.00000000E+00  0.00000000E+00  0.00000000E+00  0.00000000E+00
  0.00000000E+00  0.00000000E+00  0.00000000E+00  0.00000000E+00  0.00000000E+00
  0.00000000E+00  0.00000000E+00  0.00000000E+00  0.00000000E+00  0.00000000E+00
  0.10000000E+01  0.19636915E+01  0.18352955E+01  0.11399195E+01  0.56817633E+00
  0.22882172E+00  0.80070891E-01  0.24420140E-01  0.67563022E-02  0.17012016E-02
  0.39887796E-03  0.87060738E-04  0.17854487E-04  0.34195125E-05  0.60938143E-06
  0.10043250E-06  0.15236933E-07  0.21223582E-08  0.26862972E-09  0.30229987E-10
  0.14462413E-13 -0.15382970E-11 -0.36827828E-11 -0.19358161E-11 -0.38795676E-11
 -0.19667129E-11 -0.41120508E-11 -0.21268046E-11 -0.45073525E-11 -0.24115195E-11
 -0.49648119E-11 -0.26746190E-11 -0.53124909E-11  0.00000000E+00  0.00000000E+00
  0.00000000E+00  0.00000000E+00  0.00000000E+00  0.00000000E+00  0.00000000E+00
  0.00000000E+00  0.00000000E+00  0.00000000E+00  0.00000000E+00  0.00000000E+00
  0.00000000E+00  0.00000000E+00  0.00000000E+00  0.00000000E+00  0.00000000E+00
  0.00000000E+00  0.00000000E+00  0.00000000E+00  0.00000000E+00  0.00000000E+00
  0.00000000E+00  0.00000000E+00  0.00000000E+00  0.00000000E+00  0.00000000E+00
  0.00000000E+00  0.00000000E+00  0.00000000E+00  0.00000000E+00  0.00000000E+00
  0.00000000E+00  0.00000000E+00  0.00000000E+00  0.00000000E+00  0.00000000E+00
  0.00000000E+00  0.00000000E+00  0.00000000E+00  0.00000000E+00  0.00000000E+00
  0.00000000E+00  0.00000000E+00  0.00000000E+00  0.00000000E+00  0.00000000E+00
  0.10000000E+01  0.21759823E+01  0.22853203E+01  0.16833228E+01  0.10174280E+01
  0.51204686E+00  0.22825484E+00  0.89757906E-01  0.32460495E-01  0.10720095E-01
  0.33335746E-02  0.96762195E-03  0.26813409E-03  0.70060017E-04  0.17471829E-04
  0.40784406E-05  0.89045813E-06  0.17974787E-06  0.33362476E-07  0.56805687E-08
  0.88336956E-09  0.12543293E-09  0.11769171E-10 -0.16212575E-12 -0.51651586E-11
 -0.22428703E-11 -0.57420013E-11 -0.24425048E-11 -0.62527267E-11 -0.27537090E-11
 -0.68457631E-11 -0.30841941E-11 -0.74014284E-11  0.00000000E+00  0.00000000E+00
  0.00000000E+00  0.00000000E+00  0.00000000E+00  0.00000000E+00  0.00000000E+00
  0.00000000E+00  0.00000000E+00  0.00000000E+00  0.00000000E+00  0.00000000E+00
  0.00000000E+00  0.00000000E+00  0.00000000E+00  0.00000000E+00  0.00000000E+00
  0.00000000E+00  0.00000000E+00  0.00000000E+00  0.00000000E+00  0.00000000E+00
  0.00000000E+00  0.00000000E+00  0.00000000E+00  0.00000000E+00  0.00000000E+00
  0.00000000E+00  0.00000000E+00  0.00000000E+00  0.00000000E+00  0.00000000E+00
  0.00000000E+00  0.00000000E+00  0.00000000E+00  0.00000000E+00  0.00000000E+00
  0.00000000E+00  0.00000000E+00  0.00000000E+00  0.00000000E+00  0.00000000E+00
  0.00000000E+00  0.00000000E+00  0.00000000E+00  0.00000000E+00  0.00000000E+00
  0.10000000E+01  0.23174520E+01  0.26519231E+01  0.22126013E+01  0.15406343E+01
  0.91559520E+00  0.48774940E+00  0.23236624E+00  0.10268456E+00  0.41689797E-01
  0.16051295E-01  0.57797534E-02  0.20032662E-02  0.65685474E-03  0.20908324E-03
  0.63145746E-04  0.18436010E-04  0.50309054E-05  0.12967411E-05  0.30784870E-06
  0.67119857E-07  0.13400981E-07  0.24454040E-08  0.41014627E-09  0.56591624E-10
  0.69993070E-11 -0.65959328E-11 -0.21738849E-11 -0.84520548E-11 -0.26466758E-11
 -0.92938978E-11 -0.31678328E-11 -0.10382253E-10  0.00000000E+00  0.00000000E+00
  0.00000000E+00  0.00000000E+00  0.00000000E+00  0.00000000E+00  0.00000000E+00
  0.00000000E+00  0.00000000E+00  0.00000000E+00  0.00000000E+00  0.00000000E+00
  0.00000000E+00  0.00000000E+00  0.00000000E+00  0.00000000E+00  0.00000000E+00
  0.00000000E+00  0.00000000E+00  0.00000000E+00  0.00000000E+00  0.00000000E+00
  0.00000000E+00  0.00000000E+00  0.00000000E+00  0.00000000E+00  0.00000000E+00
  0.00000000E+00  0.00000000E+00  0.00000000E+00  0.00000000E+00  0.00000000E+00
  0.00000000E+00  0.00000000E+00  0.00000000E+00  0.00000000E+00  0.00000000E+00
  0.00000000E+00  0.00000000E+00  0.00000000E+00  0.00000000E+00  0.00000000E+00
  0.00000000E+00  0.00000000E+00  0.00000000E+00  0.00000000E+00  0.00000000E+00
  0.10000000E+01  0.24175804E+01  0.29434496E+01  0.26880751E+01  0.20789805E+01
  0.13998267E+01  0.85259030E+00  0.47054508E+00  0.24222833E+00  0.11546221E+00
  0.52397933E-01  0.22329747E-01  0.91947591E-02  0.35888574E-02  0.13681617E-02
  0.49715135E-03  0.17756809E-03  0.60385925E-04  0.20094524E-04  0.62501703E-05
  0.18621294E-05  0.50609943E-06  0.12697534E-06  0.29136187E-07  0.61066757E-08
  0.11765896E-08  0.19891427E-09  0.32894033E-10 -0.57781323E-11 -0.11433927E-11
 -0.12304031E-10 -0.30105915E-11 -0.14621215E-10  0.00000000E+00  0.00000000E+00
  0.00000000E+00  0.00000000E+00  0.00000000E+00  0.00000000E+00  0.00000000E+00
  0.00000000E+00  0.00000000E+00  0.00000000E+00  0.00000000E+00  0.00000000E+00
  0.00000000E+00  0.00000000E+00  0.00000000E+00  0.00000000E+00  0.00000000E+00
  0.00000000E+00  0.00000000E+00  0.00000000E+00  0.00000000E+00  0.00000000E+00
  0.00000000E+00  0.00000000E+00  0.00000000E+00  0.00000000E+00  0.00000000E+00
  0.00000000E+00  0.00000000E+00  0.00000000E+00  0.00000000E+00  0.00000000E+00
  0.00000000E+00  0.00000000E+00  0.00000000E+00  0.00000000E+00  0.00000000E+00
  0.00000000E+00  0.00000000E+00  0.00000000E+00  0.00000000E+00  0.00000000E+00
  0.00000000E+00  0.00000000E+00  0.00000000E+00  0.00000000E+00  0.00000000E+00
  0.10000000E+01  0.24913086E+01  0.31741620E+01  0.30973927E+01  0.25920603E+01
  0.19182990E+01  0.12944364E+01  0.80065309E+00  0.46394063E+00  0.25092995E+00
  0.12951161E+00  0.63109107E-01  0.29759600E-01  0.13347481E-01  0.58575566E-02
  0.24561052E-02  0.10164927E-02  0.40272864E-03  0.15838195E-03  0.59434107E-04
  0.22073846E-04  0.76750632E-05  0.25900608E-05  0.78986197E-06  0.22660136E-06
  0.59105765E-07  0.14068933E-07  0.30721303E-08  0.60236420E-09  0.11398465E-09
  0.33748114E-11  0.52390672E-12 -0.19659394E-10  0.00000000E+00  0.00000000E+00
  0.00000000E+00  0.00000000E+00  0.00000000E+00  0.00000000E+00  0.00000000E+00
  0.00000000E+00  0.00000000E+00  0.00000000E+00  0.00000000E+00  0.00000000E+00
  0.00000000E+00  0.00000000E+00  0.00000000E+00  0.00000000E+00  0.00000000E+00
  0.00000000E+00  0.00000000E+00  0.00000000E+00  0.00000000E+00  0.00000000E+00
  0.00000000E+00  0.00000000E+00  0.00000000E+00  0.00000000E+00  0.00000000E+00
  0.00000000E+00  0.00000000E+00  0.00000000E+00  0.00000000E+00  0.00000000E+00
  0.00000000E+00  0.00000000E+00  0.00000000E+00  0.00000000E+00  0.00000000E+00
  0.00000000E+00  0.00000000E+00  0.00000000E+00  0.00000000E+00  0.00000000E+00
  0.00000000E+00  0.00000000E+00  0.00000000E+00  0.00000000E+00  0.00000000E+00
  0.10000000E+01  0.25470288E+01  0.33572659E+01  0.34423221E+01  0.30587831E+01
  0.24335767E+01  0.17781068E+01  0.12024857E+01  0.76487877E+00  0.45747585E+00
  0.26157355E+00  0.14199241E+00  0.74635306E-01  0.37470922E-01  0.18409618E-01
  0.86694746E-02  0.40312681E-02  0.17995481E-02  0.79927163E-03  0.34064481E-03
  0.14524119E-03  0.59146091E-04  0.24065634E-04  0.91805889E-05  0.34395939E-05
  0.11619135E-05  0.37771320E-06  0.10951481E-06  0.29134787E-07  0.70973584E-08
  0.15635835E-08  0.32512876E-09  0.36501630E-10  0.00000000E+00  0.00000000E+00
  0.00000000E+00  0.00000000E+00  0.00000000E+00  0.00000000E+00  0.00000000E+00
  0.00000000E+00  0.00000000E+00  0.00000000E+00  0.00000000E+00  0.00000000E+00
  0.00000000E+00  0.00000000E+00  0.00000000E+00  0.00000000E+00  0.00000000E+00
  0.00000000E+00  0.00000000E+00  0.00000000E+00  0.00000000E+00  0.00000000E+00
  0.00000000E+00  0.00000000E+00  0.00000000E+00  0.00000000E+00  0.00000000E+00
  0.00000000E+00  0.00000000E+00  0.00000000E+00  0.00000000E+00  0.00000000E+00
  0.00000000E+00  0.00000000E+00  0.00000000E+00  0.00000000E+00  0.00000000E+00
  0.00000000E+00  0.00000000E+00  0.00000000E+00  0.00000000E+00  0.00000000E+00
  0.00000000E+00  0.00000000E+00  0.00000000E+00  0.00000000E+00  0.00000000E+00
  0.10000000E+01  0.25899361E+01  0.35034282E+01  0.37301326E+01  0.34715347E+01
  0.29213818E+01  0.22723973E+01  0.16492352E+01  0.11301965E+01  0.73294508E+00
  0.45521147E+00  0.26980790E+00  0.15490768E+00  0.85317458E-01  0.45964073E-01
  0.23822452E-01  0.12182024E-01  0.59993460E-02  0.29379431E-02  0.13850153E-02
  0.65383490E-03  0.29653400E-03  0.13541780E-03  0.59091141E-04  0.25976557E-04
  0.10731385E-04  0.44055864E-05  0.16357626E-05  0.59309661E-06  0.18746154E-06
  0.55728750E-07  0.15077837E-07  0.37016127E-08  0.00000000E+00  0.00000000E+00
  0.00000000E+00  0.00000000E+00  0.00000000E+00  0.00000000E+00  0.00000000E+00
  0.00000000E+00  0.00000000E+00  0.00000000E+00  0.00000000E+00  0.00000000E+00
  0.00000000E+00  0.00000000E+00  0.00000000E+00  0.00000000E+00  0.00000000E+00
  0.00000000E+00  0.00000000E+00  0.00000000E+00  0.00000000E+00  0.00000000E+00
  0.00000000E+00  0.00000000E+00  0.00000000E+00  0.00000000E+00  0.00000000E+00
  0.00000000E+00  0.00000000E+00  0.00000000E+00  0.00000000E+00  0.00000000E+00
  0.00000000E+00  0.00000000E+00  0.00000000E+00  0.00000000E+00  0.00000000E+00
  0.00000000E+00  0.00000000E+00  0.00000000E+00  0.00000000E+00  0.00000000E+00
  0.00000000E+00  0.00000000E+00  0.00000000E+00  0.00000000E+00  0.00000000E+00
  0.10000000E+01  0.26234498E+01  0.36208623E+01  0.39693515E+01  0.38304102E+01
  0.33687032E+01  0.27542975E+01  0.21152247E+01  0.15395924E+01  0.10663053E+01
  0.70861147E+00  0.45147556E+00  0.27877723E+00  0.16579697E+00  0.96407980E-01
  0.54127964E-01  0.29952170E-01  0.16016062E-01  0.85041660E-02  0.43609715E-02
  0.22364612E-02  0.11057416E-02  0.55036447E-03  0.26328096E-03  0.12749572E-03
  0.58993606E-04  0.27680108E-04  0.12226874E-04  0.54190922E-05  0.21800253E-05
  0.86376752E-06  0.29574136E-06  0.98623239E-07  0.00000000E+00  0.00000000E+00
  0.00000000E+00  0.00000000E+00  0.00000000E+00  0.00000000E+00  0.00000000E+00
  0.00000000E+00  0.00000000E+00  0.00000000E+00  0.00000000E+00  0.00000000E+00
  0.00000000E+00  0.00000000E+00  0.00000000E+00  0.00000000E+00  0.00000000E+00
  0.00000000E+00  0.00000000E+00  0.00000000E+00  0.00000000E+00  0.00000000E+00
  0.00000000E+00  0.00000000E+00  0.00000000E+00  0.00000000E+00  0.00000000E+00
  0.00000000E+00  0.00000000E+00  0.00000000E+00  0.00000000E+00  0.00000000E+00
  0.00000000E+00  0.00000000E+00  0.00000000E+00  0.00000000E+00  0.00000000E+00
  0.00000000E+00  0.00000000E+00  0.00000000E+00  0.00000000E+00  0.00000000E+00
  0.00000000E+00  0.00000000E+00  0.00000000E+00  0.00000000E+00  0.00000000E+00
  0.10000000E+01  0.26499090E+01  0.37157905E+01  0.41680065E+01  0.41392768E+01
  0.37703702E+01  0.32090547E+01  0.25797574E+01  0.19726069E+01  0.14419660E+01
  0.10134356E+01  0.68560553E+00  0.44984268E+00  0.28530200E+00  0.17686713E+00
  0.10622592E+00  0.62816832E-01  0.36013781E-01  0.20471480E-01  0.11275089E-01
  0.61989455E-02  0.32966677E-02  0.17616829E-02  0.90821577E-03  0.47347088E-03
  0.23723729E-03  0.12087015E-03  0.58843540E-04  0.29209421E-04  0.13682826E-04
  0.64904189E-05  0.28143488E-05  0.12132340E-05  0.45510884E-06  0.00000000E+00
  0.00000000E+00  0.00000000E+00  0.00000000E+00  0.00000000E+00  0.00000000E+00
  0.00000000E+00  0.00000000E+00  0.00000000E+00  0.00000000E+00  0.00000000E+00
  0.00000000E+00  0.00000000E+00  0.00000000E+00  0.00000000E+00  0.00000000E+00
  0.00000000E+00  0.00000000E+00  0.00000000E+00  0.00000000E+00  0.00000000E+00
  0.00000000E+00  0.00000000E+00  0.00000000E+00  0.00000000E+00  0.00000000E+00
  0.00000000E+00  0.00000000E+00  0.00000000E+00  0.00000000E+00  0.00000000E+00
  0.00000000E+00  0.00000000E+00  0.00000000E+00  0.00000000E+00  0.00000000E+00
  0.00000000E+00  0.00000000E+00  0.00000000E+00  0.00000000E+00  0.00000000E+00
  0.00000000E+00  0.00000000E+00  0.00000000E+00  0.00000000E+00  0.00000000E+00
  0.10000000E+01  0.26709601E+01  0.37929176E+01  0.43330498E+01  0.44034817E+01
  0.41260352E+01  0.36285499E+01  0.30280599E+01  0.24116716E+01  0.18435436E+01
  0.13577429E+01  0.96587001E+00  0.66699996E+00  0.44663954E+00  0.29232947E+00
  0.18592624E+00  0.11634015E+00  0.70790558E-01  0.42649001E-01  0.24973102E-01
  0.14570074E-01  0.82490394E-02  0.46826939E-02  0.25732363E-02  0.14266362E-02
  0.76319596E-03  0.41439744E-03  0.21622307E-03  0.11512557E-03  0.58567211E-04
  0.30502422E-04  0.15018471E-04  0.75396618E-05  0.34840250E-05  0.16134361E-05
  0.65601029E-06  0.00000000E+00  0.00000000E+00  0.00000000E+00  0.00000000E+00
  0.00000000E+00  0.00000000E+00  0.00000000E+00  0.00000000E+00  0.00000000E+00
  0.00000000E+00  0.00000000E+00  0.00000000E+00  0.00000000E+00  0.00000000E+00
  0.00000000E+00  0.00000000E+00  0.00000000E+00  0.00000000E+00  0.00000000E+00
  0.00000000E+00  0.00000000E+00  0.00000000E+00  0.00000000E+00  0.00000000E+00
  0.00000000E+00  0.00000000E+00  0.00000000E+00  0.00000000E+00  0.00000000E+00
  0.00000000E+00  0.00000000E+00  0.00000000E+00  0.00000000E+00  0.00000000E+00
  0.00000000E+00  0.00000000E+00  0.00000000E+00  0.00000000E+00  0.00000000E+00
  0.00000000E+00  0.00000000E+00  0.00000000E+00  0.00000000E+00  0.00000000E+00
  0.10000000E+01  0.26877906E+01  0.38558213E+01  0.44702845E+01  0.46286491E+01
  0.44380294E+01  0.40093878E+01  0.34507075E+01  0.28432705E+01  0.22562804E+01
  0.17286247E+01  0.12830440E+01  0.92544964E+00  0.64904629E+00  0.44500804E+00
  0.29727863E+00  0.19527591E+00  0.12507146E+00  0.79224371E-01  0.48911320E-01
  0.30037623E-01  0.17954329E-01  0.10737847E-01  0.62365848E-02  0.36456539E-02
  0.20635479E-02  0.11824664E-02  0.65378234E-03  0.36800673E-03  0.19902527E-03
  0.11013395E-03  0.58236210E-04  0.31615373E-04  0.16254612E-04  0.85638812E-05
  0.41822421E-05  0.20611903E-05  0.90149045E-06  0.00000000E+00  0.00000000E+00
  0.00000000E+00  0.00000000E+00  0.00000000E+00  0.00000000E+00  0.00000000E+00
  0.00000000E+00  0.00000000E+00  0.00000000E+00  0.00000000E+00  0.00000000E+00
  0.00000000E+00  0.00000000E+00  0.00000000E+00  0.00000000E+00  0.00000000E+00
  0.00000000E+00  0.00000000E+00  0.00000000E+00  0.00000000E+00  0.00000000E+00
  0.00000000E+00  0.00000000E+00  0.00000000E+00  0.00000000E+00  0.00000000E+00
  0.00000000E+00  0.00000000E+00  0.00000000E+00  0.00000000E+00  0.00000000E+00
  0.00000000E+00  0.00000000E+00  0.00000000E+00  0.00000000E+00  0.00000000E+00
  0.00000000E+00  0.00000000E+00  0.00000000E+00  0.00000000E+00  0.00000000E+00
  0.10000000E+01  0.27012757E+01  0.39072490E+01  0.45844796E+01  0.48201099E+01
  0.47099964E+01  0.43512733E+01  0.38425065E+01  0.32579389E+01  0.26681960E+01
  0.21140296E+01  0.16269077E+01  0.12181295E+01  0.88892979E+00  0.63442182E+00
  0.44217638E+00  0.30295165E+00  0.20286249E+00  0.13422563E+00  0.86777040E-01
  0.55727354E-01  0.34926085E-01  0.21860733E-01  0.13327065E-01  0.81586361E-02
  0.48518392E-02  0.29134127E-02  0.16940303E-02  0.10000116E-02  0.56954660E-03
  0.33102262E-03  0.18484957E-03  0.10581687E-03  0.57904953E-04  0.32586936E-04
  0.17398289E-04  0.95479067E-05  0.48887639E-05  0.25411212E-05  0.11865570E-05
  0.55381293E-06  0.00000000E+00  0.00000000E+00  0.00000000E+00  0.00000000E+00
  0.00000000E+00  0.00000000E+00  0.00000000E+00  0.00000000E+00  0.00000000E+00
  0.00000000E+00  0.00000000E+00  0.00000000E+00  0.00000000E+00  0.00000000E+00
  0.00000000E+00  0.00000000E+00  0.00000000E+00  0.00000000E+00  0.00000000E+00
  0.00000000E+00  0.00000000E+00  0.00000000E+00  0.00000000E+00  0.00000000E+00
  0.00000000E+00  0.00000000E+00  0.00000000E+00  0.00000000E+00  0.00000000E+00
  0.00000000E+00  0.00000000E+00  0.00000000E+00  0.00000000E+00  0.00000000E+00
  0.00000000E+00  0.00000000E+00  0.00000000E+00  0.00000000E+00  0.00000000E+00
  0.10000000E+01  0.27328944E+01  0.40347794E+01  0.48791888E+01  0.53366694E+01
  0.54799802E+01  0.53743843E+01  0.50866832E+01  0.46655014E+01  0.41689766E+01
  0.36302436E+01  0.30937797E+01  0.25778271E+01  0.21079377E+01  0.16901534E+01
  0.13322613E+01  0.10327904E+01  0.78783868E+00  0.59294776E+00  0.43922264E+00
  0.32211458E+00  0.23238794E+00  0.16660142E+00  0.11736587E+00  0.82481202E-01
  0.56866844E-01  0.39269817E-01  0.26549937E-01  0.18052291E-01  0.11989313E-01
  0.80402682E-02  0.52535967E-02  0.34796926E-02  0.22399048E-02  0.14668267E-02
  0.93119284E-03  0.60330656E-03  0.37798296E-03  0.24230086E-03  0.14981723E-03
  0.94942558E-04  0.57863025E-04  0.36164779E-04  0.21653381E-04  0.13285949E-04
  0.77651538E-05  0.46356580E-05  0.26003078E-05  0.14681783E-05  0.75441441E-06
  0.00000000E+00  0.00000000E+00  0.00000000E+00  0.00000000E+00  0.00000000E+00
  0.00000000E+00  0.00000000E+00  0.00000000E+00  0.00000000E+00  0.00000000E+00
  0.00000000E+00  0.00000000E+00  0.00000000E+00  0.00000000E+00  0.00000000E+00
  0.00000000E+00  0.00000000E+00  0.00000000E+00  0.00000000E+00  0.00000000E+00
  0.00000000E+00  0.00000000E+00  0.00000000E+00  0.00000000E+00  0.00000000E+00
  0.00000000E+00  0.00000000E+00  0.00000000E+00  0.00000000E+00  0.00000000E+00
  0.10000000E+01  0.27442601E+01  0.40901916E+01  0.50201230E+01  0.56061805E+01
  0.59150961E+01  0.60012632E+01  0.59111959E+01  0.56794797E+01  0.53449536E+01
  0.49291658E+01  0.44700655E+01  0.39804546E+01  0.34933198E+01  0.30150511E+01
  0.25684891E+01  0.21554202E+01  0.17869745E+01  0.14622177E+01  0.11825725E+01
  0.94604313E+00  0.74798985E+00  0.58643649E+00  0.45418146E+00  0.34973926E+00
  0.26579663E+00  0.20141598E+00  0.15045066E+00  0.11238337E+00  0.82628539E-01
  0.60930521E-01  0.44153683E-01  0.32181647E-01  0.23012904E-01  0.16595973E-01
  0.11724116E-01  0.83728904E-02  0.58493469E-02  0.41396722E-02  0.28625026E-02
  0.20085910E-02  0.13757903E-02  0.95746327E-03  0.64998859E-03  0.44866116E-03
  0.30193613E-03  0.20663152E-03  0.13779253E-03  0.93381204E-04  0.61609065E-04
  0.41238835E-04  0.26823860E-04  0.17647383E-04  0.11244331E-04  0.72163285E-05
  0.44661676E-05  0.27696529E-05  0.16399413E-05  0.95732380E-06  0.00000000E+00
  0.00000000E+00  0.00000000E+00  0.00000000E+00  0.00000000E+00  0.00000000E+00
  0.00000000E+00  0.00000000E+00  0.00000000E+00  0.00000000E+00  0.00000000E+00
  0.00000000E+00  0.00000000E+00  0.00000000E+00  0.00000000E+00  0.00000000E+00
  0.00000000E+00  0.00000000E+00  0.00000000E+00  0.00000000E+00  0.00000000E+00
  0.10000000E+01  0.27469822E+01  0.41143040E+01  0.50924858E+01  0.57614722E+01
  0.61874740E+01  0.64217138E+01  0.64970256E+01  0.64418609E+01  0.62779775E+01
  0.60194584E+01  0.56925673E+01  0.53033657E+01  0.48823101E+01  0.44314336E+01
  0.39795826E+01  0.35267205E+01  0.30950012E+01  0.26834412E+01  0.23052425E+01
  0.19592890E+01  0.16503013E+01  0.13775469E+01  0.11394012E+01  0.93569448E+00
  0.76107902E+00  0.61586626E+00  0.49326592E+00  0.39386690E+00  0.31100895E+00
  0.24535373E+00  0.19122049E+00  0.14920226E+00  0.11489187E+00  0.88747505E-01
  0.67587064E-01  0.51725168E-01  0.38993702E-01  0.29586736E-01  0.22097221E-01
  0.16632241E-01  0.12316102E-01  0.92002999E-02  0.67594152E-02  0.50132647E-02
  0.36566156E-02  0.26934154E-02  0.19513550E-02  0.14277755E-02  0.10278537E-02
  0.74711090E-03  0.53453488E-03  0.38592707E-03  0.27439174E-03  0.19668993E-03
  0.13889136E-03  0.98748988E-04  0.69161143E-04  0.48672799E-04  0.33715889E-04
  0.23394758E-04  0.15941419E-04  0.10824133E-04  0.71823189E-05  0.47121487E-05
  0.30023506E-05  0.18717461E-05  0.11196209E-05  0.63540320E-06  0.00000000E+00
  0.00000000E+00  0.00000000E+00  0.00000000E+00  0.00000000E+00  0.00000000E+00
  0.00000000E+00  0.00000000E+00  0.00000000E+00  0.00000000E+00  0.00000000E+00
  0.10000000E+01  0.27477881E+01  0.41306253E+01  0.51461906E+01  0.58834759E+01
  0.64088643E+01  0.67720665E+01  0.69951379E+01  0.71037202E+01  0.71054266E+01
  0.70105807E+01  0.68340041E+01  0.65772763E+01  0.62646947E+01  0.58941085E+01
  0.54943269E+01  0.50620082E+01  0.46246930E+01  0.41790913E+01  0.37471498E+01
  0.33263961E+01  0.29310687E+01  0.25599435E+01  0.22195318E+01  0.19099238E+01
  0.16313233E+01  0.13848910E+01  0.11665761E+01  0.97819779E+00  0.81347724E+00
  0.67446471E+00  0.55426336E+00  0.45481867E+00  0.36967650E+00  0.30047540E+00
  0.24175802E+00  0.19477896E+00  0.15525253E+00  0.12406226E+00  0.98032939E-01
  0.77739093E-01  0.60938558E-01  0.47975212E-01  0.37328971E-01  0.29186699E-01
  0.22553481E-01  0.17518192E-01  0.13449328E-01  0.10379985E-01  0.79199611E-02
  0.60739960E-02  0.46066029E-02  0.35103889E-02  0.26461407E-02  0.20030007E-02
  0.15001268E-02  0.11272340E-02  0.83809117E-03  0.62443641E-03  0.46018166E-03
  0.33927353E-03  0.24715118E-03  0.17965140E-03  0.12873391E-03  0.91659533E-04
  0.64030854E-04  0.44138482E-04  0.29648389E-04  0.19513190E-04  0.12428569E-04
  0.76721756E-05  0.45004053E-05  0.24711653E-05  0.12117630E-05  0.46749335E-06
  0.00000000E+00  0.00000000E+00  0.00000000E+00  0.00000000E+00  0.00000000E+00
  0.10000000E+01  0.27507478E+01  0.41528592E+01  0.52099028E+01  0.60182787E+01
  0.66430791E+01  0.71315584E+01  0.74963738E+01  0.77611360E+01  0.79220043E+01
  0.79877310E+01  0.79635844E+01  0.78491495E+01  0.76620791E+01  0.73979864E+01
  0.70825879E+01  0.67102055E+01  0.63093160E+01  0.58742658E+01  0.54315892E+01
  0.49766110E+01  0.45305275E+01  0.40903462E+01  0.36702257E+01  0.32691621E+01
  0.28941922E+01  0.25461722E+01  0.22261041E+01  0.19362532E+01  0.16732707E+01
  0.14402365E+01  0.12312247E+01  0.10495583E+01  0.88825547E+00  0.75044224E+00
  0.62918919E+00  0.52715594E+00  0.43814408E+00  0.36423663E+00  0.30028370E+00
  0.24779998E+00  0.20274434E+00  0.16614193E+00  0.13496572E+00  0.10985906E+00
  0.88641266E-01  0.71681928E-01  0.57461474E-01  0.46168048E-01  0.36772654E-01
  0.29352609E-01  0.23228158E-01  0.18415100E-01  0.14473900E-01  0.11390595E-01
  0.88860606E-02  0.69353542E-02  0.53638723E-02  0.41455327E-02  0.31725379E-02
  0.24220998E-02  0.18283049E-02  0.13731784E-02  0.10168503E-02  0.74600010E-03
  0.53670990E-03  0.37991417E-03  0.26190731E-03  0.17664597E-03  0.11542517E-03
  0.73286334E-04  0.44488580E-04  0.25739058E-04  0.13817356E-04  0.67651851E-05
  0.27766960E-05  0.70907945E-06  0.00000000E+00  0.00000000E+00  0.00000000E+00
  0.10000000E+01  0.27576591E+01  0.41866575E+01  0.52949881E+01  0.61832364E+01
  0.69130564E+01  0.75275346E+01  0.80310727E+01  0.84450058E+01  0.87567273E+01
  0.89745150E+01  0.90964453E+01  0.91219233E+01  0.90628046E+01  0.89144481E+01
  0.86983168E+01  0.84081113E+01  0.80703985E+01  0.76783113E+01  0.72593455E+01
  0.68070873E+01  0.63463412E+01  0.58721625E+01  0.54040952E+01  0.49393630E+01
  0.44910121E+01  0.40586410E+01  0.36488116E+01  0.32632392E+01  0.29029323E+01
  0.25711561E+01  0.22647909E+01  0.19879665E+01  0.17349699E+01  0.15101546E+01
  0.13065826E+01  0.11283366E+01  0.96830701E+00  0.82999643E+00  0.70682305E+00
  0.60157396E+00  0.50857567E+00  0.42989846E+00  0.36091230E+00  0.30305395E+00
  0.25270817E+00  0.21080170E+00  0.17461324E+00  0.14469035E+00  0.11904679E+00
  0.97968269E-01  0.80042702E-01  0.65387911E-01  0.53022328E-01  0.42965533E-01
  0.34547533E-01  0.27737525E-01  0.22084880E-01  0.17537863E-01  0.13797385E-01
  0.10807735E-01  0.83720066E-02  0.64398936E-02  0.48833480E-02  0.36607769E-02
  0.26895718E-02  0.19395639E-02  0.13611834E-02  0.93289961E-03  0.61946356E-03
  0.39944751E-03  0.24657959E-03  0.14539301E-03  0.80127742E-04  0.41105656E-04
  0.18782367E-04  0.72230177E-05  0.14761968E-05 -0.10897030E-05  0.00000000E+00
  0.10000000E+01  0.27684172E+01  0.42313205E+01  0.53996154E+01  0.63744381E+01
  0.72121331E+01  0.79501919E+01  0.85861454E+01  0.91386653E+01  0.95890892E+01
  0.99457052E+01  0.10201756E+02  0.10357516E+02  0.10420348E+02  0.10386694E+02
  0.10273678E+02  0.10075804E+02  0.98162464E+01  0.94882350E+01  0.91177075E+01
  0.86975234E+01  0.82531487E+01  0.77782720E+01  0.72951168E+01  0.67992431E+01
  0.63077656E+01  0.58186982E+01  0.53432416E+01  0.48819216E+01  0.44401757E+01
  0.40206699E+01  0.36239234E+01  0.32541100E+01  0.29080539E+01  0.25907225E+01
  0.22965576E+01  0.20306693E+01  0.17863045E+01  0.15682171E+01  0.13693989E+01
  0.11939342E+01  0.10352108E+01  0.89650335E+00  0.77197838E+00  0.66409589E+00
  0.56796740E+00  0.48532274E+00  0.41223039E+00  0.34982130E+00  0.29503806E+00
  0.24855542E+00  0.20806221E+00  0.17390772E+00  0.14438627E+00  0.11963209E+00
  0.98409088E-01  0.80722470E-01  0.65689061E-01  0.53243431E-01  0.42763250E-01
  0.34151406E-01  0.26971985E-01  0.21123229E-01  0.16304415E-01  0.12421936E-01
  0.92699659E-02  0.67778805E-02  0.48194954E-02  0.33418434E-02  0.22448170E-02
  0.14631201E-02  0.91322327E-03  0.54440760E-03  0.30400175E-03  0.15884980E-03
  0.75185070E-04  0.31670020E-04  0.99199815E-05  0.28932325E-06  0.00000000E+00
  0.10000000E+01  0.27817822E+01  0.42826183E+01  0.55149626E+01  0.65773612E+01
  0.75197283E+01  0.83732667E+01  0.91302388E+01  0.98065014E+01  0.10379841E+02
  0.10858737E+02  0.11233650E+02  0.11506160E+02  0.11680442E+02  0.11754641E+02
  0.11741987E+02  0.11638572E+02  0.11463685E+02  0.11211561E+02  0.10905190E+02
  0.10537640E+02  0.10133000E+02  0.96844052E+01  0.92144725E+01  0.87176516E+01
  0.82130253E+01  0.76972320E+01  0.71845423E+01  0.66741499E+01  0.61750666E+01
  0.56889315E+01  0.52197685E+01  0.47711986E+01  0.43430394E+01  0.39402362E+01
  0.35594528E+01  0.32062619E+01  0.28752820E+01  0.25720964E+01  0.22902795E+01
  0.20349616E+01  0.17994728E+01  0.15882024E+01  0.13948033E+01  0.12227965E+01
  0.10665053E+01  0.92858298E+00  0.80418675E+00  0.69519121E+00  0.59761550E+00
  0.51268856E+00  0.43723827E+00  0.37198980E+00  0.31448045E+00  0.26507032E+00
  0.22188128E+00  0.18503085E+00  0.15310565E+00  0.12606829E+00  0.10287100E+00
  0.83387550E-01  0.66843553E-01  0.53079100E-01  0.41533114E-01  0.32040991E-01
  0.24199414E-01  0.17882602E-01  0.12843698E-01  0.89854985E-02  0.60890057E-02
  0.40008479E-02  0.25176443E-02  0.15123859E-02  0.85169349E-03  0.44953419E-03
  0.21639151E-03  0.94552290E-04  0.33437317E-04  0.64089379E-05 -0.55774985E-05
  0.10000000E+01  0.27962178E+01  0.43356082E+01  0.56310927E+01  0.67764312E+01
  0.78147920E+01  0.87711294E+01  0.96340371E+01  0.10416699E+02  0.11095409E+02
  0.11678873E+02  0.12156354E+02  0.12530770E+02  0.12804202E+02  0.12976564E+02
  0.13057843E+02  0.13045927E+02  0.12956330E+02  0.12784708E+02  0.12550587E+02
  0.12247844E+02  0.11898076E+02  0.11494552E+02  0.11058742E+02  0.10584625E+02
  0.10091555E+02  0.95752598E+01  0.90515163E+01  0.85183941E+01  0.79872792E+01
  0.74587177E+01  0.69395278E+01  0.64324791E+01  0.59401779E+01  0.54670965E+01
  0.50123507E+01  0.45814677E+01  0.41709766E+01  0.37868121E+01  0.34238392E+01
  0.30878487E+01  0.27728645E+01  0.24841291E+01  0.22154833E+01  0.19713743E+01
  0.17459325E+01  0.15427077E+01  0.13564097E+01  0.11897095E+01  0.10380344E+01
  0.90326756E+00  0.78159162E+00  0.67422334E+00  0.57806661E+00  0.49381728E+00
  0.41900625E+00  0.35395630E+00  0.29672183E+00  0.24735918E+00  0.20436116E+00
  0.16760819E+00  0.13593161E+00  0.10912715E+00  0.86312432E-01  0.67248069E-01
  0.51273065E-01  0.38208269E-01  0.27659200E-01  0.19486696E-01  0.13296533E-01
  0.87922895E-02  0.55681316E-02  0.33643613E-02  0.19062708E-02  0.10127928E-02
  0.49240981E-03  0.21929849E-03  0.81926167E-04  0.21127266E-04 -0.58693576E-05
    72
  0.10000000E+01  0.44200389E+00  0.55236752E+00  0.10149449E+00  0.10552996E-01
  0.78803523E-03  0.46976674E-04  0.23726978E-05  0.10525734E-06  0.41895986E-08
  0.15020653E-09  0.51422317E-11 -0.10523877E-11  0.23697652E-12 -0.12506784E-11
  0.29599113E-12 -0.14059771E-11  0.31525197E-12 -0.16943583E-11  0.31254867E-12
 -0.19717754E-11  0.33311629E-12 -0.21254545E-11  0.39103919E-12 -0.21991445E-11
  0.45258817E-12 -0.23271563E-11  0.48323941E-12 -0.25674396E-11  0.48752547E-12
 -0.28433041E-11  0.49780940E-12 -0.30374898E-11  0.00000000E+00  0.00000000E+00
  0.00000000E+00  0.00000000E+00  0.00000000E+00  0.00000000E+00  0.00000000E+00
  0.00000000E+00  0.00000000E+00  0.00000000E+00  0.00000000E+00  0.00000000E+00
  0.00000000E+00  0.00000000E+00  0.00000000E+00  0.00000000E+00  0.00000000E+00
  0.00000000E+00  0.00000000E+00  0.00000000E+00  0.00000000E+00  0.00000000E+00
  0.00000000E+00  0.00000000E+00  0.00000000E+00  0.00000000E+00  0.00000000E+00
  0.00000000E+00  0.00000000E+00  0.00000000E+00  0.00000000E+00  0.00000000E+00
  0.00000000E+00  0.00000000E+00  0.00000000E+00  0.00000000E+00  0.00000000E+00
  0.00000000E+00  0.00000000E+00  0.00000000E+00
  0.10000000E+01  0.92831619E+00  0.74060478E+00  0.24595155E+00  0.52885127E-01
  0.83879591E-02  0.10716403E-02  0.11648632E-03  0.11154031E-04  0.96121316E-06
  0.75457537E-07  0.54247409E-08  0.35643724E-09  0.21191955E-10  0.13167877E-12
 -0.29123192E-12 -0.11768877E-11 -0.43249356E-12 -0.14470225E-11 -0.56288162E-12
 -0.17062224E-11 -0.64410414E-12 -0.18336260E-11 -0.64935153E-12 -0.18772022E-11
 -0.64341151E-12 -0.19741586E-11 -0.69717080E-12 -0.21891793E-11 -0.81007525E-12
 -0.24487212E-11 -0.90913359E-12 -0.26213211E-11  0.00000000E+00  0.00000000E+00
  0.00000000E+00  0.00000000E+00  0.00000000E+00  0.00000000E+00  0.00000000E+00
  0.00000000E+00  0.00000000E+00  0.00000000E+00  0.00000000E+00  0.00000000E+00
  0.00000000E+00  0.00000000E+00  0.00000000E+00  0.00000000E+00  0.00000000E+00
  0.00000000E+00  0.00000000E+00  0.00000000E+00  0.00000000E+00  0.00000000E+00
  0.00000000E+00  0.00000000E+00  0.00000000E+00  0.00000000E+00  0.00000000E+00
  0.00000000E+00  0.00000000E+00  0.00000000E+00  0.00000000E+00  0.00000000E+00
  0.00000000E+00  0.00000000E+00  0.00000000E+00  0.00000000E+00  0.00000000E+00
  0.00000000E+00  0.00000000E+00  0.00000000E+00
  0.10000000E+01  0.14278358E+01  0.11128598E+01  0.50380457E+00  0.16717709E+00
  0.42673239E-01  0.90078831E-02  0.16351937E-02  0.26329951E-03  0.38355529E-04
  0.51193758E-05  0.62977915E-06  0.71486955E-07  0.74742271E-08  0.71661380E-09
  0.62426106E-10  0.36125629E-11 -0.51133329E-12 -0.17586657E-11 -0.11100344E-11
 -0.20960389E-11 -0.12647346E-11 -0.22599468E-11 -0.12961706E-11 -0.23228333E-11
 -0.13079192E-11 -0.24456728E-11 -0.14185213E-11 -0.27078141E-11 -0.16187370E-11
 -0.30157360E-11 -0.17942410E-11 -0.32281911E-11  0.00000000E+00  0.00000000E+00
  0.00000000E+00  0.00000000E+00  0.00000000E+00  0.00000000E+00  0.00000000E+00
  0.00000000E+00  0.00000000E+00  0.00000000E+00  0.00000000E+00  0.00000000E+00
  0.00000000E+00  0.00000000E+00  0.00000000E+00  0.00000000E+00  0.00000000E+00
  0.00000000E+00  0.00000000E+00  0.00000000E+00  0.00000000E+00  0.00000000E+00
  0.00000000E+00  0.00000000E+00  0.00000000E+00  0.00000000E+00  0.00000000E+00
  0.00000000E+00  0.00000000E+00  0.00000000E+00  0.00000000E+00  0.00000000E+00
  0.00000000E+00  0.00000000E+00  0.00000000E+00  0.00000000E+00  0.00000000E+00
  0.00000000E+00  0.00000000E+00  0.00000000E+00
  0.10000000E+01  0.18089944E+01  0.15791984E+01  0.89120969E+00  0.39283012E+00
  0.13842132E+00  0.41563067E-01  0.10860259E-01  0.25463829E-02  0.54351486E-03
  0.10718239E-03  0.19637711E-04  0.33507160E-05  0.53116986E-06  0.77905632E-07
  0.10527188E-07  0.13048092E-08  0.14740684E-09  0.13126314E-10 -0.12004197E-12
 -0.26367071E-11 -0.18045958E-11 -0.29902872E-11 -0.18737992E-11 -0.31022974E-11
 -0.19097974E-11 -0.32796094E-11 -0.20666993E-11 -0.36084151E-11 -0.23353395E-11
 -0.39959045E-11 -0.25845187E-11 -0.42783577E-11  0.00000000E+00  0.00000000E+00
  0.00000000E+00  0.00000000E+00  0.00000000E+00  0.00000000E+00  0.00000000E+00
  0.00000000E+00  0.00000000E+00  0.00000000E+00  0.00000000E+00  0.00000000E+00
  0.00000000E+00  0.00000000E+00  0.00000000E+00  0.00000000E+00  0.00000000E+00
  0.00000000E+00  0.00000000E+00  0.00000000E+00  0.00000000E+00  0.00000000E+00
  0.00000000E+00  0.00000000E+00  0.00000000E+00  0.00000000E+00  0.00000000E+00
  0.00000000E+00  0.00000000E+00  0.00000000E+00  0.00000000E+00  0.00000000E+00
  0.00000000E+00  0.00000000E+00  0.00000000E+00  0.00000000E+00  0.00000000E+00
  0.00000000E+00  0.00000000E+00  0.00000000E+00
  0.10000000E+01  0.20639415E+01  0.20306198E+01  0.13658549E+01  0.73954372E+00
  0.32970264E+00  0.12809296E+00  0.43805681E-01  0.13609105E-01  0.38689997E-02
  0.10253724E-02  0.25423391E-03  0.59467685E-04  0.13079603E-04  0.26980450E-05
  0.51815446E-06  0.92051028E-07  0.15056268E-07  0.22593644E-08  0.30997795E-09
  0.35928183E-10  0.22560113E-11 -0.34147381E-11 -0.23969938E-11 -0.40825366E-11
 -0.25112443E-11 -0.43333634E-11 -0.27104997E-11 -0.47425198E-11 -0.30381913E-11
 -0.52196108E-11 -0.33541383E-11 -0.56037044E-11  0.00000000E+00  0.00000000E+00
  0.00000000E+00  0.00000000E+00  0.00000000E+00  0.00000000E+00  0.00000000E+00
  0.00000000E+00  0.00000000E+00  0.00000000E+00  0.00000000E+00  0.00000000E+00
  0.00000000E+00  0.00000000E+00  0.00000000E+00  0.00000000E+00  0.00000000E+00
  0.00000000E+00  0.00000000E+00  0.00000000E+00  0.00000000E+00  0.00000000E+00
  0.00000000E+00  0.00000000E+00  0.00000000E+00  0.00000000E+00  0.00000000E+00
  0.00000000E+00  0.00000000E+00  0.00000000E+00  0.00000000E+00  0.00000000E+00
  0.00000000E+00  0.00000000E+00  0.00000000E+00  0.00000000E+00  0.00000000E+00
  0.00000000E+00  0.00000000E+00  0.00000000E+00
  0.10000000E+01  0.22351530E+01  0.24200531E+01  0.18652306E+01  0.11797851E+01
  0.62901127E+00  0.29671185E+00  0.12462184E+00  0.48025012E-01  0.17021828E-01
  0.56640312E-02  0.17698120E-02  0.52653649E-03  0.14869415E-03  0.40082034E-04
  0.10206605E-04  0.24449030E-05  0.54467036E-06  0.11205234E-06  0.21192515E-07
  0.36757236E-08  0.58424889E-09  0.81147347E-10  0.87341843E-11 -0.38282588E-11
 -0.28554604E-11 -0.56030076E-11 -0.32526193E-11 -0.61178551E-11 -0.36263750E-11
 -0.67139381E-11 -0.40452349E-11 -0.73292406E-11  0.00000000E+00  0.00000000E+00
  0.00000000E+00  0.00000000E+00  0.00000000E+00  0.00000000E+00  0.00000000E+00
  0.00000000E+00  0.00000000E+00  0.00000000E+00  0.00000000E+00  0.00000000E+00
  0.00000000E+00  0.00000000E+00  0.00000000E+00  0.00000000E+00  0.00000000E+00
  0.00000000E+00  0.00000000E+00  0.00000000E+00  0.00000000E+00  0.00000000E+00
  0.00000000E+00  0.00000000E+00  0.00000000E+00  0.00000000E+00  0.00000000E+00
  0.00000000E+00  0.00000000E+00  0.00000000E+00  0.00000000E+00  0.00000000E+00
  0.00000000E+00  0.00000000E+00  0.00000000E+00  0.00000000E+00  0.00000000E+00
  0.00000000E+00  0.00000000E+00  0.00000000E+00
  0.10000000E+01  0.23559959E+01  0.27417136E+01  0.23427908E+01  0.16688738E+01
  0.10215402E+01  0.55938801E+00  0.27579185E+00  0.12568762E+00  0.52986012E-01
  0.21081684E-01  0.79002121E-02  0.28332690E-02  0.96847234E-03  0.31935922E-03
  0.10080589E-03  0.30607016E-04  0.87968346E-05  0.23853051E-05  0.60048520E-06
  0.13945696E-06  0.29744842E-07  0.58164391E-08  0.10441693E-08  0.16697842E-09
  0.23259543E-10 -0.32833237E-11 -0.30776068E-11 -0.75984399E-11 -0.39993736E-11
 -0.84743116E-11 -0.47062954E-11 -0.96571570E-11  0.00000000E+00  0.00000000E+00
  0.00000000E+00  0.00000000E+00  0.00000000E+00  0.00000000E+00  0.00000000E+00
  0.00000000E+00  0.00000000E+00  0.00000000E+00  0.00000000E+00  0.00000000E+00
  0.00000000E+00  0.00000000E+00  0.00000000E+00  0.00000000E+00  0.00000000E+00
  0.00000000E+00  0.00000000E+00  0.00000000E+00  0.00000000E+00  0.00000000E+00
  0.00000000E+00  0.00000000E+00  0.00000000E+00  0.00000000E+00  0.00000000E+00
  0.00000000E+00  0.00000000E+00  0.00000000E+00  0.00000000E+00  0.00000000E+00
  0.00000000E+00  0.00000000E+00  0.00000000E+00  0.00000000E+00  0.00000000E+00
  0.00000000E+00  0.00000000E+00  0.00000000E+00
  0.10000000E+01  0.24452601E+01  0.30038601E+01  0.27748775E+01  0.21660902E+01
  0.14761780E+01  0.90813120E+00  0.50816979E+00  0.26438641E+00  0.12801606E+00
  0.58731933E-01  0.25467050E-01  0.10601612E-01  0.42163486E-02  0.16245469E-02
  0.60215495E-03  0.21722979E-03  0.75421905E-04  0.25339285E-04  0.80724867E-05
  0.24352910E-05  0.68076735E-06  0.17568173E-06  0.41618497E-07  0.90370845E-08
  0.18032907E-08  0.32426806E-09  0.53241639E-10 -0.22530677E-12 -0.27670411E-11
 -0.10356499E-10 -0.54679970E-11 -0.12785344E-10  0.00000000E+00  0.00000000E+00
  0.00000000E+00  0.00000000E+00  0.00000000E+00  0.00000000E+00  0.00000000E+00
  0.00000000E+00  0.00000000E+00  0.00000000E+00  0.00000000E+00  0.00000000E+00
  0.00000000E+00  0.00000000E+00  0.00000000E+00  0.00000000E+00  0.00000000E+00
  0.00000000E+00  0.00000000E+00  0.00000000E+00  0.00000000E+00  0.00000000E+00
  0.00000000E+00  0.00000000E+00  0.00000000E+00  0.00000000E+00  0.00000000E+00
  0.00000000E+00  0.00000000E+00  0.00000000E+00  0.00000000E+00  0.00000000E+00
  0.00000000E+00  0.00000000E+00  0.00000000E+00  0.00000000E+00  0.00000000E+00
  0.00000000E+00  0.00000000E+00  0.00000000E+00
  0.10000000E+01  0.25133715E+01  0.32172555E+01  0.31540469E+01  0.26434334E+01
  0.19595474E+01  0.13216152E+01  0.81816156E+00  0.47324919E+00  0.25627718E+00
  0.13190887E+00  0.64412979E-01  0.30263165E-01  0.13617043E-01  0.59479394E-02
  0.25047921E-02  0.10304164E-02  0.41025780E-03  0.15996588E-03  0.60238238E-04
  0.22047749E-04  0.76596915E-05  0.25277671E-05  0.77109616E-06  0.21761775E-06
  0.56338399E-07  0.13364147E-07  0.29141408E-08  0.57612873E-09  0.10552356E-09
  0.60068936E-11 -0.33719837E-11 -0.16138754E-10  0.00000000E+00  0.00000000E+00
  0.00000000E+00  0.00000000E+00  0.00000000E+00  0.00000000E+00  0.00000000E+00
  0.00000000E+00  0.00000000E+00  0.00000000E+00  0.00000000E+00  0.00000000E+00
  0.00000000E+00  0.00000000E+00  0.00000000E+00  0.00000000E+00  0.00000000E+00
  0.00000000E+00  0.00000000E+00  0.00000000E+00  0.00000000E+00  0.00000000E+00
  0.00000000E+00  0.00000000E+00  0.00000000E+00  0.00000000E+00  0.00000000E+00
  0.00000000E+00  0.00000000E+00  0.00000000E+00  0.00000000E+00  0.00000000E+00
  0.00000000E+00  0.00000000E+00  0.00000000E+00  0.00000000E+00  0.00000000E+00
  0.00000000E+00  0.00000000E+00  0.00000000E+00
  0.10000000E+01  0.25665630E+01  0.33916617E+01  0.34815260E+01  0.30853366E+01
  0.24443360E+01  0.17742561E+01  0.11914418E+01  0.75089456E+00  0.44549327E+00
  0.25190022E+00  0.13564261E+00  0.70396104E-01  0.35080698E-01  0.16991940E-01
  0.79502486E-02  0.36388475E-02  0.16155382E-02  0.70482678E-03  0.29884582E-03
  0.12466752E-03  0.50356203E-04  0.19846517E-04  0.74346162E-05  0.26542735E-05
  0.87472648E-06  0.26783550E-06  0.75128027E-07  0.19305862E-07  0.45592582E-08
  0.97791388E-09  0.19328647E-09  0.17394016E-10  0.00000000E+00  0.00000000E+00
  0.00000000E+00  0.00000000E+00  0.00000000E+00  0.00000000E+00  0.00000000E+00
  0.00000000E+00  0.00000000E+00  0.00000000E+00  0.00000000E+00  0.00000000E+00
  0.00000000E+00  0.00000000E+00  0.00000000E+00  0.00000000E+00  0.00000000E+00
  0.00000000E+00  0.00000000E+00  0.00000000E+00  0.00000000E+00  0.00000000E+00
  0.00000000E+00  0.00000000E+00  0.00000000E+00  0.00000000E+00  0.00000000E+00
  0.00000000E+00  0.00000000E+00  0.00000000E+00  0.00000000E+00  0.00000000E+00
  0.00000000E+00  0.00000000E+00  0.00000000E+00  0.00000000E+00  0.00000000E+00
  0.00000000E+00  0.00000000E+00  0.00000000E+00
  0.10000000E+01  0.26088490E+01  0.35350831E+01  0.37622702E+01  0.34852225E+01
  0.29116745E+01  0.22426035E+01  0.16087984E+01  0.10876423E+01  0.69563027E+00
  0.42509901E+00  0.24828110E+00  0.13996918E+00  0.75969002E-01  0.40113576E-01
  0.20501068E-01  0.10256576E-01  0.49857631E-02  0.23840125E-02  0.11104286E-02
  0.51048743E-03  0.22873298E-03  0.10118671E-03  0.43419990E-04  0.18234985E-04
  0.72866239E-05  0.27828010E-05  0.98047060E-06  0.32247457E-06  0.96896635E-07
  0.26683330E-07  0.67505756E-08  0.15543576E-08  0.00000000E+00  0.00000000E+00
  0.00000000E+00  0.00000000E+00  0.00000000E+00  0.00000000E+00  0.00000000E+00
  0.00000000E+00  0.00000000E+00  0.00000000E+00  0.00000000E+00  0.00000000E+00
  0.00000000E+00  0.00000000E+00  0.00000000E+00  0.00000000E+00  0.00000000E+00
  0.00000000E+00  0.00000000E+00  0.00000000E+00  0.00000000E+00  0.00000000E+00
  0.00000000E+00  0.00000000E+00  0.00000000E+00  0.00000000E+00  0.00000000E+00
  0.00000000E+00  0.00000000E+00  0.00000000E+00  0.00000000E+00  0.00000000E+00
  0.00000000E+00  0.00000000E+00  0.00000000E+00  0.00000000E+00  0.00000000E+00
  0.00000000E+00  0.00000000E+00  0.00000000E+00
  0.10000000E+01  0.26429544E+01  0.36538411E+01  0.40023362E+01  0.38420543E+01
  0.33502720E+01  0.27082190E+01  0.20509088E+01  0.14692752E+01  0.10001876E+01
  0.65211455E+00  0.40770632E+00  0.24638985E+00  0.14371914E+00  0.81620865E-01
  0.44955590E-01  0.24249083E-01  0.12729843E-01  0.65757517E-02  0.33140574E-02
  0.16497794E-02  0.80245354E-03  0.38654463E-03  0.18188078E-03  0.84742393E-04
  0.38369913E-04  0.17060009E-04  0.72344736E-05  0.29437057E-05  0.11070598E-05
  0.39071186E-06  0.12549993E-06  0.37043829E-07  0.00000000E+00  0.00000000E+00
  0.00000000E+00  0.00000000E+00  0.00000000E+00  0.00000000E+00  0.00000000E+00
  0.00000000E+00  0.00000000E+00  0.00000000E+00  0.00000000E+00  0.00000000E+00
  0.00000000E+00  0.00000000E+00  0.00000000E+00  0.00000000E+00  0.00000000E+00
  0.00000000E+00  0.00000000E+00  0.00000000E+00  0.00000000E+00  0.00000000E+00
  0.00000000E+00  0.00000000E+00  0.00000000E+00  0.00000000E+00  0.00000000E+00
  0.00000000E+00  0.00000000E+00  0.00000000E+00  0.00000000E+00  0.00000000E+00
  0.00000000E+00  0.00000000E+00  0.00000000E+00  0.00000000E+00  0.00000000E+00
  0.00000000E+00  0.00000000E+00  0.00000000E+00
  0.10000000E+01  0.26707954E+01  0.37528593E+01  0.42076585E+01  0.41578181E+01
  0.37545052E+01  0.31581374E+01  0.25010896E+01  0.18804325E+01  0.13486515E+01
  0.92856452E+00  0.61491017E+00  0.39415838E+00  0.24443998E+00  0.14770760E+00
  0.86728063E-01  0.49888752E-01  0.27974190E-01  0.15437015E-01  0.83229962E-02
  0.44329553E-02  0.23104185E-02  0.11932337E-02  0.60347042E-03  0.30304969E-03
  0.14889801E-03  0.72607459E-04  0.34456225E-04  0.16099161E-04  0.71891173E-05
  0.30908627E-05  0.12307424E-05  0.46160803E-06  0.00000000E+00  0.00000000E+00
  0.00000000E+00  0.00000000E+00  0.00000000E+00  0.00000000E+00  0.00000000E+00
  0.00000000E+00  0.00000000E+00  0.00000000E+00  0.00000000E+00  0.00000000E+00
  0.00000000E+00  0.00000000E+00  0.00000000E+00  0.00000000E+00  0.00000000E+00
  0.00000000E+00  0.00000000E+00  0.00000000E+00  0.00000000E+00  0.00000000E+00
  0.00000000E+00  0.00000000E+00  0.00000000E+00  0.00000000E+00  0.00000000E+00
  0.00000000E+00  0.00000000E+00  0.00000000E+00  0.00000000E+00  0.00000000E+00
  0.00000000E+00  0.00000000E+00  0.00000000E+00  0.00000000E+00  0.00000000E+00
  0.00000000E+00  0.00000000E+00  0.00000000E+00
  0.10000000E+01  0.26937547E+01  0.38359614E+01  0.43835639E+01  0.44359260E+01
  0.41225557E+01  0.35841468E+01  0.29463421E+01  0.23068792E+01  0.17289175E+01
  0.12466956E+01  0.86698435E+00  0.58442248E+00  0.38196772E+00  0.24344339E+00
  0.15103318E+00  0.91831709E-01  0.54511551E-01  0.31847367E-01  0.18203661E-01
  0.10278078E-01  0.56860400E-02  0.31169309E-02  0.16756529E-02  0.89488706E-03
  0.46879127E-03  0.24435713E-03  0.12478303E-03  0.63360613E-04  0.31351614E-04
  0.15311054E-04  0.71633811E-05  0.32377837E-05  0.13591212E-05  0.53896568E-06
  0.00000000E+00  0.00000000E+00  0.00000000E+00  0.00000000E+00  0.00000000E+00
  0.00000000E+00  0.00000000E+00  0.00000000E+00  0.00000000E+00  0.00000000E+00
  0.00000000E+00  0.00000000E+00  0.00000000E+00  0.00000000E+00  0.00000000E+00
  0.00000000E+00  0.00000000E+00  0.00000000E+00  0.00000000E+00  0.00000000E+00
  0.00000000E+00  0.00000000E+00  0.00000000E+00  0.00000000E+00  0.00000000E+00
  0.00000000E+00  0.00000000E+00  0.00000000E+00  0.00000000E+00  0.00000000E+00
  0.00000000E+00  0.00000000E+00  0.00000000E+00  0.00000000E+00  0.00000000E+00
  0.00000000E+00  0.00000000E+00  0.00000000E+00
  0.10000000E+01  0.27128512E+01  0.39061260E+01  0.45346386E+01  0.46802896E+01
  0.44549588E+01  0.39817040E+01  0.33773486E+01  0.27366650E+01  0.21291004E+01
  0.15970901E+01  0.11582085E+01  0.81528602E+00  0.55753955E+00  0.37210725E+00
  0.24214770E+00  0.15449483E+00  0.96370387E-01  0.59171089E-01  0.35590377E-01
  0.21143811E-01  0.12322514E-01  0.71145587E-02  0.40332991E-02  0.22711088E-02
  0.12562567E-02  0.69168818E-03  0.37405427E-03  0.20160814E-03  0.10656750E-03
  0.56094453E-04  0.28807476E-04  0.14630884E-04  0.71351240E-05  0.33719326E-05
  0.14843183E-05  0.61877121E-06  0.00000000E+00  0.00000000E+00  0.00000000E+00
  0.00000000E+00  0.00000000E+00  0.00000000E+00  0.00000000E+00  0.00000000E+00
  0.00000000E+00  0.00000000E+00  0.00000000E+00  0.00000000E+00  0.00000000E+00
  0.00000000E+00  0.00000000E+00  0.00000000E+00  0.00000000E+00  0.00000000E+00
  0.00000000E+00  0.00000000E+00  0.00000000E+00  0.00000000E+00  0.00000000E+00
  0.00000000E+00  0.00000000E+00  0.00000000E+00  0.00000000E+00  0.00000000E+00
  0.00000000E+00  0.00000000E+00  0.00000000E+00  0.00000000E+00  0.00000000E+00
  0.00000000E+00  0.00000000E+00  0.00000000E+00
  0.10000000E+01  0.27634600E+01  0.40973969E+01  0.49589990E+01  0.53942740E+01
  0.54733845E+01  0.52718332E+01  0.48701194E+01  0.43387347E+01  0.37452934E+01
  0.31401423E+01  0.25646845E+01  0.20438517E+01  0.15923435E+01  0.12148924E+01
  0.90859218E+00  0.66755907E+00  0.48175965E+00  0.34252686E+00  0.23958269E+00
  0.16552358E+00  0.11263156E+00  0.75879961E-01  0.50389659E-01  0.33201691E-01
  0.21575267E-01  0.13938494E-01  0.88834713E-02  0.56389118E-02  0.35315077E-02
  0.22063169E-02  0.13598479E-02  0.83722714E-03  0.50835347E-03  0.30862965E-03
  0.18464656E-03  0.11048433E-03  0.65032848E-04  0.38234754E-04  0.22021315E-04
  0.12604584E-04  0.69896634E-05  0.37927080E-05  0.19442298E-05  0.95217445E-06
  0.00000000E+00  0.00000000E+00  0.00000000E+00  0.00000000E+00  0.00000000E+00
  0.00000000E+00  0.00000000E+00  0.00000000E+00  0.00000000E+00  0.00000000E+00
  0.00000000E+00  0.00000000E+00  0.00000000E+00  0.00000000E+00  0.00000000E+00
  0.00000000E+00  0.00000000E+00  0.00000000E+00  0.00000000E+00  0.00000000E+00
  0.00000000E+00  0.00000000E+00  0.00000000E+00  0.00000000E+00  0.00000000E+00
  0.00000000E+00  0.00000000E+00  0.00000000E+00
  0.10000000E+01  0.27900947E+01  0.42026842E+01  0.52023256E+01  0.58243930E+01
  0.61226610E+01  0.61510883E+01  0.59653424E+01  0.56150540E+01  0.51516938E+01
  0.46160923E+01  0.40501268E+01  0.34824502E+01  0.29402825E+01  0.24389946E+01
  0.19906884E+01  0.15997676E+01  0.12669784E+01  0.98994238E+00  0.76322345E+00
  0.58161492E+00  0.43776396E+00  0.32625226E+00  0.24032614E+00  0.17558214E+00
  0.12685753E+00  0.91046511E-01  0.64641953E-01  0.45657486E-01  0.31908102E-01
  0.22213949E-01  0.15303219E-01  0.10515157E-01  0.71496753E-02  0.48541968E-02
  0.32610876E-02  0.21897090E-02  0.14546888E-02  0.96664210E-03  0.63535926E-03
  0.41792506E-03  0.27179619E-03  0.17690710E-03  0.11374841E-03  0.73154564E-04
  0.46401063E-04  0.29387208E-04  0.18297634E-04  0.11331660E-04  0.68517934E-05
  0.40779159E-05  0.23273532E-05  0.12792797E-05  0.65677041E-06  0.00000000E+00
  0.00000000E+00  0.00000000E+00  0.00000000E+00  0.00000000E+00  0.00000000E+00
  0.00000000E+00  0.00000000E+00  0.00000000E+00  0.00000000E+00  0.00000000E+00
  0.00000000E+00  0.00000000E+00  0.00000000E+00  0.00000000E+00  0.00000000E+00
  0.00000000E+00  0.00000000E+00  0.00000000E+00
  0.10000000E+01  0.28045619E+01  0.42631104E+01  0.53476472E+01  0.60920769E+01
  0.65443128E+01  0.67493637E+01  0.67481943E+01  0.65779127E+01  0.62752100E+01
  0.58701146E+01  0.53966139E+01  0.48786444E+01  0.43445849E+01  0.38115586E+01
  0.32993225E+01  0.28178142E+01  0.23774281E+01  0.19818839E+01  0.16337750E+01
  0.13325073E+01  0.10755759E+01  0.86009353E+00  0.68111460E+00  0.53503091E+00
  0.41640561E+00  0.32186041E+00  0.24657524E+00  0.18782287E+00  0.14183494E+00
  0.10661302E+00  0.79458638E-01  0.59007501E-01  0.43452901E-01  0.31913377E-01
  0.23243230E-01  0.16897806E-01  0.12182840E-01  0.87740679E-02  0.62668331E-02
  0.44740934E-02  0.31678475E-02  0.22431233E-02  0.15752346E-02  0.11066738E-02
  0.77104206E-03  0.53750694E-03  0.37154045E-03  0.25693186E-03  0.17610695E-03
  0.12069292E-03  0.81917274E-04  0.55525561E-04  0.37214853E-04  0.24855407E-04
  0.16369321E-04  0.10704665E-04  0.68713969E-05  0.43506677E-05  0.26737412E-05
  0.15927991E-05  0.89901794E-06  0.00000000E+00  0.00000000E+00  0.00000000E+00
  0.00000000E+00  0.00000000E+00  0.00000000E+00  0.00000000E+00  0.00000000E+00
  0.00000000E+00  0.00000000E+00  0.00000000E+00
  0.10000000E+01  0.28126300E+01  0.42996407E+01  0.54397317E+01  0.62689473E+01
  0.68337189E+01  0.71755781E+01  0.73265463E+01  0.73166541E+01  0.71715502E+01
  0.69130126E+01  0.65661945E+01  0.61487024E+01  0.56849851E+01  0.51895051E+01
  0.46834991E+01  0.41777936E+01  0.36881267E+01  0.32213310E+01  0.27867780E+01
  0.23876399E+01  0.20275305E+01  0.17068344E+01  0.14249133E+01  0.11804088E+01
  0.97015573E+00  0.79197280E+00  0.64164148E+00  0.51681349E+00  0.41323740E+00
  0.32878059E+00  0.25972742E+00  0.20432876E+00  0.15962607E+00  0.12428280E+00
  0.96099670E-01  0.74108495E-01  0.56760699E-01  0.43384070E-01  0.32935872E-01
  0.24965420E-01  0.18796681E-01  0.14136329E-01  0.10560179E-01  0.78821875E-02
  0.58437134E-02  0.43294306E-02  0.31855803E-02  0.23421416E-02  0.17097430E-02
  0.12466719E-02  0.90202438E-03  0.65137931E-03  0.46626790E-03  0.33262824E-03
  0.23479319E-03  0.16478670E-03  0.11410652E-03  0.78287332E-04  0.52774756E-04
  0.35069728E-04  0.22706079E-04  0.14298163E-04  0.85966884E-05  0.49104247E-05
  0.26060803E-05  0.12758095E-05  0.54888089E-06  0.00000000E+00  0.00000000E+00
  0.00000000E+00  0.00000000E+00  0.00000000E+00
  0.10000000E+01  0.28175897E+01  0.43244273E+01  0.55051253E+01  0.63991889E+01
  0.70532162E+01  0.75073498E+01  0.77875833E+01  0.79196700E+01  0.79211590E+01
  0.78080045E+01  0.75977687E+01  0.73025602E+01  0.69415519E+01  0.65254220E+01
  0.60735974E+01  0.55953817E+01  0.51081714E+01  0.46193266E+01  0.41423249E+01
  0.36822270E+01  0.32477491E+01  0.28417162E+01  0.24682948E+01  0.21284659E+01
  0.18227599E+01  0.15508526E+01  0.13108266E+01  0.11015808E+01  0.91987990E+00
  0.76427357E+00  0.63109391E+00  0.51883860E+00  0.42399445E+00  0.34518370E+00
  0.27936661E+00  0.22537411E+00  0.18075790E+00  0.14457974E+00  0.11497327E+00
  0.91217230E-01  0.71950726E-01  0.56638442E-01  0.44324249E-01  0.34622475E-01
  0.26882379E-01  0.20833227E-01  0.16044157E-01  0.12329534E-01  0.94108569E-02
  0.71635290E-02  0.54113874E-02  0.40723710E-02  0.30371711E-02  0.22527604E-02
  0.16524037E-02  0.12023851E-02  0.86250006E-03  0.61158784E-03  0.42573612E-03
  0.29152607E-03  0.19429915E-03  0.12563433E-03  0.77445353E-04  0.45290111E-04
  0.24664361E-04  0.12521655E-04  0.57790560E-05  0.24080931E-05  0.80492202E-06
  0.00000000E+00  0.00000000E+00  0.00000000E+00
  0.10000000E+01  0.28214866E+01  0.43449956E+01  0.55603115E+01  0.65105640E+01
  0.72428074E+01  0.77962413E+01  0.81922098E+01  0.84534092E+01  0.85912326E+01
  0.86174627E+01  0.85436023E+01  0.83775818E+01  0.81335312E+01  0.78187196E+01
  0.74494944E+01  0.70329514E+01  0.65858861E+01  0.61148026E+01  0.56348883E+01
  0.51515614E+01  0.46768542E+01  0.42148094E+01  0.37735945E+01  0.33558417E+01
  0.29659303E+01  0.26052434E+01  0.22749909E+01  0.19755743E+01  0.17059056E+01
  0.14656985E+01  0.12524549E+01  0.10654665E+01  0.90157896E+00  0.75987432E+00
  0.63709620E+00  0.53227028E+00  0.44238942E+00  0.36652281E+00  0.30209414E+00
  0.24827294E+00  0.20297202E+00  0.16548673E+00  0.13419934E+00  0.10853529E+00
  0.87285642E-01  0.69997166E-01  0.55793786E-01  0.44328385E-01  0.34982431E-01
  0.27496890E-01  0.21445313E-01  0.16638487E-01  0.12788386E-01  0.97600076E-02
  0.73619280E-02  0.54995036E-02  0.40470591E-02  0.29390555E-02  0.20940502E-02
  0.14654449E-02  0.99739925E-03  0.65722429E-03  0.41221155E-03  0.24469943E-03
  0.13516075E-03  0.69636397E-04  0.32817778E-04  0.14262896E-04  0.53817123E-05
  0.15946069E-05  0.48442162E-07  0.00000000E+00
  0.10000000E+01  0.28255545E+01  0.43657974E+01  0.56149452E+01  0.66192428E+01
  0.74257850E+01  0.80724936E+01  0.85766935E+01  0.89584358E+01  0.92242447E+01
  0.93827749E+01  0.94408124E+01  0.94033019E+01  0.92800943E+01  0.90758950E+01
  0.88037846E+01  0.84688585E+01  0.80862045E+01  0.76610418E+01  0.72086132E+01
  0.67338485E+01  0.62504056E+01  0.57625794E+01  0.52812475E+01  0.48098612E+01
  0.43559888E+01  0.39221718E+01  0.35127277E+01  0.31293340E+01  0.27735237E+01
  0.24462273E+01  0.21468683E+01  0.18757794E+01  0.16309888E+01  0.14123860E+01
  0.12172406E+01  0.10451420E+01  0.89310022E+00  0.76052600E+00  0.64451697E+00
  0.54440126E+00  0.45757206E+00  0.38334683E+00  0.31951239E+00  0.26542425E+00
  0.21928429E+00  0.18051542E+00  0.14770753E+00  0.12036631E+00  0.97417372E-01
  0.78452072E-01  0.62673605E-01  0.49752742E-01  0.39111656E-01  0.30493412E-01
  0.23485500E-01  0.17891268E-01  0.13419334E-01  0.99208280E-02  0.71927131E-02
  0.51167420E-02  0.35381719E-02  0.23650007E-02  0.15027490E-02  0.90192267E-03
  0.50312394E-03  0.26155020E-03  0.12455601E-03  0.55029179E-04  0.21570774E-04
  0.72890014E-05  0.14590611E-05 -0.76645809E-06
  0.10000000E+01  0.28303873E+01  0.43888852E+01  0.56733798E+01  0.67323513E+01
  0.76122120E+01  0.83489852E+01  0.89563084E+01  0.94516643E+01  0.98376464E+01
  0.10120464E+02  0.10303299E+02  0.10389050E+02  0.10384162E+02  0.10291637E+02
  0.10121602E+02  0.98776819E+01  0.95728822E+01  0.92112362E+01  0.88070795E+01
  0.83645600E+01  0.78976827E+01  0.74104412E+01  0.69151561E+01  0.64154516E+01
  0.59210992E+01  0.54352081E+01  0.49646468E+01  0.45119337E+01  0.40811134E+01
  0.36740957E+01  0.32924836E+01  0.29376051E+01  0.26091654E+01  0.23079703E+01
  0.20324100E+01  0.17828480E+01  0.15568950E+01  0.13545618E+01  0.11731177E+01
  0.10123122E+01  0.86939436E+00  0.74393902E+00  0.63338515E+00  0.53720786E+00
  0.45315389E+00  0.38065945E+00  0.31782452E+00  0.26409582E+00  0.21792276E+00
  0.17879334E+00  0.14548207E+00  0.11753151E+00  0.93996939E-01  0.74488929E-01
  0.58289811E-01  0.45075389E-01  0.34305010E-01  0.25711274E-01  0.18892900E-01
  0.13612057E-01  0.95296979E-02  0.64415457E-02  0.41348566E-02  0.25028965E-02
  0.14067261E-02  0.73600391E-03  0.35285964E-03  0.15727056E-03  0.62728017E-04
  0.22292206E-04  0.57672367E-05 -0.50182894E-06
  0.10000000E+01  0.28360789E+01  0.44144856E+01  0.57360106E+01  0.68503661E+01
  0.78025268E+01  0.86260160E+01  0.93310535E+01  0.99325631E+01  0.10429974E+02
  0.10827546E+02  0.11125774E+02  0.11326218E+02  0.11432741E+02  0.11447343E+02
  0.11377701E+02  0.11226518E+02  0.11004753E+02  0.10715556E+02  0.10371899E+02
  0.99771762E+01  0.95449076E+01  0.90785700E+01  0.85909157E+01  0.80853595E+01
  0.75729003E+01  0.70567620E+01  0.65455958E+01  0.60423266E+01  0.55530456E+01
  0.50802949E+01  0.46277108E+01  0.41973945E+01  0.37908556E+01  0.34097268E+01
  0.30538388E+01  0.27243587E+01  0.24199200E+01  0.21412527E+01  0.18862433E+01
  0.16552365E+01  0.14457471E+01  0.12578041E+01  0.10888360E+01  0.93863043E+00
  0.80473031E+00  0.68675486E+00  0.58247966E+00  0.49143048E+00  0.41166969E+00
  0.34268385E+00  0.28285130E+00  0.23165017E+00  0.18776098E+00  0.15069588E+00
  0.11939514E+00  0.93415339E-01  0.71909940E-01  0.54479178E-01  0.40458261E-01
  0.29445857E-01  0.20819548E-01  0.14199819E-01  0.91896672E-02  0.56007569E-02
  0.31666763E-02  0.16650517E-02  0.80216845E-03  0.35955162E-03  0.14481455E-03
  0.52786223E-04  0.15121971E-04  0.86841578E-06
    66
  0.10000000E+01  0.34870512E+00  0.53316789E+00  0.82700143E-01  0.70886867E-02
  0.43296686E-03  0.21039388E-04  0.86447048E-06  0.31142870E-07  0.10051518E-08
  0.28216482E-10  0.10741925E-11 -0.12574327E-11  0.37862493E-12 -0.13380062E-11
  0.45709788E-12 -0.15058793E-11  0.50127696E-12 -0.18040622E-11  0.52836641E-12
 -0.20945912E-11  0.57131037E-12 -0.22592925E-11  0.64417035E-12 -0.23479391E-11
  0.72124543E-12 -0.24870938E-11  0.77441952E-12 -0.27364522E-11  0.80607820E-12
 -0.30251894E-11  0.84093766E-12 -0.32288702E-11  0.00000000E+00  0.00000000E+00
  0.00000000E+00  0.00000000E+00  0.00000000E+00  0.00000000E+00  0.00000000E+00
  0.00000000E+00  0.00000000E+00  0.00000000E+00  0.00000000E+00  0.00000000E+00
  0.00000000E+00  0.00000000E+00  0.00000000E+00  0.00000000E+00  0.00000000E+00
  0.00000000E+00  0.00000000E+00  0.00000000E+00  0.00000000E+00  0.00000000E+00
  0.00000000E+00  0.00000000E+00  0.00000000E+00  0.00000000E+00  0.00000000E+00
  0.00000000E+00  0.00000000E+00  0.00000000E+00  0.00000000E+00  0.00000000E+00
  0.00000000E+00  0.00000000E+00
  0.10000000E+01  0.74601027E+00  0.65580618E+00  0.19479210E+00  0.35313051E-01
  0.46523884E-02  0.49046296E-03  0.43837784E-04  0.34430605E-05  0.24284045E-06
  0.15563802E-07  0.91076643E-09  0.47709358E-10  0.21434185E-11 -0.91345912E-12
 -0.21390829E-12 -0.11406182E-11 -0.27500875E-12 -0.13999079E-11 -0.37235902E-12
 -0.16516721E-11 -0.42900420E-12 -0.17724414E-11 -0.42396634E-12 -0.18134857E-11
 -0.41120763E-12 -0.19077770E-11 -0.44822402E-12 -0.21187842E-11 -0.53070002E-12
 -0.23681968E-11 -0.60148340E-12 -0.25330213E-11  0.00000000E+00  0.00000000E+00
  0.00000000E+00  0.00000000E+00  0.00000000E+00  0.00000000E+00  0.00000000E+00
  0.00000000E+00  0.00000000E+00  0.00000000E+00  0.00000000E+00  0.00000000E+00
  0.00000000E+00  0.00000000E+00  0.00000000E+00  0.00000000E+00  0.00000000E+00
  0.00000000E+00  0.00000000E+00  0.00000000E+00  0.00000000E+00  0.00000000E+00
  0.00000000E+00  0.00000000E+00  0.00000000E+00  0.00000000E+00  0.00000000E+00
  0.00000000E+00  0.00000000E+00  0.00000000E+00  0.00000000E+00  0.00000000E+00
  0.00000000E+00  0.00000000E+00
  0.10000000E+01  0.11971277E+01  0.92220746E+00  0.38487957E+00  0.11064974E+00
  0.24023383E-01  0.42503698E-02  0.64297044E-03  0.85901356E-04  0.10352722E-04
  0.11397855E-05  0.11528128E-06  0.10718539E-07  0.91386929E-09  0.70259062E-10
  0.44399293E-11 -0.90138482E-12 -0.74951422E-12 -0.15110885E-11 -0.96212725E-12
 -0.17871068E-11 -0.10924817E-11 -0.19200339E-11 -0.11215669E-11 -0.19624823E-11
 -0.11366545E-11 -0.20628708E-11 -0.12326028E-11 -0.22913328E-11 -0.14017339E-11
 -0.25636914E-11 -0.15525236E-11 -0.27445410E-11  0.00000000E+00  0.00000000E+00
  0.00000000E+00  0.00000000E+00  0.00000000E+00  0.00000000E+00  0.00000000E+00
  0.00000000E+00  0.00000000E+00  0.00000000E+00  0.00000000E+00  0.00000000E+00
  0.00000000E+00  0.00000000E+00  0.00000000E+00  0.00000000E+00  0.00000000E+00
  0.00000000E+00  0.00000000E+00  0.00000000E+00  0.00000000E+00  0.00000000E+00
  0.00000000E+00  0.00000000E+00  0.00000000E+00  0.00000000E+00  0.00000000E+00
  0.00000000E+00  0.00000000E+00  0.00000000E+00  0.00000000E+00  0.00000000E+00
  0.00000000E+00  0.00000000E+00
  0.10000000E+01  0.15972923E+01  0.13074472E+01  0.67778975E+00  0.26287203E+00
  0.80361696E-01  0.20527500E-01  0.45386572E-02  0.89349225E-03  0.15965782E-03
  0.26234191E-04  0.39902237E-05  0.56256035E-06  0.73343018E-07  0.88058789E-08
  0.96926024E-09  0.96188495E-10  0.78185831E-11 -0.11576543E-11 -0.13945944E-11
 -0.22432482E-11 -0.16449836E-11 -0.24234600E-11 -0.17010694E-11 -0.24946793E-11
 -0.17365778E-11 -0.26290322E-11 -0.18793055E-11 -0.29053698E-11 -0.21208784E-11
 -0.32328241E-11 -0.23412768E-11 -0.34625071E-11  0.00000000E+00  0.00000000E+00
  0.00000000E+00  0.00000000E+00  0.00000000E+00  0.00000000E+00  0.00000000E+00
  0.00000000E+00  0.00000000E+00  0.00000000E+00  0.00000000E+00  0.00000000E+00
  0.00000000E+00  0.00000000E+00  0.00000000E+00  0.00000000E+00  0.00000000E+00
  0.00000000E+00  0.00000000E+00  0.00000000E+00  0.00000000E+00  0.00000000E+00
  0.00000000E+00  0.00000000E+00  0.00000000E+00  0.00000000E+00  0.00000000E+00
  0.00000000E+00  0.00000000E+00  0.00000000E+00  0.00000000E+00  0.00000000E+00
  0.00000000E+00  0.00000000E+00
  0.10000000E+01  0.18990655E+01  0.17321645E+01  0.10643687E+01  0.51124093E+00
  0.20021876E+00  0.67019618E-01  0.19672273E-01  0.51911001E-02  0.12517111E-02
  0.27947927E-03  0.58231233E-04  0.11361248E-04  0.20728832E-05  0.35208366E-06
  0.55352861E-07  0.80118904E-08  0.10628647E-08  0.12707403E-09  0.12415792E-10
 -0.13385948E-11 -0.21179991E-11 -0.30256428E-11 -0.23501272E-11 -0.31482879E-11
 -0.24208769E-11 -0.33268235E-11 -0.26167522E-11 -0.36613991E-11 -0.29294295E-11
 -0.40547510E-11 -0.32222851E-11 -0.43442994E-11  0.00000000E+00  0.00000000E+00
  0.00000000E+00  0.00000000E+00  0.00000000E+00  0.00000000E+00  0.00000000E+00
  0.00000000E+00  0.00000000E+00  0.00000000E+00  0.00000000E+00  0.00000000E+00
  0.00000000E+00  0.00000000E+00  0.00000000E+00  0.00000000E+00  0.00000000E+00
  0.00000000E+00  0.00000000E+00  0.00000000E+00  0.00000000E+00  0.00000000E+00
  0.00000000E+00  0.00000000E+00  0.00000000E+00  0.00000000E+00  0.00000000E+00
  0.00000000E+00  0.00000000E+00  0.00000000E+00  0.00000000E+00  0.00000000E+00
  0.00000000E+00  0.00000000E+00
  0.10000000E+01  0.21127705E+01  0.21327796E+01  0.15057981E+01  0.85233599E+00
  0.40307001E+00  0.16577832E+00  0.60506822E-01  0.20034614E-01  0.60991192E-02
  0.17294716E-02  0.46045063E-03  0.11577996E-03  0.27523192E-04  0.61696673E-05
  0.12961143E-05  0.25331469E-06  0.45754540E-07  0.76001918E-08  0.11567201E-08
  0.15865850E-09  0.17871673E-10 -0.12737745E-11 -0.28008896E-11 -0.38571018E-11
 -0.31794706E-11 -0.41138937E-11 -0.34340037E-11 -0.45075429E-11 -0.38156393E-11
 -0.49741611E-11 -0.41927300E-11 -0.53616371E-11  0.00000000E+00  0.00000000E+00
  0.00000000E+00  0.00000000E+00  0.00000000E+00  0.00000000E+00  0.00000000E+00
  0.00000000E+00  0.00000000E+00  0.00000000E+00  0.00000000E+00  0.00000000E+00
  0.00000000E+00  0.00000000E+00  0.00000000E+00  0.00000000E+00  0.00000000E+00
  0.00000000E+00  0.00000000E+00  0.00000000E+00  0.00000000E+00  0.00000000E+00
  0.00000000E+00  0.00000000E+00  0.00000000E+00  0.00000000E+00  0.00000000E+00
  0.00000000E+00  0.00000000E+00  0.00000000E+00  0.00000000E+00  0.00000000E+00
  0.00000000E+00  0.00000000E+00
  0.10000000E+01  0.22648430E+01  0.24826215E+01  0.19595149E+01  0.12627087E+01
  0.69239890E+00  0.33461266E+00  0.14500327E+00  0.57456085E-01  0.21050458E-01
  0.72189325E-02  0.23343959E-02  0.71704112E-03  0.20990432E-03  0.58633948E-04
  0.15573391E-04  0.39078878E-05  0.91838788E-06  0.20047389E-06  0.40392541E-07
  0.74818521E-08  0.12705501E-08  0.19476826E-09  0.24861320E-10 -0.89456124E-12
 -0.35016280E-11 -0.49256853E-11 -0.42619434E-11 -0.54263945E-11 -0.47131446E-11
 -0.59838376E-11 -0.52253896E-11 -0.66009192E-11  0.00000000E+00  0.00000000E+00
  0.00000000E+00  0.00000000E+00  0.00000000E+00  0.00000000E+00  0.00000000E+00
  0.00000000E+00  0.00000000E+00  0.00000000E+00  0.00000000E+00  0.00000000E+00
  0.00000000E+00  0.00000000E+00  0.00000000E+00  0.00000000E+00  0.00000000E+00
  0.00000000E+00  0.00000000E+00  0.00000000E+00  0.00000000E+00  0.00000000E+00
  0.00000000E+00  0.00000000E+00  0.00000000E+00  0.00000000E+00  0.00000000E+00
  0.00000000E+00  0.00000000E+00  0.00000000E+00  0.00000000E+00  0.00000000E+00
  0.00000000E+00  0.00000000E+00
  0.10000000E+01  0.23765457E+01  0.27782735E+01  0.23950852E+01  0.17112398E+01
  0.10558729E+01  0.58031544E+00  0.28860052E+00  0.13212248E+00  0.56221461E-01
  0.22487929E-01  0.85105422E-02  0.30702192E-02  0.10601410E-02  0.35178522E-03
  0.11220734E-03  0.34334316E-04  0.10011570E-04  0.27578342E-05  0.71057205E-06
  0.16984461E-06  0.37450986E-07  0.75941619E-08  0.14135233E-08  0.23810018E-09
  0.33909144E-10 -0.17821846E-12 -0.42652451E-11 -0.62469454E-11 -0.55610690E-11
 -0.70809121E-11 -0.63996061E-11 -0.82163345E-11  0.00000000E+00  0.00000000E+00
  0.00000000E+00  0.00000000E+00  0.00000000E+00  0.00000000E+00  0.00000000E+00
  0.00000000E+00  0.00000000E+00  0.00000000E+00  0.00000000E+00  0.00000000E+00
  0.00000000E+00  0.00000000E+00  0.00000000E+00  0.00000000E+00  0.00000000E+00
  0.00000000E+00  0.00000000E+00  0.00000000E+00  0.00000000E+00  0.00000000E+00
  0.00000000E+00  0.00000000E+00  0.00000000E+00  0.00000000E+00  0.00000000E+00
  0.00000000E+00  0.00000000E+00  0.00000000E+00  0.00000000E+00  0.00000000E+00
  0.00000000E+00  0.00000000E+00
  0.10000000E+01  0.24614312E+01  0.30254343E+01  0.27961235E+01  0.21697330E+01
  0.14720713E+01  0.89765280E+00  0.49924626E+00  0.25710437E+00  0.12366765E+00
  0.56124604E-01  0.24173326E-01  0.99513143E-02  0.39310121E-02  0.14971806E-02
  0.55089495E-03  0.19616592E-03  0.67456238E-04  0.22299056E-04  0.70231967E-05
  0.20864373E-05  0.57865947E-06  0.14867972E-06  0.35224466E-07  0.76775212E-08
  0.15379922E-08  0.27939149E-09  0.43388888E-10  0.65546777E-12 -0.51898124E-11
 -0.81215247E-11 -0.78158195E-11 -0.10329437E-10  0.00000000E+00  0.00000000E+00
  0.00000000E+00  0.00000000E+00  0.00000000E+00  0.00000000E+00  0.00000000E+00
  0.00000000E+00  0.00000000E+00  0.00000000E+00  0.00000000E+00  0.00000000E+00
  0.00000000E+00  0.00000000E+00  0.00000000E+00  0.00000000E+00  0.00000000E+00
  0.00000000E+00  0.00000000E+00  0.00000000E+00  0.00000000E+00  0.00000000E+00
  0.00000000E+00  0.00000000E+00  0.00000000E+00  0.00000000E+00  0.00000000E+00
  0.00000000E+00  0.00000000E+00  0.00000000E+00  0.00000000E+00  0.00000000E+00
  0.00000000E+00  0.00000000E+00
  0.10000000E+01  0.25277801E+01  0.32319150E+01  0.31564454E+01  0.26175433E+01
  0.19178583E+01  0.12729189E+01  0.77598941E+00  0.44030904E+00  0.23439705E+00
  0.11813283E+00  0.56665610E-01  0.26039605E-01  0.11505726E-01  0.49114884E-02
  0.20303530E-02  0.81527425E-03  0.31817093E-03  0.12067625E-03  0.44307435E-04
  0.15646608E-04  0.52593796E-05  0.16648872E-05  0.49129964E-06  0.13420927E-06
  0.33806364E-07  0.78400871E-08  0.16735410E-08  0.32451867E-09  0.53922286E-10
  0.77883468E-12 -0.79526659E-11 -0.12634271E-10  0.00000000E+00  0.00000000E+00
  0.00000000E+00  0.00000000E+00  0.00000000E+00  0.00000000E+00  0.00000000E+00
  0.00000000E+00  0.00000000E+00  0.00000000E+00  0.00000000E+00  0.00000000E+00
  0.00000000E+00  0.00000000E+00  0.00000000E+00  0.00000000E+00  0.00000000E+00
  0.00000000E+00  0.00000000E+00  0.00000000E+00  0.00000000E+00  0.00000000E+00
  0.00000000E+00  0.00000000E+00  0.00000000E+00  0.00000000E+00  0.00000000E+00
  0.00000000E+00  0.00000000E+00  0.00000000E+00  0.00000000E+00  0.00000000E+00
  0.00000000E+00  0.00000000E+00
  0.10000000E+01  0.25807975E+01  0.34050809E+01  0.34758364E+01  0.30418078E+01
  0.23731062E+01  0.16887676E+01  0.11106892E+01  0.68312428E+00  0.39580661E+00
  0.21779205E+00  0.11436790E+00  0.57656506E-01  0.28000274E-01  0.13157809E-01
  0.59971390E-02  0.26598711E-02  0.11495269E-02  0.48494578E-03  0.19958812E-03
  0.80017146E-04  0.31077733E-04  0.11600252E-04  0.41143710E-05  0.13716777E-05
  0.42568224E-06  0.12221474E-06  0.32361115E-07  0.78951674E-08  0.17744717E-08
  0.36099299E-09  0.60628710E-10 -0.22907074E-11  0.00000000E+00  0.00000000E+00
  0.00000000E+00  0.00000000E+00  0.00000000E+00  0.00000000E+00  0.00000000E+00
  0.00000000E+00  0.00000000E+00  0.00000000E+00  0.00000000E+00  0.00000000E+00
  0.00000000E+00  0.00000000E+00  0.00000000E+00  0.00000000E+00  0.00000000E+00
  0.00000000E+00  0.00000000E+00  0.00000000E+00  0.00000000E+00  0.00000000E+00
  0.00000000E+00  0.00000000E+00  0.00000000E+00  0.00000000E+00  0.00000000E+00
  0.00000000E+00  0.00000000E+00  0.00000000E+00  0.00000000E+00  0.00000000E+00
  0.00000000E+00  0.00000000E+00
  0.10000000E+01  0.26239142E+01  0.35511618E+01  0.37570526E+01  0.34358093E+01
  0.28225487E+01  0.21280527E+01  0.14910415E+01  0.98114772E+00  0.61050770E+00
  0.36180577E+00  0.20514721E+00  0.11189012E+00  0.58890782E-01  0.30034728E-01
  0.14876897E-01  0.71794782E-02  0.33809093E-02  0.15571265E-02  0.70183195E-03
  0.30983981E-03  0.13378798E-03  0.56355993E-04  0.23007079E-04  0.90222044E-05
  0.33587304E-05  0.11743125E-05  0.38202859E-06  0.11499779E-06  0.31946596E-07
  0.81829895E-08  0.19306899E-08  0.41097927E-09  0.00000000E+00  0.00000000E+00
  0.00000000E+00  0.00000000E+00  0.00000000E+00  0.00000000E+00  0.00000000E+00
  0.00000000E+00  0.00000000E+00  0.00000000E+00  0.00000000E+00  0.00000000E+00
  0.00000000E+00  0.00000000E+00  0.00000000E+00  0.00000000E+00  0.00000000E+00
  0.00000000E+00  0.00000000E+00  0.00000000E+00  0.00000000E+00  0.00000000E+00
  0.00000000E+00  0.00000000E+00  0.00000000E+00  0.00000000E+00  0.00000000E+00
  0.00000000E+00  0.00000000E+00  0.00000000E+00  0.00000000E+00  0.00000000E+00
  0.00000000E+00  0.00000000E+00
  0.10000000E+01  0.26594928E+01  0.36752162E+01  0.40040399E+01  0.37970414E+01
  0.32557873E+01  0.25760177E+01  0.19034249E+01  0.13260159E+01  0.87654037E+00
  0.55333447E+00  0.33499850E+00  0.19545073E+00  0.11022540E+00  0.60313780E-01
  0.32091362E-01  0.16653015E-01  0.84411909E-02  0.41891748E-02  0.20374413E-02
  0.97263716E-03  0.45577160E-03  0.20966200E-03  0.94476303E-04  0.41552904E-04
  0.17705835E-04  0.72390983E-05  0.28061143E-05  0.10205501E-05  0.34519985E-06
  0.10805903E-06  0.31237027E-07  0.83351239E-08  0.00000000E+00  0.00000000E+00
  0.00000000E+00  0.00000000E+00  0.00000000E+00  0.00000000E+00  0.00000000E+00
  0.00000000E+00  0.00000000E+00  0.00000000E+00  0.00000000E+00  0.00000000E+00
  0.00000000E+00  0.00000000E+00  0.00000000E+00  0.00000000E+00  0.00000000E+00
  0.00000000E+00  0.00000000E+00  0.00000000E+00  0.00000000E+00  0.00000000E+00
  0.00000000E+00  0.00000000E+00  0.00000000E+00  0.00000000E+00  0.00000000E+00
  0.00000000E+00  0.00000000E+00  0.00000000E+00  0.00000000E+00  0.00000000E+00
  0.00000000E+00  0.00000000E+00
  0.10000000E+01  0.26892175E+01  0.37812885E+01  0.42209864E+01  0.41256114E+01
  0.36664701E+01  0.30211158E+01  0.23349024E+01  0.17073984E+01  0.11884510E+01
  0.79196534E+00  0.50726756E+00  0.31366540E+00  0.18777166E+00  0.10920022E+00
  0.61822965E-01  0.34167318E-01  0.18461428E-01  0.97741704E-02  0.50759039E-02
  0.25900695E-02  0.12993032E-02  0.64142841E-03  0.31149294E-03  0.14872486E-03
  0.69621177E-04  0.31814590E-04  0.14077092E-04  0.59706207E-05  0.23985926E-05
  0.90350998E-06  0.31650715E-06  0.10266301E-06  0.00000000E+00  0.00000000E+00
  0.00000000E+00  0.00000000E+00  0.00000000E+00  0.00000000E+00  0.00000000E+00
  0.00000000E+00  0.00000000E+00  0.00000000E+00  0.00000000E+00  0.00000000E+00
  0.00000000E+00  0.00000000E+00  0.00000000E+00  0.00000000E+00  0.00000000E+00
  0.00000000E+00  0.00000000E+00  0.00000000E+00  0.00000000E+00  0.00000000E+00
  0.00000000E+00  0.00000000E+00  0.00000000E+00  0.00000000E+00  0.00000000E+00
  0.00000000E+00  0.00000000E+00  0.00000000E+00  0.00000000E+00  0.00000000E+00
  0.00000000E+00  0.00000000E+00
  0.10000000E+01  0.27143212E+01  0.38725979E+01  0.44118670E+01  0.44231035E+01
  0.40512720E+01  0.34549786E+01  0.27743182E+01  0.21146167E+01  0.15386460E+01
  0.10743254E+01  0.72250605E+00  0.46985583E+00  0.29625791E+00  0.18168539E+00
  0.10858650E+00  0.63408154E-01  0.36229853E-01  0.20297745E-01  0.11162310E-01
  0.60356141E-02  0.32111241E-02  0.16831039E-02  0.86931903E-03  0.44269405E-03
  0.22209537E-03  0.10965349E-03  0.53101335E-04  0.25095762E-04  0.11475079E-04
  0.50241364E-05  0.20816081E-05  0.80828774E-06  0.00000000E+00  0.00000000E+00
  0.00000000E+00  0.00000000E+00  0.00000000E+00  0.00000000E+00  0.00000000E+00
  0.00000000E+00  0.00000000E+00  0.00000000E+00  0.00000000E+00  0.00000000E+00
  0.00000000E+00  0.00000000E+00  0.00000000E+00  0.00000000E+00  0.00000000E+00
  0.00000000E+00  0.00000000E+00  0.00000000E+00  0.00000000E+00  0.00000000E+00
  0.00000000E+00  0.00000000E+00  0.00000000E+00  0.00000000E+00  0.00000000E+00
  0.00000000E+00  0.00000000E+00  0.00000000E+00  0.00000000E+00  0.00000000E+00
  0.00000000E+00  0.00000000E+00
  0.10000000E+01  0.27840028E+01  0.41344579E+01  0.49795384E+01  0.53514858E+01
  0.53250015E+01  0.49950070E+01  0.44629859E+01  0.38237440E+01  0.31562949E+01
  0.25196022E+01  0.19508497E+01  0.14690501E+01  0.10781760E+01  0.77291496E+00
  0.54208415E+00  0.37263700E+00  0.25138391E+00  0.16668331E+00  0.10873693E+00
  0.69882129E-01  0.44278226E-01  0.27691215E-01  0.17103035E-01  0.10442502E-01
  0.63054553E-02  0.37683912E-02  0.22295838E-02  0.13066778E-02  0.75851924E-03
  0.43620328E-03  0.24834739E-03  0.13988285E-03  0.77796552E-04  0.42607127E-04
  0.22867123E-04  0.11944836E-04  0.60145840E-05  0.28889883E-05  0.13099956E-05
  0.55634432E-06  0.00000000E+00  0.00000000E+00  0.00000000E+00  0.00000000E+00
  0.00000000E+00  0.00000000E+00  0.00000000E+00  0.00000000E+00  0.00000000E+00
  0.00000000E+00  0.00000000E+00  0.00000000E+00  0.00000000E+00  0.00000000E+00
  0.00000000E+00  0.00000000E+00  0.00000000E+00  0.00000000E+00  0.00000000E+00
  0.00000000E+00  0.00000000E+00  0.00000000E+00  0.00000000E+00  0.00000000E+00
  0.00000000E+00  0.00000000E+00
  0.10000000E+01  0.28251526E+01  0.42951500E+01  0.53420767E+01  0.59759443E+01
  0.62376616E+01  0.61843703E+01  0.58830160E+01  0.54029821E+01  0.48110772E+01
  0.41666217E+01  0.35181532E+01  0.29022182E+01  0.23429717E+01  0.18540404E+01
  0.14399743E+01  0.10991371E+01  0.82540300E+00  0.61051208E+00  0.44514931E+00
  0.32028262E+00  0.22754989E+00  0.15977742E+00  0.11094083E+00  0.76232385E-01
  0.51862492E-01  0.34956555E-01  0.23351676E-01  0.15469686E-01  0.10165644E-01
  0.66298267E-02  0.42920167E-02  0.27592675E-02  0.17616861E-02  0.11173353E-02
  0.70389501E-03  0.44046001E-03  0.27363686E-03  0.16869206E-03  0.10307331E-03
  0.62323930E-04  0.37193026E-04  0.21825794E-04  0.12522298E-04  0.69708355E-05
  0.37292170E-05  0.18988818E-05  0.91233420E-06  0.00000000E+00  0.00000000E+00
  0.00000000E+00  0.00000000E+00  0.00000000E+00  0.00000000E+00  0.00000000E+00
  0.00000000E+00  0.00000000E+00  0.00000000E+00  0.00000000E+00  0.00000000E+00
  0.00000000E+00  0.00000000E+00  0.00000000E+00  0.00000000E+00  0.00000000E+00
  0.00000000E+00  0.00000000E+00
  0.10000000E+01  0.28515870E+01  0.44010234E+01  0.55866595E+01  0.64099499E+01
  0.68954374E+01  0.70797502E+01  0.70074178E+01  0.67270184E+01  0.62888133E+01
  0.57415751E+01  0.51303280E+01  0.44942192E+01  0.38652207E+01  0.32677285E+01
  0.27185268E+01  0.22278043E+01  0.17999107E+01  0.14349372E+01  0.11296233E+01
  0.87878992E+00  0.67600038E+00  0.51453414E+00  0.38770725E+00  0.28938739E+00
  0.21405342E+00  0.15698847E+00  0.11420009E+00  0.82438550E-01  0.59072195E-01
  0.42035402E-01  0.29711693E-01  0.20868441E-01  0.14567436E-01  0.10110136E-01
  0.69770406E-02  0.47890990E-02  0.32699471E-02  0.22214212E-02  0.15015075E-02
  0.10099164E-02  0.67585557E-03  0.45000063E-03  0.29799935E-03  0.19620269E-03
  0.12833747E-03  0.83320645E-04  0.53607620E-04  0.34110737E-04  0.21400642E-04
  0.13183210E-04  0.79257471E-05  0.46143729E-05  0.25781318E-05  0.13700895E-05
  0.68695099E-06  0.00000000E+00  0.00000000E+00  0.00000000E+00  0.00000000E+00
  0.00000000E+00  0.00000000E+00  0.00000000E+00  0.00000000E+00  0.00000000E+00
  0.00000000E+00  0.00000000E+00
  0.10000000E+01  0.28696539E+01  0.44748099E+01  0.57598715E+01  0.67232119E+01
  0.73811839E+01  0.77592049E+01  0.78882186E+01  0.78026508E+01  0.75392758E+01
  0.71355243E+01  0.66283293E+01  0.60524182E+01  0.54392828E+01  0.48160732E+01
  0.42050838E+01  0.36235755E+01  0.30838445E+01  0.25937983E+01  0.21573884E+01
  0.17755335E+01  0.14466346E+01  0.11674835E+01  0.93367043E+00  0.74028145E+00
  0.58213272E+00  0.45421173E+00  0.35175734E+00  0.27048774E+00  0.20657962E+00
  0.15675343E+00  0.11820417E+00  0.88607939E-01  0.66041173E-01  0.48953107E-01
  0.36093480E-01  0.26476598E-01  0.19324974E-01  0.14037073E-01  0.10147183E-01
  0.73007722E-02  0.52277562E-02  0.37254143E-02  0.26414885E-02  0.18631148E-02
  0.13065841E-02  0.91053098E-03  0.62995447E-03  0.43219160E-03  0.29352677E-03
  0.19690632E-03  0.13006532E-03  0.84242836E-04  0.53183757E-04  0.32475864E-04
  0.19010178E-04  0.10573949E-04  0.55454423E-05  0.27250771E-05  0.12470070E-05
  0.52585578E-06  0.00000000E+00  0.00000000E+00  0.00000000E+00  0.00000000E+00
  0.00000000E+00  0.00000000E+00
  0.10000000E+01  0.28826202E+01  0.45286738E+01  0.58878519E+01  0.69577589E+01
  0.77505267E+01  0.82852414E+01  0.85846204E+01  0.86738849E+01  0.85801534E+01
  0.83316615E+01  0.79573099E+01  0.74855663E+01  0.69439121E+01  0.63577578E+01
  0.57499865E+01  0.51402864E+01  0.45449618E+01  0.39768235E+01  0.34452792E+01
  0.29566718E+01  0.25145452E+01  0.21202129E+01  0.17730664E+01  0.14711740E+01
  0.12115369E+01  0.99059242E+00  0.80437681E+00  0.64888464E+00  0.52014087E+00
  0.41442166E+00  0.32825858E+00  0.25855249E+00  0.20253772E+00  0.15782532E+00
  0.12235042E+00  0.94375472E-01  0.72436245E-01  0.55326458E-01  0.42050617E-01
  0.31803032E-01  0.23930486E-01  0.17912270E-01  0.13332627E-01  0.98645009E-02
  0.72502221E-02  0.52894287E-02  0.38261527E-02  0.27403496E-02  0.19395087E-02
  0.13531350E-02  0.92745901E-03  0.62171762E-03  0.40501831E-03  0.25434427E-03
  0.15256095E-03  0.86648204E-04  0.46261862E-04  0.23101647E-04  0.10751186E-04
  0.46471541E-05  0.18497979E-05  0.65787831E-06  0.00000000E+00  0.00000000E+00
  0.00000000E+00  0.00000000E+00
  0.10000000E+01  0.28923117E+01  0.45695804E+01  0.59860030E+01  0.71394112E+01
  0.80397182E+01  0.87022798E+01  0.91447109E+01  0.93862331E+01  0.94473011E+01
  0.93493339E+01  0.91146378E+01  0.87657935E+01  0.83254729E+01  0.78155988E+01
  0.72570980E+01  0.66691460E+01  0.60689804E+01  0.54714531E+01  0.48889803E+01
  0.43314586E+01  0.38063513E+01  0.33188945E+01  0.28722681E+01  0.24679639E+01
  0.21059777E+01  0.17852192E+01  0.15036753E+01  0.12587795E+01  0.10475232E+01
  0.86674286E+00  0.71317709E+00  0.58366450E+00  0.47515603E+00  0.38483555E+00
  0.31010225E+00  0.24863331E+00  0.19835037E+00  0.15744389E+00  0.12433440E+00
  0.97674433E-01  0.76311433E-01  0.59278608E-01  0.45762932E-01  0.35092210E-01
  0.26709301E-01  0.20159195E-01  0.15069667E-01  0.11139949E-01  0.81264660E-02
  0.58345813E-02  0.41084880E-02  0.28240192E-02  0.18822817E-02  0.12063702E-02
  0.73651850E-03  0.42464328E-03  0.22960062E-03  0.11589342E-03  0.54463445E-04
  0.23794331E-04  0.96327851E-05  0.35703091E-05  0.11520383E-05  0.24497135E-06
  0.00000000E+00  0.00000000E+00
  0.10000000E+01  0.28998077E+01  0.46017081E+01  0.60637280E+01  0.72843387E+01
  0.82722733E+01  0.90405810E+01  0.96035958E+01  0.99765414E+01  0.10175278E+02
  0.10216311E+02  0.10116898E+02  0.98947638E+01  0.95681435E+01  0.91552013E+01
  0.86739768E+01  0.81417142E+01  0.75747704E+01  0.69880631E+01  0.63950096E+01
  0.58072084E+01  0.52344468E+01  0.46846329E+01  0.41638694E+01  0.36765846E+01
  0.32256464E+01  0.28126125E+01  0.24378517E+01  0.21008366E+01  0.18002479E+01
  0.15342520E+01  0.13005752E+01  0.10967340E+01  0.92007639E+00  0.76795406E+00
  0.63773465E+00  0.52691822E+00  0.43312879E+00  0.35418493E+00  0.28807837E+00
  0.23301095E+00  0.18736740E+00  0.14972968E+00  0.11884883E+00  0.93646241E-01
  0.73187195E-01  0.56675174E-01  0.43430035E-01  0.32878719E-01  0.24536740E-01
  0.18001160E-01  0.12935949E-01  0.90613669E-02  0.61448576E-02  0.39993753E-02
  0.24745501E-02  0.14429660E-02  0.78762672E-03  0.40073019E-03  0.18961639E-03
  0.83389313E-04  0.34040577E-04  0.12821768E-04  0.43382413E-05  0.11617066E-05
  0.32213387E-07  0.00000000E+00
  0.10000000E+01  0.29057694E+01  0.46276317E+01  0.61268809E+01  0.74027666E+01
  0.84633878E+01  0.93202876E+01  0.99855991E+01  0.10471798E+02  0.10791528E+02
  0.10957764E+02  0.10983994E+02  0.10884151E+02  0.10672772E+02  0.10364627E+02
  0.99747952E+01  0.95181319E+01  0.90092766E+01  0.84621168E+01  0.78897727E+01
  0.73041827E+01  0.67161005E+01  0.61348612E+01  0.55684098E+01  0.50232481E+01
  0.45044928E+01  0.40159655E+01  0.35602687E+01  0.31389638E+01  0.27526498E+01
  0.24011784E+01  0.20837215E+01  0.17989840E+01  0.15452528E+01  0.13205825E+01
  0.11228243E+01  0.94977247E+00  0.79917497E+00  0.66884046E+00  0.55663398E+00
  0.46054850E+00  0.37869128E+00  0.30932675E+00  0.25085745E+00  0.20184725E+00
  0.16099916E+00  0.12716453E+00  0.99323967E-01  0.76585771E-01  0.58166188E-01
  0.43390438E-01  0.31675334E-01  0.22515707E-01  0.15475200E-01  0.10193482E-01
  0.63730689E-02  0.37492429E-02  0.20616389E-02  0.10553896E-02  0.50199453E-03
  0.22181325E-03  0.91019476E-04  0.34573464E-04  0.11950857E-04  0.34772223E-05
  0.47764942E-06  0.00000000E+00
  0.10000000E+01  0.29106117E+01  0.46489657E+01  0.61791521E+01  0.75012052E+01
  0.86228761E+01  0.95546649E+01  0.10307160E+02  0.10890883E+02  0.11316178E+02
  0.11593455E+02  0.11733410E+02  0.11747083E+02  0.11646070E+02  0.11442306E+02
  0.11148217E+02  0.10776318E+02  0.10339294E+02  0.98495343E+01  0.93191703E+01
  0.87596479E+01  0.81817492E+01  0.75952758E+01  0.70090720E+01  0.64308499E+01
  0.58672230E+01  0.53236657E+01  0.48045590E+01  0.43132550E+01  0.38521287E+01
  0.34227105E+01  0.30257363E+01  0.26613122E+01  0.23289569E+01  0.20277694E+01
  0.17564600E+01  0.15135020E+01  0.12971502E+01  0.11055667E+01  0.93682736E+00
  0.78901828E+00  0.66023374E+00  0.54864398E+00  0.45248627E+00  0.37011155E+00
  0.29996844E+00  0.24063124E+00  0.19078789E+00  0.14924948E+00  0.11493189E+00
  0.86872590E-01  0.64212565E-01  0.46179105E-01  0.32080722E-01  0.21334761E-01
  0.13450242E-01  0.79688283E-02  0.44078675E-02  0.22675687E-02  0.10830249E-02
  0.48029401E-03  0.19781641E-03  0.75535300E-04  0.26419736E-04  0.80057729E-05
  0.14991477E-05 -0.71417603E-06
    60
  0.10000000E+01  0.28018641E+00  0.52173412E+00  0.68446016E-01  0.49049329E-02
  0.24858338E-03  0.99768682E-05  0.33760442E-06  0.99951844E-08  0.26496309E-09
  0.51206112E-11  0.54759666E-12 -0.13500250E-11  0.50692098E-12 -0.14285236E-11
  0.60044974E-12 -0.16071761E-11  0.66595025E-12 -0.19186746E-11  0.71673560E-12
 -0.22196127E-11  0.78226850E-12 -0.23974191E-11  0.86989592E-12 -0.24991311E-11
  0.96215863E-12 -0.26499560E-11  0.10334136E-11 -0.29121796E-11  0.10877440E-11
 -0.32100625E-11  0.11443158E-11 -0.34272976E-11  0.00000000E+00  0.00000000E+00
  0.00000000E+00  0.00000000E+00  0.00000000E+00  0.00000000E+00  0.00000000E+00
  0.00000000E+00  0.00000000E+00  0.00000000E+00  0.00000000E+00  0.00000000E+00
  0.00000000E+00  0.00000000E+00  0.00000000E+00  0.00000000E+00  0.00000000E+00
  0.00000000E+00  0.00000000E+00  0.00000000E+00  0.00000000E+00  0.00000000E+00
  0.00000000E+00  0.00000000E+00  0.00000000E+00  0.00000000E+00  0.00000000E+00
  0.00000000E+00
  0.10000000E+01  0.60876037E+00  0.60465080E+00  0.15989658E+00  0.24873068E-01
  0.27649179E-02  0.24398408E-03  0.18168386E-04  0.11847655E-05  0.69171231E-07
  0.36580765E-08  0.17607407E-09  0.67049348E-11  0.20817633E-12 -0.10304871E-11
 -0.73560166E-13 -0.11666764E-11 -0.10759484E-12 -0.14285408E-11 -0.17443695E-12
 -0.16815148E-11 -0.20754302E-12 -0.18051221E-11 -0.18956653E-12 -0.18513440E-11
 -0.16684454E-12 -0.19496141E-11 -0.18260521E-12 -0.21619373E-11 -0.23835889E-12
 -0.24129153E-11 -0.28481965E-12 -0.25814716E-11  0.00000000E+00  0.00000000E+00
  0.00000000E+00  0.00000000E+00  0.00000000E+00  0.00000000E+00  0.00000000E+00
  0.00000000E+00  0.00000000E+00  0.00000000E+00  0.00000000E+00  0.00000000E+00
  0.00000000E+00  0.00000000E+00  0.00000000E+00  0.00000000E+00  0.00000000E+00
  0.00000000E+00  0.00000000E+00  0.00000000E+00  0.00000000E+00  0.00000000E+00
  0.00000000E+00  0.00000000E+00  0.00000000E+00  0.00000000E+00  0.00000000E+00
  0.00000000E+00
  0.10000000E+01  0.10010287E+01  0.79441493E+00  0.30811142E+00  0.78312727E-01
  0.14664075E-01  0.22101950E-02  0.28273532E-03  0.31783445E-04  0.32102543E-05
  0.29505112E-06  0.24806806E-07  0.19077439E-08  0.13359965E-09  0.75844424E-11
 -0.27103162E-13 -0.10879799E-11 -0.63162309E-12 -0.13768117E-11 -0.79407973E-12
 -0.16308835E-11 -0.90095189E-12 -0.17497131E-11 -0.92242418E-12 -0.17832851E-11
 -0.93603946E-12 -0.18722584E-11 -0.10141292E-11 -0.20819728E-11 -0.11533661E-11
 -0.23341199E-11 -0.12765305E-11 -0.25008561E-11  0.00000000E+00  0.00000000E+00
  0.00000000E+00  0.00000000E+00  0.00000000E+00  0.00000000E+00  0.00000000E+00
  0.00000000E+00  0.00000000E+00  0.00000000E+00  0.00000000E+00  0.00000000E+00
  0.00000000E+00  0.00000000E+00  0.00000000E+00  0.00000000E+00  0.00000000E+00
  0.00000000E+00  0.00000000E+00  0.00000000E+00  0.00000000E+00  0.00000000E+00
  0.00000000E+00  0.00000000E+00  0.00000000E+00  0.00000000E+00  0.00000000E+00
  0.00000000E+00
  0.10000000E+01  0.13800506E+01  0.10927871E+01  0.53215994E+00  0.18638865E+00
  0.50206738E-01  0.11126927E-01  0.21141390E-02  0.35530253E-03  0.53941429E-04
  0.74978772E-05  0.96026476E-06  0.11338518E-06  0.12306986E-07  0.12218954E-08
  0.11004109E-09  0.77952558E-11 -0.31435298E-12 -0.16100536E-11 -0.12342211E-11
 -0.19525457E-11 -0.14008308E-11 -0.21030934E-11 -0.14479735E-11 -0.21544858E-11
 -0.14776658E-11 -0.22658098E-11 -0.15984636E-11 -0.25121557E-11 -0.18073271E-11
 -0.28067075E-11 -0.19963080E-11 -0.30064932E-11  0.00000000E+00  0.00000000E+00
  0.00000000E+00  0.00000000E+00  0.00000000E+00  0.00000000E+00  0.00000000E+00
  0.00000000E+00  0.00000000E+00  0.00000000E+00  0.00000000E+00  0.00000000E+00
  0.00000000E+00  0.00000000E+00  0.00000000E+00  0.00000000E+00  0.00000000E+00
  0.00000000E+00  0.00000000E+00  0.00000000E+00  0.00000000E+00  0.00000000E+00
  0.00000000E+00  0.00000000E+00  0.00000000E+00  0.00000000E+00  0.00000000E+00
  0.00000000E+00
  0.10000000E+01  0.16953529E+01  0.14553088E+01  0.83584194E+00  0.36597852E+00
  0.12822475E+00  0.37811338E-01  0.96805411E-02  0.22110335E-02  0.45901820E-03
  0.87829916E-04  0.15614243E-04  0.25858910E-05  0.39801051E-06  0.56632070E-07
  0.74047245E-08  0.88411305E-09  0.95246618E-10  0.75457138E-11 -0.82613237E-12
 -0.23432577E-11 -0.19134463E-11 -0.26077905E-11 -0.19938542E-11 -0.26896830E-11
 -0.20455871E-11 -0.28344962E-11 -0.22110181E-11 -0.31285296E-11 -0.24825653E-11
 -0.34779390E-11 -0.27358901E-11 -0.37263178E-11  0.00000000E+00  0.00000000E+00
  0.00000000E+00  0.00000000E+00  0.00000000E+00  0.00000000E+00  0.00000000E+00
  0.00000000E+00  0.00000000E+00  0.00000000E+00  0.00000000E+00  0.00000000E+00
  0.00000000E+00  0.00000000E+00  0.00000000E+00  0.00000000E+00  0.00000000E+00
  0.00000000E+00  0.00000000E+00  0.00000000E+00  0.00000000E+00  0.00000000E+00
  0.00000000E+00  0.00000000E+00  0.00000000E+00  0.00000000E+00  0.00000000E+00
  0.00000000E+00
  0.10000000E+01  0.19367531E+01  0.18282711E+01  0.12009704E+01  0.62208426E+00
  0.26566970E+00  0.97359284E-01  0.31376704E-01  0.91012711E-02  0.24144061E-02
  0.59369192E-03  0.13652182E-03  0.29509837E-04  0.59970367E-05  0.11410792E-05
  0.20185204E-06  0.32946104E-07  0.49307923E-08  0.67228836E-09  0.82003573E-10
  0.66797970E-11 -0.15110934E-11 -0.30638340E-11 -0.26218105E-11 -0.32783970E-11
 -0.27206940E-11 -0.34660962E-11 -0.29377987E-11 -0.38098727E-11 -0.32732483E-11
 -0.42156894E-11 -0.35938014E-11 -0.45221055E-11  0.00000000E+00  0.00000000E+00
  0.00000000E+00  0.00000000E+00  0.00000000E+00  0.00000000E+00  0.00000000E+00
  0.00000000E+00  0.00000000E+00  0.00000000E+00  0.00000000E+00  0.00000000E+00
  0.00000000E+00  0.00000000E+00  0.00000000E+00  0.00000000E+00  0.00000000E+00
  0.00000000E+00  0.00000000E+00  0.00000000E+00  0.00000000E+00  0.00000000E+00
  0.00000000E+00  0.00000000E+00  0.00000000E+00  0.00000000E+00  0.00000000E+00
  0.00000000E+00
  0.10000000E+01  0.21162026E+01  0.21759264E+01  0.15978050E+01  0.94548046E+00
  0.47131012E+00  0.20472687E+00  0.79115180E-01  0.27744405E-01  0.89513249E-02
  0.26901525E-02  0.75970555E-03  0.20295991E-03  0.51451278E-04  0.12368429E-04
  0.28052764E-05  0.59553797E-06  0.11728935E-06  0.21267993E-07  0.35315957E-08
  0.53337736E-09  0.71364169E-10  0.57132482E-11 -0.22228185E-11 -0.37970101E-11
 -0.34507607E-11 -0.41446894E-11 -0.37308113E-11 -0.45370619E-11 -0.41296975E-11
 -0.50057784E-11 -0.45365257E-11 -0.54233143E-11  0.00000000E+00  0.00000000E+00
  0.00000000E+00  0.00000000E+00  0.00000000E+00  0.00000000E+00  0.00000000E+00
  0.00000000E+00  0.00000000E+00  0.00000000E+00  0.00000000E+00  0.00000000E+00
  0.00000000E+00  0.00000000E+00  0.00000000E+00  0.00000000E+00  0.00000000E+00
  0.00000000E+00  0.00000000E+00  0.00000000E+00  0.00000000E+00  0.00000000E+00
  0.00000000E+00  0.00000000E+00  0.00000000E+00  0.00000000E+00  0.00000000E+00
  0.00000000E+00
  0.10000000E+01  0.22500733E+01  0.24830795E+01  0.19983873E+01  0.13172392E+01
  0.74327618E+00  0.36994995E+00  0.16544720E+00  0.67633015E-01  0.25577772E-01
  0.90495516E-02  0.30198547E-02  0.95723167E-03  0.28954935E-03  0.83788222E-04
  0.23169357E-04  0.60929537E-05  0.15112105E-05  0.35010095E-06  0.75082113E-07
  0.14806215E-07  0.26730686E-08  0.43848486E-09  0.63076268E-10  0.47452511E-11
 -0.30249758E-11 -0.47211650E-11 -0.45217518E-11 -0.52980245E-11 -0.50001635E-11
 -0.58555340E-11 -0.55582497E-11 -0.65207393E-11  0.00000000E+00  0.00000000E+00
  0.00000000E+00  0.00000000E+00  0.00000000E+00  0.00000000E+00  0.00000000E+00
  0.00000000E+00  0.00000000E+00  0.00000000E+00  0.00000000E+00  0.00000000E+00
  0.00000000E+00  0.00000000E+00  0.00000000E+00  0.00000000E+00  0.00000000E+00
  0.00000000E+00  0.00000000E+00  0.00000000E+00  0.00000000E+00  0.00000000E+00
  0.00000000E+00  0.00000000E+00  0.00000000E+00  0.00000000E+00  0.00000000E+00
  0.00000000E+00
  0.10000000E+01  0.23518393E+01  0.27474383E+01  0.23829935E+01  0.17157086E+01
  0.10709812E+01  0.59560611E+00  0.30013841E+00  0.13913096E+00  0.59969122E-01
  0.24276652E-01  0.92989173E-02  0.33931370E-02  0.11853291E-02  0.39796385E-03
  0.12863022E-03  0.39992292E-04  0.11906503E-04  0.33679131E-05  0.89602967E-06
  0.22198626E-06  0.50798816E-07  0.10679570E-07  0.20556038E-08  0.35900557E-09
  0.54204910E-10  0.32871582E-11 -0.40604853E-11 -0.58795491E-11 -0.58202491E-11
 -0.67645101E-11 -0.67123863E-11 -0.79289388E-11  0.00000000E+00  0.00000000E+00
  0.00000000E+00  0.00000000E+00  0.00000000E+00  0.00000000E+00  0.00000000E+00
  0.00000000E+00  0.00000000E+00  0.00000000E+00  0.00000000E+00  0.00000000E+00
  0.00000000E+00  0.00000000E+00  0.00000000E+00  0.00000000E+00  0.00000000E+00
  0.00000000E+00  0.00000000E+00  0.00000000E+00  0.00000000E+00  0.00000000E+00
  0.00000000E+00  0.00000000E+00  0.00000000E+00  0.00000000E+00  0.00000000E+00
  0.00000000E+00
  0.10000000E+01  0.24309977E+01  0.29725782E+01  0.27404748E+01  0.21216694E+01
  0.14392057E+01  0.87715025E+00  0.48792770E+00  0.25107503E+00  0.12068150E+00
  0.54673888E-01  0.23505433E-01  0.96502000E-02  0.38015257E-02  0.14430075E-02
  0.52930330E-03  0.18792313E-03  0.64533306E-04  0.21358084E-04  0.67643703E-05
  0.20303079E-05  0.57138863E-06  0.14936484E-06  0.36018848E-07  0.79791588E-08
  0.16192884E-08  0.29764352E-09  0.46418505E-10  0.16569283E-11 -0.53781875E-11
 -0.75844882E-11 -0.80685013E-11 -0.97350135E-11  0.00000000E+00  0.00000000E+00
  0.00000000E+00  0.00000000E+00  0.00000000E+00  0.00000000E+00  0.00000000E+00
  0.00000000E+00  0.00000000E+00  0.00000000E+00  0.00000000E+00  0.00000000E+00
  0.00000000E+00  0.00000000E+00  0.00000000E+00  0.00000000E+00  0.00000000E+00
  0.00000000E+00  0.00000000E+00  0.00000000E+00  0.00000000E+00  0.00000000E+00
  0.00000000E+00  0.00000000E+00  0.00000000E+00  0.00000000E+00  0.00000000E+00
  0.00000000E+00
  0.10000000E+01  0.24939331E+01  0.31639241E+01  0.30661014E+01  0.25205852E+01
  0.18319594E+01  0.12050875E+01  0.72810480E+00  0.40897423E+00  0.21546890E+00
  0.10734665E+00  0.50887556E-01  0.23086855E-01  0.10069284E-01  0.42393460E-02
  0.17282691E-02  0.68396647E-03  0.26309157E-03  0.98334165E-04  0.35609298E-04
  0.12419272E-04  0.41340407E-05  0.12994869E-05  0.38174470E-06  0.10393735E-06
  0.26085038E-07  0.60159415E-08  0.12718800E-08  0.24266617E-09  0.37771744E-10
 -0.13168554E-11 -0.85707682E-11 -0.11724180E-10  0.00000000E+00  0.00000000E+00
  0.00000000E+00  0.00000000E+00  0.00000000E+00  0.00000000E+00  0.00000000E+00
  0.00000000E+00  0.00000000E+00  0.00000000E+00  0.00000000E+00  0.00000000E+00
  0.00000000E+00  0.00000000E+00  0.00000000E+00  0.00000000E+00  0.00000000E+00
  0.00000000E+00  0.00000000E+00  0.00000000E+00  0.00000000E+00  0.00000000E+00
  0.00000000E+00  0.00000000E+00  0.00000000E+00  0.00000000E+00  0.00000000E+00
  0.00000000E+00
  0.10000000E+01  0.25449356E+01  0.33269358E+01  0.33591839E+01  0.29027724E+01
  0.22349952E+01  0.15675874E+01  0.10155029E+01  0.61432764E+00  0.34989515E+00
  0.18901273E+00  0.97397952E-01  0.48130355E-01  0.22904543E-01  0.10537674E-01
  0.47012967E-02  0.20395132E-02  0.86201191E-03  0.35541195E-03  0.14293694E-03
  0.55965199E-04  0.21232812E-04  0.77460608E-05  0.26899673E-05  0.87967168E-06
  0.26829031E-06  0.75769203E-07  0.19729048E-07  0.47251368E-08  0.10374941E-08
  0.20310492E-09  0.28672269E-10 -0.70037300E-11  0.00000000E+00  0.00000000E+00
  0.00000000E+00  0.00000000E+00  0.00000000E+00  0.00000000E+00  0.00000000E+00
  0.00000000E+00  0.00000000E+00  0.00000000E+00  0.00000000E+00  0.00000000E+00
  0.00000000E+00  0.00000000E+00  0.00000000E+00  0.00000000E+00  0.00000000E+00
  0.00000000E+00  0.00000000E+00  0.00000000E+00  0.00000000E+00  0.00000000E+00
  0.00000000E+00  0.00000000E+00  0.00000000E+00  0.00000000E+00  0.00000000E+00
  0.00000000E+00
  0.10000000E+01  0.25869446E+01  0.34664471E+01  0.36212612E+01  0.32625810E+01
  0.26369389E+01  0.19526247E+01  0.13421146E+01  0.86494836E+00  0.52662220E+00
  0.30494734E+00  0.16883672E+00  0.89813590E-01  0.46084056E-01  0.22891260E-01
  0.11040032E-01  0.51834434E-02  0.23742388E-02  0.10628018E-02  0.46542187E-03
  0.19943169E-03  0.83504417E-04  0.34047450E-04  0.13432928E-04  0.50823468E-05
  0.18245088E-05  0.61502264E-06  0.19299681E-06  0.56046026E-07  0.15011773E-07
  0.36997797E-08  0.83310905E-09  0.16304845E-09  0.00000000E+00  0.00000000E+00
  0.00000000E+00  0.00000000E+00  0.00000000E+00  0.00000000E+00  0.00000000E+00
  0.00000000E+00  0.00000000E+00  0.00000000E+00  0.00000000E+00  0.00000000E+00
  0.00000000E+00  0.00000000E+00  0.00000000E+00  0.00000000E+00  0.00000000E+00
  0.00000000E+00  0.00000000E+00  0.00000000E+00  0.00000000E+00  0.00000000E+00
  0.00000000E+00  0.00000000E+00  0.00000000E+00  0.00000000E+00  0.00000000E+00
  0.00000000E+00
  0.10000000E+01  0.26220271E+01  0.35865154E+01  0.38549260E+01  0.35973293E+01
  0.30294604E+01  0.23493437E+01  0.16986884E+01  0.11558809E+01  0.74539327E+00
  0.45834134E+00  0.27005482E+00  0.15315138E+00  0.83903899E-01  0.44555835E-01
  0.22998110E-01  0.11568011E-01  0.56821046E-02  0.27305836E-02  0.12855902E-02
  0.59359097E-03  0.26885197E-03  0.11935530E-03  0.51805383E-04  0.21877785E-04
  0.89211116E-05  0.34782868E-05  0.12829655E-05  0.44335011E-06  0.14245838E-06
  0.42356711E-07  0.11622661E-07  0.29364823E-08  0.00000000E+00  0.00000000E+00
  0.00000000E+00  0.00000000E+00  0.00000000E+00  0.00000000E+00  0.00000000E+00
  0.00000000E+00  0.00000000E+00  0.00000000E+00  0.00000000E+00  0.00000000E+00
  0.00000000E+00  0.00000000E+00  0.00000000E+00  0.00000000E+00  0.00000000E+00
  0.00000000E+00  0.00000000E+00  0.00000000E+00  0.00000000E+00  0.00000000E+00
  0.00000000E+00  0.00000000E+00  0.00000000E+00  0.00000000E+00  0.00000000E+00
  0.00000000E+00
  0.10000000E+01  0.26516748E+01  0.36904674E+01  0.40631328E+01  0.39063403E+01
  0.34069332E+01  0.27487148E+01  0.20759652E+01  0.14804892E+01  0.10034997E+01
  0.65012506E+00  0.40440577E+00  0.24253385E+00  0.14071552E+00  0.79230719E-01
  0.43407315E-01  0.23195474E-01  0.12114032E-01  0.61947167E-02  0.31063283E-02
  0.15293896E-02  0.73993548E-03  0.35190957E-03  0.16444207E-03  0.75368490E-04
  0.33757426E-04  0.14686053E-04  0.61526075E-05  0.24569717E-05  0.92565825E-06
  0.32612233E-06  0.10675926E-06  0.32351112E-07  0.00000000E+00  0.00000000E+00
  0.00000000E+00  0.00000000E+00  0.00000000E+00  0.00000000E+00  0.00000000E+00
  0.00000000E+00  0.00000000E+00  0.00000000E+00  0.00000000E+00  0.00000000E+00
  0.00000000E+00  0.00000000E+00  0.00000000E+00  0.00000000E+00  0.00000000E+00
  0.00000000E+00  0.00000000E+00  0.00000000E+00  0.00000000E+00  0.00000000E+00
  0.00000000E+00  0.00000000E+00  0.00000000E+00  0.00000000E+00  0.00000000E+00
  0.00000000E+00
  0.10000000E+01  0.27343320E+01  0.39920773E+01  0.46968497E+01  0.49055451E+01
  0.47191463E+01  0.42579713E+01  0.36413612E+01  0.29724514E+01  0.23280613E+01
  0.17568136E+01  0.12817439E+01  0.90686941E+00  0.62385751E+00  0.41826909E+00
  0.27387208E+00  0.17546321E+00  0.11017576E+00  0.67906616E-01  0.41137815E-01
  0.24525017E-01  0.14403892E-01  0.83421584E-02  0.47683033E-02  0.26918385E-02
  0.15016438E-02  0.82807592E-03  0.45141531E-03  0.24317813E-03  0.12932146E-03
  0.67758366E-04  0.34861180E-04  0.17520575E-04  0.85393014E-05  0.40002260E-05
  0.17839780E-05  0.75079470E-06  0.00000000E+00  0.00000000E+00  0.00000000E+00
  0.00000000E+00  0.00000000E+00  0.00000000E+00  0.00000000E+00  0.00000000E+00
  0.00000000E+00  0.00000000E+00  0.00000000E+00  0.00000000E+00  0.00000000E+00
  0.00000000E+00  0.00000000E+00  0.00000000E+00  0.00000000E+00  0.00000000E+00
  0.00000000E+00  0.00000000E+00  0.00000000E+00  0.00000000E+00  0.00000000E+00
  0.00000000E+00
  0.10000000E+01  0.27837267E+01  0.41805465E+01  0.51139116E+01  0.56073412E+01
  0.57157533E+01  0.55127889E+01  0.50812831E+01  0.45044059E+01  0.38573628E+01
  0.32019545E+01  0.25834659E+01  0.20308501E+01  0.15585533E+01  0.11698514E+01
  0.86021619E+00  0.62058326E+00  0.43982928E+00  0.30661608E+00  0.21047948E+00
  0.14242084E+00  0.95078789E-01  0.62677380E-01  0.40830647E-01  0.26303781E-01
  0.16767969E-01  0.10583399E-01  0.66171586E-02  0.41002782E-02  0.25188706E-02
  0.15344960E-02  0.92715222E-03  0.55558046E-03  0.33008802E-03  0.19432379E-03
  0.11322523E-03  0.65175509E-04  0.36959005E-04  0.20560664E-04  0.11155934E-04
  0.58600096E-05  0.29548177E-05  0.14180714E-05  0.64287539E-06  0.00000000E+00
  0.00000000E+00  0.00000000E+00  0.00000000E+00  0.00000000E+00  0.00000000E+00
  0.00000000E+00  0.00000000E+00  0.00000000E+00  0.00000000E+00  0.00000000E+00
  0.00000000E+00  0.00000000E+00  0.00000000E+00  0.00000000E+00  0.00000000E+00
  0.00000000E+00
  0.10000000E+01  0.28159305E+01  0.43068211E+01  0.54018642E+01  0.61101676E+01
  0.64628001E+01  0.65051348E+01  0.62922125E+01  0.58843080E+01  0.53420824E+01
  0.47223092E+01  0.40741945E+01  0.34372735E+01  0.28404450E+01  0.23024694E+01
  0.18331577E+01  0.14352276E+01  0.11061718E+01  0.84011338E+00  0.62930248E+00
  0.46532231E+00  0.33990275E+00  0.24545620E+00  0.17534610E+00  0.12399019E+00
  0.86834104E-01  0.60260450E-01  0.41459147E-01  0.28290947E-01  0.19155287E-01
  0.12873762E-01  0.85909603E-02  0.56941129E-02  0.37494435E-02  0.24533047E-02
  0.15952871E-02  0.10309874E-02  0.66217280E-03  0.42257740E-03  0.26784491E-03
  0.16850332E-03  0.10510449E-03  0.64898917E-04  0.39579380E-04  0.23764001E-04
  0.13984995E-04  0.80198400E-05  0.44500307E-05  0.23709104E-05  0.12039235E-05
  0.57899366E-06  0.00000000E+00  0.00000000E+00  0.00000000E+00  0.00000000E+00
  0.00000000E+00  0.00000000E+00  0.00000000E+00  0.00000000E+00  0.00000000E+00
  0.00000000E+00
  0.10000000E+01  0.28382812E+01  0.43961365E+01  0.56095551E+01  0.64813280E+01
  0.70298608E+01  0.72839647E+01  0.72803298E+01  0.70613392E+01  0.66725317E+01
  0.61599989E+01  0.55676893E+01  0.49352331E+01  0.42962329E+01  0.36774250E+01
  0.30984226E+01  0.25721731E+01  0.21057380E+01  0.17014020E+01  0.13577887E+01
  0.10709840E+01  0.83548402E+00  0.64499896E+00  0.49304472E+00  0.37337561E+00
  0.28025008E+00  0.20858374E+00  0.15400281E+00  0.11283836E+00  0.82075992E-01
  0.59285136E-01  0.42537261E-01  0.30324732E-01  0.21484244E-01  0.15129071E-01
  0.10590657E-01  0.73701003E-02  0.50985683E-02  0.35057901E-02  0.23953202E-02
  0.16254715E-02  0.10947786E-02  0.73107153E-03  0.48334012E-03  0.31574798E-03
  0.20325773E-03  0.12846507E-03  0.79331325E-04  0.47571499E-04  0.27501329E-04
  0.15211120E-04  0.79923553E-05  0.39657022E-05  0.18500086E-05  0.80876456E-06
  0.00000000E+00  0.00000000E+00  0.00000000E+00  0.00000000E+00  0.00000000E+00
  0.00000000E+00
  0.10000000E+01  0.28545403E+01  0.44620511E+01  0.57649714E+01  0.67634397E+01
  0.74688794E+01  0.79002618E+01  0.80825595E+01  0.80456106E+01  0.78228328E+01
  0.74497950E+01  0.69625451E+01  0.63960032E+01  0.57824364E+01  0.51503221E+01
  0.45235266E+01  0.39209768E+01  0.33566457E+01  0.28399124E+01  0.23760877E+01
  0.19671152E+01  0.16122768E+01  0.13089105E+01  0.10530344E+01  0.83989778E+00
  0.66440925E+00  0.52147364E+00  0.40622290E+00  0.31417197E+00  0.24130282E+00
  0.18410116E+00  0.13955336E+00  0.10512040E+00  0.78695260E-01  0.58553535E-01
  0.43301078E-01  0.31823488E-01  0.23238997E-01  0.16856550E-01  0.12139235E-01
  0.86733053E-02  0.61423195E-02  0.43059624E-02  0.29829203E-02  0.20372546E-02
  0.13676110E-02  0.89878381E-03  0.57524684E-03  0.35622960E-03  0.21185573E-03
  0.12007681E-03  0.64412039E-04  0.32520008E-04  0.15393162E-04  0.68152558E-05
  0.28181200E-05  0.10854233E-05  0.38529059E-06  0.00000000E+00  0.00000000E+00
  0.00000000E+00
  0.10000000E+01  0.28668028E+01  0.45123455E+01  0.58848098E+01  0.69834236E+01
  0.78156195E+01  0.83943517E+01  0.87370797E+01  0.88651211E+01  0.88029929E+01
  0.85776679E+01  0.82176207E+01  0.77517934E+01  0.72084882E+01  0.66143766E+01
  0.59936253E+01  0.53672890E+01  0.47529087E+01  0.41643979E+01  0.36121059E+01
  0.31030920E+01  0.26414888E+01  0.22289674E+01  0.18652040E+01  0.15483593E+01
  0.12755042E+01  0.10430067E+01  0.84684520E+00  0.68286795E+00  0.54698334E+00
  0.43530105E+00  0.34422216E+00  0.27049344E+00  0.21122952E+00  0.16391395E+00
  0.12638344E+00  0.96802482E-01  0.73631568E-01  0.55593125E-01  0.41637016E-01
  0.30907702E-01  0.22713825E-01  0.16500851E-01  0.11827035E-01  0.83428220E-02
  0.57731431E-02  0.39024930E-02  0.25628963E-02  0.16242409E-02  0.98580544E-03
  0.56861788E-03  0.30958488E-03  0.15826051E-03  0.75695948E-04  0.33811418E-04
  0.14093555E-04  0.54778863E-05  0.19771483E-05  0.64942728E-06  0.00000000E+00
  0.00000000E+00
  0.10000000E+01  0.28763071E+01  0.45517088E+01  0.59793855E+01  0.71585047E+01
  0.80941507E+01  0.87954784E+01  0.92750417E+01  0.95483843E+01  0.96336868E+01
  0.95513906E+01  0.93236825E+01  0.89738779E+01  0.85256941E+01  0.80025177E+01
  0.74266786E+01  0.68188397E+01  0.61974871E+01  0.55786023E+01  0.49754645E+01
  0.43986294E+01  0.38560112E+01  0.33530901E+01  0.28931712E+01  0.24777039E+01
  0.21066048E+01  0.17785877E+01  0.14914646E+01  0.12424231E+01  0.10282601E+01
  0.84558003E+00  0.69095019E+00  0.56102135E+00  0.45261316E+00  0.36277293E+00
  0.28880937E+00  0.22830883E+00  0.17913622E+00  0.13942636E+00  0.10756741E+00
  0.82180399E-01  0.62096131E-01  0.46331235E-01  0.34064668E-01  0.24615892E-01
  0.17423964E-01  0.12028282E-01  0.80526896E-02  0.51922674E-02  0.31995747E-02
  0.18698570E-02  0.10294201E-02  0.53117199E-03  0.25604753E-03  0.11512279E-03
  0.48262127E-04  0.18865744E-04  0.68644642E-05  0.22992704E-05  0.67182802E-06
  0.00000000E+00
  0.10000000E+01  0.28838181E+01  0.45830753E+01  0.60552585E+01  0.72998870E+01
  0.83206337E+01  0.91241799E+01  0.97198032E+01  0.10119097E+02  0.10335764E+02
  0.10385429E+02  0.10285375E+02  0.10054193E+02  0.97113338E+01  0.92766131E+01
  0.87696730E+01  0.82094755E+01  0.76138276E+01  0.69990026E+01  0.63794394E+01
  0.57675631E+01  0.51736917E+01  0.46060524E+01  0.40708628E+01  0.35724881E+01
  0.31136306E+01  0.26955573E+01  0.23183294E+01  0.19810385E+01  0.16820237E+01
  0.14190767E+01  0.11896175E+01  0.99084838E+00  0.81987881E+00  0.67382680E+00
  0.54989531E+00  0.44542908E+00  0.35795219E+00  0.28519198E+00  0.22508943E+00
  0.17580105E+00  0.13569360E+00  0.10333285E+00  0.77469514E-01  0.57024346E-01
  0.41070199E-01  0.28813056E-01  0.19577018E-01  0.12791964E-01  0.79755328E-02
  0.47083530E-02  0.26144837E-02  0.13588318E-02  0.65898569E-03  0.29779791E-03
  0.12538993E-03  0.49215879E-04  0.17996740E-04  0.60882901E-05  0.18388474E-05
  0.40638294E-06
  0.10000000E+01  0.28898290E+01  0.46083556E+01  0.61167508E+01  0.74150690E+01
  0.85061247E+01  0.93949435E+01  0.10088565E+02  0.10595840E+02  0.10927297E+02
  0.11095049E+02  0.11112661E+02  0.10994969E+02  0.10757812E+02  0.10417716E+02
  0.99915211E+01  0.94959983E+01  0.89474627E+01  0.83614250E+01  0.77522794E+01
  0.71330669E+01  0.65152951E+01  0.59088407E+01  0.53219097E+01  0.47610686E+01
  0.42313163E+01  0.37362059E+01  0.32779869E+01  0.28577713E+01  0.24757026E+01
  0.21311288E+01  0.18227646E+01  0.15488445E+01  0.13072587E+01  0.10956731E+01
  0.91163067E+00  0.75263533E+00  0.61621864E+00  0.49999228E+00  0.40168501E+00
  0.31916907E+00  0.25047701E+00  0.19380818E+00  0.14752999E+00  0.11017666E+00
  0.80439768E-01  0.57153979E-01  0.39288779E-01  0.25943319E-01  0.16325960E-01
  0.97157174E-02  0.54319926E-02  0.28394669E-02  0.13836924E-02  0.62783045E-03
  0.26526749E-03  0.10444537E-03  0.38325393E-04  0.13043736E-04  0.40104498E-05
  0.96883783E-06
    55
  0.10000000E+01  0.22730166E+00  0.51405634E+00  0.54016693E-01  0.31025819E-02
  0.12597182E-03  0.40476602E-05  0.10960933E-06  0.25954303E-08  0.55412181E-10
 -0.24522439E-12  0.55626123E-12 -0.14537845E-11  0.65245357E-12 -0.15451128E-11
  0.76379810E-12 -0.17410980E-11  0.85198885E-12 -0.20678096E-11  0.92949701E-12
 -0.23840854E-11  0.10167799E-11 -0.25783175E-11  0.11242131E-11 -0.26953780E-11
  0.12324628E-11 -0.28615543E-11  0.13254667E-11 -0.31387881E-11  0.14034319E-11
 -0.34529302E-11  0.14856176E-11 -0.36856881E-11  0.00000000E+00  0.00000000E+00
  0.00000000E+00  0.00000000E+00  0.00000000E+00  0.00000000E+00  0.00000000E+00
  0.00000000E+00  0.00000000E+00  0.00000000E+00  0.00000000E+00  0.00000000E+00
  0.00000000E+00  0.00000000E+00  0.00000000E+00  0.00000000E+00  0.00000000E+00
  0.00000000E+00  0.00000000E+00  0.00000000E+00  0.00000000E+00  0.00000000E+00
  0.00000000E+00
  0.10000000E+01  0.50080887E+00  0.56934904E+00  0.12568388E+00  0.16100440E-01
  0.14566397E-02  0.10400781E-03  0.62486981E-05  0.32812684E-06  0.15398201E-07
  0.65235942E-09  0.25215531E-10 -0.22590686E-12  0.10971756E-12 -0.11422054E-11
  0.12692634E-12 -0.12814991E-11  0.12288348E-12 -0.15561390E-11  0.91970951E-13
 -0.18203410E-11  0.88976103E-13 -0.19588605E-11  0.12685225E-12 -0.20198326E-11
  0.17102513E-12 -0.21306235E-11  0.18061698E-12 -0.23551723E-11  0.15907035E-12
 -0.26193874E-11  0.14488865E-12 -0.27985752E-11  0.00000000E+00  0.00000000E+00
  0.00000000E+00  0.00000000E+00  0.00000000E+00  0.00000000E+00  0.00000000E+00
  0.00000000E+00  0.00000000E+00  0.00000000E+00  0.00000000E+00  0.00000000E+00
  0.00000000E+00  0.00000000E+00  0.00000000E+00  0.00000000E+00  0.00000000E+00
  0.00000000E+00  0.00000000E+00  0.00000000E+00  0.00000000E+00  0.00000000E+00
  0.00000000E+00
  0.10000000E+01  0.84139386E+00  0.70293650E+00  0.24021079E+00  0.52183368E-01
  0.81298836E-02  0.10088631E-02  0.10559985E-03  0.96723665E-05  0.79302438E-06
  0.58929177E-07  0.39885127E-08  0.24505969E-09  0.13455929E-10 -0.29025271E-12
 -0.31604669E-12 -0.11112872E-11 -0.42807954E-12 -0.13718668E-11 -0.55173724E-12
 -0.16214674E-11 -0.62824684E-12 -0.17392652E-11 -0.63550900E-12 -0.17747933E-11
 -0.63416250E-12 -0.18649633E-11 -0.68753991E-12 -0.20727987E-11 -0.79367527E-12
 -0.23225788E-11 -0.88817119E-12 -0.24858885E-11  0.00000000E+00  0.00000000E+00
  0.00000000E+00  0.00000000E+00  0.00000000E+00  0.00000000E+00  0.00000000E+00
  0.00000000E+00  0.00000000E+00  0.00000000E+00  0.00000000E+00  0.00000000E+00
  0.00000000E+00  0.00000000E+00  0.00000000E+00  0.00000000E+00  0.00000000E+00
  0.00000000E+00  0.00000000E+00  0.00000000E+00  0.00000000E+00  0.00000000E+00
  0.00000000E+00
  0.10000000E+01  0.11896817E+01  0.92833312E+00  0.41182561E+00  0.12734032E+00
  0.29260652E-01  0.54584016E-02  0.86392487E-03  0.12018963E-03  0.15026271E-04
  0.17109476E-05  0.17838958E-06  0.17029992E-07  0.14841224E-08  0.11670881E-09
  0.78417881E-11 -0.69288126E-12 -0.74856709E-12 -0.15305743E-11 -0.97631653E-12
 -0.18097947E-11 -0.11060776E-11 -0.19436224E-11 -0.11370245E-11 -0.19887564E-11
 -0.11536404E-11 -0.20907391E-11 -0.12500596E-11 -0.23216406E-11 -0.14213265E-11
 -0.25954074E-11 -0.15735639E-11 -0.27798429E-11  0.00000000E+00  0.00000000E+00
  0.00000000E+00  0.00000000E+00  0.00000000E+00  0.00000000E+00  0.00000000E+00
  0.00000000E+00  0.00000000E+00  0.00000000E+00  0.00000000E+00  0.00000000E+00
  0.00000000E+00  0.00000000E+00  0.00000000E+00  0.00000000E+00  0.00000000E+00
  0.00000000E+00  0.00000000E+00  0.00000000E+00  0.00000000E+00  0.00000000E+00
  0.00000000E+00
  0.10000000E+01  0.14977721E+01  0.12235400E+01  0.64756414E+00  0.25548489E+00
  0.78123482E-01  0.19819778E-01  0.43069380E-02  0.82869258E-03  0.14400014E-03
  0.22939324E-04  0.33735463E-05  0.45849549E-06  0.57376295E-07  0.65748711E-08
  0.68620573E-09  0.63719739E-10  0.45477163E-11 -0.14308401E-11 -0.13089929E-11
 -0.21958596E-11 -0.15174613E-11 -0.23684369E-11 -0.15669182E-11 -0.24390540E-11
 -0.15986689E-11 -0.25709557E-11 -0.17301453E-11 -0.28408704E-11 -0.19541532E-11
 -0.31604472E-11 -0.21587774E-11 -0.33847523E-11  0.00000000E+00  0.00000000E+00
  0.00000000E+00  0.00000000E+00  0.00000000E+00  0.00000000E+00  0.00000000E+00
  0.00000000E+00  0.00000000E+00  0.00000000E+00  0.00000000E+00  0.00000000E+00
  0.00000000E+00  0.00000000E+00  0.00000000E+00  0.00000000E+00  0.00000000E+00
  0.00000000E+00  0.00000000E+00  0.00000000E+00  0.00000000E+00  0.00000000E+00
  0.00000000E+00
  0.10000000E+01  0.17471047E+01  0.15490589E+01  0.94059723E+00  0.44390060E+00
  0.16841410E+00  0.54084122E-01  0.15055260E-01  0.37417543E-02  0.84415346E-03
  0.17559963E-03  0.33963371E-04  0.61325404E-05  0.10312820E-05  0.16052552E-06
  0.22953759E-07  0.29950109E-08  0.35447743E-09  0.36140905E-10  0.20177547E-11
 -0.23048342E-11 -0.19527331E-11 -0.28554615E-11 -0.20586320E-11 -0.29574342E-11
 -0.21118672E-11 -0.31223280E-11 -0.22817930E-11 -0.34386143E-11 -0.25638226E-11
 -0.38140038E-11 -0.28251697E-11 -0.40838181E-11  0.00000000E+00  0.00000000E+00
  0.00000000E+00  0.00000000E+00  0.00000000E+00  0.00000000E+00  0.00000000E+00
  0.00000000E+00  0.00000000E+00  0.00000000E+00  0.00000000E+00  0.00000000E+00
  0.00000000E+00  0.00000000E+00  0.00000000E+00  0.00000000E+00  0.00000000E+00
  0.00000000E+00  0.00000000E+00  0.00000000E+00  0.00000000E+00  0.00000000E+00
  0.00000000E+00
  0.10000000E+01  0.19405344E+01  0.18705847E+01  0.12727350E+01  0.69077210E+00
  0.30989735E+00  0.11967624E+00  0.40557666E-01  0.12372400E-01  0.34447763E-02
  0.88874028E-03  0.21430905E-03  0.48636381E-04  0.10397883E-04  0.20868974E-05
  0.39005236E-06  0.67268299E-07  0.10619854E-07  0.15252550E-08  0.19764371E-09
  0.20676767E-10  0.75965069E-13 -0.31121722E-11 -0.26013806E-11 -0.35061131E-11
 -0.27137228E-11 -0.37109721E-11 -0.29282687E-11 -0.40714488E-11 -0.32634660E-11
 -0.44969689E-11 -0.35860794E-11 -0.48289846E-11  0.00000000E+00  0.00000000E+00
  0.00000000E+00  0.00000000E+00  0.00000000E+00  0.00000000E+00  0.00000000E+00
  0.00000000E+00  0.00000000E+00  0.00000000E+00  0.00000000E+00  0.00000000E+00
  0.00000000E+00  0.00000000E+00  0.00000000E+00  0.00000000E+00  0.00000000E+00
  0.00000000E+00  0.00000000E+00  0.00000000E+00  0.00000000E+00  0.00000000E+00
  0.00000000E+00
  0.10000000E+01  0.20889964E+01  0.21677684E+01  0.16223772E+01  0.98612819E+00
  0.50572003E+00  0.22633065E+00  0.89904108E-01  0.32388514E-01  0.10708939E-01
  0.32953301E-02  0.95144076E-03  0.25985628E-03  0.67376975E-04  0.16600119E-04
  0.38681676E-05  0.84542935E-06  0.17148062E-06  0.31975292E-07  0.54444872E-08
  0.84136399E-09  0.11625903E-09  0.11457924E-10 -0.14203983E-11 -0.38920693E-11
 -0.33417182E-11 -0.43290560E-11 -0.36206909E-11 -0.47336539E-11 -0.40088529E-11
 -0.52167512E-11 -0.44122939E-11 -0.56643827E-11  0.00000000E+00  0.00000000E+00
  0.00000000E+00  0.00000000E+00  0.00000000E+00  0.00000000E+00  0.00000000E+00
  0.00000000E+00  0.00000000E+00  0.00000000E+00  0.00000000E+00  0.00000000E+00
  0.00000000E+00  0.00000000E+00  0.00000000E+00  0.00000000E+00  0.00000000E+00
  0.00000000E+00  0.00000000E+00  0.00000000E+00  0.00000000E+00  0.00000000E+00
  0.00000000E+00
  0.10000000E+01  0.22037399E+01  0.24322994E+01  0.19709535E+01  0.13153961E+01
  0.75226461E+00  0.37966839E+00  0.17176781E+00  0.70953553E-01  0.27045381E-01
  0.96321586E-02  0.32292625E-02  0.10274759E-02  0.31168317E-03  0.90471895E-04
  0.25114368E-04  0.66399103E-05  0.16571517E-05  0.38615503E-06  0.83110919E-07
  0.16387987E-07  0.29456757E-08  0.47903777E-09  0.68460008E-10  0.51980402E-11
 -0.27755425E-11 -0.48294711E-11 -0.43008263E-11 -0.54144204E-11 -0.47618397E-11
 -0.59807168E-11 -0.53099492E-11 -0.66721468E-11  0.00000000E+00  0.00000000E+00
  0.00000000E+00  0.00000000E+00  0.00000000E+00  0.00000000E+00  0.00000000E+00
  0.00000000E+00  0.00000000E+00  0.00000000E+00  0.00000000E+00  0.00000000E+00
  0.00000000E+00  0.00000000E+00  0.00000000E+00  0.00000000E+00  0.00000000E+00
  0.00000000E+00  0.00000000E+00  0.00000000E+00  0.00000000E+00  0.00000000E+00
  0.00000000E+00
  0.10000000E+01  0.22937520E+01  0.26631697E+01  0.23054774E+01  0.16632713E+01
  0.10409434E+01  0.58032377E+00  0.29248634E+00  0.13540526E+00  0.58135127E-01
  0.23406432E-01  0.88981293E-02  0.32185345E-02  0.11129043E-02  0.36960376E-03
  0.11811444E-03  0.36321515E-04  0.10701275E-04  0.29966626E-05  0.78854977E-06
  0.19275896E-06  0.43355207E-07  0.89160998E-08  0.16703391E-08  0.28167195E-09
  0.40339540E-10  0.88522354E-12 -0.40970205E-11 -0.59609511E-11 -0.54697720E-11
 -0.67869315E-11 -0.63137407E-11 -0.79298563E-11  0.00000000E+00  0.00000000E+00
  0.00000000E+00  0.00000000E+00  0.00000000E+00  0.00000000E+00  0.00000000E+00
  0.00000000E+00  0.00000000E+00  0.00000000E+00  0.00000000E+00  0.00000000E+00
  0.00000000E+00  0.00000000E+00  0.00000000E+00  0.00000000E+00  0.00000000E+00
  0.00000000E+00  0.00000000E+00  0.00000000E+00  0.00000000E+00  0.00000000E+00
  0.00000000E+00
  0.10000000E+01  0.23655844E+01  0.28628842E+01  0.26183555E+01  0.20163512E+01
  0.13606820E+01  0.82451130E+00  0.45498678E+00  0.23185499E+00  0.11007965E+00
  0.49175985E-01  0.20802057E-01  0.83912491E-02  0.32425415E-02  0.12060812E-02
  0.43301732E-03  0.15038278E-03  0.50484052E-04  0.16326504E-04  0.50473168E-05
  0.14757072E-05  0.40311259E-06  0.10180132E-06  0.23588398E-07  0.49922968E-08
  0.96200605E-09  0.16510565E-09  0.22335023E-10 -0.24667461E-11 -0.55710792E-11
 -0.75825665E-11 -0.74904174E-11 -0.95131420E-11  0.00000000E+00  0.00000000E+00
  0.00000000E+00  0.00000000E+00  0.00000000E+00  0.00000000E+00  0.00000000E+00
  0.00000000E+00  0.00000000E+00  0.00000000E+00  0.00000000E+00  0.00000000E+00
  0.00000000E+00  0.00000000E+00  0.00000000E+00  0.00000000E+00  0.00000000E+00
  0.00000000E+00  0.00000000E+00  0.00000000E+00  0.00000000E+00  0.00000000E+00
  0.00000000E+00
  0.10000000E+01  0.24238734E+01  0.30352210E+01  0.29061022E+01  0.23642846E+01
  0.17000898E+01  0.11054004E+01  0.65869178E+00  0.36420449E+00  0.18840694E+00
  0.91993606E-01  0.42647117E-01  0.18892344E-01  0.80319095E-02  0.32923014E-02
  0.13050788E-02  0.50176422E-03  0.18733074E-03  0.67910530E-04  0.23829979E-04
  0.80429709E-05  0.25848127E-05  0.78163119E-06  0.21983276E-06  0.56991701E-07
  0.13542879E-07  0.29397629E-08  0.58059082E-09  0.10002607E-09  0.11254374E-10
 -0.58087905E-11 -0.85009215E-11 -0.11337384E-10  0.00000000E+00  0.00000000E+00
  0.00000000E+00  0.00000000E+00  0.00000000E+00  0.00000000E+00  0.00000000E+00
  0.00000000E+00  0.00000000E+00  0.00000000E+00  0.00000000E+00  0.00000000E+00
  0.00000000E+00  0.00000000E+00  0.00000000E+00  0.00000000E+00  0.00000000E+00
  0.00000000E+00  0.00000000E+00  0.00000000E+00  0.00000000E+00  0.00000000E+00
  0.00000000E+00
  0.10000000E+01  0.24718956E+01  0.31841128E+01  0.31679550E+01  0.26998636E+01
  0.20488888E+01  0.14146414E+01  0.90013510E+00  0.53377108E+00  0.29726166E+00
  0.15670664E+00  0.78631046E-01  0.37774983E-01  0.17445710E-01  0.77791511E-02
  0.33591837E-02  0.14090396E-02  0.57518995E-03  0.22883001E-03  0.88689459E-04
  0.33412360E-04  0.12167089E-04  0.42449726E-05  0.14026620E-05  0.43377645E-06
  0.12427388E-06  0.32752100E-07  0.79099544E-08  0.17450821E-08  0.34863766E-09
  0.56873714E-10  0.10018350E-11 -0.11527053E-10  0.00000000E+00  0.00000000E+00
  0.00000000E+00  0.00000000E+00  0.00000000E+00  0.00000000E+00  0.00000000E+00
  0.00000000E+00  0.00000000E+00  0.00000000E+00  0.00000000E+00  0.00000000E+00
  0.00000000E+00  0.00000000E+00  0.00000000E+00  0.00000000E+00  0.00000000E+00
  0.00000000E+00  0.00000000E+00  0.00000000E+00  0.00000000E+00  0.00000000E+00
  0.00000000E+00
  0.10000000E+01  0.25119945E+01  0.33131692E+01  0.34047708E+01  0.30185781E+01
  0.23986118E+01  0.17436356E+01  0.11739015E+01  0.73945035E+00  0.43895831E+00
  0.24732590E+00  0.13294976E+00  0.68548887E-01  0.34031451E-01  0.16333565E-01
  0.76007781E-02  0.34396183E-02  0.15168108E-02  0.65306882E-03  0.27477168E-03
  0.11297566E-03  0.45303809E-04  0.17640181E-04  0.66176607E-05  0.23668113E-05
  0.79742698E-06  0.25033848E-06  0.72612508E-07  0.19358044E-07  0.47305337E-08
  0.10535115E-08  0.20785756E-09  0.26936519E-10  0.00000000E+00  0.00000000E+00
  0.00000000E+00  0.00000000E+00  0.00000000E+00  0.00000000E+00  0.00000000E+00
  0.00000000E+00  0.00000000E+00  0.00000000E+00  0.00000000E+00  0.00000000E+00
  0.00000000E+00  0.00000000E+00  0.00000000E+00  0.00000000E+00  0.00000000E+00
  0.00000000E+00  0.00000000E+00  0.00000000E+00  0.00000000E+00  0.00000000E+00
  0.00000000E+00
  0.10000000E+01  0.25458749E+01  0.34255200E+01  0.36182605E+01  0.33179995E+01
  0.27427688E+01  0.20843954E+01  0.14735748E+01  0.97821253E+00  0.61390719E+00
  0.36659980E+00  0.20931425E+00  0.11482811E+00  0.60746195E-01  0.31105582E-01
  0.15459983E-01  0.74794197E-02  0.35295277E-02  0.16279667E-02  0.73490087E-03
  0.32500850E-03  0.14079609E-03  0.59664328E-04  0.24640555E-04  0.98533335E-05
  0.37788889E-05  0.13741831E-05  0.46842768E-06  0.14826268E-06  0.43286216E-07
  0.11611911E-07  0.28542529E-08  0.63524538E-09  0.00000000E+00  0.00000000E+00
  0.00000000E+00  0.00000000E+00  0.00000000E+00  0.00000000E+00  0.00000000E+00
  0.00000000E+00  0.00000000E+00  0.00000000E+00  0.00000000E+00  0.00000000E+00
  0.00000000E+00  0.00000000E+00  0.00000000E+00  0.00000000E+00  0.00000000E+00
  0.00000000E+00  0.00000000E+00  0.00000000E+00  0.00000000E+00  0.00000000E+00
  0.00000000E+00
  0.10000000E+01  0.26403248E+01  0.37543838E+01  0.42808974E+01  0.43168930E+01
  0.39919031E+01  0.34457792E+01  0.28053433E+01  0.21699059E+01  0.16031698E+01
  0.11366473E+01  0.77624894E+00  0.51243701E+00  0.32793736E+00  0.20401782E+00
  0.12366789E+00  0.73202829E-01  0.42390185E-01  0.24057093E-01  0.13399405E-01
  0.73350275E-02  0.39506993E-02  0.20958067E-02  0.10958462E-02  0.56506188E-03
  0.28734962E-03  0.14403536E-03  0.71057219E-04  0.34399359E-04  0.16260197E-04
  0.74497582E-05  0.32769039E-05  0.13692956E-05  0.53810491E-06  0.00000000E+00
  0.00000000E+00  0.00000000E+00  0.00000000E+00  0.00000000E+00  0.00000000E+00
  0.00000000E+00  0.00000000E+00  0.00000000E+00  0.00000000E+00  0.00000000E+00
  0.00000000E+00  0.00000000E+00  0.00000000E+00  0.00000000E+00  0.00000000E+00
  0.00000000E+00  0.00000000E+00  0.00000000E+00  0.00000000E+00  0.00000000E+00
  0.00000000E+00
  0.10000000E+01  0.26968133E+01  0.39619744E+01  0.47264059E+01  0.50429961E+01
  0.49875066E+01  0.46510462E+01  0.41293445E+01  0.35125003E+01  0.28754945E+01
  0.22738025E+01  0.17418973E+01  0.12962374E+01  0.93912728E+00  0.66385476E+00
  0.45869674E+00  0.31034502E+00  0.20591199E+00  0.13417262E+00  0.85966134E-01
  0.54223655E-01  0.33704625E-01  0.20665844E-01  0.12509518E-01  0.74815694E-02
  0.44237787E-02  0.25876007E-02  0.14979389E-02  0.85845549E-03  0.48708063E-03
  0.27355959E-03  0.15197752E-03  0.83409082E-04  0.45119399E-04  0.23969290E-04
  0.12438020E-04  0.62586983E-05  0.30269274E-05  0.13937594E-05  0.60560789E-06
  0.00000000E+00  0.00000000E+00  0.00000000E+00  0.00000000E+00  0.00000000E+00
  0.00000000E+00  0.00000000E+00  0.00000000E+00  0.00000000E+00  0.00000000E+00
  0.00000000E+00  0.00000000E+00  0.00000000E+00  0.00000000E+00  0.00000000E+00
  0.00000000E+00
  0.10000000E+01  0.27337045E+01  0.41020819E+01  0.50381162E+01  0.55741447E+01
  0.57561797E+01  0.56426620E+01  0.53003460E+01  0.47990046E+01  0.42051531E+01
  0.35771386E+01  0.29612891E+01  0.23907995E+01  0.18858925E+01  0.14559102E+01
  0.11016392E+01  0.81816099E+00  0.59713018E+00  0.42878612E+00  0.30325280E+00
  0.21144218E+00  0.14547271E+00  0.98841031E-01  0.66371247E-01  0.44077308E-01
  0.28967636E-01  0.18850787E-01  0.12153168E-01  0.77660828E-02  0.49209221E-02
  0.30930079E-02  0.19289833E-02  0.11939236E-02  0.73342993E-03  0.44713737E-03
  0.27045166E-03  0.16219385E-03  0.96340291E-04  0.56581078E-04  0.32771966E-04
  0.18649426E-04  0.10372432E-04  0.55999980E-05  0.29113265E-05  0.14451273E-05
  0.67954378E-06  0.00000000E+00  0.00000000E+00  0.00000000E+00  0.00000000E+00
  0.00000000E+00  0.00000000E+00  0.00000000E+00  0.00000000E+00  0.00000000E+00
  0.00000000E+00
  0.10000000E+01  0.27593652E+01  0.42017981E+01  0.52651296E+01  0.59717175E+01
  0.63510178E+01  0.64412486E+01  0.62882160E+01  0.59429521E+01  0.54582913E+01
  0.48854264E+01  0.42704742E+01  0.36522213E+01  0.30606033E+01  0.25166428E+01
  0.20329574E+01  0.16151742E+01  0.12633893E+01  0.97386782E+00  0.74043185E+00
  0.55571286E+00  0.41202079E+00  0.30199346E+00  0.21895855E+00  0.15713512E+00
  0.11167761E+00  0.78643025E-01  0.54897277E-01  0.38002924E-01  0.26098344E-01
  0.17785744E-01  0.12030883E-01  0.80790685E-02  0.53863089E-02  0.35650223E-02
  0.23419369E-02  0.15262846E-02  0.98609074E-03  0.63083731E-03  0.39893127E-03
  0.24877371E-03  0.15246059E-03  0.91397337E-04  0.53269617E-04  0.29961300E-04
  0.16128738E-04  0.82428771E-05  0.39714006E-05  0.17943174E-05  0.75776446E-06
  0.00000000E+00  0.00000000E+00  0.00000000E+00  0.00000000E+00  0.00000000E+00
  0.00000000E+00
  0.10000000E+01  0.27780797E+01  0.42757922E+01  0.54363111E+01  0.62769964E+01
  0.68177587E+01  0.70843741E+01  0.71085856E+01  0.69271818E+01  0.65803112E+01
  0.61094510E+01  0.55550345E+01  0.49544063E+01  0.43400131E+01  0.37384181E+01
  0.31697509E+01  0.26479510E+01  0.21812750E+01  0.17732582E+01  0.14236706E+01
  0.11295890E+01  0.88629022E+00  0.68806858E+00  0.52883447E+00  0.40258435E+00
  0.30369485E+00  0.22711160E+00  0.16842911E+00  0.12390981E+00  0.90450803E-01
  0.65526585E-01  0.47115590E-01  0.33624508E-01  0.23814347E-01  0.16733738E-01
  0.11660309E-01  0.80513514E-02  0.55029950E-02  0.37173893E-02  0.24766855E-02
  0.16227593E-02  0.10416150E-02  0.65162292E-03  0.39470160E-03  0.22968756E-03
  0.12733976E-03  0.66723601E-04  0.32822975E-04  0.15085437E-04  0.64592030E-05
  0.25738546E-05  0.95484302E-06  0.00000000E+00  0.00000000E+00  0.00000000E+00
  0.00000000E+00
  0.10000000E+01  0.27922329E+01  0.43325246E+01  0.55691370E+01  0.65169150E+01
  0.71900288E+01  0.76064425E+01  0.77886053E+01  0.77631759E+01  0.75602566E+01
  0.72123088E+01  0.67527000E+01  0.62142208E+01  0.56275690E+01  0.50202000E+01
  0.44153980E+01  0.38318817E+01  0.32836584E+01  0.27803227E+01  0.23274825E+01
  0.19274250E+01  0.15797665E+01  0.12821596E+01  0.10308947E+01  0.82145395E+00
  0.64893550E+00  0.50839815E+00  0.39509487E+00  0.30463623E+00  0.23307846E+00
  0.17696545E+00  0.13332893E+00  0.99665612E-01  0.73896723E-01  0.54320363E-01
  0.39560348E-01  0.28516725E-01  0.20319256E-01  0.14286021E-01  0.98873726E-02
  0.67151287E-02  0.44568263E-02  0.28749438E-02  0.17901404E-02  0.10673806E-02
  0.60431099E-03  0.32232497E-03  0.16092899E-03  0.74875347E-04  0.32383995E-04
  0.13010444E-04  0.48583280E-05  0.16883509E-05  0.54598735E-06  0.00000000E+00
  0.00000000E+00
  0.10000000E+01  0.28032336E+01  0.43771152E+01  0.56745117E+01  0.67090520E+01
  0.74913110E+01  0.80342029E+01  0.83539877E+01  0.84702652E+01  0.84056590E+01
  0.81852821E+01  0.78359126E+01  0.73850310E+01  0.68597213E+01  0.62856839E+01
  0.56863095E+01  0.50820554E+01  0.44899823E+01  0.39236300E+01  0.33930364E+01
  0.29050122E+01  0.24634808E+01  0.20699493E+01  0.17239652E+01  0.14236008E+01
  0.11658730E+01  0.94713160E+00  0.76336784E+00  0.61047046E+00  0.48441069E+00
  0.38137873E+00  0.29786817E+00  0.23072563E+00  0.17716836E+00  0.13478168E+00
  0.10150007E+00  0.75579867E-01  0.55565586E-01  0.40254935E-01  0.28664365E-01
  0.19995704E-01  0.13605479E-01  0.89787956E-02  0.57066721E-02  0.34646837E-02
  0.19924038E-02  0.10768353E-02  0.54360864E-03  0.25525061E-03  0.11123463E-03
  0.44968148E-04  0.16878198E-04  0.58908638E-05  0.19135410E-05  0.57521889E-06
  0.00000000E+00
  0.10000000E+01  0.28119514E+01  0.44127790E+01  0.57594206E+01  0.68649926E+01
  0.77377366E+01  0.83872019E+01  0.88254564E+01  0.90671853E+01  0.91295772E+01
  0.90320869E+01  0.87959967E+01  0.84438330E+01  0.79986328E+01  0.74832002E+01
  0.69193373E+01  0.63272175E+01  0.57248350E+01  0.51276765E+01  0.45485021E+01
  0.39973413E+01  0.34815737E+01  0.30061605E+01  0.25739113E+01  0.21858261E+01
  0.18414241E+01  0.15390875E+01  0.12763633E+01  0.10502441E+01  0.85739700E+00
  0.69435743E+00  0.55767614E+00  0.44403152E+00  0.35030590E+00  0.27363545E+00
  0.21143534E+00  0.16140939E+00  0.12154391E+00  0.90093733E-01  0.65563096E-01
  0.46680643E-01  0.32372753E-01  0.21740282E-01  0.14036493E-01  0.86409885E-02
  0.50290030E-02  0.27458073E-02  0.13979931E-02  0.66108539E-03  0.28978417E-03
  0.11771885E-03  0.44362594E-04  0.15536598E-04  0.50637412E-05  0.15309722E-05
  0.41706264E-06
  0.10000000E+01  0.28189470E+01  0.44416154E+01  0.58284914E+01  0.69925634E+01
  0.79405134E+01  0.86795848E+01  0.92189508E+01  0.95698465E+01  0.97455383E+01
  0.97612361E+01  0.96338764E+01  0.93817887E+01  0.90242322E+01  0.85808748E+01
  0.80712113E+01  0.75140304E+01  0.69268968E+01  0.63257648E+01  0.57246558E+01
  0.51354936E+01  0.45680134E+01  0.40298075E+01  0.35264235E+01  0.30615538E+01
  0.26372452E+01  0.22541522E+01  0.19117810E+01  0.16087402E+01  0.13429643E+01
  0.11119213E+01  0.91278730E+00  0.74259506E+00  0.59835188E+00  0.47713215E+00
  0.37614305E+00  0.29277329E+00  0.22461918E+00  0.16949931E+00  0.12546005E+00
  0.90767506E-01  0.63892649E-01  0.43500139E-01  0.28435342E-01  0.17697572E-01
  0.10397853E-01  0.57230365E-02  0.29335475E-02  0.13950385E-02  0.61436884E-03
  0.25054360E-03  0.94723553E-04  0.33265216E-04  0.10870166E-04  0.32992046E-05
  0.91007436E-06
 ! ------------------------------------------------------
ICE_CLOUD_BAUM
 !
        1          ! File format version
        0          ! Contents ID
        8          ! Number of channels for which optical parameters are stored
        0          ! Number of channels for which phase functions are stored
      128          ! Maximum number of Legendre coefficients
        1          ! Number of ice cloud types
        1          ! Relative humidity values (%)
   0.00
   0.00000000E+00  ! Conversion factor to particle density [part.cm^-3]/[g.m^-3]
       23          ! Effective diameters (microns)
  0.100000E+02  0.150000E+02  0.200000E+02  0.250000E+02  0.300000E+02  0.350000E+02
  0.400000E+02  0.450000E+02  0.500000E+02  0.550000E+02  0.600000E+02  0.650000E+02
  0.700000E+02  0.750000E+02  0.800000E+02  0.850000E+02  0.900000E+02  0.950000E+02
  0.100000E+03  0.105000E+03  0.110000E+03  0.115000E+03  0.120000E+03
 ! ------------------------------------------------------
 ! OPTICAL PROPERTY DATA
  0.42889984E+02  0.37772701E+02  0.33683896E+02  0.29804015E+02  0.27022515E+02
  0.25094370E+02  0.22942375E+02  0.21364889E+02  0.19991385E+02  0.18745571E+02
  0.17672487E+02  0.16677287E+02  0.15813588E+02  0.14958631E+02  0.14238580E+02
  0.13458860E+02  0.12927653E+02  0.12333951E+02  0.11864620E+02  0.11266444E+02
  0.10915521E+02  0.10480270E+02  0.99504388E+01  0.10037017E+03  0.78888678E+02
  0.63860713E+02  0.51913248E+02  0.44138780E+02  0.39331097E+02  0.34098432E+02
  0.30554768E+02  0.27666359E+02  0.25262098E+02  0.23227182E+02  0.21530286E+02
  0.20055975E+02  0.18742860E+02  0.17608785E+02  0.16470507E+02  0.15696294E+02
  0.14874277E+02  0.14182752E+02  0.13392946E+02  0.12948083E+02  0.12335243E+02
  0.11746130E+02  0.77702547E+02  0.64956961E+02  0.54596820E+02  0.45492347E+02
  0.39429110E+02  0.35519859E+02  0.31242327E+02  0.28278459E+02  0.25827860E+02
  0.23749580E+02  0.21988066E+02  0.20480571E+02  0.19169004E+02  0.17968452E+02
  0.16939162E+02  0.15878883E+02  0.15162500E+02  0.14389021E+02  0.13749352E+02
  0.12997791E+02  0.12573052E+02  0.11996481E+02  0.11419161E+02  0.57298152E+02
  0.50756200E+02  0.44361010E+02  0.38122212E+02  0.33786142E+02  0.30870950E+02
  0.27649048E+02  0.25354226E+02  0.23418307E+02  0.21729500E+02  0.20294293E+02
  0.19024807E+02  0.17914542E+02  0.16861657E+02  0.15970013E+02  0.15025169E+02
  0.14385484E+02  0.13684283E+02  0.13119072E+02  0.12419383E+02  0.12017660E+02
  0.11497437E+02  0.10945485E+02  0.55661203E+02  0.49695753E+02  0.43837034E+02
  0.37812422E+02  0.33604839E+02  0.30756749E+02  0.27592034E+02  0.25329948E+02
  0.23416253E+02  0.21741365E+02  0.20314752E+02  0.19053334E+02  0.17954926E+02
  0.16906128E+02  0.16019002E+02  0.15076524E+02  0.14436486E+02  0.13739068E+02
  0.13173462E+02  0.12472602E+02  0.12074312E+02  0.11553531E+02  0.10993260E+02
  0.10697742E+03  0.81819512E+02  0.65630863E+02  0.53091491E+02  0.44956195E+02
  0.39978786E+02  0.34523515E+02  0.30836949E+02  0.27837717E+02  0.25343375E+02
  0.23249646E+02  0.21521564E+02  0.20013914E+02  0.18689707E+02  0.17546649E+02
  0.16407682E+02  0.15631724E+02  0.14814846E+02  0.14112239E+02  0.13333633E+02
  0.12901114E+02  0.12278977E+02  0.11700053E+02  0.15240675E+03  0.10557516E+03
  0.79945222E+02  0.62293729E+02  0.51187893E+02  0.44682726E+02  0.37571280E+02
  0.32934233E+02  0.29235476E+02  0.26281479E+02  0.23826760E+02  0.21912215E+02
  0.20239153E+02  0.18840428E+02  0.17607959E+02  0.16422620E+02  0.15603343E+02
  0.14764438E+02  0.14017086E+02  0.13234392E+02  0.12813976E+02  0.12154461E+02
  0.11633972E+02  0.15484223E+03  0.10925497E+03  0.83123683E+02  0.64844967E+02
  0.53291072E+02  0.46475283E+02  0.39041058E+02  0.34171686E+02  0.30287055E+02
  0.27184797E+02  0.24610603E+02  0.22612420E+02  0.20874551E+02  0.19421088E+02
  0.18143635E+02  0.16916838E+02  0.16069048E+02  0.15202256E+02  0.14429234E+02
  0.13619458E+02  0.13183345E+02  0.12506054E+02  0.11955785E+02
  0.31002460E+03  0.19686123E+03  0.14008836E+03  0.10545547E+03  0.84062517E+02
  0.71973655E+02  0.58856088E+02  0.50516349E+02  0.43988796E+02  0.38930999E+02
  0.34760467E+02  0.31612055E+02  0.28860865E+02  0.26640932E+02  0.24663537E+02
  0.22835809E+02  0.21568297E+02  0.20304553E+02  0.19135161E+02  0.18014614E+02
  0.17426814E+02  0.16422065E+02  0.15765729E+02  0.20106908E+03  0.13945525E+03
  0.10429256E+03  0.79854040E+02  0.64237859E+02  0.55153014E+02  0.45371755E+02
  0.39208691E+02  0.34479904E+02  0.30915098E+02  0.27990948E+02  0.25757846E+02
  0.23773090E+02  0.22136204E+02  0.20680282E+02  0.19289026E+02  0.18323238E+02
  0.17335723E+02  0.16456781E+02  0.15546586E+02  0.15042852E+02  0.14284290E+02
  0.13673403E+02  0.21476853E+03  0.15348177E+03  0.11546446E+03  0.88668933E+02
  0.71393437E+02  0.60884305E+02  0.49493456E+02  0.42196686E+02  0.36612778E+02
  0.32512674E+02  0.29244189E+02  0.26861684E+02  0.24733250E+02  0.23003803E+02
  0.21453094E+02  0.19983373E+02  0.18959754E+02  0.17927107E+02  0.16976775E+02
  0.16038336E+02  0.15533076E+02  0.14709646E+02  0.14101477E+02  0.18842128E+03
  0.14955235E+03  0.11573431E+03  0.90766494E+02  0.75095952E+02  0.65148074E+02
  0.53935347E+02  0.46064410E+02  0.39630562E+02  0.34514039E+02  0.30482360E+02
  0.27798733E+02  0.25480553E+02  0.23696553E+02  0.22069752E+02  0.20567712E+02
  0.19507394E+02  0.18451709E+02  0.17466921E+02  0.16488165E+02  0.15979888E+02
  0.15121667E+02  0.14513619E+02  0.12680230E+03  0.11743538E+03  0.96194827E+02
  0.76186441E+02  0.64577602E+02  0.57722538E+02  0.50080813E+02  0.44536400E+02
  0.39690243E+02  0.35158562E+02  0.31258568E+02  0.28096654E+02  0.25498393E+02
  0.23500513E+02  0.21767638E+02  0.20206775E+02  0.19136813E+02  0.18074231E+02
  0.17096507E+02  0.16090696E+02  0.15578988E+02  0.14736438E+02  0.14140039E+02
  0.43197863E+02  0.43481584E+02  0.40589795E+02  0.36339599E+02  0.33150759E+02
  0.30896103E+02  0.28394635E+02  0.26534492E+02  0.24907691E+02  0.23380674E+02
  0.22027718E+02  0.20692456E+02  0.19526764E+02  0.18363635E+02  0.17398024E+02
  0.16358323E+02  0.15664282E+02  0.14892491E+02  0.14286429E+02  0.13513704E+02
  0.13064892E+02  0.12508360E+02  0.11853942E+02  0.91164291E+02  0.76008073E+02
  0.63644113E+02  0.52998651E+02  0.45996469E+02  0.41542701E+02  0.36635367E+02
  0.33218102E+02  0.30367467E+02  0.27906843E+02  0.25806945E+02  0.23986719E+02
  0.22409932E+02  0.20978658E+02  0.19756354E+02  0.18511694E+02  0.17666047E+02
  0.16770028E+02  0.16017380E+02  0.15135151E+02  0.14645566E+02  0.13970158E+02
  0.13315570E+02  0.12311746E+03  0.94938763E+02  0.75838107E+02  0.61284888E+02
  0.51872810E+02  0.46072625E+02  0.39717478E+02  0.35423868E+02  0.31942110E+02
  0.29071173E+02  0.26672172E+02  0.24707161E+02  0.22995031E+02  0.21488493E+02
  0.20182752E+02  0.18886146E+02  0.17997340E+02  0.17060731E+02  0.16260557E+02
  0.15360334E+02  0.14866446E+02  0.14153736E+02  0.13484006E+02
  0.15055904E+00  0.13614035E+00  0.12285654E+00  0.11132966E+00  0.10108282E+00
  0.94259289E-01  0.83915078E-01  0.75961897E-01  0.68710746E-01  0.62917934E-01
  0.57493133E-01  0.54413440E-01  0.51067703E-01  0.49416959E-01  0.47158279E-01
  0.45876952E-01  0.44620055E-01  0.43917702E-01  0.42141220E-01  0.42205887E-01
  0.42710293E-01  0.41254335E-01  0.43693316E-01  0.11633635E+00  0.99293189E-01
  0.86656429E-01  0.76866529E-01  0.68440348E-01  0.62824734E-01  0.54316499E-01
  0.47795563E-01  0.41977246E-01  0.37563564E-01  0.33673418E-01  0.31730046E-01
  0.29608450E-01  0.28712382E-01  0.27384703E-01  0.26731712E-01  0.26019576E-01
  0.25678109E-01  0.24642842E-01  0.24816877E-01  0.25113258E-01  0.24350515E-01
  0.25859182E-01  0.12909800E+00  0.11443053E+00  0.10228757E+00  0.91555472E-01
  0.82446954E-01  0.76256013E-01  0.66728129E-01  0.59093663E-01  0.51998130E-01
  0.46379304E-01  0.41317041E-01  0.38708443E-01  0.35892395E-01  0.34635079E-01
  0.32837167E-01  0.31876245E-01  0.30877737E-01  0.30355575E-01  0.28917272E-01
  0.28964021E-01  0.29344021E-01  0.28163681E-01  0.29775837E-01  0.13041661E+00
  0.11920216E+00  0.11095198E+00  0.10127188E+00  0.92566064E-01  0.86233183E-01
  0.76967258E-01  0.69368572E-01  0.62035387E-01  0.55743218E-01  0.49722043E-01
  0.46272177E-01  0.42696675E-01  0.40900138E-01  0.38549805E-01  0.37134780E-01
  0.35788749E-01  0.34967570E-01  0.33124933E-01  0.32838999E-01  0.33112133E-01
  0.31565157E-01  0.33134255E-01  0.12484305E+00  0.10968708E+00  0.10311565E+00
  0.95681816E-01  0.87980599E-01  0.81656639E-01  0.72786881E-01  0.65606102E-01
  0.58957519E-01  0.53289581E-01  0.47926388E-01  0.44558729E-01  0.41086243E-01
  0.39125060E-01  0.36734283E-01  0.35169834E-01  0.33807697E-01  0.32899689E-01
  0.31103639E-01  0.30578077E-01  0.30709123E-01  0.29185306E-01  0.30518681E-01
  0.12838294E+00  0.10017486E+00  0.85636239E-01  0.75490927E-01  0.67821725E-01
  0.62191586E-01  0.54734791E-01  0.48796649E-01  0.43435001E-01  0.38937112E-01
  0.35074858E-01  0.32660512E-01  0.30376535E-01  0.28967103E-01  0.27424092E-01
  0.26298397E-01  0.25389727E-01  0.24704139E-01  0.23629513E-01  0.23218169E-01
  0.23200233E-01  0.22312438E-01  0.23059960E-01  0.15355688E+00  0.12310330E+00
  0.10782850E+00  0.97440764E-01  0.88758534E-01  0.82692581E-01  0.74255937E-01
  0.67724819E-01  0.61845535E-01  0.57080837E-01  0.52893621E-01  0.50458689E-01
  0.48051061E-01  0.46708263E-01  0.45101411E-01  0.44020007E-01  0.43067848E-01
  0.42397590E-01  0.41190423E-01  0.40872058E-01  0.40932081E-01  0.39912125E-01
  0.40692757E-01  0.17091650E+00  0.13866549E+00  0.12099913E+00  0.10935410E+00
  0.99533104E-01  0.92955911E-01  0.83498571E-01  0.76226214E-01  0.69646794E-01
  0.64370104E-01  0.59686702E-01  0.57039706E-01  0.54365727E-01  0.52956764E-01
  0.51179365E-01  0.50042352E-01  0.48993996E-01  0.48282958E-01  0.46913074E-01
  0.46651157E-01  0.46779365E-01  0.45609861E-01  0.46815874E-01
   128
  0.10000000E+01  0.23847403E+01  0.33662526E+01  0.39798035E+01  0.44376468E+01
  0.47598926E+01  0.49947352E+01  0.51384800E+01  0.51983766E+01  0.51877055E+01
  0.51083777E+01  0.49788948E+01  0.48060593E+01  0.46011150E+01  0.43695360E+01
  0.41178924E+01  0.38582023E+01  0.35867755E+01  0.33138065E+01  0.30358180E+01
  0.27750949E+01  0.25181119E+01  0.22840001E+01  0.20653043E+01  0.18618217E+01
  0.16727423E+01  0.14982281E+01  0.13372791E+01  0.11888292E+01  0.10523135E+01
  0.92898928E+00  0.81828912E+00  0.71949165E+00  0.63206565E+00  0.55546086E+00
  0.48812111E+00  0.42863457E+00  0.37533275E+00  0.32874798E+00  0.28680344E+00
  0.24943381E+00  0.21642766E+00  0.18654121E+00  0.16003470E+00  0.13699730E+00
  0.11675147E+00  0.99462136E-01  0.84455908E-01  0.71559968E-01  0.60569684E-01
  0.51115430E-01  0.43242327E-01  0.36866292E-01  0.31661047E-01  0.27479655E-01
  0.24110807E-01  0.21222400E-01  0.18883839E-01  0.16780765E-01  0.14823244E-01
  0.13154282E-01  0.11515393E-01  0.99550776E-02  0.86196337E-02  0.72759649E-02
  0.60247594E-02  0.49043488E-02  0.37659427E-02  0.28066675E-02  0.19372723E-02
  0.10639134E-02  0.42090908E-03 -0.73817674E-04  0.00000000E+00  0.00000000E+00
  0.00000000E+00  0.00000000E+00  0.00000000E+00  0.00000000E+00  0.00000000E+00
  0.00000000E+00  0.00000000E+00  0.00000000E+00  0.00000000E+00  0.00000000E+00
  0.00000000E+00  0.00000000E+00  0.00000000E+00  0.00000000E+00  0.00000000E+00
  0.00000000E+00  0.00000000E+00  0.00000000E+00  0.00000000E+00  0.00000000E+00
  0.00000000E+00  0.00000000E+00  0.00000000E+00  0.00000000E+00  0.00000000E+00
  0.00000000E+00  0.00000000E+00  0.00000000E+00  0.00000000E+00  0.00000000E+00
  0.00000000E+00  0.00000000E+00  0.00000000E+00  0.00000000E+00  0.00000000E+00
  0.00000000E+00  0.00000000E+00  0.00000000E+00  0.00000000E+00  0.00000000E+00
  0.00000000E+00  0.00000000E+00  0.00000000E+00  0.00000000E+00  0.00000000E+00
  0.00000000E+00  0.00000000E+00  0.00000000E+00  0.00000000E+00  0.00000000E+00
  0.00000000E+00  0.00000000E+00  0.00000000E+00  0.00000000E+00
  0.10000000E+01  0.24352542E+01  0.35365953E+01  0.43390045E+01  0.50010898E+01
  0.55551210E+01  0.60446547E+01  0.64671697E+01  0.68176957E+01  0.70943029E+01
  0.72976188E+01  0.74322208E+01  0.75065538E+01  0.75237812E+01  0.74914246E+01
  0.74114275E+01  0.72933809E+01  0.71362964E+01  0.69479993E+01  0.67284485E+01
  0.64917508E+01  0.62339536E+01  0.59681211E+01  0.56933434E+01  0.54135184E+01
  0.51307447E+01  0.48486280E+01  0.45689891E+01  0.42943430E+01  0.40259342E+01
  0.37666467E+01  0.35171274E+01  0.32788263E+01  0.30515494E+01  0.28363860E+01
  0.26322337E+01  0.24390699E+01  0.22559527E+01  0.20841128E+01  0.19223182E+01
  0.17709733E+01  0.16292221E+01  0.14962839E+01  0.13717201E+01  0.12560906E+01
  0.11485879E+01  0.10495462E+01  0.95801548E+00  0.87348831E+00  0.79541995E+00
  0.72341737E+00  0.65740632E+00  0.59714314E+00  0.54217261E+00  0.49197601E+00
  0.44604359E+00  0.40400135E+00  0.36554752E+00  0.33035929E+00  0.29824319E+00
  0.26892386E+00  0.24217841E+00  0.21782816E+00  0.19552931E+00  0.17512923E+00
  0.15644347E+00  0.13944530E+00  0.12388969E+00  0.10974276E+00  0.96984507E-01
  0.85580251E-01  0.75308587E-01  0.66175927E-01  0.58083868E-01  0.50899682E-01
  0.44544279E-01  0.38877645E-01  0.33863719E-01  0.29411602E-01  0.25402186E-01
  0.21850667E-01  0.18817084E-01  0.16165938E-01  0.13950262E-01  0.11943274E-01
  0.10208227E-01  0.86781729E-02  0.72889874E-02  0.61206025E-02  0.50213346E-02
  0.41044082E-02  0.33367965E-02  0.27128268E-02  0.22955045E-02  0.20126693E-02
  0.18136964E-02  0.16540680E-02  0.14857559E-02  0.13933182E-02  0.12739556E-02
  0.10580595E-02  0.97798611E-03  0.93663110E-03  0.84907146E-03  0.82049743E-03
  0.93729260E-03  0.10297558E-02  0.10496735E-02  0.10561747E-02  0.99160155E-03
  0.90594028E-03  0.79758110E-03  0.59987663E-03  0.45066360E-03  0.40460584E-03
  0.39533146E-03  0.37307132E-03  0.41737097E-03  0.47015995E-03  0.46518430E-03
  0.43859829E-03  0.40467547E-03  0.40349913E-03  0.29820567E-03  0.28298589E-03
  0.28330390E-03  0.26531129E-03  0.30178807E-03  0.25417613E-03
  0.10000000E+01  0.24902063E+01  0.36884704E+01  0.46289052E+01  0.54337581E+01
  0.61391077E+01  0.67911855E+01  0.73946330E+01  0.79409108E+01  0.84230891E+01
  0.88390165E+01  0.91877946E+01  0.94758793E+01  0.97034145E+01  0.98772668E+01
  0.99971737E+01  0.10070212E+02  0.10095128E+02  0.10077160E+02  0.10016480E+02
  0.99214416E+01  0.97911707E+01  0.96339097E+01  0.94507007E+01  0.92456102E+01
  0.90212730E+01  0.87818927E+01  0.85301192E+01  0.82693717E+01  0.80017764E+01
  0.77306634E+01  0.74576032E+01  0.71848718E+01  0.69132274E+01  0.66445635E+01
  0.63788855E+01  0.61173113E+01  0.58599436E+01  0.56084625E+01  0.53626964E+01
  0.51239619E+01  0.48915236E+01  0.46656487E+01  0.44460948E+01  0.42339390E+01
  0.40290186E+01  0.38319718E+01  0.36423266E+01  0.34599463E+01  0.32845647E+01
  0.31161771E+01  0.29550525E+01  0.28012488E+01  0.26544112E+01  0.25143526E+01
  0.23806039E+01  0.22529841E+01  0.21313478E+01  0.20154521E+01  0.19050570E+01
  0.18000405E+01  0.17002347E+01  0.16052826E+01  0.15149947E+01  0.14291430E+01
  0.13475984E+01  0.12702362E+01  0.11967251E+01  0.11270893E+01  0.10611171E+01
  0.99878640E+00  0.93982120E+00  0.88400945E+00  0.83140151E+00  0.78166932E+00
  0.73471288E+00  0.69035937E+00  0.64846939E+00  0.60895555E+00  0.57171089E+00
  0.53653053E+00  0.50333553E+00  0.47212336E+00  0.44272359E+00  0.41506454E+00
  0.38901367E+00  0.36449497E+00  0.34141215E+00  0.31970242E+00  0.29926679E+00
  0.28007118E+00  0.26204621E+00  0.24513081E+00  0.22925981E+00  0.21436087E+00
  0.20051209E+00  0.18743870E+00  0.17512295E+00  0.16350862E+00  0.15262839E+00
  0.14231790E+00  0.13265669E+00  0.12362405E+00  0.11517951E+00  0.10733808E+00
  0.99986087E-01  0.93171623E-01  0.86819202E-01  0.80743513E-01  0.75009967E-01
  0.69700759E-01  0.64702283E-01  0.59894218E-01  0.55425590E-01  0.51470078E-01
  0.47721578E-01  0.44277290E-01  0.41153171E-01  0.38257857E-01  0.35507199E-01
  0.32886200E-01  0.30418468E-01  0.28122761E-01  0.26030273E-01  0.24117688E-01
  0.22424429E-01  0.20863221E-01  0.19426937E-01  0.18094223E-01
  0.10000000E+01  0.25402701E+01  0.38153786E+01  0.48601981E+01  0.57743629E+01
  0.65925735E+01  0.73626346E+01  0.80956353E+01  0.87836838E+01  0.94193600E+01
  0.99983612E+01  0.10518484E+02  0.10983102E+02  0.11392301E+02  0.11750856E+02
  0.12058802E+02  0.12321197E+02  0.12537066E+02  0.12709932E+02  0.12839873E+02
  0.12932490E+02  0.12987092E+02  0.13009360E+02  0.12999938E+02  0.12961748E+02
  0.12896761E+02  0.12808075E+02  0.12697741E+02  0.12568465E+02  0.12422089E+02
  0.12261294E+02  0.12087538E+02  0.11902810E+02  0.11708116E+02  0.11505267E+02
  0.11294744E+02  0.11077770E+02  0.10854861E+02  0.10627782E+02  0.10396921E+02
  0.10163558E+02  0.99277934E+01  0.96903565E+01  0.94514573E+01  0.92124060E+01
  0.89735719E+01  0.87358539E+01  0.84993479E+01  0.82644204E+01  0.80313038E+01
  0.78004174E+01  0.75722649E+01  0.73473353E+01  0.71258780E+01  0.69079643E+01
  0.66936397E+01  0.64830609E+01  0.62764598E+01  0.60739318E+01  0.58755504E+01
  0.56814766E+01  0.54917236E+01  0.53063426E+01  0.51253952E+01  0.49488787E+01
  0.47767360E+01  0.46089722E+01  0.44456327E+01  0.42866346E+01  0.41319490E+01
  0.39815745E+01  0.38354460E+01  0.36934905E+01  0.35556480E+01  0.34218513E+01
  0.32920500E+01  0.31661738E+01  0.30440678E+01  0.29256566E+01  0.28109311E+01
  0.26997845E+01  0.25921194E+01  0.24879538E+01  0.23872238E+01  0.22897654E+01
  0.21955526E+01  0.21045869E+01  0.20167415E+01  0.19319122E+01  0.18500518E+01
  0.17710630E+01  0.16948648E+01  0.16214615E+01  0.15507688E+01  0.14826795E+01
  0.14171887E+01  0.13542518E+01  0.12937949E+01  0.12357145E+01  0.11799266E+01
  0.11263605E+01  0.10749563E+01  0.10256283E+01  0.97824807E+00  0.93278887E+00
  0.88926193E+00  0.84757009E+00  0.80759868E+00  0.76932130E+00  0.73270509E+00
  0.69770996E+00  0.66424903E+00  0.63221614E+00  0.60159509E+00  0.57235083E+00
  0.54437645E+00  0.51762393E+00  0.49209945E+00  0.46769557E+00  0.44435492E+00
  0.42206197E+00  0.40077481E+00  0.38046208E+00  0.36110267E+00  0.34265458E+00
  0.32504058E+00  0.30824019E+00  0.29220070E+00  0.27684344E+00
  0.10000000E+01  0.25841401E+01  0.39272784E+01  0.50648918E+01  0.60780206E+01
  0.70002878E+01  0.78793508E+01  0.87307308E+01  0.95469133E+01  0.10319904E+02
  0.11044042E+02  0.11715760E+02  0.12336374E+02  0.12905525E+02  0.13426517E+02
  0.13899466E+02  0.14327943E+02  0.14711362E+02  0.15052082E+02  0.15350248E+02
  0.15609412E+02  0.15829372E+02  0.16013843E+02  0.16163495E+02  0.16280520E+02
  0.16366470E+02  0.16423713E+02  0.16453926E+02  0.16459267E+02  0.16441283E+02
  0.16402119E+02  0.16343095E+02  0.16265924E+02  0.16171632E+02  0.16061814E+02
  0.15937180E+02  0.15798990E+02  0.15647940E+02  0.15485577E+02  0.15312581E+02
  0.15130174E+02  0.14938646E+02  0.14738910E+02  0.14531504E+02  0.14317672E+02
  0.14097976E+02  0.13873460E+02  0.13644562E+02  0.13411811E+02  0.13175669E+02
  0.12936815E+02  0.12695934E+02  0.12453647E+02  0.12210388E+02  0.11966505E+02
  0.11722368E+02  0.11478396E+02  0.11234949E+02  0.10992348E+02  0.10750946E+02
  0.10511094E+02  0.10273021E+02  0.10036940E+02  0.98030768E+01  0.95716025E+01
  0.93426616E+01  0.91164450E+01  0.88930958E+01  0.86727238E+01  0.84554630E+01
  0.82414917E+01  0.80308778E+01  0.78235682E+01  0.76196169E+01  0.74191294E+01
  0.72220978E+01  0.70284781E+01  0.68382984E+01  0.66516095E+01  0.64683961E+01
  0.62886238E+01  0.61123384E+01  0.59395504E+01  0.57702233E+01  0.56043420E+01
  0.54419319E+01  0.52830025E+01  0.51275370E+01  0.49754795E+01  0.48268082E+01
  0.46815186E+01  0.45395807E+01  0.44008886E+01  0.42653757E+01  0.41330989E+01
  0.40040896E+01  0.38782552E+01  0.37555773E+01  0.36360851E+01  0.35197481E+01
  0.34065245E+01  0.32963055E+01  0.31890584E+01  0.30847280E+01  0.29832531E+01
  0.28845805E+01  0.27886829E+01  0.26955590E+01  0.26051814E+01  0.25175172E+01
  0.24325047E+01  0.23501208E+01  0.22703213E+01  0.21929952E+01  0.21180359E+01
  0.20454192E+01  0.19751227E+01  0.19070498E+01  0.18411054E+01  0.17772994E+01
  0.17156428E+01  0.16560277E+01  0.15983368E+01  0.15425550E+01  0.14886584E+01
  0.14365050E+01  0.13859482E+01  0.13369772E+01  0.12896019E+01
  0.10000000E+01  0.26134258E+01  0.40002486E+01  0.51961038E+01  0.62726571E+01
  0.72620671E+01  0.82109042E+01  0.91368409E+01  0.10033134E+02  0.10892198E+02
  0.11707873E+02  0.12476309E+02  0.13197776E+02  0.13871843E+02  0.14500958E+02
  0.15085346E+02  0.15627896E+02  0.16128271E+02  0.16588337E+02  0.17008196E+02
  0.17390581E+02  0.17735320E+02  0.18045285E+02  0.18320958E+02  0.18564033E+02
  0.18775765E+02  0.18957953E+02  0.19111943E+02  0.19239475E+02  0.19341859E+02
  0.19420817E+02  0.19477420E+02  0.19513057E+02  0.19528662E+02  0.19525580E+02
  0.19504443E+02  0.19466347E+02  0.19411983E+02  0.19342638E+02  0.19258911E+02
  0.19161933E+02  0.19052126E+02  0.18930297E+02  0.18796952E+02  0.18653227E+02
  0.18499740E+02  0.18337407E+02  0.18166675E+02  0.17988157E+02  0.17802418E+02
  0.17610120E+02  0.17411897E+02  0.17208406E+02  0.17000207E+02  0.16787753E+02
  0.16571428E+02  0.16351644E+02  0.16128909E+02  0.15903706E+02  0.15676396E+02
  0.15447311E+02  0.15216829E+02  0.14985331E+02  0.14753079E+02  0.14520285E+02
  0.14287213E+02  0.14054175E+02  0.13821392E+02  0.13589088E+02  0.13357516E+02
  0.13126865E+02  0.12897299E+02  0.12668937E+02  0.12441866E+02  0.12216146E+02
  0.11991920E+02  0.11769369E+02  0.11548605E+02  0.11329653E+02  0.11112643E+02
  0.10897730E+02  0.10684991E+02  0.10474454E+02  0.10266189E+02  0.10060288E+02
  0.98567425E+01  0.96555896E+01  0.94569682E+01  0.92609263E+01  0.90674297E+01
  0.88764922E+01  0.86882267E+01  0.85026856E+01  0.83198219E+01  0.81396682E+01
  0.79622980E+01  0.77876795E+01  0.76157738E+01  0.74466651E+01  0.72804119E+01
  0.71169798E+01  0.69563430E+01  0.67985567E+01  0.66436342E+01  0.64915201E+01
  0.63422184E+01  0.61957573E+01  0.60521274E+01  0.59112654E+01  0.57731737E+01
  0.56378631E+01  0.55053189E+01  0.53755166E+01  0.52484446E+01  0.51241073E+01
  0.50024847E+01  0.48835764E+01  0.47673471E+01  0.46536953E+01  0.45425697E+01
  0.44339779E+01  0.43279132E+01  0.42242981E+01  0.41230145E+01  0.40240040E+01
  0.39272456E+01  0.38327003E+01  0.37403318E+01  0.36500838E+01
  0.10000000E+01  0.26578495E+01  0.41105175E+01  0.53936061E+01  0.65649558E+01
  0.76550549E+01  0.87089601E+01  0.97476011E+01  0.10765571E+02  0.11755535E+02
  0.12710651E+02  0.13626261E+02  0.14501194E+02  0.15334672E+02  0.16127924E+02
  0.16881304E+02  0.17596732E+02  0.18274232E+02  0.18914896E+02  0.19518847E+02
  0.20087543E+02  0.20620976E+02  0.21120725E+02  0.21587153E+02  0.22021264E+02
  0.22423926E+02  0.22796293E+02  0.23139347E+02  0.23454234E+02  0.23741883E+02
  0.24003498E+02  0.24239902E+02  0.24452043E+02  0.24640650E+02  0.24806706E+02
  0.24950803E+02  0.25073771E+02  0.25176233E+02  0.25259160E+02  0.25323138E+02
  0.25369046E+02  0.25397340E+02  0.25408730E+02  0.25403763E+02  0.25383348E+02
  0.25348063E+02  0.25298683E+02  0.25235708E+02  0.25159740E+02  0.25071359E+02
  0.24971199E+02  0.24859899E+02  0.24738108E+02  0.24606399E+02  0.24465292E+02
  0.24315294E+02  0.24156907E+02  0.23990639E+02  0.23816991E+02  0.23636422E+02
  0.23449404E+02  0.23256383E+02  0.23057769E+02  0.22853953E+02  0.22645306E+02
  0.22432183E+02  0.22214921E+02  0.21993841E+02  0.21769321E+02  0.21541711E+02
  0.21311312E+02  0.21078325E+02  0.20842941E+02  0.20605418E+02  0.20365990E+02
  0.20124888E+02  0.19882308E+02  0.19638477E+02  0.19393628E+02  0.19147961E+02
  0.18901654E+02  0.18654900E+02  0.18407893E+02  0.18160807E+02  0.17913786E+02
  0.17666974E+02  0.17420527E+02  0.17174606E+02  0.16929388E+02  0.16684996E+02
  0.16441501E+02  0.16198986E+02  0.15957577E+02  0.15717455E+02  0.15478747E+02
  0.15241520E+02  0.15005860E+02  0.14771931E+02  0.14539839E+02  0.14309623E+02
  0.14081330E+02  0.13855058E+02  0.13630914E+02  0.13408885E+02  0.13188989E+02
  0.12971314E+02  0.12756012E+02  0.12543200E+02  0.12332894E+02  0.12125153E+02
  0.11919999E+02  0.11717442E+02  0.11517509E+02  0.11320200E+02  0.11125570E+02
  0.10933676E+02  0.10744550E+02  0.10558158E+02  0.10374514E+02  0.10193663E+02
  0.10015663E+02  0.98405153E+01  0.96681197E+01  0.94983988E+01  0.93313038E+01
  0.91668188E+01  0.90049013E+01  0.88455065E+01  0.86886395E+01
  0.10000000E+01  0.26921547E+01  0.41940731E+01  0.55408986E+01  0.67822329E+01
  0.79471038E+01  0.90788578E+01  0.10200286E+02  0.11307486E+02  0.12393707E+02
  0.13451967E+02  0.14477247E+02  0.15467493E+02  0.16421716E+02  0.17340424E+02
  0.18224062E+02  0.19074017E+02  0.19890483E+02  0.20674137E+02  0.21425116E+02
  0.22144202E+02  0.22831374E+02  0.23487495E+02  0.24112779E+02  0.24707799E+02
  0.25273156E+02  0.25809506E+02  0.26317538E+02  0.26798003E+02  0.27251556E+02
  0.27678964E+02  0.28080842E+02  0.28457856E+02  0.28810555E+02  0.29139593E+02
  0.29445430E+02  0.29728692E+02  0.29989916E+02  0.30229770E+02  0.30448715E+02
  0.30647351E+02  0.30826084E+02  0.30985482E+02  0.31125991E+02  0.31248301E+02
  0.31352934E+02  0.31440493E+02  0.31511402E+02  0.31566169E+02  0.31605305E+02
  0.31629390E+02  0.31638969E+02  0.31634535E+02  0.31616592E+02  0.31585655E+02
  0.31542199E+02  0.31486660E+02  0.31419481E+02  0.31341190E+02  0.31252279E+02
  0.31153194E+02  0.31044338E+02  0.30926104E+02  0.30798921E+02  0.30663174E+02
  0.30519214E+02  0.30367413E+02  0.30208129E+02  0.30041734E+02  0.29868612E+02
  0.29689091E+02  0.29503460E+02  0.29311951E+02  0.29114835E+02  0.28912416E+02
  0.28704985E+02  0.28492806E+02  0.28276120E+02  0.28055196E+02  0.27830326E+02
  0.27601754E+02  0.27369727E+02  0.27134498E+02  0.26896302E+02  0.26655333E+02
  0.26411782E+02  0.26165944E+02  0.25918082E+02  0.25668411E+02  0.25417050E+02
  0.25164164E+02  0.24909992E+02  0.24654720E+02  0.24398494E+02  0.24141457E+02
  0.23883805E+02  0.23625740E+02  0.23367424E+02  0.23108997E+02  0.22850604E+02
  0.22592434E+02  0.22334627E+02  0.22077276E+02  0.21820475E+02  0.21564345E+02
  0.21309046E+02  0.21054751E+02  0.20801593E+02  0.20549668E+02  0.20299031E+02
  0.20049753E+02  0.19801969E+02  0.19555770E+02  0.19311233E+02  0.19068427E+02
  0.18827438E+02  0.18588397E+02  0.18351372E+02  0.18116404E+02  0.17883579E+02
  0.17652950E+02  0.17424535E+02  0.17198285E+02  0.16974164E+02  0.16752200E+02
  0.16532417E+02  0.16314816E+02  0.16099412E+02  0.15886247E+02
  0.10000000E+01  0.27233873E+01  0.42697100E+01  0.56733089E+01  0.69775341E+01
  0.82100463E+01  0.94122027E+01  0.10607891E+02  0.11794717E+02  0.12966583E+02
  0.14116583E+02  0.15239464E+02  0.16332616E+02  0.17394899E+02  0.18426323E+02
  0.19427361E+02  0.20399044E+02  0.21341729E+02  0.22255854E+02  0.23141542E+02
  0.23999097E+02  0.24828439E+02  0.25629959E+02  0.26403737E+02  0.27149966E+02
  0.27869013E+02  0.28561187E+02  0.29227024E+02  0.29866977E+02  0.30481479E+02
  0.31071014E+02  0.31636045E+02  0.32176976E+02  0.32694167E+02  0.33188029E+02
  0.33658912E+02  0.34107210E+02  0.34533290E+02  0.34937552E+02  0.35320357E+02
  0.35682114E+02  0.36023139E+02  0.36343849E+02  0.36644605E+02  0.36925894E+02
  0.37188073E+02  0.37431564E+02  0.37656731E+02  0.37863948E+02  0.38053579E+02
  0.38226047E+02  0.38381784E+02  0.38521215E+02  0.38644723E+02  0.38752670E+02
  0.38845457E+02  0.38923503E+02  0.38987218E+02  0.39036989E+02  0.39073177E+02
  0.39096160E+02  0.39106317E+02  0.39104032E+02  0.39089652E+02  0.39063530E+02
  0.39025999E+02  0.38977406E+02  0.38918098E+02  0.38848397E+02  0.38768666E+02
  0.38679228E+02  0.38580364E+02  0.38472327E+02  0.38355366E+02  0.38229761E+02
  0.38095831E+02  0.37953899E+02  0.37804242E+02  0.37647125E+02  0.37482841E+02
  0.37311707E+02  0.37134008E+02  0.36949988E+02  0.36759861E+02  0.36563888E+02
  0.36362325E+02  0.36155458E+02  0.35943589E+02  0.35726978E+02  0.35505863E+02
  0.35280453E+02  0.35050960E+02  0.34817626E+02  0.34580711E+02  0.34340407E+02
  0.34096869E+02  0.33850319E+02  0.33601000E+02  0.33349158E+02  0.33095014E+02
  0.32838724E+02  0.32580453E+02  0.32320388E+02  0.32058705E+02  0.31795554E+02
  0.31531101E+02  0.31265581E+02  0.30999218E+02  0.30732176E+02  0.30464550E+02
  0.30196460E+02  0.29928060E+02  0.29659523E+02  0.29390984E+02  0.29122548E+02
  0.28854359E+02  0.28586539E+02  0.28319196E+02  0.28052459E+02  0.27786476E+02
  0.27521362E+02  0.27257143E+02  0.26993851E+02  0.26731510E+02  0.26470191E+02
  0.26210006E+02  0.25951014E+02  0.25693256E+02  0.25436787E+02
  0.10000000E+01  0.27483693E+01  0.43297375E+01  0.57773501E+01  0.71309589E+01
  0.84171037E+01  0.96750104E+01  0.10928683E+02  0.12177088E+02  0.13414790E+02
  0.14635217E+02  0.15833118E+02  0.17005630E+02  0.18151528E+02  0.19270607E+02
  0.20363334E+02  0.21430570E+02  0.22472749E+02  0.23490206E+02  0.24483047E+02
  0.25451347E+02  0.26394955E+02  0.27314045E+02  0.28208615E+02  0.29078648E+02
  0.29924362E+02  0.30745846E+02  0.31543508E+02  0.32317600E+02  0.33068441E+02
  0.33796354E+02  0.34501724E+02  0.35184812E+02  0.35845850E+02  0.36485116E+02
  0.37102869E+02  0.37699379E+02  0.38274909E+02  0.38829663E+02  0.39363885E+02
  0.39877858E+02  0.40371824E+02  0.40846075E+02  0.41300867E+02  0.41736504E+02
  0.42153260E+02  0.42551445E+02  0.42931331E+02  0.43293169E+02  0.43637220E+02
  0.43963808E+02  0.44273225E+02  0.44565775E+02  0.44841701E+02  0.45101282E+02
  0.45344836E+02  0.45572670E+02  0.45785065E+02  0.45982325E+02  0.46164744E+02
  0.46332608E+02  0.46486181E+02  0.46625713E+02  0.46751501E+02  0.46863848E+02
  0.46963033E+02  0.47049338E+02  0.47123013E+02  0.47184324E+02  0.47233585E+02
  0.47271070E+02  0.47296992E+02  0.47311541E+02  0.47314933E+02  0.47307421E+02
  0.47289280E+02  0.47260781E+02  0.47222155E+02  0.47173632E+02  0.47115475E+02
  0.47047984E+02  0.46971415E+02  0.46886000E+02  0.46791963E+02  0.46689538E+02
  0.46578959E+02  0.46460506E+02  0.46334464E+02  0.46201097E+02  0.46060649E+02
  0.45913318E+02  0.45759275E+02  0.45598750E+02  0.45431985E+02  0.45259202E+02
  0.45080646E+02  0.44896511E+02  0.44707013E+02  0.44512402E+02  0.44312903E+02
  0.44108723E+02  0.43900069E+02  0.43687126E+02  0.43470072E+02  0.43249088E+02
  0.43024355E+02  0.42796138E+02  0.42564651E+02  0.42330065E+02  0.42092538E+02
  0.41852207E+02  0.41609275E+02  0.41363910E+02  0.41116293E+02  0.40866555E+02
  0.40614857E+02  0.40361371E+02  0.40106256E+02  0.39849666E+02  0.39591723E+02
  0.39332556E+02  0.39072278E+02  0.38810995E+02  0.38548794E+02  0.38285769E+02
  0.38022022E+02  0.37757672E+02  0.37492826E+02  0.37227599E+02
  0.10000000E+01  0.27716761E+01  0.43861637E+01  0.58755355E+01  0.72762269E+01
  0.86137323E+01  0.99250515E+01  0.11233976E+02  0.12540616E+02  0.13840108E+02
  0.15126247E+02  0.16393831E+02  0.17639823E+02  0.18862921E+02  0.20062789E+02
  0.21239890E+02  0.22394928E+02  0.23528400E+02  0.24640546E+02  0.25731465E+02
  0.26801020E+02  0.27849026E+02  0.28875441E+02  0.29880180E+02  0.30863080E+02
  0.31824235E+02  0.32763587E+02  0.33681446E+02  0.34577926E+02  0.35453269E+02
  0.36307664E+02  0.37141417E+02  0.37954680E+02  0.38747627E+02  0.39520429E+02
  0.40273257E+02  0.41006247E+02  0.41719582E+02  0.42413359E+02  0.43087749E+02
  0.43742909E+02  0.44378980E+02  0.44996148E+02  0.45594640E+02  0.46174686E+02
  0.46736464E+02  0.47280160E+02  0.47805957E+02  0.48314022E+02  0.48804537E+02
  0.49277733E+02  0.49733796E+02  0.50172891E+02  0.50595196E+02  0.51000930E+02
  0.51390300E+02  0.51763542E+02  0.52120832E+02  0.52462410E+02  0.52788497E+02
  0.53099306E+02  0.53395035E+02  0.53675861E+02  0.53941984E+02  0.54193627E+02
  0.54430996E+02  0.54654309E+02  0.54863771E+02  0.55059587E+02  0.55241960E+02
  0.55411099E+02  0.55567180E+02  0.55710393E+02  0.55840948E+02  0.55959054E+02
  0.56064912E+02  0.56158715E+02  0.56240641E+02  0.56310899E+02  0.56369714E+02
  0.56417317E+02  0.56453912E+02  0.56479668E+02  0.56494791E+02  0.56499523E+02
  0.56494099E+02  0.56478775E+02  0.56453803E+02  0.56419383E+02  0.56375741E+02
  0.56323088E+02  0.56261602E+02  0.56191496E+02  0.56112961E+02  0.56026170E+02
  0.55931329E+02  0.55828628E+02  0.55718299E+02  0.55600569E+02  0.55475650E+02
  0.55343757E+02  0.55205089E+02  0.55059851E+02  0.54908241E+02  0.54750458E+02
  0.54586702E+02  0.54417204E+02  0.54242172E+02  0.54061773E+02  0.53876192E+02
  0.53685594E+02  0.53490145E+02  0.53290012E+02  0.53085366E+02  0.52876397E+02
  0.52663292E+02  0.52446255E+02  0.52225439E+02  0.52000977E+02  0.51773050E+02
  0.51541826E+02  0.51307455E+02  0.51070057E+02  0.50829701E+02  0.50586515E+02
  0.50340656E+02  0.50092299E+02  0.49841613E+02  0.49588724E+02
  0.10000000E+01  0.27847649E+01  0.44184684E+01  0.59320398E+01  0.73609036E+01
  0.87297674E+01  0.10073671E+02  0.11415407E+02  0.12755687E+02  0.14090025E+02
  0.15412589E+02  0.16718407E+02  0.18004563E+02  0.19269782E+02  0.20513752E+02
  0.21736904E+02  0.22939917E+02  0.24123279E+02  0.25287252E+02  0.26431929E+02
  0.27557182E+02  0.28662785E+02  0.29748691E+02  0.30814796E+02  0.31860923E+02
  0.32887093E+02  0.33893223E+02  0.34879562E+02  0.35846201E+02  0.36793368E+02
  0.37721268E+02  0.38630151E+02  0.39520142E+02  0.40391394E+02  0.41244076E+02
  0.42078336E+02  0.42894287E+02  0.43692054E+02  0.44471699E+02  0.45233373E+02
  0.45977205E+02  0.46703301E+02  0.47411809E+02  0.48102901E+02  0.48776785E+02
  0.49433624E+02  0.50073596E+02  0.50696833E+02  0.51303434E+02  0.51893528E+02
  0.52467331E+02  0.53025002E+02  0.53566683E+02  0.54092493E+02  0.54602573E+02
  0.55097095E+02  0.55576267E+02  0.56040259E+02  0.56489245E+02  0.56923383E+02
  0.57342850E+02  0.57747796E+02  0.58138384E+02  0.58514761E+02  0.58877079E+02
  0.59225493E+02  0.59560196E+02  0.59881354E+02  0.60189137E+02  0.60483711E+02
  0.60765255E+02  0.61033912E+02  0.61289838E+02  0.61533181E+02  0.61764081E+02
  0.61982694E+02  0.62189177E+02  0.62383675E+02  0.62566351E+02  0.62737353E+02
  0.62896870E+02  0.63045104E+02  0.63182216E+02  0.63308380E+02  0.63423760E+02
  0.63528534E+02  0.63622926E+02  0.63707164E+02  0.63781437E+02  0.63845873E+02
  0.63900597E+02  0.63945765E+02  0.63981571E+02  0.64008203E+02  0.64025817E+02
  0.64034535E+02  0.64034499E+02  0.64025926E+02  0.64009014E+02  0.63983959E+02
  0.63950958E+02  0.63910145E+02  0.63861691E+02  0.63805774E+02  0.63742570E+02
  0.63672208E+02  0.63594903E+02  0.63510822E+02  0.63420142E+02  0.63323042E+02
  0.63219651E+02  0.63110132E+02  0.62994637E+02  0.62873308E+02  0.62746285E+02
  0.62613734E+02  0.62475826E+02  0.62332699E+02  0.62184502E+02  0.62031383E+02
  0.61873507E+02  0.61711008E+02  0.61544018E+02  0.61372674E+02  0.61197087E+02
  0.61017385E+02  0.60833677E+02  0.60646111E+02  0.60454842E+02
  0.10000000E+01  0.27989663E+01  0.44537586E+01  0.59941771E+01  0.74541294E+01
  0.88574527E+01  0.10237211E+02  0.11615310E+02  0.12993036E+02  0.14366281E+02
  0.15729546E+02  0.17078059E+02  0.18408971E+02  0.19721021E+02  0.21013886E+02
  0.22287973E+02  0.23543893E+02  0.24782132E+02  0.26002939E+02  0.27206405E+02
  0.28392357E+02  0.29560553E+02  0.30710866E+02  0.31843144E+02  0.32957167E+02
  0.34052881E+02  0.35130198E+02  0.36189308E+02  0.37230249E+02  0.38253204E+02
  0.39258351E+02  0.40245903E+02  0.41215970E+02  0.42168658E+02  0.43104099E+02
  0.44022409E+02  0.44923678E+02  0.45808006E+02  0.46675403E+02  0.47525962E+02
  0.48359752E+02  0.49176860E+02  0.49977433E+02  0.50761608E+02  0.51529564E+02
  0.52281402E+02  0.53017261E+02  0.53737255E+02  0.54441462E+02  0.55129978E+02
  0.55802969E+02  0.56460523E+02  0.57102761E+02  0.57729767E+02  0.58341657E+02
  0.58938561E+02  0.59520632E+02  0.60087987E+02  0.60640792E+02  0.61179171E+02
  0.61703282E+02  0.62213226E+02  0.62709134E+02  0.63191122E+02  0.63659340E+02
  0.64113904E+02  0.64554941E+02  0.64982575E+02  0.65396918E+02  0.65798124E+02
  0.66186310E+02  0.66561583E+02  0.66924087E+02  0.67273953E+02  0.67611317E+02
  0.67936287E+02  0.68249000E+02  0.68549543E+02  0.68838061E+02  0.69114718E+02
  0.69379663E+02  0.69633048E+02  0.69874984E+02  0.70105585E+02  0.70325006E+02
  0.70533400E+02  0.70730943E+02  0.70917804E+02  0.71094138E+02  0.71260066E+02
  0.71415722E+02  0.71561246E+02  0.71696794E+02  0.71822502E+02  0.71938494E+02
  0.72044891E+02  0.72141823E+02  0.72229446E+02  0.72307929E+02  0.72377400E+02
  0.72438019E+02  0.72489940E+02  0.72533324E+02  0.72568344E+02  0.72595120E+02
  0.72613804E+02  0.72624562E+02  0.72627549E+02  0.72622921E+02  0.72610818E+02
  0.72591350E+02  0.72564640E+02  0.72530843E+02  0.72490090E+02  0.72442510E+02
  0.72388239E+02  0.72327427E+02  0.72260195E+02  0.72186686E+02  0.72107064E+02
  0.72021458E+02  0.71930023E+02  0.71832851E+02  0.71730052E+02  0.71621737E+02
  0.71508037E+02  0.71389085E+02  0.71264997E+02  0.71135938E+02
  0.10000000E+01  0.28058839E+01  0.44719701E+01  0.60270070E+01  0.75046623E+01
  0.89279912E+01  0.10328478E+02  0.11726899E+02  0.13124727E+02  0.14518126E+02
  0.15901927E+02  0.17271683E+02  0.18624775E+02  0.19960005E+02  0.21277116E+02
  0.22576471E+02  0.23858691E+02  0.25124217E+02  0.26373315E+02  0.27606036E+02
  0.28822274E+02  0.30021767E+02  0.31204452E+02  0.32370175E+02  0.33518738E+02
  0.34650071E+02  0.35764102E+02  0.36860980E+02  0.37940776E+02  0.39003672E+02
  0.40049856E+02  0.41079530E+02  0.42092816E+02  0.43089809E+02  0.44070638E+02
  0.45035422E+02  0.45984249E+02  0.46917190E+02  0.47834287E+02  0.48735601E+02
  0.49621209E+02  0.50491198E+02  0.51345695E+02  0.52184807E+02  0.53008728E+02
  0.53817546E+02  0.54611404E+02  0.55390411E+02  0.56154639E+02  0.56904163E+02
  0.57639151E+02  0.58359694E+02  0.59065905E+02  0.59757851E+02  0.60435635E+02
  0.61099357E+02  0.61749157E+02  0.62385147E+02  0.63007485E+02  0.63616284E+02
  0.64211672E+02  0.64793733E+02  0.65362579E+02  0.65918313E+02  0.66461073E+02
  0.66990953E+02  0.67508082E+02  0.68012531E+02  0.68504432E+02  0.68983910E+02
  0.69451101E+02  0.69906105E+02  0.70349038E+02  0.70780010E+02  0.71199119E+02
  0.71606444E+02  0.72002104E+02  0.72386193E+02  0.72758837E+02  0.73120149E+02
  0.73470256E+02  0.73809269E+02  0.74137293E+02  0.74454452E+02  0.74760874E+02
  0.75056685E+02  0.75342048E+02  0.75617112E+02  0.75882006E+02  0.76136848E+02
  0.76381731E+02  0.76616768E+02  0.76842084E+02  0.77057785E+02  0.77264007E+02
  0.77460822E+02  0.77648334E+02  0.77826663E+02  0.77995944E+02  0.78156315E+02
  0.78307923E+02  0.78450932E+02  0.78585440E+02  0.78711579E+02  0.78829460E+02
  0.78939196E+02  0.79040930E+02  0.79134818E+02  0.79220974E+02  0.79299500E+02
  0.79370510E+02  0.79434091E+02  0.79490385E+02  0.79539484E+02  0.79581501E+02
  0.79616569E+02  0.79644826E+02  0.79666395E+02  0.79681401E+02  0.79689945E+02
  0.79692144E+02  0.79688108E+02  0.79677943E+02  0.79661750E+02  0.79639616E+02
  0.79611618E+02  0.79577874E+02  0.79538507E+02  0.79493656E+02
  0.10000000E+01  0.28154320E+01  0.44966483E+01  0.60713374E+01  0.75721172E+01
  0.90212041E+01  0.10448425E+02  0.11873635E+02  0.13298575E+02  0.14719671E+02
  0.16132056E+02  0.17531539E+02  0.18915655E+02  0.20283264E+02  0.21634118E+02
  0.22968535E+02  0.24287086E+02  0.25590174E+02  0.26878058E+02  0.28150789E+02
  0.29408251E+02  0.30650183E+02  0.31876485E+02  0.33086979E+02  0.34281466E+02
  0.35459845E+02  0.36622046E+02  0.37768189E+02  0.38898321E+02  0.40012594E+02
  0.41111193E+02  0.42194285E+02  0.43262031E+02  0.44314502E+02  0.45351826E+02
  0.46374097E+02  0.47381370E+02  0.48373695E+02  0.49351115E+02  0.50313660E+02
  0.51261404E+02  0.52194391E+02  0.53112735E+02  0.54016548E+02  0.54906005E+02
  0.55781186E+02  0.56642217E+02  0.57489175E+02  0.58322134E+02  0.59141170E+02
  0.59946439E+02  0.60738005E+02  0.61515954E+02  0.62280346E+02  0.63031266E+02
  0.63768798E+02  0.64493055E+02  0.65204128E+02  0.65902139E+02  0.66587178E+02
  0.67259363E+02  0.67918776E+02  0.68565527E+02  0.69199709E+02  0.69821435E+02
  0.70430777E+02  0.71027841E+02  0.71612686E+02  0.72185439E+02  0.72746190E+02
  0.73295036E+02  0.73832071E+02  0.74357399E+02  0.74871095E+02  0.75373265E+02
  0.75863965E+02  0.76343303E+02  0.76811372E+02  0.77268264E+02  0.77714058E+02
  0.78148869E+02  0.78572805E+02  0.78985944E+02  0.79388402E+02  0.79780303E+02
  0.80161725E+02  0.80532791E+02  0.80893593E+02  0.81244266E+02  0.81584928E+02
  0.81915684E+02  0.82236639E+02  0.82547884E+02  0.82849497E+02  0.83141575E+02
  0.83424197E+02  0.83697477E+02  0.83961508E+02  0.84216403E+02  0.84462249E+02
  0.84699155E+02  0.84927229E+02  0.85146606E+02  0.85357399E+02  0.85559710E+02
  0.85753628E+02  0.85939298E+02  0.86116841E+02  0.86286373E+02  0.86447988E+02
  0.86601754E+02  0.86747768E+02  0.86886144E+02  0.87016980E+02  0.87140359E+02
  0.87256370E+02  0.87365129E+02  0.87466722E+02  0.87561258E+02  0.87648864E+02
  0.87729657E+02  0.87803727E+02  0.87871178E+02  0.87932086E+02  0.87986543E+02
  0.88034612E+02  0.88076405E+02  0.88112018E+02  0.88141562E+02
  0.10000000E+01  0.28209409E+01  0.45118256E+01  0.60992798E+01  0.76156740E+01
  0.90823905E+01  0.10527815E+02  0.11970723E+02  0.13412935E+02  0.14851141E+02
  0.16280809E+02  0.17698097E+02  0.19100793E+02  0.20487835E+02  0.21859037E+02
  0.23214684E+02  0.24555338E+02  0.25881351E+02  0.27192971E+02  0.28490207E+02
  0.29772998E+02  0.31041066E+02  0.32294368E+02  0.33532722E+02  0.34755960E+02
  0.35963978E+02  0.37156743E+02  0.38334343E+02  0.39496858E+02  0.40644419E+02
  0.41777216E+02  0.42895425E+02  0.43999216E+02  0.45088663E+02  0.46163872E+02
  0.47224911E+02  0.48271854E+02  0.49304735E+02  0.50323609E+02  0.51328526E+02
  0.52319536E+02  0.53296669E+02  0.54260037E+02  0.55209748E+02  0.56145998E+02
  0.57068872E+02  0.57978485E+02  0.58874907E+02  0.59758198E+02  0.60628405E+02
  0.61485709E+02  0.62330167E+02  0.63161869E+02  0.63980861E+02  0.64787218E+02
  0.65581018E+02  0.66362375E+02  0.67131361E+02  0.67888099E+02  0.68632670E+02
  0.69365193E+02  0.70085720E+02  0.70794378E+02  0.71491239E+02  0.72176396E+02
  0.72849930E+02  0.73511911E+02  0.74162410E+02  0.74801553E+02  0.75429430E+02
  0.76046140E+02  0.76651744E+02  0.77246325E+02  0.77829933E+02  0.78402684E+02
  0.78964621E+02  0.79515843E+02  0.80056406E+02  0.80586405E+02  0.81105927E+02
  0.81615064E+02  0.82113913E+02  0.82602580E+02  0.83081140E+02  0.83549701E+02
  0.84008327E+02  0.84457135E+02  0.84896222E+02  0.85325697E+02  0.85745636E+02
  0.86156110E+02  0.86557189E+02  0.86948988E+02  0.87331568E+02  0.87705037E+02
  0.88069463E+02  0.88424946E+02  0.88771549E+02  0.89109359E+02  0.89438475E+02
  0.89759006E+02  0.90071041E+02  0.90374706E+02  0.90670072E+02  0.90957207E+02
  0.91236169E+02  0.91507101E+02  0.91770108E+02  0.92025302E+02  0.92272767E+02
  0.92512565E+02  0.92744771E+02  0.92969472E+02  0.93186758E+02  0.93396731E+02
  0.93599455E+02  0.93795009E+02  0.93983471E+02  0.94164925E+02  0.94339483E+02
  0.94507244E+02  0.94668311E+02  0.94822756E+02  0.94970626E+02  0.95111994E+02
  0.95246936E+02  0.95375535E+02  0.95497877E+02  0.95614055E+02
  0.10000000E+01  0.28264018E+01  0.45265126E+01  0.61261421E+01  0.76570336E+01
  0.91398887E+01  0.10601980E+02  0.12061399E+02  0.13520082E+02  0.14974915E+02
  0.16421619E+02  0.17856580E+02  0.19277741E+02  0.20684085E+02  0.22075437E+02
  0.23452057E+02  0.24814461E+02  0.26162980E+02  0.27497842E+02  0.28819033E+02
  0.30126493E+02  0.31419947E+02  0.32699353E+02  0.33964514E+02  0.35215274E+02
  0.36451521E+02  0.37673221E+02  0.38880448E+02  0.40073278E+02  0.41251832E+02
  0.42416279E+02  0.43566776E+02  0.44703490E+02  0.45826484E+02  0.46935867E+02
  0.48031704E+02  0.49114054E+02  0.50182944E+02  0.51238447E+02  0.52280579E+02
  0.53309396E+02  0.54324926E+02  0.55327258E+02  0.56316476E+02  0.57292771E+02
  0.58256217E+02  0.59206926E+02  0.60144967E+02  0.61070400E+02  0.61983281E+02
  0.62883763E+02  0.63771900E+02  0.64647788E+02  0.65511468E+02  0.66363007E+02
  0.67202456E+02  0.68029924E+02  0.68845467E+02  0.69649219E+02  0.70441266E+02
  0.71221710E+02  0.71990603E+02  0.72748024E+02  0.73494030E+02  0.74228729E+02
  0.74952191E+02  0.75664512E+02  0.76365735E+02  0.77055970E+02  0.77735295E+02
  0.78403807E+02  0.79061554E+02  0.79708634E+02  0.80345104E+02  0.80971039E+02
  0.81586492E+02  0.82191554E+02  0.82786281E+02  0.83370779E+02  0.83945100E+02
  0.84509338E+02  0.85063563E+02  0.85607855E+02  0.86142284E+02  0.86666970E+02
  0.87181965E+02  0.87687380E+02  0.88183290E+02  0.88669808E+02  0.89147023E+02
  0.89615003E+02  0.90073823E+02  0.90523593E+02  0.90964349E+02  0.91396185E+02
  0.91819148E+02  0.92233319E+02  0.92638774E+02  0.93035593E+02  0.93423843E+02
  0.93803627E+02  0.94175034E+02  0.94538158E+02  0.94893085E+02  0.95239902E+02
  0.95578676E+02  0.95909516E+02  0.96232519E+02  0.96547803E+02  0.96855419E+02
  0.97155441E+02  0.97447929E+02  0.97732951E+02  0.98010582E+02  0.98280909E+02
  0.98544000E+02  0.98799954E+02  0.99048818E+02  0.99290684E+02  0.99525642E+02
  0.99753789E+02  0.99975204E+02  0.10018996E+03  0.10039813E+03  0.10059976E+03
  0.10079493E+03  0.10098370E+03  0.10116614E+03  0.10134233E+03
  0.10000000E+01  0.28296795E+01  0.45360601E+01  0.61441201E+01  0.76854104E+01
  0.91799974E+01  0.10654173E+02  0.12125268E+02  0.13595203E+02  0.15061053E+02
  0.16518801E+02  0.17965107E+02  0.19398099E+02  0.20816842E+02  0.22221189E+02
  0.23611367E+02  0.24987889E+02  0.26351029E+02  0.27701008E+02  0.29037785E+02
  0.30361330E+02  0.31671357E+02  0.32967877E+02  0.34250705E+02  0.35519713E+02
  0.36774805E+02  0.38015949E+02  0.39243194E+02  0.40456627E+02  0.41656358E+02
  0.42842563E+02  0.44015409E+02  0.45175077E+02  0.46321619E+02  0.47455147E+02
  0.48575698E+02  0.49683337E+02  0.50778101E+02  0.51860076E+02  0.52929267E+02
  0.53985741E+02  0.55029514E+02  0.56060680E+02  0.57079317E+02  0.58085626E+02
  0.59079664E+02  0.60061543E+02  0.61031326E+02  0.61989077E+02  0.62934849E+02
  0.63868813E+02  0.64791020E+02  0.65701551E+02  0.66600444E+02  0.67487763E+02
  0.68363572E+02  0.69227976E+02  0.70081021E+02  0.70922834E+02  0.71753494E+02
  0.72573098E+02  0.73381681E+02  0.74179340E+02  0.74966139E+02  0.75742170E+02
  0.76507490E+02  0.77262196E+02  0.78006338E+02  0.78740039E+02  0.79463361E+02
  0.80176411E+02  0.80879215E+02  0.81571840E+02  0.82254351E+02  0.82926833E+02
  0.83589346E+02  0.84241967E+02  0.84884745E+02  0.85517772E+02  0.86141082E+02
  0.86754774E+02  0.87358932E+02  0.87953644E+02  0.88538947E+02  0.89114935E+02
  0.89681693E+02  0.90239309E+02  0.90787859E+02  0.91327454E+02  0.91858149E+02
  0.92380027E+02  0.92893123E+02  0.93397542E+02  0.93893357E+02  0.94380635E+02
  0.94859439E+02  0.95329833E+02  0.95791867E+02  0.96245643E+02  0.96691232E+02
  0.97128733E+02  0.97558223E+02  0.97979765E+02  0.98393448E+02  0.98799348E+02
  0.99197497E+02  0.99588014E+02  0.99970975E+02  0.10034648E+03  0.10071459E+03
  0.10107538E+03  0.10142889E+03  0.10177522E+03  0.10211442E+03  0.10244657E+03
  0.10277171E+03  0.10308994E+03  0.10340131E+03  0.10370591E+03  0.10400382E+03
  0.10429514E+03  0.10457992E+03  0.10485825E+03  0.10513012E+03  0.10539561E+03
  0.10565477E+03  0.10590768E+03  0.10615442E+03  0.10639507E+03
  0.10000000E+01  0.28374065E+01  0.45564642E+01  0.61812239E+01  0.77420777E+01
  0.92583194E+01  0.10754931E+02  0.12248558E+02  0.13741302E+02  0.15230443E+02
  0.16712220E+02  0.18183512E+02  0.19642574E+02  0.21088514E+02  0.22521176E+02
  0.23940759E+02  0.25347709E+02  0.26742277E+02  0.28124645E+02  0.29494760E+02
  0.30852543E+02  0.32197721E+02  0.33530266E+02  0.34849976E+02  0.36156717E+02
  0.37450385E+02  0.38730932E+02  0.39998373E+02  0.41252771E+02  0.42494218E+02
  0.43722863E+02  0.44938854E+02  0.46142386E+02  0.47333490E+02  0.48512248E+02
  0.49678678E+02  0.50832828E+02  0.51974712E+02  0.53104419E+02  0.54221946E+02
  0.55327343E+02  0.56420624E+02  0.57501854E+02  0.58571089E+02  0.59628515E+02
  0.60674183E+02  0.61708192E+02  0.62730603E+02  0.63741474E+02  0.64740852E+02
  0.65728892E+02  0.66705628E+02  0.67671136E+02  0.68625440E+02  0.69568586E+02
  0.70500635E+02  0.71421668E+02  0.72331709E+02  0.73230880E+02  0.74119246E+02
  0.74996917E+02  0.75863913E+02  0.76720303E+02  0.77566144E+02  0.78401536E+02
  0.79226529E+02  0.80041212E+02  0.80845623E+02  0.81639846E+02  0.82423944E+02
  0.83197999E+02  0.83962039E+02  0.84716146E+02  0.85460369E+02  0.86194776E+02
  0.86919407E+02  0.87634336E+02  0.88339616E+02  0.89035340E+02  0.89721543E+02
  0.90398320E+02  0.91065706E+02  0.91723796E+02  0.92372621E+02  0.93012276E+02
  0.93642812E+02  0.94264324E+02  0.94876868E+02  0.95480542E+02  0.96075399E+02
  0.96661526E+02  0.97238969E+02  0.97807811E+02  0.98368088E+02  0.98919879E+02
  0.99463228E+02  0.99998207E+02  0.10052487E+03  0.10104331E+03  0.10155359E+03
  0.10205577E+03  0.10254992E+03  0.10303614E+03  0.10351447E+03  0.10398499E+03
  0.10444772E+03  0.10490278E+03  0.10535023E+03  0.10579018E+03  0.10622267E+03
  0.10664775E+03  0.10706549E+03  0.10747596E+03  0.10787921E+03  0.10827533E+03
  0.10866438E+03  0.10904640E+03  0.10942147E+03  0.10978965E+03  0.11015101E+03
  0.11050565E+03  0.11085362E+03  0.11119500E+03  0.11152979E+03  0.11185805E+03
  0.11217983E+03  0.11249522E+03  0.11280430E+03  0.11310711E+03
  0.10000000E+01  0.28378957E+01  0.45588283E+01  0.61860693E+01  0.77507805E+01
  0.92717681E+01  0.10773261E+02  0.12271057E+02  0.13767211E+02  0.15259182E+02
  0.16743471E+02  0.18217248E+02  0.19679001E+02  0.21127930E+02  0.22563975E+02
  0.23987288E+02  0.25398365E+02  0.26797370E+02  0.28184536E+02  0.29559775E+02
  0.30923127E+02  0.32274286E+02  0.33613328E+02  0.34940041E+02  0.36254329E+02
  0.37556108E+02  0.38845380E+02  0.40122154E+02  0.41386516E+02  0.42638554E+02
  0.43878420E+02  0.45106290E+02  0.46322354E+02  0.47526649E+02  0.48719274E+02
  0.49900224E+02  0.51069559E+02  0.52227311E+02  0.53373598E+02  0.54508415E+02
  0.55631815E+02  0.56743807E+02  0.57844441E+02  0.58933772E+02  0.60012007E+02
  0.61079196E+02  0.62135455E+02  0.63180831E+02  0.64215373E+02  0.65239117E+02
  0.66252205E+02  0.67254689E+02  0.68246665E+02  0.69228136E+02  0.70199172E+02
  0.71159823E+02  0.72110156E+02  0.73050178E+02  0.73980009E+02  0.74899704E+02
  0.75809385E+02  0.76709077E+02  0.77598862E+02  0.78478773E+02  0.79348894E+02
  0.80209270E+02  0.81059983E+02  0.81901089E+02  0.82732684E+02  0.83554825E+02
  0.84367582E+02  0.85170963E+02  0.85965013E+02  0.86749772E+02  0.87525327E+02
  0.88291699E+02  0.89048995E+02  0.89797232E+02  0.90536478E+02  0.91266769E+02
  0.91988182E+02  0.92700776E+02  0.93404642E+02  0.94099839E+02  0.94786431E+02
  0.95464448E+02  0.96133970E+02  0.96795042E+02  0.97447769E+02  0.98092191E+02
  0.98728371E+02  0.99356337E+02  0.99976175E+02  0.10058790E+03  0.10119158E+03
  0.10178726E+03  0.10237502E+03  0.10295491E+03  0.10352700E+03  0.10409137E+03
  0.10464808E+03  0.10519718E+03  0.10573874E+03  0.10627279E+03  0.10679939E+03
  0.10731859E+03  0.10783048E+03  0.10833510E+03  0.10883253E+03  0.10932281E+03
  0.10980599E+03  0.11028215E+03  0.11075134E+03  0.11121361E+03  0.11166904E+03
  0.11211763E+03  0.11255947E+03  0.11299464E+03  0.11342320E+03  0.11384520E+03
  0.11426070E+03  0.11466975E+03  0.11507237E+03  0.11546860E+03  0.11585850E+03
  0.11624211E+03  0.11661948E+03  0.11699066E+03  0.11735572E+03
  0.10000000E+01  0.28363661E+01  0.45558019E+01  0.61812222E+01  0.77444340E+01
  0.92640658E+01  0.10764134E+02  0.12260012E+02  0.13753655E+02  0.15242570E+02
  0.16723390E+02  0.18193426E+02  0.19651294E+02  0.21096239E+02  0.22528259E+02
  0.23947503E+02  0.25354510E+02  0.26749398E+02  0.28132423E+02  0.29503471E+02
  0.30862636E+02  0.32209588E+02  0.33544503E+02  0.34867167E+02  0.36177511E+02
  0.37475475E+02  0.38761071E+02  0.40034317E+02  0.41295334E+02  0.42544217E+02
  0.43781150E+02  0.45006301E+02  0.46219889E+02  0.47421950E+02  0.48612588E+02
  0.49791816E+02  0.50959699E+02  0.52116259E+02  0.53261618E+02  0.54395765E+02
  0.55518772E+02  0.56630666E+02  0.57731493E+02  0.58821320E+02  0.59900350E+02
  0.60968621E+02  0.62026260E+02  0.63073325E+02  0.64109891E+02  0.65136010E+02
  0.66151818E+02  0.67157368E+02  0.68152760E+02  0.69138003E+02  0.70113177E+02
  0.71078331E+02  0.72033522E+02  0.72978763E+02  0.73914168E+02  0.74839813E+02
  0.75755804E+02  0.76662177E+02  0.77559002E+02  0.78446301E+02  0.79324170E+02
  0.80192674E+02  0.81051904E+02  0.81901918E+02  0.82742806E+02  0.83574584E+02
  0.84397337E+02  0.85211097E+02  0.86015921E+02  0.86811861E+02  0.87599031E+02
  0.88377424E+02  0.89147092E+02  0.89908089E+02  0.90660476E+02  0.91404294E+02
  0.92139648E+02  0.92866572E+02  0.93585130E+02  0.94295349E+02  0.94997315E+02
  0.95691076E+02  0.96376716E+02  0.97054281E+02  0.97723859E+02  0.98385497E+02
  0.99039254E+02  0.99685164E+02  0.10032332E+03  0.10095376E+03  0.10157656E+03
  0.10219173E+03  0.10279935E+03  0.10339945E+03  0.10399211E+03  0.10457737E+03
  0.10515533E+03  0.10572602E+03  0.10628950E+03  0.10684580E+03  0.10739498E+03
  0.10793708E+03  0.10847219E+03  0.10900035E+03  0.10952168E+03  0.11003619E+03
  0.11054396E+03  0.11104503E+03  0.11153946E+03  0.11202730E+03  0.11250859E+03
  0.11298338E+03  0.11345172E+03  0.11391367E+03  0.11436929E+03  0.11481863E+03
  0.11526176E+03  0.11569871E+03  0.11612953E+03  0.11655422E+03  0.11697287E+03
  0.11738551E+03  0.11779221E+03  0.11819300E+03  0.11858795E+03
  0.10000000E+01  0.28430952E+01  0.45738773E+01  0.62143354E+01  0.77952549E+01
  0.93345541E+01  0.10855055E+02  0.12371455E+02  0.13885813E+02  0.15395810E+02
  0.16898322E+02  0.18390861E+02  0.19872168E+02  0.21341523E+02  0.22798917E+02
  0.24244474E+02  0.25678668E+02  0.27101595E+02  0.28513488E+02  0.29914225E+02
  0.31303862E+02  0.32682073E+02  0.34049005E+02  0.35404427E+02  0.36748280E+02
  0.38080507E+02  0.39401116E+02  0.40710090E+02  0.42007521E+02  0.43293477E+02
  0.44568116E+02  0.45831606E+02  0.47084159E+02  0.48325812E+02  0.49556643E+02
  0.50776639E+02  0.51985843E+02  0.53184287E+02  0.54372089E+02  0.55549246E+02
  0.56715816E+02  0.57871795E+02  0.59017236E+02  0.60152169E+02  0.61276804E+02
  0.62391184E+02  0.63495397E+02  0.64589485E+02  0.65673525E+02  0.66747546E+02
  0.67811704E+02  0.68866039E+02  0.69910639E+02  0.70945498E+02  0.71970669E+02
  0.72986179E+02  0.73992112E+02  0.74988466E+02  0.75975369E+02  0.76952881E+02
  0.77921096E+02  0.78880042E+02  0.79829779E+02  0.80770327E+02  0.81701757E+02
  0.82624116E+02  0.83537483E+02  0.84441900E+02  0.85337461E+02  0.86224202E+02
  0.87102202E+02  0.87971448E+02  0.88832000E+02  0.89683879E+02  0.90527186E+02
  0.91361953E+02  0.92188262E+02  0.93006147E+02  0.93815665E+02  0.94616826E+02
  0.95409698E+02  0.96194308E+02  0.96970731E+02  0.97738991E+02  0.98499181E+02
  0.99251326E+02  0.99995500E+02  0.10073174E+03  0.10146014E+03  0.10218073E+03
  0.10289358E+03  0.10359873E+03  0.10429624E+03  0.10498614E+03  0.10566850E+03
  0.10634333E+03  0.10701070E+03  0.10767062E+03  0.10832316E+03  0.10896835E+03
  0.10960630E+03  0.11023702E+03  0.11086059E+03  0.11147705E+03  0.11208646E+03
  0.11268883E+03  0.11328426E+03  0.11387279E+03  0.11445448E+03  0.11502938E+03
  0.11559755E+03  0.11615901E+03  0.11671383E+03  0.11726204E+03  0.11780368E+03
  0.11833879E+03  0.11886743E+03  0.11938964E+03  0.11990548E+03  0.12041501E+03
  0.12091830E+03  0.12141539E+03  0.12190631E+03  0.12239109E+03  0.12286976E+03
  0.12334234E+03  0.12380888E+03  0.12426946E+03  0.12472411E+03
  0.10000000E+01  0.28345825E+01  0.45534657E+01  0.61786171E+01  0.77427681E+01
  0.92641069E+01  0.10766112E+02  0.12263229E+02  0.13757171E+02  0.15245491E+02
  0.16725076E+02  0.18193468E+02  0.19649550E+02  0.21092628E+02  0.22522818E+02
  0.23940241E+02  0.25345500E+02  0.26738604E+02  0.28119864E+02  0.29489122E+02
  0.30846599E+02  0.32191928E+02  0.33525424E+02  0.34846866E+02  0.36156235E+02
  0.37453513E+02  0.38738770E+02  0.40012028E+02  0.41273425E+02  0.42523072E+02
  0.43761177E+02  0.44987925E+02  0.46203541E+02  0.47408104E+02  0.48601726E+02
  0.49784405E+02  0.50956224E+02  0.52117228E+02  0.53267547E+02  0.54407193E+02
  0.55536259E+02  0.56654760E+02  0.57762758E+02  0.58860302E+02  0.59947623E+02
  0.61024757E+02  0.62091857E+02  0.63148959E+02  0.64196177E+02  0.65233568E+02
  0.66261287E+02  0.67279380E+02  0.68287977E+02  0.69287071E+02  0.70276746E+02
  0.71257053E+02  0.72228060E+02  0.73189802E+02  0.74142402E+02  0.75085933E+02
  0.76020502E+02  0.76946146E+02  0.77862913E+02  0.78770843E+02  0.79670033E+02
  0.80560550E+02  0.81442520E+02  0.82315986E+02  0.83181057E+02  0.84037774E+02
  0.84886199E+02  0.85726328E+02  0.86558213E+02  0.87381915E+02  0.88197523E+02
  0.89005079E+02  0.89804683E+02  0.90596362E+02  0.91380175E+02  0.92156148E+02
  0.92924349E+02  0.93684828E+02  0.94437667E+02  0.95182898E+02  0.95920621E+02
  0.96650867E+02  0.97373728E+02  0.98089250E+02  0.98797524E+02  0.99498591E+02
  0.10019251E+03  0.10087931E+03  0.10155905E+03  0.10223177E+03  0.10289754E+03
  0.10355639E+03  0.10420840E+03  0.10485359E+03  0.10549203E+03  0.10612378E+03
  0.10674892E+03  0.10736748E+03  0.10797956E+03  0.10858518E+03  0.10918440E+03
  0.10977723E+03  0.11036374E+03  0.11094401E+03  0.11151812E+03  0.11208611E+03
  0.11264804E+03  0.11320392E+03  0.11375379E+03  0.11429769E+03  0.11483570E+03
  0.11536786E+03  0.11589423E+03  0.11641485E+03  0.11692977E+03  0.11743904E+03
  0.11794275E+03  0.11844094E+03  0.11893365E+03  0.11942089E+03  0.11990267E+03
  0.12037902E+03  0.12085003E+03  0.12131572E+03  0.12177616E+03
   128
  0.10000000E+01  0.26368196E+01  0.37910909E+01  0.44984523E+01  0.48711777E+01
  0.49876950E+01  0.49304840E+01  0.47523933E+01  0.44967343E+01  0.41788500E+01
  0.38138218E+01  0.34174554E+01  0.30079150E+01  0.26015650E+01  0.22122781E+01
  0.18494030E+01  0.15218531E+01  0.12340014E+01  0.98951264E+00  0.78565798E+00
  0.62233724E+00  0.49327356E+00  0.39451929E+00  0.31791504E+00  0.25771946E+00
  0.20919310E+00  0.16952779E+00  0.13700613E+00  0.11029232E+00  0.88084789E-01
  0.69318757E-01  0.53378445E-01  0.40201122E-01  0.29881813E-01  0.22131386E-01
  0.16278350E-01  0.11802476E-01  0.84890064E-02  0.62995327E-02  0.50585760E-02
  0.43726897E-02  0.39116393E-02  0.34629374E-02  0.29492843E-02  0.24121580E-02
  0.18867231E-02  0.13844812E-02  0.95632413E-03  0.64429756E-03  0.45701923E-03
  0.37766141E-03  0.34533540E-03  0.30779912E-03  0.25008517E-03  0.20270111E-03
  0.17798304E-03  0.20234463E-03  0.29462574E-03  0.43091694E-03  0.57054729E-03
  0.64960850E-03  0.64140608E-03  0.51513028E-03  0.28156896E-03 -0.22849253E-05
  0.00000000E+00  0.00000000E+00  0.00000000E+00  0.00000000E+00  0.00000000E+00
  0.00000000E+00  0.00000000E+00  0.00000000E+00  0.00000000E+00  0.00000000E+00
  0.00000000E+00  0.00000000E+00  0.00000000E+00  0.00000000E+00  0.00000000E+00
  0.00000000E+00  0.00000000E+00  0.00000000E+00  0.00000000E+00  0.00000000E+00
  0.00000000E+00  0.00000000E+00  0.00000000E+00  0.00000000E+00  0.00000000E+00
  0.00000000E+00  0.00000000E+00  0.00000000E+00  0.00000000E+00  0.00000000E+00
  0.00000000E+00  0.00000000E+00  0.00000000E+00  0.00000000E+00  0.00000000E+00
  0.00000000E+00  0.00000000E+00  0.00000000E+00  0.00000000E+00  0.00000000E+00
  0.00000000E+00  0.00000000E+00  0.00000000E+00  0.00000000E+00  0.00000000E+00
  0.00000000E+00  0.00000000E+00  0.00000000E+00  0.00000000E+00  0.00000000E+00
  0.00000000E+00  0.00000000E+00  0.00000000E+00  0.00000000E+00  0.00000000E+00
  0.00000000E+00  0.00000000E+00  0.00000000E+00  0.00000000E+00  0.00000000E+00
  0.00000000E+00  0.00000000E+00  0.00000000E+00  0.00000000E+00
  0.10000000E+01  0.26948116E+01  0.39966905E+01  0.49503311E+01  0.56423378E+01
  0.61235329E+01  0.64387218E+01  0.66144684E+01  0.66750319E+01  0.66293708E+01
  0.64892886E+01  0.62660146E+01  0.59743622E+01  0.56297069E+01  0.52473533E+01
  0.48417826E+01  0.44270850E+01  0.40152689E+01  0.36173658E+01  0.32393119E+01
  0.28893913E+01  0.25685937E+01  0.22782082E+01  0.20136689E+01  0.17728782E+01
  0.15538529E+01  0.13556791E+01  0.11774795E+01  0.10186423E+01  0.87791033E+00
  0.75392709E+00  0.64520204E+00  0.55067950E+00  0.46919085E+00  0.39925131E+00
  0.33915784E+00  0.28752813E+00  0.24327686E+00  0.20558315E+00  0.17353991E+00
  0.14616727E+00  0.12265666E+00  0.10239617E+00  0.84940101E-01  0.69991937E-01
  0.57287390E-01  0.46556581E-01  0.37541604E-01  0.30030098E-01  0.23818302E-01
  0.18706838E-01  0.14541713E-01  0.11159700E-01  0.84517488E-02  0.63262896E-02
  0.47033122E-02  0.34997147E-02  0.26237355E-02  0.20007318E-02  0.15693319E-02
  0.12590243E-02  0.10147199E-02  0.81124367E-03  0.62363222E-03  0.47100738E-03
  0.34905654E-03  0.24103128E-03  0.18177200E-03  0.16159579E-03  0.14580552E-03
  0.12633232E-03  0.10925877E-03  0.12755775E-03  0.20461918E-03  0.28728322E-03
  0.33503018E-03  0.34411800E-03  0.33156331E-03  0.30727482E-03  0.28229280E-03
  0.24860348E-03  0.19693271E-03  0.13499833E-03  0.45680040E-04 -0.47434600E-04
  0.00000000E+00  0.00000000E+00  0.00000000E+00  0.00000000E+00  0.00000000E+00
  0.00000000E+00  0.00000000E+00  0.00000000E+00  0.00000000E+00  0.00000000E+00
  0.00000000E+00  0.00000000E+00  0.00000000E+00  0.00000000E+00  0.00000000E+00
  0.00000000E+00  0.00000000E+00  0.00000000E+00  0.00000000E+00  0.00000000E+00
  0.00000000E+00  0.00000000E+00  0.00000000E+00  0.00000000E+00  0.00000000E+00
  0.00000000E+00  0.00000000E+00  0.00000000E+00  0.00000000E+00  0.00000000E+00
  0.00000000E+00  0.00000000E+00  0.00000000E+00  0.00000000E+00  0.00000000E+00
  0.00000000E+00  0.00000000E+00  0.00000000E+00  0.00000000E+00  0.00000000E+00
  0.00000000E+00  0.00000000E+00  0.00000000E+00  0.00000000E+00
  0.10000000E+01  0.27372530E+01  0.41431280E+01  0.52588315E+01  0.61566501E+01
  0.68773708E+01  0.74508607E+01  0.78926983E+01  0.82171711E+01  0.84300293E+01
  0.85407088E+01  0.85565399E+01  0.84879395E+01  0.83445424E+01  0.81371679E+01
  0.78763976E+01  0.75733039E+01  0.72382015E+01  0.68815299E+01  0.65110043E+01
  0.61364471E+01  0.57628134E+01  0.53951203E+01  0.50338485E+01  0.46812369E+01
  0.43392468E+01  0.40101506E+01  0.36957460E+01  0.33979607E+01  0.31176801E+01
  0.28554712E+01  0.26112736E+01  0.23851305E+01  0.21765806E+01  0.19847391E+01
  0.18083921E+01  0.16464987E+01  0.14979965E+01  0.13619723E+01  0.12374439E+01
  0.11234023E+01  0.10189142E+01  0.92317147E+00  0.83554360E+00  0.75554939E+00
  0.68270329E+00  0.61651061E+00  0.55646655E+00  0.50204176E+00  0.45276537E+00
  0.40814908E+00  0.36777384E+00  0.33122476E+00  0.29815594E+00  0.26826494E+00
  0.24127739E+00  0.21693268E+00  0.19499825E+00  0.17522657E+00  0.15740315E+00
  0.14131791E+00  0.12676732E+00  0.11360741E+00  0.10172112E+00  0.91014065E-01
  0.81380732E-01  0.72721307E-01  0.64940637E-01  0.57961877E-01  0.51705016E-01
  0.46099283E-01  0.41071914E-01  0.36555502E-01  0.32507902E-01  0.28891057E-01
  0.25684506E-01  0.22850620E-01  0.20338838E-01  0.18110139E-01  0.16132185E-01
  0.14357976E-01  0.12766059E-01  0.11330233E-01  0.10028084E-01  0.88595964E-02
  0.78334412E-02  0.69603632E-02  0.62054377E-02  0.55626868E-02  0.50123450E-02
  0.45484075E-02  0.41608255E-02  0.38131360E-02  0.34710242E-02  0.31250233E-02
  0.28092094E-02  0.25352289E-02  0.22954061E-02  0.20695606E-02  0.18475834E-02
  0.16421403E-02  0.14585206E-02  0.12775493E-02  0.10929628E-02  0.88739057E-03
  0.68938072E-03  0.52276152E-03  0.38909531E-03  0.29014313E-03  0.20581805E-03
  0.15757688E-03  0.13501814E-03  0.13324944E-03  0.14282368E-03  0.14227128E-03
  0.16051546E-03  0.16903240E-03  0.15695720E-03  0.16540520E-03  0.16948165E-03
  0.18765535E-03  0.23822924E-03  0.28599980E-03  0.30839753E-03  0.29517116E-03
  0.25142476E-03  0.18301499E-03  0.11150236E-03  0.33091133E-04
  0.10000000E+01  0.27689033E+01  0.42524883E+01  0.54842725E+01  0.65261525E+01
  0.74141291E+01  0.81737941E+01  0.88172643E+01  0.93543239E+01  0.97887008E+01
  0.10127388E+02  0.10375707E+02  0.10541466E+02  0.10631135E+02  0.10652167E+02
  0.10611202E+02  0.10515324E+02  0.10371010E+02  0.10185359E+02  0.99639977E+01
  0.97143027E+01  0.94408866E+01  0.91487712E+01  0.88402745E+01  0.85190234E+01
  0.81884882E+01  0.78522971E+01  0.75137097E+01  0.71761021E+01  0.68419988E+01
  0.65136259E+01  0.61925566E+01  0.58803328E+01  0.55779460E+01  0.52859726E+01
  0.50046877E+01  0.47343742E+01  0.44750435E+01  0.42266625E+01  0.39891010E+01
  0.37621331E+01  0.35454783E+01  0.33388143E+01  0.31418781E+01  0.29544563E+01
  0.27763371E+01  0.26072971E+01  0.24470445E+01  0.22951914E+01  0.21514366E+01
  0.20153658E+01  0.18866497E+01  0.17648889E+01  0.16497578E+01  0.15409634E+01
  0.14382534E+01  0.13414228E+01  0.12502553E+01  0.11645085E+01  0.10839517E+01
  0.10083625E+01  0.93750156E+00  0.87112507E+00  0.80899046E+00  0.75085430E+00
  0.69649112E+00  0.64568987E+00  0.59825358E+00  0.55397607E+00  0.51268055E+00
  0.47418649E+00  0.43834585E+00  0.40498548E+00  0.37394818E+00  0.34509197E+00
  0.31826213E+00  0.29331322E+00  0.27010069E+00  0.24847057E+00  0.22831026E+00
  0.20953803E+00  0.19207304E+00  0.17584142E+00  0.16076075E+00  0.14677427E+00
  0.13384114E+00  0.12190848E+00  0.11090928E+00  0.10078288E+00  0.91441598E-01
  0.82829310E-01  0.74891033E-01  0.67588784E-01  0.60895177E-01  0.54783183E-01
  0.49256060E-01  0.44280074E-01  0.39774343E-01  0.35671195E-01  0.31924038E-01
  0.28520348E-01  0.25434907E-01  0.22644088E-01  0.20097620E-01  0.17767454E-01
  0.15645396E-01  0.13755936E-01  0.12124049E-01  0.10715771E-01  0.94888336E-02
  0.84224671E-02  0.74990286E-02  0.67070918E-02  0.60381160E-02  0.54472855E-02
  0.49052724E-02  0.44258361E-02  0.40135891E-02  0.36900297E-02  0.34276770E-02
  0.32041483E-02  0.30207755E-02  0.28572161E-02  0.27297672E-02  0.26108754E-02
  0.24711212E-02  0.22935762E-02  0.20899532E-02  0.18757341E-02
  0.10000000E+01  0.27955674E+01  0.43449955E+01  0.56760163E+01  0.68417636E+01
  0.78731688E+01  0.87918775E+01  0.96070379E+01  0.10325231E+02  0.10948354E+02
  0.11481333E+02  0.11927752E+02  0.12293334E+02  0.12582533E+02  0.12800681E+02
  0.12952261E+02  0.13042096E+02  0.13074567E+02  0.13054807E+02  0.12987176E+02
  0.12877432E+02  0.12729717E+02  0.12548644E+02  0.12337118E+02  0.12099021E+02
  0.11838186E+02  0.11558529E+02  0.11263720E+02  0.10957506E+02  0.10642948E+02
  0.10322899E+02  0.99996541E+01  0.96754260E+01  0.93519548E+01  0.90305929E+01
  0.87124182E+01  0.83984495E+01  0.80894296E+01  0.77859995E+01  0.74886449E+01
  0.71977892E+01  0.69137396E+01  0.66367394E+01  0.63669954E+01  0.61046805E+01
  0.58499186E+01  0.56027698E+01  0.53632476E+01  0.51312528E+01  0.49067325E+01
  0.46895017E+01  0.44794517E+01  0.42763789E+01  0.40801893E+01  0.38907725E+01
  0.37080507E+01  0.35319435E+01  0.33623553E+01  0.31991893E+01  0.30423293E+01
  0.28916885E+01  0.27471570E+01  0.26085923E+01  0.24758438E+01  0.23487846E+01
  0.22273102E+01  0.21113057E+01  0.20006707E+01  0.18952466E+01  0.17948501E+01
  0.16993313E+01  0.16085186E+01  0.15222143E+01  0.14402204E+01  0.13623250E+01
  0.12883358E+01  0.12180753E+01  0.11513383E+01  0.10879428E+01  0.10277077E+01
  0.97047264E+00  0.91611430E+00  0.86451366E+00  0.81556216E+00  0.76912021E+00
  0.72507133E+00  0.68331058E+00  0.64372063E+00  0.60618164E+00  0.57057428E+00
  0.53679854E+00  0.50479808E+00  0.47453713E+00  0.44597069E+00  0.41902372E+00
  0.39359467E+00  0.36960337E+00  0.34696453E+00  0.32558984E+00  0.30537362E+00
  0.28622553E+00  0.26806428E+00  0.25084713E+00  0.23456216E+00  0.21921891E+00
  0.20482029E+00  0.19134383E+00  0.17877738E+00  0.16704243E+00  0.15609239E+00
  0.14587438E+00  0.13632800E+00  0.12743276E+00  0.11914454E+00  0.11143482E+00
  0.10424458E+00  0.97531657E-01  0.91273335E-01  0.85431898E-01  0.79957673E-01
  0.74803147E-01  0.69909478E-01  0.65281475E-01  0.60932385E-01  0.56841591E-01
  0.53013554E-01  0.49407790E-01  0.46009819E-01  0.42837869E-01
  0.10000000E+01  0.28126733E+01  0.44042747E+01  0.57982720E+01  0.70424132E+01
  0.81644149E+01  0.91845066E+01  0.10110900E+02  0.10949313E+02  0.11700615E+02
  0.12368551E+02  0.12955576E+02  0.13466266E+02  0.13903992E+02  0.14273080E+02
  0.14576900E+02  0.14819223E+02  0.15003269E+02  0.15133076E+02  0.15211991E+02
  0.15244628E+02  0.15234367E+02  0.15185098E+02  0.15099420E+02  0.14980765E+02
  0.14832513E+02  0.14658195E+02  0.14461163E+02  0.14244853E+02  0.14012172E+02
  0.13765863E+02  0.13508236E+02  0.13241561E+02  0.12967715E+02  0.12688280E+02
  0.12404596E+02  0.12117942E+02  0.11829348E+02  0.11539755E+02  0.11249959E+02
  0.10960694E+02  0.10672604E+02  0.10386232E+02  0.10102102E+02  0.98206773E+01
  0.95423429E+01  0.92674555E+01  0.89963174E+01  0.87291329E+01  0.84661315E+01
  0.82074007E+01  0.79530821E+01  0.77032403E+01  0.74580067E+01  0.72174973E+01
  0.69818451E+01  0.67511476E+01  0.65255082E+01  0.63050043E+01  0.60897174E+01
  0.58797116E+01  0.56750286E+01  0.54756797E+01  0.52816621E+01  0.50929929E+01
  0.49097126E+01  0.47318417E+01  0.45593550E+01  0.43922047E+01  0.42303478E+01
  0.40737636E+01  0.39224248E+01  0.37762457E+01  0.36351007E+01  0.34988766E+01
  0.33674333E+01  0.32406086E+01  0.31182674E+01  0.30002439E+01  0.28863676E+01
  0.27765090E+01  0.26705574E+01  0.25684339E+01  0.24700518E+01  0.23753102E+01
  0.22840981E+01  0.21963088E+01  0.21117831E+01  0.20303850E+01  0.19519414E+01
  0.18763103E+01  0.18034252E+01  0.17332303E+01  0.16656905E+01  0.16007183E+01
  0.15382173E+01  0.14780875E+01  0.14202388E+01  0.13645804E+01  0.13109859E+01
  0.12592733E+01  0.12093307E+01  0.11611067E+01  0.11146268E+01  0.10699490E+01
  0.10270923E+01  0.98602507E+00  0.94662322E+00  0.90880717E+00  0.87249800E+00
  0.83764813E+00  0.80420684E+00  0.77212736E+00  0.74132023E+00  0.71170647E+00
  0.68325925E+00  0.65593967E+00  0.62970330E+00  0.60449733E+00  0.58024088E+00
  0.55683988E+00  0.53423994E+00  0.51240384E+00  0.49135550E+00  0.47110726E+00
  0.45164642E+00  0.43296956E+00  0.41506232E+00  0.39791989E+00
  0.10000000E+01  0.28382543E+01  0.44930446E+01  0.59818964E+01  0.73451770E+01
  0.86054228E+01  0.97803267E+01  0.10875953E+02  0.11896839E+02  0.12842094E+02
  0.13714147E+02  0.14513495E+02  0.15243352E+02  0.15905289E+02  0.16502456E+02
  0.17036488E+02  0.17509976E+02  0.17924491E+02  0.18282864E+02  0.18587084E+02
  0.18840433E+02  0.19045173E+02  0.19204334E+02  0.19320004E+02  0.19395059E+02
  0.19432202E+02  0.19434396E+02  0.19404354E+02  0.19345025E+02  0.19258900E+02
  0.19148537E+02  0.19016080E+02  0.18863728E+02  0.18693380E+02  0.18506794E+02
  0.18305533E+02  0.18091131E+02  0.17864888E+02  0.17628016E+02  0.17381656E+02
  0.17126889E+02  0.16864728E+02  0.16596100E+02  0.16321850E+02  0.16042756E+02
  0.15759525E+02  0.15472850E+02  0.15183386E+02  0.14891678E+02  0.14598288E+02
  0.14303649E+02  0.14008253E+02  0.13712520E+02  0.13416921E+02  0.13121886E+02
  0.12827813E+02  0.12535107E+02  0.12244161E+02  0.11955334E+02  0.11668975E+02
  0.11385409E+02  0.11104957E+02  0.10827880E+02  0.10554411E+02  0.10284798E+02
  0.10019294E+02  0.97581402E+01  0.95015205E+01  0.92495548E+01  0.90024145E+01
  0.87602600E+01  0.85232045E+01  0.82913197E+01  0.80646524E+01  0.78432184E+01
  0.76269934E+01  0.74159316E+01  0.72099647E+01  0.70090270E+01  0.68130148E+01
  0.66218564E+01  0.64355000E+01  0.62539126E+01  0.60770551E+01  0.59048773E+01
  0.57373276E+01  0.55743205E+01  0.54157201E+01  0.52613866E+01  0.51111906E+01
  0.49649996E+01  0.48227186E+01  0.46843045E+01  0.45497016E+01  0.44188573E+01
  0.42916942E+01  0.41681177E+01  0.40480362E+01  0.39312742E+01  0.38176181E+01
  0.37068855E+01  0.35989478E+01  0.34937885E+01  0.33914571E+01  0.32920348E+01
  0.31955463E+01  0.31019556E+01  0.30111558E+01  0.29230126E+01  0.28374345E+01
  0.27543195E+01  0.26735666E+01  0.25950907E+01  0.25187996E+01  0.24446288E+01
  0.23725631E+01  0.23025708E+01  0.22345866E+01  0.21684923E+01  0.21041720E+01
  0.20415136E+01  0.19804770E+01  0.19210398E+01  0.18632012E+01  0.18069717E+01
  0.17523365E+01  0.16992907E+01  0.16478396E+01  0.15979656E+01
  0.10000000E+01  0.28571105E+01  0.45586168E+01  0.61173736E+01  0.75691280E+01
  0.89322730E+01  0.10223376E+02  0.11446704E+02  0.12607074E+02  0.13701981E+02
  0.14733748E+02  0.15701006E+02  0.16606669E+02  0.17450612E+02  0.18235746E+02
  0.18962222E+02  0.19632388E+02  0.20246477E+02  0.20806891E+02  0.21314367E+02
  0.21771547E+02  0.22179556E+02  0.22540882E+02  0.22856771E+02  0.23129637E+02
  0.23361204E+02  0.23553911E+02  0.23709620E+02  0.23830744E+02  0.23919081E+02
  0.23976807E+02  0.24005580E+02  0.24007346E+02  0.23983679E+02  0.23936229E+02
  0.23866404E+02  0.23775695E+02  0.23665347E+02  0.23536618E+02  0.23390666E+02
  0.23228640E+02  0.23051644E+02  0.22860723E+02  0.22656860E+02  0.22440949E+02
  0.22213825E+02  0.21976320E+02  0.21729234E+02  0.21473326E+02  0.21209372E+02
  0.20938035E+02  0.20660009E+02  0.20375916E+02  0.20086428E+02  0.19792180E+02
  0.19493801E+02  0.19191911E+02  0.18887096E+02  0.18579907E+02  0.18270885E+02
  0.17960570E+02  0.17649506E+02  0.17338204E+02  0.17027086E+02  0.16716591E+02
  0.16407169E+02  0.16099254E+02  0.15793212E+02  0.15489372E+02  0.15188079E+02
  0.14889674E+02  0.14594468E+02  0.14302681E+02  0.14014516E+02  0.13730167E+02
  0.13449788E+02  0.13173462E+02  0.12901257E+02  0.12633242E+02  0.12369437E+02
  0.12109887E+02  0.11854651E+02  0.11603812E+02  0.11357441E+02  0.11115559E+02
  0.10878204E+02  0.10645356E+02  0.10416945E+02  0.10192906E+02  0.99731319E+01
  0.97575637E+01  0.95461688E+01  0.93389314E+01  0.91358585E+01  0.89369312E+01
  0.87421259E+01  0.85513942E+01  0.83646358E+01  0.81817045E+01  0.80023953E+01
  0.78265335E+01  0.76540052E+01  0.74848258E+01  0.73190589E+01  0.71568359E+01
  0.69982124E+01  0.68431586E+01  0.66915834E+01  0.65433389E+01  0.63983041E+01
  0.62563319E+01  0.61173455E+01  0.59812585E+01  0.58480057E+01  0.57175662E+01
  0.55899137E+01  0.54650291E+01  0.53428515E+01  0.52232597E+01  0.51061462E+01
  0.49914112E+01  0.48789777E+01  0.47688189E+01  0.46609275E+01  0.45552859E+01
  0.44518455E+01  0.43506056E+01  0.42515862E+01  0.41547972E+01
  0.10000000E+01  0.28734642E+01  0.46156502E+01  0.62352443E+01  0.77644900E+01
  0.92177890E+01  0.10611051E+02  0.11946546E+02  0.13230058E+02  0.14457390E+02
  0.15631522E+02  0.16749149E+02  0.17813558E+02  0.18822872E+02  0.19780305E+02
  0.20684528E+02  0.21538145E+02  0.22340119E+02  0.23092879E+02  0.23795978E+02
  0.24451837E+02  0.25060471E+02  0.25624096E+02  0.26143019E+02  0.26619325E+02
  0.27053733E+02  0.27448280E+02  0.27803893E+02  0.28122546E+02  0.28405241E+02
  0.28653776E+02  0.28869157E+02  0.29053019E+02  0.29206439E+02  0.29330862E+02
  0.29427316E+02  0.29497104E+02  0.29541233E+02  0.29560858E+02  0.29556974E+02
  0.29530634E+02  0.29482848E+02  0.29414614E+02  0.29326866E+02  0.29220499E+02
  0.29096371E+02  0.28955356E+02  0.28798292E+02  0.28625980E+02  0.28439274E+02
  0.28238943E+02  0.28025774E+02  0.27800535E+02  0.27563994E+02  0.27316908E+02
  0.27060018E+02  0.26794048E+02  0.26519715E+02  0.26237720E+02  0.25948733E+02
  0.25653450E+02  0.25352580E+02  0.25046768E+02  0.24736628E+02  0.24422758E+02
  0.24105754E+02  0.23786211E+02  0.23464639E+02  0.23141528E+02  0.22817391E+02
  0.22492739E+02  0.22168040E+02  0.21843661E+02  0.21519977E+02  0.21197347E+02
  0.20876090E+02  0.20556460E+02  0.20238684E+02  0.19922975E+02  0.19609502E+02
  0.19298424E+02  0.18989964E+02  0.18684349E+02  0.18381767E+02  0.18082383E+02
  0.17786329E+02  0.17493687E+02  0.17204490E+02  0.16918762E+02  0.16636513E+02
  0.16357762E+02  0.16082555E+02  0.15810956E+02  0.15543039E+02  0.15278866E+02
  0.15018479E+02  0.14761885E+02  0.14509060E+02  0.14259905E+02  0.14014271E+02
  0.13772021E+02  0.13533095E+02  0.13297544E+02  0.13065481E+02  0.12837061E+02
  0.12612381E+02  0.12391436E+02  0.12174160E+02  0.11960429E+02  0.11750103E+02
  0.11543098E+02  0.11339307E+02  0.11138678E+02  0.10941190E+02  0.10746838E+02
  0.10555640E+02  0.10367575E+02  0.10182620E+02  0.10000672E+02  0.98215905E+01
  0.96452842E+01  0.94717091E+01  0.93008558E+01  0.91327376E+01  0.89673292E+01
  0.88046207E+01  0.86446029E+01  0.84872713E+01  0.83326496E+01
  0.10000000E+01  0.28852501E+01  0.46571675E+01  0.63212257E+01  0.79077973E+01
  0.94278839E+01  0.10897368E+02  0.12316347E+02  0.13692158E+02  0.15018897E+02
  0.16301004E+02  0.17533333E+02  0.18720279E+02  0.19858257E+02  0.20951332E+02
  0.21996756E+02  0.22997846E+02  0.23952381E+02  0.24863266E+02  0.25728983E+02
  0.26552181E+02  0.27331877E+02  0.28070393E+02  0.28767146E+02  0.29424239E+02
  0.30041502E+02  0.30620855E+02  0.31162394E+02  0.31667927E+02  0.32137711E+02
  0.32573350E+02  0.32975216E+02  0.33344743E+02  0.33682459E+02  0.33989634E+02
  0.34266847E+02  0.34515180E+02  0.34735279E+02  0.34928110E+02  0.35094377E+02
  0.35234933E+02  0.35350545E+02  0.35442029E+02  0.35510147E+02  0.35555618E+02
  0.35579173E+02  0.35581556E+02  0.35563480E+02  0.35525667E+02  0.35468874E+02
  0.35393811E+02  0.35301214E+02  0.35191799E+02  0.35066267E+02  0.34925333E+02
  0.34769691E+02  0.34600045E+02  0.34417096E+02  0.34221538E+02  0.34014059E+02
  0.33795378E+02  0.33566211E+02  0.33327238E+02  0.33079114E+02  0.32822490E+02
  0.32558023E+02  0.32286362E+02  0.32008071E+02  0.31723698E+02  0.31433823E+02
  0.31139037E+02  0.30839887E+02  0.30536880E+02  0.30230495E+02  0.29921198E+02
  0.29609401E+02  0.29295480E+02  0.28979801E+02  0.28662688E+02  0.28344456E+02
  0.28025411E+02  0.27705891E+02  0.27386221E+02  0.27066702E+02  0.26747614E+02
  0.26429193E+02  0.26111667E+02  0.25795193E+02  0.25479905E+02  0.25165945E+02
  0.24853464E+02  0.24542620E+02  0.24233567E+02  0.23926471E+02  0.23621487E+02
  0.23318744E+02  0.23018345E+02  0.22720371E+02  0.22424813E+02  0.22131652E+02
  0.21840838E+02  0.21552373E+02  0.21266371E+02  0.20982990E+02  0.20702396E+02
  0.20424717E+02  0.20150000E+02  0.19878214E+02  0.19609300E+02  0.19343171E+02
  0.19079776E+02  0.18819099E+02  0.18561123E+02  0.18305882E+02  0.18053427E+02
  0.17803795E+02  0.17557012E+02  0.17313055E+02  0.17071870E+02  0.16833347E+02
  0.16597400E+02  0.16364033E+02  0.16133251E+02  0.15905118E+02  0.15679644E+02
  0.15456811E+02  0.15236602E+02  0.15019032E+02  0.14804142E+02
  0.10000000E+01  0.28954896E+01  0.46934331E+01  0.63965449E+01  0.80336172E+01
  0.96125706E+01  0.11149189E+02  0.12641455E+02  0.14098072E+02  0.15511601E+02
  0.16887869E+02  0.18220161E+02  0.19513949E+02  0.20764188E+02  0.21975755E+02
  0.23144685E+02  0.24274917E+02  0.25363241E+02  0.26412987E+02  0.27421742E+02
  0.28392403E+02  0.29323186E+02  0.30216563E+02  0.31071231E+02  0.31889351E+02
  0.32670043E+02  0.33415223E+02  0.34124295E+02  0.34798992E+02  0.35438950E+02
  0.36045667E+02  0.36618971E+02  0.37160184E+02  0.37669377E+02  0.38147696E+02
  0.38595338E+02  0.39013199E+02  0.39401613E+02  0.39761401E+02  0.40093001E+02
  0.40397113E+02  0.40674278E+02  0.40925143E+02  0.41150260E+02  0.41350216E+02
  0.41525567E+02  0.41676916E+02  0.41804850E+02  0.41909973E+02  0.41992910E+02
  0.42054266E+02  0.42094666E+02  0.42114726E+02  0.42115059E+02  0.42096283E+02
  0.42059024E+02  0.42003891E+02  0.41931520E+02  0.41842554E+02  0.41737625E+02
  0.41617427E+02  0.41482621E+02  0.41333859E+02  0.41171778E+02  0.40996988E+02
  0.40810167E+02  0.40611923E+02  0.40402842E+02  0.40183484E+02  0.39954421E+02
  0.39716268E+02  0.39469617E+02  0.39215029E+02  0.38953053E+02  0.38684232E+02
  0.38409031E+02  0.38127920E+02  0.37841314E+02  0.37549630E+02  0.37253285E+02
  0.36952674E+02  0.36648216E+02  0.36340320E+02  0.36029368E+02  0.35715695E+02
  0.35399662E+02  0.35081584E+02  0.34761749E+02  0.34440420E+02  0.34117850E+02
  0.33794289E+02  0.33469997E+02  0.33145222E+02  0.32820203E+02  0.32495175E+02
  0.32170359E+02  0.31845965E+02  0.31522156E+02  0.31199041E+02  0.30876691E+02
  0.30555174E+02  0.30234584E+02  0.29915079E+02  0.29596872E+02  0.29280148E+02
  0.28965082E+02  0.28651780E+02  0.28340269E+02  0.28030560E+02  0.27722653E+02
  0.27416548E+02  0.27112293E+02  0.26809936E+02  0.26509543E+02  0.26211219E+02
  0.25915041E+02  0.25621068E+02  0.25329317E+02  0.25039774E+02  0.24752384E+02
  0.24467108E+02  0.24183965E+02  0.23902993E+02  0.23624251E+02  0.23347769E+02
  0.23073558E+02  0.22801627E+02  0.22532005E+02  0.22264735E+02
  0.10000000E+01  0.29001046E+01  0.47101187E+01  0.64317429E+01  0.80930701E+01
  0.97007498E+01  0.11270200E+02  0.12798512E+02  0.14294780E+02  0.15751206E+02
  0.17174140E+02  0.18556580E+02  0.19904358E+02  0.21212176E+02  0.22485098E+02
  0.23718991E+02  0.24917868E+02  0.26078425E+02  0.27203969E+02  0.28292010E+02
  0.29345383E+02  0.30362227E+02  0.31344935E+02  0.32292101E+02  0.33205803E+02
  0.34085020E+02  0.34931568E+02  0.35744705E+02  0.36526085E+02  0.37275169E+02
  0.37993409E+02  0.38680416E+02  0.39337460E+02  0.39964418E+02  0.40562354E+02
  0.41131286E+02  0.41672033E+02  0.42184771E+02  0.42670210E+02  0.43128641E+02
  0.43560649E+02  0.43966624E+02  0.44347086E+02  0.44702467E+02  0.45033246E+02
  0.45339845E+02  0.45622746E+02  0.45882418E+02  0.46119317E+02  0.46333937E+02
  0.46526779E+02  0.46698324E+02  0.46849079E+02  0.46979514E+02  0.47090145E+02
  0.47181450E+02  0.47253934E+02  0.47308103E+02  0.47344462E+02  0.47363555E+02
  0.47365939E+02  0.47352178E+02  0.47322804E+02  0.47278347E+02  0.47219346E+02
  0.47146340E+02  0.47059841E+02  0.46960348E+02  0.46848338E+02  0.46724305E+02
  0.46588788E+02  0.46442299E+02  0.46285343E+02  0.46118418E+02  0.45942004E+02
  0.45756544E+02  0.45562465E+02  0.45360200E+02  0.45150120E+02  0.44932605E+02
  0.44708048E+02  0.44476849E+02  0.44239402E+02  0.43996095E+02  0.43747296E+02
  0.43493362E+02  0.43234632E+02  0.42971414E+02  0.42703994E+02  0.42432673E+02
  0.42157742E+02  0.41879493E+02  0.41598223E+02  0.41314210E+02  0.41027712E+02
  0.40738982E+02  0.40448287E+02  0.40155853E+02  0.39861855E+02  0.39566442E+02
  0.39269730E+02  0.38971873E+02  0.38673077E+02  0.38373584E+02  0.38073629E+02
  0.37773429E+02  0.37473116E+02  0.37172805E+02  0.36872563E+02  0.36572437E+02
  0.36272508E+02  0.35972870E+02  0.35673652E+02  0.35374987E+02  0.35077000E+02
  0.34779792E+02  0.34483461E+02  0.34188056E+02  0.33893601E+02  0.33600119E+02
  0.33307630E+02  0.33016180E+02  0.32725853E+02  0.32436697E+02  0.32148774E+02
  0.31862136E+02  0.31576832E+02  0.31292941E+02  0.31010514E+02
  0.10000000E+01  0.29053404E+01  0.47288501E+01  0.64712049E+01  0.81594482E+01
  0.97990295E+01  0.11404736E+02  0.12972954E+02  0.14512865E+02  0.16016478E+02
  0.17490357E+02  0.18927370E+02  0.20333423E+02  0.21703108E+02  0.23041434E+02
  0.24344199E+02  0.25615300E+02  0.26851431E+02  0.28055733E+02  0.29225726E+02
  0.30364007E+02  0.31468720E+02  0.32542030E+02  0.33582515E+02  0.34592066E+02
  0.35569597E+02  0.36516755E+02  0.37432688E+02  0.38318891E+02  0.39174693E+02
  0.40001410E+02  0.40798535E+02  0.41567242E+02  0.42307269E+02  0.43019586E+02
  0.43704070E+02  0.44361467E+02  0.44991807E+02  0.45595727E+02  0.46173408E+02
  0.46725347E+02  0.47251802E+02  0.47753219E+02  0.48229909E+02  0.48682262E+02
  0.49110590E+02  0.49515297E+02  0.49896758E+02  0.50255368E+02  0.50591505E+02
  0.50905580E+02  0.51197986E+02  0.51469125E+02  0.51719389E+02  0.51949189E+02
  0.52158932E+02  0.52349035E+02  0.52519900E+02  0.52671953E+02  0.52805647E+02
  0.52921434E+02  0.53019770E+02  0.53101118E+02  0.53165929E+02  0.53214667E+02
  0.53247788E+02  0.53265743E+02  0.53268964E+02  0.53257829E+02  0.53232771E+02
  0.53194268E+02  0.53142791E+02  0.53078797E+02  0.53002740E+02  0.52915040E+02
  0.52816101E+02  0.52706339E+02  0.52586114E+02  0.52455789E+02  0.52315737E+02
  0.52166324E+02  0.52007931E+02  0.51840952E+02  0.51665733E+02  0.51482628E+02
  0.51292000E+02  0.51094202E+02  0.50889558E+02  0.50678386E+02  0.50461000E+02
  0.50237712E+02  0.50008834E+02  0.49774675E+02  0.49535520E+02  0.49291664E+02
  0.49043386E+02  0.48790968E+02  0.48534690E+02  0.48274763E+02  0.48011389E+02
  0.47744735E+02  0.47474990E+02  0.47202422E+02  0.46927285E+02  0.46649827E+02
  0.46370294E+02  0.46088895E+02  0.45805769E+02  0.45521035E+02  0.45234803E+02
  0.44947186E+02  0.44658326E+02  0.44368401E+02  0.44077586E+02  0.43786077E+02
  0.43494021E+02  0.43201524E+02  0.42908696E+02  0.42615580E+02  0.42322242E+02
  0.42028763E+02  0.41735225E+02  0.41441734E+02  0.41148415E+02  0.40855351E+02
  0.40562589E+02  0.40270224E+02  0.39978344E+02  0.39687022E+02
  0.10000000E+01  0.29072017E+01  0.47356690E+01  0.64861175E+01  0.81850436E+01
  0.98378613E+01  0.11458650E+02  0.13043933E+02  0.14602415E+02  0.16126567E+02
  0.17622603E+02  0.19083903E+02  0.20516038E+02  0.21914089E+02  0.23282671E+02
  0.24618066E+02  0.25923746E+02  0.27196884E+02  0.28440195E+02  0.29651620E+02
  0.30833363E+02  0.31983950E+02  0.33105174E+02  0.34195953E+02  0.35257834E+02
  0.36290015E+02  0.37293854E+02  0.38268713E+02  0.39215856E+02  0.40134776E+02
  0.41026611E+02  0.41890964E+02  0.42728868E+02  0.43540094E+02  0.44325527E+02
  0.45085027E+02  0.45819277E+02  0.46528290E+02  0.47212673E+02  0.47872537E+02
  0.48508353E+02  0.49120312E+02  0.49708828E+02  0.50274136E+02  0.50816600E+02
  0.51336467E+02  0.51834103E+02  0.52309789E+02  0.52763879E+02  0.53196689E+02
  0.53608586E+02  0.53999874E+02  0.54370912E+02  0.54722019E+02  0.55053555E+02
  0.55365839E+02  0.55659209E+02  0.55934026E+02  0.56190622E+02  0.56429407E+02
  0.56650766E+02  0.56855084E+02  0.57042746E+02  0.57214116E+02  0.57369564E+02
  0.57509477E+02  0.57634240E+02  0.57744187E+02  0.57839681E+02  0.57921064E+02
  0.57988731E+02  0.58043076E+02  0.58084480E+02  0.58113327E+02  0.58129964E+02
  0.58134738E+02  0.58127987E+02  0.58110035E+02  0.58081204E+02  0.58041796E+02
  0.57992118E+02  0.57932511E+02  0.57863291E+02  0.57784768E+02  0.57697240E+02
  0.57601008E+02  0.57496402E+02  0.57383704E+02  0.57263199E+02  0.57135167E+02
  0.56999879E+02  0.56857619E+02  0.56708657E+02  0.56553268E+02  0.56391722E+02
  0.56224264E+02  0.56051195E+02  0.55872743E+02  0.55689119E+02  0.55500521E+02
  0.55307115E+02  0.55109090E+02  0.54906687E+02  0.54700196E+02  0.54489833E+02
  0.54275830E+02  0.54058383E+02  0.53837655E+02  0.53613788E+02  0.53386891E+02
  0.53157117E+02  0.52924632E+02  0.52689598E+02  0.52452206E+02  0.52212649E+02
  0.51971089E+02  0.51727663E+02  0.51482493E+02  0.51235687E+02  0.50987316E+02
  0.50737492E+02  0.50486298E+02  0.50233849E+02  0.49980282E+02  0.49725708E+02
  0.49470204E+02  0.49213877E+02  0.48956848E+02  0.48699200E+02
  0.10000000E+01  0.29103855E+01  0.47470912E+01  0.65104821E+01  0.82262547E+01
  0.98993129E+01  0.11543065E+02  0.13153822E+02  0.14740004E+02  0.16294244E+02
  0.17822588E+02  0.19318642E+02  0.20787763E+02  0.22225266E+02  0.23635482E+02
  0.25014937E+02  0.26366788E+02  0.27688481E+02  0.28982382E+02  0.30246723E+02
  0.31483330E+02  0.32691014E+02  0.33871217E+02  0.35023097E+02  0.36147894E+02
  0.37244994E+02  0.38315485E+02  0.39358876E+02  0.40376195E+02  0.41367039E+02
  0.42332374E+02  0.43271839E+02  0.44186338E+02  0.45075640E+02  0.45940544E+02
  0.46780875E+02  0.47597274E+02  0.48389677E+02  0.49158672E+02  0.49904276E+02
  0.50626949E+02  0.51326776E+02  0.52004174E+02  0.52659298E+02  0.53292496E+02
  0.53903938E+02  0.54493964E+02  0.55062771E+02  0.55610682E+02  0.56137944E+02
  0.56644881E+02  0.57131754E+02  0.57598857E+02  0.58046454E+02  0.58474836E+02
  0.58884276E+02  0.59275039E+02  0.59647439E+02  0.60001763E+02  0.60338356E+02
  0.60657543E+02  0.60959646E+02  0.61244975E+02  0.61513838E+02  0.61766566E+02
  0.62003479E+02  0.62224901E+02  0.62431143E+02  0.62622508E+02  0.62799271E+02
  0.62961775E+02  0.63110356E+02  0.63245357E+02  0.63367085E+02  0.63475852E+02
  0.63571945E+02  0.63655690E+02  0.63727360E+02  0.63787211E+02  0.63835528E+02
  0.63872603E+02  0.63898728E+02  0.63914181E+02  0.63919246E+02  0.63914169E+02
  0.63899259E+02  0.63874801E+02  0.63841061E+02  0.63798311E+02  0.63746798E+02
  0.63686797E+02  0.63618556E+02  0.63542327E+02  0.63458372E+02  0.63366932E+02
  0.63268263E+02  0.63162608E+02  0.63050236E+02  0.62931354E+02  0.62806127E+02
  0.62674747E+02  0.62537423E+02  0.62394397E+02  0.62245917E+02  0.62092241E+02
  0.61933589E+02  0.61770148E+02  0.61602094E+02  0.61429591E+02  0.61252776E+02
  0.61071810E+02  0.60886874E+02  0.60698134E+02  0.60505791E+02  0.60310035E+02
  0.60111038E+02  0.59908952E+02  0.59703910E+02  0.59496056E+02  0.59285483E+02
  0.59072328E+02  0.58856700E+02  0.58638733E+02  0.58418558E+02  0.58196287E+02
  0.57972053E+02  0.57745975E+02  0.57518161E+02  0.57288732E+02
  0.10000000E+01  0.29117096E+01  0.47520210E+01  0.65214292E+01  0.82452730E+01
  0.99284536E+01  0.11583886E+02  0.13207976E+02  0.14808768E+02  0.16379228E+02
  0.17925114E+02  0.19440444E+02  0.20930269E+02  0.22390343E+02  0.23824627E+02
  0.25230103E+02  0.26609523E+02  0.27960799E+02  0.29285869E+02  0.30583421E+02
  0.31854844E+02  0.33099387E+02  0.34318073E+02  0.35510456E+02  0.36677384E+02
  0.37818595E+02  0.38934841E+02  0.40025929E+02  0.41092609E+02  0.42134692E+02
  0.43152948E+02  0.44147155E+02  0.45118091E+02  0.46065588E+02  0.46990369E+02
  0.47892250E+02  0.48771872E+02  0.49629103E+02  0.50464558E+02  0.51278173E+02
  0.52070454E+02  0.52841388E+02  0.53591427E+02  0.54320621E+02  0.55029374E+02
  0.55717746E+02  0.56386101E+02  0.57034569E+02  0.57663467E+02  0.58272978E+02
  0.58863394E+02  0.59434946E+02  0.59987874E+02  0.60522440E+02  0.61038853E+02
  0.61537391E+02  0.62018264E+02  0.62481757E+02  0.62928102E+02  0.63357625E+02
  0.63770572E+02  0.64167231E+02  0.64547856E+02  0.64912712E+02  0.65262074E+02
  0.65596198E+02  0.65915390E+02  0.66219901E+02  0.66509987E+02  0.66785870E+02
  0.67047869E+02  0.67296231E+02  0.67531266E+02  0.67753219E+02  0.67962367E+02
  0.68158959E+02  0.68343248E+02  0.68515488E+02  0.68675896E+02  0.68824681E+02
  0.68962103E+02  0.69088381E+02  0.69203761E+02  0.69308501E+02  0.69402813E+02
  0.69486957E+02  0.69561165E+02  0.69625665E+02  0.69680666E+02  0.69726388E+02
  0.69763061E+02  0.69790880E+02  0.69810102E+02  0.69820939E+02  0.69823605E+02
  0.69818308E+02  0.69805280E+02  0.69784716E+02  0.69756828E+02  0.69721776E+02
  0.69679712E+02  0.69630825E+02  0.69575325E+02  0.69513445E+02  0.69445386E+02
  0.69371357E+02  0.69291547E+02  0.69206109E+02  0.69115204E+02  0.69018963E+02
  0.68917525E+02  0.68811048E+02  0.68699698E+02  0.68583669E+02  0.68463158E+02
  0.68338304E+02  0.68209271E+02  0.68076200E+02  0.67939208E+02  0.67798409E+02
  0.67653929E+02  0.67505874E+02  0.67354400E+02  0.67199637E+02  0.67041715E+02
  0.66880756E+02  0.66716879E+02  0.66550214E+02  0.66380869E+02
  0.10000000E+01  0.29133934E+01  0.47581449E+01  0.65346096E+01  0.82677729E+01
  0.99622470E+01  0.11630651E+02  0.13269241E+02  0.14885937E+02  0.16473731E+02
  0.18038313E+02  0.19573798E+02  0.21085116E+02  0.22568167E+02  0.24026731E+02
  0.25457973E+02  0.26864421E+02  0.28244209E+02  0.29599005E+02  0.30927752E+02
  0.32231535E+02  0.33509869E+02  0.34763470E+02  0.35992146E+02  0.37196463E+02
  0.38376380E+02  0.39532391E+02  0.40664472E+02  0.41773197E+02  0.42858482E+02
  0.43920945E+02  0.44960458E+02  0.45977685E+02  0.46972476E+02  0.47945507E+02
  0.48896571E+02  0.49826313E+02  0.50734548E+02  0.51621920E+02  0.52488278E+02
  0.53334169E+02  0.54159481E+02  0.54964733E+02  0.55749865E+02  0.56515324E+02
  0.57261118E+02  0.57987633E+02  0.58694937E+02  0.59383343E+02  0.60053014E+02
  0.60704224E+02  0.61337174E+02  0.61952080E+02  0.62549197E+02  0.63128696E+02
  0.63690860E+02  0.64235834E+02  0.64763901E+02  0.65275256E+02  0.65770217E+02
  0.66248989E+02  0.66711847E+02  0.67159013E+02  0.67590735E+02  0.68007267E+02
  0.68408825E+02  0.68795696E+02  0.69168090E+02  0.69526272E+02  0.69870422E+02
  0.70200857E+02  0.70517789E+02  0.70821507E+02  0.71112223E+02  0.71390188E+02
  0.71655621E+02  0.71908768E+02  0.72149838E+02  0.72379028E+02  0.72596543E+02
  0.72802589E+02  0.72997388E+02  0.73181163E+02  0.73354133E+02  0.73516512E+02
  0.73668522E+02  0.73810389E+02  0.73942314E+02  0.74064512E+02  0.74177167E+02
  0.74280482E+02  0.74374677E+02  0.74459973E+02  0.74536556E+02  0.74604604E+02
  0.74664299E+02  0.74715865E+02  0.74759467E+02  0.74795313E+02  0.74823550E+02
  0.74844327E+02  0.74857814E+02  0.74864200E+02  0.74863688E+02  0.74856466E+02
  0.74842726E+02  0.74822641E+02  0.74796380E+02  0.74764102E+02  0.74725930E+02
  0.74682017E+02  0.74632506E+02  0.74577546E+02  0.74517330E+02  0.74452019E+02
  0.74381776E+02  0.74306735E+02  0.74227019E+02  0.74142750E+02  0.74054034E+02
  0.73960991E+02  0.73863732E+02  0.73762394E+02  0.73657109E+02  0.73547990E+02
  0.73435176E+02  0.73318774E+02  0.73198911E+02  0.73075727E+02
  0.10000000E+01  0.29140919E+01  0.47608758E+01  0.65407525E+01  0.82786772E+01
  0.99791095E+01  0.11654589E+02  0.13301237E+02  0.14926931E+02  0.16524678E+02
  0.18100126E+02  0.19647518E+02  0.21171687E+02  0.22668728E+02  0.24142236E+02
  0.25589646E+02  0.27013217E+02  0.28411422E+02  0.29785607E+02  0.31135064E+02
  0.32460552E+02  0.33761926E+02  0.35039562E+02  0.36293614E+02  0.37524309E+02
  0.38731932E+02  0.39916677E+02  0.41078792E+02  0.42218611E+02  0.43336248E+02
  0.44432164E+02  0.45506332E+02  0.46559349E+02  0.47591096E+02  0.48602237E+02
  0.49592522E+02  0.50562650E+02  0.51512330E+02  0.52442301E+02  0.53352278E+02
  0.54242935E+02  0.55114027E+02  0.55966164E+02  0.56799185E+02  0.57613608E+02
  0.58409347E+02  0.59186818E+02  0.59946043E+02  0.60687351E+02  0.61410889E+02
  0.62116892E+02  0.62805583E+02  0.63477119E+02  0.64131782E+02  0.64769676E+02
  0.65391118E+02  0.65996201E+02  0.66585225E+02  0.67158336E+02  0.67715830E+02
  0.68257882E+02  0.68784744E+02  0.69296635E+02  0.69793762E+02  0.70276369E+02
  0.70744651E+02  0.71198883E+02  0.71639231E+02  0.72065948E+02  0.72479173E+02
  0.72879219E+02  0.73266279E+02  0.73640625E+02  0.74002447E+02  0.74351960E+02
  0.74689346E+02  0.75014841E+02  0.75328607E+02  0.75630842E+02  0.75921740E+02
  0.76201469E+02  0.76470235E+02  0.76728207E+02  0.76975580E+02  0.77212536E+02
  0.77439281E+02  0.77656031E+02  0.77862960E+02  0.78060270E+02  0.78248118E+02
  0.78426681E+02  0.78596135E+02  0.78756690E+02  0.78908497E+02  0.79051750E+02
  0.79186621E+02  0.79313296E+02  0.79431911E+02  0.79542644E+02  0.79645611E+02
  0.79740932E+02  0.79828765E+02  0.79909275E+02  0.79982667E+02  0.80049126E+02
  0.80108806E+02  0.80161850E+02  0.80208390E+02  0.80248594E+02  0.80282554E+02
  0.80310410E+02  0.80332308E+02  0.80348390E+02  0.80358823E+02  0.80363755E+02
  0.80363329E+02  0.80357667E+02  0.80346857E+02  0.80331033E+02  0.80310290E+02
  0.80284733E+02  0.80254468E+02  0.80219618E+02  0.80180302E+02  0.80136636E+02
  0.80088745E+02  0.80036725E+02  0.79980701E+02  0.79920820E+02
  0.10000000E+01  0.29167042E+01  0.47702849E+01  0.65607430E+01  0.83125216E+01
  0.10029464E+02  0.11723813E+02  0.13391305E+02  0.15039793E+02  0.16662142E+02
  0.18264051E+02  0.19839688E+02  0.21393855E+02  0.22922657E+02  0.24429543E+02
  0.25912054E+02  0.27372227E+02  0.28808712E+02  0.30222554E+02  0.31613284E+02
  0.32981316E+02  0.34326768E+02  0.35649672E+02  0.36950443E+02  0.38228971E+02
  0.39485773E+02  0.40720731E+02  0.41934282E+02  0.43126508E+02  0.44297648E+02
  0.45447998E+02  0.46577580E+02  0.47686894E+02  0.48775805E+02  0.49844947E+02
  0.50893993E+02  0.51923677E+02  0.52933615E+02  0.53924613E+02  0.54896253E+02
  0.55849287E+02  0.56783331E+02  0.57699066E+02  0.58596208E+02  0.59475341E+02
  0.60336274E+02  0.61179484E+02  0.62004903E+02  0.62812866E+02  0.63603481E+02
  0.64376954E+02  0.65133511E+02  0.65873240E+02  0.66596443E+02  0.67303172E+02
  0.67993764E+02  0.68668248E+02  0.69326946E+02  0.69969935E+02  0.70597522E+02
  0.71209846E+02  0.71807138E+02  0.72389578E+02  0.72957368E+02  0.73510712E+02
  0.74049773E+02  0.74574831E+02  0.75085999E+02  0.75583551E+02  0.76067579E+02
  0.76538375E+02  0.76996098E+02  0.77441005E+02  0.77873235E+02  0.78293007E+02
  0.78700486E+02  0.79095892E+02  0.79479402E+02  0.79851183E+02  0.80211403E+02
  0.80560218E+02  0.80897794E+02  0.81224299E+02  0.81539937E+02  0.81844855E+02
  0.82139268E+02  0.82423368E+02  0.82697315E+02  0.82961292E+02  0.83215425E+02
  0.83459910E+02  0.83694881E+02  0.83920540E+02  0.84137042E+02  0.84344559E+02
  0.84543222E+02  0.84733230E+02  0.84914716E+02  0.85087833E+02  0.85252701E+02
  0.85409452E+02  0.85558219E+02  0.85699183E+02  0.85832503E+02  0.85958352E+02
  0.86076891E+02  0.86188259E+02  0.86292582E+02  0.86390012E+02  0.86480668E+02
  0.86564669E+02  0.86642154E+02  0.86713276E+02  0.86778161E+02  0.86836966E+02
  0.86889837E+02  0.86936877E+02  0.86978182E+02  0.87013870E+02  0.87044030E+02
  0.87068788E+02  0.87088241E+02  0.87102539E+02  0.87111771E+02  0.87116069E+02
  0.87115539E+02  0.87110275E+02  0.87100406E+02  0.87086062E+02
  0.10000000E+01  0.29160269E+01  0.47682307E+01  0.65569232E+01  0.83069273E+01
  0.10022301E+02  0.11715374E+02  0.13381988E+02  0.15029969E+02  0.16652348E+02
  0.18254741E+02  0.19831596E+02  0.21387595E+02  0.22919174E+02  0.24429595E+02
  0.25916744E+02  0.27382426E+02  0.28825636E+02  0.30247194E+02  0.31646951E+02
  0.33025099E+02  0.34382046E+02  0.35717591E+02  0.37032392E+02  0.38326115E+02
  0.39599495E+02  0.40852242E+02  0.42084983E+02  0.43297670E+02  0.44490685E+02
  0.45664211E+02  0.46818368E+02  0.47953588E+02  0.49069771E+02  0.50167528E+02
  0.51246515E+02  0.52307492E+02  0.53350017E+02  0.54374943E+02  0.55381769E+02
  0.56371306E+02  0.57343079E+02  0.58297828E+02  0.59235190E+02  0.60155782E+02
  0.61059348E+02  0.61946376E+02  0.62816766E+02  0.63670845E+02  0.64508701E+02
  0.65330520E+02  0.66136506E+02  0.66926725E+02  0.67701470E+02  0.68460736E+02
  0.69204858E+02  0.69933828E+02  0.70647966E+02  0.71347310E+02  0.72032163E+02
  0.72702616E+02  0.73358869E+02  0.74001089E+02  0.74629423E+02  0.75244070E+02
  0.75845172E+02  0.76432973E+02  0.77007567E+02  0.77569196E+02  0.78117930E+02
  0.78654034E+02  0.79177617E+02  0.79688939E+02  0.80188095E+02  0.80675306E+02
  0.81150689E+02  0.81614430E+02  0.82066674E+02  0.82507552E+02  0.82937207E+02
  0.83355774E+02  0.83763412E+02  0.84160251E+02  0.84546468E+02  0.84922200E+02
  0.85287609E+02  0.85642860E+02  0.85988097E+02  0.86323470E+02  0.86649097E+02
  0.86965163E+02  0.87271779E+02  0.87569128E+02  0.87857327E+02  0.88136541E+02
  0.88406864E+02  0.88668474E+02  0.88921473E+02  0.89166019E+02  0.89402207E+02
  0.89630152E+02  0.89849980E+02  0.90061838E+02  0.90265883E+02  0.90462265E+02
  0.90651100E+02  0.90832543E+02  0.91006708E+02  0.91173706E+02  0.91333663E+02
  0.91486693E+02  0.91632913E+02  0.91772472E+02  0.91905491E+02  0.92032113E+02
  0.92152460E+02  0.92266626E+02  0.92374684E+02  0.92476758E+02  0.92572932E+02
  0.92663319E+02  0.92748017E+02  0.92827162E+02  0.92900848E+02  0.92969182E+02
  0.93032252E+02  0.93090193E+02  0.93143110E+02  0.93191102E+02
  0.10000000E+01  0.29151891E+01  0.47654890E+01  0.65514373E+01  0.82982307E+01
  0.10010060E+02  0.11699457E+02  0.13362281E+02  0.15006422E+02  0.16624940E+02
  0.18223464E+02  0.19796534E+02  0.21348815E+02  0.22876896E+02  0.24383953E+02
  0.25868077E+02  0.27330950E+02  0.28771783E+02  0.30191263E+02  0.31589436E+02
  0.32966379E+02  0.34322670E+02  0.35657977E+02  0.36973127E+02  0.38267657E+02
  0.39542461E+02  0.40797142E+02  0.42032466E+02  0.43248307E+02  0.44445139E+02
  0.45623096E+02  0.46782358E+02  0.47923342E+02  0.49045978E+02  0.50150879E+02
  0.51237706E+02  0.52307253E+02  0.53359014E+02  0.54393915E+02  0.55411391E+02
  0.56412310E+02  0.57396152E+02  0.58363711E+02  0.59314557E+02  0.60249362E+02
  0.61167813E+02  0.62070448E+02  0.62957118E+02  0.63828175E+02  0.64683696E+02
  0.65523861E+02  0.66348896E+02  0.67158822E+02  0.67953959E+02  0.68734269E+02
  0.69500100E+02  0.70251437E+02  0.70988599E+02  0.71711623E+02  0.72420824E+02
  0.73116246E+02  0.73798125E+02  0.74466593E+02  0.75121797E+02  0.75763940E+02
  0.76393117E+02  0.77009585E+02  0.77613409E+02  0.78204832E+02  0.78783903E+02
  0.79350902E+02  0.79905920E+02  0.80449219E+02  0.80980873E+02  0.81501090E+02
  0.82009961E+02  0.82507670E+02  0.82994351E+02  0.83470142E+02  0.83935176E+02
  0.84389583E+02  0.84833505E+02  0.85267051E+02  0.85690380E+02  0.86103620E+02
  0.86506923E+02  0.86900452E+02  0.87284333E+02  0.87658721E+02  0.88023708E+02
  0.88379440E+02  0.88726025E+02  0.89063628E+02  0.89392345E+02  0.89712345E+02
  0.90023732E+02  0.90326651E+02  0.90621188E+02  0.90907486E+02  0.91185624E+02
  0.91455721E+02  0.91717875E+02  0.91972237E+02  0.92218935E+02  0.92458130E+02
  0.92689936E+02  0.92914458E+02  0.93131808E+02  0.93342111E+02  0.93545468E+02
  0.93741998E+02  0.93931804E+02  0.94114997E+02  0.94291699E+02  0.94462033E+02
  0.94626098E+02  0.94784008E+02  0.94935827E+02  0.95081669E+02  0.95221615E+02
  0.95355742E+02  0.95484152E+02  0.95606961E+02  0.95724247E+02  0.95836144E+02
  0.95942707E+02  0.96044077E+02  0.96140338E+02  0.96231608E+02
  0.10000000E+01  0.29172046E+01  0.47728278E+01  0.65670726E+01  0.83248262E+01
  0.10049708E+02  0.11754103E+02  0.13433473E+02  0.15095769E+02  0.16733868E+02
  0.18353482E+02  0.19949077E+02  0.21525298E+02  0.23078752E+02  0.24612495E+02
  0.26124718E+02  0.27616902E+02  0.29088439E+02  0.30539754E+02  0.31971103E+02
  0.33382283E+02  0.34774096E+02  0.36145937E+02  0.37498850E+02  0.38832100E+02
  0.40146767E+02  0.41442229E+02  0.42719387E+02  0.43977934E+02  0.45218434E+02
  0.46440891E+02  0.47645526E+02  0.48832684E+02  0.50002285E+02  0.51154928E+02
  0.52290205E+02  0.53408961E+02  0.54510584E+02  0.55596080E+02  0.56664746E+02
  0.57717543E+02  0.58753808E+02  0.59774428E+02  0.60778873E+02  0.61767878E+02
  0.62741049E+02  0.63698953E+02  0.64641384E+02  0.65568694E+02  0.66480932E+02
  0.67378253E+02  0.68260887E+02  0.69128821E+02  0.69982390E+02  0.70821507E+02
  0.71646547E+02  0.72457401E+02  0.73254429E+02  0.74037607E+02  0.74807236E+02
  0.75563364E+02  0.76306190E+02  0.77035843E+02  0.77752458E+02  0.78456208E+02
  0.79147181E+02  0.79825623E+02  0.80491556E+02  0.81145251E+02  0.81786697E+02
  0.82416181E+02  0.83033781E+02  0.83639743E+02  0.84234104E+02  0.84817073E+02
  0.85388732E+02  0.85949249E+02  0.86498747E+02  0.87037348E+02  0.87565171E+02
  0.88082314E+02  0.88588906E+02  0.89085062E+02  0.89570920E+02  0.90046593E+02
  0.90512239E+02  0.90968005E+02  0.91414015E+02  0.91850420E+02  0.92277291E+02
  0.92694771E+02  0.93102953E+02  0.93502011E+02  0.93892021E+02  0.94273148E+02
  0.94645464E+02  0.95009132E+02  0.95364192E+02  0.95710792E+02  0.96048990E+02
  0.96378900E+02  0.96700626E+02  0.97014303E+02  0.97320082E+02  0.97618074E+02
  0.97908415E+02  0.98191203E+02  0.98466526E+02  0.98734524E+02  0.98995275E+02
  0.99248909E+02  0.99495520E+02  0.99735222E+02  0.99968134E+02  0.10019438E+03
  0.10041402E+03  0.10062717E+03  0.10083390E+03  0.10103430E+03  0.10122845E+03
  0.10141644E+03  0.10159835E+03  0.10177430E+03  0.10194437E+03  0.10210866E+03
  0.10226727E+03  0.10242030E+03  0.10256784E+03  0.10271002E+03
  0.10000000E+01  0.29135254E+01  0.47601126E+01  0.65406722E+01  0.82812409E+01
  0.99861280E+01  0.11668371E+02  0.13323746E+02  0.14960375E+02  0.16571261E+02
  0.18162115E+02  0.19727616E+02  0.21272382E+02  0.22793292E+02  0.24293345E+02
  0.25771010E+02  0.27227741E+02  0.28663128E+02  0.30077637E+02  0.31471657E+02
  0.32845081E+02  0.34198774E+02  0.35532237E+02  0.36846530E+02  0.38141027E+02
  0.39416836E+02  0.40673466E+02  0.41911851E+02  0.43131806E+02  0.44333923E+02
  0.45518302E+02  0.46685205E+02  0.47835046E+02  0.48967788E+02  0.50084076E+02
  0.51183551E+02  0.52267096E+02  0.53334126E+02  0.54385686E+02  0.55421071E+02
  0.56441297E+02  0.57445734E+02  0.58435285E+02  0.59409439E+02  0.60368970E+02
  0.61313501E+02  0.62243633E+02  0.63159142E+02  0.64060424E+02  0.64947551E+02
  0.65820682E+02  0.66680081E+02  0.67525747E+02  0.68358034E+02  0.69176851E+02
  0.69982590E+02  0.70775166E+02  0.71554944E+02  0.72321930E+02  0.73076440E+02
  0.73818541E+02  0.74548444E+02  0.75266261E+02  0.75972134E+02  0.76666285E+02
  0.77348778E+02  0.78019891E+02  0.78679666E+02  0.79328357E+02  0.79965971E+02
  0.80592794E+02  0.81208880E+02  0.81814493E+02  0.82409689E+02  0.82994705E+02
  0.83569604E+02  0.84134578E+02  0.84689722E+02  0.85235146E+02  0.85770946E+02
  0.86297217E+02  0.86814107E+02  0.87321709E+02  0.87820184E+02  0.88309642E+02
  0.88790217E+02  0.89262052E+02  0.89725236E+02  0.90179917E+02  0.90626159E+02
  0.91064120E+02  0.91493864E+02  0.91915569E+02  0.92329296E+02  0.92735191E+02
  0.93133303E+02  0.93523787E+02  0.93906687E+02  0.94282124E+02  0.94650139E+02
  0.95010854E+02  0.95364334E+02  0.95710720E+02  0.96050112E+02  0.96382657E+02
  0.96708430E+02  0.97027555E+02  0.97340104E+02  0.97646167E+02  0.97945817E+02
  0.98239161E+02  0.98526289E+02  0.98807293E+02  0.99082283E+02  0.99351359E+02
  0.99614566E+02  0.99872021E+02  0.10012374E+03  0.10036982E+03  0.10061030E+03
  0.10084530E+03  0.10107485E+03  0.10129907E+03  0.10151802E+03  0.10173180E+03
  0.10194045E+03  0.10214409E+03  0.10234278E+03  0.10253664E+03
   128
  0.10000000E+01  0.25780292E+01  0.36241306E+01  0.41702235E+01  0.43754073E+01
  0.43334783E+01  0.41454151E+01  0.38593049E+01  0.35166812E+01  0.31433732E+01
  0.27549075E+01  0.23691141E+01  0.19982983E+01  0.16526686E+01  0.13395759E+01
  0.10627439E+01  0.82707131E+00  0.62986373E+00  0.47261288E+00  0.34910959E+00
  0.25769767E+00  0.18941354E+00  0.14141028E+00  0.10721374E+00  0.83115228E-01
  0.65195987E-01  0.51320386E-01  0.40242533E-01  0.31279028E-01  0.24056455E-01
  0.18194585E-01  0.13277950E-01  0.90840364E-02  0.57834943E-02  0.34065734E-02
  0.17258315E-02  0.57626964E-03 -0.70819091E-04  0.00000000E+00  0.00000000E+00
  0.00000000E+00  0.00000000E+00  0.00000000E+00  0.00000000E+00  0.00000000E+00
  0.00000000E+00  0.00000000E+00  0.00000000E+00  0.00000000E+00  0.00000000E+00
  0.00000000E+00  0.00000000E+00  0.00000000E+00  0.00000000E+00  0.00000000E+00
  0.00000000E+00  0.00000000E+00  0.00000000E+00  0.00000000E+00  0.00000000E+00
  0.00000000E+00  0.00000000E+00  0.00000000E+00  0.00000000E+00  0.00000000E+00
  0.00000000E+00  0.00000000E+00  0.00000000E+00  0.00000000E+00  0.00000000E+00
  0.00000000E+00  0.00000000E+00  0.00000000E+00  0.00000000E+00  0.00000000E+00
  0.00000000E+00  0.00000000E+00  0.00000000E+00  0.00000000E+00  0.00000000E+00
  0.00000000E+00  0.00000000E+00  0.00000000E+00  0.00000000E+00  0.00000000E+00
  0.00000000E+00  0.00000000E+00  0.00000000E+00  0.00000000E+00  0.00000000E+00
  0.00000000E+00  0.00000000E+00  0.00000000E+00  0.00000000E+00  0.00000000E+00
  0.00000000E+00  0.00000000E+00  0.00000000E+00  0.00000000E+00  0.00000000E+00
  0.00000000E+00  0.00000000E+00  0.00000000E+00  0.00000000E+00  0.00000000E+00
  0.00000000E+00  0.00000000E+00  0.00000000E+00  0.00000000E+00  0.00000000E+00
  0.00000000E+00  0.00000000E+00  0.00000000E+00  0.00000000E+00  0.00000000E+00
  0.00000000E+00  0.00000000E+00  0.00000000E+00  0.00000000E+00  0.00000000E+00
  0.00000000E+00  0.00000000E+00  0.00000000E+00  0.00000000E+00  0.00000000E+00
  0.00000000E+00  0.00000000E+00  0.00000000E+00  0.00000000E+00
  0.10000000E+01  0.26256246E+01  0.38016432E+01  0.45860756E+01  0.50984573E+01
  0.53990498E+01  0.55471265E+01  0.55673068E+01  0.54861819E+01  0.53187442E+01
  0.50747372E+01  0.47702131E+01  0.44183042E+01  0.40368830E+01  0.36388813E+01
  0.32390267E+01  0.28502607E+01  0.24812627E+01  0.21419183E+01  0.18340656E+01
  0.15634492E+01  0.13261826E+01  0.11235913E+01  0.94936117E+00  0.80079194E+00
  0.67332694E+00  0.56425075E+00  0.47113178E+00  0.39207258E+00  0.32522788E+00
  0.26894739E+00  0.22154945E+00  0.18169556E+00  0.14842360E+00  0.12079546E+00
  0.97786676E-01  0.78643147E-01  0.62890447E-01  0.50104366E-01  0.39799896E-01
  0.31475497E-01  0.24762566E-01  0.19302629E-01  0.14774725E-01  0.11082711E-01
  0.81736743E-02  0.59366030E-02  0.42462359E-02  0.29892732E-02  0.20846342E-02
  0.14686381E-02  0.10797127E-02  0.84722911E-03  0.69245848E-03  0.57300709E-03
  0.47674728E-03  0.41402192E-03  0.39714397E-03  0.40641834E-03  0.38954493E-03
  0.35143564E-03  0.31667995E-03  0.28472630E-03  0.25211716E-03  0.20460872E-03
  0.16150037E-03  0.14312596E-03  0.13877243E-03  0.14727516E-03  0.16256493E-03
  0.17638154E-03  0.17066405E-03  0.13333172E-03  0.79872581E-04  0.44939258E-04
  0.42954711E-04  0.63184486E-04  0.87071772E-04  0.10383459E-03  0.12117664E-03
  0.13622582E-03  0.13869616E-03  0.11502992E-03  0.78763678E-04  0.24661370E-04
 -0.39134985E-04  0.00000000E+00  0.00000000E+00  0.00000000E+00  0.00000000E+00
  0.00000000E+00  0.00000000E+00  0.00000000E+00  0.00000000E+00  0.00000000E+00
  0.00000000E+00  0.00000000E+00  0.00000000E+00  0.00000000E+00  0.00000000E+00
  0.00000000E+00  0.00000000E+00  0.00000000E+00  0.00000000E+00  0.00000000E+00
  0.00000000E+00  0.00000000E+00  0.00000000E+00  0.00000000E+00  0.00000000E+00
  0.00000000E+00  0.00000000E+00  0.00000000E+00  0.00000000E+00  0.00000000E+00
  0.00000000E+00  0.00000000E+00  0.00000000E+00  0.00000000E+00  0.00000000E+00
  0.00000000E+00  0.00000000E+00  0.00000000E+00  0.00000000E+00  0.00000000E+00
  0.00000000E+00  0.00000000E+00  0.00000000E+00  0.00000000E+00
  0.10000000E+01  0.26670241E+01  0.39432603E+01  0.48917348E+01  0.56114031E+01
  0.61510868E+01  0.65513382E+01  0.68267140E+01  0.69935323E+01  0.70597085E+01
  0.70320194E+01  0.69199557E+01  0.67331183E+01  0.64847992E+01  0.61855242E+01
  0.58487532E+01  0.54868939E+01  0.51109779E+01  0.47329641E+01  0.43595078E+01
  0.40001996E+01  0.36569516E+01  0.33351635E+01  0.30332193E+01  0.27522907E+01
  0.24913251E+01  0.22503361E+01  0.20287174E+01  0.18259896E+01  0.16411100E+01
  0.14731177E+01  0.13205996E+01  0.11823066E+01  0.10571491E+01  0.94402641E+00
  0.84178712E+00  0.74950428E+00  0.66646992E+00  0.59201774E+00  0.52540130E+00
  0.46585492E+00  0.41268433E+00  0.36522670E+00  0.32286057E+00  0.28512424E+00
  0.25160676E+00  0.22190425E+00  0.19561514E+00  0.17235135E+00  0.15181419E+00
  0.13370621E+00  0.11776907E+00  0.10370332E+00  0.91240201E-01  0.80172786E-01
  0.70383749E-01  0.61768721E-01  0.54202160E-01  0.47522622E-01  0.41599670E-01
  0.36362133E-01  0.31767663E-01  0.27728246E-01  0.24151252E-01  0.20976939E-01
  0.18179546E-01  0.15745915E-01  0.13653392E-01  0.11844306E-01  0.10267596E-01
  0.88955694E-02  0.77150892E-02  0.67145012E-02  0.58676387E-02  0.51713247E-02
  0.45929043E-02  0.41085331E-02  0.37107686E-02  0.33721019E-02  0.30603024E-02
  0.27590852E-02  0.24783339E-02  0.22335211E-02  0.20212539E-02  0.18382095E-02
  0.16868449E-02  0.15543306E-02  0.14325340E-02  0.13114424E-02  0.11910407E-02
  0.10734137E-02  0.95014161E-03  0.80281757E-03  0.63511822E-03  0.47214731E-03
  0.35706394E-03  0.29599251E-03  0.25478940E-03  0.23047362E-03  0.22176965E-03
  0.22943832E-03  0.26103518E-03  0.29669671E-03  0.32435881E-03  0.33713300E-03
  0.34304567E-03  0.34775981E-03  0.30582671E-03  0.22094645E-03  0.10788830E-03
  0.26466155E-06  0.00000000E+00  0.00000000E+00  0.00000000E+00  0.00000000E+00
  0.00000000E+00  0.00000000E+00  0.00000000E+00  0.00000000E+00  0.00000000E+00
  0.00000000E+00  0.00000000E+00  0.00000000E+00  0.00000000E+00  0.00000000E+00
  0.00000000E+00  0.00000000E+00  0.00000000E+00  0.00000000E+00
  0.10000000E+01  0.27046481E+01  0.40675984E+01  0.51442079E+01  0.60184689E+01
  0.67347289E+01  0.73270735E+01  0.78074867E+01  0.81862884E+01  0.84682304E+01
  0.86585661E+01  0.87632479E+01  0.87896018E+01  0.87460909E+01  0.86399689E+01
  0.84798349E+01  0.82742475E+01  0.80311768E+01  0.77599043E+01  0.74666759E+01
  0.71600531E+01  0.68437831E+01  0.65241184E+01  0.62026792E+01  0.58829604E+01
  0.55667693E+01  0.52565645E+01  0.49540356E+01  0.46608123E+01  0.43777617E+01
  0.41057590E+01  0.38451092E+01  0.35960638E+01  0.33588346E+01  0.31333948E+01
  0.29195672E+01  0.27172077E+01  0.25262063E+01  0.23463676E+01  0.21773676E+01
  0.20187697E+01  0.18701296E+01  0.17309137E+01  0.16006239E+01  0.14788384E+01
  0.13651390E+01  0.12591144E+01  0.11603714E+01  0.10684859E+01  0.98315662E+00
  0.90398265E+00  0.83060318E+00  0.76260246E+00  0.69960919E+00  0.64128318E+00
  0.58733835E+00  0.53750136E+00  0.49150968E+00  0.44909367E+00  0.40999245E+00
  0.37397890E+00  0.34084360E+00  0.31037383E+00  0.28236656E+00  0.25661837E+00
  0.23295575E+00  0.21123152E+00  0.19131477E+00  0.17307622E+00  0.15637902E+00
  0.14110196E+00  0.12712313E+00  0.11435075E+00  0.10269820E+00  0.92074689E-01
  0.82399552E-01  0.73600446E-01  0.65629012E-01  0.58417840E-01  0.51922910E-01
  0.46093364E-01  0.40869471E-01  0.36176408E-01  0.31948044E-01  0.28147614E-01
  0.24733060E-01  0.21664856E-01  0.18919849E-01  0.16446911E-01  0.14234417E-01
  0.12278369E-01  0.10546941E-01  0.90221786E-02  0.76428803E-02  0.64263015E-02
  0.53809070E-02  0.45099211E-02  0.38045537E-02  0.32249532E-02  0.27809036E-02
  0.24588077E-02  0.22361640E-02  0.20681165E-02  0.18966013E-02  0.17152773E-02
  0.15343695E-02  0.13656545E-02  0.11812138E-02  0.98957355E-03  0.85040038E-03
  0.79531125E-03  0.79014854E-03  0.80515582E-03  0.82956219E-03  0.86212915E-03
  0.91084568E-03  0.92633902E-03  0.86615708E-03  0.74012510E-03  0.60501601E-03
  0.50746650E-03  0.43628986E-03  0.38718715E-03  0.34781788E-03  0.32854430E-03
  0.34511055E-03  0.35698731E-03  0.33017432E-03  0.27325917E-03
  0.10000000E+01  0.27360336E+01  0.41717307E+01  0.53563316E+01  0.63610669E+01
  0.72253912E+01  0.79781373E+01  0.86294335E+01  0.91856181E+01  0.96489788E+01
  0.10023073E+02  0.10311578E+02  0.10520133E+02  0.10654591E+02  0.10720311E+02
  0.10723216E+02  0.10669515E+02  0.10565262E+02  0.10417764E+02  0.10232561E+02
  0.10017007E+02  0.97753081E+01  0.95135041E+01  0.92344961E+01  0.89425516E+01
  0.86406720E+01  0.83323014E+01  0.80201591E+01  0.77068703E+01  0.73943252E+01
  0.70843982E+01  0.67784030E+01  0.64775394E+01  0.61829386E+01  0.58954372E+01
  0.56157078E+01  0.53443318E+01  0.50818187E+01  0.48285061E+01  0.45845578E+01
  0.43499803E+01  0.41246779E+01  0.39084527E+01  0.37011078E+01  0.35024375E+01
  0.33122282E+01  0.31302851E+01  0.29564211E+01  0.27903662E+01  0.26319829E+01
  0.24809886E+01  0.23371823E+01  0.22002638E+01  0.20699899E+01  0.19461425E+01
  0.18285589E+01  0.17170902E+01  0.16115569E+01  0.15117547E+01  0.14174942E+01
  0.13285870E+01  0.12448401E+01  0.11660328E+01  0.10918917E+01  0.10221435E+01
  0.95651960E+00  0.89479479E+00  0.83672506E+00  0.78209953E+00  0.73071995E+00
  0.68241181E+00  0.63704365E+00  0.59446296E+00  0.55450151E+00  0.51699482E+00
  0.48178790E+00  0.44873954E+00  0.41774150E+00  0.38869657E+00  0.36150286E+00
  0.33607188E+00  0.31232193E+00  0.29015329E+00  0.26944680E+00  0.25006644E+00
  0.23186925E+00  0.21477218E+00  0.19872090E+00  0.18369829E+00  0.16969143E+00
  0.15664196E+00  0.14450446E+00  0.13322248E+00  0.12280522E+00  0.11322958E+00
  0.10445946E+00  0.96408717E-01  0.89015724E-01  0.82242010E-01  0.76031500E-01
  0.70330615E-01  0.65041440E-01  0.60129817E-01  0.55557261E-01  0.51308852E-01
  0.47374521E-01  0.43729997E-01  0.40374449E-01  0.37301879E-01  0.34497308E-01
  0.31922630E-01  0.29539452E-01  0.27336918E-01  0.25277000E-01  0.23339570E-01
  0.21516570E-01  0.19813639E-01  0.18277351E-01  0.16911473E-01  0.15692354E-01
  0.14576195E-01  0.13536687E-01  0.12573913E-01  0.11679184E-01  0.10829832E-01
  0.10003539E-01  0.92054194E-02  0.84519960E-02  0.77584895E-02
  0.10000000E+01  0.27570459E+01  0.42405424E+01  0.54942696E+01  0.65818515E+01
  0.75398548E+01  0.83952209E+01  0.91579494E+01  0.98330072E+01  0.10421568E+02
  0.10926067E+02  0.11349039E+02  0.11695005E+02  0.11968527E+02  0.12173880E+02
  0.12315584E+02  0.12398449E+02  0.12427204E+02  0.12407650E+02  0.12344362E+02
  0.12243410E+02  0.12108533E+02  0.11944955E+02  0.11755571E+02  0.11544384E+02
  0.11314444E+02  0.11069182E+02  0.10811436E+02  0.10543961E+02  0.10268901E+02
  0.99884251E+01  0.97042337E+01  0.94179118E+01  0.91309802E+01  0.88446842E+01
  0.85601157E+01  0.82782663E+01  0.80000423E+01  0.77261421E+01  0.74571067E+01
  0.71933016E+01  0.69349842E+01  0.66822944E+01  0.64353849E+01  0.61943633E+01
  0.59592929E+01  0.57302620E+01  0.55073470E+01  0.52905184E+01  0.50798612E+01
  0.48753275E+01  0.46769212E+01  0.44845507E+01  0.42981705E+01  0.41177631E+01
  0.39433211E+01  0.37748467E+01  0.36123214E+01  0.34557082E+01  0.33049622E+01
  0.31600450E+01  0.30208890E+01  0.28873891E+01  0.27593928E+01  0.26367212E+01
  0.25191830E+01  0.24065592E+01  0.22986715E+01  0.21953404E+01  0.20964094E+01
  0.20017376E+01  0.19112000E+01  0.18246746E+01  0.17420049E+01  0.16629989E+01
  0.15874665E+01  0.15152164E+01  0.14461040E+01  0.13800163E+01  0.13168430E+01
  0.12565062E+01  0.11988999E+01  0.11438981E+01  0.10913568E+01  0.10410966E+01
  0.99294900E+00  0.94680083E+00  0.90258905E+00  0.86030418E+00  0.81995105E+00
  0.78148184E+00  0.74482895E+00  0.70990006E+00  0.67663000E+00  0.64495377E+00
  0.61478941E+00  0.58606786E+00  0.55872420E+00  0.53269758E+00  0.50792531E+00
  0.48431238E+00  0.46174544E+00  0.44013407E+00  0.41940873E+00  0.39955432E+00
  0.38056508E+00  0.36244367E+00  0.34517293E+00  0.32874278E+00  0.31314402E+00
  0.29833281E+00  0.28425138E+00  0.27082132E+00  0.25798897E+00  0.24571718E+00
  0.23398902E+00  0.22278745E+00  0.21208913E+00  0.20190089E+00  0.19221735E+00
  0.18301813E+00  0.17427405E+00  0.16593112E+00  0.15794626E+00  0.15031720E+00
  0.14301904E+00  0.13602940E+00  0.12933175E+00  0.12294486E+00
  0.10000000E+01  0.27889719E+01  0.43452293E+01  0.57051001E+01  0.69209772E+01
  0.80244428E+01  0.90388906E+01  0.99737612E+01  0.10832070E+02  0.11613346E+02
  0.12318367E+02  0.12947968E+02  0.13505021E+02  0.13992324E+02  0.14412689E+02
  0.14768824E+02  0.15063730E+02  0.15300488E+02  0.15482953E+02  0.15614478E+02
  0.15699397E+02  0.15740787E+02  0.15742673E+02  0.15707804E+02  0.15639685E+02
  0.15541261E+02  0.15415757E+02  0.15265992E+02  0.15094752E+02  0.14904370E+02
  0.14697248E+02  0.14475442E+02  0.14240909E+02  0.13995572E+02  0.13741125E+02
  0.13479131E+02  0.13211009E+02  0.12938087E+02  0.12661476E+02  0.12382137E+02
  0.12100891E+02  0.11818438E+02  0.11535372E+02  0.11252287E+02  0.10969701E+02
  0.10688075E+02  0.10407894E+02  0.10129632E+02  0.98536368E+01  0.95803316E+01
  0.93100224E+01  0.90430449E+01  0.87796388E+01  0.85200914E+01  0.82646865E+01
  0.80137122E+01  0.77674289E+01  0.75260895E+01  0.72899158E+01  0.70591289E+01
  0.68339224E+01  0.66144207E+01  0.64007177E+01  0.61928581E+01  0.59908285E+01
  0.57945647E+01  0.56039627E+01  0.54189327E+01  0.52393739E+01  0.50651962E+01
  0.48963553E+01  0.47328091E+01  0.45744958E+01  0.44212987E+01  0.42730499E+01
  0.41295545E+01  0.39906490E+01  0.38562093E+01  0.37261301E+01  0.36003253E+01
  0.34787220E+01  0.33612179E+01  0.32476511E+01  0.31378098E+01  0.30314680E+01
  0.29284159E+01  0.28285411E+01  0.27318170E+01  0.26382371E+01  0.25478075E+01
  0.24604883E+01  0.23762207E+01  0.22949151E+01  0.22164535E+01  0.21406887E+01
  0.20674749E+01  0.19967167E+01  0.19283605E+01  0.18623686E+01  0.17986396E+01
  0.17370472E+01  0.16774409E+01  0.16197035E+01  0.15637616E+01  0.15095668E+01
  0.14571043E+01  0.14063547E+01  0.13572958E+01  0.13099192E+01  0.12641827E+01
  0.12200564E+01  0.11774741E+01  0.11363331E+01  0.10965530E+01  0.10580426E+01
  0.10207499E+01  0.98464416E+00  0.94971741E+00  0.91595345E+00  0.88334840E+00
  0.85189728E+00  0.82155700E+00  0.79227812E+00  0.76400264E+00  0.73665915E+00
  0.71020795E+00  0.68462733E+00  0.65990539E+00  0.63603338E+00
  0.10000000E+01  0.28139762E+01  0.44266177E+01  0.58679508E+01  0.71827228E+01
  0.83986267E+01  0.95368729E+01  0.10606766E+02  0.11610740E+02  0.12547452E+02
  0.13416671E+02  0.14218104E+02  0.14953430E+02  0.15624274E+02  0.16232478E+02
  0.16779664E+02  0.17267712E+02  0.17698604E+02  0.18074845E+02  0.18398738E+02
  0.18673238E+02  0.18900605E+02  0.19083743E+02  0.19224868E+02  0.19326717E+02
  0.19391701E+02  0.19422450E+02  0.19421337E+02  0.19390772E+02  0.19332872E+02
  0.19249833E+02  0.19143607E+02  0.19016108E+02  0.18869218E+02  0.18704692E+02
  0.18524174E+02  0.18329203E+02  0.18121216E+02  0.17901453E+02  0.17671079E+02
  0.17431143E+02  0.17182586E+02  0.16926272E+02  0.16663054E+02  0.16393721E+02
  0.16119014E+02  0.15839713E+02  0.15556560E+02  0.15270187E+02  0.14981275E+02
  0.14690433E+02  0.14398285E+02  0.14105349E+02  0.13812198E+02  0.13519378E+02
  0.13227444E+02  0.12936918E+02  0.12648302E+02  0.12362074E+02  0.12078680E+02
  0.11798529E+02  0.11521978E+02  0.11249379E+02  0.10981006E+02  0.10717054E+02
  0.10457654E+02  0.10202901E+02  0.99528656E+01  0.97076327E+01  0.94672843E+01
  0.92319092E+01  0.90015914E+01  0.87763796E+01  0.85562567E+01  0.83411394E+01
  0.81309171E+01  0.79255101E+01  0.77248660E+01  0.75289326E+01  0.73376796E+01
  0.71511079E+01  0.69691780E+01  0.67917901E+01  0.66187577E+01  0.64498398E+01
  0.62848259E+01  0.61236061E+01  0.59661768E+01  0.58125990E+01  0.56629301E+01
  0.55171419E+01  0.53751722E+01  0.52369245E+01  0.51022680E+01  0.49710395E+01
  0.48431172E+01  0.47184114E+01  0.45968730E+01  0.44784550E+01  0.43630533E+01
  0.42505431E+01  0.41407767E+01  0.40336326E+01  0.39290190E+01  0.38268680E+01
  0.37271528E+01  0.36298746E+01  0.35350411E+01  0.34426472E+01  0.33526587E+01
  0.32650064E+01  0.31796140E+01  0.30963735E+01  0.30151987E+01  0.29359967E+01
  0.28586622E+01  0.27831565E+01  0.27094867E+01  0.26376535E+01  0.25676553E+01
  0.24994786E+01  0.24330662E+01  0.23683625E+01  0.23053218E+01  0.22438730E+01
  0.21839560E+01  0.21255172E+01  0.20685251E+01  0.20129910E+01
  0.10000000E+01  0.28367735E+01  0.45006255E+01  0.60157416E+01  0.74205721E+01
  0.87390713E+01  0.99905044E+01  0.11183917E+02  0.12321753E+02  0.13402124E+02
  0.14424211E+02  0.15386786E+02  0.16290624E+02  0.17136391E+02  0.17925223E+02
  0.18657959E+02  0.19335715E+02  0.19959647E+02  0.20531285E+02  0.21052086E+02
  0.21523928E+02  0.21948303E+02  0.22327121E+02  0.22661923E+02  0.22954649E+02
  0.23207027E+02  0.23421007E+02  0.23598348E+02  0.23740903E+02  0.23850332E+02
  0.23928420E+02  0.23976778E+02  0.23997056E+02  0.23990864E+02  0.23959765E+02
  0.23905235E+02  0.23828703E+02  0.23731514E+02  0.23614899E+02  0.23480019E+02
  0.23327984E+02  0.23159820E+02  0.22976513E+02  0.22779053E+02  0.22568375E+02
  0.22345397E+02  0.22111064E+02  0.21866323E+02  0.21611997E+02  0.21348939E+02
  0.21077951E+02  0.20799859E+02  0.20515407E+02  0.20225388E+02  0.19930582E+02
  0.19631725E+02  0.19329566E+02  0.19024815E+02  0.18718163E+02  0.18410289E+02
  0.18101835E+02  0.17793388E+02  0.17485494E+02  0.17178661E+02  0.16873319E+02
  0.16569826E+02  0.16268495E+02  0.15969608E+02  0.15673444E+02  0.15380285E+02
  0.15090385E+02  0.14803996E+02  0.14521333E+02  0.14242516E+02  0.13967608E+02
  0.13696654E+02  0.13429712E+02  0.13166820E+02  0.12908031E+02  0.12653387E+02
  0.12402964E+02  0.12156828E+02  0.11914972E+02  0.11677323E+02  0.11443719E+02
  0.11213982E+02  0.10988060E+02  0.10766023E+02  0.10547973E+02  0.10334011E+02
  0.10124158E+02  0.99183689E+01  0.97165533E+01  0.95185875E+01  0.93243426E+01
  0.91337126E+01  0.89466373E+01  0.87631136E+01  0.85831384E+01  0.84066273E+01
  0.82334876E+01  0.80635954E+01  0.78968556E+01  0.77331942E+01  0.75725235E+01
  0.74148170E+01  0.72600674E+01  0.71082701E+01  0.69594376E+01  0.68135336E+01
  0.66704994E+01  0.65302715E+01  0.63927966E+01  0.62579850E+01  0.61257518E+01
  0.59960048E+01  0.58686686E+01  0.57437468E+01  0.56212663E+01  0.55012533E+01
  0.53836843E+01  0.52684887E+01  0.51555865E+01  0.50448969E+01  0.49363569E+01
  0.48299191E+01  0.47255559E+01  0.46232596E+01  0.45230318E+01
  0.10000000E+01  0.28542231E+01  0.45573098E+01  0.61288042E+01  0.76031525E+01
  0.90012424E+01  0.10340839E+02  0.11630385E+02  0.12872821E+02  0.14066036E+02
  0.15209237E+02  0.16300601E+02  0.17340530E+02  0.18329004E+02  0.19266855E+02
  0.20154412E+02  0.20992476E+02  0.21781693E+02  0.22523101E+02  0.23217574E+02
  0.23866384E+02  0.24470462E+02  0.25031105E+02  0.25549303E+02  0.26026416E+02
  0.26463579E+02  0.26862176E+02  0.27223390E+02  0.27548571E+02  0.27838862E+02
  0.28095592E+02  0.28319913E+02  0.28513073E+02  0.28676265E+02  0.28810696E+02
  0.28917502E+02  0.28997828E+02  0.29052747E+02  0.29083281E+02  0.29090394E+02
  0.29075043E+02  0.29038118E+02  0.28980517E+02  0.28903160E+02  0.28806933E+02
  0.28692696E+02  0.28561353E+02  0.28413800E+02  0.28250875E+02  0.28073438E+02
  0.27882332E+02  0.27678417E+02  0.27462490E+02  0.27235381E+02  0.26997913E+02
  0.26750918E+02  0.26495206E+02  0.26231597E+02  0.25960875E+02  0.25683813E+02
  0.25401151E+02  0.25113598E+02  0.24821852E+02  0.24526583E+02  0.24228378E+02
  0.23927764E+02  0.23625254E+02  0.23321302E+02  0.23016365E+02  0.22710902E+02
  0.22405324E+02  0.22100035E+02  0.21795381E+02  0.21491670E+02  0.21189142E+02
  0.20888009E+02  0.20588492E+02  0.20290783E+02  0.19995071E+02  0.19701537E+02
  0.19410376E+02  0.19121771E+02  0.18835830E+02  0.18552590E+02  0.18272033E+02
  0.17994151E+02  0.17718991E+02  0.17446693E+02  0.17177431E+02  0.16911339E+02
  0.16648499E+02  0.16388924E+02  0.16132585E+02  0.15879436E+02  0.15629401E+02
  0.15382435E+02  0.15138571E+02  0.14897859E+02  0.14660322E+02  0.14425937E+02
  0.14194621E+02  0.13966285E+02  0.13740881E+02  0.13518390E+02  0.13298798E+02
  0.13082090E+02  0.12868260E+02  0.12657311E+02  0.12449258E+02  0.12244087E+02
  0.12041795E+02  0.11842372E+02  0.11645779E+02  0.11451947E+02  0.11260783E+02
  0.11072215E+02  0.10886199E+02  0.10702750E+02  0.10521924E+02  0.10343757E+02
  0.10168232E+02  0.99953000E+01  0.98249009E+01  0.96569838E+01  0.94914830E+01
  0.93283660E+01  0.91676120E+01  0.90092152E+01  0.88531936E+01
  0.10000000E+01  0.28697286E+01  0.46080149E+01  0.62302494E+01  0.77674343E+01
  0.92375591E+01  0.10656899E+02  0.12033005E+02  0.13369293E+02  0.14663370E+02
  0.15914678E+02  0.17120850E+02  0.18282148E+02  0.19397955E+02  0.20468934E+02
  0.21494963E+02  0.22476641E+02  0.23414169E+02  0.24308257E+02  0.25159316E+02
  0.25968185E+02  0.26735345E+02  0.27461651E+02  0.28147642E+02  0.28794229E+02
  0.29402069E+02  0.29972125E+02  0.30505112E+02  0.31002002E+02  0.31463510E+02
  0.31890592E+02  0.32284004E+02  0.32644664E+02  0.32973396E+02  0.33271124E+02
  0.33538651E+02  0.33776866E+02  0.33986564E+02  0.34168548E+02  0.34323551E+02
  0.34452363E+02  0.34555735E+02  0.34634419E+02  0.34689191E+02  0.34720822E+02
  0.34730069E+02  0.34717723E+02  0.34684597E+02  0.34631463E+02  0.34559112E+02
  0.34468339E+02  0.34359942E+02  0.34234694E+02  0.34093407E+02  0.33936898E+02
  0.33765970E+02  0.33581448E+02  0.33384170E+02  0.33174931E+02  0.32954528E+02
  0.32723748E+02  0.32483342E+02  0.32234081E+02  0.31976706E+02  0.31711897E+02
  0.31440304E+02  0.31162536E+02  0.30879180E+02  0.30590833E+02  0.30298062E+02
  0.30001404E+02  0.29701392E+02  0.29398526E+02  0.29093241E+02  0.28785936E+02
  0.28476978E+02  0.28166711E+02  0.27855473E+02  0.27543562E+02  0.27231295E+02
  0.26918976E+02  0.26606900E+02  0.26295303E+02  0.25984356E+02  0.25674189E+02
  0.25364928E+02  0.25056740E+02  0.24749835E+02  0.24444474E+02  0.24140866E+02
  0.23839163E+02  0.23539461E+02  0.23241808E+02  0.22946215E+02  0.22652703E+02
  0.22361313E+02  0.22072131E+02  0.21785282E+02  0.21500829E+02  0.21218788E+02
  0.20939147E+02  0.20661892E+02  0.20387033E+02  0.20114579E+02  0.19844563E+02
  0.19577001E+02  0.19311910E+02  0.19049305E+02  0.18789229E+02  0.18531693E+02
  0.18276714E+02  0.18024303E+02  0.17774439E+02  0.17527093E+02  0.17282210E+02
  0.17039745E+02  0.16799670E+02  0.16562004E+02  0.16326811E+02  0.16094143E+02
  0.15864014E+02  0.15636441E+02  0.15411363E+02  0.15188736E+02  0.14968516E+02
  0.14750657E+02  0.14535177E+02  0.14322078E+02  0.14111402E+02
  0.10000000E+01  0.28770762E+01  0.46326874E+01  0.62800808E+01  0.78491075E+01
  0.93561531E+01  0.10816635E+02  0.12237102E+02  0.13621377E+02  0.14966928E+02
  0.16273678E+02  0.17539088E+02  0.18763712E+02  0.19946681E+02  0.21088839E+02
  0.22189848E+02  0.23250416E+02  0.24270542E+02  0.25250961E+02  0.26191896E+02
  0.27094145E+02  0.27958009E+02  0.28784269E+02  0.29573278E+02  0.30325817E+02
  0.31042340E+02  0.31723675E+02  0.32370320E+02  0.32983091E+02  0.33562507E+02
  0.34109370E+02  0.34624225E+02  0.35107836E+02  0.35560809E+02  0.35983896E+02
  0.36377711E+02  0.36742958E+02  0.37080246E+02  0.37390215E+02  0.37673442E+02
  0.37930563E+02  0.38162149E+02  0.38368805E+02  0.38551140E+02  0.38709764E+02
  0.38845284E+02  0.38958339E+02  0.39049589E+02  0.39119662E+02  0.39169199E+02
  0.39198853E+02  0.39209277E+02  0.39201115E+02  0.39175041E+02  0.39131738E+02
  0.39071874E+02  0.38996149E+02  0.38905268E+02  0.38799916E+02  0.38680783E+02
  0.38548551E+02  0.38403887E+02  0.38247474E+02  0.38079968E+02  0.37902000E+02
  0.37714171E+02  0.37517072E+02  0.37311262E+02  0.37097308E+02  0.36875770E+02
  0.36647171E+02  0.36412014E+02  0.36170815E+02  0.35924031E+02  0.35672099E+02
  0.35415432E+02  0.35154422E+02  0.34889447E+02  0.34620859E+02  0.34349012E+02
  0.34074266E+02  0.33796970E+02  0.33517438E+02  0.33235914E+02  0.32952612E+02
  0.32667757E+02  0.32381584E+02  0.32094392E+02  0.31806452E+02  0.31518043E+02
  0.31229382E+02  0.30940623E+02  0.30651904E+02  0.30363323E+02  0.30074983E+02
  0.29787014E+02  0.29499570E+02  0.29212807E+02  0.28926870E+02  0.28641834E+02
  0.28357725E+02  0.28074607E+02  0.27792536E+02  0.27511581E+02  0.27231836E+02
  0.26953367E+02  0.26676223E+02  0.26400471E+02  0.26126171E+02  0.25853379E+02
  0.25582157E+02  0.25312564E+02  0.25044624E+02  0.24778337E+02  0.24513666E+02
  0.24250580E+02  0.23989086E+02  0.23729228E+02  0.23471083E+02  0.23214739E+02
  0.22960236E+02  0.22707556E+02  0.22456688E+02  0.22207599E+02  0.21960271E+02
  0.21714712E+02  0.21470948E+02  0.21229007E+02  0.20988937E+02
  0.10000000E+01  0.28851736E+01  0.46598396E+01  0.63350181E+01  0.79389887E+01
  0.94864746E+01  0.10991903E+02  0.12460886E+02  0.13897494E+02  0.15299010E+02
  0.16665709E+02  0.17994849E+02  0.19287157E+02  0.20541484E+02  0.21758743E+02
  0.22938364E+02  0.24081057E+02  0.25186616E+02  0.26255716E+02  0.27288359E+02
  0.28285234E+02  0.29246444E+02  0.30172640E+02  0.31063997E+02  0.31921169E+02
  0.32744427E+02  0.33534452E+02  0.34291555E+02  0.35016395E+02  0.35709305E+02
  0.36370930E+02  0.37001648E+02  0.37602087E+02  0.38172681E+02  0.38714049E+02
  0.39226641E+02  0.39711045E+02  0.40167719E+02  0.40597188E+02  0.40999893E+02
  0.41376367E+02  0.41727053E+02  0.42052447E+02  0.42353044E+02  0.42629359E+02
  0.42881872E+02  0.43111110E+02  0.43317610E+02  0.43501898E+02  0.43664508E+02
  0.43805981E+02  0.43926854E+02  0.44027676E+02  0.44109008E+02  0.44171429E+02
  0.44215516E+02  0.44241888E+02  0.44251146E+02  0.44243881E+02  0.44220700E+02
  0.44182196E+02  0.44128948E+02  0.44061571E+02  0.43980657E+02  0.43886774E+02
  0.43780492E+02  0.43662348E+02  0.43532882E+02  0.43392620E+02  0.43242095E+02
  0.43081810E+02  0.42912255E+02  0.42733920E+02  0.42547278E+02  0.42352779E+02
  0.42150862E+02  0.41941956E+02  0.41726459E+02  0.41504743E+02  0.41277185E+02
  0.41044164E+02  0.40806065E+02  0.40563236E+02  0.40315989E+02  0.40064612E+02
  0.39809387E+02  0.39550632E+02  0.39288647E+02  0.39023761E+02  0.38756285E+02
  0.38486476E+02  0.38214563E+02  0.37940735E+02  0.37665173E+02  0.37388053E+02
  0.37109564E+02  0.36829927E+02  0.36549355E+02  0.36268014E+02  0.35986047E+02
  0.35703563E+02  0.35420664E+02  0.35137489E+02  0.34854146E+02  0.34570756E+02
  0.34287437E+02  0.34004306E+02  0.33721477E+02  0.33439053E+02  0.33157124E+02
  0.32875766E+02  0.32595063E+02  0.32315075E+02  0.32035840E+02  0.31757381E+02
  0.31479720E+02  0.31202883E+02  0.30926933E+02  0.30651967E+02  0.30378075E+02
  0.30105313E+02  0.29833700E+02  0.29563252E+02  0.29293957E+02  0.29025820E+02
  0.28758837E+02  0.28493051E+02  0.28228534E+02  0.27965314E+02
  0.10000000E+01  0.28882613E+01  0.46707514E+01  0.63577087E+01  0.79769740E+01
  0.95426622E+01  0.11068558E+02  0.12559707E+02  0.14020143E+02  0.15447211E+02
  0.16841388E+02  0.18200045E+02  0.19524087E+02  0.20812406E+02  0.22066021E+02
  0.23284361E+02  0.24468208E+02  0.25617328E+02  0.26732443E+02  0.27813535E+02
  0.28861298E+02  0.29875819E+02  0.30857754E+02  0.31807249E+02  0.32724934E+02
  0.33611042E+02  0.34466202E+02  0.35290687E+02  0.36085111E+02  0.36849763E+02
  0.37585254E+02  0.38291898E+02  0.38970270E+02  0.39620745E+02  0.40243868E+02
  0.40840024E+02  0.41409739E+02  0.41953391E+02  0.42471446E+02  0.42964272E+02
  0.43432323E+02  0.43875973E+02  0.44295642E+02  0.44691739E+02  0.45064718E+02
  0.45414973E+02  0.45742956E+02  0.46049101E+02  0.46333861E+02  0.46597674E+02
  0.46841009E+02  0.47064318E+02  0.47268052E+02  0.47452687E+02  0.47618696E+02
  0.47766564E+02  0.47896793E+02  0.48009895E+02  0.48106367E+02  0.48186708E+02
  0.48251397E+02  0.48300936E+02  0.48335834E+02  0.48356585E+02  0.48363685E+02
  0.48357616E+02  0.48338837E+02  0.48307785E+02  0.48264918E+02  0.48210688E+02
  0.48145534E+02  0.48069893E+02  0.47984195E+02  0.47888836E+02  0.47784193E+02
  0.47670656E+02  0.47548609E+02  0.47418405E+02  0.47280402E+02  0.47134944E+02
  0.46982371E+02  0.46823024E+02  0.46657225E+02  0.46485281E+02  0.46307466E+02
  0.46124063E+02  0.45935368E+02  0.45741681E+02  0.45543323E+02  0.45340588E+02
  0.45133751E+02  0.44923046E+02  0.44708677E+02  0.44490830E+02  0.44269706E+02
  0.44045506E+02  0.43818453E+02  0.43588775E+02  0.43356684E+02  0.43122349E+02
  0.42885902E+02  0.42647499E+02  0.42407276E+02  0.42165394E+02  0.41921998E+02
  0.41677221E+02  0.41431199E+02  0.41184079E+02  0.40935999E+02  0.40687073E+02
  0.40437425E+02  0.40187148E+02  0.39936311E+02  0.39684985E+02  0.39433217E+02
  0.39181058E+02  0.38928594E+02  0.38675914E+02  0.38423117E+02  0.38170319E+02
  0.37917577E+02  0.37664943E+02  0.37412464E+02  0.37160166E+02  0.36908095E+02
  0.36656270E+02  0.36404724E+02  0.36153500E+02  0.35902642E+02
  0.10000000E+01  0.28931969E+01  0.46876218E+01  0.63923243E+01  0.80340988E+01
  0.96261101E+01  0.11181305E+02  0.12704130E+02  0.14198550E+02  0.15661893E+02
  0.17094769E+02  0.18494558E+02  0.19862256E+02  0.21196690E+02  0.22498919E+02
  0.23768295E+02  0.25005589E+02  0.26210493E+02  0.27383688E+02  0.28525081E+02
  0.29635312E+02  0.30714408E+02  0.31762965E+02  0.32781070E+02  0.33769280E+02
  0.34727763E+02  0.35657089E+02  0.36557447E+02  0.37429388E+02  0.38273133E+02
  0.39089205E+02  0.39877844E+02  0.40639554E+02  0.41374627E+02  0.42083539E+02
  0.42766598E+02  0.43424266E+02  0.44056840E+02  0.44664731E+02  0.45248231E+02
  0.45807746E+02  0.46343567E+02  0.46856069E+02  0.47345572E+02  0.47812463E+02
  0.48257077E+02  0.48679787E+02  0.49080960E+02  0.49460983E+02  0.49820230E+02
  0.50159093E+02  0.50477950E+02  0.50777170E+02  0.51057156E+02  0.51318320E+02
  0.51561070E+02  0.51785838E+02  0.51993058E+02  0.52183152E+02  0.52356535E+02
  0.52513645E+02  0.52654905E+02  0.52780738E+02  0.52891593E+02  0.52987893E+02
  0.53070056E+02  0.53138498E+02  0.53193590E+02  0.53235745E+02  0.53265364E+02
  0.53282821E+02  0.53288513E+02  0.53282827E+02  0.53266117E+02  0.53238744E+02
  0.53201078E+02  0.53153468E+02  0.53096256E+02  0.53029770E+02  0.52954325E+02
  0.52870261E+02  0.52777894E+02  0.52677531E+02  0.52569482E+02  0.52454018E+02
  0.52331426E+02  0.52201995E+02  0.52066030E+02  0.51923854E+02  0.51775753E+02
  0.51621995E+02  0.51462826E+02  0.51298471E+02  0.51129140E+02  0.50955055E+02
  0.50776447E+02  0.50593568E+02  0.50406660E+02  0.50215938E+02  0.50021576E+02
  0.49823738E+02  0.49622590E+02  0.49418304E+02  0.49211050E+02  0.49001007E+02
  0.48788343E+02  0.48573224E+02  0.48355809E+02  0.48136253E+02  0.47914704E+02
  0.47691306E+02  0.47466178E+02  0.47239436E+02  0.47011167E+02  0.46781457E+02
  0.46550388E+02  0.46318027E+02  0.46084504E+02  0.45849919E+02  0.45614397E+02
  0.45378026E+02  0.45140874E+02  0.44903001E+02  0.44664453E+02  0.44425289E+02
  0.44185535E+02  0.43945262E+02  0.43704532E+02  0.43463424E+02
  0.10000000E+01  0.28954532E+01  0.46957843E+01  0.64095947E+01  0.80633124E+01
  0.96697338E+01  0.11241243E+02  0.12781900E+02  0.14295514E+02  0.15779494E+02
  0.17234537E+02  0.18658170E+02  0.20051496E+02  0.21413418E+02  0.22745045E+02
  0.24045764E+02  0.25316383E+02  0.26556601E+02  0.27767129E+02  0.28947875E+02
  0.30099496E+02  0.31222002E+02  0.32315987E+02  0.33381532E+02  0.34419181E+02
  0.35429091E+02  0.36411796E+02  0.37367478E+02  0.38296652E+02  0.39199520E+02
  0.40076578E+02  0.40928042E+02  0.41754386E+02  0.42555869E+02  0.43332933E+02
  0.44085843E+02  0.44815025E+02  0.45520751E+02  0.46203395E+02  0.46863201E+02
  0.47500537E+02  0.48115642E+02  0.48708853E+02  0.49280435E+02  0.49830735E+02
  0.50360041E+02  0.50868683E+02  0.51356959E+02  0.51825210E+02  0.52273746E+02
  0.52702918E+02  0.53113037E+02  0.53504439E+02  0.53877455E+02  0.54232431E+02
  0.54569715E+02  0.54889672E+02  0.55192668E+02  0.55479069E+02  0.55749235E+02
  0.56003517E+02  0.56242277E+02  0.56465876E+02  0.56674677E+02  0.56869043E+02
  0.57049329E+02  0.57215883E+02  0.57369027E+02  0.57509083E+02  0.57636398E+02
  0.57751319E+02  0.57854159E+02  0.57945243E+02  0.58024884E+02  0.58093369E+02
  0.58150987E+02  0.58198057E+02  0.58234865E+02  0.58261707E+02  0.58278865E+02
  0.58286611E+02  0.58285229E+02  0.58274971E+02  0.58256086E+02  0.58228831E+02
  0.58193470E+02  0.58150275E+02  0.58099509E+02  0.58041449E+02  0.57976369E+02
  0.57904514E+02  0.57826099E+02  0.57741340E+02  0.57650432E+02  0.57553587E+02
  0.57451000E+02  0.57342908E+02  0.57229543E+02  0.57111111E+02  0.56987797E+02
  0.56859776E+02  0.56727203E+02  0.56590246E+02  0.56449083E+02  0.56303882E+02
  0.56154832E+02  0.56002105E+02  0.55845880E+02  0.55686324E+02  0.55523578E+02
  0.55357785E+02  0.55189086E+02  0.55017590E+02  0.54843414E+02  0.54666663E+02
  0.54487424E+02  0.54305787E+02  0.54121865E+02  0.53935809E+02  0.53747747E+02
  0.53557787E+02  0.53366026E+02  0.53172517E+02  0.52977342E+02  0.52780547E+02
  0.52582182E+02  0.52382338E+02  0.52181098E+02  0.51978550E+02
  0.10000000E+01  0.28980990E+01  0.47049779E+01  0.64286924E+01  0.80950897E+01
  0.97165104E+01  0.11304848E+02  0.12863852E+02  0.14397209E+02  0.15902340E+02
  0.17379965E+02  0.18827658E+02  0.20246557E+02  0.21635570E+02  0.22995811E+02
  0.24326654E+02  0.25628882E+02  0.26902173E+02  0.28147199E+02  0.29363851E+02
  0.30552732E+02  0.31713840E+02  0.32847729E+02  0.33954455E+02  0.35034537E+02
  0.36088088E+02  0.37115617E+02  0.38117264E+02  0.39093516E+02  0.40044551E+02
  0.40970824E+02  0.41872523E+02  0.42750097E+02  0.43603758E+02  0.44433919E+02
  0.45240824E+02  0.46024863E+02  0.46786277E+02  0.47525421E+02  0.48242514E+02
  0.48937892E+02  0.49611766E+02  0.50264441E+02  0.50896161E+02  0.51507251E+02
  0.52097965E+02  0.52668601E+02  0.53219432E+02  0.53750776E+02  0.54262902E+02
  0.54756138E+02  0.55230757E+02  0.55687080E+02  0.56125394E+02  0.56546021E+02
  0.56949263E+02  0.57335478E+02  0.57704986E+02  0.58058114E+02  0.58395196E+02
  0.58716566E+02  0.59022548E+02  0.59313466E+02  0.59589648E+02  0.59851418E+02
  0.60099106E+02  0.60333022E+02  0.60553462E+02  0.60760732E+02  0.60955129E+02
  0.61136962E+02  0.61306519E+02  0.61464097E+02  0.61609984E+02  0.61744445E+02
  0.61867759E+02  0.61980207E+02  0.62082051E+02  0.62173552E+02  0.62254974E+02
  0.62326573E+02  0.62388602E+02  0.62441319E+02  0.62484952E+02  0.62519730E+02
  0.62545891E+02  0.62563676E+02  0.62573327E+02  0.62575111E+02  0.62569279E+02
  0.62556054E+02  0.62535647E+02  0.62508268E+02  0.62474077E+02  0.62433278E+02
  0.62386069E+02  0.62332655E+02  0.62273263E+02  0.62208096E+02  0.62137330E+02
  0.62061118E+02  0.61979642E+02  0.61893068E+02  0.61801562E+02  0.61705311E+02
  0.61604466E+02  0.61499207E+02  0.61389708E+02  0.61276123E+02  0.61158601E+02
  0.61037300E+02  0.60912346E+02  0.60783877E+02  0.60651986E+02  0.60516783E+02
  0.60378365E+02  0.60236828E+02  0.60092290E+02  0.59944879E+02  0.59794743E+02
  0.59641978E+02  0.59486692E+02  0.59328968E+02  0.59168878E+02  0.59006501E+02
  0.58841895E+02  0.58675145E+02  0.58506337E+02  0.58335560E+02
  0.10000000E+01  0.28992635E+01  0.47093709E+01  0.64381963E+01  0.81114459E+01
  0.97412335E+01  0.11339193E+02  0.12908796E+02  0.14453652E+02  0.15971166E+02
  0.17462149E+02  0.18924226E+02  0.20358634E+02  0.21764300E+02  0.23142405E+02
  0.24492319E+02  0.25814871E+02  0.27109733E+02  0.28377611E+02  0.29618391E+02
  0.30832697E+02  0.32020519E+02  0.33182430E+02  0.34318474E+02  0.35429175E+02
  0.36514649E+02  0.37575404E+02  0.38611566E+02  0.39623619E+02  0.40611724E+02
  0.41576350E+02  0.42517656E+02  0.43436091E+02  0.44331851E+02  0.45205338E+02
  0.46056766E+02  0.46886511E+02  0.47694798E+02  0.48481959E+02  0.49248206E+02
  0.49993854E+02  0.50719106E+02  0.51424249E+02  0.52109502E+02  0.52775180E+02
  0.53421491E+02  0.54048745E+02  0.54657166E+02  0.55247063E+02  0.55818665E+02
  0.56372295E+02  0.56908197E+02  0.57426670E+02  0.57927946E+02  0.58412340E+02
  0.58880116E+02  0.59331590E+02  0.59767052E+02  0.60186826E+02  0.60591204E+02
  0.60980505E+02  0.61355016E+02  0.61715027E+02  0.62060830E+02  0.62392700E+02
  0.62710941E+02  0.63015829E+02  0.63307627E+02  0.63586607E+02  0.63853045E+02
  0.64107210E+02  0.64349355E+02  0.64579740E+02  0.64798613E+02  0.65006215E+02
  0.65202785E+02  0.65388566E+02  0.65563797E+02  0.65728721E+02  0.65883557E+02
  0.66028559E+02  0.66163941E+02  0.66289922E+02  0.66406704E+02  0.66514479E+02
  0.66613451E+02  0.66703852E+02  0.66785892E+02  0.66859803E+02  0.66925823E+02
  0.66984146E+02  0.67034940E+02  0.67078386E+02  0.67114644E+02  0.67143898E+02
  0.67166319E+02  0.67182123E+02  0.67191504E+02  0.67194645E+02  0.67191695E+02
  0.67182809E+02  0.67168135E+02  0.67147840E+02  0.67122072E+02  0.67090985E+02
  0.67054742E+02  0.67013492E+02  0.66967389E+02  0.66916586E+02  0.66861224E+02
  0.66801449E+02  0.66737393E+02  0.66669183E+02  0.66596903E+02  0.66520676E+02
  0.66440570E+02  0.66356710E+02  0.66269195E+02  0.66178174E+02  0.66083795E+02
  0.65986139E+02  0.65885304E+02  0.65781379E+02  0.65674414E+02  0.65564488E+02
  0.65451676E+02  0.65336056E+02  0.65217729E+02  0.65096775E+02
  0.10000000E+01  0.29033166E+01  0.47232068E+01  0.64666576E+01  0.81584060E+01
  0.98098150E+01  0.11431868E+02  0.13027623E+02  0.14600577E+02  0.16148074E+02
  0.17670965E+02  0.19166843E+02  0.20636962E+02  0.22080172E+02  0.23497639E+02
  0.24888657E+02  0.26254022E+02  0.27593330E+02  0.28907229E+02  0.30195529E+02
  0.31458788E+02  0.32696925E+02  0.33910446E+02  0.35099350E+02  0.36264110E+02
  0.37404786E+02  0.38521839E+02  0.39615328E+02  0.40685706E+02  0.41733059E+02
  0.42757821E+02  0.43760107E+02  0.44740320E+02  0.45698609E+02  0.46635330E+02
  0.47550647E+02  0.48444905E+02  0.49318277E+02  0.50171076E+02  0.51003466E+02
  0.51815752E+02  0.52608089E+02  0.53380744E+02  0.54133894E+02  0.54867823E+02
  0.55582720E+02  0.56278868E+02  0.56956464E+02  0.57615803E+02  0.58257086E+02
  0.58880604E+02  0.59486540E+02  0.60075187E+02  0.60646743E+02  0.61201497E+02
  0.61739682E+02  0.62261591E+02  0.62767483E+02  0.63257638E+02  0.63732311E+02
  0.64191793E+02  0.64636339E+02  0.65066218E+02  0.65481697E+02  0.65883033E+02
  0.66270500E+02  0.66644359E+02  0.67004840E+02  0.67352189E+02  0.67686674E+02
  0.68008534E+02  0.68318013E+02  0.68615354E+02  0.68900777E+02  0.69174514E+02
  0.69436778E+02  0.69687807E+02  0.69927811E+02  0.70157023E+02  0.70375645E+02
  0.70583888E+02  0.70781975E+02  0.70970104E+02  0.71148470E+02  0.71317271E+02
  0.71476698E+02  0.71626964E+02  0.71768273E+02  0.71900849E+02  0.72024888E+02
  0.72140596E+02  0.72248144E+02  0.72347695E+02  0.72439403E+02  0.72523458E+02
  0.72600022E+02  0.72669282E+02  0.72731439E+02  0.72786673E+02  0.72835129E+02
  0.72876972E+02  0.72912339E+02  0.72941396E+02  0.72964292E+02  0.72981193E+02
  0.72992241E+02  0.72997603E+02  0.72997419E+02  0.72991842E+02  0.72981017E+02
  0.72965078E+02  0.72944160E+02  0.72918382E+02  0.72887861E+02  0.72852700E+02
  0.72812996E+02  0.72768868E+02  0.72720421E+02  0.72667803E+02  0.72611131E+02
  0.72550516E+02  0.72486060E+02  0.72417845E+02  0.72345953E+02  0.72270463E+02
  0.72191453E+02  0.72109016E+02  0.72023243E+02  0.71934225E+02
  0.10000000E+01  0.29027446E+01  0.47218904E+01  0.64645077E+01  0.81559120E+01
  0.98074879E+01  0.11430356E+02  0.13027295E+02  0.14601937E+02  0.16151597E+02
  0.17677342E+02  0.19176802E+02  0.20651439E+02  0.22100146E+02  0.23524231E+02
  0.24923018E+02  0.26297405E+02  0.27647027E+02  0.28972613E+02  0.30274001E+02
  0.31551809E+02  0.32805976E+02  0.34037043E+02  0.35245006E+02  0.36430355E+02
  0.37593131E+02  0.38733813E+02  0.39852434E+02  0.40949477E+02  0.42025001E+02
  0.43079462E+02  0.44112939E+02  0.45125847E+02  0.46118292E+02  0.47090637E+02
  0.48043013E+02  0.48975739E+02  0.49888991E+02  0.50783035E+02  0.51658042E+02
  0.52514256E+02  0.53351834E+02  0.54170996E+02  0.54971902E+02  0.55754809E+02
  0.56519870E+02  0.57267355E+02  0.57997415E+02  0.58710324E+02  0.59406235E+02
  0.60085426E+02  0.60748034E+02  0.61394340E+02  0.62024468E+02  0.62638718E+02
  0.63237249E+02  0.63820354E+02  0.64388223E+02  0.64941124E+02  0.65479260E+02
  0.66002881E+02  0.66512212E+02  0.67007479E+02  0.67488906E+02  0.67956713E+02
  0.68411141E+02  0.68852400E+02  0.69280697E+02  0.69696233E+02  0.70099235E+02
  0.70489927E+02  0.70868512E+02  0.71235203E+02  0.71590174E+02  0.71933634E+02
  0.72265751E+02  0.72586733E+02  0.72896763E+02  0.73196043E+02  0.73484755E+02
  0.73763082E+02  0.74031200E+02  0.74289288E+02  0.74537505E+02  0.74776026E+02
  0.75005022E+02  0.75224702E+02  0.75435240E+02  0.75636832E+02  0.75829665E+02
  0.76013923E+02  0.76189726E+02  0.76357261E+02  0.76516641E+02  0.76668052E+02
  0.76811637E+02  0.76947587E+02  0.77076060E+02  0.77197220E+02  0.77311203E+02
  0.77418152E+02  0.77518197E+02  0.77611485E+02  0.77698179E+02  0.77778412E+02
  0.77852326E+02  0.77920084E+02  0.77981825E+02  0.78037684E+02  0.78087814E+02
  0.78132347E+02  0.78171407E+02  0.78205133E+02  0.78233615E+02  0.78256970E+02
  0.78275277E+02  0.78288660E+02  0.78297217E+02  0.78301080E+02  0.78300381E+02
  0.78295227E+02  0.78285721E+02  0.78271931E+02  0.78253936E+02  0.78231827E+02
  0.78205677E+02  0.78175584E+02  0.78141647E+02  0.78103966E+02
  0.10000000E+01  0.29014206E+01  0.47178385E+01  0.64566187E+01  0.81436611E+01
  0.97905073E+01  0.11408536E+02  0.13000409E+02  0.14569877E+02  0.16114193E+02
  0.17634572E+02  0.19128638E+02  0.20598008E+02  0.22041578E+02  0.23460774E+02
  0.24854935E+02  0.26225058E+02  0.27570794E+02  0.28892960E+02  0.30191422E+02
  0.31466853E+02  0.32719214E+02  0.33949099E+02  0.35156501E+02  0.36341959E+02
  0.37505511E+02  0.38647686E+02  0.39768523E+02  0.40868540E+02  0.41947784E+02
  0.43006757E+02  0.44045510E+02  0.45064500E+02  0.46063828E+02  0.47043859E+02
  0.48004747E+02  0.48946804E+02  0.49870214E+02  0.50775240E+02  0.51662056E+02
  0.52530906E+02  0.53381953E+02  0.54215413E+02  0.55031436E+02  0.55830278E+02
  0.56612075E+02  0.57377089E+02  0.58125459E+02  0.58857471E+02  0.59573265E+02
  0.60273114E+02  0.60957133E+02  0.61625603E+02  0.62278622E+02  0.62916514E+02
  0.63539397E+02  0.64147592E+02  0.64741257E+02  0.65320659E+02  0.65885982E+02
  0.66437461E+02  0.66975308E+02  0.67499743E+02  0.68010987E+02  0.68509248E+02
  0.68994738E+02  0.69467642E+02  0.69928148E+02  0.70376449E+02  0.70812758E+02
  0.71237281E+02  0.71650202E+02  0.72051729E+02  0.72442021E+02  0.72821256E+02
  0.73189574E+02  0.73547180E+02  0.73894262E+02  0.74230995E+02  0.74557543E+02
  0.74874072E+02  0.75180731E+02  0.75477689E+02  0.75765083E+02  0.76043072E+02
  0.76311825E+02  0.76571524E+02  0.76822324E+02  0.77064412E+02  0.77297937E+02
  0.77523075E+02  0.77739940E+02  0.77948694E+02  0.78149457E+02  0.78342387E+02
  0.78527605E+02  0.78705294E+02  0.78875591E+02  0.79038658E+02  0.79194611E+02
  0.79343590E+02  0.79485702E+02  0.79621080E+02  0.79749863E+02  0.79872192E+02
  0.79988198E+02  0.80098027E+02  0.80201803E+02  0.80299650E+02  0.80391682E+02
  0.80478040E+02  0.80558831E+02  0.80634198E+02  0.80704243E+02  0.80769086E+02
  0.80828789E+02  0.80883453E+02  0.80933162E+02  0.80978047E+02  0.81018203E+02
  0.81053756E+02  0.81084811E+02  0.81111430E+02  0.81133688E+02  0.81151647E+02
  0.81165384E+02  0.81174996E+02  0.81180570E+02  0.81182213E+02
  0.10000000E+01  0.29047916E+01  0.47294472E+01  0.64805731E+01  0.81833308E+01
  0.98485425E+01  0.11487128E+02  0.13101290E+02  0.14694763E+02  0.16264644E+02
  0.17812278E+02  0.19335177E+02  0.20835054E+02  0.22310680E+02  0.23763533E+02
  0.25192835E+02  0.26599598E+02  0.27983382E+02  0.29344978E+02  0.30684178E+02
  0.32001620E+02  0.33297203E+02  0.34571480E+02  0.35824395E+02  0.37056458E+02
  0.38267646E+02  0.39458472E+02  0.40628896E+02  0.41779424E+02  0.42910048E+02
  0.44021252E+02  0.45113043E+02  0.46185852E+02  0.47239731E+02  0.48275030E+02
  0.49291841E+02  0.50290461E+02  0.51271034E+02  0.52233790E+02  0.53178889E+02
  0.54106537E+02  0.55016887E+02  0.55910120E+02  0.56786370E+02  0.57645867E+02
  0.58488729E+02  0.59315202E+02  0.60125392E+02  0.60919576E+02  0.61697836E+02
  0.62460471E+02  0.63207531E+02  0.63939309E+02  0.64655862E+02  0.65357496E+02
  0.66044289E+02  0.66716549E+02  0.67374403E+02  0.68018102E+02  0.68647807E+02
  0.69263739E+02  0.69866088E+02  0.70455041E+02  0.71030790E+02  0.71593517E+02
  0.72143426E+02  0.72680695E+02  0.73205494E+02  0.73718004E+02  0.74218413E+02
  0.74706903E+02  0.75183646E+02  0.75648830E+02  0.76102603E+02  0.76545145E+02
  0.76976578E+02  0.77397091E+02  0.77806838E+02  0.78205989E+02  0.78594706E+02
  0.78973138E+02  0.79341438E+02  0.79699759E+02  0.80048229E+02  0.80386986E+02
  0.80716188E+02  0.81036008E+02  0.81346584E+02  0.81648119E+02  0.81940746E+02
  0.82224628E+02  0.82499864E+02  0.82766614E+02  0.83024963E+02  0.83275089E+02
  0.83517103E+02  0.83751170E+02  0.83977439E+02  0.84196064E+02  0.84407131E+02
  0.84610798E+02  0.84807182E+02  0.84996412E+02  0.85178614E+02  0.85353923E+02
  0.85522460E+02  0.85684351E+02  0.85839717E+02  0.85988701E+02  0.86131411E+02
  0.86267977E+02  0.86398533E+02  0.86523194E+02  0.86642031E+02  0.86755161E+02
  0.86862662E+02  0.86964644E+02  0.87061177E+02  0.87152403E+02  0.87238420E+02
  0.87319353E+02  0.87395278E+02  0.87466268E+02  0.87532407E+02  0.87593760E+02
  0.87650411E+02  0.87702444E+02  0.87749965E+02  0.87793069E+02
  0.10000000E+01  0.29000425E+01  0.47140678E+01  0.64496796E+01  0.81336830E+01
  0.97775046E+01  0.11393029E+02  0.12982414E+02  0.14549777E+02  0.16092036E+02
  0.17610824E+02  0.19103568E+02  0.20572257E+02  0.22015672E+02  0.23435503E+02
  0.24831030E+02  0.26203437E+02  0.27552367E+02  0.28878769E+02  0.30182533E+02
  0.31464431E+02  0.32724437E+02  0.33963225E+02  0.35180793E+02  0.36377747E+02
  0.37554100E+02  0.38710478E+02  0.39846859E+02  0.40963887E+02  0.42061540E+02
  0.43140435E+02  0.44200565E+02  0.45242457E+02  0.46266178E+02  0.47272136E+02
  0.48260466E+02  0.49231492E+02  0.50185416E+02  0.51122475E+02  0.52042888E+02
  0.52946842E+02  0.53834548E+02  0.54706174E+02  0.55561890E+02  0.56401925E+02
  0.57226443E+02  0.58035675E+02  0.58829751E+02  0.59608979E+02  0.60373428E+02
  0.61123431E+02  0.61859024E+02  0.62580550E+02  0.63288006E+02  0.63981790E+02
  0.64661933E+02  0.65328807E+02  0.65982495E+02  0.66623305E+02  0.67251370E+02
  0.67866939E+02  0.68470176E+02  0.69061285E+02  0.69640472E+02  0.70207908E+02
  0.70763798E+02  0.71308301E+02  0.71841592E+02  0.72363830E+02  0.72875213E+02
  0.73375914E+02  0.73866089E+02  0.74345936E+02  0.74815588E+02  0.75275203E+02
  0.75724894E+02  0.76164851E+02  0.76595189E+02  0.77016076E+02  0.77427646E+02
  0.77830045E+02  0.78223409E+02  0.78607866E+02  0.78983547E+02  0.79350567E+02
  0.79709052E+02  0.80059160E+02  0.80401009E+02  0.80734785E+02  0.81060587E+02
  0.81378593E+02  0.81688875E+02  0.81991583E+02  0.82286767E+02  0.82574586E+02
  0.82855112E+02  0.83128516E+02  0.83394901E+02  0.83654432E+02  0.83907181E+02
  0.84153265E+02  0.84392765E+02  0.84625793E+02  0.84852449E+02  0.85072861E+02
  0.85287128E+02  0.85495354E+02  0.85697648E+02  0.85894115E+02  0.86084848E+02
  0.86269980E+02  0.86449602E+02  0.86623833E+02  0.86792724E+02  0.86956389E+02
  0.87114857E+02  0.87268231E+02  0.87416565E+02  0.87559995E+02  0.87698591E+02
  0.87832466E+02  0.87961669E+02  0.88086256E+02  0.88206280E+02  0.88321793E+02
  0.88432873E+02  0.88539601E+02  0.88642071E+02  0.88740373E+02
   128
  0.10000000E+01  0.25871017E+01  0.36021869E+01  0.40709322E+01  0.41644317E+01
  0.40004644E+01  0.36873051E+01  0.32885320E+01  0.28589773E+01  0.24267548E+01
  0.20130448E+01  0.16304731E+01  0.12909425E+01  0.99726103E+00  0.75093457E+00
  0.54953693E+00  0.39282225E+00  0.27365730E+00  0.18790507E+00  0.12701830E+00
  0.86360220E-01  0.59202418E-01  0.41989332E-01  0.30989951E-01  0.23822594E-01
  0.18533241E-01  0.14413006E-01  0.11170610E-01  0.82461673E-02  0.54911949E-02
  0.32813729E-02  0.16731674E-02  0.42489497E-03 -0.41615403E-03  0.00000000E+00
  0.00000000E+00  0.00000000E+00  0.00000000E+00  0.00000000E+00  0.00000000E+00
  0.00000000E+00  0.00000000E+00  0.00000000E+00  0.00000000E+00  0.00000000E+00
  0.00000000E+00  0.00000000E+00  0.00000000E+00  0.00000000E+00  0.00000000E+00
  0.00000000E+00  0.00000000E+00  0.00000000E+00  0.00000000E+00  0.00000000E+00
  0.00000000E+00  0.00000000E+00  0.00000000E+00  0.00000000E+00  0.00000000E+00
  0.00000000E+00  0.00000000E+00  0.00000000E+00  0.00000000E+00  0.00000000E+00
  0.00000000E+00  0.00000000E+00  0.00000000E+00  0.00000000E+00  0.00000000E+00
  0.00000000E+00  0.00000000E+00  0.00000000E+00  0.00000000E+00  0.00000000E+00
  0.00000000E+00  0.00000000E+00  0.00000000E+00  0.00000000E+00  0.00000000E+00
  0.00000000E+00  0.00000000E+00  0.00000000E+00  0.00000000E+00  0.00000000E+00
  0.00000000E+00  0.00000000E+00  0.00000000E+00  0.00000000E+00  0.00000000E+00
  0.00000000E+00  0.00000000E+00  0.00000000E+00  0.00000000E+00  0.00000000E+00
  0.00000000E+00  0.00000000E+00  0.00000000E+00  0.00000000E+00  0.00000000E+00
  0.00000000E+00  0.00000000E+00  0.00000000E+00  0.00000000E+00  0.00000000E+00
  0.00000000E+00  0.00000000E+00  0.00000000E+00  0.00000000E+00  0.00000000E+00
  0.00000000E+00  0.00000000E+00  0.00000000E+00  0.00000000E+00  0.00000000E+00
  0.00000000E+00  0.00000000E+00  0.00000000E+00  0.00000000E+00  0.00000000E+00
  0.00000000E+00  0.00000000E+00  0.00000000E+00  0.00000000E+00  0.00000000E+00
  0.00000000E+00  0.00000000E+00  0.00000000E+00  0.00000000E+00
  0.10000000E+01  0.26165268E+01  0.37422830E+01  0.44372235E+01  0.48242214E+01
  0.49805303E+01  0.49721123E+01  0.48354728E+01  0.46052534E+01  0.43006700E+01
  0.39389328E+01  0.35406243E+01  0.31255641E+01  0.27120221E+01  0.23132117E+01
  0.19407287E+01  0.16054266E+01  0.13111044E+01  0.10619526E+01  0.85411956E+00
  0.68676727E+00  0.55129039E+00  0.44298116E+00  0.35552864E+00  0.28479818E+00
  0.22715527E+00  0.18031426E+00  0.14249258E+00  0.11171579E+00  0.86651467E-01
  0.66677366E-01  0.50965411E-01  0.38547353E-01  0.28929883E-01  0.21759632E-01
  0.16339951E-01  0.12106874E-01  0.87812742E-02  0.62107715E-02  0.42197670E-02
  0.27631091E-02  0.18099759E-02  0.12060063E-02  0.78762380E-03  0.46916904E-03
  0.29412319E-03  0.26119202E-03  0.24065244E-03  0.17717928E-03  0.11705514E-03
  0.17985390E-03  0.39181313E-03  0.59365025E-03  0.66379637E-03  0.61594086E-03
  0.49829993E-03  0.32891286E-03  0.11170464E-03 -0.99485115E-04  0.00000000E+00
  0.00000000E+00  0.00000000E+00  0.00000000E+00  0.00000000E+00  0.00000000E+00
  0.00000000E+00  0.00000000E+00  0.00000000E+00  0.00000000E+00  0.00000000E+00
  0.00000000E+00  0.00000000E+00  0.00000000E+00  0.00000000E+00  0.00000000E+00
  0.00000000E+00  0.00000000E+00  0.00000000E+00  0.00000000E+00  0.00000000E+00
  0.00000000E+00  0.00000000E+00  0.00000000E+00  0.00000000E+00  0.00000000E+00
  0.00000000E+00  0.00000000E+00  0.00000000E+00  0.00000000E+00  0.00000000E+00
  0.00000000E+00  0.00000000E+00  0.00000000E+00  0.00000000E+00  0.00000000E+00
  0.00000000E+00  0.00000000E+00  0.00000000E+00  0.00000000E+00  0.00000000E+00
  0.00000000E+00  0.00000000E+00  0.00000000E+00  0.00000000E+00  0.00000000E+00
  0.00000000E+00  0.00000000E+00  0.00000000E+00  0.00000000E+00  0.00000000E+00
  0.00000000E+00  0.00000000E+00  0.00000000E+00  0.00000000E+00  0.00000000E+00
  0.00000000E+00  0.00000000E+00  0.00000000E+00  0.00000000E+00  0.00000000E+00
  0.00000000E+00  0.00000000E+00  0.00000000E+00  0.00000000E+00  0.00000000E+00
  0.00000000E+00  0.00000000E+00  0.00000000E+00  0.00000000E+00
  0.10000000E+01  0.26376067E+01  0.38338790E+01  0.46658277E+01  0.52395849E+01
  0.56184024E+01  0.58487072E+01  0.59526703E+01  0.59503015E+01  0.58508085E+01
  0.56643857E+01  0.54057430E+01  0.50906175E+01  0.47364882E+01  0.43577669E+01
  0.39696793E+01  0.35868546E+01  0.32191748E+01  0.28761876E+01  0.25605848E+01
  0.22766598E+01  0.20205601E+01  0.17912180E+01  0.15850980E+01  0.14001761E+01
  0.12342656E+01  0.10859330E+01  0.95374178E+00  0.83599660E+00  0.73129128E+00
  0.63873463E+00  0.55719034E+00  0.48544400E+00  0.42258172E+00  0.36777026E+00
  0.31991729E+00  0.27795585E+00  0.24114559E+00  0.20895355E+00  0.18083330E+00
  0.15636285E+00  0.13514181E+00  0.11670407E+00  0.10066465E+00  0.86673904E-01
  0.74528173E-01  0.64028194E-01  0.54899084E-01  0.46954225E-01  0.40056997E-01
  0.34173188E-01  0.29238570E-01  0.25028708E-01  0.21349000E-01  0.18112021E-01
  0.15324081E-01  0.12932589E-01  0.10840461E-01  0.90073094E-02  0.74596797E-02
  0.62221971E-02  0.52472803E-02  0.44790803E-02  0.38825781E-02  0.34231208E-02
  0.30466349E-02  0.27050912E-02  0.24113643E-02  0.21675622E-02  0.19371637E-02
  0.16572740E-02  0.13527810E-02  0.11124756E-02  0.95767590E-03  0.82763044E-03
  0.68329720E-03  0.56205537E-03  0.49863276E-03  0.45425993E-03  0.32709282E-03
  0.11756469E-03 -0.71718649E-04  0.00000000E+00  0.00000000E+00  0.00000000E+00
  0.00000000E+00  0.00000000E+00  0.00000000E+00  0.00000000E+00  0.00000000E+00
  0.00000000E+00  0.00000000E+00  0.00000000E+00  0.00000000E+00  0.00000000E+00
  0.00000000E+00  0.00000000E+00  0.00000000E+00  0.00000000E+00  0.00000000E+00
  0.00000000E+00  0.00000000E+00  0.00000000E+00  0.00000000E+00  0.00000000E+00
  0.00000000E+00  0.00000000E+00  0.00000000E+00  0.00000000E+00  0.00000000E+00
  0.00000000E+00  0.00000000E+00  0.00000000E+00  0.00000000E+00  0.00000000E+00
  0.00000000E+00  0.00000000E+00  0.00000000E+00  0.00000000E+00  0.00000000E+00
  0.00000000E+00  0.00000000E+00  0.00000000E+00  0.00000000E+00  0.00000000E+00
  0.00000000E+00  0.00000000E+00  0.00000000E+00  0.00000000E+00
  0.10000000E+01  0.26694454E+01  0.39448712E+01  0.49002701E+01  0.56294885E+01
  0.61891422E+01  0.66188008E+01  0.69362771E+01  0.71533630E+01  0.72742886E+01
  0.73054240E+01  0.72556600E+01  0.71358375E+01  0.69576568E+01  0.67316948E+01
  0.64694403E+01  0.61827062E+01  0.58805587E+01  0.55722699E+01  0.52629359E+01
  0.49586822E+01  0.46600075E+01  0.43691501E+01  0.40863141E+01  0.38126075E+01
  0.35486459E+01  0.32954091E+01  0.30535108E+01  0.28232459E+01  0.26047747E+01
  0.23985179E+01  0.22044986E+01  0.20225284E+01  0.18524712E+01  0.16940477E+01
  0.15467337E+01  0.14099125E+01  0.12830951E+01  0.11658202E+01  0.10576198E+01
  0.95806405E+00  0.86667915E+00  0.78291084E+00  0.70629694E+00  0.63636220E+00
  0.57265784E+00  0.51473280E+00  0.46210749E+00  0.41436174E+00  0.37119953E+00
  0.33221839E+00  0.29706126E+00  0.26530553E+00  0.23663697E+00  0.21075642E+00
  0.18741890E+00  0.16636661E+00  0.14739859E+00  0.13035573E+00  0.11508974E+00
  0.10144813E+00  0.89290851E-01  0.78489360E-01  0.68870841E-01  0.60275103E-01
  0.52584601E-01  0.45750653E-01  0.39726916E-01  0.34432921E-01  0.29775369E-01
  0.25663306E-01  0.22035310E-01  0.18844768E-01  0.16048649E-01  0.13612286E-01
  0.11501259E-01  0.96656224E-02  0.80441939E-02  0.66148308E-02  0.53980318E-02
  0.44065295E-02  0.36206355E-02  0.29900837E-02  0.24781784E-02  0.20857048E-02
  0.17918482E-02  0.15657659E-02  0.13777812E-02  0.12284086E-02  0.10980552E-02
  0.98450729E-03  0.87657841E-03  0.77897463E-03  0.70515886E-03  0.63361597E-03
  0.55215073E-03  0.46385338E-03  0.37476996E-03  0.30058762E-03  0.26147769E-03
  0.23928742E-03  0.23961845E-03  0.26024826E-03  0.27481683E-03  0.26915196E-03
  0.26934552E-03  0.28255494E-03  0.31811785E-03  0.37606805E-03  0.39111918E-03
  0.36063132E-03  0.32030702E-03  0.30071578E-03  0.29195264E-03  0.25474791E-03
  0.19646731E-03  0.15208540E-03  0.15016575E-03  0.18195876E-03  0.22441265E-03
  0.26959717E-03  0.31613508E-03  0.36526027E-03  0.39396296E-03  0.39020907E-03
  0.38794064E-03  0.40858999E-03  0.46583187E-03  0.52825604E-03
  0.10000000E+01  0.26989589E+01  0.40452861E+01  0.51081701E+01  0.59691587E+01
  0.66781034E+01  0.72697072E+01  0.77595127E+01  0.81545017E+01  0.84558988E+01
  0.86673923E+01  0.87945934E+01  0.88454984E+01  0.88288128E+01  0.87530029E+01
  0.86269191E+01  0.84599066E+01  0.82594845E+01  0.80336699E+01  0.77878767E+01
  0.75282640E+01  0.72570323E+01  0.69775683E+01  0.66917324E+01  0.64019678E+01
  0.61102145E+01  0.58187039E+01  0.55292734E+01  0.52435515E+01  0.49628923E+01
  0.46888029E+01  0.44223744E+01  0.41643951E+01  0.39156384E+01  0.36765730E+01
  0.34474392E+01  0.32283055E+01  0.30192775E+01  0.28203204E+01  0.26313667E+01
  0.24523954E+01  0.22832787E+01  0.21237328E+01  0.19735038E+01  0.18322585E+01
  0.16996917E+01  0.15755096E+01  0.14593631E+01  0.13508960E+01  0.12498905E+01
  0.11559339E+01  0.10687157E+01  0.98776436E+00  0.91269018E+00  0.84306313E+00
  0.77848645E+00  0.71853338E+00  0.66282362E+00  0.61107697E+00  0.56308563E+00
  0.51862251E+00  0.47744305E+00  0.43931904E+00  0.40401663E+00  0.37133827E+00
  0.34107797E+00  0.31307955E+00  0.28720208E+00  0.26330715E+00  0.24123156E+00
  0.22079781E+00  0.20186653E+00  0.18434493E+00  0.16814495E+00  0.15319462E+00
  0.13942112E+00  0.12676924E+00  0.11516704E+00  0.10453464E+00  0.94825091E-01
  0.86017234E-01  0.78070105E-01  0.70948501E-01  0.64564563E-01  0.58835253E-01
  0.53663328E-01  0.48938252E-01  0.44571288E-01  0.40526699E-01  0.36813754E-01
  0.33424208E-01  0.30331553E-01  0.27515381E-01  0.24951918E-01  0.22634218E-01
  0.20556267E-01  0.18656043E-01  0.16894501E-01  0.15267949E-01  0.13784983E-01
  0.12438188E-01  0.11216125E-01  0.10109454E-01  0.91378394E-02  0.82786238E-02
  0.75037012E-02  0.67683047E-02  0.60588640E-02  0.54031480E-02  0.48172804E-02
  0.42919179E-02  0.38260149E-02  0.34191211E-02  0.30881535E-02  0.28123408E-02
  0.25439490E-02  0.23054593E-02  0.20891137E-02  0.18771619E-02  0.16557052E-02
  0.14430767E-02  0.12465688E-02  0.11038163E-02  0.10237248E-02  0.97208295E-03
  0.93841992E-03  0.91860917E-03  0.92097066E-03  0.90667395E-03
  0.10000000E+01  0.27210071E+01  0.41173953E+01  0.52525224E+01  0.61998753E+01
  0.70052010E+01  0.77014567E+01  0.83043758E+01  0.88195704E+01  0.92471772E+01
  0.95895177E+01  0.98504965E+01  0.10036389E+02  0.10154067E+02  0.10210449E+02
  0.10212444E+02  0.10167389E+02  0.10081182E+02  0.99603315E+01  0.98095453E+01
  0.96341638E+01  0.94365580E+01  0.92200738E+01  0.89869269E+01  0.87398393E+01
  0.84811071E+01  0.82132990E+01  0.79386647E+01  0.76593683E+01  0.73773005E+01
  0.70944753E+01  0.68125622E+01  0.65329588E+01  0.62570890E+01  0.59860108E+01
  0.57205580E+01  0.54613752E+01  0.52091254E+01  0.49642430E+01  0.47270649E+01
  0.44978943E+01  0.42769233E+01  0.40642334E+01  0.38599158E+01  0.36639095E+01
  0.34761193E+01  0.32964566E+01  0.31248183E+01  0.29610502E+01  0.28050719E+01
  0.26566157E+01  0.25155459E+01  0.23815485E+01  0.22543716E+01  0.21336807E+01
  0.20191694E+01  0.19104996E+01  0.18073726E+01  0.17095254E+01  0.16167655E+01
  0.15288702E+01  0.14456081E+01  0.13667614E+01  0.12920656E+01  0.12212944E+01
  0.11542060E+01  0.10906522E+01  0.10304820E+01  0.97353332E+00  0.91958213E+00
  0.86838027E+00  0.81971123E+00  0.77344016E+00  0.72949951E+00  0.68786306E+00
  0.64852113E+00  0.61146510E+00  0.57658261E+00  0.54369899E+00  0.51267369E+00
  0.48339461E+00  0.45579916E+00  0.42979342E+00  0.40524473E+00  0.38204467E+00
  0.36008197E+00  0.33927315E+00  0.31957349E+00  0.30093943E+00  0.28334326E+00
  0.26676758E+00  0.25117450E+00  0.23651556E+00  0.22273553E+00  0.20973978E+00
  0.19744936E+00  0.18581592E+00  0.17482605E+00  0.16447318E+00  0.15473180E+00
  0.14558195E+00  0.13700343E+00  0.12895654E+00  0.12139428E+00  0.11428002E+00
  0.10758155E+00  0.10126769E+00  0.95320180E-01  0.89722032E-01  0.84471499E-01
  0.79557105E-01  0.74976903E-01  0.70671545E-01  0.66616146E-01  0.62795901E-01
  0.59172815E-01  0.55752043E-01  0.52521575E-01  0.49446383E-01  0.46557849E-01
  0.43871979E-01  0.41385204E-01  0.39059411E-01  0.36847547E-01  0.34762758E-01
  0.32793734E-01  0.30944995E-01  0.29176290E-01  0.27449952E-01
  0.10000000E+01  0.27529696E+01  0.42220351E+01  0.54627193E+01  0.65367371E+01
  0.74833696E+01  0.83325158E+01  0.91000056E+01  0.97897481E+01  0.10400474E+02
  0.10932600E+02  0.11387776E+02  0.11769976E+02  0.12083822E+02  0.12334328E+02
  0.12525999E+02  0.12663660E+02  0.12751173E+02  0.12793086E+02  0.12793098E+02
  0.12755379E+02  0.12682359E+02  0.12577110E+02  0.12442104E+02  0.12280183E+02
  0.12093900E+02  0.11886087E+02  0.11659363E+02  0.11416380E+02  0.11159579E+02
  0.10891486E+02  0.10614375E+02  0.10330282E+02  0.10041272E+02  0.97490754E+01
  0.94552582E+01  0.91611695E+01  0.88681410E+01  0.85771948E+01  0.82892550E+01
  0.80051662E+01  0.77256178E+01  0.74511699E+01  0.71823703E+01  0.69195809E+01
  0.66630826E+01  0.64131761E+01  0.61700835E+01  0.59339660E+01  0.57050583E+01
  0.54833233E+01  0.52688975E+01  0.50616921E+01  0.48616446E+01  0.46686059E+01
  0.44824306E+01  0.43029061E+01  0.41298578E+01  0.39631654E+01  0.38027236E+01
  0.36484012E+01  0.35000224E+01  0.33573886E+01  0.32202577E+01  0.30883798E+01
  0.29615416E+01  0.28396023E+01  0.27224878E+01  0.26100845E+01  0.25021655E+01
  0.23984298E+01  0.22985857E+01  0.22024963E+01  0.21100620E+01  0.20212569E+01
  0.19360814E+01  0.18544992E+01  0.17763803E+01  0.17015264E+01  0.16297646E+01
  0.15609565E+01  0.14950059E+01  0.14318028E+01  0.13712150E+01  0.13131188E+01
  0.12573877E+01  0.12038813E+01  0.11524786E+01  0.11030709E+01  0.10556090E+01
  0.10100944E+01  0.96653571E+00  0.92490804E+00  0.88511919E+00  0.84704986E+00
  0.81057345E+00  0.77560866E+00  0.74208003E+00  0.70993440E+00  0.67912002E+00
  0.64964166E+00  0.62147699E+00  0.59455996E+00  0.56880703E+00  0.54412018E+00
  0.52043919E+00  0.49774754E+00  0.47602644E+00  0.45526850E+00  0.43543736E+00
  0.41649724E+00  0.39842302E+00  0.38115078E+00  0.36462524E+00  0.34879463E+00
  0.33362715E+00  0.31909597E+00  0.30514553E+00  0.29176021E+00  0.27893703E+00
  0.26668204E+00  0.25499522E+00  0.24383086E+00  0.23315162E+00  0.22293635E+00
  0.21317126E+00  0.20384289E+00  0.19494050E+00  0.18640693E+00
  0.10000000E+01  0.27790955E+01  0.43060336E+01  0.56292397E+01  0.68018692E+01
  0.78583243E+01  0.88264759E+01  0.97228179E+01  0.10551101E+02  0.11309597E+02
  0.11997607E+02  0.12615336E+02  0.13165052E+02  0.13649798E+02  0.14073140E+02
  0.14437964E+02  0.14747377E+02  0.15003762E+02  0.15210136E+02  0.15369159E+02
  0.15483858E+02  0.15556253E+02  0.15588801E+02  0.15583667E+02  0.15543321E+02
  0.15470054E+02  0.15366462E+02  0.15235059E+02  0.15078461E+02  0.14899140E+02
  0.14699655E+02  0.14482409E+02  0.14249610E+02  0.14003553E+02  0.13746241E+02
  0.13479564E+02  0.13205236E+02  0.12924926E+02  0.12640031E+02  0.12351834E+02
  0.12061553E+02  0.11770237E+02  0.11478802E+02  0.11188142E+02  0.10898953E+02
  0.10611864E+02  0.10327500E+02  0.10046403E+02  0.97690373E+01  0.94959174E+01
  0.92273143E+01  0.89636394E+01  0.87050746E+01  0.84518196E+01  0.82039588E+01
  0.79615741E+01  0.77247019E+01  0.74933700E+01  0.72676633E+01  0.70476896E+01
  0.68334756E+01  0.66250032E+01  0.64222051E+01  0.62249578E+01  0.60331495E+01
  0.58466272E+01  0.56653470E+01  0.54892956E+01  0.53184448E+01  0.51526347E+01
  0.49916054E+01  0.48351349E+01  0.46831089E+01  0.45354836E+01  0.43922865E+01
  0.42535605E+01  0.41193158E+01  0.39893972E+01  0.38635916E+01  0.37416953E+01
  0.36235422E+01  0.35090422E+01  0.33981099E+01  0.32906524E+01  0.31865904E+01
  0.30857905E+01  0.29880565E+01  0.28932768E+01  0.28013620E+01  0.27122734E+01
  0.26259815E+01  0.25424557E+01  0.24616602E+01  0.23835219E+01  0.23079033E+01
  0.22346630E+01  0.21636555E+01  0.20948043E+01  0.20280988E+01  0.19635306E+01
  0.19010992E+01  0.18407648E+01  0.17824347E+01  0.17260060E+01  0.16713786E+01
  0.16184851E+01  0.15672486E+01  0.15176002E+01  0.14695128E+01  0.14229524E+01
  0.13778906E+01  0.13342785E+01  0.12920349E+01  0.12511177E+01  0.12115139E+01
  0.11732196E+01  0.11361764E+01  0.11003189E+01  0.10656362E+01  0.10320776E+01
  0.99962870E+00  0.96823057E+00  0.93780272E+00  0.90829680E+00  0.87969466E+00
  0.85199838E+00  0.82517715E+00  0.79919276E+00  0.77400064E+00
  0.10000000E+01  0.28040742E+01  0.43857033E+01  0.57864359E+01  0.70518892E+01
  0.82118991E+01  0.92922512E+01  0.10310027E+02  0.11269403E+02  0.12168587E+02
  0.13006131E+02  0.13781089E+02  0.14494249E+02  0.15147335E+02  0.15742689E+02
  0.16281984E+02  0.16767000E+02  0.17199035E+02  0.17579911E+02  0.17911383E+02
  0.18195455E+02  0.18433608E+02  0.18627599E+02  0.18779083E+02  0.18889982E+02
  0.18962126E+02  0.18997625E+02  0.18998614E+02  0.18967337E+02  0.18906002E+02
  0.18816902E+02  0.18702252E+02  0.18564166E+02  0.18404853E+02  0.18226334E+02
  0.18030547E+02  0.17819338E+02  0.17594506E+02  0.17357632E+02  0.17110211E+02
  0.16853638E+02  0.16589188E+02  0.16318034E+02  0.16041338E+02  0.15760067E+02
  0.15475123E+02  0.15187396E+02  0.14897703E+02  0.14606787E+02  0.14315436E+02
  0.14024213E+02  0.13733801E+02  0.13444673E+02  0.13157307E+02  0.12872091E+02
  0.12589382E+02  0.12309467E+02  0.12032623E+02  0.11759176E+02  0.11489467E+02
  0.11223776E+02  0.10962302E+02  0.10705156E+02  0.10452399E+02  0.10204075E+02
  0.99602214E+01  0.97209740E+01  0.94864454E+01  0.92567251E+01  0.90317258E+01
  0.88112989E+01  0.85953162E+01  0.83837645E+01  0.81766800E+01  0.79741541E+01
  0.77763221E+01  0.75832435E+01  0.73948352E+01  0.72108940E+01  0.70312182E+01
  0.68557247E+01  0.66843465E+01  0.65170212E+01  0.63537043E+01  0.61943076E+01
  0.60387310E+01  0.58868426E+01  0.57385388E+01  0.55937419E+01  0.54523930E+01
  0.53144725E+01  0.51799695E+01  0.50488584E+01  0.49211051E+01  0.47965734E+01
  0.46751021E+01  0.45565612E+01  0.44408694E+01  0.43279972E+01  0.42179371E+01
  0.41106737E+01  0.40061979E+01  0.39044536E+01  0.38053149E+01  0.37086635E+01
  0.36143969E+01  0.35224448E+01  0.34327755E+01  0.33453537E+01  0.32601484E+01
  0.31771001E+01  0.30961664E+01  0.30172887E+01  0.29404190E+01  0.28654960E+01
  0.27924345E+01  0.27211840E+01  0.26517109E+01  0.25840103E+01  0.25180346E+01
  0.24537231E+01  0.23910111E+01  0.23298607E+01  0.22702626E+01  0.22121788E+01
  0.21555476E+01  0.21003198E+01  0.20464805E+01  0.19940049E+01
  0.10000000E+01  0.28251043E+01  0.44521848E+01  0.59168317E+01  0.72593241E+01
  0.85058992E+01  0.96803269E+01  0.10799773E+02  0.11869138E+02  0.12886953E+02
  0.13851573E+02  0.14761395E+02  0.15616241E+02  0.16416883E+02  0.17164760E+02
  0.17860832E+02  0.18506159E+02  0.19101500E+02  0.19648000E+02  0.20146807E+02
  0.20599272E+02  0.21006410E+02  0.21369435E+02  0.21689539E+02  0.21968091E+02
  0.22206432E+02  0.22406115E+02  0.22568743E+02  0.22696020E+02  0.22789646E+02
  0.22851417E+02  0.22883081E+02  0.22886342E+02  0.22863012E+02  0.22814757E+02
  0.22743241E+02  0.22650076E+02  0.22536868E+02  0.22405070E+02  0.22256088E+02
  0.22091268E+02  0.21911856E+02  0.21719047E+02  0.21514025E+02  0.21297831E+02
  0.21071462E+02  0.20835910E+02  0.20592088E+02  0.20340858E+02  0.20083123E+02
  0.19819634E+02  0.19551234E+02  0.19278628E+02  0.19002483E+02  0.18723398E+02
  0.18441965E+02  0.18158738E+02  0.17874273E+02  0.17589102E+02  0.17303750E+02
  0.17018695E+02  0.16734350E+02  0.16451087E+02  0.16169218E+02  0.15889005E+02
  0.15610678E+02  0.15334546E+02  0.15060944E+02  0.14790158E+02  0.14522314E+02
  0.14257425E+02  0.13995538E+02  0.13736775E+02  0.13481287E+02  0.13229317E+02
  0.12981085E+02  0.12736686E+02  0.12496112E+02  0.12259257E+02  0.12026046E+02
  0.11796503E+02  0.11570639E+02  0.11348457E+02  0.11129948E+02  0.10915105E+02
  0.10703894E+02  0.10496240E+02  0.10292093E+02  0.10091390E+02  0.98941036E+01
  0.97002094E+01  0.95097041E+01  0.93226522E+01  0.91390377E+01  0.89587803E+01
  0.87817505E+01  0.86078479E+01  0.84370115E+01  0.82692292E+01  0.81045041E+01
  0.79428529E+01  0.77842634E+01  0.76286739E+01  0.74759709E+01  0.73260469E+01
  0.71788592E+01  0.70343644E+01  0.68925234E+01  0.67533037E+01  0.66166947E+01
  0.64826646E+01  0.63512003E+01  0.62222679E+01  0.60958313E+01  0.59718349E+01
  0.58501918E+01  0.57308429E+01  0.56137369E+01  0.54988437E+01  0.53861485E+01
  0.52756352E+01  0.51672677E+01  0.50609897E+01  0.49567726E+01  0.48545799E+01
  0.47543873E+01  0.46561411E+01  0.45598125E+01  0.44653881E+01
  0.10000000E+01  0.28450398E+01  0.45153596E+01  0.60409157E+01  0.74571298E+01
  0.87868418E+01  0.10051666E+02  0.11268419E+02  0.12442548E+02  0.13572924E+02
  0.14657834E+02  0.15695169E+02  0.16683974E+02  0.17624218E+02  0.18516597E+02
  0.19361478E+02  0.20159365E+02  0.20910589E+02  0.21615773E+02  0.22275601E+02
  0.22890909E+02  0.23462374E+02  0.23990775E+02  0.24476900E+02  0.24921655E+02
  0.25325957E+02  0.25690873E+02  0.26017529E+02  0.26307136E+02  0.26560917E+02
  0.26780185E+02  0.26966238E+02  0.27120378E+02  0.27243996E+02  0.27338398E+02
  0.27404923E+02  0.27444904E+02  0.27459644E+02  0.27450394E+02  0.27418361E+02
  0.27364726E+02  0.27290639E+02  0.27197225E+02  0.27085609E+02  0.26956781E+02
  0.26811715E+02  0.26651410E+02  0.26476820E+02  0.26288878E+02  0.26088544E+02
  0.25876658E+02  0.25654140E+02  0.25421810E+02  0.25180469E+02  0.24930875E+02
  0.24673774E+02  0.24409896E+02  0.24139958E+02  0.23864678E+02  0.23584757E+02
  0.23300834E+02  0.23013534E+02  0.22723428E+02  0.22431049E+02  0.22136903E+02
  0.21841437E+02  0.21545129E+02  0.21248475E+02  0.20951907E+02  0.20655768E+02
  0.20360293E+02  0.20065719E+02  0.19772319E+02  0.19480380E+02  0.19190238E+02
  0.18902221E+02  0.18616560E+02  0.18333376E+02  0.18052688E+02  0.17774538E+02
  0.17499051E+02  0.17226344E+02  0.16956510E+02  0.16689620E+02  0.16425712E+02
  0.16164785E+02  0.15906860E+02  0.15651942E+02  0.15400045E+02  0.15151185E+02
  0.14905344E+02  0.14662566E+02  0.14422951E+02  0.14186543E+02  0.13953310E+02
  0.13723156E+02  0.13495982E+02  0.13271728E+02  0.13050389E+02  0.12832005E+02
  0.12616634E+02  0.12404299E+02  0.12194924E+02  0.11988417E+02  0.11784715E+02
  0.11583803E+02  0.11385697E+02  0.11190397E+02  0.10997869E+02  0.10808087E+02
  0.10621040E+02  0.10436726E+02  0.10255108E+02  0.10076173E+02  0.98998893E+01
  0.97261805E+01  0.95549786E+01  0.93862715E+01  0.92200694E+01  0.90563615E+01
  0.88951512E+01  0.87364139E+01  0.85801218E+01  0.84262660E+01  0.82747965E+01
  0.81256920E+01  0.79789161E+01  0.78344338E+01  0.76922319E+01
  0.10000000E+01  0.28559276E+01  0.45501090E+01  0.61091808E+01  0.75665932E+01
  0.89435159E+01  0.10260078E+02  0.11532113E+02  0.12765280E+02  0.13958742E+02
  0.15111037E+02  0.16220067E+02  0.17284816E+02  0.18305069E+02  0.19281351E+02
  0.20213910E+02  0.21103181E+02  0.21949438E+02  0.22753205E+02  0.23515038E+02
  0.24235638E+02  0.24915546E+02  0.25555390E+02  0.26155804E+02  0.26717499E+02
  0.27241197E+02  0.27727721E+02  0.28177949E+02  0.28592799E+02  0.28973211E+02
  0.29320206E+02  0.29634798E+02  0.29918004E+02  0.30170905E+02  0.30394525E+02
  0.30589905E+02  0.30758088E+02  0.30900109E+02  0.31016958E+02  0.31109597E+02
  0.31178970E+02  0.31226006E+02  0.31251629E+02  0.31256746E+02  0.31242186E+02
  0.31208769E+02  0.31157336E+02  0.31088686E+02  0.31003639E+02  0.30903013E+02
  0.30787550E+02  0.30658051E+02  0.30515263E+02  0.30359918E+02  0.30192724E+02
  0.30014393E+02  0.29825602E+02  0.29627062E+02  0.29419457E+02  0.29203470E+02
  0.28979784E+02  0.28749016E+02  0.28511768E+02  0.28268632E+02  0.28020159E+02
  0.27766878E+02  0.27509353E+02  0.27248134E+02  0.26983713E+02  0.26716517E+02
  0.26446912E+02  0.26175265E+02  0.25901977E+02  0.25627450E+02  0.25352086E+02
  0.25076281E+02  0.24800347E+02  0.24524511E+02  0.24248932E+02  0.23973794E+02
  0.23699297E+02  0.23425646E+02  0.23153022E+02  0.22881573E+02  0.22611430E+02
  0.22342704E+02  0.22075494E+02  0.21809877E+02  0.21545930E+02  0.21283716E+02
  0.21023291E+02  0.20764748E+02  0.20508188E+02  0.20253697E+02  0.20001284E+02
  0.19750903E+02  0.19502533E+02  0.19256167E+02  0.19011849E+02  0.18769622E+02
  0.18529558E+02  0.18291695E+02  0.18056025E+02  0.17822509E+02  0.17591097E+02
  0.17361784E+02  0.17134572E+02  0.16909465E+02  0.16686467E+02  0.16465592E+02
  0.16246862E+02  0.16030284E+02  0.15815842E+02  0.15603550E+02  0.15393394E+02
  0.15185344E+02  0.14979388E+02  0.14775511E+02  0.14573713E+02  0.14373999E+02
  0.14176371E+02  0.13980826E+02  0.13787370E+02  0.13596015E+02  0.13406718E+02
  0.13219463E+02  0.13034216E+02  0.12850984E+02  0.12669792E+02
  0.10000000E+01  0.28672372E+01  0.45864609E+01  0.61809358E+01  0.76818187E+01
  0.91084822E+01  0.10479527E+02  0.11809831E+02  0.13105128E+02  0.14364763E+02
  0.15587434E+02  0.16770961E+02  0.17914217E+02  0.19016730E+02  0.20078822E+02
  0.21100546E+02  0.22082177E+02  0.23023868E+02  0.23925966E+02  0.24788864E+02
  0.25613082E+02  0.26399025E+02  0.27147168E+02  0.27858006E+02  0.28532081E+02
  0.29169931E+02  0.29772177E+02  0.30339494E+02  0.30872565E+02  0.31372104E+02
  0.31838897E+02  0.32273733E+02  0.32677395E+02  0.33050726E+02  0.33394536E+02
  0.33709645E+02  0.33996885E+02  0.34257085E+02  0.34491036E+02  0.34699530E+02
  0.34883327E+02  0.35043188E+02  0.35179894E+02  0.35294193E+02  0.35386793E+02
  0.35458394E+02  0.35509693E+02  0.35541382E+02  0.35554184E+02  0.35548800E+02
  0.35525892E+02  0.35486185E+02  0.35430346E+02  0.35359044E+02  0.35272930E+02
  0.35172681E+02  0.35058922E+02  0.34932322E+02  0.34793549E+02  0.34643235E+02
  0.34482037E+02  0.34310591E+02  0.34129517E+02  0.33939420E+02  0.33740892E+02
  0.33534487E+02  0.33320789E+02  0.33100391E+02  0.32873839E+02  0.32641608E+02
  0.32404156E+02  0.32161942E+02  0.31915416E+02  0.31665049E+02  0.31411315E+02
  0.31154662E+02  0.30895490E+02  0.30634103E+02  0.30370748E+02  0.30105709E+02
  0.29839295E+02  0.29571802E+02  0.29303489E+02  0.29034575E+02  0.28765271E+02
  0.28495756E+02  0.28226203E+02  0.27956769E+02  0.27687618E+02  0.27418862E+02
  0.27150610E+02  0.26883007E+02  0.26616209E+02  0.26350329E+02  0.26085444E+02
  0.25821562E+02  0.25558699E+02  0.25296913E+02  0.25036244E+02  0.24776797E+02
  0.24518662E+02  0.24261895E+02  0.24006529E+02  0.23752523E+02  0.23499881E+02
  0.23248640E+02  0.22998841E+02  0.22750522E+02  0.22503700E+02  0.22258400E+02
  0.22014641E+02  0.21772456E+02  0.21531867E+02  0.21292895E+02  0.21055537E+02
  0.20819762E+02  0.20585568E+02  0.20352950E+02  0.20121947E+02  0.19892586E+02
  0.19664887E+02  0.19438888E+02  0.19214597E+02  0.18991998E+02  0.18771098E+02
  0.18551875E+02  0.18334328E+02  0.18118471E+02  0.17904317E+02
  0.10000000E+01  0.28723915E+01  0.46035326E+01  0.62150439E+01  0.77373875E+01
  0.91892511E+01  0.10588320E+02  0.11948520E+02  0.13275436E+02  0.14568518E+02
  0.15826646E+02  0.17047793E+02  0.18231011E+02  0.19375934E+02  0.20482951E+02
  0.21552171E+02  0.22583926E+02  0.23578377E+02  0.24535890E+02  0.25456840E+02
  0.26341737E+02  0.27190963E+02  0.28004979E+02  0.28784229E+02  0.29529206E+02
  0.30240388E+02  0.30918325E+02  0.31563612E+02  0.32176848E+02  0.32758649E+02
  0.33309704E+02  0.33830683E+02  0.34322264E+02  0.34785177E+02  0.35220110E+02
  0.35627767E+02  0.36008860E+02  0.36364093E+02  0.36694149E+02  0.36999689E+02
  0.37281342E+02  0.37539744E+02  0.37775554E+02  0.37989395E+02  0.38181870E+02
  0.38353551E+02  0.38505028E+02  0.38636874E+02  0.38749666E+02  0.38843997E+02
  0.38920426E+02  0.38979571E+02  0.39021996E+02  0.39048268E+02  0.39058939E+02
  0.39054566E+02  0.39035681E+02  0.39002851E+02  0.38956636E+02  0.38897599E+02
  0.38826293E+02  0.38743268E+02  0.38649053E+02  0.38544178E+02  0.38429176E+02
  0.38304541E+02  0.38170802E+02  0.38028488E+02  0.37878111E+02  0.37720129E+02
  0.37554978E+02  0.37383085E+02  0.37204889E+02  0.37020828E+02  0.36831340E+02
  0.36636876E+02  0.36437835E+02  0.36234536E+02  0.36027254E+02  0.35816276E+02
  0.35601927E+02  0.35384518E+02  0.35164351E+02  0.34941702E+02  0.34716819E+02
  0.34489917E+02  0.34261182E+02  0.34030824E+02  0.33799038E+02  0.33566003E+02
  0.33331879E+02  0.33096845E+02  0.32861058E+02  0.32624661E+02  0.32387745E+02
  0.32150377E+02  0.31912628E+02  0.31674583E+02  0.31436362E+02  0.31198048E+02
  0.30959748E+02  0.30721565E+02  0.30483550E+02  0.30245745E+02  0.30008192E+02
  0.29770944E+02  0.29534044E+02  0.29297535E+02  0.29061487E+02  0.28825935E+02
  0.28590941E+02  0.28356567E+02  0.28122822E+02  0.27889735E+02  0.27657320E+02
  0.27425597E+02  0.27194576E+02  0.26964305E+02  0.26734838E+02  0.26506220E+02
  0.26278500E+02  0.26051698E+02  0.25825829E+02  0.25600910E+02  0.25376946E+02
  0.25153937E+02  0.24931907E+02  0.24710882E+02  0.24490898E+02
  0.10000000E+01  0.28794951E+01  0.46268545E+01  0.62616295E+01  0.78128703E+01
  0.92981621E+01  0.10734070E+02  0.12133636E+02  0.13502281E+02  0.14839510E+02
  0.16144295E+02  0.17414640E+02  0.18649637E+02  0.19848884E+02  0.21012723E+02
  0.22141209E+02  0.23234625E+02  0.24293087E+02  0.25316895E+02  0.26306353E+02
  0.27261903E+02  0.28183872E+02  0.29072650E+02  0.29928615E+02  0.30752167E+02
  0.31543713E+02  0.32303716E+02  0.33032662E+02  0.33731040E+02  0.34399361E+02
  0.35038194E+02  0.35648091E+02  0.36229634E+02  0.36783428E+02  0.37310040E+02
  0.37810060E+02  0.38284071E+02  0.38732661E+02  0.39156395E+02  0.39555832E+02
  0.39931501E+02  0.40283927E+02  0.40613682E+02  0.40921284E+02  0.41207239E+02
  0.41472052E+02  0.41716212E+02  0.41940203E+02  0.42144524E+02  0.42329674E+02
  0.42496152E+02  0.42644479E+02  0.42775149E+02  0.42888665E+02  0.42985489E+02
  0.43066095E+02  0.43130965E+02  0.43180602E+02  0.43215510E+02  0.43236203E+02
  0.43243172E+02  0.43236918E+02  0.43217931E+02  0.43186688E+02  0.43143688E+02
  0.43089404E+02  0.43024315E+02  0.42948927E+02  0.42863708E+02  0.42769106E+02
  0.42665556E+02  0.42553480E+02  0.42433321E+02  0.42305510E+02  0.42170499E+02
  0.42028717E+02  0.41880562E+02  0.41726379E+02  0.41566468E+02  0.41401125E+02
  0.41230705E+02  0.41055557E+02  0.40876002E+02  0.40692344E+02  0.40504840E+02
  0.40313761E+02  0.40119335E+02  0.39921786E+02  0.39721355E+02  0.39518244E+02
  0.39312651E+02  0.39104766E+02  0.38894780E+02  0.38682877E+02  0.38469176E+02
  0.38253778E+02  0.38036800E+02  0.37818370E+02  0.37598605E+02  0.37377632E+02
  0.37155578E+02  0.36932574E+02  0.36708718E+02  0.36484077E+02  0.36258731E+02
  0.36032740E+02  0.35806165E+02  0.35579076E+02  0.35351527E+02  0.35123604E+02
  0.34895386E+02  0.34666945E+02  0.34438329E+02  0.34209570E+02  0.33980711E+02
  0.33751772E+02  0.33522806E+02  0.33293873E+02  0.33065029E+02  0.32836355E+02
  0.32607898E+02  0.32379703E+02  0.32151805E+02  0.31924225E+02  0.31696988E+02
  0.31470112E+02  0.31243610E+02  0.31017507E+02  0.30791847E+02
  0.10000000E+01  0.28833532E+01  0.46399982E+01  0.62883118E+01  0.78568050E+01
  0.93625668E+01  0.10821416E+02  0.12245568E+02  0.13640190E+02  0.15004824E+02
  0.16338548E+02  0.17639532E+02  0.18907040E+02  0.20140789E+02  0.21341212E+02
  0.22508424E+02  0.23642773E+02  0.24744390E+02  0.25813597E+02  0.26850683E+02
  0.27856084E+02  0.28830101E+02  0.29773115E+02  0.30685484E+02  0.31567590E+02
  0.32419795E+02  0.33242521E+02  0.34036206E+02  0.34801299E+02  0.35538267E+02
  0.36247636E+02  0.36929915E+02  0.37585614E+02  0.38215268E+02  0.38819381E+02
  0.39398459E+02  0.39953033E+02  0.40483622E+02  0.40990722E+02  0.41474823E+02
  0.41936380E+02  0.42375836E+02  0.42793681E+02  0.43190388E+02  0.43566377E+02
  0.43922067E+02  0.44257876E+02  0.44574214E+02  0.44871502E+02  0.45150163E+02
  0.45410607E+02  0.45653284E+02  0.45878601E+02  0.46086960E+02  0.46278773E+02
  0.46454448E+02  0.46614389E+02  0.46759018E+02  0.46888762E+02  0.47004039E+02
  0.47105266E+02  0.47192856E+02  0.47267227E+02  0.47328804E+02  0.47377995E+02
  0.47415201E+02  0.47440833E+02  0.47455299E+02  0.47459013E+02  0.47452358E+02
  0.47435722E+02  0.47409488E+02  0.47374039E+02  0.47329765E+02  0.47277049E+02
  0.47216287E+02  0.47147837E+02  0.47072010E+02  0.46989095E+02  0.46899393E+02
  0.46803230E+02  0.46700923E+02  0.46592760E+02  0.46479030E+02  0.46359986E+02
  0.46235899E+02  0.46107004E+02  0.45973540E+02  0.45835757E+02  0.45693850E+02
  0.45548015E+02  0.45398462E+02  0.45245393E+02  0.45089014E+02  0.44929485E+02
  0.44766922E+02  0.44601462E+02  0.44433225E+02  0.44262350E+02  0.44088994E+02
  0.43913316E+02  0.43735456E+02  0.43555537E+02  0.43373634E+02  0.43189843E+02
  0.43004231E+02  0.42816906E+02  0.42627957E+02  0.42437462E+02  0.42245528E+02
  0.42052230E+02  0.41857640E+02  0.41661855E+02  0.41464942E+02  0.41266948E+02
  0.41067933E+02  0.40867960E+02  0.40667082E+02  0.40465394E+02  0.40262974E+02
  0.40059892E+02  0.39856225E+02  0.39652008E+02  0.39447270E+02  0.39242029E+02
  0.39036315E+02  0.38830162E+02  0.38623617E+02  0.38416744E+02
  0.10000000E+01  0.28872476E+01  0.46530749E+01  0.63147618E+01  0.79000376E+01
  0.94253981E+01  0.10906017E+02  0.12353550E+02  0.13772966E+02  0.15163815E+02
  0.16525205E+02  0.17855351E+02  0.19153574E+02  0.20419609E+02  0.21653892E+02
  0.22856529E+02  0.24027844E+02  0.25167948E+02  0.26277122E+02  0.27355612E+02
  0.28403819E+02  0.29422001E+02  0.30410507E+02  0.31369659E+02  0.32299806E+02
  0.33201283E+02  0.34074477E+02  0.34919787E+02  0.35737628E+02  0.36528411E+02
  0.37292605E+02  0.38030682E+02  0.38743116E+02  0.39430385E+02  0.40092952E+02
  0.40731277E+02  0.41345822E+02  0.41937064E+02  0.42505448E+02  0.43051407E+02
  0.43575374E+02  0.44077754E+02  0.44558988E+02  0.45019495E+02  0.45459686E+02
  0.45879934E+02  0.46280634E+02  0.46662157E+02  0.47024878E+02  0.47369204E+02
  0.47695491E+02  0.48004143E+02  0.48295550E+02  0.48570064E+02  0.48828055E+02
  0.49069890E+02  0.49295925E+02  0.49506552E+02  0.49702152E+02  0.49883106E+02
  0.50049807E+02  0.50202640E+02  0.50341987E+02  0.50468222E+02  0.50581727E+02
  0.50682871E+02  0.50772021E+02  0.50849572E+02  0.50915898E+02  0.50971354E+02
  0.51016287E+02  0.51051027E+02  0.51075930E+02  0.51091353E+02  0.51097664E+02
  0.51095224E+02  0.51084388E+02  0.51065438E+02  0.51038628E+02  0.51004247E+02
  0.50962611E+02  0.50914027E+02  0.50858795E+02  0.50797184E+02  0.50729448E+02
  0.50655820E+02  0.50576523E+02  0.50491783E+02  0.50401827E+02  0.50306863E+02
  0.50207094E+02  0.50102733E+02  0.49993986E+02  0.49881038E+02  0.49764046E+02
  0.49643147E+02  0.49518484E+02  0.49390215E+02  0.49258472E+02  0.49123416E+02
  0.48985210E+02  0.48844005E+02  0.48699928E+02  0.48553068E+02  0.48403504E+02
  0.48251318E+02  0.48096604E+02  0.47939464E+02  0.47780017E+02  0.47618388E+02
  0.47454664E+02  0.47288935E+02  0.47121272E+02  0.46951748E+02  0.46780460E+02
  0.46607482E+02  0.46432886E+02  0.46256760E+02  0.46079179E+02  0.45900189E+02
  0.45719869E+02  0.45538296E+02  0.45355519E+02  0.45171604E+02  0.44986598E+02
  0.44800552E+02  0.44613485E+02  0.44425454E+02  0.44236539E+02
  0.10000000E+01  0.28893592E+01  0.46605397E+01  0.63302161E+01  0.79258232E+01
  0.94635868E+01  0.10958249E+02  0.12420937E+02  0.13856410E+02  0.15264184E+02
  0.16643422E+02  0.17992435E+02  0.19310682E+02  0.20597998E+02  0.21854890E+02
  0.23081528E+02  0.24278276E+02  0.25445260E+02  0.26582782E+02  0.27691090E+02
  0.28770582E+02  0.29821519E+02  0.30844233E+02  0.31839030E+02  0.32806249E+02
  0.33746210E+02  0.34659290E+02  0.35545878E+02  0.36406384E+02  0.37241196E+02
  0.38050755E+02  0.38835502E+02  0.39595885E+02  0.40332379E+02  0.41045428E+02
  0.41735467E+02  0.42402952E+02  0.43048300E+02  0.43671942E+02  0.44274278E+02
  0.44855678E+02  0.45416543E+02  0.45957276E+02  0.46478259E+02  0.46979866E+02
  0.47462435E+02  0.47926320E+02  0.48371855E+02  0.48799384E+02  0.49209248E+02
  0.49601785E+02  0.49977366E+02  0.50336327E+02  0.50679009E+02  0.51005746E+02
  0.51316863E+02  0.51612686E+02  0.51893544E+02  0.52159794E+02  0.52411766E+02
  0.52649807E+02  0.52874252E+02  0.53085412E+02  0.53283634E+02  0.53469260E+02
  0.53642602E+02  0.53804002E+02  0.53953819E+02  0.54092368E+02  0.54219947E+02
  0.54336866E+02  0.54443424E+02  0.54539934E+02  0.54626726E+02  0.54704136E+02
  0.54772473E+02  0.54832029E+02  0.54883064E+02  0.54925803E+02  0.54960508E+02
  0.54987469E+02  0.55006952E+02  0.55019221E+02  0.55024529E+02  0.55023100E+02
  0.55015167E+02  0.55000944E+02  0.54980647E+02  0.54954480E+02  0.54922627E+02
  0.54885281E+02  0.54842617E+02  0.54794836E+02  0.54742099E+02  0.54684561E+02
  0.54622344E+02  0.54555574E+02  0.54484413E+02  0.54409027E+02  0.54329555E+02
  0.54246171E+02  0.54159012E+02  0.54068196E+02  0.53973826E+02  0.53875982E+02
  0.53774774E+02  0.53670307E+02  0.53562683E+02  0.53451987E+02  0.53338341E+02
  0.53221824E+02  0.53102532E+02  0.52980572E+02  0.52856028E+02  0.52728989E+02
  0.52599525E+02  0.52467709E+02  0.52333621E+02  0.52197368E+02  0.52059048E+02
  0.51918751E+02  0.51776550E+02  0.51632483E+02  0.51486584E+02  0.51338900E+02
  0.51189489E+02  0.51038410E+02  0.50885723E+02  0.50731509E+02
  0.10000000E+01  0.28949061E+01  0.46789618E+01  0.63673240E+01  0.79861569E+01
  0.95507788E+01  0.11075086E+02  0.12569585E+02  0.14038825E+02  0.15482316E+02
  0.16899211E+02  0.18287805E+02  0.19647541E+02  0.20978206E+02  0.22280249E+02
  0.23553775E+02  0.24799074E+02  0.26016198E+02  0.27205360E+02  0.28366731E+02
  0.29500642E+02  0.30607302E+02  0.31687001E+02  0.32739992E+02  0.33766554E+02
  0.34766949E+02  0.35741494E+02  0.36690515E+02  0.37614362E+02  0.38513353E+02
  0.39387870E+02  0.40238290E+02  0.41065016E+02  0.41868447E+02  0.42648973E+02
  0.43406969E+02  0.44142810E+02  0.44856869E+02  0.45549519E+02  0.46221106E+02
  0.46871979E+02  0.47502480E+02  0.48112985E+02  0.48703834E+02  0.49275338E+02
  0.49827825E+02  0.50361602E+02  0.50876971E+02  0.51374274E+02  0.51853812E+02
  0.52315879E+02  0.52760814E+02  0.53188913E+02  0.53600484E+02  0.53995831E+02
  0.54375255E+02  0.54739054E+02  0.55087530E+02  0.55421012E+02  0.55739807E+02
  0.56044224E+02  0.56334581E+02  0.56611186E+02  0.56874352E+02  0.57124402E+02
  0.57361623E+02  0.57586343E+02  0.57798890E+02  0.57999565E+02  0.58188644E+02
  0.58366419E+02  0.58533167E+02  0.58689186E+02  0.58834785E+02  0.58970265E+02
  0.59095946E+02  0.59212098E+02  0.59318953E+02  0.59416750E+02  0.59505737E+02
  0.59586193E+02  0.59658399E+02  0.59722627E+02  0.59779103E+02  0.59828036E+02
  0.59869651E+02  0.59904148E+02  0.59931729E+02  0.59952614E+02  0.59966984E+02
  0.59975034E+02  0.59976960E+02  0.59972945E+02  0.59963165E+02  0.59947781E+02
  0.59926909E+02  0.59900698E+02  0.59869303E+02  0.59832864E+02  0.59791548E+02
  0.59745535E+02  0.59694987E+02  0.59640010E+02  0.59580697E+02  0.59517153E+02
  0.59449463E+02  0.59377744E+02  0.59302102E+02  0.59222672E+02  0.59139583E+02
  0.59052930E+02  0.58962809E+02  0.58869320E+02  0.58772556E+02  0.58672631E+02
  0.58569631E+02  0.58463633E+02  0.58354733E+02  0.58243022E+02  0.58128581E+02
  0.58011504E+02  0.57891882E+02  0.57769771E+02  0.57645234E+02  0.57518324E+02
  0.57389093E+02  0.57257615E+02  0.57123970E+02  0.56988238E+02
  0.10000000E+01  0.28953334E+01  0.46808725E+01  0.63714916E+01  0.79937350E+01
  0.95629861E+01  0.11093020E+02  0.12593848E+02  0.14069959E+02  0.15520853E+02
  0.16945831E+02  0.18343353E+02  0.19713067E+02  0.21054912E+02  0.22369460E+02
  0.23656927E+02  0.24917707E+02  0.26151925E+02  0.27359845E+02  0.28541678E+02
  0.29697762E+02  0.30828303E+02  0.31933587E+02  0.33013853E+02  0.34069368E+02
  0.35100372E+02  0.36107182E+02  0.37090106E+02  0.38049484E+02  0.38985616E+02
  0.39898869E+02  0.40789593E+02  0.41658143E+02  0.42504894E+02  0.43330198E+02
  0.44134384E+02  0.44917816E+02  0.45680817E+02  0.46423732E+02  0.47146849E+02
  0.47850478E+02  0.48534905E+02  0.49200447E+02  0.49847407E+02  0.50476071E+02
  0.51086720E+02  0.51679633E+02  0.52255060E+02  0.52813283E+02  0.53354569E+02
  0.53879169E+02  0.54387362E+02  0.54879417E+02  0.55355582E+02  0.55816127E+02
  0.56261306E+02  0.56691368E+02  0.57106573E+02  0.57507195E+02  0.57893499E+02
  0.58265753E+02  0.58624216E+02  0.58969157E+02  0.59300832E+02  0.59619527E+02
  0.59925496E+02  0.60219012E+02  0.60500353E+02  0.60769786E+02  0.61027558E+02
  0.61273920E+02  0.61509120E+02  0.61733426E+02  0.61947100E+02  0.62150421E+02
  0.62343664E+02  0.62527068E+02  0.62700836E+02  0.62865178E+02  0.63020320E+02
  0.63166520E+02  0.63304015E+02  0.63433067E+02  0.63553884E+02  0.63666660E+02
  0.63771621E+02  0.63868943E+02  0.63958823E+02  0.64041465E+02  0.64117036E+02
  0.64185730E+02  0.64247718E+02  0.64303186E+02  0.64352310E+02  0.64395203E+02
  0.64432025E+02  0.64462913E+02  0.64488018E+02  0.64507483E+02  0.64521461E+02
  0.64530129E+02  0.64533625E+02  0.64532083E+02  0.64525619E+02  0.64514339E+02
  0.64498342E+02  0.64477726E+02  0.64452599E+02  0.64423069E+02  0.64389272E+02
  0.64351314E+02  0.64309305E+02  0.64263347E+02  0.64213547E+02  0.64160003E+02
  0.64102785E+02  0.64042006E+02  0.63977755E+02  0.63910148E+02  0.63839271E+02
  0.63765207E+02  0.63688042E+02  0.63607848E+02  0.63524671E+02  0.63438598E+02
  0.63349707E+02  0.63258036E+02  0.63163677E+02  0.63066692E+02
  0.10000000E+01  0.28941918E+01  0.46775579E+01  0.63652168E+01  0.79842369E+01
  0.95502479E+01  0.11077145E+02  0.12574756E+02  0.14047524E+02  0.15494922E+02
  0.16916325E+02  0.18310283E+02  0.19676588E+02  0.21015295E+02  0.22327075E+02
  0.23612242E+02  0.24871270E+02  0.26104342E+02  0.27311780E+02  0.28493823E+02
  0.29650857E+02  0.30783103E+02  0.31890864E+02  0.32974409E+02  0.34034007E+02
  0.35069916E+02  0.36082467E+02  0.37071973E+02  0.38038782E+02  0.38983232E+02
  0.39905699E+02  0.40806538E+02  0.41686120E+02  0.42544815E+02  0.43382986E+02
  0.44200954E+02  0.44999075E+02  0.45777693E+02  0.46537146E+02  0.47277715E+02
  0.47999712E+02  0.48703412E+02  0.49389126E+02  0.50057140E+02  0.50707746E+02
  0.51341198E+02  0.51957765E+02  0.52557691E+02  0.53141227E+02  0.53708632E+02
  0.54260134E+02  0.54795988E+02  0.55316458E+02  0.55821773E+02  0.56312174E+02
  0.56787918E+02  0.57249232E+02  0.57696352E+02  0.58129546E+02  0.58549055E+02
  0.58955124E+02  0.59347990E+02  0.59727889E+02  0.60095056E+02  0.60449753E+02
  0.60792199E+02  0.61122655E+02  0.61441369E+02  0.61748592E+02  0.62044535E+02
  0.62329428E+02  0.62603482E+02  0.62866935E+02  0.63120052E+02  0.63363084E+02
  0.63596276E+02  0.63819854E+02  0.64034013E+02  0.64238932E+02  0.64434807E+02
  0.64621880E+02  0.64800366E+02  0.64970485E+02  0.65132452E+02  0.65286433E+02
  0.65432614E+02  0.65571177E+02  0.65702291E+02  0.65826134E+02  0.65942866E+02
  0.66052679E+02  0.66155735E+02  0.66252203E+02  0.66342241E+02  0.66425969E+02
  0.66503505E+02  0.66574987E+02  0.66640555E+02  0.66700341E+02  0.66754494E+02
  0.66803176E+02  0.66846514E+02  0.66884639E+02  0.66917632E+02  0.66945590E+02
  0.66968618E+02  0.66986806E+02  0.67000268E+02  0.67009125E+02  0.67013493E+02
  0.67013488E+02  0.67009201E+02  0.67000735E+02  0.66988189E+02  0.66971650E+02
  0.66951209E+02  0.66926964E+02  0.66898986E+02  0.66867391E+02  0.66832259E+02
  0.66793670E+02  0.66751721E+02  0.66706461E+02  0.66657963E+02  0.66606299E+02
  0.66551535E+02  0.66493733E+02  0.66432967E+02  0.66369314E+02
  0.10000000E+01  0.28988370E+01  0.46931186E+01  0.63967021E+01  0.80356069E+01
  0.96246772E+01  0.11177113E+02  0.12702154E+02  0.14204060E+02  0.15682253E+02
  0.17136123E+02  0.18564198E+02  0.19966267E+02  0.21342343E+02  0.22693058E+02
  0.24018671E+02  0.25319603E+02  0.26595992E+02  0.27848090E+02  0.29076090E+02
  0.30280308E+02  0.31460929E+02  0.32618213E+02  0.33752390E+02  0.34863687E+02
  0.35952329E+02  0.37018589E+02  0.38062744E+02  0.39085087E+02  0.40085895E+02
  0.41065482E+02  0.42024169E+02  0.42962294E+02  0.43880163E+02  0.44778089E+02
  0.45656347E+02  0.46515252E+02  0.47355077E+02  0.48176131E+02  0.48978661E+02
  0.49762947E+02  0.50529234E+02  0.51277792E+02  0.52008881E+02  0.52722761E+02
  0.53419664E+02  0.54099844E+02  0.54763505E+02  0.55410879E+02  0.56042185E+02
  0.56657638E+02  0.57257469E+02  0.57841899E+02  0.58411157E+02  0.58965459E+02
  0.59505025E+02  0.60030060E+02  0.60540774E+02  0.61037419E+02  0.61520207E+02
  0.61989380E+02  0.62445164E+02  0.62887764E+02  0.63317411E+02  0.63734330E+02
  0.64138735E+02  0.64530876E+02  0.64910975E+02  0.65279260E+02  0.65635949E+02
  0.65981237E+02  0.66315338E+02  0.66638485E+02  0.66950891E+02  0.67252799E+02
  0.67544442E+02  0.67826030E+02  0.68097735E+02  0.68359739E+02  0.68612243E+02
  0.68855457E+02  0.69089588E+02  0.69314859E+02  0.69531456E+02  0.69739573E+02
  0.69939382E+02  0.70131042E+02  0.70314744E+02  0.70490657E+02  0.70658919E+02
  0.70819716E+02  0.70973196E+02  0.71119537E+02  0.71258882E+02  0.71391350E+02
  0.71517065E+02  0.71636144E+02  0.71748733E+02  0.71854956E+02  0.71954963E+02
  0.72048912E+02  0.72136936E+02  0.72219157E+02  0.72295687E+02  0.72366625E+02
  0.72432055E+02  0.72492092E+02  0.72546834E+02  0.72596400E+02  0.72640922E+02
  0.72680514E+02  0.72715259E+02  0.72745280E+02  0.72770653E+02  0.72791471E+02
  0.72807822E+02  0.72819799E+02  0.72827511E+02  0.72831052E+02  0.72830514E+02
  0.72826004E+02  0.72817600E+02  0.72805349E+02  0.72789321E+02  0.72769577E+02
  0.72746219E+02  0.72719331E+02  0.72688967E+02  0.72655224E+02
  0.10000000E+01  0.28937371E+01  0.46770405E+01  0.63650433E+01  0.79853575E+01
  0.95536612E+01  0.11083928E+02  0.12585401E+02  0.14062457E+02  0.15514402E+02
  0.16940778E+02  0.18340226E+02  0.19712781E+02  0.21058619E+02  0.22378558E+02
  0.23673033E+02  0.24942614E+02  0.26187594E+02  0.27408340E+02  0.28605157E+02
  0.29778447E+02  0.30928457E+02  0.32055491E+02  0.33159835E+02  0.34241772E+02
  0.35301593E+02  0.36339632E+02  0.37356246E+02  0.38351799E+02  0.39326634E+02
  0.40281144E+02  0.41215708E+02  0.42130702E+02  0.43026506E+02  0.43903465E+02
  0.44761933E+02  0.45602245E+02  0.46424717E+02  0.47229704E+02  0.48017457E+02
  0.48788283E+02  0.49542432E+02  0.50280220E+02  0.51001905E+02  0.51707767E+02
  0.52398054E+02  0.53073014E+02  0.53732874E+02  0.54377858E+02  0.55008195E+02
  0.55624097E+02  0.56225803E+02  0.56813540E+02  0.57387500E+02  0.57947911E+02
  0.58494983E+02  0.59028928E+02  0.59549952E+02  0.60058286E+02  0.60554142E+02
  0.61037736E+02  0.61509262E+02  0.61968927E+02  0.62416923E+02  0.62853489E+02
  0.63278797E+02  0.63693095E+02  0.64096574E+02  0.64489450E+02  0.64871888E+02
  0.65244077E+02  0.65606205E+02  0.65958470E+02  0.66301077E+02  0.66634237E+02
  0.66958163E+02  0.67273049E+02  0.67579045E+02  0.67876299E+02  0.68164984E+02
  0.68445281E+02  0.68717377E+02  0.68981449E+02  0.69237657E+02  0.69486174E+02
  0.69727117E+02  0.69960643E+02  0.70186907E+02  0.70406042E+02  0.70618175E+02
  0.70823465E+02  0.71022047E+02  0.71214064E+02  0.71399629E+02  0.71578854E+02
  0.71751836E+02  0.71918681E+02  0.72079509E+02  0.72234436E+02  0.72383583E+02
  0.72527059E+02  0.72664982E+02  0.72797465E+02  0.72924585E+02  0.73046433E+02
  0.73163082E+02  0.73274628E+02  0.73381146E+02  0.73482741E+02  0.73579503E+02
  0.73671535E+02  0.73758914E+02  0.73841738E+02  0.73920077E+02  0.73994024E+02
  0.74063665E+02  0.74129088E+02  0.74190374E+02  0.74247610E+02  0.74300868E+02
  0.74350217E+02  0.74395736E+02  0.74437484E+02  0.74475503E+02  0.74509874E+02
  0.74540661E+02  0.74567913E+02  0.74591677E+02  0.74612045E+02
   128
  0.10000000E+01  0.26296871E+01  0.36793068E+01  0.41501854E+01  0.42060826E+01
  0.39784191E+01  0.35890605E+01  0.31208159E+01  0.26373676E+01  0.21692814E+01
  0.17394883E+01  0.13581137E+01  0.10329407E+01  0.76433589E+00  0.54945229E+00
  0.38203508E+00  0.25761698E+00  0.16880297E+00  0.10857913E+00  0.69237568E-01
  0.44627238E-01  0.29491056E-01  0.20823457E-01  0.16029079E-01  0.13136027E-01
  0.10972306E-01  0.90137514E-02  0.70363782E-02  0.50757526E-02  0.32099890E-02
  0.16113394E-02  0.42333327E-03 -0.38361074E-03  0.00000000E+00  0.00000000E+00
  0.00000000E+00  0.00000000E+00  0.00000000E+00  0.00000000E+00  0.00000000E+00
  0.00000000E+00  0.00000000E+00  0.00000000E+00  0.00000000E+00  0.00000000E+00
  0.00000000E+00  0.00000000E+00  0.00000000E+00  0.00000000E+00  0.00000000E+00
  0.00000000E+00  0.00000000E+00  0.00000000E+00  0.00000000E+00  0.00000000E+00
  0.00000000E+00  0.00000000E+00  0.00000000E+00  0.00000000E+00  0.00000000E+00
  0.00000000E+00  0.00000000E+00  0.00000000E+00  0.00000000E+00  0.00000000E+00
  0.00000000E+00  0.00000000E+00  0.00000000E+00  0.00000000E+00  0.00000000E+00
  0.00000000E+00  0.00000000E+00  0.00000000E+00  0.00000000E+00  0.00000000E+00
  0.00000000E+00  0.00000000E+00  0.00000000E+00  0.00000000E+00  0.00000000E+00
  0.00000000E+00  0.00000000E+00  0.00000000E+00  0.00000000E+00  0.00000000E+00
  0.00000000E+00  0.00000000E+00  0.00000000E+00  0.00000000E+00  0.00000000E+00
  0.00000000E+00  0.00000000E+00  0.00000000E+00  0.00000000E+00  0.00000000E+00
  0.00000000E+00  0.00000000E+00  0.00000000E+00  0.00000000E+00  0.00000000E+00
  0.00000000E+00  0.00000000E+00  0.00000000E+00  0.00000000E+00  0.00000000E+00
  0.00000000E+00  0.00000000E+00  0.00000000E+00  0.00000000E+00  0.00000000E+00
  0.00000000E+00  0.00000000E+00  0.00000000E+00  0.00000000E+00  0.00000000E+00
  0.00000000E+00  0.00000000E+00  0.00000000E+00  0.00000000E+00  0.00000000E+00
  0.00000000E+00  0.00000000E+00  0.00000000E+00  0.00000000E+00  0.00000000E+00
  0.00000000E+00  0.00000000E+00  0.00000000E+00  0.00000000E+00
  0.10000000E+01  0.26790160E+01  0.38783073E+01  0.46261962E+01  0.50253073E+01
  0.51591845E+01  0.50990014E+01  0.48946517E+01  0.45888077E+01  0.42072851E+01
  0.37757952E+01  0.33179720E+01  0.28581304E+01  0.24154139E+01  0.20035335E+01
  0.16314995E+01  0.13071854E+01  0.10328988E+01  0.80840439E+00  0.62898460E+00
  0.48955530E+00  0.38196355E+00  0.29953546E+00  0.23537955E+00  0.18456573E+00
  0.14373907E+00  0.11078045E+00  0.84274320E-01  0.63065780E-01  0.46196039E-01
  0.33077889E-01  0.23190633E-01  0.15860640E-01  0.10661848E-01  0.73061700E-02
  0.52186135E-02  0.38908529E-02  0.30787219E-02  0.25658128E-02  0.20795422E-02
  0.15203679E-02  0.91255064E-03  0.33757038E-03 -0.10787594E-03  0.00000000E+00
  0.00000000E+00  0.00000000E+00  0.00000000E+00  0.00000000E+00  0.00000000E+00
  0.00000000E+00  0.00000000E+00  0.00000000E+00  0.00000000E+00  0.00000000E+00
  0.00000000E+00  0.00000000E+00  0.00000000E+00  0.00000000E+00  0.00000000E+00
  0.00000000E+00  0.00000000E+00  0.00000000E+00  0.00000000E+00  0.00000000E+00
  0.00000000E+00  0.00000000E+00  0.00000000E+00  0.00000000E+00  0.00000000E+00
  0.00000000E+00  0.00000000E+00  0.00000000E+00  0.00000000E+00  0.00000000E+00
  0.00000000E+00  0.00000000E+00  0.00000000E+00  0.00000000E+00  0.00000000E+00
  0.00000000E+00  0.00000000E+00  0.00000000E+00  0.00000000E+00  0.00000000E+00
  0.00000000E+00  0.00000000E+00  0.00000000E+00  0.00000000E+00  0.00000000E+00
  0.00000000E+00  0.00000000E+00  0.00000000E+00  0.00000000E+00  0.00000000E+00
  0.00000000E+00  0.00000000E+00  0.00000000E+00  0.00000000E+00  0.00000000E+00
  0.00000000E+00  0.00000000E+00  0.00000000E+00  0.00000000E+00  0.00000000E+00
  0.00000000E+00  0.00000000E+00  0.00000000E+00  0.00000000E+00  0.00000000E+00
  0.00000000E+00  0.00000000E+00  0.00000000E+00  0.00000000E+00  0.00000000E+00
  0.00000000E+00  0.00000000E+00  0.00000000E+00  0.00000000E+00  0.00000000E+00
  0.00000000E+00  0.00000000E+00  0.00000000E+00  0.00000000E+00  0.00000000E+00
  0.00000000E+00  0.00000000E+00  0.00000000E+00  0.00000000E+00
  0.10000000E+01  0.26918133E+01  0.39456990E+01  0.48153425E+01  0.53919486E+01
  0.57446767E+01  0.59220347E+01  0.59551070E+01  0.58686187E+01  0.56766771E+01
  0.53962708E+01  0.50462602E+01  0.46489202E+01  0.42252971E+01  0.37933534E+01
  0.33683189E+01  0.29643732E+01  0.25912167E+01  0.22556793E+01  0.19594438E+01
  0.17024503E+01  0.14799501E+01  0.12873679E+01  0.11190969E+01  0.97112766E+00
  0.84053888E+00  0.72536766E+00  0.62413928E+00  0.53550098E+00  0.45814797E+00
  0.39110167E+00  0.33337716E+00  0.28382909E+00  0.24150140E+00  0.20558324E+00
  0.17508473E+00  0.14908718E+00  0.12692774E+00  0.10795885E+00  0.91543802E-01
  0.77266235E-01  0.64929171E-01  0.54383167E-01  0.45467540E-01  0.37972365E-01
  0.31691622E-01  0.26462010E-01  0.22137920E-01  0.18596745E-01  0.15717584E-01
  0.13395270E-01  0.11536406E-01  0.10045818E-01  0.88166923E-02  0.77410040E-02
  0.67500255E-02  0.58228564E-02  0.49651820E-02  0.41713568E-02  0.34409888E-02
  0.27732820E-02  0.22044652E-02  0.17477103E-02  0.13979685E-02  0.11294009E-02
  0.91880112E-03  0.76304806E-03  0.64250809E-03  0.55665064E-03  0.49933080E-03
  0.45884324E-03  0.41689268E-03  0.36846604E-03  0.31683350E-03  0.26259274E-03
  0.21393294E-03  0.15480658E-03  0.94462793E-04  0.62859937E-04  0.62976091E-04
  0.86170171E-04  0.98538453E-04  0.89185249E-04  0.80349176E-04  0.10120890E-03
  0.14324956E-03  0.16945139E-03  0.16010444E-03  0.12674118E-03  0.12085141E-03
  0.14145356E-03  0.14361684E-03  0.12182962E-03  0.69625155E-04  0.20213894E-04
 -0.10985938E-04  0.00000000E+00  0.00000000E+00  0.00000000E+00  0.00000000E+00
  0.00000000E+00  0.00000000E+00  0.00000000E+00  0.00000000E+00  0.00000000E+00
  0.00000000E+00  0.00000000E+00  0.00000000E+00  0.00000000E+00  0.00000000E+00
  0.00000000E+00  0.00000000E+00  0.00000000E+00  0.00000000E+00  0.00000000E+00
  0.00000000E+00  0.00000000E+00  0.00000000E+00  0.00000000E+00  0.00000000E+00
  0.00000000E+00  0.00000000E+00  0.00000000E+00  0.00000000E+00  0.00000000E+00
  0.00000000E+00  0.00000000E+00  0.00000000E+00  0.00000000E+00
  0.10000000E+01  0.27116419E+01  0.40237832E+01  0.49965807E+01  0.57161311E+01
  0.62446768E+01  0.66220875E+01  0.68725329E+01  0.70108631E+01  0.70441494E+01
  0.69825731E+01  0.68378890E+01  0.66252471E+01  0.63596868E+01  0.60552721E+01
  0.57251055E+01  0.53822199E+01  0.50371055E+01  0.46985720E+01  0.43718810E+01
  0.40607663E+01  0.37652012E+01  0.34848415E+01  0.32181730E+01  0.29645649E+01
  0.27237452E+01  0.24958737E+01  0.22811795E+01  0.20798010E+01  0.18916717E+01
  0.17167712E+01  0.15548727E+01  0.14054730E+01  0.12681444E+01  0.11423711E+01
  0.10274783E+01  0.92268490E+00  0.82733588E+00  0.74073311E+00  0.66213526E+00
  0.59092403E+00  0.52660012E+00  0.46868543E+00  0.41672473E+00  0.37021605E+00
  0.32863824E+00  0.29149433E+00  0.25829214E+00  0.22862672E+00  0.20215712E+00
  0.17851460E+00  0.15740908E+00  0.13853523E+00  0.12166968E+00  0.10659980E+00
  0.93131786E-01  0.81107604E-01  0.70402284E-01  0.60911153E-01  0.52527466E-01
  0.45160956E-01  0.38714623E-01  0.33101475E-01  0.28245972E-01  0.24043706E-01
  0.20386307E-01  0.17177129E-01  0.14377408E-01  0.11971766E-01  0.99234744E-02
  0.81853026E-02  0.67314335E-02  0.55275270E-02  0.45625685E-02  0.38085876E-02
  0.31938597E-02  0.26762048E-02  0.22463199E-02  0.18890390E-02  0.16008153E-02
  0.13755705E-02  0.11906944E-02  0.10548518E-02  0.99527582E-03  0.99268956E-03
  0.99968269E-03  0.99348288E-03  0.97947232E-03  0.97225623E-03  0.97137872E-03
  0.94974119E-03  0.88469856E-03  0.77464170E-03  0.64685716E-03  0.52045045E-03
  0.39134462E-03  0.25459085E-03  0.12722157E-03  0.41092796E-04 -0.35674220E-05
  0.00000000E+00  0.00000000E+00  0.00000000E+00  0.00000000E+00  0.00000000E+00
  0.00000000E+00  0.00000000E+00  0.00000000E+00  0.00000000E+00  0.00000000E+00
  0.00000000E+00  0.00000000E+00  0.00000000E+00  0.00000000E+00  0.00000000E+00
  0.00000000E+00  0.00000000E+00  0.00000000E+00  0.00000000E+00  0.00000000E+00
  0.00000000E+00  0.00000000E+00  0.00000000E+00  0.00000000E+00  0.00000000E+00
  0.00000000E+00  0.00000000E+00  0.00000000E+00  0.00000000E+00
  0.10000000E+01  0.27351873E+01  0.41092789E+01  0.51819815E+01  0.60306525E+01
  0.67096672E+01  0.72533313E+01  0.76826302E+01  0.80074454E+01  0.82310879E+01
  0.83596168E+01  0.84008055E+01  0.83655142E+01  0.82646813E+01  0.81089789E+01
  0.79088037E+01  0.76749428E+01  0.74167012E+01  0.71424724E+01  0.68582446E+01
  0.65688853E+01  0.62764860E+01  0.59828043E+01  0.56886580E+01  0.53954079E+01
  0.51045573E+01  0.48178922E+01  0.45370790E+01  0.42636060E+01  0.39986255E+01
  0.37431812E+01  0.34980719E+01  0.32637558E+01  0.30406394E+01  0.28288841E+01
  0.26284875E+01  0.24392585E+01  0.22610350E+01  0.20934991E+01  0.19362614E+01
  0.17889748E+01  0.16513467E+01  0.15230673E+01  0.14037927E+01  0.12931154E+01
  0.11905678E+01  0.10956577E+01  0.10078750E+01  0.92670700E+00  0.85171574E+00
  0.78236170E+00  0.71823388E+00  0.65890931E+00  0.60403546E+00  0.55326563E+00
  0.50633129E+00  0.46297370E+00  0.42292804E+00  0.38594094E+00  0.35181202E+00
  0.32036827E+00  0.29144074E+00  0.26483901E+00  0.24036332E+00  0.21783038E+00
  0.19709405E+00  0.17806189E+00  0.16065028E+00  0.14476680E+00  0.13032198E+00
  0.11721982E+00  0.10537460E+00  0.94725523E-01  0.85172969E-01  0.76606613E-01
  0.68920400E-01  0.62019330E-01  0.55795505E-01  0.50178328E-01  0.45079735E-01
  0.40452619E-01  0.36276311E-01  0.32539210E-01  0.29209109E-01  0.26228856E-01
  0.23541257E-01  0.21097256E-01  0.18893086E-01  0.16927456E-01  0.15169045E-01
  0.13599050E-01  0.12199229E-01  0.10935893E-01  0.98019414E-02  0.87817280E-02
  0.78671999E-02  0.70445410E-02  0.63133492E-02  0.56739330E-02  0.50900084E-02
  0.45580353E-02  0.40851489E-02  0.36610655E-02  0.33029972E-02  0.29853400E-02
  0.27011521E-02  0.24415812E-02  0.22092825E-02  0.20100963E-02  0.18180814E-02
  0.16286507E-02  0.14500643E-02  0.12932282E-02  0.11616114E-02  0.10485526E-02
  0.94284662E-03  0.84774870E-03  0.76632834E-03  0.70235011E-03  0.65417537E-03
  0.61224354E-03  0.58161015E-03  0.53767562E-03  0.47816630E-03  0.41373572E-03
  0.35615303E-03  0.31722307E-03  0.28652747E-03  0.25085271E-03
  0.10000000E+01  0.27556017E+01  0.41798414E+01  0.53282294E+01  0.62707872E+01
  0.70561927E+01  0.77162716E+01  0.82718740E+01  0.87321415E+01  0.90991968E+01
  0.93770585E+01  0.95712175E+01  0.96896388E+01  0.97403102E+01  0.97311618E+01
  0.96700824E+01  0.95654845E+01  0.94248051E+01  0.92550016E+01  0.90613923E+01
  0.88485559E+01  0.86190687E+01  0.83752866E+01  0.81188935E+01  0.78520301E+01
  0.75769448E+01  0.72961032E+01  0.70118550E+01  0.67263846E+01  0.64416026E+01
  0.61593332E+01  0.58811371E+01  0.56082237E+01  0.53417005E+01  0.50823896E+01
  0.48309431E+01  0.45877673E+01  0.43532334E+01  0.41275044E+01  0.39106351E+01
  0.37026757E+01  0.35036526E+01  0.33135381E+01  0.31322832E+01  0.29597421E+01
  0.27957056E+01  0.26399292E+01  0.24921132E+01  0.23519301E+01  0.22190816E+01
  0.20931508E+01  0.19738386E+01  0.18608030E+01  0.17537667E+01  0.16524448E+01
  0.15565789E+01  0.14658736E+01  0.13800048E+01  0.12986950E+01  0.12217400E+01
  0.11489845E+01  0.10802435E+01  0.10152709E+01  0.95381962E+00  0.89564413E+00
  0.84055628E+00  0.78846786E+00  0.73935977E+00  0.69317670E+00  0.64981702E+00
  0.60911960E+00  0.57089497E+00  0.53499527E+00  0.50131596E+00  0.46975011E+00
  0.44016157E+00  0.41240053E+00  0.38629817E+00  0.36172397E+00  0.33860249E+00
  0.31688029E+00  0.29653333E+00  0.27751416E+00  0.25975168E+00  0.24315418E+00
  0.22760486E+00  0.21300603E+00  0.19927265E+00  0.18635801E+00  0.17425176E+00
  0.16292029E+00  0.15232236E+00  0.14242048E+00  0.13315344E+00  0.12446741E+00
  0.11631506E+00  0.10865851E+00  0.10146739E+00  0.94732479E-01  0.88426525E-01
  0.82523298E-01  0.76998720E-01  0.71841297E-01  0.67041769E-01  0.62597844E-01
  0.58468756E-01  0.54618788E-01  0.51019577E-01  0.47651150E-01  0.44499798E-01
  0.41549095E-01  0.38779619E-01  0.36204816E-01  0.33850614E-01  0.31692521E-01
  0.29713590E-01  0.27882411E-01  0.26188576E-01  0.24632410E-01  0.23179757E-01
  0.21791157E-01  0.20440978E-01  0.19113605E-01  0.17823232E-01  0.16600919E-01
  0.15464728E-01  0.14412904E-01  0.13404573E-01  0.12458081E-01
  0.10000000E+01  0.27842170E+01  0.42785331E+01  0.55324466E+01  0.66054599E+01
  0.75381121E+01  0.83584261E+01  0.90869046E+01  0.97319864E+01  0.10294492E+02
  0.10776030E+02  0.11179417E+02  0.11509194E+02  0.11769847E+02  0.11966010E+02
  0.12102534E+02  0.12184890E+02  0.12218169E+02  0.12207408E+02  0.12156853E+02
  0.12070457E+02  0.11951097E+02  0.11801604E+02  0.11624445E+02  0.11422427E+02
  0.11198431E+02  0.10955524E+02  0.10696666E+02  0.10424707E+02  0.10142295E+02
  0.98519906E+01  0.95561454E+01  0.92568042E+01  0.89558942E+01  0.86550137E+01
  0.83556246E+01  0.80589321E+01  0.77660273E+01  0.74777376E+01  0.71947469E+01
  0.69176754E+01  0.66470825E+01  0.63834080E+01  0.61270047E+01  0.58781163E+01
  0.56369041E+01  0.54034893E+01  0.51779432E+01  0.49602257E+01  0.47502616E+01
  0.45478163E+01  0.43528037E+01  0.41650777E+01  0.39845202E+01  0.38109638E+01
  0.36442325E+01  0.34840806E+01  0.33302167E+01  0.31823878E+01  0.30404569E+01
  0.29043032E+01  0.27737619E+01  0.26485864E+01  0.25284845E+01  0.24131651E+01
  0.23024386E+01  0.21962738E+01  0.20946757E+01  0.19976043E+01  0.19049090E+01
  0.18163741E+01  0.17317918E+01  0.16509778E+01  0.15738016E+01  0.15001528E+01
  0.14298670E+01  0.13627474E+01  0.12986040E+01  0.12372355E+01  0.11784951E+01
  0.11222842E+01  0.10685741E+01  0.10173521E+01  0.96853726E+00  0.92203550E+00
  0.87770617E+00  0.83538958E+00  0.79496948E+00  0.75638712E+00  0.71958762E+00
  0.68452485E+00  0.65113269E+00  0.61933255E+00  0.58902758E+00  0.56013582E+00
  0.53259603E+00  0.50634402E+00  0.48134957E+00  0.45754863E+00  0.43488075E+00
  0.41329134E+00  0.39273258E+00  0.37317596E+00  0.35456642E+00  0.33685294E+00
  0.31998976E+00  0.30395489E+00  0.28872169E+00  0.27426413E+00  0.26051911E+00
  0.24743190E+00  0.23496146E+00  0.22307364E+00  0.21175780E+00  0.20097548E+00
  0.19070424E+00  0.18092852E+00  0.17166097E+00  0.16289107E+00  0.15458069E+00
  0.14667419E+00  0.13912689E+00  0.13194070E+00  0.12511501E+00  0.11864206E+00
  0.11249924E+00  0.10664826E+00  0.10107378E+00  0.95790037E-01
  0.10000000E+01  0.28074853E+01  0.43574859E+01  0.56933661E+01  0.68665321E+01
  0.79114556E+01  0.88535000E+01  0.97133357E+01  0.10500094E+02  0.11214390E+02
  0.11856612E+02  0.12427967E+02  0.12930799E+02  0.13367363E+02  0.13740165E+02
  0.14052004E+02  0.14306261E+02  0.14506186E+02  0.14655186E+02  0.14756342E+02
  0.14812702E+02  0.14826788E+02  0.14801179E+02  0.14738330E+02  0.14640963E+02
  0.14511910E+02  0.14354171E+02  0.14170680E+02  0.13964343E+02  0.13737956E+02
  0.13494278E+02  0.13235959E+02  0.12965409E+02  0.12684930E+02  0.12396538E+02
  0.12102124E+02  0.11803370E+02  0.11501816E+02  0.11198781E+02  0.10895428E+02
  0.10592819E+02  0.10291915E+02  0.99935558E+01  0.96985189E+01  0.94074526E+01
  0.91209019E+01  0.88393492E+01  0.85631948E+01  0.82927445E+01  0.80282433E+01
  0.77697529E+01  0.75174382E+01  0.72713698E+01  0.70316782E+01  0.67984157E+01
  0.65716201E+01  0.63512113E+01  0.61370161E+01  0.59289045E+01  0.57268571E+01
  0.55308974E+01  0.53409565E+01  0.51568681E+01  0.49783805E+01  0.48052416E+01
  0.46373058E+01  0.44746096E+01  0.43172271E+01  0.41651624E+01  0.40183031E+01
  0.38764465E+01  0.37393816E+01  0.36069223E+01  0.34789624E+01  0.33554111E+01
  0.32361438E+01  0.31209811E+01  0.30097203E+01  0.29021533E+01  0.27981121E+01
  0.26974985E+01  0.26002938E+01  0.25064946E+01  0.24160362E+01  0.23288006E+01
  0.22446350E+01  0.21633727E+01  0.20848772E+01  0.20090847E+01  0.19359633E+01
  0.18654665E+01  0.17975065E+01  0.17319718E+01  0.16687460E+01  0.16077247E+01
  0.15488403E+01  0.14920374E+01  0.14372583E+01  0.13844362E+01  0.13335112E+01
  0.12844459E+01  0.12371739E+01  0.11916409E+01  0.11477549E+01  0.11054382E+01
  0.10646298E+01  0.10252818E+01  0.98738693E+00  0.95089232E+00  0.91575527E+00
  0.88191478E+00  0.84930507E+00  0.81788065E+00  0.78759063E+00  0.75839807E+00
  0.73026683E+00  0.70315257E+00  0.67704435E+00  0.65191883E+00  0.62772266E+00
  0.60441448E+00  0.58194025E+00  0.56028090E+00  0.53943680E+00  0.51936955E+00
  0.50005219E+00  0.48146287E+00  0.46357661E+00  0.44636075E+00
  0.10000000E+01  0.28289093E+01  0.44296960E+01  0.58396582E+01  0.71030869E+01
  0.82491549E+01  0.93007142E+01  0.10278396E+02  0.11192330E+02  0.12043288E+02
  0.12830951E+02  0.13555378E+02  0.14217333E+02  0.14817461E+02  0.15356781E+02
  0.15836655E+02  0.16258940E+02  0.16625491E+02  0.16938403E+02  0.17199695E+02
  0.17411476E+02  0.17575670E+02  0.17694342E+02  0.17769573E+02  0.17803678E+02
  0.17799098E+02  0.17758437E+02  0.17684298E+02  0.17579314E+02  0.17446098E+02
  0.17287290E+02  0.17105489E+02  0.16903117E+02  0.16682541E+02  0.16445933E+02
  0.16195368E+02  0.15932768E+02  0.15659967E+02  0.15378584E+02  0.15090118E+02
  0.14795976E+02  0.14497457E+02  0.14195748E+02  0.13891942E+02  0.13587016E+02
  0.13281866E+02  0.12977310E+02  0.12674081E+02  0.12372810E+02  0.12074074E+02
  0.11778274E+02  0.11485882E+02  0.11197287E+02  0.10912852E+02  0.10632892E+02
  0.10357672E+02  0.10087322E+02  0.98218706E+01  0.95613739E+01  0.93059827E+01
  0.90558578E+01  0.88110562E+01  0.85715545E+01  0.83372519E+01  0.81080143E+01
  0.78838300E+01  0.76648174E+01  0.74511449E+01  0.72428728E+01  0.70399286E+01
  0.68421626E+01  0.66493956E+01  0.64615064E+01  0.62784162E+01  0.61000992E+01
  0.59264767E+01  0.57574397E+01  0.55928493E+01  0.54325322E+01  0.52763317E+01
  0.51241330E+01  0.49759324E+01  0.48317586E+01  0.46915855E+01  0.45553333E+01
  0.44228433E+01  0.42939335E+01  0.41684651E+01  0.40463756E+01  0.39276550E+01
  0.38122896E+01  0.37002037E+01  0.35912932E+01  0.34854372E+01  0.33825380E+01
  0.32825214E+01  0.31853129E+01  0.30908413E+01  0.29990358E+01  0.29098587E+01
  0.28232581E+01  0.27391908E+01  0.26575823E+01  0.25783267E+01  0.25013326E+01
  0.24265464E+01  0.23539287E+01  0.22834439E+01  0.22150472E+01  0.21486821E+01
  0.20842517E+01  0.20216962E+01  0.19609638E+01  0.19019954E+01  0.18447600E+01
  0.17892099E+01  0.17353143E+01  0.16830352E+01  0.16323244E+01  0.15831398E+01
  0.15354145E+01  0.14890857E+01  0.14441130E+01  0.14004875E+01  0.13581831E+01
  0.13171674E+01  0.12774111E+01  0.12388547E+01  0.12014453E+01
  0.10000000E+01  0.28468496E+01  0.44897991E+01  0.59606460E+01  0.72984867E+01
  0.85285465E+01  0.96714196E+01  0.10747064E+02  0.11766413E+02  0.12730644E+02
  0.13639338E+02  0.14491931E+02  0.15288326E+02  0.16028240E+02  0.16711990E+02
  0.17340222E+02  0.17914026E+02  0.18434484E+02  0.18902899E+02  0.19320572E+02
  0.19688923E+02  0.20009316E+02  0.20283238E+02  0.20512252E+02  0.20698087E+02
  0.20842605E+02  0.20947803E+02  0.21015716E+02  0.21048424E+02  0.21048034E+02
  0.21016721E+02  0.20956659E+02  0.20869933E+02  0.20758606E+02  0.20624623E+02
  0.20469889E+02  0.20296242E+02  0.20105453E+02  0.19899166E+02  0.19678927E+02
  0.19446224E+02  0.19202484E+02  0.18949021E+02  0.18687082E+02  0.18417826E+02
  0.18142337E+02  0.17861639E+02  0.17576691E+02  0.17288372E+02  0.16997490E+02
  0.16704712E+02  0.16410747E+02  0.16116251E+02  0.15821847E+02  0.15528106E+02
  0.15235539E+02  0.14944518E+02  0.14655312E+02  0.14368189E+02  0.14083517E+02
  0.13801641E+02  0.13522803E+02  0.13247166E+02  0.12974800E+02  0.12705765E+02
  0.12440197E+02  0.12178359E+02  0.11920521E+02  0.11666842E+02  0.11417360E+02
  0.11172036E+02  0.10930821E+02  0.10693690E+02  0.10460677E+02  0.10231825E+02
  0.10007125E+02  0.97865429E+01  0.95700291E+01  0.93574930E+01  0.91488181E+01
  0.89439556E+01  0.87429490E+01  0.85458689E+01  0.83527374E+01  0.81635005E+01
  0.79780497E+01  0.77962390E+01  0.76179735E+01  0.74432301E+01  0.72720265E+01
  0.71043526E+01  0.69401676E+01  0.67794161E+01  0.66220204E+01  0.64679062E+01
  0.63170258E+01  0.61693150E+01  0.60247185E+01  0.58832060E+01  0.57447452E+01
  0.56093290E+01  0.54769051E+01  0.53473969E+01  0.52207202E+01  0.50967971E+01
  0.49756012E+01  0.48571025E+01  0.47412771E+01  0.46280777E+01  0.45174619E+01
  0.44093487E+01  0.43036804E+01  0.42004097E+01  0.40994761E+01  0.40008585E+01
  0.39045163E+01  0.38104285E+01  0.37185651E+01  0.36288833E+01  0.35413214E+01
  0.34558094E+01  0.33722943E+01  0.32907474E+01  0.32111361E+01  0.31334143E+01
  0.30575603E+01  0.29835328E+01  0.29113008E+01  0.28408256E+01
  0.10000000E+01  0.28636477E+01  0.45462061E+01  0.60742867E+01  0.74823503E+01
  0.87920403E+01  0.10021753E+02  0.11190376E+02  0.12309317E+02  0.13380061E+02
  0.14402206E+02  0.15374680E+02  0.16296756E+02  0.17167403E+02  0.17986433E+02
  0.18753950E+02  0.19470495E+02  0.20136541E+02  0.20752802E+02  0.21320017E+02
  0.21839056E+02  0.22310847E+02  0.22736420E+02  0.23116887E+02  0.23453478E+02
  0.23747538E+02  0.24000505E+02  0.24213893E+02  0.24389264E+02  0.24528227E+02
  0.24632461E+02  0.24703702E+02  0.24743633E+02  0.24753968E+02  0.24736352E+02
  0.24692448E+02  0.24623879E+02  0.24532246E+02  0.24419092E+02  0.24285899E+02
  0.24134126E+02  0.23965187E+02  0.23780426E+02  0.23581125E+02  0.23368515E+02
  0.23143789E+02  0.22908090E+02  0.22662517E+02  0.22408106E+02  0.22145841E+02
  0.21876606E+02  0.21601293E+02  0.21320738E+02  0.21035748E+02  0.20747086E+02
  0.20455459E+02  0.20161475E+02  0.19865633E+02  0.19568422E+02  0.19270387E+02
  0.18972037E+02  0.18673819E+02  0.18376097E+02  0.18079175E+02  0.17783306E+02
  0.17488779E+02  0.17195961E+02  0.16905217E+02  0.16616819E+02  0.16330920E+02
  0.16047637E+02  0.15767040E+02  0.15489246E+02  0.15214388E+02  0.14942609E+02
  0.14674011E+02  0.14408667E+02  0.14146641E+02  0.13887910E+02  0.13632423E+02
  0.13380162E+02  0.13131203E+02  0.12885649E+02  0.12643580E+02  0.12405012E+02
  0.12169897E+02  0.11938145E+02  0.11709699E+02  0.11484571E+02  0.11262805E+02
  0.11044441E+02  0.10829482E+02  0.10617915E+02  0.10409692E+02  0.10204768E+02
  0.10003090E+02  0.98046346E+01  0.96093717E+01  0.94172777E+01  0.92283679E+01
  0.90426553E+01  0.88601222E+01  0.86807163E+01  0.85043923E+01  0.83311043E+01
  0.81608286E+01  0.79935455E+01  0.78292342E+01  0.76678899E+01  0.75094819E+01
  0.73539686E+01  0.72013011E+01  0.70514297E+01  0.69043032E+01  0.67598842E+01
  0.66181719E+01  0.64791556E+01  0.63428235E+01  0.62091441E+01  0.60780445E+01
  0.59494753E+01  0.58233957E+01  0.56997796E+01  0.55786197E+01  0.54598636E+01
  0.53434685E+01  0.52294053E+01  0.51176313E+01  0.50081368E+01
  0.10000000E+01  0.28736859E+01  0.45801855E+01  0.61427122E+01  0.75935573E+01
  0.89526014E+01  0.10236959E+02  0.11464049E+02  0.12645106E+02  0.13781702E+02
  0.14873754E+02  0.15920085E+02  0.16920034E+02  0.17872428E+02  0.18777129E+02
  0.19634175E+02  0.20444100E+02  0.21207268E+02  0.21924276E+02  0.22595710E+02
  0.23222241E+02  0.23804582E+02  0.24343528E+02  0.24839959E+02  0.25294819E+02
  0.25709176E+02  0.26084143E+02  0.26420932E+02  0.26720763E+02  0.26984918E+02
  0.27214718E+02  0.27411528E+02  0.27576687E+02  0.27711545E+02  0.27817411E+02
  0.27895623E+02  0.27947502E+02  0.27974354E+02  0.27977449E+02  0.27958013E+02
  0.27917279E+02  0.27856466E+02  0.27776738E+02  0.27679218E+02  0.27564992E+02
  0.27435109E+02  0.27290585E+02  0.27132414E+02  0.26961560E+02  0.26778939E+02
  0.26585404E+02  0.26381825E+02  0.26169005E+02  0.25947769E+02  0.25718898E+02
  0.25483135E+02  0.25241147E+02  0.24993521E+02  0.24740818E+02  0.24483640E+02
  0.24222575E+02  0.23958151E+02  0.23690824E+02  0.23421017E+02  0.23149112E+02
  0.22875488E+02  0.22600605E+02  0.22324908E+02  0.22048758E+02  0.21772432E+02
  0.21496164E+02  0.21220177E+02  0.20944710E+02  0.20670021E+02  0.20396351E+02
  0.20123877E+02  0.19852764E+02  0.19583151E+02  0.19315118E+02  0.19048715E+02
  0.18784024E+02  0.18521193E+02  0.18260378E+02  0.18001690E+02  0.17745208E+02
  0.17490973E+02  0.17238968E+02  0.16989211E+02  0.16741767E+02  0.16496697E+02
  0.16254063E+02  0.16013890E+02  0.15776188E+02  0.15540964E+02  0.15308209E+02
  0.15077950E+02  0.14850174E+02  0.14624888E+02  0.14402111E+02  0.14181877E+02
  0.13964226E+02  0.13749173E+02  0.13536715E+02  0.13326798E+02  0.13119397E+02
  0.12914493E+02  0.12712093E+02  0.12512185E+02  0.12314800E+02  0.12119929E+02
  0.11927573E+02  0.11737719E+02  0.11550332E+02  0.11365380E+02  0.11182871E+02
  0.11002824E+02  0.10825254E+02  0.10650191E+02  0.10477598E+02  0.10307399E+02
  0.10139543E+02  0.99740147E+01  0.98107940E+01  0.96499119E+01  0.94913733E+01
  0.93351493E+01  0.91812177E+01  0.90295610E+01  0.88801601E+01
  0.10000000E+01  0.28840191E+01  0.46153460E+01  0.62138436E+01  0.77094101E+01
  0.91200152E+01  0.10461460E+02  0.11749746E+02  0.12995883E+02  0.14201447E+02
  0.15366552E+02  0.16489825E+02  0.17570562E+02  0.18607342E+02  0.19599984E+02
  0.20548368E+02  0.21452929E+02  0.22313852E+02  0.23131562E+02  0.23906454E+02
  0.24639004E+02  0.25329735E+02  0.25979224E+02  0.26588174E+02  0.27157288E+02
  0.27687408E+02  0.28179378E+02  0.28634155E+02  0.29052680E+02  0.29435964E+02
  0.29785035E+02  0.30100992E+02  0.30384896E+02  0.30637832E+02  0.30860856E+02
  0.31055044E+02  0.31221487E+02  0.31361256E+02  0.31475406E+02  0.31564974E+02
  0.31630998E+02  0.31674522E+02  0.31696551E+02  0.31698060E+02  0.31680003E+02
  0.31643321E+02  0.31588930E+02  0.31517727E+02  0.31430591E+02  0.31328371E+02
  0.31211883E+02  0.31081945E+02  0.30939357E+02  0.30784910E+02  0.30619370E+02
  0.30443485E+02  0.30257942E+02  0.30063364E+02  0.29860345E+02  0.29649507E+02
  0.29431481E+02  0.29206845E+02  0.28976141E+02  0.28739872E+02  0.28498501E+02
  0.28252515E+02  0.28002411E+02  0.27748689E+02  0.27491809E+02  0.27232153E+02
  0.26970059E+02  0.26705849E+02  0.26439851E+02  0.26172404E+02  0.25903831E+02
  0.25634419E+02  0.25364419E+02  0.25094060E+02  0.24823527E+02  0.24552954E+02
  0.24282499E+02  0.24012395E+02  0.23742879E+02  0.23474124E+02  0.23206259E+02
  0.22939375E+02  0.22673539E+02  0.22408835E+02  0.22145378E+02  0.21883299E+02
  0.21622690E+02  0.21363614E+02  0.21106113E+02  0.20850227E+02  0.20596011E+02
  0.20343513E+02  0.20092781E+02  0.19843824E+02  0.19596665E+02  0.19351365E+02
  0.19107983E+02  0.18866585E+02  0.18627180E+02  0.18389753E+02  0.18154302E+02
  0.17920824E+02  0.17689340E+02  0.17459883E+02  0.17232484E+02  0.17007170E+02
  0.16783930E+02  0.16562749E+02  0.16343611E+02  0.16126507E+02  0.15911461E+02
  0.15698503E+02  0.15487682E+02  0.15279002E+02  0.15072439E+02  0.14867985E+02
  0.14665593E+02  0.14465290E+02  0.14267098E+02  0.14071023E+02  0.13877076E+02
  0.13685225E+02  0.13495456E+02  0.13307793E+02  0.13122240E+02
  0.10000000E+01  0.28893553E+01  0.46339226E+01  0.62517780E+01  0.77718390E+01
  0.92113561E+01  0.10585466E+02  0.11909048E+02  0.13192631E+02  0.14437724E+02
  0.15644627E+02  0.16811982E+02  0.17939244E+02  0.19025068E+02  0.20069422E+02
  0.21072275E+02  0.22034171E+02  0.22955335E+02  0.23836229E+02  0.24677230E+02
  0.25478777E+02  0.26241333E+02  0.26965397E+02  0.27651599E+02  0.28300545E+02
  0.28912988E+02  0.29489650E+02  0.30031385E+02  0.30538997E+02  0.31013378E+02
  0.31455408E+02  0.31866035E+02  0.32246167E+02  0.32596725E+02  0.32918599E+02
  0.33212693E+02  0.33479920E+02  0.33721191E+02  0.33937385E+02  0.34129376E+02
  0.34298047E+02  0.34444262E+02  0.34568863E+02  0.34672651E+02  0.34756420E+02
  0.34820953E+02  0.34867031E+02  0.34895422E+02  0.34906871E+02  0.34902101E+02
  0.34881815E+02  0.34846723E+02  0.34797512E+02  0.34734867E+02  0.34659454E+02
  0.34571919E+02  0.34472869E+02  0.34362846E+02  0.34242388E+02  0.34112056E+02
  0.33972412E+02  0.33823993E+02  0.33667302E+02  0.33502827E+02  0.33331027E+02
  0.33152360E+02  0.32967312E+02  0.32776371E+02  0.32579989E+02  0.32378552E+02
  0.32172420E+02  0.31961953E+02  0.31747495E+02  0.31529410E+02  0.31308049E+02
  0.31083713E+02  0.30856700E+02  0.30627298E+02  0.30395738E+02  0.30162207E+02
  0.29926923E+02  0.29690155E+02  0.29452155E+02  0.29213157E+02  0.28973341E+02
  0.28732849E+02  0.28491806E+02  0.28250329E+02  0.28008565E+02  0.27766674E+02
  0.27524790E+02  0.27283029E+02  0.27041504E+02  0.26800302E+02  0.26559504E+02
  0.26319197E+02  0.26079462E+02  0.25840348E+02  0.25601906E+02  0.25364231E+02
  0.25127412E+02  0.24891504E+02  0.24656533E+02  0.24422521E+02  0.24189487E+02
  0.23957461E+02  0.23726482E+02  0.23496616E+02  0.23267911E+02  0.23040413E+02
  0.22814151E+02  0.22589140E+02  0.22365395E+02  0.22142919E+02  0.21921750E+02
  0.21701921E+02  0.21483464E+02  0.21266430E+02  0.21050822E+02  0.20836610E+02
  0.20623795E+02  0.20412386E+02  0.20202398E+02  0.19993879E+02  0.19786839E+02
  0.19581273E+02  0.19377217E+02  0.19174686E+02  0.18973670E+02
  0.10000000E+01  0.28961353E+01  0.46573709E+01  0.62996911E+01  0.78504763E+01
  0.93258293E+01  0.10739993E+02  0.12106736E+02  0.13436154E+02  0.14729686E+02
  0.15987727E+02  0.17208834E+02  0.18392487E+02  0.19537278E+02  0.20643201E+02
  0.21710190E+02  0.22738793E+02  0.23729187E+02  0.24681785E+02  0.25596897E+02
  0.26474876E+02  0.27316094E+02  0.28120938E+02  0.28889939E+02  0.29623593E+02
  0.30322545E+02  0.30987384E+02  0.31618847E+02  0.32217596E+02  0.32784373E+02
  0.33319891E+02  0.33824954E+02  0.34300309E+02  0.34746732E+02  0.35164961E+02
  0.35555749E+02  0.35919861E+02  0.36258047E+02  0.36571051E+02  0.36859606E+02
  0.37124448E+02  0.37366315E+02  0.37585929E+02  0.37783968E+02  0.37961128E+02
  0.38118080E+02  0.38255506E+02  0.38374067E+02  0.38474409E+02  0.38557162E+02
  0.38622942E+02  0.38672380E+02  0.38706100E+02  0.38724712E+02  0.38728819E+02
  0.38719015E+02  0.38695853E+02  0.38659848E+02  0.38611507E+02  0.38551361E+02
  0.38479941E+02  0.38397748E+02  0.38305279E+02  0.38203011E+02  0.38091401E+02
  0.37970908E+02  0.37842006E+02  0.37705178E+02  0.37560880E+02  0.37409507E+02
  0.37251444E+02  0.37087070E+02  0.36916768E+02  0.36740922E+02  0.36559909E+02
  0.36374089E+02  0.36183794E+02  0.35989344E+02  0.35791016E+02  0.35589041E+02
  0.35383684E+02  0.35175247E+02  0.34964014E+02  0.34750253E+02  0.34534181E+02
  0.34315990E+02  0.34095850E+02  0.33873923E+02  0.33650383E+02  0.33425419E+02
  0.33199207E+02  0.32971908E+02  0.32743670E+02  0.32514617E+02  0.32284854E+02
  0.32054515E+02  0.31823712E+02  0.31592525E+02  0.31361037E+02  0.31129364E+02
  0.30897612E+02  0.30665849E+02  0.30434138E+02  0.30202534E+02  0.29971076E+02
  0.29739814E+02  0.29508805E+02  0.29278103E+02  0.29047774E+02  0.28817877E+02
  0.28588467E+02  0.28359604E+02  0.28131327E+02  0.27903658E+02  0.27676627E+02
  0.27450273E+02  0.27224659E+02  0.26999821E+02  0.26775786E+02  0.26552588E+02
  0.26330222E+02  0.26108699E+02  0.25888069E+02  0.25668360E+02  0.25449590E+02
  0.25231793E+02  0.25014988E+02  0.24799204E+02  0.24584471E+02
  0.10000000E+01  0.29001787E+01  0.46717455E+01  0.63294241E+01  0.78998506E+01
  0.93985946E+01  0.10839427E+02  0.12235207E+02  0.13595572E+02  0.14921835E+02
  0.16214483E+02  0.17472082E+02  0.18694229E+02  0.19879598E+02  0.21028321E+02
  0.22140399E+02  0.23216486E+02  0.24256802E+02  0.25261807E+02  0.26231800E+02
  0.27167129E+02  0.28068124E+02  0.28935134E+02  0.29768639E+02  0.30569079E+02
  0.31337055E+02  0.32073087E+02  0.32777866E+02  0.33451977E+02  0.34096113E+02
  0.34710891E+02  0.35297031E+02  0.35855182E+02  0.36386034E+02  0.36890225E+02
  0.37368418E+02  0.37821263E+02  0.38249398E+02  0.38653483E+02  0.39034117E+02
  0.39391953E+02  0.39727617E+02  0.40041728E+02  0.40334857E+02  0.40607592E+02
  0.40860485E+02  0.41094119E+02  0.41309040E+02  0.41505804E+02  0.41684930E+02
  0.41846947E+02  0.41992387E+02  0.42121770E+02  0.42235616E+02  0.42334443E+02
  0.42418745E+02  0.42488996E+02  0.42545621E+02  0.42589052E+02  0.42619756E+02
  0.42638179E+02  0.42644761E+02  0.42639941E+02  0.42624131E+02  0.42597727E+02
  0.42561144E+02  0.42514806E+02  0.42459143E+02  0.42394569E+02  0.42321458E+02
  0.42240162E+02  0.42151030E+02  0.42054416E+02  0.41950685E+02  0.41840208E+02
  0.41723326E+02  0.41600343E+02  0.41471567E+02  0.41337278E+02  0.41197716E+02
  0.41053157E+02  0.40903931E+02  0.40750348E+02  0.40592668E+02  0.40431128E+02
  0.40265932E+02  0.40097261E+02  0.39925316E+02  0.39750311E+02  0.39572462E+02
  0.39391979E+02  0.39209034E+02  0.39023784E+02  0.38836368E+02  0.38646932E+02
  0.38455642E+02  0.38262623E+02  0.38067994E+02  0.37871874E+02  0.37674377E+02
  0.37475639E+02  0.37275763E+02  0.37074814E+02  0.36872877E+02  0.36670025E+02
  0.36466325E+02  0.36261852E+02  0.36056668E+02  0.35850860E+02  0.35644510E+02
  0.35437692E+02  0.35230466E+02  0.35022884E+02  0.34814992E+02  0.34606838E+02
  0.34398481E+02  0.34189986E+02  0.33981413E+02  0.33772814E+02  0.33564204E+02
  0.33355591E+02  0.33147010E+02  0.32938515E+02  0.32730152E+02  0.32521953E+02
  0.32313946E+02  0.32106171E+02  0.31898665E+02  0.31691463E+02
  0.10000000E+01  0.29038487E+01  0.46846878E+01  0.63561787E+01  0.79441321E+01
  0.94635023E+01  0.10927612E+02  0.12348685E+02  0.13736054E+02  0.15090926E+02
  0.16413814E+02  0.17703223E+02  0.18958764E+02  0.20179087E+02  0.21364360E+02
  0.22514582E+02  0.23630428E+02  0.24712090E+02  0.25760018E+02  0.26774472E+02
  0.27755767E+02  0.28704173E+02  0.29620015E+02  0.30503727E+02  0.31355704E+02
  0.32176501E+02  0.32966579E+02  0.33726581E+02  0.34457032E+02  0.35158576E+02
  0.35831761E+02  0.36477251E+02  0.37095623E+02  0.37687512E+02  0.38253497E+02
  0.38794168E+02  0.39310130E+02  0.39801963E+02  0.40270265E+02  0.40715575E+02
  0.41138496E+02  0.41539577E+02  0.41919396E+02  0.42278468E+02  0.42617342E+02
  0.42936508E+02  0.43236509E+02  0.43517839E+02  0.43780997E+02  0.44026454E+02
  0.44254694E+02  0.44466196E+02  0.44661433E+02  0.44840881E+02  0.45005008E+02
  0.45154268E+02  0.45289092E+02  0.45409884E+02  0.45517043E+02  0.45610980E+02
  0.45692110E+02  0.45760836E+02  0.45817558E+02  0.45862664E+02  0.45896534E+02
  0.45919548E+02  0.45932088E+02  0.45934552E+02  0.45927316E+02  0.45910724E+02
  0.45885114E+02  0.45850813E+02  0.45808159E+02  0.45757508E+02  0.45699200E+02
  0.45633558E+02  0.45560896E+02  0.45481510E+02  0.45395668E+02  0.45303623E+02
  0.45205646E+02  0.45102040E+02  0.44993108E+02  0.44879113E+02  0.44760290E+02
  0.44636852E+02  0.44508998E+02  0.44376918E+02  0.44240823E+02  0.44100931E+02
  0.43957443E+02  0.43810545E+02  0.43660426E+02  0.43507246E+02  0.43351162E+02
  0.43192337E+02  0.43030919E+02  0.42867036E+02  0.42700819E+02  0.42532406E+02
  0.42361933E+02  0.42189510E+02  0.42015227E+02  0.41839164E+02  0.41661411E+02
  0.41482061E+02  0.41301203E+02  0.41118918E+02  0.40935304E+02  0.40750445E+02
  0.40564417E+02  0.40377303E+02  0.40189164E+02  0.40000066E+02  0.39810081E+02
  0.39619263E+02  0.39427686E+02  0.39235431E+02  0.39042534E+02  0.38849035E+02
  0.38654971E+02  0.38460372E+02  0.38265302E+02  0.38069822E+02  0.37873959E+02
  0.37677756E+02  0.37481255E+02  0.37284496E+02  0.37087519E+02
  0.10000000E+01  0.29060439E+01  0.46927492E+01  0.63731195E+01  0.79726240E+01
  0.95058703E+01  0.10986025E+02  0.12424699E+02  0.13830980E+02  0.15205890E+02
  0.16550031E+02  0.17861846E+02  0.19141067E+02  0.20386374E+02  0.21598050E+02
  0.22776124E+02  0.23921364E+02  0.25033983E+02  0.26114487E+02  0.27163107E+02
  0.28180192E+02  0.29165982E+02  0.30120793E+02  0.31045032E+02  0.31939081E+02
  0.32803472E+02  0.33638644E+02  0.34445235E+02  0.35223731E+02  0.35974777E+02
  0.36698868E+02  0.37396640E+02  0.38068613E+02  0.38715391E+02  0.39337509E+02
  0.39935514E+02  0.40509982E+02  0.41061428E+02  0.41590426E+02  0.42097455E+02
  0.42583080E+02  0.43047796E+02  0.43492160E+02  0.43916603E+02  0.44321644E+02
  0.44707706E+02  0.45075277E+02  0.45424789E+02  0.45756708E+02  0.46071447E+02
  0.46369449E+02  0.46651129E+02  0.46916917E+02  0.47167234E+02  0.47402501E+02
  0.47623127E+02  0.47829499E+02  0.48021976E+02  0.48200896E+02  0.48366617E+02
  0.48519509E+02  0.48659925E+02  0.48788212E+02  0.48904729E+02  0.49009810E+02
  0.49103777E+02  0.49186978E+02  0.49259761E+02  0.49322469E+02  0.49375415E+02
  0.49418910E+02  0.49453239E+02  0.49478715E+02  0.49495649E+02  0.49504346E+02
  0.49505104E+02  0.49498203E+02  0.49483918E+02  0.49462495E+02  0.49434146E+02
  0.49399129E+02  0.49357720E+02  0.49310192E+02  0.49256797E+02  0.49197765E+02
  0.49133307E+02  0.49063620E+02  0.48988879E+02  0.48909287E+02  0.48825054E+02
  0.48736382E+02  0.48643467E+02  0.48546488E+02  0.48445604E+02  0.48340973E+02
  0.48232748E+02  0.48121076E+02  0.48006084E+02  0.47887903E+02  0.47766675E+02
  0.47642547E+02  0.47515636E+02  0.47386036E+02  0.47253843E+02  0.47119155E+02
  0.46982065E+02  0.46842683E+02  0.46701106E+02  0.46557422E+02  0.46411723E+02
  0.46264101E+02  0.46114626E+02  0.45963374E+02  0.45810424E+02  0.45655836E+02
  0.45499688E+02  0.45342073E+02  0.45183052E+02  0.45022670E+02  0.44860995E+02
  0.44698082E+02  0.44533971E+02  0.44368729E+02  0.44202425E+02  0.44035098E+02
  0.43866782E+02  0.43697528E+02  0.43527383E+02  0.43356395E+02
  0.10000000E+01  0.29110665E+01  0.47103096E+01  0.64093058E+01  0.80323057E+01
  0.95929615E+01  0.11103812E+02  0.12575709E+02  0.14017446E+02  0.15429907E+02
  0.16813703E+02  0.18167147E+02  0.19489924E+02  0.20780609E+02  0.22039468E+02
  0.23266459E+02  0.24462321E+02  0.25627177E+02  0.26761492E+02  0.27865414E+02
  0.28939235E+02  0.29983128E+02  0.30997352E+02  0.31982251E+02  0.32938143E+02
  0.33865494E+02  0.34764655E+02  0.35636205E+02  0.36480540E+02  0.37298239E+02
  0.38089701E+02  0.38855501E+02  0.39596074E+02  0.40311943E+02  0.41003573E+02
  0.41671447E+02  0.42316077E+02  0.42937921E+02  0.43537499E+02  0.44115213E+02
  0.44671596E+02  0.45207062E+02  0.45722122E+02  0.46217158E+02  0.46692646E+02
  0.47148956E+02  0.47586551E+02  0.48005803E+02  0.48407140E+02  0.48790940E+02
  0.49157616E+02  0.49507547E+02  0.49841138E+02  0.50158773E+02  0.50460837E+02
  0.50747702E+02  0.51019730E+02  0.51277253E+02  0.51520592E+02  0.51750093E+02
  0.51966100E+02  0.52168941E+02  0.52358942E+02  0.52536438E+02  0.52701745E+02
  0.52855167E+02  0.52997032E+02  0.53127673E+02  0.53247420E+02  0.53356559E+02
  0.53455379E+02  0.53544170E+02  0.53623232E+02  0.53692859E+02  0.53753365E+02
  0.53805043E+02  0.53848170E+02  0.53883016E+02  0.53909829E+02  0.53928825E+02
  0.53940244E+02  0.53944377E+02  0.53941496E+02  0.53931833E+02  0.53915628E+02
  0.53893087E+02  0.53864389E+02  0.53829741E+02  0.53789354E+02  0.53743427E+02
  0.53692191E+02  0.53635832E+02  0.53574529E+02  0.53508463E+02  0.53437798E+02
  0.53362697E+02  0.53283346E+02  0.53199872E+02  0.53112396E+02  0.53021074E+02
  0.52926061E+02  0.52827476E+02  0.52725424E+02  0.52620012E+02  0.52511364E+02
  0.52399593E+02  0.52284800E+02  0.52167091E+02  0.52046578E+02  0.51923361E+02
  0.51797542E+02  0.51669213E+02  0.51538457E+02  0.51405360E+02  0.51269992E+02
  0.51132426E+02  0.50992757E+02  0.50851068E+02  0.50707425E+02  0.50561889E+02
  0.50414514E+02  0.50265369E+02  0.50114528E+02  0.49962051E+02  0.49807997E+02
  0.49652432E+02  0.49495408E+02  0.49336983E+02  0.49177215E+02
  0.10000000E+01  0.29121177E+01  0.47144886E+01  0.64181229E+01  0.80475331E+01
  0.96161485E+01  0.11136772E+02  0.12619483E+02  0.14073129E+02  0.15498220E+02
  0.16895760E+02  0.18263869E+02  0.19602636E+02  0.20910556E+02  0.22188248E+02
  0.23435595E+02  0.24653629E+02  0.25842402E+02  0.27002592E+02  0.28134234E+02
  0.29237766E+02  0.30313210E+02  0.31360914E+02  0.32381094E+02  0.33374135E+02
  0.34340399E+02  0.35280283E+02  0.36194275E+02  0.37082789E+02  0.37946323E+02
  0.38785277E+02  0.39600136E+02  0.40391320E+02  0.41159260E+02  0.41904413E+02
  0.42627149E+02  0.43327978E+02  0.44007247E+02  0.44665470E+02  0.45302939E+02
  0.45920187E+02  0.46517513E+02  0.47095419E+02  0.47654168E+02  0.48194225E+02
  0.48715862E+02  0.49219504E+02  0.49705435E+02  0.50174054E+02  0.50625650E+02
  0.51060593E+02  0.51479207E+02  0.51881838E+02  0.52268804E+02  0.52640448E+02
  0.52997091E+02  0.53339043E+02  0.53666596E+02  0.53980030E+02  0.54279636E+02
  0.54565708E+02  0.54838528E+02  0.55098389E+02  0.55345571E+02  0.55580367E+02
  0.55803043E+02  0.56013902E+02  0.56213217E+02  0.56401280E+02  0.56578341E+02
  0.56744680E+02  0.56900550E+02  0.57046235E+02  0.57182016E+02  0.57308176E+02
  0.57424970E+02  0.57532652E+02  0.57631455E+02  0.57721609E+02  0.57803335E+02
  0.57876882E+02  0.57942510E+02  0.58000492E+02  0.58051045E+02  0.58094381E+02
  0.58130701E+02  0.58160200E+02  0.58183055E+02  0.58199479E+02  0.58209673E+02
  0.58213859E+02  0.58212233E+02  0.58204973E+02  0.58192251E+02  0.58174249E+02
  0.58151126E+02  0.58123047E+02  0.58090145E+02  0.58052562E+02  0.58010447E+02
  0.57963964E+02  0.57913251E+02  0.57858423E+02  0.57799571E+02  0.57736834E+02
  0.57670320E+02  0.57600122E+02  0.57526350E+02  0.57449143E+02  0.57368601E+02
  0.57284825E+02  0.57197911E+02  0.57107949E+02  0.57015019E+02  0.56919208E+02
  0.56820594E+02  0.56719278E+02  0.56615354E+02  0.56508898E+02  0.56399964E+02
  0.56288616E+02  0.56174915E+02  0.56058946E+02  0.55940785E+02  0.55820491E+02
  0.55698118E+02  0.55573744E+02  0.55447429E+02  0.55319226E+02
  0.10000000E+01  0.29114210E+01  0.47125231E+01  0.64143776E+01  0.80420157E+01
  0.96089136E+01  0.11128266E+02  0.12609794E+02  0.14062468E+02  0.15486519E+02
  0.16883211E+02  0.18250523E+02  0.19588832E+02  0.20896590E+02  0.22174652E+02
  0.23422867E+02  0.24642475E+02  0.25833500E+02  0.26996780E+02  0.28132304E+02
  0.29240615E+02  0.30321666E+02  0.31375888E+02  0.32403441E+02  0.33404771E+02
  0.34380213E+02  0.35330206E+02  0.36255237E+02  0.37155746E+02  0.38032227E+02
  0.38885108E+02  0.39714870E+02  0.40521952E+02  0.41306767E+02  0.42069796E+02
  0.42811371E+02  0.43532027E+02  0.44232074E+02  0.44912055E+02  0.45572204E+02
  0.46213073E+02  0.46834899E+02  0.47438205E+02  0.48023205E+02  0.48590375E+02
  0.49139940E+02  0.49672346E+02  0.50187835E+02  0.50686796E+02  0.51169482E+02
  0.51636249E+02  0.52087376E+02  0.52523207E+02  0.52944037E+02  0.53350169E+02
  0.53741895E+02  0.54119500E+02  0.54483244E+02  0.54833383E+02  0.55170177E+02
  0.55493907E+02  0.55804838E+02  0.56103228E+02  0.56389326E+02  0.56663405E+02
  0.56925706E+02  0.57176507E+02  0.57416044E+02  0.57644606E+02  0.57862420E+02
  0.58069730E+02  0.58266763E+02  0.58453776E+02  0.58631002E+02  0.58798712E+02
  0.58957147E+02  0.59106530E+02  0.59247086E+02  0.59379042E+02  0.59502577E+02
  0.59617927E+02  0.59725338E+02  0.59825043E+02  0.59917240E+02  0.60002140E+02
  0.60079910E+02  0.60150738E+02  0.60214787E+02  0.60272264E+02  0.60323350E+02
  0.60368252E+02  0.60407146E+02  0.60440210E+02  0.60467596E+02  0.60489491E+02
  0.60506039E+02  0.60517396E+02  0.60523689E+02  0.60525047E+02  0.60521608E+02
  0.60513534E+02  0.60500940E+02  0.60483940E+02  0.60462638E+02  0.60437155E+02
  0.60407591E+02  0.60374061E+02  0.60336668E+02  0.60295539E+02  0.60250782E+02
  0.60202504E+02  0.60150796E+02  0.60095737E+02  0.60037393E+02  0.59975844E+02
  0.59911170E+02  0.59843467E+02  0.59772828E+02  0.59699333E+02  0.59623034E+02
  0.59543998E+02  0.59462290E+02  0.59377992E+02  0.59291179E+02  0.59201928E+02
  0.59110304E+02  0.59016376E+02  0.58920200E+02  0.58821842E+02
  0.10000000E+01  0.29156470E+01  0.47274623E+01  0.64452727E+01  0.80931878E+01
  0.96837401E+01  0.11229744E+02  0.12740101E+02  0.14223658E+02  0.15680365E+02
  0.17111621E+02  0.18515179E+02  0.19891475E+02  0.21238801E+02  0.22558065E+02
  0.23849000E+02  0.25112875E+02  0.26349620E+02  0.27560066E+02  0.28744106E+02
  0.29902267E+02  0.31034418E+02  0.32140965E+02  0.33222008E+02  0.34277949E+02
  0.35309078E+02  0.36315774E+02  0.37298468E+02  0.38257523E+02  0.39193388E+02
  0.40106408E+02  0.40997009E+02  0.41865563E+02  0.42712433E+02  0.43538045E+02
  0.44342675E+02  0.45126819E+02  0.45890700E+02  0.46634838E+02  0.47359400E+02
  0.48064916E+02  0.48751562E+02  0.49419863E+02  0.50069959E+02  0.50702312E+02
  0.51317088E+02  0.51914706E+02  0.52495355E+02  0.53059412E+02  0.53607090E+02
  0.54138740E+02  0.54654614E+02  0.55155018E+02  0.55640218E+02  0.56110509E+02
  0.56566156E+02  0.57007419E+02  0.57434542E+02  0.57847751E+02  0.58247281E+02
  0.58633391E+02  0.59006318E+02  0.59366313E+02  0.59713623E+02  0.60048512E+02
  0.60371194E+02  0.60681936E+02  0.60980950E+02  0.61268503E+02  0.61544811E+02
  0.61810119E+02  0.62064645E+02  0.62308639E+02  0.62542314E+02  0.62765929E+02
  0.62979711E+02  0.63183874E+02  0.63378632E+02  0.63564206E+02  0.63740778E+02
  0.63908566E+02  0.64067788E+02  0.64218677E+02  0.64361432E+02  0.64496268E+02
  0.64623360E+02  0.64742890E+02  0.64855008E+02  0.64959911E+02  0.65057769E+02
  0.65148791E+02  0.65233153E+02  0.65311046E+02  0.65382625E+02  0.65448074E+02
  0.65507533E+02  0.65561156E+02  0.65609059E+02  0.65651385E+02  0.65688274E+02
  0.65719891E+02  0.65746349E+02  0.65767770E+02  0.65784253E+02  0.65795933E+02
  0.65802906E+02  0.65805300E+02  0.65803227E+02  0.65796813E+02  0.65786152E+02
  0.65771364E+02  0.65752540E+02  0.65729766E+02  0.65703121E+02  0.65672707E+02
  0.65638599E+02  0.65600903E+02  0.65559706E+02  0.65515080E+02  0.65467087E+02
  0.65415820E+02  0.65361348E+02  0.65303761E+02  0.65243152E+02  0.65179595E+02
  0.65113135E+02  0.65043851E+02  0.64971803E+02  0.64897057E+02
  0.10000000E+01  0.29114587E+01  0.47137380E+01  0.64175392E+01  0.80487281E+01
  0.96202064E+01  0.11146061E+02  0.12634789E+02  0.14095912E+02  0.15528684E+02
  0.16935180E+02  0.18312740E+02  0.19662519E+02  0.20982560E+02  0.22274343E+02
  0.23537386E+02  0.24773438E+02  0.25982265E+02  0.27165118E+02  0.28321738E+02
  0.29452984E+02  0.30558570E+02  0.31639166E+02  0.32694731E+02  0.33725892E+02
  0.34732852E+02  0.35716200E+02  0.36676321E+02  0.37613765E+02  0.38528948E+02
  0.39422385E+02  0.40294477E+02  0.41145756E+02  0.41976537E+02  0.42787395E+02
  0.43578555E+02  0.44350655E+02  0.45103855E+02  0.45838813E+02  0.46555613E+02
  0.47254899E+02  0.47936767E+02  0.48601841E+02  0.49250193E+02  0.49882368E+02
  0.50498471E+02  0.51098980E+02  0.51684048E+02  0.52254093E+02  0.52809298E+02
  0.53350014E+02  0.53876473E+02  0.54388977E+02  0.54887775E+02  0.55373144E+02
  0.55845328E+02  0.56304569E+02  0.56751081E+02  0.57185069E+02  0.57606754E+02
  0.58016379E+02  0.58414153E+02  0.58800334E+02  0.59175105E+02  0.59538731E+02
  0.59891376E+02  0.60233294E+02  0.60564661E+02  0.60885757E+02  0.61196734E+02
  0.61497824E+02  0.61789187E+02  0.62071046E+02  0.62343571E+02  0.62606990E+02
  0.62861475E+02  0.63107235E+02  0.63344448E+02  0.63573300E+02  0.63793944E+02
  0.64006584E+02  0.64211400E+02  0.64408607E+02  0.64598364E+02  0.64780855E+02
  0.64956211E+02  0.65124596E+02  0.65286106E+02  0.65440928E+02  0.65589203E+02
  0.65731116E+02  0.65866803E+02  0.65996436E+02  0.66120118E+02  0.66238011E+02
  0.66350225E+02  0.66456911E+02  0.66558152E+02  0.66654090E+02  0.66744838E+02
  0.66830546E+02  0.66911292E+02  0.66987190E+02  0.67058314E+02  0.67124789E+02
  0.67186694E+02  0.67244140E+02  0.67297207E+02  0.67346017E+02  0.67390640E+02
  0.67431183E+02  0.67467721E+02  0.67500345E+02  0.67529112E+02  0.67554109E+02
  0.67575395E+02  0.67593077E+02  0.67607221E+02  0.67617907E+02  0.67625192E+02
  0.67629148E+02  0.67629817E+02  0.67627296E+02  0.67621642E+02  0.67612928E+02
  0.67601201E+02  0.67586534E+02  0.67568984E+02  0.67548626E+02
   128
  0.10000000E+01  0.26159464E+01  0.36419375E+01  0.40552043E+01  0.40306213E+01
  0.37215582E+01  0.32632073E+01  0.27477878E+01  0.22336044E+01  0.17545887E+01
  0.13326380E+01  0.97795726E+00  0.69389607E+00  0.47651795E+00  0.31869973E+00
  0.20922647E+00  0.13632012E+00  0.89064477E-01  0.59572113E-01  0.41936227E-01
  0.31571953E-01  0.24958682E-01  0.19772158E-01  0.14961270E-01  0.10343005E-01
  0.61697875E-02  0.27714188E-02  0.33524777E-03 -0.11747257E-02 -0.19535422E-02
 -0.22126305E-02 -0.20410430E-02 -0.14616139E-02  0.00000000E+00  0.00000000E+00
  0.00000000E+00  0.00000000E+00  0.00000000E+00  0.00000000E+00  0.00000000E+00
  0.00000000E+00  0.00000000E+00  0.00000000E+00  0.00000000E+00  0.00000000E+00
  0.00000000E+00  0.00000000E+00  0.00000000E+00  0.00000000E+00  0.00000000E+00
  0.00000000E+00  0.00000000E+00  0.00000000E+00  0.00000000E+00  0.00000000E+00
  0.00000000E+00  0.00000000E+00  0.00000000E+00  0.00000000E+00  0.00000000E+00
  0.00000000E+00  0.00000000E+00  0.00000000E+00  0.00000000E+00  0.00000000E+00
  0.00000000E+00  0.00000000E+00  0.00000000E+00  0.00000000E+00  0.00000000E+00
  0.00000000E+00  0.00000000E+00  0.00000000E+00  0.00000000E+00  0.00000000E+00
  0.00000000E+00  0.00000000E+00  0.00000000E+00  0.00000000E+00  0.00000000E+00
  0.00000000E+00  0.00000000E+00  0.00000000E+00  0.00000000E+00  0.00000000E+00
  0.00000000E+00  0.00000000E+00  0.00000000E+00  0.00000000E+00  0.00000000E+00
  0.00000000E+00  0.00000000E+00  0.00000000E+00  0.00000000E+00  0.00000000E+00
  0.00000000E+00  0.00000000E+00  0.00000000E+00  0.00000000E+00  0.00000000E+00
  0.00000000E+00  0.00000000E+00  0.00000000E+00  0.00000000E+00  0.00000000E+00
  0.00000000E+00  0.00000000E+00  0.00000000E+00  0.00000000E+00  0.00000000E+00
  0.00000000E+00  0.00000000E+00  0.00000000E+00  0.00000000E+00  0.00000000E+00
  0.00000000E+00  0.00000000E+00  0.00000000E+00  0.00000000E+00  0.00000000E+00
  0.00000000E+00  0.00000000E+00  0.00000000E+00  0.00000000E+00  0.00000000E+00
  0.00000000E+00  0.00000000E+00  0.00000000E+00  0.00000000E+00
  0.10000000E+01  0.27305601E+01  0.40388841E+01  0.48850768E+01  0.53506397E+01
  0.55153515E+01  0.54519006E+01  0.52169319E+01  0.48555506E+01  0.44058803E+01
  0.39070533E+01  0.33927402E+01  0.28926944E+01  0.24268763E+01  0.20087169E+01
  0.16424262E+01  0.13277291E+01  0.10608460E+01  0.83891298E+00  0.65790859E+00
  0.51259495E+00  0.39585533E+00  0.30070229E+00  0.22235371E+00  0.15875815E+00
  0.10912989E+00  0.72292118E-01  0.46204534E-01  0.28427423E-01  0.16684958E-01
  0.92125344E-02  0.47600074E-02  0.24426574E-02  0.15939262E-02  0.16425003E-02
  0.21335043E-02  0.28039875E-02  0.35766610E-02  0.44576722E-02  0.54155610E-02
  0.63354658E-02  0.69867398E-02  0.70672810E-02  0.63265744E-02  0.46476068E-02
  0.21297571E-02 -0.87830420E-03  0.00000000E+00  0.00000000E+00  0.00000000E+00
  0.00000000E+00  0.00000000E+00  0.00000000E+00  0.00000000E+00  0.00000000E+00
  0.00000000E+00  0.00000000E+00  0.00000000E+00  0.00000000E+00  0.00000000E+00
  0.00000000E+00  0.00000000E+00  0.00000000E+00  0.00000000E+00  0.00000000E+00
  0.00000000E+00  0.00000000E+00  0.00000000E+00  0.00000000E+00  0.00000000E+00
  0.00000000E+00  0.00000000E+00  0.00000000E+00  0.00000000E+00  0.00000000E+00
  0.00000000E+00  0.00000000E+00  0.00000000E+00  0.00000000E+00  0.00000000E+00
  0.00000000E+00  0.00000000E+00  0.00000000E+00  0.00000000E+00  0.00000000E+00
  0.00000000E+00  0.00000000E+00  0.00000000E+00  0.00000000E+00  0.00000000E+00
  0.00000000E+00  0.00000000E+00  0.00000000E+00  0.00000000E+00  0.00000000E+00
  0.00000000E+00  0.00000000E+00  0.00000000E+00  0.00000000E+00  0.00000000E+00
  0.00000000E+00  0.00000000E+00  0.00000000E+00  0.00000000E+00  0.00000000E+00
  0.00000000E+00  0.00000000E+00  0.00000000E+00  0.00000000E+00  0.00000000E+00
  0.00000000E+00  0.00000000E+00  0.00000000E+00  0.00000000E+00  0.00000000E+00
  0.00000000E+00  0.00000000E+00  0.00000000E+00  0.00000000E+00  0.00000000E+00
  0.00000000E+00  0.00000000E+00  0.00000000E+00  0.00000000E+00  0.00000000E+00
  0.00000000E+00  0.00000000E+00  0.00000000E+00  0.00000000E+00
  0.10000000E+01  0.27779736E+01  0.42153052E+01  0.52816722E+01  0.60375490E+01
  0.65323700E+01  0.68115229E+01  0.69040364E+01  0.68369383E+01  0.66328324E+01
  0.63209985E+01  0.59295392E+01  0.54881354E+01  0.50205831E+01  0.45473260E+01
  0.40820279E+01  0.36347431E+01  0.32113849E+01  0.28179244E+01  0.24579728E+01
  0.21326640E+01  0.18390899E+01  0.15728468E+01  0.13315804E+01  0.11163693E+01
  0.92932414E+00  0.77045112E+00  0.63707728E+00  0.52543563E+00  0.43233789E+00
  0.35547635E+00  0.29286664E+00  0.24237040E+00  0.20174155E+00  0.16885057E+00
  0.14197176E+00  0.11985678E+00  0.10167564E+00  0.86868232E-01  0.74929429E-01
  0.65276584E-01  0.57178435E-01  0.49787760E-01  0.42330122E-01  0.34345179E-01
  0.25861043E-01  0.17414381E-01  0.99039623E-02  0.42065177E-02  0.85097211E-03
 -0.15645693E-03  0.00000000E+00  0.00000000E+00  0.00000000E+00  0.00000000E+00
  0.00000000E+00  0.00000000E+00  0.00000000E+00  0.00000000E+00  0.00000000E+00
  0.00000000E+00  0.00000000E+00  0.00000000E+00  0.00000000E+00  0.00000000E+00
  0.00000000E+00  0.00000000E+00  0.00000000E+00  0.00000000E+00  0.00000000E+00
  0.00000000E+00  0.00000000E+00  0.00000000E+00  0.00000000E+00  0.00000000E+00
  0.00000000E+00  0.00000000E+00  0.00000000E+00  0.00000000E+00  0.00000000E+00
  0.00000000E+00  0.00000000E+00  0.00000000E+00  0.00000000E+00  0.00000000E+00
  0.00000000E+00  0.00000000E+00  0.00000000E+00  0.00000000E+00  0.00000000E+00
  0.00000000E+00  0.00000000E+00  0.00000000E+00  0.00000000E+00  0.00000000E+00
  0.00000000E+00  0.00000000E+00  0.00000000E+00  0.00000000E+00  0.00000000E+00
  0.00000000E+00  0.00000000E+00  0.00000000E+00  0.00000000E+00  0.00000000E+00
  0.00000000E+00  0.00000000E+00  0.00000000E+00  0.00000000E+00  0.00000000E+00
  0.00000000E+00  0.00000000E+00  0.00000000E+00  0.00000000E+00  0.00000000E+00
  0.00000000E+00  0.00000000E+00  0.00000000E+00  0.00000000E+00  0.00000000E+00
  0.00000000E+00  0.00000000E+00  0.00000000E+00  0.00000000E+00  0.00000000E+00
  0.00000000E+00  0.00000000E+00  0.00000000E+00  0.00000000E+00
  0.10000000E+01  0.28066317E+01  0.43282429E+01  0.55334061E+01  0.64871912E+01
  0.72148243E+01  0.77592593E+01  0.81316412E+01  0.83535197E+01  0.84353614E+01
  0.83961228E+01  0.82522821E+01  0.80239345E+01  0.77281691E+01  0.73816411E+01
  0.69976933E+01  0.65882159E+01  0.61626317E+01  0.57307184E+01  0.53006450E+01
  0.48786454E+01  0.44673977E+01  0.40678863E+01  0.36824694E+01  0.33161702E+01
  0.29744797E+01  0.26602422E+01  0.23732348E+01  0.21119395E+01  0.18753595E+01
  0.16630568E+01  0.14742366E+01  0.13071452E+01  0.11593589E+01  0.10282455E+01
  0.91155400E+00  0.80751580E+00  0.71480462E+00  0.63239526E+00  0.55928941E+00
  0.49443918E+00  0.43665363E+00  0.38469912E+00  0.33742746E+00  0.29399818E+00
  0.25404853E+00  0.21767290E+00  0.18531390E+00  0.15741697E+00  0.13419026E+00
  0.11537217E+00  0.10023850E+00  0.87780670E-01  0.76952324E-01  0.66915941E-01
  0.57219617E-01  0.47821979E-01  0.38989555E-01  0.31104252E-01  0.24442367E-01
  0.19103281E-01  0.14948632E-01  0.11671018E-01  0.89512237E-02  0.65765113E-02
  0.44345758E-02  0.25468129E-02  0.10053078E-02 -0.12095887E-03  0.00000000E+00
  0.00000000E+00  0.00000000E+00  0.00000000E+00  0.00000000E+00  0.00000000E+00
  0.00000000E+00  0.00000000E+00  0.00000000E+00  0.00000000E+00  0.00000000E+00
  0.00000000E+00  0.00000000E+00  0.00000000E+00  0.00000000E+00  0.00000000E+00
  0.00000000E+00  0.00000000E+00  0.00000000E+00  0.00000000E+00  0.00000000E+00
  0.00000000E+00  0.00000000E+00  0.00000000E+00  0.00000000E+00  0.00000000E+00
  0.00000000E+00  0.00000000E+00  0.00000000E+00  0.00000000E+00  0.00000000E+00
  0.00000000E+00  0.00000000E+00  0.00000000E+00  0.00000000E+00  0.00000000E+00
  0.00000000E+00  0.00000000E+00  0.00000000E+00  0.00000000E+00  0.00000000E+00
  0.00000000E+00  0.00000000E+00  0.00000000E+00  0.00000000E+00  0.00000000E+00
  0.00000000E+00  0.00000000E+00  0.00000000E+00  0.00000000E+00  0.00000000E+00
  0.00000000E+00  0.00000000E+00  0.00000000E+00  0.00000000E+00  0.00000000E+00
  0.00000000E+00  0.00000000E+00  0.00000000E+00  0.00000000E+00
  0.10000000E+01  0.28285781E+01  0.44123057E+01  0.57176162E+01  0.68100550E+01
  0.76983511E+01  0.84252561E+01  0.89907814E+01  0.94159234E+01  0.97044993E+01
  0.98719060E+01  0.99283394E+01  0.98888987E+01  0.97659293E+01  0.95725349E+01
  0.93198614E+01  0.90186017E+01  0.86779660E+01  0.83076986E+01  0.79165423E+01
  0.75119038E+01  0.70985097E+01  0.66796941E+01  0.62598022E+01  0.58452567E+01
  0.54427294E+01  0.50565471E+01  0.46883775E+01  0.43386727E+01  0.40082384E+01
  0.36981922E+01  0.34090940E+01  0.31403654E+01  0.28906386E+01  0.26582066E+01
  0.24416457E+01  0.22399172E+01  0.20522949E+01  0.18783057E+01  0.17173962E+01
  0.15689100E+01  0.14319899E+01  0.13056550E+01  0.11887766E+01  0.10804329E+01
  0.98004763E+00  0.88739174E+00  0.80253195E+00  0.72558660E+00  0.65638007E+00
  0.59442735E+00  0.53883123E+00  0.48854154E+00  0.44250472E+00  0.39984846E+00
  0.36002361E+00  0.32282933E+00  0.28834450E+00  0.25678216E+00  0.22830669E+00
  0.20291542E+00  0.18038903E+00  0.16036035E+00  0.14247003E+00  0.12645368E+00
  0.11212827E+00  0.99387395E-01  0.88143634E-01  0.78296029E-01  0.69751836E-01
  0.62438414E-01  0.56302219E-01  0.51285759E-01  0.47272443E-01  0.44033461E-01
  0.41259735E-01  0.38617288E-01  0.35826369E-01  0.32704544E-01  0.29201239E-01
  0.25382681E-01  0.21385597E-01  0.17383410E-01  0.13552695E-01  0.10097963E-01
  0.71672655E-02  0.48730645E-02  0.32697645E-02  0.23501197E-02  0.20914147E-02
  0.23890716E-02  0.31190286E-02  0.41243435E-02  0.52193175E-02  0.62508041E-02
  0.70952376E-02  0.76928527E-02  0.80171287E-02  0.80288381E-02  0.76999545E-02
  0.70066800E-02  0.59752028E-02  0.46789157E-02  0.32389353E-02  0.17683348E-02
  0.37009758E-03 -0.84893557E-03  0.00000000E+00  0.00000000E+00  0.00000000E+00
  0.00000000E+00  0.00000000E+00  0.00000000E+00  0.00000000E+00  0.00000000E+00
  0.00000000E+00  0.00000000E+00  0.00000000E+00  0.00000000E+00  0.00000000E+00
  0.00000000E+00  0.00000000E+00  0.00000000E+00  0.00000000E+00  0.00000000E+00
  0.00000000E+00  0.00000000E+00  0.00000000E+00  0.00000000E+00
  0.10000000E+01  0.28442705E+01  0.44699156E+01  0.58439661E+01  0.70292051E+01
  0.80273705E+01  0.88798829E+01  0.95823163E+01  0.10155587E+02  0.10600542E+02
  0.10931115E+02  0.11154129E+02  0.11282011E+02  0.11324080E+02  0.11290824E+02
  0.11191022E+02  0.11033244E+02  0.10825061E+02  0.10574597E+02  0.10289440E+02
  0.99763218E+01  0.96400885E+01  0.92845628E+01  0.89143543E+01  0.85357052E+01
  0.81550700E+01  0.77770625E+01  0.74042691E+01  0.70382595E+01  0.66808501E+01
  0.63340645E+01  0.59993799E+01  0.56772626E+01  0.53675040E+01  0.50694847E+01
  0.47828379E+01  0.45074580E+01  0.42433964E+01  0.39909649E+01  0.37503155E+01
  0.35214939E+01  0.33043256E+01  0.30985036E+01  0.29034039E+01  0.27185344E+01
  0.25436294E+01  0.23785879E+01  0.22235600E+01  0.20787020E+01  0.19437569E+01
  0.18182585E+01  0.17013177E+01  0.15919965E+01  0.14893466E+01  0.13926043E+01
  0.13011910E+01  0.12147785E+01  0.11332845E+01  0.10567755E+01  0.98530536E+00
  0.91880585E+00  0.85700273E+00  0.79950876E+00  0.74590687E+00  0.69590756E+00
  0.64926713E+00  0.60580839E+00  0.56531203E+00  0.52756433E+00  0.49235675E+00
  0.45957864E+00  0.42917902E+00  0.40110855E+00  0.37524591E+00  0.35134236E+00
  0.32905121E+00  0.30802235E+00  0.28795137E+00  0.26867085E+00  0.25010663E+00
  0.23226201E+00  0.21518503E+00  0.19894835E+00  0.18364951E+00  0.16938245E+00
  0.15624453E+00  0.14429175E+00  0.13355490E+00  0.12398821E+00  0.11551512E+00
  0.10801274E+00  0.10133231E+00  0.95324192E-01  0.89814101E-01  0.84659116E-01
  0.79754944E-01  0.75023145E-01  0.70409145E-01  0.65854564E-01  0.61328185E-01
  0.56827337E-01  0.52336989E-01  0.47892466E-01  0.43570968E-01  0.39453005E-01
  0.35605978E-01  0.32107065E-01  0.29000042E-01  0.26303872E-01  0.24002733E-01
  0.22059776E-01  0.20427436E-01  0.19036666E-01  0.17845196E-01  0.16833485E-01
  0.15953928E-01  0.15207935E-01  0.14568932E-01  0.13991987E-01  0.13476444E-01
  0.12978484E-01  0.12442764E-01  0.11846558E-01  0.11158321E-01  0.10341296E-01
  0.94084433E-02  0.83800439E-02  0.72947832E-02  0.61932314E-02
  0.10000000E+01  0.28649371E+01  0.45450246E+01  0.60091965E+01  0.73149066E+01
  0.84562009E+01  0.94717619E+01  0.10352058E+02  0.11117820E+02  0.11766278E+02
  0.12310136E+02  0.12752206E+02  0.13102202E+02  0.13365848E+02  0.13550732E+02
  0.13662805E+02  0.13708033E+02  0.13691912E+02  0.13620347E+02  0.13499272E+02
  0.13334189E+02  0.13129694E+02  0.12889770E+02  0.12618951E+02  0.12322898E+02
  0.12007425E+02  0.11677119E+02  0.11335322E+02  0.10984637E+02  0.10627795E+02
  0.10267697E+02  0.99067618E+01  0.95466187E+01  0.91884097E+01  0.88328385E+01
  0.84808069E+01  0.81333845E+01  0.77916546E+01  0.74569098E+01  0.71301940E+01
  0.68124303E+01  0.65042654E+01  0.62062323E+01  0.59184082E+01  0.56408665E+01
  0.53738146E+01  0.51174216E+01  0.48719971E+01  0.46378663E+01  0.44148595E+01
  0.42027095E+01  0.40007634E+01  0.38083646E+01  0.36248033E+01  0.34495388E+01
  0.32820270E+01  0.31218727E+01  0.29688801E+01  0.28230088E+01  0.26842046E+01
  0.25523754E+01  0.24271992E+01  0.23082876E+01  0.21952421E+01  0.20877543E+01
  0.19855244E+01  0.18883433E+01  0.17958895E+01  0.17078510E+01  0.16239249E+01
  0.15439085E+01  0.14677209E+01  0.13953100E+01  0.13265802E+01  0.12613060E+01
  0.11991489E+01  0.11397685E+01  0.10828714E+01  0.10282962E+01  0.97597513E+00
  0.92587668E+00  0.87794783E+00  0.83216508E+00  0.78849618E+00  0.74691813E+00
  0.70745249E+00  0.67009843E+00  0.63484460E+00  0.60162709E+00  0.57034012E+00
  0.54083774E+00  0.51297469E+00  0.48659129E+00  0.46155419E+00  0.43775762E+00
  0.41507709E+00  0.39343074E+00  0.37273353E+00  0.35292230E+00  0.33393704E+00
  0.31573575E+00  0.29829765E+00  0.28161360E+00  0.26567875E+00  0.25051587E+00
  0.23614643E+00  0.22259704E+00  0.20987133E+00  0.19796959E+00  0.18683849E+00
  0.17644269E+00  0.16672479E+00  0.15763566E+00  0.14912515E+00  0.14114159E+00
  0.13364755E+00  0.12658292E+00  0.11989512E+00  0.11354834E+00  0.10751028E+00
  0.10175494E+00  0.96241632E-01  0.90933388E-01  0.85809786E-01  0.80828720E-01
  0.76004453E-01  0.71342404E-01  0.66864168E-01  0.62606275E-01
  0.10000000E+01  0.28808205E+01  0.46016270E+01  0.61344842E+01  0.75311239E+01
  0.87821829E+01  0.99236148E+01  0.10943046E+02  0.11861512E+02  0.12673438E+02
  0.13391729E+02  0.14016128E+02  0.14555396E+02  0.15012595E+02  0.15393688E+02
  0.15702429E+02  0.15942811E+02  0.16118505E+02  0.16233392E+02  0.16291770E+02
  0.16297625E+02  0.16254739E+02  0.16166478E+02  0.16036691E+02  0.15869916E+02
  0.15670915E+02  0.15443694E+02  0.15191589E+02  0.14917419E+02  0.14624113E+02
  0.14314747E+02  0.13992052E+02  0.13658218E+02  0.13315168E+02  0.12964450E+02
  0.12607799E+02  0.12247054E+02  0.11884003E+02  0.11520623E+02  0.11158615E+02
  0.10799574E+02  0.10444853E+02  0.10095672E+02  0.97527543E+01  0.94167878E+01
  0.90884772E+01  0.87684025E+01  0.84572140E+01  0.81555435E+01  0.78635391E+01
  0.75812782E+01  0.73084527E+01  0.70447755E+01  0.67899092E+01  0.65436311E+01
  0.63055786E+01  0.60754759E+01  0.58531642E+01  0.56385851E+01  0.54317117E+01
  0.52324866E+01  0.50406596E+01  0.48559087E+01  0.46779114E+01  0.45064400E+01
  0.43411988E+01  0.41820113E+01  0.40285560E+01  0.38805201E+01  0.37375894E+01
  0.35995735E+01  0.34663455E+01  0.33378901E+01  0.32141228E+01  0.30948692E+01
  0.29798046E+01  0.28686394E+01  0.27611237E+01  0.26571222E+01  0.25566041E+01
  0.24595081E+01  0.23657633E+01  0.22752843E+01  0.21879919E+01  0.21038306E+01
  0.20227521E+01  0.19447222E+01  0.18696909E+01  0.17975986E+01  0.17283390E+01
  0.16617800E+01  0.15977813E+01  0.15361935E+01  0.14768968E+01  0.14197716E+01
  0.13647224E+01  0.13116740E+01  0.12605551E+01  0.12112786E+01  0.11637592E+01
  0.11179304E+01  0.10737271E+01  0.10311135E+01  0.99006222E+00  0.95055726E+00
  0.91257752E+00  0.87609591E+00  0.84108507E+00  0.80750825E+00  0.77531718E+00
  0.74446250E+00  0.71488715E+00  0.68654666E+00  0.65938874E+00  0.63335027E+00
  0.60838947E+00  0.58443615E+00  0.56140872E+00  0.53928906E+00  0.51801808E+00
  0.49753907E+00  0.47783197E+00  0.45884318E+00  0.44053907E+00  0.42287396E+00
  0.40583443E+00  0.38942399E+00  0.37363654E+00  0.35846653E+00
  0.10000000E+01  0.28947745E+01  0.46509053E+01  0.62440003E+01  0.77201346E+01
  0.90679891E+01  0.10320939E+02  0.11464289E+02  0.12519715E+02  0.13478812E+02
  0.14355441E+02  0.15146465E+02  0.15860650E+02  0.16498695E+02  0.17065748E+02
  0.17563724E+02  0.17995184E+02  0.18362283E+02  0.18667227E+02  0.18912890E+02
  0.19101780E+02  0.19236768E+02  0.19320300E+02  0.19355344E+02  0.19345198E+02
  0.19293471E+02  0.19203301E+02  0.19077634E+02  0.18919093E+02  0.18730381E+02
  0.18514340E+02  0.18273673E+02  0.18010769E+02  0.17727914E+02  0.17427132E+02
  0.17110620E+02  0.16780673E+02  0.16439503E+02  0.16089499E+02  0.15732820E+02
  0.15371554E+02  0.15007560E+02  0.14642574E+02  0.14277871E+02  0.13914645E+02
  0.13554084E+02  0.13197196E+02  0.12845020E+02  0.12498538E+02  0.12158241E+02
  0.11824633E+02  0.11497803E+02  0.11177876E+02  0.10864939E+02  0.10559130E+02
  0.10260403E+02  0.99686874E+01  0.96839697E+01  0.94063127E+01  0.91358052E+01
  0.88724989E+01  0.86162588E+01  0.83669017E+01  0.81242336E+01  0.78881306E+01
  0.76583774E+01  0.74348740E+01  0.72173573E+01  0.70055984E+01  0.67993239E+01
  0.65983803E+01  0.64026961E+01  0.62122973E+01  0.60271548E+01  0.58471640E+01
  0.56720627E+01  0.55015957E+01  0.53355770E+01  0.51739266E+01  0.50166341E+01
  0.48636686E+01  0.47148898E+01  0.45702001E+01  0.44295062E+01  0.42927294E+01
  0.41598139E+01  0.40307075E+01  0.39053761E+01  0.37837463E+01  0.36657386E+01
  0.35512524E+01  0.34401516E+01  0.33323225E+01  0.32276626E+01  0.31260767E+01
  0.30274783E+01  0.29317837E+01  0.28389333E+01  0.27488398E+01  0.26614106E+01
  0.25765577E+01  0.24942009E+01  0.24142918E+01  0.23367960E+01  0.22616734E+01
  0.21888622E+01  0.21183030E+01  0.20499415E+01  0.19837181E+01  0.19195921E+01
  0.18575008E+01  0.17973905E+01  0.17392120E+01  0.16828986E+01  0.16284020E+01
  0.15756448E+01  0.15245453E+01  0.14750587E+01  0.14271119E+01  0.13806649E+01
  0.13356939E+01  0.12921367E+01  0.12499251E+01  0.12090174E+01  0.11693498E+01
  0.11308939E+01  0.10936456E+01  0.10575984E+01  0.10227317E+01
  0.10000000E+01  0.29057966E+01  0.46900764E+01  0.63314869E+01  0.78721003E+01
  0.92991119E+01  0.10644541E+02  0.11891201E+02  0.13062203E+02  0.14145915E+02
  0.15158039E+02  0.16092418E+02  0.16958759E+02  0.17755446E+02  0.18487680E+02
  0.19155878E+02  0.19762029E+02  0.20307310E+02  0.20792931E+02  0.21220849E+02
  0.21592470E+02  0.21909913E+02  0.22174696E+02  0.22389039E+02  0.22555105E+02
  0.22675500E+02  0.22752443E+02  0.22788249E+02  0.22784948E+02  0.22744725E+02
  0.22669864E+02  0.22562628E+02  0.22425110E+02  0.22259428E+02  0.22067557E+02
  0.21851620E+02  0.21613860E+02  0.21356490E+02  0.21081869E+02  0.20792186E+02
  0.20489611E+02  0.20176124E+02  0.19853629E+02  0.19523685E+02  0.19187804E+02
  0.18847466E+02  0.18503991E+02  0.18158694E+02  0.17812838E+02  0.17467301E+02
  0.17122939E+02  0.16780306E+02  0.16439954E+02  0.16102379E+02  0.15768089E+02
  0.15437390E+02  0.15110520E+02  0.14787733E+02  0.14469308E+02  0.14155558E+02
  0.13846742E+02  0.13542924E+02  0.13244126E+02  0.12950347E+02  0.12661649E+02
  0.12377949E+02  0.12099301E+02  0.11825601E+02  0.11556793E+02  0.11292749E+02
  0.11033404E+02  0.10778743E+02  0.10528841E+02  0.10283759E+02  0.10043464E+02
  0.98078008E+01  0.95766043E+01  0.93497567E+01  0.91272422E+01  0.89090884E+01
  0.86952740E+01  0.84857157E+01  0.82803551E+01  0.80791648E+01  0.78821046E+01
  0.76891404E+01  0.75002495E+01  0.73154030E+01  0.71345666E+01  0.69576944E+01
  0.67847294E+01  0.66155721E+01  0.64501476E+01  0.62883871E+01  0.61302159E+01
  0.59755846E+01  0.58244331E+01  0.56767200E+01  0.55323907E+01  0.53913784E+01
  0.52535798E+01  0.51189441E+01  0.49874604E+01  0.48591046E+01  0.47338254E+01
  0.46115678E+01  0.44922530E+01  0.43758122E+01  0.42621963E+01  0.41513624E+01
  0.40432645E+01  0.39378511E+01  0.38350697E+01  0.37348561E+01  0.36371674E+01
  0.35419346E+01  0.34490893E+01  0.33585771E+01  0.32703563E+01  0.31843836E+01
  0.31006016E+01  0.30189549E+01  0.29393758E+01  0.28617952E+01  0.27861579E+01
  0.27124327E+01  0.26406151E+01  0.25706740E+01  0.25025725E+01
  0.10000000E+01  0.29150012E+01  0.47232636E+01  0.64055685E+01  0.80013449E+01
  0.94959033E+01  0.10920787E+02  0.12256048E+02  0.13526533E+02  0.14717369E+02
  0.15846238E+02  0.16904082E+02  0.17901743E+02  0.18835391E+02  0.19710514E+02
  0.20526181E+02  0.21284154E+02  0.21984854E+02  0.22628865E+02  0.23217517E+02
  0.23751399E+02  0.24232105E+02  0.24660410E+02  0.25037988E+02  0.25366095E+02
  0.25646611E+02  0.25880985E+02  0.26071002E+02  0.26218151E+02  0.26324130E+02
  0.26390679E+02  0.26419622E+02  0.26412713E+02  0.26371773E+02  0.26298571E+02
  0.26195010E+02  0.26063118E+02  0.25904920E+02  0.25722570E+02  0.25518122E+02
  0.25293663E+02  0.25051134E+02  0.24792435E+02  0.24519232E+02  0.24233166E+02
  0.23935855E+02  0.23628806E+02  0.23313507E+02  0.22991394E+02  0.22663624E+02
  0.22331326E+02  0.21995400E+02  0.21656717E+02  0.21316113E+02  0.20974417E+02
  0.20632242E+02  0.20290123E+02  0.19948586E+02  0.19608149E+02  0.19269333E+02
  0.18932622E+02  0.18598305E+02  0.18266630E+02  0.17937820E+02  0.17612107E+02
  0.17289569E+02  0.16970394E+02  0.16654665E+02  0.16342465E+02  0.16033824E+02
  0.15728786E+02  0.15427412E+02  0.15129847E+02  0.14836217E+02  0.14546567E+02
  0.14260849E+02  0.13978991E+02  0.13700949E+02  0.13426765E+02  0.13156512E+02
  0.12890203E+02  0.12627792E+02  0.12369270E+02  0.12114640E+02  0.11863916E+02
  0.11617089E+02  0.11374149E+02  0.11135099E+02  0.10899939E+02  0.10668672E+02
  0.10441281E+02  0.10217731E+02  0.99979799E+01  0.97819989E+01  0.95697567E+01
  0.93612386E+01  0.91564216E+01  0.89552966E+01  0.87578414E+01  0.85640051E+01
  0.83737144E+01  0.81869220E+01  0.80036446E+01  0.78238726E+01  0.76475821E+01
  0.74747096E+01  0.73052106E+01  0.71390261E+01  0.69761318E+01  0.68165061E+01
  0.66601200E+01  0.65069392E+01  0.63569126E+01  0.62100111E+01  0.60661839E+01
  0.59253798E+01  0.57875272E+01  0.56525799E+01  0.55204983E+01  0.53912550E+01
  0.52648009E+01  0.51410891E+01  0.50200587E+01  0.49016527E+01  0.47858037E+01
  0.46724838E+01  0.45616792E+01  0.44533693E+01  0.43475136E+01
  0.10000000E+01  0.29200938E+01  0.47422667E+01  0.64482728E+01  0.80768044E+01
  0.96119379E+01  0.11085416E+02  0.12475452E+02  0.13808160E+02  0.15066524E+02
  0.16269718E+02  0.17406753E+02  0.18489615E+02  0.19512903E+02  0.20482783E+02
  0.21397320E+02  0.22258682E+02  0.23066809E+02  0.23822353E+02  0.24526359E+02
  0.25179212E+02  0.25782306E+02  0.26336072E+02  0.26841964E+02  0.27300831E+02
  0.27714254E+02  0.28083260E+02  0.28409281E+02  0.28693439E+02  0.28937084E+02
  0.29141574E+02  0.29308305E+02  0.29438683E+02  0.29534100E+02  0.29595976E+02
  0.29625793E+02  0.29625204E+02  0.29595825E+02  0.29539427E+02  0.29457691E+02
  0.29352354E+02  0.29225039E+02  0.29077350E+02  0.28910735E+02  0.28726636E+02
  0.28526501E+02  0.28311723E+02  0.28083676E+02  0.27843707E+02  0.27592968E+02
  0.27332594E+02  0.27063538E+02  0.26786733E+02  0.26503103E+02  0.26213565E+02
  0.25918875E+02  0.25619718E+02  0.25316792E+02  0.25010775E+02  0.24702339E+02
  0.24392118E+02  0.24080580E+02  0.23768153E+02  0.23455242E+02  0.23142233E+02
  0.22829394E+02  0.22517071E+02  0.22205509E+02  0.21894937E+02  0.21585534E+02
  0.21277487E+02  0.20970971E+02  0.20666228E+02  0.20363470E+02  0.20062843E+02
  0.19764393E+02  0.19468150E+02  0.19174146E+02  0.18882490E+02  0.18593316E+02
  0.18306698E+02  0.18022655E+02  0.17741236E+02  0.17462514E+02  0.17186546E+02
  0.16913356E+02  0.16642961E+02  0.16375397E+02  0.16110710E+02  0.15848930E+02
  0.15590083E+02  0.15334161E+02  0.15081166E+02  0.14831098E+02  0.14583966E+02
  0.14339785E+02  0.14098576E+02  0.13860357E+02  0.13625135E+02  0.13392903E+02
  0.13163616E+02  0.12937256E+02  0.12713862E+02  0.12493485E+02  0.12276137E+02
  0.12061793E+02  0.11850421E+02  0.11641997E+02  0.11436517E+02  0.11233974E+02
  0.11034357E+02  0.10837669E+02  0.10643902E+02  0.10453054E+02  0.10265112E+02
  0.10080058E+02  0.98978307E+01  0.97184000E+01  0.95417475E+01  0.93678636E+01
  0.91967440E+01  0.90283783E+01  0.88627413E+01  0.86997767E+01  0.85394522E+01
  0.83817335E+01  0.82266144E+01  0.80740942E+01  0.79241645E+01
  0.10000000E+01  0.29250101E+01  0.47604250E+01  0.64891173E+01  0.81486921E+01
  0.97224106E+01  0.11241667E+02  0.12683457E+02  0.14074512E+02  0.15396301E+02
  0.16668920E+02  0.17879926E+02  0.19042039E+02  0.20148586E+02  0.21206203E+02
  0.22212065E+02  0.23168631E+02  0.24075328E+02  0.24932864E+02  0.25741954E+02
  0.26502814E+02  0.27216603E+02  0.27883500E+02  0.28504742E+02  0.29080840E+02
  0.29613102E+02  0.30102235E+02  0.30549398E+02  0.30955450E+02  0.31321448E+02
  0.31648463E+02  0.31937566E+02  0.32189931E+02  0.32406627E+02  0.32588859E+02
  0.32737782E+02  0.32854781E+02  0.32941141E+02  0.32998354E+02  0.33027789E+02
  0.33030930E+02  0.33009133E+02  0.32963787E+02  0.32896131E+02  0.32807453E+02
  0.32699036E+02  0.32572146E+02  0.32428024E+02  0.32267923E+02  0.32092945E+02
  0.31904180E+02  0.31702588E+02  0.31489121E+02  0.31264731E+02  0.31030382E+02
  0.30786912E+02  0.30535089E+02  0.30275705E+02  0.30009529E+02  0.29737325E+02
  0.29459823E+02  0.29177622E+02  0.28891288E+02  0.28601366E+02  0.28308389E+02
  0.28012765E+02  0.27714945E+02  0.27415310E+02  0.27114231E+02  0.26812021E+02
  0.26508977E+02  0.26205400E+02  0.25901625E+02  0.25597956E+02  0.25294612E+02
  0.24991755E+02  0.24689507E+02  0.24387988E+02  0.24087376E+02  0.23787861E+02
  0.23489572E+02  0.23192597E+02  0.22897050E+02  0.22603041E+02  0.22310685E+02
  0.22020058E+02  0.21731220E+02  0.21444222E+02  0.21159127E+02  0.20876005E+02
  0.20594909E+02  0.20315868E+02  0.20038916E+02  0.19764088E+02  0.19491417E+02
  0.19220937E+02  0.18952679E+02  0.18686679E+02  0.18422974E+02  0.18161587E+02
  0.17902505E+02  0.17645744E+02  0.17391364E+02  0.17139414E+02  0.16889916E+02
  0.16642866E+02  0.16398254E+02  0.16156084E+02  0.15916399E+02  0.15679225E+02
  0.15444567E+02  0.15212444E+02  0.14982871E+02  0.14755847E+02  0.14531375E+02
  0.14309465E+02  0.14090106E+02  0.13873277E+02  0.13658996E+02  0.13447277E+02
  0.13238116E+02  0.13031501E+02  0.12827432E+02  0.12625886E+02  0.12426843E+02
  0.12230305E+02  0.12036303E+02  0.11844851E+02  0.11655947E+02
  0.10000000E+01  0.29276190E+01  0.47702986E+01  0.65116476E+01  0.81887986E+01
  0.97849753E+01  0.11331168E+02  0.12804103E+02  0.14230489E+02  0.15591283E+02
  0.16906903E+02  0.18164273E+02  0.19376628E+02  0.20536575E+02  0.21651316E+02
  0.22717354E+02  0.23737727E+02  0.24711318E+02  0.25639305E+02  0.26521968E+02
  0.27359835E+02  0.28153694E+02  0.28903904E+02  0.29611381E+02  0.30276758E+02
  0.30901043E+02  0.31485031E+02  0.32029557E+02  0.32535522E+02  0.33003655E+02
  0.33435049E+02  0.33830418E+02  0.34190918E+02  0.34517254E+02  0.34810588E+02
  0.35071715E+02  0.35301922E+02  0.35502136E+02  0.35673714E+02  0.35817682E+02
  0.35935353E+02  0.36027772E+02  0.36096141E+02  0.36141439E+02  0.36164761E+02
  0.36167161E+02  0.36149722E+02  0.36113500E+02  0.36059554E+02  0.35988838E+02
  0.35902288E+02  0.35800745E+02  0.35685027E+02  0.35555976E+02  0.35414446E+02
  0.35261197E+02  0.35096949E+02  0.34922448E+02  0.34738432E+02  0.34545622E+02
  0.34344719E+02  0.34136321E+02  0.33920995E+02  0.33699307E+02  0.33471800E+02
  0.33238929E+02  0.33001178E+02  0.32758986E+02  0.32512760E+02  0.32262868E+02
  0.32009680E+02  0.31753562E+02  0.31494897E+02  0.31234052E+02  0.30971312E+02
  0.30706893E+02  0.30440981E+02  0.30173773E+02  0.29905506E+02  0.29636412E+02
  0.29366684E+02  0.29096469E+02  0.28825939E+02  0.28555253E+02  0.28284581E+02
  0.28014034E+02  0.27743705E+02  0.27473702E+02  0.27204132E+02  0.26935094E+02
  0.26666661E+02  0.26398915E+02  0.26131921E+02  0.25865745E+02  0.25600445E+02
  0.25336093E+02  0.25072753E+02  0.24810493E+02  0.24549384E+02  0.24289473E+02
  0.24030784E+02  0.23773352E+02  0.23517255E+02  0.23262559E+02  0.23009304E+02
  0.22757509E+02  0.22507189E+02  0.22258378E+02  0.22011132E+02  0.21765494E+02
  0.21521476E+02  0.21279101E+02  0.21038416E+02  0.20799439E+02  0.20562206E+02
  0.20326739E+02  0.20093052E+02  0.19861131E+02  0.19630999E+02  0.19402679E+02
  0.19176177E+02  0.18951519E+02  0.18728730E+02  0.18507814E+02  0.18288750E+02
  0.18071558E+02  0.17856265E+02  0.17642893E+02  0.17431452E+02
  0.10000000E+01  0.29307108E+01  0.47819084E+01  0.65378885E+01  0.82352440E+01
  0.98567458E+01  0.11433132E+02  0.12940470E+02  0.14405714E+02  0.15808977E+02
  0.17171172E+02  0.18478352E+02  0.19744297E+02  0.20960763E+02  0.22135470E+02
  0.23264191E+02  0.24350461E+02  0.25392581E+02  0.26392109E+02  0.27348833E+02
  0.28263542E+02  0.29136609E+02  0.29968569E+02  0.30759971E+02  0.31511549E+02
  0.32223942E+02  0.32898016E+02  0.33534251E+02  0.34133610E+02  0.34696481E+02
  0.35223997E+02  0.35716521E+02  0.36175237E+02  0.36600521E+02  0.36993538E+02
  0.37354744E+02  0.37685384E+02  0.37986077E+02  0.38258095E+02  0.38502174E+02
  0.38719531E+02  0.38910958E+02  0.39077535E+02  0.39220029E+02  0.39339420E+02
  0.39436592E+02  0.39512504E+02  0.39568065E+02  0.39604213E+02  0.39621794E+02
  0.39621629E+02  0.39604478E+02  0.39571084E+02  0.39522234E+02  0.39458719E+02
  0.39381270E+02  0.39290579E+02  0.39187377E+02  0.39072359E+02  0.38946223E+02
  0.38809660E+02  0.38663277E+02  0.38507643E+02  0.38343345E+02  0.38170957E+02
  0.37990974E+02  0.37803903E+02  0.37610218E+02  0.37410366E+02  0.37204760E+02
  0.36993825E+02  0.36777988E+02  0.36557688E+02  0.36333320E+02  0.36105212E+02
  0.35873634E+02  0.35638832E+02  0.35401050E+02  0.35160578E+02  0.34917697E+02
  0.34672641E+02  0.34425607E+02  0.34176811E+02  0.33926444E+02  0.33674697E+02
  0.33421729E+02  0.33167686E+02  0.32912711E+02  0.32656929E+02  0.32400471E+02
  0.32143450E+02  0.31885963E+02  0.31628103E+02  0.31369965E+02  0.31111652E+02
  0.30853247E+02  0.30594853E+02  0.30336550E+02  0.30078434E+02  0.29820570E+02
  0.29563019E+02  0.29305841E+02  0.29049126E+02  0.28792958E+02  0.28537385E+02
  0.28282459E+02  0.28028213E+02  0.27774698E+02  0.27521964E+02  0.27270093E+02
  0.27019129E+02  0.26769120E+02  0.26520100E+02  0.26272102E+02  0.26025172E+02
  0.25779337E+02  0.25534611E+02  0.25291013E+02  0.25048595E+02  0.24807395E+02
  0.24567436E+02  0.24328749E+02  0.24091369E+02  0.23855309E+02  0.23620567E+02
  0.23387165E+02  0.23155147E+02  0.22924568E+02  0.22695455E+02
  0.10000000E+01  0.29326327E+01  0.47895117E+01  0.65552250E+01  0.82664807E+01
  0.99055947E+01  0.11503488E+02  0.13035583E+02  0.14529234E+02  0.15963774E+02
  0.17360714E+02  0.18705296E+02  0.20012039E+02  0.21271832E+02  0.22493207E+02
  0.23671066E+02  0.24809799E+02  0.25906852E+02  0.26964600E+02  0.27982027E+02
  0.28960650E+02  0.29900076E+02  0.30801477E+02  0.31664711E+02  0.32491068E+02
  0.33280553E+02  0.34034524E+02  0.34752868E+02  0.35436967E+02  0.36086644E+02
  0.36703402E+02  0.37287069E+02  0.37839144E+02  0.38359485E+02  0.38849516E+02
  0.39309214E+02  0.39740009E+02  0.40142089E+02  0.40516844E+02  0.40864629E+02
  0.41186691E+02  0.41483501E+02  0.41756125E+02  0.42005071E+02  0.42231256E+02
  0.42435355E+02  0.42618221E+02  0.42780590E+02  0.42923255E+02  0.43046914E+02
  0.43152250E+02  0.43239907E+02  0.43310492E+02  0.43364684E+02  0.43403152E+02
  0.43426538E+02  0.43435421E+02  0.43430434E+02  0.43412186E+02  0.43381304E+02
  0.43338389E+02  0.43283993E+02  0.43218631E+02  0.43142846E+02  0.43057152E+02
  0.42962019E+02  0.42857923E+02  0.42745318E+02  0.42624632E+02  0.42496275E+02
  0.42360671E+02  0.42218240E+02  0.42069425E+02  0.41914625E+02  0.41754180E+02
  0.41588379E+02  0.41417503E+02  0.41241828E+02  0.41061660E+02  0.40877307E+02
  0.40689039E+02  0.40497080E+02  0.40301669E+02  0.40103038E+02  0.39901428E+02
  0.39697021E+02  0.39489997E+02  0.39280520E+02  0.39068763E+02  0.38854860E+02
  0.38638958E+02  0.38421187E+02  0.38201674E+02  0.37980533E+02  0.37757886E+02
  0.37533852E+02  0.37308547E+02  0.37082065E+02  0.36854516E+02  0.36626012E+02
  0.36396637E+02  0.36166473E+02  0.35935634E+02  0.35704228E+02  0.35472311E+02
  0.35239928E+02  0.35007146E+02  0.34774037E+02  0.34540674E+02  0.34307138E+02
  0.34073485E+02  0.33839766E+02  0.33606041E+02  0.33372365E+02  0.33138797E+02
  0.32905379E+02  0.32672155E+02  0.32439158E+02  0.32206431E+02  0.31974012E+02
  0.31741939E+02  0.31510260E+02  0.31279011E+02  0.31048224E+02  0.30817910E+02
  0.30588124E+02  0.30358898E+02  0.30130294E+02  0.29902333E+02
  0.10000000E+01  0.29342832E+01  0.47960785E+01  0.65700197E+01  0.82930805E+01
  0.99467935E+01  0.11562555E+02  0.13114852E+02  0.14631705E+02  0.16091498E+02
  0.17516435E+02  0.18890915E+02  0.20230102E+02  0.21524132E+02  0.22782126E+02
  0.23998313E+02  0.25177640E+02  0.26316933E+02  0.27419084E+02  0.28482479E+02
  0.29509110E+02  0.30498033E+02  0.31450857E+02  0.32366922E+02  0.33247898E+02
  0.34093300E+02  0.34904829E+02  0.35681917E+02  0.36426271E+02  0.37137288E+02
  0.37816766E+02  0.38464124E+02  0.39081142E+02  0.39667289E+02  0.40224232E+02
  0.40751584E+02  0.41250977E+02  0.41722261E+02  0.42166985E+02  0.42585218E+02
  0.42978310E+02  0.43346483E+02  0.43690856E+02  0.44011752E+02  0.44310094E+02
  0.44586414E+02  0.44841538E+02  0.45076108E+02  0.45290850E+02  0.45486399E+02
  0.45663358E+02  0.45822327E+02  0.45963836E+02  0.46088512E+02  0.46196949E+02
  0.46289743E+02  0.46367428E+02  0.46430593E+02  0.46479790E+02  0.46515590E+02
  0.46538550E+02  0.46549175E+02  0.46547940E+02  0.46535350E+02  0.46511885E+02
  0.46477999E+02  0.46434136E+02  0.46380728E+02  0.46318168E+02  0.46246853E+02
  0.46167188E+02  0.46079588E+02  0.45984477E+02  0.45882254E+02  0.45773257E+02
  0.45657772E+02  0.45536070E+02  0.45408436E+02  0.45275180E+02  0.45136603E+02
  0.44992973E+02  0.44844538E+02  0.44691555E+02  0.44534257E+02  0.44372901E+02
  0.44207689E+02  0.44038832E+02  0.43866489E+02  0.43690848E+02  0.43512059E+02
  0.43330286E+02  0.43145662E+02  0.42958335E+02  0.42768442E+02  0.42576112E+02
  0.42381475E+02  0.42184653E+02  0.41985775E+02  0.41784960E+02  0.41582337E+02
  0.41378006E+02  0.41172069E+02  0.40964653E+02  0.40755882E+02  0.40545835E+02
  0.40334572E+02  0.40122174E+02  0.39908721E+02  0.39694301E+02  0.39479000E+02
  0.39262889E+02  0.39046025E+02  0.38828467E+02  0.38610286E+02  0.38391548E+02
  0.38172303E+02  0.37952584E+02  0.37732443E+02  0.37511934E+02  0.37291109E+02
  0.37070020E+02  0.36848727E+02  0.36627278E+02  0.36405699E+02  0.36184030E+02
  0.35962323E+02  0.35740633E+02  0.35519010E+02  0.35297501E+02
  0.10000000E+01  0.29353006E+01  0.48005883E+01  0.65802088E+01  0.83119406E+01
  0.99762748E+01  0.11605588E+02  0.13173134E+02  0.14707981E+02  0.16187300E+02
  0.17634321E+02  0.19032352E+02  0.20397552E+02  0.21719049E+02  0.23006941E+02
  0.24254468E+02  0.25467580E+02  0.26642104E+02  0.27781941E+02  0.28884462E+02
  0.29952644E+02  0.30984546E+02  0.31982705E+02  0.32945527E+02  0.33875529E+02
  0.34771388E+02  0.35635558E+02  0.36466697E+02  0.37267179E+02  0.38035688E+02
  0.38774622E+02  0.39482738E+02  0.40162369E+02  0.40812375E+02  0.41434911E+02
  0.42029027E+02  0.42596758E+02  0.43137467E+02  0.43653016E+02  0.44143063E+02
  0.44609182E+02  0.45051284E+02  0.45470626E+02  0.45867304E+02  0.46242295E+02
  0.46595960E+02  0.46929095E+02  0.47242218E+02  0.47536001E+02  0.47810992E+02
  0.48067721E+02  0.48306726E+02  0.48528466E+02  0.48733506E+02  0.48922347E+02
  0.49095528E+02  0.49253502E+02  0.49396806E+02  0.49525923E+02  0.49641378E+02
  0.49743646E+02  0.49833187E+02  0.49910407E+02  0.49975770E+02  0.50029678E+02
  0.50072544E+02  0.50104760E+02  0.50126728E+02  0.50138793E+02  0.50141315E+02
  0.50134661E+02  0.50119210E+02  0.50095360E+02  0.50063470E+02  0.50023864E+02
  0.49976810E+02  0.49922579E+02  0.49861428E+02  0.49793660E+02  0.49719564E+02
  0.49639410E+02  0.49553422E+02  0.49461857E+02  0.49364952E+02  0.49262957E+02
  0.49156077E+02  0.49044512E+02  0.48928439E+02  0.48808042E+02  0.48683478E+02
  0.48554911E+02  0.48422484E+02  0.48286349E+02  0.48146642E+02  0.48003515E+02
  0.47857089E+02  0.47707520E+02  0.47554933E+02  0.47399471E+02  0.47241254E+02
  0.47080413E+02  0.46917052E+02  0.46751294E+02  0.46583264E+02  0.46413062E+02
  0.46240776E+02  0.46066484E+02  0.45890288E+02  0.45712291E+02  0.45532584E+02
  0.45351227E+02  0.45168293E+02  0.44983857E+02  0.44797987E+02  0.44610752E+02
  0.44422226E+02  0.44232465E+02  0.44041514E+02  0.43849436E+02  0.43656299E+02
  0.43462157E+02  0.43267067E+02  0.43071093E+02  0.42874293E+02  0.42676702E+02
  0.42478375E+02  0.42279373E+02  0.42079762E+02  0.41879574E+02
  0.10000000E+01  0.29373885E+01  0.48087735E+01  0.65985511E+01  0.83447239E+01
  0.10026739E+02  0.11677541E+02  0.13269166E+02  0.14831550E+02  0.16340633E+02
  0.17820531E+02  0.19253461E+02  0.20656367E+02  0.22017413E+02  0.23347383E+02
  0.24638682E+02  0.25897896E+02  0.27120092E+02  0.28309756E+02  0.29463533E+02
  0.30584942E+02  0.31671362E+02  0.32725840E+02  0.33746155E+02  0.34735261E+02
  0.35691224E+02  0.36616901E+02  0.37510411E+02  0.38374518E+02  0.39207396E+02
  0.40011791E+02  0.40785976E+02  0.41532613E+02  0.42250126E+02  0.42940964E+02
  0.43603777E+02  0.44240845E+02  0.44851165E+02  0.45436775E+02  0.45997018E+02
  0.46533592E+02  0.47046158E+02  0.47536044E+02  0.48003169E+02  0.48448549E+02
  0.48872420E+02  0.49275566E+02  0.49658409E+02  0.50021570E+02  0.50365537E+02
  0.50690785E+02  0.50997824E+02  0.51287067E+02  0.51559067E+02  0.51814277E+02
  0.52053204E+02  0.52276252E+02  0.52483929E+02  0.52676673E+02  0.52854982E+02
  0.53019285E+02  0.53170033E+02  0.53307597E+02  0.53432427E+02  0.53544900E+02
  0.53645426E+02  0.53734368E+02  0.53812120E+02  0.53879019E+02  0.53935425E+02
  0.53981694E+02  0.54018197E+02  0.54045328E+02  0.54063436E+02  0.54072839E+02
  0.54073791E+02  0.54066574E+02  0.54051449E+02  0.54028723E+02  0.53998674E+02
  0.53961572E+02  0.53917647E+02  0.53867166E+02  0.53810366E+02  0.53747508E+02
  0.53678807E+02  0.53604476E+02  0.53524701E+02  0.53439678E+02  0.53349582E+02
  0.53254590E+02  0.53154858E+02  0.53050548E+02  0.52941803E+02  0.52828779E+02
  0.52711607E+02  0.52590443E+02  0.52465430E+02  0.52336729E+02  0.52204485E+02
  0.52068839E+02  0.51929914E+02  0.51787843E+02  0.51642751E+02  0.51494739E+02
  0.51343908E+02  0.51190355E+02  0.51034189E+02  0.50875528E+02  0.50714489E+02
  0.50551153E+02  0.50385577E+02  0.50217848E+02  0.50048046E+02  0.49876259E+02
  0.49702547E+02  0.49526987E+02  0.49349642E+02  0.49170592E+02  0.48989905E+02
  0.48807642E+02  0.48623869E+02  0.48438648E+02  0.48252049E+02  0.48064124E+02
  0.47874946E+02  0.47684575E+02  0.47493077E+02  0.47300506E+02
  0.10000000E+01  0.29377253E+01  0.48107692E+01  0.66034372E+01  0.83544585E+01
  0.10042829E+02  0.11702177E+02  0.13303845E+02  0.14878434E+02  0.16401116E+02
  0.17896722E+02  0.19346732E+02  0.20768877E+02  0.22150575E+02  0.23503451E+02
  0.24819114E+02  0.26105043E+02  0.27355466E+02  0.28575773E+02  0.29761754E+02
  0.30917811E+02  0.32040472E+02  0.33133591E+02  0.34194149E+02  0.35225855E+02
  0.36226054E+02  0.37198270E+02  0.38139931E+02  0.39054377E+02  0.39939148E+02
  0.40797519E+02  0.41627174E+02  0.42431234E+02  0.43207572E+02  0.43959024E+02
  0.44683761E+02  0.45384357E+02  0.46059404E+02  0.46711162E+02  0.47338650E+02
  0.47943695E+02  0.48525698E+02  0.49086060E+02  0.49624505E+02  0.50142060E+02
  0.50638808E+02  0.51115510E+02  0.51572481E+02  0.52010286E+02  0.52429320E+02
  0.52829998E+02  0.53212755E+02  0.53577928E+02  0.53925987E+02  0.54257324E+02
  0.54572386E+02  0.54871531E+02  0.55155202E+02  0.55423792E+02  0.55677744E+02
  0.55917435E+02  0.56143263E+02  0.56355550E+02  0.56554705E+02  0.56741050E+02
  0.56914970E+02  0.57076790E+02  0.57226884E+02  0.57365548E+02  0.57493115E+02
  0.57609909E+02  0.57716278E+02  0.57812597E+02  0.57899195E+02  0.57976370E+02
  0.58044367E+02  0.58103465E+02  0.58153913E+02  0.58196001E+02  0.58229990E+02
  0.58256151E+02  0.58274704E+02  0.58285916E+02  0.58290028E+02  0.58287310E+02
  0.58277968E+02  0.58262226E+02  0.58240264E+02  0.58212280E+02  0.58178429E+02
  0.58138900E+02  0.58093857E+02  0.58043469E+02  0.57987877E+02  0.57927257E+02
  0.57861747E+02  0.57791499E+02  0.57716655E+02  0.57637382E+02  0.57553823E+02
  0.57466124E+02  0.57374418E+02  0.57278856E+02  0.57179562E+02  0.57076641E+02
  0.56970195E+02  0.56860338E+02  0.56747182E+02  0.56630840E+02  0.56511428E+02
  0.56389027E+02  0.56263710E+02  0.56135562E+02  0.56004679E+02  0.55871152E+02
  0.55735057E+02  0.55596473E+02  0.55455467E+02  0.55312122E+02  0.55166503E+02
  0.55018679E+02  0.54868722E+02  0.54716717E+02  0.54562719E+02  0.54406790E+02
  0.54248997E+02  0.54089415E+02  0.53928097E+02  0.53765100E+02
  0.10000000E+01  0.29374086E+01  0.48101687E+01  0.66023024E+01  0.83532760E+01
  0.10041674E+02  0.11701821E+02  0.13304505E+02  0.14880924E+02  0.16405677E+02
  0.17904190E+02  0.19357399E+02  0.20783676E+02  0.22169868E+02  0.23528309E+02
  0.24849963E+02  0.26143081E+02  0.27401162E+02  0.28630427E+02  0.29825896E+02
  0.30992807E+02  0.32126909E+02  0.33232844E+02  0.34306866E+02  0.35353419E+02
  0.36369210E+02  0.37358413E+02  0.38317866E+02  0.39251484E+02  0.40156268E+02
  0.41036016E+02  0.41887920E+02  0.42715555E+02  0.43516350E+02  0.44293531E+02
  0.45044875E+02  0.45773279E+02  0.46477021E+02  0.47158614E+02  0.47816829E+02
  0.48453667E+02  0.49068346E+02  0.49662374E+02  0.50235338E+02  0.50788318E+02
  0.51321300E+02  0.51835067E+02  0.52329867E+02  0.52806274E+02  0.53264636E+02
  0.53705340E+02  0.54128780E+02  0.54535268E+02  0.54925238E+02  0.55299029E+02
  0.55657060E+02  0.55999640E+02  0.56327195E+02  0.56640065E+02  0.56938680E+02
  0.57223365E+02  0.57494503E+02  0.57752364E+02  0.57997338E+02  0.58229698E+02
  0.58449789E+02  0.58657903E+02  0.58854388E+02  0.59039515E+02  0.59213577E+02
  0.59376885E+02  0.59529766E+02  0.59672569E+02  0.59805582E+02  0.59929088E+02
  0.60043311E+02  0.60148506E+02  0.60244887E+02  0.60332739E+02  0.60412307E+02
  0.60483846E+02  0.60547556E+02  0.60603692E+02  0.60652466E+02  0.60694139E+02
  0.60728902E+02  0.60756974E+02  0.60778523E+02  0.60793748E+02  0.60802803E+02
  0.60805870E+02  0.60803097E+02  0.60794645E+02  0.60780650E+02  0.60761273E+02
  0.60736641E+02  0.60706914E+02  0.60672225E+02  0.60632737E+02  0.60588586E+02
  0.60539930E+02  0.60486885E+02  0.60429602E+02  0.60368201E+02  0.60302798E+02
  0.60233486E+02  0.60160387E+02  0.60083613E+02  0.60003279E+02  0.59919488E+02
  0.59832324E+02  0.59741856E+02  0.59648170E+02  0.59551359E+02  0.59451524E+02
  0.59348744E+02  0.59243090E+02  0.59134628E+02  0.59023446E+02  0.58909616E+02
  0.58793202E+02  0.58674272E+02  0.58552905E+02  0.58429174E+02  0.58303140E+02
  0.58174881E+02  0.58044462E+02  0.57911946E+02  0.57777386E+02
  0.10000000E+01  0.29390820E+01  0.48169140E+01  0.66174582E+01  0.83805828E+01
  0.10083810E+02  0.11762173E+02  0.13385197E+02  0.14985050E+02  0.16535056E+02
  0.18061623E+02  0.19544511E+02  0.21003020E+02  0.22422912E+02  0.23817399E+02
  0.25176425E+02  0.26509128E+02  0.27808010E+02  0.29080173E+02  0.30319644E+02
  0.31532519E+02  0.32713591E+02  0.33868317E+02  0.34992058E+02  0.36089984E+02
  0.37157966E+02  0.38200831E+02  0.39214674E+02  0.40204004E+02  0.41165147E+02
  0.42102426E+02  0.43012409E+02  0.43899165E+02  0.44759562E+02  0.45597263E+02
  0.46409544E+02  0.47199668E+02  0.47965475E+02  0.48709760E+02  0.49430937E+02
  0.50131208E+02  0.50809509E+02  0.51467479E+02  0.52104514E+02  0.52721770E+02
  0.53319098E+02  0.53897286E+02  0.54456499E+02  0.54997288E+02  0.55519950E+02
  0.56024831E+02  0.56512295E+02  0.56982622E+02  0.57436227E+02  0.57873414E+02
  0.58294585E+02  0.58700022E+02  0.59090133E+02  0.59465218E+02  0.59825682E+02
  0.60171814E+02  0.60503983E+02  0.60822429E+02  0.61127529E+02  0.61419528E+02
  0.61698782E+02  0.61965546E+02  0.62220156E+02  0.62462853E+02  0.62693928E+02
  0.62913664E+02  0.63122368E+02  0.63320378E+02  0.63507987E+02  0.63685466E+02
  0.63853014E+02  0.64010880E+02  0.64159281E+02  0.64298492E+02  0.64428737E+02
  0.64550269E+02  0.64663291E+02  0.64768068E+02  0.64864806E+02  0.64953765E+02
  0.65035121E+02  0.65109093E+02  0.65175831E+02  0.65235544E+02  0.65288378E+02
  0.65334521E+02  0.65374122E+02  0.65407356E+02  0.65434363E+02  0.65455293E+02
  0.65470275E+02  0.65479470E+02  0.65483020E+02  0.65481093E+02  0.65473842E+02
  0.65461432E+02  0.65443995E+02  0.65421678E+02  0.65394596E+02  0.65362866E+02
  0.65326588E+02  0.65285888E+02  0.65240885E+02  0.65191712E+02  0.65138474E+02
  0.65081262E+02  0.65020146E+02  0.64955218E+02  0.64886576E+02  0.64814327E+02
  0.64738554E+02  0.64659331E+02  0.64576745E+02  0.64490897E+02  0.64401863E+02
  0.64309704E+02  0.64214494E+02  0.64116329E+02  0.64015284E+02  0.63911419E+02
  0.63804814E+02  0.63695557E+02  0.63583712E+02  0.63469338E+02
  0.10000000E+01  0.29370103E+01  0.48100163E+01  0.66026657E+01  0.83558199E+01
  0.10047267E+02  0.11712580E+02  0.13321419E+02  0.14906107E+02  0.16440049E+02
  0.17949827E+02  0.19415188E+02  0.20855820E+02  0.22257287E+02  0.23633429E+02
  0.24973740E+02  0.26288168E+02  0.27568541E+02  0.28822932E+02  0.30044582E+02
  0.31240608E+02  0.32404970E+02  0.33544107E+02  0.34652595E+02  0.35736550E+02
  0.36791169E+02  0.37822127E+02  0.38824882E+02  0.39804666E+02  0.40757228E+02
  0.41687550E+02  0.42591709E+02  0.43474329E+02  0.44331840E+02  0.45168353E+02
  0.45980812E+02  0.46772841E+02  0.47542033E+02  0.48291453E+02  0.49019359E+02
  0.49728140E+02  0.50416632E+02  0.51086601E+02  0.51737372E+02  0.52370178E+02
  0.52984823E+02  0.53582150E+02  0.54162277E+02  0.54725789E+02  0.55272941E+02
  0.55804101E+02  0.56319579E+02  0.56819649E+02  0.57304681E+02  0.57774958E+02
  0.58230834E+02  0.58672560E+02  0.59100502E+02  0.59514926E+02  0.59916218E+02
  0.60304632E+02  0.60680512E+02  0.61044038E+02  0.61395548E+02  0.61735239E+02
  0.62063413E+02  0.62380277E+02  0.62686120E+02  0.62981154E+02  0.63265614E+02
  0.63539758E+02  0.63803841E+02  0.64058177E+02  0.64302987E+02  0.64538505E+02
  0.64764890E+02  0.64982345E+02  0.65191031E+02  0.65391181E+02  0.65582990E+02
  0.65766677E+02  0.65942403E+02  0.66110396E+02  0.66270820E+02  0.66423909E+02
  0.66569801E+02  0.66708700E+02  0.66840715E+02  0.66966040E+02  0.67084775E+02
  0.67197098E+02  0.67303113E+02  0.67402987E+02  0.67496817E+02  0.67584750E+02
  0.67666876E+02  0.67743336E+02  0.67814241E+02  0.67879742E+02  0.67939951E+02
  0.67995015E+02  0.68045046E+02  0.68090192E+02  0.68130554E+02  0.68166235E+02
  0.68197310E+02  0.68223899E+02  0.68246102E+02  0.68264037E+02  0.68277790E+02
  0.68287437E+02  0.68293038E+02  0.68294685E+02  0.68292460E+02  0.68286453E+02
  0.68276739E+02  0.68263395E+02  0.68246488E+02  0.68226096E+02  0.68202293E+02
  0.68175142E+02  0.68144718E+02  0.68111106E+02  0.68074371E+02  0.68034573E+02
  0.67991778E+02  0.67946062E+02  0.67897482E+02  0.67846091E+02
   128
  0.10000000E+01  0.24651959E+01  0.33053341E+01  0.35381556E+01  0.33865319E+01
  0.30068817E+01  0.25352511E+01  0.20540248E+01  0.16127131E+01  0.12268788E+01
  0.90436477E+00  0.64257492E+00  0.43837472E+00  0.28412086E+00  0.17314190E+00
  0.97946858E-01  0.51167031E-01  0.24443787E-01  0.10555866E-01  0.41881542E-02
  0.22228149E-02  0.28402616E-02  0.45824601E-02  0.62396649E-02  0.69884521E-02
  0.66039179E-02  0.52924488E-02  0.34689209E-02  0.15112963E-02 -0.29998390E-03
 -0.17582271E-02 -0.26899996E-02 -0.29807740E-02  0.00000000E+00  0.00000000E+00
  0.00000000E+00  0.00000000E+00  0.00000000E+00  0.00000000E+00  0.00000000E+00
  0.00000000E+00  0.00000000E+00  0.00000000E+00  0.00000000E+00  0.00000000E+00
  0.00000000E+00  0.00000000E+00  0.00000000E+00  0.00000000E+00  0.00000000E+00
  0.00000000E+00  0.00000000E+00  0.00000000E+00  0.00000000E+00  0.00000000E+00
  0.00000000E+00  0.00000000E+00  0.00000000E+00  0.00000000E+00  0.00000000E+00
  0.00000000E+00  0.00000000E+00  0.00000000E+00  0.00000000E+00  0.00000000E+00
  0.00000000E+00  0.00000000E+00  0.00000000E+00  0.00000000E+00  0.00000000E+00
  0.00000000E+00  0.00000000E+00  0.00000000E+00  0.00000000E+00  0.00000000E+00
  0.00000000E+00  0.00000000E+00  0.00000000E+00  0.00000000E+00  0.00000000E+00
  0.00000000E+00  0.00000000E+00  0.00000000E+00  0.00000000E+00  0.00000000E+00
  0.00000000E+00  0.00000000E+00  0.00000000E+00  0.00000000E+00  0.00000000E+00
  0.00000000E+00  0.00000000E+00  0.00000000E+00  0.00000000E+00  0.00000000E+00
  0.00000000E+00  0.00000000E+00  0.00000000E+00  0.00000000E+00  0.00000000E+00
  0.00000000E+00  0.00000000E+00  0.00000000E+00  0.00000000E+00  0.00000000E+00
  0.00000000E+00  0.00000000E+00  0.00000000E+00  0.00000000E+00  0.00000000E+00
  0.00000000E+00  0.00000000E+00  0.00000000E+00  0.00000000E+00  0.00000000E+00
  0.00000000E+00  0.00000000E+00  0.00000000E+00  0.00000000E+00  0.00000000E+00
  0.00000000E+00  0.00000000E+00  0.00000000E+00  0.00000000E+00  0.00000000E+00
  0.00000000E+00  0.00000000E+00  0.00000000E+00  0.00000000E+00
  0.10000000E+01  0.26009088E+01  0.37595508E+01  0.44309606E+01  0.47300248E+01
  0.47403739E+01  0.45494687E+01  0.42227770E+01  0.38114116E+01  0.33466138E+01
  0.28609845E+01  0.23787896E+01  0.19252353E+01  0.15152980E+01  0.11615772E+01
  0.86818536E+00  0.63533168E+00  0.45639497E+00  0.32348727E+00  0.22734322E+00
  0.15996407E+00  0.11401001E+00  0.82946593E-01  0.61397967E-01  0.45587882E-01
  0.33289325E-01  0.23427492E-01  0.15561712E-01  0.94598129E-02  0.48934372E-02
  0.16467606E-02 -0.44223147E-03 -0.15157735E-02  0.00000000E+00  0.00000000E+00
  0.00000000E+00  0.00000000E+00  0.00000000E+00  0.00000000E+00  0.00000000E+00
  0.00000000E+00  0.00000000E+00  0.00000000E+00  0.00000000E+00  0.00000000E+00
  0.00000000E+00  0.00000000E+00  0.00000000E+00  0.00000000E+00  0.00000000E+00
  0.00000000E+00  0.00000000E+00  0.00000000E+00  0.00000000E+00  0.00000000E+00
  0.00000000E+00  0.00000000E+00  0.00000000E+00  0.00000000E+00  0.00000000E+00
  0.00000000E+00  0.00000000E+00  0.00000000E+00  0.00000000E+00  0.00000000E+00
  0.00000000E+00  0.00000000E+00  0.00000000E+00  0.00000000E+00  0.00000000E+00
  0.00000000E+00  0.00000000E+00  0.00000000E+00  0.00000000E+00  0.00000000E+00
  0.00000000E+00  0.00000000E+00  0.00000000E+00  0.00000000E+00  0.00000000E+00
  0.00000000E+00  0.00000000E+00  0.00000000E+00  0.00000000E+00  0.00000000E+00
  0.00000000E+00  0.00000000E+00  0.00000000E+00  0.00000000E+00  0.00000000E+00
  0.00000000E+00  0.00000000E+00  0.00000000E+00  0.00000000E+00  0.00000000E+00
  0.00000000E+00  0.00000000E+00  0.00000000E+00  0.00000000E+00  0.00000000E+00
  0.00000000E+00  0.00000000E+00  0.00000000E+00  0.00000000E+00  0.00000000E+00
  0.00000000E+00  0.00000000E+00  0.00000000E+00  0.00000000E+00  0.00000000E+00
  0.00000000E+00  0.00000000E+00  0.00000000E+00  0.00000000E+00  0.00000000E+00
  0.00000000E+00  0.00000000E+00  0.00000000E+00  0.00000000E+00  0.00000000E+00
  0.00000000E+00  0.00000000E+00  0.00000000E+00  0.00000000E+00  0.00000000E+00
  0.00000000E+00  0.00000000E+00  0.00000000E+00  0.00000000E+00
  0.10000000E+01  0.26565116E+01  0.39617168E+01  0.48703107E+01  0.54571044E+01
  0.57732235E+01  0.58721531E+01  0.57960891E+01  0.55798296E+01  0.52472736E+01
  0.48286087E+01  0.43514004E+01  0.38484090E+01  0.33447629E+01  0.28646011E+01
  0.24232636E+01  0.20318969E+01  0.16928532E+01  0.14058484E+01  0.11662340E+01
  0.96867544E+00  0.80648337E+00  0.67283560E+00  0.56151070E+00  0.46778358E+00
  0.38837875E+00  0.32106331E+00  0.26422327E+00  0.21652334E+00  0.17674031E+00
  0.14377934E+00  0.11665268E+00  0.94521081E-01  0.76606946E-01  0.62189535E-01
  0.50607278E-01  0.41276142E-01  0.33716983E-01  0.27559523E-01  0.22492539E-01
  0.18292501E-01  0.14778282E-01  0.11836423E-01  0.94052929E-02  0.74301953E-02
  0.58649020E-02  0.46412290E-02  0.36825748E-02  0.29348924E-02  0.23671309E-02
  0.19517016E-02  0.16496172E-02  0.14230969E-02  0.12318856E-02  0.10550151E-02
  0.89868239E-03  0.75535440E-03  0.60233160E-03  0.43364423E-03  0.25678156E-03
  0.12534285E-03  0.64801669E-04  0.64159568E-04  0.98866636E-04  0.14153600E-03
  0.19926566E-03  0.28169653E-03  0.34214367E-03  0.35959320E-03  0.32598952E-03
  0.23573878E-03  0.13823183E-03  0.28267643E-04 -0.96799600E-04  0.00000000E+00
  0.00000000E+00  0.00000000E+00  0.00000000E+00  0.00000000E+00  0.00000000E+00
  0.00000000E+00  0.00000000E+00  0.00000000E+00  0.00000000E+00  0.00000000E+00
  0.00000000E+00  0.00000000E+00  0.00000000E+00  0.00000000E+00  0.00000000E+00
  0.00000000E+00  0.00000000E+00  0.00000000E+00  0.00000000E+00  0.00000000E+00
  0.00000000E+00  0.00000000E+00  0.00000000E+00  0.00000000E+00  0.00000000E+00
  0.00000000E+00  0.00000000E+00  0.00000000E+00  0.00000000E+00  0.00000000E+00
  0.00000000E+00  0.00000000E+00  0.00000000E+00  0.00000000E+00  0.00000000E+00
  0.00000000E+00  0.00000000E+00  0.00000000E+00  0.00000000E+00  0.00000000E+00
  0.00000000E+00  0.00000000E+00  0.00000000E+00  0.00000000E+00  0.00000000E+00
  0.00000000E+00  0.00000000E+00  0.00000000E+00  0.00000000E+00  0.00000000E+00
  0.00000000E+00  0.00000000E+00  0.00000000E+00  0.00000000E+00
  0.10000000E+01  0.26884586E+01  0.40789728E+01  0.51391096E+01  0.59281629E+01
  0.64825830E+01  0.68371236E+01  0.70196041E+01  0.70532278E+01  0.69542174E+01
  0.67437426E+01  0.64420272E+01  0.60748021E+01  0.56637945E+01  0.52316029E+01
  0.47952856E+01  0.43696857E+01  0.39631243E+01  0.35820289E+01  0.32286375E+01
  0.29038427E+01  0.26063256E+01  0.23339484E+01  0.20842791E+01  0.18554148E+01
  0.16462066E+01  0.14556680E+01  0.12830183E+01  0.11274369E+01  0.98796883E+00
  0.86360704E+00  0.75320736E+00  0.65563777E+00  0.56969415E+00  0.49422874E+00
  0.42807477E+00  0.37018558E+00  0.31955948E+00  0.27533150E+00  0.23667698E+00
  0.20289566E+00  0.17339363E+00  0.14766291E+00  0.12526785E+00  0.10582860E+00
  0.89014358E-01  0.74543879E-01  0.62161120E-01  0.51632658E-01  0.42713286E-01
  0.35178520E-01  0.28825360E-01  0.23486024E-01  0.19029274E-01  0.15326137E-01
  0.12252669E-01  0.97134156E-02  0.76391407E-02  0.59998001E-02  0.47395517E-02
  0.37824624E-02  0.30451371E-02  0.24704471E-02  0.20084840E-02  0.16370388E-02
  0.13424054E-02  0.11081398E-02  0.93004926E-03  0.79654570E-03  0.68656941E-03
  0.58650235E-03  0.49891313E-03  0.42577947E-03  0.37580845E-03  0.32777205E-03
  0.27613070E-03  0.24248889E-03  0.24254323E-03  0.27386298E-03  0.31932788E-03
  0.35649255E-03  0.38179073E-03  0.40137110E-03  0.41795230E-03  0.41282403E-03
  0.36773625E-03  0.30366970E-03  0.23733976E-03  0.17821770E-03  0.10666511E-03
  0.20101175E-04 -0.57065575E-04  0.00000000E+00  0.00000000E+00  0.00000000E+00
  0.00000000E+00  0.00000000E+00  0.00000000E+00  0.00000000E+00  0.00000000E+00
  0.00000000E+00  0.00000000E+00  0.00000000E+00  0.00000000E+00  0.00000000E+00
  0.00000000E+00  0.00000000E+00  0.00000000E+00  0.00000000E+00  0.00000000E+00
  0.00000000E+00  0.00000000E+00  0.00000000E+00  0.00000000E+00  0.00000000E+00
  0.00000000E+00  0.00000000E+00  0.00000000E+00  0.00000000E+00  0.00000000E+00
  0.00000000E+00  0.00000000E+00  0.00000000E+00  0.00000000E+00  0.00000000E+00
  0.00000000E+00  0.00000000E+00  0.00000000E+00  0.00000000E+00
  0.10000000E+01  0.27155350E+01  0.41757099E+01  0.53542997E+01  0.62993085E+01
  0.70368126E+01  0.75896550E+01  0.79766196E+01  0.82141418E+01  0.83145404E+01
  0.82942767E+01  0.81692756E+01  0.79599641E+01  0.76842964E+01  0.73615378E+01
  0.70071121E+01  0.66353752E+01  0.62559970E+01  0.58774313E+01  0.55047490E+01
  0.51418053E+01  0.47903053E+01  0.44512536E+01  0.41250731E+01  0.38121458E+01
  0.35134456E+01  0.32294615E+01  0.29609001E+01  0.27081420E+01  0.24713821E+01
  0.22505751E+01  0.20454520E+01  0.18555954E+01  0.16804897E+01  0.15195398E+01
  0.13720255E+01  0.12372447E+01  0.11143983E+01  0.10027096E+01  0.90126437E+00
  0.80915186E+00  0.72560795E+00  0.64996023E+00  0.58152780E+00  0.51971321E+00
  0.46393077E+00  0.41365232E+00  0.36840160E+00  0.32781479E+00  0.29132837E+00
  0.25858913E+00  0.22908932E+00  0.20258221E+00  0.17875007E+00  0.15738577E+00
  0.13829458E+00  0.12130756E+00  0.10631445E+00  0.93190438E-01  0.81775349E-01
  0.71846114E-01  0.63168202E-01  0.55535499E-01  0.48811861E-01  0.42890414E-01
  0.37689164E-01  0.33125012E-01  0.29123492E-01  0.25624708E-01  0.22556178E-01
  0.19885549E-01  0.17562566E-01  0.15546475E-01  0.13807769E-01  0.12311102E-01
  0.11006204E-01  0.98495221E-02  0.88209259E-02  0.79072783E-02  0.70900978E-02
  0.63609595E-02  0.56788630E-02  0.50441182E-02  0.44665321E-02  0.39343704E-02
  0.34484137E-02  0.30128693E-02  0.26229042E-02  0.22802171E-02  0.19703939E-02
  0.16823152E-02  0.14350352E-02  0.12221180E-02  0.10551706E-02  0.91044871E-03
  0.78267183E-03  0.66031595E-03  0.55293975E-03  0.48222716E-03  0.44538760E-03
  0.41605685E-03  0.38988023E-03  0.37164583E-03  0.37107819E-03  0.37172189E-03
  0.35278906E-03  0.29885350E-03  0.22384583E-03  0.15463537E-03  0.92669935E-04
  0.28471830E-04 -0.58401259E-04  0.00000000E+00  0.00000000E+00  0.00000000E+00
  0.00000000E+00  0.00000000E+00  0.00000000E+00  0.00000000E+00  0.00000000E+00
  0.00000000E+00  0.00000000E+00  0.00000000E+00  0.00000000E+00  0.00000000E+00
  0.00000000E+00  0.00000000E+00  0.00000000E+00  0.00000000E+00
  0.10000000E+01  0.27333827E+01  0.42384357E+01  0.54926362E+01  0.65392952E+01
  0.73996851E+01  0.80912306E+01  0.86281780E+01  0.90234028E+01  0.92867930E+01
  0.94318240E+01  0.94713948E+01  0.94220561E+01  0.92985277E+01  0.91166453E+01
  0.88891279E+01  0.86280400E+01  0.83420278E+01  0.80390181E+01  0.77244233E+01
  0.74027607E+01  0.70768230E+01  0.67490125E+01  0.64211858E+01  0.60949804E+01
  0.57726099E+01  0.54555151E+01  0.51454800E+01  0.48438393E+01  0.45518174E+01
  0.42703199E+01  0.40000170E+01  0.37412874E+01  0.34945224E+01  0.32598747E+01
  0.30374559E+01  0.28273176E+01  0.26293247E+01  0.24433204E+01  0.22688822E+01
  0.21055087E+01  0.19527770E+01  0.18103284E+01  0.16776540E+01  0.15542974E+01
  0.14397023E+01  0.13333073E+01  0.12345818E+01  0.11431701E+01  0.10583579E+01
  0.97979810E+00  0.90676746E+00  0.83898344E+00  0.77599640E+00  0.71756642E+00
  0.66340403E+00  0.61327135E+00  0.56699435E+00  0.52432427E+00  0.48504620E+00
  0.44881868E+00  0.41533721E+00  0.38429130E+00  0.35547088E+00  0.32875824E+00
  0.30403856E+00  0.28121118E+00  0.26007401E+00  0.24048389E+00  0.22229668E+00
  0.20544266E+00  0.18985135E+00  0.17545106E+00  0.16215441E+00  0.14984631E+00
  0.13844068E+00  0.12787196E+00  0.11808712E+00  0.10903588E+00  0.10066063E+00
  0.92920899E-01  0.85764871E-01  0.79143783E-01  0.73022245E-01  0.67361080E-01
  0.62141863E-01  0.57321393E-01  0.52849491E-01  0.48700437E-01  0.44842923E-01
  0.41269557E-01  0.37976314E-01  0.34910451E-01  0.32053326E-01  0.29388233E-01
  0.26910626E-01  0.24632880E-01  0.22533291E-01  0.20597507E-01  0.18840551E-01
  0.17248839E-01  0.15813192E-01  0.14508390E-01  0.13286203E-01  0.12141441E-01
  0.11095280E-01  0.10165806E-01  0.93258463E-02  0.85371810E-02  0.77852271E-02
  0.70999951E-02  0.65000930E-02  0.59794750E-02  0.55182863E-02  0.50832268E-02
  0.46736692E-02  0.42959594E-02  0.39558083E-02  0.36301775E-02  0.33051756E-02
  0.29954809E-02  0.26986984E-02  0.24255274E-02  0.21772596E-02  0.19505277E-02
  0.17645611E-02  0.16166361E-02  0.14960612E-02  0.13872837E-02
  0.10000000E+01  0.27580117E+01  0.43252017E+01  0.56833035E+01  0.68689878E+01
  0.78969219E+01  0.87776282E+01  0.95194727E+01  0.10130982E+02  0.10618910E+02
  0.10993124E+02  0.11262790E+02  0.11439784E+02  0.11534809E+02  0.11559438E+02
  0.11522901E+02  0.11434208E+02  0.11300337E+02  0.11128130E+02  0.10922946E+02
  0.10689657E+02  0.10431968E+02  0.10153587E+02  0.98577591E+01  0.95473569E+01
  0.92258095E+01  0.88955469E+01  0.85595276E+01  0.82201748E+01  0.78799245E+01
  0.75408444E+01  0.72048153E+01  0.68732975E+01  0.65478537E+01  0.62297136E+01
  0.59200932E+01  0.56200465E+01  0.53303564E+01  0.50517005E+01  0.47843436E+01
  0.45283723E+01  0.42838803E+01  0.40510065E+01  0.38296228E+01  0.36195824E+01
  0.34205310E+01  0.32320622E+01  0.30537444E+01  0.28853688E+01  0.27261726E+01
  0.25758279E+01  0.24334761E+01  0.22988850E+01  0.21715493E+01  0.20512350E+01
  0.19375666E+01  0.18302011E+01  0.17289233E+01  0.16334062E+01  0.15434066E+01
  0.14584772E+01  0.13782068E+01  0.13021796E+01  0.12301358E+01  0.11619502E+01
  0.10974471E+01  0.10364924E+01  0.97878517E+00  0.92411530E+00  0.87229803E+00
  0.82322981E+00  0.77680615E+00  0.73291176E+00  0.69139339E+00  0.65210736E+00
  0.61493133E+00  0.57972609E+00  0.54638720E+00  0.51483243E+00  0.48497337E+00
  0.45675778E+00  0.43011240E+00  0.40495305E+00  0.38118268E+00  0.35871829E+00
  0.33749535E+00  0.31745660E+00  0.29855214E+00  0.28072530E+00  0.26389669E+00
  0.24800523E+00  0.23300625E+00  0.21885690E+00  0.20552423E+00  0.19296800E+00
  0.18114947E+00  0.17002383E+00  0.15954882E+00  0.14969743E+00  0.14045244E+00
  0.13177518E+00  0.12364606E+00  0.11602024E+00  0.10886963E+00  0.10215381E+00
  0.95832423E-01  0.89881086E-01  0.84266431E-01  0.78975753E-01  0.73995145E-01
  0.69303077E-01  0.64873322E-01  0.60690919E-01  0.56766645E-01  0.53097733E-01
  0.49671642E-01  0.46463733E-01  0.43448224E-01  0.40624747E-01  0.37987451E-01
  0.35533453E-01  0.33244376E-01  0.31077192E-01  0.29031788E-01  0.27104138E-01
  0.25307010E-01  0.23642476E-01  0.22085504E-01  0.20621705E-01
  0.10000000E+01  0.27761415E+01  0.43887007E+01  0.58224039E+01  0.71104874E+01
  0.82637476E+01  0.92893144E+01  0.10191902E+02  0.10977617E+02  0.11650762E+02
  0.12218835E+02  0.12688186E+02  0.13067584E+02  0.13364698E+02  0.13587970E+02
  0.13743750E+02  0.13838377E+02  0.13876870E+02  0.13864474E+02  0.13805596E+02
  0.13704494E+02  0.13564728E+02  0.13390095E+02  0.13184107E+02  0.12949902E+02
  0.12691195E+02  0.12410754E+02  0.12111940E+02  0.11797661E+02  0.11470926E+02
  0.11134456E+02  0.10790878E+02  0.10442368E+02  0.10091301E+02  0.97397011E+01
  0.93896496E+01  0.90430255E+01  0.87014490E+01  0.83663289E+01  0.80386445E+01
  0.77191780E+01  0.74086380E+01  0.71077582E+01  0.68169325E+01  0.65364813E+01
  0.62664456E+01  0.60067685E+01  0.57573161E+01  0.55181547E+01  0.52887093E+01
  0.50688248E+01  0.48577546E+01  0.46554141E+01  0.44613816E+01  0.42755132E+01
  0.40974707E+01  0.39269383E+01  0.37637243E+01  0.36074767E+01  0.34579832E+01
  0.33147932E+01  0.31774987E+01  0.30456619E+01  0.29190001E+01  0.27974096E+01
  0.26807087E+01  0.25687725E+01  0.24612708E+01  0.23579805E+01  0.22587117E+01
  0.21633790E+01  0.20718831E+01  0.19841000E+01  0.18998743E+01  0.18190416E+01
  0.17414327E+01  0.16669270E+01  0.15953954E+01  0.15267389E+01  0.14608742E+01
  0.13977305E+01  0.13372350E+01  0.12792782E+01  0.12237260E+01  0.11704753E+01
  0.11194461E+01  0.10705739E+01  0.10237762E+01  0.97896786E+00  0.93605540E+00
  0.89495130E+00  0.85559824E+00  0.81793804E+00  0.78189912E+00  0.74741686E+00
  0.71442963E+00  0.68288062E+00  0.65270690E+00  0.62383785E+00  0.59621585E+00
  0.56979680E+00  0.54454739E+00  0.52041853E+00  0.49735791E+00  0.47529871E+00
  0.45418183E+00  0.43397388E+00  0.41467672E+00  0.39625403E+00  0.37865025E+00
  0.36178705E+00  0.34562615E+00  0.33013873E+00  0.31532567E+00  0.30117387E+00
  0.28764197E+00  0.27468108E+00  0.26227341E+00  0.25041788E+00  0.23910734E+00
  0.22834072E+00  0.21808875E+00  0.20831659E+00  0.19900109E+00  0.19012465E+00
  0.18165905E+00  0.17359516E+00  0.16589492E+00  0.15855106E+00
  0.10000000E+01  0.27920088E+01  0.44438823E+01  0.59427245E+01  0.73193570E+01
  0.85815875E+01  0.97345809E+01  0.10780244E+02  0.11723178E+02  0.12565444E+02
  0.13312796E+02  0.13969162E+02  0.14541067E+02  0.15033718E+02  0.15453200E+02
  0.15803508E+02  0.16088782E+02  0.16312176E+02  0.16477334E+02  0.16587452E+02
  0.16645825E+02  0.16655390E+02  0.16619452E+02  0.16541175E+02  0.16423467E+02
  0.16269779E+02  0.16082817E+02  0.15865872E+02  0.15621887E+02  0.15354033E+02
  0.15065289E+02  0.14758670E+02  0.14436774E+02  0.14102478E+02  0.13758341E+02
  0.13407044E+02  0.13051095E+02  0.12692759E+02  0.12334062E+02  0.11976625E+02
  0.11621877E+02  0.11271104E+02  0.10925618E+02  0.10586380E+02  0.10254237E+02
  0.99296983E+01  0.96131493E+01  0.93048523E+01  0.90052296E+01  0.87140556E+01
  0.84314375E+01  0.81569256E+01  0.78906491E+01  0.76324098E+01  0.73821969E+01
  0.71398105E+01  0.69050513E+01  0.66778058E+01  0.64577984E+01  0.62449126E+01
  0.60387842E+01  0.58390912E+01  0.56454465E+01  0.54575849E+01  0.52754464E+01
  0.50989078E+01  0.49279152E+01  0.47621583E+01  0.46014280E+01  0.44455396E+01
  0.42944438E+01  0.41480890E+01  0.40063986E+01  0.38692245E+01  0.37363894E+01
  0.36077081E+01  0.34830434E+01  0.33622949E+01  0.32454119E+01  0.31323316E+01
  0.30229617E+01  0.29171985E+01  0.28149206E+01  0.27160113E+01  0.26203842E+01
  0.25279606E+01  0.24386551E+01  0.23523562E+01  0.22689694E+01  0.21883935E+01
  0.21105479E+01  0.20353641E+01  0.19627593E+01  0.18926459E+01  0.18249500E+01
  0.17595999E+01  0.16965143E+01  0.16356361E+01  0.15768707E+01  0.15201443E+01
  0.14654024E+01  0.14125897E+01  0.13616375E+01  0.13124827E+01  0.12650343E+01
  0.12192169E+01  0.11750096E+01  0.11323866E+01  0.10913069E+01  0.10516972E+01
  0.10134754E+01  0.97657027E+00  0.94096726E+00  0.90665314E+00  0.87359881E+00
  0.84174550E+00  0.81101909E+00  0.78137342E+00  0.75278023E+00  0.72523733E+00
  0.69871759E+00  0.67319331E+00  0.64860110E+00  0.62488089E+00  0.60203181E+00
  0.58001962E+00  0.55882878E+00  0.53844067E+00  0.51879895E+00
  0.10000000E+01  0.28041614E+01  0.44858916E+01  0.60342685E+01  0.74789624E+01
  0.88257297E+01  0.10079266E+02  0.11239498E+02  0.12310622E+02  0.13292801E+02
  0.14190835E+02  0.15006645E+02  0.15745427E+02  0.16410469E+02  0.17006431E+02
  0.17535751E+02  0.18001326E+02  0.18405029E+02  0.18749368E+02  0.19036480E+02
  0.19268710E+02  0.19448207E+02  0.19577463E+02  0.19658911E+02  0.19694857E+02
  0.19688016E+02  0.19640646E+02  0.19555485E+02  0.19435071E+02  0.19282172E+02
  0.19099505E+02  0.18889873E+02  0.18655815E+02  0.18400161E+02  0.18125530E+02
  0.17834669E+02  0.17530232E+02  0.17214686E+02  0.16890269E+02  0.16558952E+02
  0.16222571E+02  0.15882783E+02  0.15541267E+02  0.15199407E+02  0.14858481E+02
  0.14519455E+02  0.14183196E+02  0.13850432E+02  0.13521962E+02  0.13198070E+02
  0.12879193E+02  0.12565334E+02  0.12256917E+02  0.11954066E+02  0.11657020E+02
  0.11365831E+02  0.11080521E+02  0.10801154E+02  0.10527617E+02  0.10259954E+02
  0.99979881E+01  0.97415875E+01  0.94905258E+01  0.92446523E+01  0.90040217E+01
  0.87685797E+01  0.85383597E+01  0.83131446E+01  0.80928131E+01  0.78772800E+01
  0.76665533E+01  0.74606228E+01  0.72594518E+01  0.70629426E+01  0.68709712E+01
  0.66834344E+01  0.65002523E+01  0.63213644E+01  0.61467313E+01  0.59763135E+01
  0.58100657E+01  0.56479304E+01  0.54898376E+01  0.53357046E+01  0.51854632E+01
  0.50390386E+01  0.48963755E+01  0.47574027E+01  0.46220355E+01  0.44901841E+01
  0.43617653E+01  0.42367231E+01  0.41150031E+01  0.39965485E+01  0.38812868E+01
  0.37691508E+01  0.36600650E+01  0.35539506E+01  0.34507337E+01  0.33503748E+01
  0.32528121E+01  0.31579854E+01  0.30658158E+01  0.29762125E+01  0.28891086E+01
  0.28044503E+01  0.27221965E+01  0.26422954E+01  0.25646936E+01  0.24893205E+01
  0.24160942E+01  0.23449590E+01  0.22758663E+01  0.22087794E+01  0.21436466E+01
  0.20804101E+01  0.20190062E+01  0.19593777E+01  0.19014901E+01  0.18453123E+01
  0.17908066E+01  0.17379261E+01  0.16866264E+01  0.16368580E+01  0.15885611E+01
  0.15417020E+01  0.14962542E+01  0.14521869E+01  0.14094494E+01
  0.10000000E+01  0.28146908E+01  0.45222781E+01  0.61135016E+01  0.76170972E+01
  0.90369159E+01  0.10377407E+02  0.11636739E+02  0.12818990E+02  0.13922672E+02
  0.14951997E+02  0.15907151E+02  0.16792325E+02  0.17609139E+02  0.18361169E+02
  0.19049595E+02  0.19676456E+02  0.20242675E+02  0.20749965E+02  0.21199637E+02
  0.21593331E+02  0.21932559E+02  0.22219149E+02  0.22454909E+02  0.22641593E+02
  0.22781256E+02  0.22875713E+02  0.22927116E+02  0.22937558E+02  0.22909336E+02
  0.22844783E+02  0.22746353E+02  0.22616327E+02  0.22457274E+02  0.22271656E+02
  0.22062075E+02  0.21831110E+02  0.21581214E+02  0.21314660E+02  0.21033555E+02
  0.20739926E+02  0.20435610E+02  0.20122497E+02  0.19802254E+02  0.19476457E+02
  0.19146439E+02  0.18813427E+02  0.18478516E+02  0.18142826E+02  0.17807066E+02
  0.17472000E+02  0.17138107E+02  0.16806081E+02  0.16476354E+02  0.16149424E+02
  0.15825625E+02  0.15505226E+02  0.15188515E+02  0.14875611E+02  0.14566718E+02
  0.14261864E+02  0.13961109E+02  0.13664422E+02  0.13371805E+02  0.13083409E+02
  0.12799286E+02  0.12519542E+02  0.12244063E+02  0.11972841E+02  0.11705895E+02
  0.11443296E+02  0.11185073E+02  0.10931211E+02  0.10681667E+02  0.10436410E+02
  0.10195391E+02  0.99585778E+01  0.97259353E+01  0.94974618E+01  0.92731652E+01
  0.90530565E+01  0.88371354E+01  0.86253606E+01  0.84176791E+01  0.82140491E+01
  0.80144403E+01  0.78188609E+01  0.76272995E+01  0.74396912E+01  0.72559438E+01
  0.70759915E+01  0.68998194E+01  0.67274187E+01  0.65587625E+01  0.63937851E+01
  0.62324258E+01  0.60746158E+01  0.59202993E+01  0.57694482E+01  0.56220263E+01
  0.54779974E+01  0.53373070E+01  0.51998607E+01  0.50656057E+01  0.49344706E+01
  0.48064380E+01  0.46814694E+01  0.45595074E+01  0.44405122E+01  0.43244118E+01
  0.42111186E+01  0.41005800E+01  0.39927554E+01  0.38876128E+01  0.37851130E+01
  0.36851849E+01  0.35877580E+01  0.34927629E+01  0.34001659E+01  0.33099294E+01
  0.32220197E+01  0.31363988E+01  0.30530085E+01  0.29717564E+01  0.28926001E+01
  0.28154894E+01  0.27404039E+01  0.26673306E+01  0.25962222E+01
  0.10000000E+01  0.28201700E+01  0.45413396E+01  0.61550913E+01  0.76901798E+01
  0.91494753E+01  0.10537844E+02  0.11852560E+02  0.13098128E+02  0.14272166E+02
  0.15379006E+02  0.16417936E+02  0.17392974E+02  0.18304863E+02  0.19156893E+02
  0.19949699E+02  0.20685193E+02  0.21363944E+02  0.21987475E+02  0.22556729E+02
  0.23073061E+02  0.23537605E+02  0.23951799E+02  0.24317006E+02  0.24634631E+02
  0.24906259E+02  0.25133373E+02  0.25317634E+02  0.25460723E+02  0.25564421E+02
  0.25630621E+02  0.25661271E+02  0.25658237E+02  0.25623590E+02  0.25559362E+02
  0.25467693E+02  0.25350749E+02  0.25210593E+02  0.25049185E+02  0.24868365E+02
  0.24669927E+02  0.24455568E+02  0.24227006E+02  0.23985816E+02  0.23733520E+02
  0.23471441E+02  0.23200863E+02  0.22922962E+02  0.22638945E+02  0.22349725E+02
  0.22056224E+02  0.21759127E+02  0.21459306E+02  0.21157404E+02  0.20854106E+02
  0.20549969E+02  0.20245502E+02  0.19941174E+02  0.19637322E+02  0.19334345E+02
  0.19032481E+02  0.18731987E+02  0.18433029E+02  0.18135772E+02  0.17840472E+02
  0.17547337E+02  0.17256574E+02  0.16968224E+02  0.16682389E+02  0.16399163E+02
  0.16118691E+02  0.15841068E+02  0.15566356E+02  0.15294602E+02  0.15025841E+02
  0.14760084E+02  0.14497367E+02  0.14237694E+02  0.13981108E+02  0.13727667E+02
  0.13477398E+02  0.13230347E+02  0.12986516E+02  0.12745906E+02  0.12508520E+02
  0.12274354E+02  0.12043455E+02  0.11815835E+02  0.11591470E+02  0.11370335E+02
  0.11152409E+02  0.10937705E+02  0.10726263E+02  0.10518070E+02  0.10313100E+02
  0.10111347E+02  0.99127833E+01  0.97173990E+01  0.95251897E+01  0.93361328E+01
  0.91502181E+01  0.89674499E+01  0.87877758E+01  0.86111533E+01  0.84375498E+01
  0.82669372E+01  0.80993048E+01  0.79346579E+01  0.77729663E+01  0.76142007E+01
  0.74583000E+01  0.73052188E+01  0.71549467E+01  0.70074714E+01  0.68627824E+01
  0.67208379E+01  0.65815788E+01  0.64449535E+01  0.63109300E+01  0.61794961E+01
  0.60506283E+01  0.59242859E+01  0.58004232E+01  0.56789846E+01  0.55599326E+01
  0.54432341E+01  0.53288774E+01  0.52168448E+01  0.51070925E+01
  0.10000000E+01  0.28256993E+01  0.45606503E+01  0.61972607E+01  0.77641097E+01
  0.92630296E+01  0.10699029E+02  0.12068461E+02  0.13376039E+02  0.14618573E+02
  0.15800392E+02  0.16919938E+02  0.17980966E+02  0.18983396E+02  0.19930163E+02
  0.20821362E+02  0.21658703E+02  0.22442380E+02  0.23173698E+02  0.23853247E+02
  0.24482137E+02  0.25061210E+02  0.25591643E+02  0.26074458E+02  0.26510798E+02
  0.26901867E+02  0.27248890E+02  0.27553156E+02  0.27816045E+02  0.28038962E+02
  0.28223464E+02  0.28371110E+02  0.28483454E+02  0.28562173E+02  0.28608977E+02
  0.28625639E+02  0.28613994E+02  0.28575783E+02  0.28512718E+02  0.28426418E+02
  0.28318480E+02  0.28190427E+02  0.28043815E+02  0.27880113E+02  0.27700755E+02
  0.27507057E+02  0.27300300E+02  0.27081690E+02  0.26852434E+02  0.26613527E+02
  0.26365981E+02  0.26110637E+02  0.25848472E+02  0.25580281E+02  0.25306879E+02
  0.25028976E+02  0.24747236E+02  0.24462293E+02  0.24174663E+02  0.23884904E+02
  0.23593427E+02  0.23300647E+02  0.23006911E+02  0.22712552E+02  0.22417964E+02
  0.22123463E+02  0.21829377E+02  0.21535857E+02  0.21243115E+02  0.20951366E+02
  0.20660826E+02  0.20371670E+02  0.20084029E+02  0.19798002E+02  0.19513688E+02
  0.19231180E+02  0.18950560E+02  0.18671902E+02  0.18395302E+02  0.18120834E+02
  0.17848577E+02  0.17578597E+02  0.17310944E+02  0.17045653E+02  0.16782761E+02
  0.16522312E+02  0.16264372E+02  0.16008984E+02  0.15756152E+02  0.15505864E+02
  0.15258126E+02  0.15012989E+02  0.14770490E+02  0.14530667E+02  0.14293529E+02
  0.14059076E+02  0.13827304E+02  0.13598236E+02  0.13371870E+02  0.13148234E+02
  0.12927348E+02  0.12709229E+02  0.12493872E+02  0.12281240E+02  0.12071332E+02
  0.11864170E+02  0.11659771E+02  0.11458139E+02  0.11259288E+02  0.11063193E+02
  0.10869814E+02  0.10679127E+02  0.10491146E+02  0.10305879E+02  0.10123340E+02
  0.99434964E+01  0.97663046E+01  0.95917450E+01  0.94198070E+01  0.92505049E+01
  0.90838385E+01  0.89197956E+01  0.87583304E+01  0.85994041E+01  0.84429981E+01
  0.82890909E+01  0.81376939E+01  0.79888046E+01  0.78423867E+01
  0.10000000E+01  0.28283017E+01  0.45698828E+01  0.62175563E+01  0.78000970E+01
  0.93189847E+01  0.10779494E+02  0.12177690E+02  0.13518531E+02  0.14798532E+02
  0.16022191E+02  0.17187646E+02  0.18298751E+02  0.19355106E+02  0.20359704E+02
  0.21312439E+02  0.22215133E+02  0.23067811E+02  0.23871845E+02  0.24627616E+02
  0.25336258E+02  0.25998378E+02  0.26615109E+02  0.27187228E+02  0.27715807E+02
  0.28201789E+02  0.28646297E+02  0.29050364E+02  0.29415226E+02  0.29741994E+02
  0.30032051E+02  0.30286635E+02  0.30507094E+02  0.30694765E+02  0.30851105E+02
  0.30977556E+02  0.31075671E+02  0.31146883E+02  0.31192628E+02  0.31214245E+02
  0.31213089E+02  0.31190427E+02  0.31147584E+02  0.31085798E+02  0.31006296E+02
  0.30910215E+02  0.30798676E+02  0.30672729E+02  0.30533460E+02  0.30381770E+02
  0.30218569E+02  0.30044657E+02  0.29860952E+02  0.29668221E+02  0.29467255E+02
  0.29258771E+02  0.29043445E+02  0.28821935E+02  0.28594802E+02  0.28362639E+02
  0.28125930E+02  0.27885144E+02  0.27640708E+02  0.27393029E+02  0.27142556E+02
  0.26889684E+02  0.26634811E+02  0.26378182E+02  0.26120075E+02  0.25860792E+02
  0.25600622E+02  0.25339778E+02  0.25078472E+02  0.24816886E+02  0.24555176E+02
  0.24293494E+02  0.24031983E+02  0.23770765E+02  0.23509978E+02  0.23249765E+02
  0.22990229E+02  0.22731487E+02  0.22473631E+02  0.22216738E+02  0.21960885E+02
  0.21706142E+02  0.21452607E+02  0.21200373E+02  0.20949485E+02  0.20699984E+02
  0.20451912E+02  0.20205325E+02  0.19960292E+02  0.19716860E+02  0.19475053E+02
  0.19234903E+02  0.18996454E+02  0.18759732E+02  0.18524778E+02  0.18291632E+02
  0.18060334E+02  0.17830908E+02  0.17603360E+02  0.17377689E+02  0.17153928E+02
  0.16932108E+02  0.16712254E+02  0.16494417E+02  0.16278607E+02  0.16064805E+02
  0.15853016E+02  0.15643229E+02  0.15435469E+02  0.15229792E+02  0.15026218E+02
  0.14824721E+02  0.14625268E+02  0.14427865E+02  0.14232519E+02  0.14039275E+02
  0.13848159E+02  0.13659171E+02  0.13472285E+02  0.13287476E+02  0.13104729E+02
  0.12924049E+02  0.12745462E+02  0.12568981E+02  0.12394590E+02
  0.10000000E+01  0.28317816E+01  0.45821089E+01  0.62443091E+01  0.78470488E+01
  0.93912373E+01  0.10882193E+02  0.12315515E+02  0.13696256E+02  0.15020536E+02
  0.16292872E+02  0.17510987E+02  0.18678671E+02  0.19795105E+02  0.20863188E+02
  0.21882505E+02  0.22854875E+02  0.23780092E+02  0.24659522E+02  0.25493316E+02
  0.26282566E+02  0.27027667E+02  0.27729669E+02  0.28389116E+02  0.29006998E+02
  0.29584016E+02  0.30121200E+02  0.30619330E+02  0.31079505E+02  0.31502584E+02
  0.31889789E+02  0.32242090E+02  0.32560660E+02  0.32846566E+02  0.33101074E+02
  0.33325356E+02  0.33520749E+02  0.33688447E+02  0.33829676E+02  0.33945570E+02
  0.34037307E+02  0.34105984E+02  0.34152772E+02  0.34178744E+02  0.34184982E+02
  0.34172491E+02  0.34142287E+02  0.34095344E+02  0.34032659E+02  0.33955090E+02
  0.33863498E+02  0.33758656E+02  0.33641440E+02  0.33512620E+02  0.33373005E+02
  0.33223321E+02  0.33064257E+02  0.32896495E+02  0.32720635E+02  0.32537314E+02
  0.32347074E+02  0.32150450E+02  0.31947934E+02  0.31739984E+02  0.31527101E+02
  0.31309738E+02  0.31088346E+02  0.30863255E+02  0.30634817E+02  0.30403364E+02
  0.30169228E+02  0.29932697E+02  0.29694035E+02  0.29453482E+02  0.29211253E+02
  0.28967553E+02  0.28722568E+02  0.28476467E+02  0.28229439E+02  0.27981663E+02
  0.27733297E+02  0.27484474E+02  0.27235318E+02  0.26985952E+02  0.26736478E+02
  0.26487016E+02  0.26237675E+02  0.25988573E+02  0.25739784E+02  0.25491368E+02
  0.25243406E+02  0.24995996E+02  0.24749224E+02  0.24503140E+02  0.24257802E+02
  0.24013251E+02  0.23769567E+02  0.23526814E+02  0.23285039E+02  0.23044314E+02
  0.22804691E+02  0.22566213E+02  0.22328905E+02  0.22092792E+02  0.21857918E+02
  0.21624314E+02  0.21392023E+02  0.21161107E+02  0.20931609E+02  0.20703541E+02
  0.20476911E+02  0.20251720E+02  0.20027997E+02  0.19805800E+02  0.19585173E+02
  0.19366140E+02  0.19148695E+02  0.18932838E+02  0.18718589E+02  0.18505991E+02
  0.18295082E+02  0.18085883E+02  0.17878409E+02  0.17672655E+02  0.17468603E+02
  0.17266259E+02  0.17065646E+02  0.16866779E+02  0.16669671E+02
  0.10000000E+01  0.28337450E+01  0.45891408E+01  0.62599055E+01  0.78748179E+01
  0.94346623E+01  0.10944844E+02  0.12400870E+02  0.13807851E+02  0.15161820E+02
  0.16467341E+02  0.17722014E+02  0.18929686E+02  0.20089379E+02  0.21204059E+02
  0.22273178E+02  0.23298664E+02  0.24280170E+02  0.25219149E+02  0.26115586E+02
  0.26970628E+02  0.27784489E+02  0.28558243E+02  0.29292246E+02  0.29987472E+02
  0.30644458E+02  0.31264196E+02  0.31847286E+02  0.32394788E+02  0.32907358E+02
  0.33386119E+02  0.33831848E+02  0.34245605E+02  0.34628251E+02  0.34980898E+02
  0.35304495E+02  0.35600207E+02  0.35869014E+02  0.36111983E+02  0.36330047E+02
  0.36524211E+02  0.36695376E+02  0.36844519E+02  0.36972532E+02  0.37080326E+02
  0.37168754E+02  0.37238684E+02  0.37290935E+02  0.37326352E+02  0.37345646E+02
  0.37349570E+02  0.37338795E+02  0.37314097E+02  0.37276160E+02  0.37225687E+02
  0.37163328E+02  0.37089710E+02  0.37005458E+02  0.36911148E+02  0.36807373E+02
  0.36694651E+02  0.36573492E+02  0.36444372E+02  0.36307764E+02  0.36164165E+02
  0.36014041E+02  0.35857833E+02  0.35695910E+02  0.35528643E+02  0.35356397E+02
  0.35179546E+02  0.34998405E+02  0.34813270E+02  0.34624427E+02  0.34432131E+02
  0.34236621E+02  0.34038134E+02  0.33836886E+02  0.33633084E+02  0.33426948E+02
  0.33218657E+02  0.33008391E+02  0.32796312E+02  0.32582564E+02  0.32367292E+02
  0.32150630E+02  0.31932728E+02  0.31713731E+02  0.31493740E+02  0.31272846E+02
  0.31051147E+02  0.30828752E+02  0.30605775E+02  0.30382306E+02  0.30158413E+02
  0.29934182E+02  0.29709682E+02  0.29484994E+02  0.29260206E+02  0.29035393E+02
  0.28810640E+02  0.28585993E+02  0.28361485E+02  0.28137162E+02  0.27913094E+02
  0.27689348E+02  0.27465984E+02  0.27243045E+02  0.27020585E+02  0.26798621E+02
  0.26577153E+02  0.26356238E+02  0.26135940E+02  0.25916309E+02  0.25697402E+02
  0.25479229E+02  0.25261779E+02  0.25045094E+02  0.24829229E+02  0.24614223E+02
  0.24400139E+02  0.24187005E+02  0.23974836E+02  0.23763642E+02  0.23553425E+02
  0.23344214E+02  0.23136021E+02  0.22928868E+02  0.22722771E+02
  0.10000000E+01  0.28356759E+01  0.45959886E+01  0.62750214E+01  0.79014715E+01
  0.94759377E+01  0.11003754E+02  0.12480284E+02  0.13910586E+02  0.15290576E+02
  0.16624762E+02  0.17910592E+02  0.19151865E+02  0.20347416E+02  0.21500180E+02
  0.22609441E+02  0.23677139E+02  0.24702791E+02  0.25687888E+02  0.26632258E+02
  0.27537080E+02  0.28402420E+02  0.29229348E+02  0.30018095E+02  0.30769638E+02
  0.31484392E+02  0.32163337E+02  0.32806947E+02  0.33416226E+02  0.33991713E+02
  0.34534478E+02  0.35045175E+02  0.35524816E+02  0.35974132E+02  0.36394166E+02
  0.36785738E+02  0.37149930E+02  0.37487602E+02  0.37799738E+02  0.38087169E+02
  0.38350809E+02  0.38591467E+02  0.38810047E+02  0.39007360E+02  0.39184234E+02
  0.39341431E+02  0.39479738E+02  0.39599886E+02  0.39702655E+02  0.39788702E+02
  0.39858711E+02  0.39913294E+02  0.39953159E+02  0.39978929E+02  0.39991242E+02
  0.39990719E+02  0.39977948E+02  0.39953512E+02  0.39917951E+02  0.39871816E+02
  0.39815593E+02  0.39749766E+02  0.39674810E+02  0.39591185E+02  0.39499379E+02
  0.39399843E+02  0.39293009E+02  0.39179241E+02  0.39058913E+02  0.38932394E+02
  0.38800057E+02  0.38662235E+02  0.38519228E+02  0.38371324E+02  0.38218785E+02
  0.38061870E+02  0.37900825E+02  0.37735876E+02  0.37567259E+02  0.37395209E+02
  0.37219917E+02  0.37041583E+02  0.36860392E+02  0.36676511E+02  0.36490098E+02
  0.36301319E+02  0.36110335E+02  0.35917307E+02  0.35722364E+02  0.35525614E+02
  0.35327197E+02  0.35127238E+02  0.34925841E+02  0.34723123E+02  0.34519164E+02
  0.34314052E+02  0.34107893E+02  0.33900786E+02  0.33692822E+02  0.33484075E+02
  0.33274641E+02  0.33064584E+02  0.32853963E+02  0.32642859E+02  0.32431333E+02
  0.32219452E+02  0.32007277E+02  0.31794860E+02  0.31582263E+02  0.31369550E+02
  0.31156758E+02  0.30943917E+02  0.30731085E+02  0.30518315E+02  0.30305669E+02
  0.30093187E+02  0.29880891E+02  0.29668826E+02  0.29457030E+02  0.29245552E+02
  0.29034445E+02  0.28823768E+02  0.28613562E+02  0.28403850E+02  0.28194629E+02
  0.27985906E+02  0.27777695E+02  0.27570008E+02  0.27362873E+02
  0.10000000E+01  0.28368074E+01  0.46000842E+01  0.62842368E+01  0.79179586E+01
  0.95019242E+01  0.11041392E+02  0.12531825E+02  0.13978186E+02  0.15376462E+02
  0.16731098E+02  0.18039565E+02  0.19305647E+02  0.20528150E+02  0.21710043E+02
  0.22850574E+02  0.23951751E+02  0.25013013E+02  0.26035908E+02  0.27020171E+02
  0.27967031E+02  0.28876455E+02  0.29749552E+02  0.30586466E+02  0.31388165E+02
  0.32154976E+02  0.32887861E+02  0.33587224E+02  0.34254049E+02  0.34888802E+02
  0.35492515E+02  0.36065735E+02  0.36609420E+02  0.37124195E+02  0.37611045E+02
  0.38070697E+02  0.38504161E+02  0.38912204E+02  0.39295724E+02  0.39655439E+02
  0.39992177E+02  0.40306656E+02  0.40599706E+02  0.40872040E+02  0.41124403E+02
  0.41357462E+02  0.41571911E+02  0.41768391E+02  0.41947583E+02  0.42110068E+02
  0.42256444E+02  0.42387244E+02  0.42503090E+02  0.42604532E+02  0.42692149E+02
  0.42766481E+02  0.42828055E+02  0.42877377E+02  0.42914932E+02  0.42941224E+02
  0.42956685E+02  0.42961765E+02  0.42956890E+02  0.42942482E+02  0.42918965E+02
  0.42886760E+02  0.42846286E+02  0.42797882E+02  0.42741904E+02  0.42678693E+02
  0.42608596E+02  0.42531917E+02  0.42448952E+02  0.42359991E+02  0.42265301E+02
  0.42165151E+02  0.42059785E+02  0.41949415E+02  0.41834286E+02  0.41714633E+02
  0.41590671E+02  0.41462586E+02  0.41330566E+02  0.41194800E+02  0.41055448E+02
  0.40912679E+02  0.40766690E+02  0.40617644E+02  0.40465675E+02  0.40310917E+02
  0.40153493E+02  0.39993534E+02  0.39831183E+02  0.39666564E+02  0.39499781E+02
  0.39330920E+02  0.39160087E+02  0.38987396E+02  0.38812956E+02  0.38636876E+02
  0.38459254E+02  0.38280179E+02  0.38099699E+02  0.37917896E+02  0.37734846E+02
  0.37550616E+02  0.37365309E+02  0.37178987E+02  0.36991718E+02  0.36803556E+02
  0.36614539E+02  0.36424717E+02  0.36234156E+02  0.36042942E+02  0.35851134E+02
  0.35658779E+02  0.35465899E+02  0.35272539E+02  0.35078766E+02  0.34884636E+02
  0.34690214E+02  0.34495583E+02  0.34300770E+02  0.34105791E+02  0.33910660E+02
  0.33715368E+02  0.33519930E+02  0.33324379E+02  0.33128734E+02
  0.10000000E+01  0.28394528E+01  0.46093840E+01  0.63046699E+01  0.79537508E+01
  0.95569693E+01  0.11119388E+02  0.12636209E+02  0.14112273E+02  0.15543375E+02
  0.16933833E+02  0.18280877E+02  0.19588160E+02  0.20854207E+02  0.22081872E+02
  0.23270184E+02  0.24421092E+02  0.25533868E+02  0.26610026E+02  0.27649135E+02
  0.28652403E+02  0.29619667E+02  0.30552004E+02  0.31449420E+02  0.32312870E+02
  0.33142547E+02  0.33939371E+02  0.34703614E+02  0.35436200E+02  0.36137484E+02
  0.36808432E+02  0.37449472E+02  0.38061505E+02  0.38645039E+02  0.39200973E+02
  0.39729913E+02  0.40232790E+02  0.40710264E+02  0.41163160E+02  0.41592114E+02
  0.41997894E+02  0.42381134E+02  0.42742585E+02  0.43082880E+02  0.43402707E+02
  0.43702676E+02  0.43983432E+02  0.44245579E+02  0.44489734E+02  0.44716432E+02
  0.44926231E+02  0.45119635E+02  0.45297228E+02  0.45459536E+02  0.45607095E+02
  0.45740413E+02  0.45859982E+02  0.45966307E+02  0.46059855E+02  0.46141116E+02
  0.46210510E+02  0.46268465E+02  0.46315389E+02  0.46351698E+02  0.46377821E+02
  0.46394170E+02  0.46401163E+02  0.46399133E+02  0.46388431E+02  0.46369400E+02
  0.46342385E+02  0.46307710E+02  0.46265683E+02  0.46216593E+02  0.46160711E+02
  0.46098302E+02  0.46029623E+02  0.45954915E+02  0.45874433E+02  0.45788431E+02
  0.45697122E+02  0.45600725E+02  0.45499438E+02  0.45393441E+02  0.45282935E+02
  0.45168107E+02  0.45049148E+02  0.44926241E+02  0.44799543E+02  0.44669188E+02
  0.44535339E+02  0.44398133E+02  0.44257718E+02  0.44114226E+02  0.43967777E+02
  0.43818470E+02  0.43666430E+02  0.43511795E+02  0.43354678E+02  0.43195200E+02
  0.43033467E+02  0.42869584E+02  0.42703614E+02  0.42535654E+02  0.42365808E+02
  0.42194181E+02  0.42020830E+02  0.41845844E+02  0.41669287E+02  0.41491204E+02
  0.41311692E+02  0.41130811E+02  0.40948658E+02  0.40765312E+02  0.40580815E+02
  0.40395212E+02  0.40208533E+02  0.40020839E+02  0.39832211E+02  0.39642731E+02
  0.39452496E+02  0.39261569E+02  0.39069979E+02  0.38877755E+02  0.38684912E+02
  0.38491457E+02  0.38297406E+02  0.38102786E+02  0.37907611E+02
  0.10000000E+01  0.28395964E+01  0.46101158E+01  0.63067075E+01  0.79581075E+01
  0.95650010E+01  0.11132559E+02  0.12656278E+02  0.14140983E+02  0.15582647E+02
  0.16985575E+02  0.18347135E+02  0.19671024E+02  0.20955858E+02  0.22204558E+02
  0.23416206E+02  0.24592825E+02  0.25733682E+02  0.26840336E+02  0.27912309E+02
  0.28950827E+02  0.29955647E+02  0.30927843E+02  0.31867342E+02  0.32775060E+02
  0.33651117E+02  0.34496413E+02  0.35311135E+02  0.36096180E+02  0.36851801E+02
  0.37578906E+02  0.38277833E+02  0.38949406E+02  0.39594031E+02  0.40212527E+02
  0.40805385E+02  0.41373456E+02  0.41917277E+02  0.42437580E+02  0.42934900E+02
  0.43409896E+02  0.43863104E+02  0.44295191E+02  0.44706686E+02  0.45098171E+02
  0.45470170E+02  0.45823234E+02  0.46157878E+02  0.46474646E+02  0.46773995E+02
  0.47056408E+02  0.47322317E+02  0.47572231E+02  0.47806596E+02  0.48025902E+02
  0.48230615E+02  0.48421184E+02  0.48598061E+02  0.48761666E+02  0.48912422E+02
  0.49050724E+02  0.49176963E+02  0.49291525E+02  0.49394793E+02  0.49487172E+02
  0.49569041E+02  0.49640781E+02  0.49702720E+02  0.49755191E+02  0.49798536E+02
  0.49833079E+02  0.49859124E+02  0.49876962E+02  0.49886896E+02  0.49889209E+02
  0.49884164E+02  0.49872027E+02  0.49853032E+02  0.49827420E+02  0.49795434E+02
  0.49757304E+02  0.49713247E+02  0.49663481E+02  0.49608217E+02  0.49547618E+02
  0.49481887E+02  0.49411214E+02  0.49335773E+02  0.49255750E+02  0.49171279E+02
  0.49082521E+02  0.48989633E+02  0.48892761E+02  0.48792053E+02  0.48687621E+02
  0.48579592E+02  0.48468098E+02  0.48353260E+02  0.48235224E+02  0.48114110E+02
  0.47990036E+02  0.47863109E+02  0.47733403E+02  0.47601005E+02  0.47466015E+02
  0.47328542E+02  0.47188687E+02  0.47046527E+02  0.46902137E+02  0.46755583E+02
  0.46606943E+02  0.46456271E+02  0.46303670E+02  0.46149227E+02  0.45993013E+02
  0.45835091E+02  0.45675496E+02  0.45514273E+02  0.45351516E+02  0.45187302E+02
  0.45021735E+02  0.44854885E+02  0.44686802E+02  0.44517509E+02  0.44347014E+02
  0.44175345E+02  0.44002499E+02  0.43828494E+02  0.43653372E+02
  0.10000000E+01  0.28391030E+01  0.46085227E+01  0.63035191E+01  0.79529876E+01
  0.95579753E+01  0.11123660E+02  0.12645849E+02  0.14129299E+02  0.15570226E+02
  0.16972885E+02  0.18334849E+02  0.19659841E+02  0.20946643E+02  0.22198224E+02
  0.23413782E+02  0.24595396E+02  0.25742392E+02  0.26856353E+02  0.27936835E+02
  0.28985079E+02  0.30000851E+02  0.30985226E+02  0.31938131E+02  0.32860486E+02
  0.33752412E+02  0.34614798E+02  0.35447852E+02  0.36252463E+02  0.37028875E+02
  0.37777985E+02  0.38500120E+02  0.39196094E+02  0.39866291E+02  0.40511514E+02
  0.41132228E+02  0.41729247E+02  0.42303070E+02  0.42854409E+02  0.43383764E+02
  0.43891774E+02  0.44378936E+02  0.44845877E+02  0.45293075E+02  0.45721085E+02
  0.46130377E+02  0.46521475E+02  0.46894848E+02  0.47250992E+02  0.47590313E+02
  0.47913249E+02  0.48220185E+02  0.48511597E+02  0.48787896E+02  0.49049527E+02
  0.49296902E+02  0.49530423E+02  0.49750490E+02  0.49957495E+02  0.50151829E+02
  0.50333850E+02  0.50503910E+02  0.50662352E+02  0.50809532E+02  0.50945813E+02
  0.51071559E+02  0.51187123E+02  0.51292781E+02  0.51388842E+02  0.51475612E+02
  0.51553411E+02  0.51622535E+02  0.51683269E+02  0.51735872E+02  0.51780606E+02
  0.51817697E+02  0.51847399E+02  0.51869951E+02  0.51885591E+02  0.51894562E+02
  0.51897074E+02  0.51893313E+02  0.51883476E+02  0.51867769E+02  0.51846376E+02
  0.51819490E+02  0.51787290E+02  0.51749964E+02  0.51707654E+02  0.51660517E+02
  0.51608702E+02  0.51552360E+02  0.51491639E+02  0.51426673E+02  0.51357578E+02
  0.51284480E+02  0.51207523E+02  0.51126847E+02  0.51042575E+02  0.50954826E+02
  0.50863704E+02  0.50769297E+02  0.50671701E+02  0.50571023E+02  0.50467372E+02
  0.50360853E+02  0.50251539E+02  0.50139521E+02  0.50024867E+02  0.49907660E+02
  0.49787968E+02  0.49665869E+02  0.49541452E+02  0.49414781E+02  0.49285943E+02
  0.49154990E+02  0.49021981E+02  0.48886972E+02  0.48750049E+02  0.48611302E+02
  0.48470828E+02  0.48328699E+02  0.48184968E+02  0.48039666E+02  0.47892802E+02
  0.47744384E+02  0.47594427E+02  0.47442940E+02  0.47289963E+02
  0.10000000E+01  0.28413216E+01  0.46163323E+01  0.63207300E+01  0.79831417E+01
  0.96044155E+01  0.11189480E+02  0.12734020E+02  0.14242607E+02  0.15711367E+02
  0.17144400E+02  0.18539150E+02  0.19899181E+02  0.21223095E+02  0.22513737E+02
  0.23770162E+02  0.24994380E+02  0.26185612E+02  0.27345398E+02  0.28473188E+02
  0.29570185E+02  0.30636063E+02  0.31671856E+02  0.32677408E+02  0.33653604E+02
  0.34600480E+02  0.35518885E+02  0.36408932E+02  0.37271455E+02  0.38106615E+02
  0.38915250E+02  0.39697590E+02  0.40454390E+02  0.41185957E+02  0.41893026E+02
  0.42575989E+02  0.43235595E+02  0.43872265E+02  0.44486658E+02  0.45079183E+02
  0.45650423E+02  0.46200822E+02  0.46730971E+02  0.47241296E+02  0.47732309E+02
  0.48204439E+02  0.48658167E+02  0.49093901E+02  0.49512096E+02  0.49913136E+02
  0.50297422E+02  0.50665322E+02  0.51017269E+02  0.51353652E+02  0.51674880E+02
  0.51981340E+02  0.52273407E+02  0.52551466E+02  0.52815875E+02  0.53067027E+02
  0.53305266E+02  0.53530914E+02  0.53744311E+02  0.53945798E+02  0.54135727E+02
  0.54314438E+02  0.54482266E+02  0.54639490E+02  0.54786413E+02  0.54923317E+02
  0.55050523E+02  0.55168309E+02  0.55276950E+02  0.55376709E+02  0.55467827E+02
  0.55550555E+02  0.55625129E+02  0.55691778E+02  0.55750751E+02  0.55802281E+02
  0.55846579E+02  0.55883863E+02  0.55914313E+02  0.55938135E+02  0.55955531E+02
  0.55966676E+02  0.55971763E+02  0.55970983E+02  0.55964503E+02  0.55952476E+02
  0.55935057E+02  0.55912395E+02  0.55884637E+02  0.55851915E+02  0.55814382E+02
  0.55772164E+02  0.55725404E+02  0.55674248E+02  0.55618814E+02  0.55559234E+02
  0.55495638E+02  0.55428125E+02  0.55356812E+02  0.55281811E+02  0.55203222E+02
  0.55121158E+02  0.55035714E+02  0.54946960E+02  0.54855007E+02  0.54759931E+02
  0.54661819E+02  0.54560751E+02  0.54456807E+02  0.54350088E+02  0.54240665E+02
  0.54128612E+02  0.54013967E+02  0.53896808E+02  0.53777231E+02  0.53655322E+02
  0.53531206E+02  0.53404961E+02  0.53276664E+02  0.53146339E+02  0.53013986E+02
  0.52879615E+02  0.52743227E+02  0.52604843E+02  0.52464509E+02
  0.10000000E+01  0.28391080E+01  0.46087901E+01  0.63047002E+01  0.79557870E+01
  0.95636810E+01  0.11133338E+02  0.12661122E+02  0.14151490E+02  0.15601097E+02
  0.17013986E+02  0.18388100E+02  0.19727058E+02  0.21029914E+02  0.22299606E+02
  0.23535531E+02  0.24739750E+02  0.25911719E+02  0.27053002E+02  0.28163215E+02
  0.29243580E+02  0.30293884E+02  0.31315175E+02  0.32307399E+02  0.33271452E+02
  0.34207475E+02  0.35116329E+02  0.35998218E+02  0.36854005E+02  0.37683934E+02
  0.38488863E+02  0.39269101E+02  0.40025428E+02  0.40758200E+02  0.41468181E+02
  0.42155794E+02  0.42821817E+02  0.43466693E+02  0.44091087E+02  0.44695421E+02
  0.45280285E+02  0.45846107E+02  0.46393475E+02  0.46922811E+02  0.47434613E+02
  0.47929287E+02  0.48407284E+02  0.48868989E+02  0.49314835E+02  0.49745154E+02
  0.50160319E+02  0.50560642E+02  0.50946513E+02  0.51318273E+02  0.51676291E+02
  0.52020910E+02  0.52352458E+02  0.52671281E+02  0.52977678E+02  0.53271987E+02
  0.53554491E+02  0.53825466E+02  0.54085206E+02  0.54333986E+02  0.54572115E+02
  0.54799879E+02  0.55017571E+02  0.55225437E+02  0.55423726E+02  0.55612692E+02
  0.55792589E+02  0.55963663E+02  0.56126143E+02  0.56280250E+02  0.56426206E+02
  0.56564218E+02  0.56694480E+02  0.56817186E+02  0.56932531E+02  0.57040727E+02
  0.57141956E+02  0.57236393E+02  0.57324227E+02  0.57405633E+02  0.57480757E+02
  0.57549750E+02  0.57612788E+02  0.57670030E+02  0.57721635E+02  0.57767737E+02
  0.57808470E+02  0.57843970E+02  0.57874359E+02  0.57899756E+02  0.57920292E+02
  0.57936075E+02  0.57947239E+02  0.57953907E+02  0.57956189E+02  0.57954202E+02
  0.57948066E+02  0.57937863E+02  0.57923694E+02  0.57905660E+02  0.57883852E+02
  0.57858362E+02  0.57829281E+02  0.57796694E+02  0.57760689E+02  0.57721323E+02
  0.57678680E+02  0.57632836E+02  0.57583870E+02  0.57531877E+02  0.57476924E+02
  0.57419068E+02  0.57358361E+02  0.57294864E+02  0.57228656E+02  0.57159857E+02
  0.57088556E+02  0.57014836E+02  0.56938764E+02  0.56860354E+02  0.56779609E+02
  0.56696536E+02  0.56611154E+02  0.56523477E+02  0.56433538E+02
   128
  0.10000000E+01  0.23696972E+01  0.30294303E+01  0.30953097E+01  0.28240238E+01
  0.23830701E+01  0.19035783E+01  0.14575831E+01  0.10830814E+01  0.78146727E+00
  0.54800607E+00  0.37088529E+00  0.24098554E+00  0.14696515E+00  0.81184297E-01
  0.37535323E-01  0.12129270E-01 -0.32805934E-03 -0.53641004E-02 -0.68947227E-02
 -0.65035861E-02 -0.44179851E-02 -0.10511228E-02  0.26075745E-02  0.54171053E-02
  0.67353079E-02  0.65526163E-02  0.52911732E-02  0.34845708E-02  0.15679627E-02
 -0.19285852E-03 -0.16394297E-02 -0.26558661E-02  0.00000000E+00  0.00000000E+00
  0.00000000E+00  0.00000000E+00  0.00000000E+00  0.00000000E+00  0.00000000E+00
  0.00000000E+00  0.00000000E+00  0.00000000E+00  0.00000000E+00  0.00000000E+00
  0.00000000E+00  0.00000000E+00  0.00000000E+00  0.00000000E+00  0.00000000E+00
  0.00000000E+00  0.00000000E+00  0.00000000E+00  0.00000000E+00  0.00000000E+00
  0.00000000E+00  0.00000000E+00  0.00000000E+00  0.00000000E+00  0.00000000E+00
  0.00000000E+00  0.00000000E+00  0.00000000E+00  0.00000000E+00  0.00000000E+00
  0.00000000E+00  0.00000000E+00  0.00000000E+00  0.00000000E+00  0.00000000E+00
  0.00000000E+00  0.00000000E+00  0.00000000E+00  0.00000000E+00  0.00000000E+00
  0.00000000E+00  0.00000000E+00  0.00000000E+00  0.00000000E+00  0.00000000E+00
  0.00000000E+00  0.00000000E+00  0.00000000E+00  0.00000000E+00  0.00000000E+00
  0.00000000E+00  0.00000000E+00  0.00000000E+00  0.00000000E+00  0.00000000E+00
  0.00000000E+00  0.00000000E+00  0.00000000E+00  0.00000000E+00  0.00000000E+00
  0.00000000E+00  0.00000000E+00  0.00000000E+00  0.00000000E+00  0.00000000E+00
  0.00000000E+00  0.00000000E+00  0.00000000E+00  0.00000000E+00  0.00000000E+00
  0.00000000E+00  0.00000000E+00  0.00000000E+00  0.00000000E+00  0.00000000E+00
  0.00000000E+00  0.00000000E+00  0.00000000E+00  0.00000000E+00  0.00000000E+00
  0.00000000E+00  0.00000000E+00  0.00000000E+00  0.00000000E+00  0.00000000E+00
  0.00000000E+00  0.00000000E+00  0.00000000E+00  0.00000000E+00  0.00000000E+00
  0.00000000E+00  0.00000000E+00  0.00000000E+00  0.00000000E+00
  0.10000000E+01  0.25214314E+01  0.35322689E+01  0.40401743E+01  0.41843927E+01
  0.40634689E+01  0.37728847E+01  0.33851611E+01  0.29560230E+01  0.25122741E+01
  0.20783429E+01  0.16697468E+01  0.13024623E+01  0.98256723E+00  0.71566707E+00
  0.50193659E+00  0.34101563E+00  0.22542086E+00  0.14507687E+00  0.90228585E-01
  0.54414973E-01  0.33184653E-01  0.22424303E-01  0.17898951E-01  0.16002174E-01
  0.14465567E-01  0.12356259E-01  0.96375899E-02  0.66208479E-02  0.36745509E-02
  0.10763003E-02 -0.10090415E-02 -0.24841918E-02  0.00000000E+00  0.00000000E+00
  0.00000000E+00  0.00000000E+00  0.00000000E+00  0.00000000E+00  0.00000000E+00
  0.00000000E+00  0.00000000E+00  0.00000000E+00  0.00000000E+00  0.00000000E+00
  0.00000000E+00  0.00000000E+00  0.00000000E+00  0.00000000E+00  0.00000000E+00
  0.00000000E+00  0.00000000E+00  0.00000000E+00  0.00000000E+00  0.00000000E+00
  0.00000000E+00  0.00000000E+00  0.00000000E+00  0.00000000E+00  0.00000000E+00
  0.00000000E+00  0.00000000E+00  0.00000000E+00  0.00000000E+00  0.00000000E+00
  0.00000000E+00  0.00000000E+00  0.00000000E+00  0.00000000E+00  0.00000000E+00
  0.00000000E+00  0.00000000E+00  0.00000000E+00  0.00000000E+00  0.00000000E+00
  0.00000000E+00  0.00000000E+00  0.00000000E+00  0.00000000E+00  0.00000000E+00
  0.00000000E+00  0.00000000E+00  0.00000000E+00  0.00000000E+00  0.00000000E+00
  0.00000000E+00  0.00000000E+00  0.00000000E+00  0.00000000E+00  0.00000000E+00
  0.00000000E+00  0.00000000E+00  0.00000000E+00  0.00000000E+00  0.00000000E+00
  0.00000000E+00  0.00000000E+00  0.00000000E+00  0.00000000E+00  0.00000000E+00
  0.00000000E+00  0.00000000E+00  0.00000000E+00  0.00000000E+00  0.00000000E+00
  0.00000000E+00  0.00000000E+00  0.00000000E+00  0.00000000E+00  0.00000000E+00
  0.00000000E+00  0.00000000E+00  0.00000000E+00  0.00000000E+00  0.00000000E+00
  0.00000000E+00  0.00000000E+00  0.00000000E+00  0.00000000E+00  0.00000000E+00
  0.00000000E+00  0.00000000E+00  0.00000000E+00  0.00000000E+00  0.00000000E+00
  0.00000000E+00  0.00000000E+00  0.00000000E+00  0.00000000E+00
  0.10000000E+01  0.25912275E+01  0.37861338E+01  0.45625643E+01  0.50100703E+01
  0.51894483E+01  0.51624829E+01  0.49800452E+01  0.46854692E+01  0.43033350E+01
  0.38627126E+01  0.33891094E+01  0.29118557E+01  0.24510534E+01  0.20259880E+01
  0.16480057E+01  0.13260296E+01  0.10590055E+01  0.84171531E+00  0.66672118E+00
  0.52827146E+00  0.42099152E+00  0.33887193E+00  0.27539850E+00  0.22489700E+00
  0.18342807E+00  0.14862933E+00  0.11925836E+00  0.94540925E-01  0.73973033E-01
  0.57096230E-01  0.43505692E-01  0.32785230E-01  0.24546950E-01  0.18418323E-01
  0.14049010E-01  0.11091464E-01  0.91797503E-02  0.79323062E-02  0.70256444E-02
  0.62386669E-02  0.54543643E-02  0.46321986E-02  0.37854051E-02  0.29648158E-02
  0.22152903E-02  0.15245702E-02  0.89033608E-03  0.35899171E-03 -0.53276207E-05
  0.00000000E+00  0.00000000E+00  0.00000000E+00  0.00000000E+00  0.00000000E+00
  0.00000000E+00  0.00000000E+00  0.00000000E+00  0.00000000E+00  0.00000000E+00
  0.00000000E+00  0.00000000E+00  0.00000000E+00  0.00000000E+00  0.00000000E+00
  0.00000000E+00  0.00000000E+00  0.00000000E+00  0.00000000E+00  0.00000000E+00
  0.00000000E+00  0.00000000E+00  0.00000000E+00  0.00000000E+00  0.00000000E+00
  0.00000000E+00  0.00000000E+00  0.00000000E+00  0.00000000E+00  0.00000000E+00
  0.00000000E+00  0.00000000E+00  0.00000000E+00  0.00000000E+00  0.00000000E+00
  0.00000000E+00  0.00000000E+00  0.00000000E+00  0.00000000E+00  0.00000000E+00
  0.00000000E+00  0.00000000E+00  0.00000000E+00  0.00000000E+00  0.00000000E+00
  0.00000000E+00  0.00000000E+00  0.00000000E+00  0.00000000E+00  0.00000000E+00
  0.00000000E+00  0.00000000E+00  0.00000000E+00  0.00000000E+00  0.00000000E+00
  0.00000000E+00  0.00000000E+00  0.00000000E+00  0.00000000E+00  0.00000000E+00
  0.00000000E+00  0.00000000E+00  0.00000000E+00  0.00000000E+00  0.00000000E+00
  0.00000000E+00  0.00000000E+00  0.00000000E+00  0.00000000E+00  0.00000000E+00
  0.00000000E+00  0.00000000E+00  0.00000000E+00  0.00000000E+00  0.00000000E+00
  0.00000000E+00  0.00000000E+00  0.00000000E+00  0.00000000E+00
  0.10000000E+01  0.26306671E+01  0.39326153E+01  0.48812151E+01  0.55455172E+01
  0.59683463E+01  0.61912054E+01  0.62486940E+01  0.61708932E+01  0.59750759E+01
  0.56835757E+01  0.53176851E+01  0.49040728E+01  0.44639841E+01  0.40194413E+01
  0.35865855E+01  0.31798554E+01  0.28054461E+01  0.24659279E+01  0.21607185E+01
  0.18892523E+01  0.16499779E+01  0.14398486E+01  0.12547396E+01  0.10906734E+01
  0.94481333E+00  0.81520197E+00  0.70059190E+00  0.59979747E+00  0.51172014E+00
  0.43517745E+00  0.36905046E+00  0.31220780E+00  0.26359329E+00  0.22217340E+00
  0.18701955E+00  0.15722837E+00  0.13200663E+00  0.11059690E+00  0.92328011E-01
  0.76681300E-01  0.63261657E-01  0.51803435E-01  0.42089356E-01  0.33887175E-01
  0.27006403E-01  0.21285390E-01  0.16566012E-01  0.12712292E-01  0.96364575E-02
  0.72534917E-02  0.54956666E-02  0.42483365E-02  0.33919371E-02  0.28172285E-02
  0.24421139E-02  0.21793069E-02  0.19573831E-02  0.17250345E-02  0.14657460E-02
  0.12045472E-02  0.95473779E-03  0.71095103E-03  0.48784779E-03  0.29971571E-03
  0.14604980E-03  0.46279397E-05 -0.12836868E-03  0.00000000E+00  0.00000000E+00
  0.00000000E+00  0.00000000E+00  0.00000000E+00  0.00000000E+00  0.00000000E+00
  0.00000000E+00  0.00000000E+00  0.00000000E+00  0.00000000E+00  0.00000000E+00
  0.00000000E+00  0.00000000E+00  0.00000000E+00  0.00000000E+00  0.00000000E+00
  0.00000000E+00  0.00000000E+00  0.00000000E+00  0.00000000E+00  0.00000000E+00
  0.00000000E+00  0.00000000E+00  0.00000000E+00  0.00000000E+00  0.00000000E+00
  0.00000000E+00  0.00000000E+00  0.00000000E+00  0.00000000E+00  0.00000000E+00
  0.00000000E+00  0.00000000E+00  0.00000000E+00  0.00000000E+00  0.00000000E+00
  0.00000000E+00  0.00000000E+00  0.00000000E+00  0.00000000E+00  0.00000000E+00
  0.00000000E+00  0.00000000E+00  0.00000000E+00  0.00000000E+00  0.00000000E+00
  0.00000000E+00  0.00000000E+00  0.00000000E+00  0.00000000E+00  0.00000000E+00
  0.00000000E+00  0.00000000E+00  0.00000000E+00  0.00000000E+00  0.00000000E+00
  0.00000000E+00  0.00000000E+00  0.00000000E+00  0.00000000E+00
  0.10000000E+01  0.26640788E+01  0.40527528E+01  0.51374962E+01  0.59722338E+01
  0.65871318E+01  0.70102615E+01  0.72659490E+01  0.73765948E+01  0.73560900E+01
  0.72229474E+01  0.69951212E+01  0.66955324E+01  0.63434000E+01  0.59592089E+01
  0.55591198E+01  0.51583727E+01  0.47657653E+01  0.43874373E+01  0.40266202E+01
  0.36860555E+01  0.33671439E+01  0.30696107E+01  0.27919908E+01  0.25326788E+01
  0.22907549E+01  0.20657850E+01  0.18576455E+01  0.16660265E+01  0.14905485E+01
  0.13306033E+01  0.11855293E+01  0.10545738E+01  0.93684822E+00  0.83133682E+00
  0.73697016E+00  0.65262440E+00  0.57734580E+00  0.51016683E+00  0.45020850E+00
  0.39668923E+00  0.34897332E+00  0.30650856E+00  0.26881962E+00  0.23537375E+00
  0.20569042E+00  0.17933716E+00  0.15596416E+00  0.13523705E+00  0.11694368E+00
  0.10087684E+00  0.86943986E-01  0.74958468E-01  0.64720507E-01  0.55949422E-01
  0.48407860E-01  0.41930247E-01  0.36369067E-01  0.31566444E-01  0.27374420E-01
  0.23712864E-01  0.20524322E-01  0.17775630E-01  0.15416192E-01  0.13391367E-01
  0.11662741E-01  0.10218000E-01  0.90325594E-02  0.80646877E-02  0.72566455E-02
  0.65659760E-02  0.59657314E-02  0.54174347E-02  0.48976836E-02  0.43948502E-02
  0.39048053E-02  0.34263817E-02  0.29620068E-02  0.25120405E-02  0.21011836E-02
  0.17505016E-02  0.14609897E-02  0.12070818E-02  0.99064388E-03  0.81747171E-03
  0.67585564E-03  0.56001223E-03  0.45247249E-03  0.35205964E-03  0.26505886E-03
  0.18716865E-03  0.11055819E-03  0.45596067E-04 -0.14244201E-05  0.00000000E+00
  0.00000000E+00  0.00000000E+00  0.00000000E+00  0.00000000E+00  0.00000000E+00
  0.00000000E+00  0.00000000E+00  0.00000000E+00  0.00000000E+00  0.00000000E+00
  0.00000000E+00  0.00000000E+00  0.00000000E+00  0.00000000E+00  0.00000000E+00
  0.00000000E+00  0.00000000E+00  0.00000000E+00  0.00000000E+00  0.00000000E+00
  0.00000000E+00  0.00000000E+00  0.00000000E+00  0.00000000E+00  0.00000000E+00
  0.00000000E+00  0.00000000E+00  0.00000000E+00  0.00000000E+00  0.00000000E+00
  0.00000000E+00  0.00000000E+00  0.00000000E+00  0.00000000E+00
  0.10000000E+01  0.26848708E+01  0.41260886E+01  0.52948726E+01  0.62389998E+01
  0.69828781E+01  0.75483093E+01  0.79541341E+01  0.82183155E+01  0.83524182E+01
  0.83720028E+01  0.82920525E+01  0.81317757E+01  0.79074110E+01  0.76362270E+01
  0.73321325E+01  0.70085661E+01  0.66740128E+01  0.63352389E+01  0.59966999E+01
  0.56624305E+01  0.53352828E+01  0.50166332E+01  0.47068605E+01  0.44061452E+01
  0.41150741E+01  0.38346366E+01  0.35658265E+01  0.33093353E+01  0.30657134E+01
  0.28352569E+01  0.26182339E+01  0.24147620E+01  0.22246866E+01  0.20477278E+01
  0.18833657E+01  0.17309729E+01  0.15900387E+01  0.14598336E+01  0.13397258E+01
  0.12290505E+01  0.11271950E+01  0.10335340E+01  0.94755385E+00  0.86855694E+00
  0.79591519E+00  0.72909175E+00  0.66764262E+00  0.61107148E+00  0.55922824E+00
  0.51167291E+00  0.46831945E+00  0.42877684E+00  0.39277789E+00  0.35990705E+00
  0.32983956E+00  0.30229367E+00  0.27703635E+00  0.25390986E+00  0.23271116E+00
  0.21324961E+00  0.19534711E+00  0.17888390E+00  0.16379046E+00  0.14999755E+00
  0.13736746E+00  0.12575891E+00  0.11507339E+00  0.10527987E+00  0.96330913E-01
  0.88139905E-01  0.80622423E-01  0.73712828E-01  0.67376032E-01  0.61586178E-01
  0.56271606E-01  0.51384672E-01  0.46884479E-01  0.42750380E-01  0.38960354E-01
  0.35476256E-01  0.32270759E-01  0.29339702E-01  0.26682294E-01  0.24272553E-01
  0.22078619E-01  0.20078278E-01  0.18235266E-01  0.16529665E-01  0.14957162E-01
  0.13531130E-01  0.12262153E-01  0.11121941E-01  0.10082517E-01  0.91025031E-02
  0.81934201E-02  0.73844344E-02  0.66642327E-02  0.60122822E-02  0.54006737E-02
  0.48362480E-02  0.43329218E-02  0.38855858E-02  0.35039119E-02  0.31724981E-02
  0.28730580E-02  0.26002642E-02  0.23348685E-02  0.20824321E-02  0.18587071E-02
  0.16499303E-02  0.14415696E-02  0.12240333E-02  0.10213271E-02  0.85367928E-03
  0.71869376E-03  0.61136851E-03  0.52523875E-03  0.45811619E-03  0.41274667E-03
  0.35511016E-03  0.28268282E-03  0.19790554E-03  0.10135306E-03  0.74039657E-05
 -0.92665966E-04  0.00000000E+00  0.00000000E+00  0.00000000E+00
  0.10000000E+01  0.27145151E+01  0.42309378E+01  0.55193230E+01  0.66184482E+01
  0.75446057E+01  0.83112555E+01  0.89301038E+01  0.94134901E+01  0.97699598E+01
  0.10011342E+02  0.10148837E+02  0.10196904E+02  0.10167862E+02  0.10074662E+02
  0.99279857E+01  0.97385522E+01  0.95139509E+01  0.92611862E+01  0.89857341E+01
  0.86927425E+01  0.83865068E+01  0.80701589E+01  0.77461333E+01  0.74166734E+01
  0.70841468E+01  0.67512919E+01  0.64205515E+01  0.60939598E+01  0.57733719E+01
  0.54603771E+01  0.51565696E+01  0.48632932E+01  0.45814585E+01  0.43117816E+01
  0.40545085E+01  0.38097460E+01  0.35777138E+01  0.33581972E+01  0.31510423E+01
  0.29559418E+01  0.27725564E+01  0.26003516E+01  0.24389324E+01  0.22875178E+01
  0.21453753E+01  0.20119393E+01  0.18867194E+01  0.17690615E+01  0.16588521E+01
  0.15553904E+01  0.14586763E+01  0.13681814E+01  0.12835979E+01  0.12043423E+01
  0.11299561E+01  0.10600803E+01  0.99442689E+00  0.93275422E+00  0.87477050E+00
  0.82020104E+00  0.76882130E+00  0.72047803E+00  0.67504413E+00  0.63238921E+00
  0.59233282E+00  0.55471932E+00  0.51935556E+00  0.48611204E+00  0.45486250E+00
  0.42552930E+00  0.39801044E+00  0.37219490E+00  0.34797432E+00  0.32523924E+00
  0.30391502E+00  0.28392662E+00  0.26517810E+00  0.24758732E+00  0.23106354E+00
  0.21554458E+00  0.20100851E+00  0.18741619E+00  0.17469145E+00  0.16277663E+00
  0.15161773E+00  0.14119032E+00  0.13148824E+00  0.12247280E+00  0.11409248E+00
  0.10625765E+00  0.98933362E-01  0.92108697E-01  0.85769540E-01  0.79873132E-01
  0.74371280E-01  0.69212322E-01  0.64378946E-01  0.59880922E-01  0.55692904E-01
  0.51794409E-01  0.48127204E-01  0.44679284E-01  0.41462564E-01  0.38479208E-01
  0.35715394E-01  0.33127212E-01  0.30691251E-01  0.28403613E-01  0.26281386E-01
  0.24348327E-01  0.22561600E-01  0.20897484E-01  0.19336273E-01  0.17882691E-01
  0.16539334E-01  0.15288968E-01  0.14149967E-01  0.13100535E-01  0.12125983E-01
  0.11236504E-01  0.10426518E-01  0.96978601E-02  0.90429934E-02  0.84463630E-02
  0.79045832E-02  0.74114849E-02  0.69614176E-02  0.65367688E-02
  0.10000000E+01  0.27359232E+01  0.43061076E+01  0.56812563E+01  0.68953642E+01
  0.79602400E+01  0.88848103E+01  0.96763520E+01  0.10343519E+02  0.10892402E+02
  0.11331946E+02  0.11670382E+02  0.11918486E+02  0.12085304E+02  0.12180098E+02
  0.12210478E+02  0.12184278E+02  0.12107397E+02  0.11985856E+02  0.11824762E+02
  0.11629088E+02  0.11403320E+02  0.11151151E+02  0.10875918E+02  0.10580831E+02
  0.10269114E+02  0.99444487E+01  0.96101374E+01  0.92691184E+01  0.89241758E+01
  0.85778614E+01  0.82328333E+01  0.78914924E+01  0.75557431E+01  0.72272537E+01
  0.69070736E+01  0.65961209E+01  0.62954502E+01  0.60055623E+01  0.57269757E+01
  0.54599360E+01  0.52045339E+01  0.49605651E+01  0.47279985E+01  0.45062559E+01
  0.42947720E+01  0.40931425E+01  0.39009950E+01  0.37177069E+01  0.35433252E+01
  0.33770772E+01  0.32190550E+01  0.30686938E+01  0.29257227E+01  0.27895312E+01
  0.26596437E+01  0.25356678E+01  0.24173282E+01  0.23043708E+01  0.21964681E+01
  0.20933306E+01  0.19947202E+01  0.19005025E+01  0.18105223E+01  0.17246399E+01
  0.16426591E+01  0.15644081E+01  0.14896871E+01  0.14183446E+01  0.13502086E+01
  0.12851594E+01  0.12231086E+01  0.11639488E+01  0.11075625E+01  0.10538128E+01
  0.10025610E+01  0.95371415E+00  0.90716301E+00  0.86280822E+00  0.82055139E+00
  0.78027021E+00  0.74188087E+00  0.70531752E+00  0.67049073E+00  0.63734255E+00
  0.60578836E+00  0.57575594E+00  0.54719911E+00  0.52004832E+00  0.49425090E+00
  0.46975192E+00  0.44646415E+00  0.42432740E+00  0.40328963E+00  0.38328644E+00
  0.36426911E+00  0.34618875E+00  0.32899634E+00  0.31263870E+00  0.29707276E+00
  0.28226142E+00  0.26816740E+00  0.25475882E+00  0.24201099E+00  0.22989221E+00
  0.21838106E+00  0.20745400E+00  0.19706715E+00  0.18719964E+00  0.17781070E+00
  0.16889634E+00  0.16044997E+00  0.15245572E+00  0.14488097E+00  0.13767958E+00
  0.13082920E+00  0.12432559E+00  0.11816402E+00  0.11232968E+00  0.10678865E+00
  0.10151726E+00  0.96502615E-01  0.91729463E-01  0.87193428E-01  0.82889989E-01
  0.78821560E-01  0.74972924E-01  0.71323069E-01  0.67837326E-01
  0.10000000E+01  0.27546356E+01  0.43711671E+01  0.58214809E+01  0.71359847E+01
  0.83233538E+01  0.93895193E+01  0.10338507E+02  0.11176159E+02  0.11906344E+02
  0.12535568E+02  0.13069584E+02  0.13516188E+02  0.13881703E+02  0.14172338E+02
  0.14393006E+02  0.14548883E+02  0.14644035E+02  0.14683047E+02  0.14670046E+02
  0.14609222E+02  0.14504585E+02  0.14359675E+02  0.14178010E+02  0.13963085E+02
  0.13718377E+02  0.13447915E+02  0.13155352E+02  0.12844123E+02  0.12517604E+02
  0.12179025E+02  0.11831816E+02  0.11479133E+02  0.11123674E+02  0.10767933E+02
  0.10413769E+02  0.10062904E+02  0.97171864E+01  0.93778211E+01  0.90460255E+01
  0.87227075E+01  0.84085325E+01  0.81038006E+01  0.78089404E+01  0.75237167E+01
  0.72478986E+01  0.69814206E+01  0.67241694E+01  0.64757076E+01  0.62362901E+01
  0.60052015E+01  0.57826816E+01  0.55682492E+01  0.53617653E+01  0.51626845E+01
  0.49705869E+01  0.47851435E+01  0.46061485E+01  0.44334041E+01  0.42666007E+01
  0.41054668E+01  0.39497936E+01  0.37994931E+01  0.36544391E+01  0.35145483E+01
  0.33796364E+01  0.32495511E+01  0.31240761E+01  0.30030717E+01  0.28863790E+01
  0.27738978E+01  0.26655433E+01  0.25612198E+01  0.24607741E+01  0.23640424E+01
  0.22708996E+01  0.21812345E+01  0.20949609E+01  0.20119694E+01  0.19321201E+01
  0.18552780E+01  0.17813323E+01  0.17101895E+01  0.16417711E+01  0.15760016E+01
  0.15127709E+01  0.14519933E+01  0.13935761E+01  0.13374438E+01  0.12835380E+01
  0.12317881E+01  0.11820896E+01  0.11343344E+01  0.10884532E+01  0.10443662E+01
  0.10020425E+01  0.96140475E+00  0.92235788E+00  0.88484067E+00  0.84879824E+00
  0.81418835E+00  0.78098143E+00  0.74911136E+00  0.71850681E+00  0.68911714E+00
  0.66089571E+00  0.63380733E+00  0.60782563E+00  0.58291428E+00  0.55903007E+00
  0.53611525E+00  0.51413200E+00  0.49306682E+00  0.47290190E+00  0.45359333E+00
  0.43510807E+00  0.41738362E+00  0.40040008E+00  0.38412593E+00  0.36851986E+00
  0.35356069E+00  0.33919119E+00  0.32538613E+00  0.31212650E+00  0.29939501E+00
  0.28716528E+00  0.27542100E+00  0.26415000E+00  0.25332140E+00
  0.10000000E+01  0.27687277E+01  0.44196217E+01  0.59265847E+01  0.73178473E+01
  0.86004857E+01  0.97790114E+01  0.10855587E+02  0.11834354E+02  0.12717431E+02
  0.13509492E+02  0.14214367E+02  0.14837729E+02  0.15384000E+02  0.15857473E+02
  0.16261354E+02  0.16599042E+02  0.16873221E+02  0.17087135E+02  0.17243786E+02
  0.17346299E+02  0.17397773E+02  0.17401063E+02  0.17359135E+02  0.17275013E+02
  0.17151737E+02  0.16992898E+02  0.16801854E+02  0.16581854E+02  0.16336205E+02
  0.16068177E+02  0.15781288E+02  0.15478849E+02  0.15163845E+02  0.14839114E+02
  0.14506959E+02  0.14169595E+02  0.13829352E+02  0.13487987E+02  0.13147267E+02
  0.12808658E+02  0.12473386E+02  0.12142313E+02  0.11816389E+02  0.11495937E+02
  0.11181226E+02  0.10872630E+02  0.10570411E+02  0.10274541E+02  0.99855422E+01
  0.97030173E+01  0.94273675E+01  0.91583337E+01  0.88959822E+01  0.86400060E+01
  0.83901873E+01  0.81463644E+01  0.79084601E+01  0.76763757E+01  0.74499330E+01
  0.72289980E+01  0.70134666E+01  0.68033217E+01  0.65985084E+01  0.63989962E+01
  0.62046770E+01  0.60154624E+01  0.58312046E+01  0.56518083E+01  0.54771536E+01
  0.53071959E+01  0.51419118E+01  0.49812354E+01  0.48250588E+01  0.46732495E+01
  0.45257273E+01  0.43824517E+01  0.42433327E+01  0.41082639E+01  0.39771149E+01
  0.38497783E+01  0.37261814E+01  0.36062634E+01  0.34899363E+01  0.33771130E+01
  0.32676872E+01  0.31615744E+01  0.30587172E+01  0.29590428E+01  0.28624925E+01
  0.27689691E+01  0.26783761E+01  0.25906130E+01  0.25056011E+01  0.24232788E+01
  0.23435839E+01  0.22664441E+01  0.21917650E+01  0.21194692E+01  0.20494887E+01
  0.19817580E+01  0.19162316E+01  0.18528547E+01  0.17915730E+01  0.17323063E+01
  0.16749987E+01  0.16195884E+01  0.15659929E+01  0.15141841E+01  0.14641261E+01
  0.14157466E+01  0.13689736E+01  0.13237526E+01  0.12800391E+01  0.12378063E+01
  0.11969830E+01  0.11575444E+01  0.11194366E+01  0.10826118E+01  0.10470528E+01
  0.10127043E+01  0.97952270E+00  0.94744195E+00  0.91643724E+00  0.88648698E+00
  0.85754991E+00  0.82960030E+00  0.80257367E+00  0.77641242E+00
  0.10000000E+01  0.27810826E+01  0.44619686E+01  0.60183836E+01  0.74765275E+01
  0.88421311E+01  0.10118526E+02  0.11306381E+02  0.12408516E+02  0.13425674E+02
  0.14361069E+02  0.15216937E+02  0.15997206E+02  0.16704714E+02  0.17342274E+02
  0.17911832E+02  0.18415513E+02  0.18855004E+02  0.19232519E+02  0.19550166E+02
  0.19810200E+02  0.20014925E+02  0.20166552E+02  0.20267490E+02  0.20320218E+02
  0.20327262E+02  0.20291629E+02  0.20216188E+02  0.20103840E+02  0.19957603E+02
  0.19780525E+02  0.19575931E+02  0.19346989E+02  0.19096690E+02  0.18827933E+02
  0.18543233E+02  0.18245041E+02  0.17935918E+02  0.17617987E+02  0.17293369E+02
  0.16963944E+02  0.16631367E+02  0.16296971E+02  0.15962110E+02  0.15627619E+02
  0.15294262E+02  0.14962852E+02  0.14634032E+02  0.14308174E+02  0.13986072E+02
  0.13667709E+02  0.13353698E+02  0.13044099E+02  0.12739205E+02  0.12438960E+02
  0.12143352E+02  0.11852419E+02  0.11566264E+02  0.11284933E+02  0.11008361E+02
  0.10736512E+02  0.10469406E+02  0.10207104E+02  0.99496277E+01  0.96970206E+01
  0.94492337E+01  0.92062486E+01  0.89679888E+01  0.87344496E+01  0.85055956E+01
  0.82814298E+01  0.80619569E+01  0.78471719E+01  0.76370046E+01  0.74313901E+01
  0.72303026E+01  0.70337232E+01  0.68415961E+01  0.66538352E+01  0.64703771E+01
  0.62911656E+01  0.61161597E+01  0.59453019E+01  0.57785322E+01  0.56157924E+01
  0.54570322E+01  0.53022083E+01  0.51512765E+01  0.50041673E+01  0.48608302E+01
  0.47212113E+01  0.45852217E+01  0.44527857E+01  0.43238414E+01  0.41983074E+01
  0.40761267E+01  0.39572257E+01  0.38415160E+01  0.37289283E+01  0.36193995E+01
  0.35128889E+01  0.34093474E+01  0.33086948E+01  0.32108548E+01  0.31157729E+01
  0.30233975E+01  0.29336979E+01  0.28466042E+01  0.27620409E+01  0.26799143E+01
  0.26001502E+01  0.25227168E+01  0.24475714E+01  0.23746552E+01  0.23039064E+01
  0.22352254E+01  0.21685438E+01  0.21038218E+01  0.20410360E+01  0.19801523E+01
  0.19210870E+01  0.18637911E+01  0.18081994E+01  0.17542688E+01  0.17019761E+01
  0.16512843E+01  0.16021364E+01  0.15544723E+01  0.15082463E+01
  0.10000000E+01  0.27872868E+01  0.44831402E+01  0.60647228E+01  0.75575218E+01
  0.89669766E+01  0.10296200E+02  0.11545518E+02  0.12717427E+02  0.13812197E+02
  0.14832518E+02  0.15779955E+02  0.16657694E+02  0.17467893E+02  0.18212871E+02
  0.18894193E+02  0.19513603E+02  0.20072468E+02  0.20572530E+02  0.21015451E+02
  0.21402996E+02  0.21736982E+02  0.22019129E+02  0.22251336E+02  0.22435546E+02
  0.22573775E+02  0.22668390E+02  0.22721705E+02  0.22736061E+02  0.22713894E+02
  0.22657713E+02  0.22570273E+02  0.22454235E+02  0.22312128E+02  0.22146447E+02
  0.21959394E+02  0.21753171E+02  0.21530097E+02  0.21292196E+02  0.21041477E+02
  0.20779777E+02  0.20508776E+02  0.20229925E+02  0.19944691E+02  0.19654158E+02
  0.19359346E+02  0.19061278E+02  0.18760847E+02  0.18458712E+02  0.18155849E+02
  0.17852606E+02  0.17549772E+02  0.17247688E+02  0.16946858E+02  0.16647501E+02
  0.16349859E+02  0.16054190E+02  0.15760761E+02  0.15469789E+02  0.15181387E+02
  0.14895681E+02  0.14612825E+02  0.14332979E+02  0.14056265E+02  0.13782815E+02
  0.13512688E+02  0.13245946E+02  0.12982596E+02  0.12722676E+02  0.12466202E+02
  0.12213226E+02  0.11963825E+02  0.11718062E+02  0.11475919E+02  0.11237357E+02
  0.11002389E+02  0.10771066E+02  0.10543408E+02  0.10319408E+02  0.10099042E+02
  0.98822804E+01  0.96691151E+01  0.94595301E+01  0.92535377E+01  0.90511294E+01
  0.88522958E+01  0.86570117E+01  0.84652518E+01  0.82770203E+01  0.80923032E+01
  0.79110802E+01  0.77333136E+01  0.75589376E+01  0.73879075E+01  0.72202292E+01
  0.70559163E+01  0.68949177E+01  0.67371586E+01  0.65825682E+01  0.64311113E+01
  0.62827645E+01  0.61375346E+01  0.59953595E+01  0.58561931E+01  0.57199872E+01
  0.55866931E+01  0.54562928E+01  0.53287366E+01  0.52039918E+01  0.50819951E+01
  0.49627228E+01  0.48461312E+01  0.47321707E+01  0.46207946E+01  0.45119458E+01
  0.44055543E+01  0.43015688E+01  0.41999769E+01  0.41007484E+01  0.40038163E+01
  0.39091125E+01  0.38166009E+01  0.37262495E+01  0.36380358E+01  0.35519336E+01
  0.34678738E+01  0.33857920E+01  0.33056347E+01  0.32273911E+01
  0.10000000E+01  0.27937376E+01  0.45053160E+01  0.61130695E+01  0.76415876E+01
  0.90957857E+01  0.10478325E+02  0.11789029E+02  0.13029926E+02  0.14200816E+02
  0.15303831E+02  0.16339883E+02  0.17311421E+02  0.18219924E+02  0.19067141E+02
  0.19854191E+02  0.20582385E+02  0.21252746E+02  0.21866620E+02  0.22425303E+02
  0.22930151E+02  0.23382600E+02  0.23784012E+02  0.24135903E+02  0.24439839E+02
  0.24697452E+02  0.24910646E+02  0.25081306E+02  0.25211360E+02  0.25302815E+02
  0.25357758E+02  0.25378477E+02  0.25367214E+02  0.25326146E+02  0.25257430E+02
  0.25163034E+02  0.25044922E+02  0.24905171E+02  0.24745645E+02  0.24568230E+02
  0.24374702E+02  0.24166734E+02  0.23945816E+02  0.23713452E+02  0.23470840E+02
  0.23219141E+02  0.22959538E+02  0.22693079E+02  0.22420664E+02  0.22143392E+02
  0.21861876E+02  0.21577043E+02  0.21289463E+02  0.20999840E+02  0.20708635E+02
  0.20416299E+02  0.20123278E+02  0.19830008E+02  0.19536844E+02  0.19244066E+02
  0.18951969E+02  0.18660842E+02  0.18370956E+02  0.18082529E+02  0.17795786E+02
  0.17510868E+02  0.17227929E+02  0.16947081E+02  0.16668442E+02  0.16392079E+02
  0.16118091E+02  0.15846591E+02  0.15577684E+02  0.15311416E+02  0.15047796E+02
  0.14786878E+02  0.14528732E+02  0.14273410E+02  0.14020942E+02  0.13771347E+02
  0.13524631E+02  0.13280810E+02  0.13039907E+02  0.12801966E+02  0.12567020E+02
  0.12335098E+02  0.12106217E+02  0.11880384E+02  0.11657610E+02  0.11437904E+02
  0.11221301E+02  0.11007800E+02  0.10797362E+02  0.10589994E+02  0.10385708E+02
  0.10184518E+02  0.99864227E+01  0.97913705E+01  0.95993301E+01  0.94103070E+01
  0.92243232E+01  0.90413850E+01  0.88614589E+01  0.86845071E+01  0.85105050E+01
  0.83394356E+01  0.81713212E+01  0.80061607E+01  0.78439211E+01  0.76845637E+01
  0.75280388E+01  0.73743258E+01  0.72234204E+01  0.70753069E+01  0.69299408E+01
  0.67872426E+01  0.66471730E+01  0.65097270E+01  0.63748932E+01  0.62426480E+01
  0.61129246E+01  0.59856859E+01  0.58608914E+01  0.57385368E+01  0.56186169E+01
  0.55010940E+01  0.53859229E+01  0.52730480E+01  0.51624484E+01
  0.10000000E+01  0.27965172E+01  0.45149479E+01  0.61344150E+01  0.76794108E+01
  0.91548603E+01  0.10563433E+02  0.11904997E+02  0.13181572E+02  0.14392922E+02
  0.15541097E+02  0.16626881E+02  0.17652565E+02  0.18619466E+02  0.19529249E+02
  0.20382982E+02  0.21181930E+02  0.21927065E+02  0.22619586E+02  0.23260638E+02
  0.23851410E+02  0.24393135E+02  0.24886993E+02  0.25334268E+02  0.25736277E+02
  0.26094398E+02  0.26410222E+02  0.26685335E+02  0.26921339E+02  0.27119922E+02
  0.27282822E+02  0.27411946E+02  0.27509156E+02  0.27576253E+02  0.27615033E+02
  0.27627146E+02  0.27614245E+02  0.27578079E+02  0.27520231E+02  0.27442292E+02
  0.27345792E+02  0.27232177E+02  0.27102772E+02  0.26958917E+02  0.26801699E+02
  0.26632201E+02  0.26451523E+02  0.26260667E+02  0.26060523E+02  0.25852148E+02
  0.25636215E+02  0.25413643E+02  0.25185070E+02  0.24951238E+02  0.24712700E+02
  0.24470000E+02  0.24223683E+02  0.23974259E+02  0.23722180E+02  0.23467833E+02
  0.23211595E+02  0.22953846E+02  0.22694958E+02  0.22435244E+02  0.22174997E+02
  0.21914471E+02  0.21653892E+02  0.21393439E+02  0.21133296E+02  0.20873610E+02
  0.20614536E+02  0.20356228E+02  0.20098833E+02  0.19842455E+02  0.19587169E+02
  0.19333077E+02  0.19080319E+02  0.18828974E+02  0.18579110E+02  0.18330797E+02
  0.18084091E+02  0.17839057E+02  0.17595751E+02  0.17354245E+02  0.17114596E+02
  0.16876853E+02  0.16641064E+02  0.16407288E+02  0.16175552E+02  0.15945880E+02
  0.15718309E+02  0.15492853E+02  0.15269525E+02  0.15048370E+02  0.14829412E+02
  0.14612695E+02  0.14398220E+02  0.14185965E+02  0.13975969E+02  0.13768250E+02
  0.13562832E+02  0.13359742E+02  0.13158945E+02  0.12960444E+02  0.12764247E+02
  0.12570392E+02  0.12378920E+02  0.12189828E+02  0.12003087E+02  0.11818667E+02
  0.11636580E+02  0.11456831E+02  0.11279438E+02  0.11104387E+02  0.10931635E+02
  0.10761139E+02  0.10592886E+02  0.10426902E+02  0.10263204E+02  0.10101773E+02
  0.99425654E+01  0.97855451E+01  0.96307126E+01  0.94780844E+01  0.93276516E+01
  0.91794082E+01  0.90332979E+01  0.88892926E+01  0.87474016E+01
  0.10000000E+01  0.28005644E+01  0.45289323E+01  0.61649215E+01  0.77324931E+01
  0.92362569E+01  0.10678611E+02  0.12059207E+02  0.13379840E+02  0.14640096E+02
  0.15841770E+02  0.16985371E+02  0.18072862E+02  0.19105251E+02  0.20083965E+02
  0.21009887E+02  0.21884102E+02  0.22707436E+02  0.23480905E+02  0.24205473E+02
  0.24882141E+02  0.25511957E+02  0.26095896E+02  0.26635035E+02  0.27130475E+02
  0.27583355E+02  0.27995011E+02  0.28366770E+02  0.28699973E+02  0.28996024E+02
  0.29256384E+02  0.29482652E+02  0.29676389E+02  0.29839121E+02  0.29972387E+02
  0.30077589E+02  0.30156161E+02  0.30209622E+02  0.30239359E+02  0.30246775E+02
  0.30233232E+02  0.30200035E+02  0.30148405E+02  0.30079573E+02  0.29994592E+02
  0.29894503E+02  0.29780359E+02  0.29653141E+02  0.29513756E+02  0.29363252E+02
  0.29202366E+02  0.29032042E+02  0.28852980E+02  0.28665967E+02  0.28471630E+02
  0.28270594E+02  0.28063461E+02  0.27850821E+02  0.27633210E+02  0.27411090E+02
  0.27184932E+02  0.26955201E+02  0.26722323E+02  0.26486679E+02  0.26248645E+02
  0.26008533E+02  0.25766631E+02  0.25523202E+02  0.25278492E+02  0.25032714E+02
  0.24786071E+02  0.24538762E+02  0.24290979E+02  0.24042859E+02  0.23794521E+02
  0.23546118E+02  0.23297816E+02  0.23049748E+02  0.22802008E+02  0.22554693E+02
  0.22307884E+02  0.22061688E+02  0.21816218E+02  0.21571563E+02  0.21327825E+02
  0.21085062E+02  0.20843352E+02  0.20602764E+02  0.20363362E+02  0.20125223E+02
  0.19888400E+02  0.19652925E+02  0.19418824E+02  0.19186131E+02  0.18954920E+02
  0.18725252E+02  0.18497156E+02  0.18270634E+02  0.18045683E+02  0.17822360E+02
  0.17600730E+02  0.17380854E+02  0.17162752E+02  0.16946422E+02  0.16731864E+02
  0.16519118E+02  0.16308233E+02  0.16099259E+02  0.15892241E+02  0.15687159E+02
  0.15484017E+02  0.15282817E+02  0.15083557E+02  0.14886241E+02  0.14690867E+02
  0.14497407E+02  0.14305879E+02  0.14116315E+02  0.13928746E+02  0.13743173E+02
  0.13559578E+02  0.13377940E+02  0.13198259E+02  0.13020569E+02  0.12844891E+02
  0.12671232E+02  0.12499560E+02  0.12329848E+02  0.12162090E+02
  0.10000000E+01  0.28026498E+01  0.45362691E+01  0.61812921E+01  0.77616700E+01
  0.92820380E+01  0.10744787E+02  0.12149630E+02  0.13498344E+02  0.14790541E+02
  0.16027976E+02  0.17211129E+02  0.18341894E+02  0.19421220E+02  0.20450481E+02
  0.21430539E+02  0.22362476E+02  0.23247071E+02  0.24085281E+02  0.24877967E+02
  0.25626026E+02  0.26330384E+02  0.26991912E+02  0.27611550E+02  0.28190258E+02
  0.28729032E+02  0.29229024E+02  0.29691370E+02  0.30117227E+02  0.30507797E+02
  0.30864331E+02  0.31188188E+02  0.31480696E+02  0.31743125E+02  0.31976776E+02
  0.32182819E+02  0.32362462E+02  0.32516977E+02  0.32647532E+02  0.32755313E+02
  0.32841459E+02  0.32907082E+02  0.32953205E+02  0.32980878E+02  0.32990993E+02
  0.32984452E+02  0.32962186E+02  0.32925059E+02  0.32873868E+02  0.32809553E+02
  0.32732788E+02  0.32644424E+02  0.32545124E+02  0.32435617E+02  0.32316521E+02
  0.32188443E+02  0.32051975E+02  0.31907719E+02  0.31756214E+02  0.31597944E+02
  0.31433401E+02  0.31263084E+02  0.31087462E+02  0.30906975E+02  0.30722028E+02
  0.30532997E+02  0.30340212E+02  0.30143958E+02  0.29944555E+02  0.29742254E+02
  0.29537309E+02  0.29329969E+02  0.29120454E+02  0.28908931E+02  0.28695579E+02
  0.28480595E+02  0.28264166E+02  0.28046462E+02  0.27827609E+02  0.27607745E+02
  0.27387007E+02  0.27165517E+02  0.26943411E+02  0.26720807E+02  0.26497825E+02
  0.26274565E+02  0.26051134E+02  0.25827631E+02  0.25604131E+02  0.25380718E+02
  0.25157465E+02  0.24934433E+02  0.24711687E+02  0.24489293E+02  0.24267313E+02
  0.24045817E+02  0.23824857E+02  0.23604449E+02  0.23384644E+02  0.23165503E+02
  0.22947081E+02  0.22729439E+02  0.22512597E+02  0.22296603E+02  0.22081498E+02
  0.21867331E+02  0.21654167E+02  0.21442048E+02  0.21231001E+02  0.21021067E+02
  0.20812270E+02  0.20604630E+02  0.20398159E+02  0.20192850E+02  0.19988706E+02
  0.19785744E+02  0.19583976E+02  0.19383461E+02  0.19184261E+02  0.18986375E+02
  0.18789813E+02  0.18594575E+02  0.18400687E+02  0.18208169E+02  0.18017059E+02
  0.17827366E+02  0.17639081E+02  0.17452228E+02  0.17266829E+02
  0.10000000E+01  0.28048680E+01  0.45440346E+01  0.61983548E+01  0.77915649E+01
  0.93281440E+01  0.10810333E+02  0.12237746E+02  0.13612040E+02  0.14932762E+02
  0.16201542E+02  0.17418743E+02  0.18586116E+02  0.19704470E+02  0.20775085E+02
  0.21798718E+02  0.22776366E+02  0.23708728E+02  0.24596667E+02  0.25440965E+02
  0.26242436E+02  0.27001927E+02  0.27720235E+02  0.28398212E+02  0.29036717E+02
  0.29636655E+02  0.30199072E+02  0.30725006E+02  0.31215511E+02  0.31671678E+02
  0.32094630E+02  0.32485591E+02  0.32845770E+02  0.33176320E+02  0.33478412E+02
  0.33753110E+02  0.34001506E+02  0.34224742E+02  0.34423866E+02  0.34599963E+02
  0.34754081E+02  0.34887231E+02  0.35000347E+02  0.35094385E+02  0.35170149E+02
  0.35228472E+02  0.35270203E+02  0.35296152E+02  0.35307057E+02  0.35303773E+02
  0.35286934E+02  0.35257328E+02  0.35215578E+02  0.35162388E+02  0.35098348E+02
  0.35024037E+02  0.34940037E+02  0.34846899E+02  0.34745161E+02  0.34635320E+02
  0.34517852E+02  0.34393257E+02  0.34262020E+02  0.34124573E+02  0.33981350E+02
  0.33832700E+02  0.33678990E+02  0.33520544E+02  0.33357667E+02  0.33190646E+02
  0.33019754E+02  0.32845252E+02  0.32667381E+02  0.32486354E+02  0.32302361E+02
  0.32115620E+02  0.31926362E+02  0.31734774E+02  0.31541008E+02  0.31345221E+02
  0.31147565E+02  0.30948202E+02  0.30747292E+02  0.30544966E+02  0.30341361E+02
  0.30136591E+02  0.29930777E+02  0.29724016E+02  0.29516422E+02  0.29308102E+02
  0.29099136E+02  0.28889623E+02  0.28679619E+02  0.28469203E+02  0.28258458E+02
  0.28047470E+02  0.27836309E+02  0.27625022E+02  0.27413670E+02  0.27202325E+02
  0.26991056E+02  0.26779909E+02  0.26568941E+02  0.26358184E+02  0.26147684E+02
  0.25937518E+02  0.25727743E+02  0.25518431E+02  0.25309633E+02  0.25101396E+02
  0.24893737E+02  0.24686684E+02  0.24480238E+02  0.24274394E+02  0.24069183E+02
  0.23864613E+02  0.23660733E+02  0.23457597E+02  0.23255271E+02  0.23053786E+02
  0.22853126E+02  0.22653323E+02  0.22454387E+02  0.22256346E+02  0.22059245E+02
  0.21863107E+02  0.21667942E+02  0.21473744E+02  0.21280548E+02
  0.10000000E+01  0.28060673E+01  0.45483401E+01  0.62080649E+01  0.78090053E+01
  0.93556719E+01  0.10850288E+02  0.12292541E+02  0.13684062E+02  0.15024442E+02
  0.16315289E+02  0.17556986E+02  0.18751267E+02  0.19898935E+02  0.21001271E+02
  0.22059027E+02  0.23073206E+02  0.24044489E+02  0.24973716E+02  0.25861624E+02
  0.26708999E+02  0.27516627E+02  0.28285260E+02  0.29015684E+02  0.29708700E+02
  0.30365143E+02  0.30985980E+02  0.31572175E+02  0.32124690E+02  0.32644516E+02
  0.33132692E+02  0.33590320E+02  0.34018501E+02  0.34418271E+02  0.34790696E+02
  0.35136739E+02  0.35457370E+02  0.35753613E+02  0.36026402E+02  0.36276698E+02
  0.36505437E+02  0.36713525E+02  0.36901781E+02  0.37071039E+02  0.37222009E+02
  0.37355407E+02  0.37471984E+02  0.37572466E+02  0.37657502E+02  0.37727854E+02
  0.37784072E+02  0.37826858E+02  0.37856780E+02  0.37874465E+02  0.37880440E+02
  0.37875245E+02  0.37859405E+02  0.37833425E+02  0.37797794E+02  0.37752977E+02
  0.37699433E+02  0.37637624E+02  0.37567989E+02  0.37490965E+02  0.37406962E+02
  0.37316340E+02  0.37219451E+02  0.37116603E+02  0.37008100E+02  0.36894237E+02
  0.36775288E+02  0.36651522E+02  0.36523194E+02  0.36390524E+02  0.36253713E+02
  0.36112999E+02  0.35968622E+02  0.35820781E+02  0.35669662E+02  0.35515421E+02
  0.35358218E+02  0.35198231E+02  0.35035630E+02  0.34870572E+02  0.34703208E+02
  0.34533665E+02  0.34362066E+02  0.34188534E+02  0.34013203E+02  0.33836199E+02
  0.33657613E+02  0.33477548E+02  0.33296073E+02  0.33113294E+02  0.32929315E+02
  0.32744218E+02  0.32558106E+02  0.32371027E+02  0.32183034E+02  0.31994217E+02
  0.31804661E+02  0.31614429E+02  0.31423575E+02  0.31232142E+02  0.31040181E+02
  0.30847766E+02  0.30655003E+02  0.30461972E+02  0.30268724E+02  0.30075307E+02
  0.29881759E+02  0.29688090E+02  0.29494341E+02  0.29300509E+02  0.29106606E+02
  0.28912644E+02  0.28718661E+02  0.28524739E+02  0.28330956E+02  0.28137373E+02
  0.27944007E+02  0.27750854E+02  0.27557915E+02  0.27365250E+02  0.27172895E+02
  0.26980893E+02  0.26789270E+02  0.26598041E+02  0.26407236E+02
  0.10000000E+01  0.28092315E+01  0.45593617E+01  0.62320656E+01  0.78506282E+01
  0.94192353E+01  0.10939782E+02  0.12411715E+02  0.13836413E+02  0.15213314E+02
  0.16543809E+02  0.17828075E+02  0.19067589E+02  0.20262922E+02  0.21415150E+02
  0.22524849E+02  0.23592862E+02  0.24619746E+02  0.25606223E+02  0.26552923E+02
  0.27460515E+02  0.28329681E+02  0.29161081E+02  0.29955403E+02  0.30713361E+02
  0.31435688E+02  0.32123252E+02  0.32776891E+02  0.33397463E+02  0.33985836E+02
  0.34542914E+02  0.35069696E+02  0.35567167E+02  0.36036254E+02  0.36477902E+02
  0.36892967E+02  0.37282335E+02  0.37646928E+02  0.37987613E+02  0.38305275E+02
  0.38600761E+02  0.38874903E+02  0.39128447E+02  0.39362160E+02  0.39576718E+02
  0.39772803E+02  0.39951126E+02  0.40112346E+02  0.40257083E+02  0.40386056E+02
  0.40499798E+02  0.40598992E+02  0.40684184E+02  0.40755962E+02  0.40814843E+02
  0.40861339E+02  0.40895965E+02  0.40919236E+02  0.40931640E+02  0.40933641E+02
  0.40925697E+02  0.40908265E+02  0.40881796E+02  0.40846723E+02  0.40803474E+02
  0.40752407E+02  0.40693879E+02  0.40628224E+02  0.40555770E+02  0.40476811E+02
  0.40391643E+02  0.40300541E+02  0.40203774E+02  0.40101580E+02  0.39994190E+02
  0.39881857E+02  0.39764830E+02  0.39643316E+02  0.39517524E+02  0.39387654E+02
  0.39253892E+02  0.39116436E+02  0.38975454E+02  0.38831122E+02  0.38683591E+02
  0.38533017E+02  0.38379548E+02  0.38223347E+02  0.38064551E+02  0.37903285E+02
  0.37739662E+02  0.37573787E+02  0.37405771E+02  0.37235731E+02  0.37063782E+02
  0.36890028E+02  0.36714565E+02  0.36537456E+02  0.36358777E+02  0.36178636E+02
  0.35997128E+02  0.35814325E+02  0.35630294E+02  0.35445092E+02  0.35258772E+02
  0.35071432E+02  0.34883187E+02  0.34694130E+02  0.34504329E+02  0.34313848E+02
  0.34122713E+02  0.33930959E+02  0.33738604E+02  0.33545658E+02  0.33352139E+02
  0.33158053E+02  0.32963469E+02  0.32768489E+02  0.32573200E+02  0.32377687E+02
  0.32181968E+02  0.31986033E+02  0.31789891E+02  0.31593567E+02  0.31397132E+02
  0.31200644E+02  0.31004143E+02  0.30807661E+02  0.30611238E+02
  0.10000000E+01  0.28090398E+01  0.45589530E+01  0.62319762E+01  0.78519127E+01
  0.94233065E+01  0.10948320E+02  0.12426672E+02  0.13859873E+02  0.15247491E+02
  0.16590977E+02  0.17890596E+02  0.19147909E+02  0.20363560E+02  0.21538706E+02
  0.22674000E+02  0.23770341E+02  0.24828295E+02  0.25848561E+02  0.26831713E+02
  0.27778389E+02  0.28689206E+02  0.29564767E+02  0.30405669E+02  0.31212525E+02
  0.31985982E+02  0.32726808E+02  0.33435752E+02  0.34113575E+02  0.34761053E+02
  0.35378957E+02  0.35968144E+02  0.36529472E+02  0.37063730E+02  0.37571745E+02
  0.38054257E+02  0.38512013E+02  0.38945811E+02  0.39356383E+02  0.39744485E+02
  0.40110854E+02  0.40456198E+02  0.40781161E+02  0.41086405E+02  0.41372516E+02
  0.41640083E+02  0.41889727E+02  0.42122036E+02  0.42337543E+02  0.42536886E+02
  0.42720548E+02  0.42889137E+02  0.43043136E+02  0.43183085E+02  0.43309471E+02
  0.43422760E+02  0.43523425E+02  0.43611950E+02  0.43688790E+02  0.43754370E+02
  0.43809128E+02  0.43853513E+02  0.43887965E+02  0.43912910E+02  0.43928752E+02
  0.43935839E+02  0.43934526E+02  0.43925158E+02  0.43908049E+02  0.43883513E+02
  0.43851848E+02  0.43813322E+02  0.43768190E+02  0.43716711E+02  0.43659117E+02
  0.43595668E+02  0.43526630E+02  0.43452218E+02  0.43372638E+02  0.43288092E+02
  0.43198783E+02  0.43104909E+02  0.43006659E+02  0.42904203E+02  0.42797727E+02
  0.42687385E+02  0.42573342E+02  0.42455752E+02  0.42334752E+02  0.42210479E+02
  0.42083053E+02  0.41952607E+02  0.41819277E+02  0.41683167E+02  0.41544392E+02
  0.41403067E+02  0.41259278E+02  0.41113119E+02  0.40964689E+02  0.40814081E+02
  0.40661414E+02  0.40506741E+02  0.40350134E+02  0.40191671E+02  0.40031416E+02
  0.39869465E+02  0.39705945E+02  0.39540958E+02  0.39374580E+02  0.39206867E+02
  0.39037874E+02  0.38867642E+02  0.38696164E+02  0.38523453E+02  0.38349527E+02
  0.38174430E+02  0.37998234E+02  0.37821044E+02  0.37642961E+02  0.37464066E+02
  0.37284369E+02  0.37103894E+02  0.36922663E+02  0.36740701E+02  0.36558082E+02
  0.36374874E+02  0.36191120E+02  0.36006862E+02  0.35822142E+02
  0.10000000E+01  0.28082296E+01  0.45563235E+01  0.62267286E+01  0.78436456E+01
  0.94118998E+01  0.10933858E+02  0.12409475E+02  0.13840385E+02  0.15226282E+02
  0.16568707E+02  0.17868061E+02  0.19126036E+02  0.20343402E+02  0.21521433E+02
  0.22660863E+02  0.23762675E+02  0.24827479E+02  0.25856011E+02  0.26848867E+02
  0.27806699E+02  0.28730130E+02  0.29619744E+02  0.30476119E+02  0.31299871E+02
  0.32091629E+02  0.32852152E+02  0.33582175E+02  0.34282436E+02  0.34953679E+02
  0.35596669E+02  0.36212247E+02  0.36801215E+02  0.37364342E+02  0.37902403E+02
  0.38416089E+02  0.38906120E+02  0.39373245E+02  0.39818144E+02  0.40241518E+02
  0.40644037E+02  0.41026364E+02  0.41389096E+02  0.41732850E+02  0.42058142E+02
  0.42365498E+02  0.42655468E+02  0.42928595E+02  0.43185376E+02  0.43426400E+02
  0.43652089E+02  0.43862988E+02  0.44059535E+02  0.44242214E+02  0.44411467E+02
  0.44567722E+02  0.44711424E+02  0.44842994E+02  0.44962840E+02  0.45071351E+02
  0.45168944E+02  0.45256033E+02  0.45333025E+02  0.45400324E+02  0.45458306E+02
  0.45507297E+02  0.45547628E+02  0.45579628E+02  0.45603587E+02  0.45619796E+02
  0.45628533E+02  0.45630051E+02  0.45624609E+02  0.45612448E+02  0.45593798E+02
  0.45568904E+02  0.45537994E+02  0.45501290E+02  0.45459007E+02  0.45411334E+02
  0.45358461E+02  0.45300596E+02  0.45237912E+02  0.45170584E+02  0.45098790E+02
  0.45022703E+02  0.44942476E+02  0.44858254E+02  0.44770199E+02  0.44678423E+02
  0.44583055E+02  0.44484234E+02  0.44382069E+02  0.44276668E+02  0.44168169E+02
  0.44056669E+02  0.43942274E+02  0.43825084E+02  0.43705179E+02  0.43582654E+02
  0.43457622E+02  0.43330174E+02  0.43200376E+02  0.43068300E+02  0.42934014E+02
  0.42797617E+02  0.42659225E+02  0.42518955E+02  0.42376894E+02  0.42233116E+02
  0.42087660E+02  0.41940551E+02  0.41791782E+02  0.41641361E+02  0.41489318E+02
  0.41335696E+02  0.41180569E+02  0.41024048E+02  0.40866245E+02  0.40707230E+02
  0.40547046E+02  0.40385709E+02  0.40223238E+02  0.40059660E+02  0.39895047E+02
  0.39729467E+02  0.39562982E+02  0.39395644E+02  0.39227486E+02
  0.10000000E+01  0.28109041E+01  0.45656667E+01  0.62470996E+01  0.78789903E+01
  0.94658940E+01  0.11009890E+02  0.12510750E+02  0.13969897E+02  0.15386920E+02
  0.16763177E+02  0.18098915E+02  0.19395611E+02  0.20653858E+02  0.21874770E+02
  0.23058946E+02  0.24207250E+02  0.25320188E+02  0.26398393E+02  0.27442378E+02
  0.28452707E+02  0.29429927E+02  0.30374557E+02  0.31287097E+02  0.32168082E+02
  0.33018059E+02  0.33837702E+02  0.34627664E+02  0.35388596E+02  0.36121148E+02
  0.36826003E+02  0.37503887E+02  0.38155512E+02  0.38781569E+02  0.39382741E+02
  0.39959656E+02  0.40512954E+02  0.41043310E+02  0.41551342E+02  0.42037701E+02
  0.42502990E+02  0.42947805E+02  0.43372696E+02  0.43778220E+02  0.44164869E+02
  0.44533144E+02  0.44883557E+02  0.45216610E+02  0.45532763E+02  0.45832563E+02
  0.46116427E+02  0.46384869E+02  0.46638307E+02  0.46877196E+02  0.47101947E+02
  0.47312986E+02  0.47510721E+02  0.47695572E+02  0.47867947E+02  0.48028206E+02
  0.48176738E+02  0.48313943E+02  0.48440234E+02  0.48555998E+02  0.48661614E+02
  0.48757387E+02  0.48843644E+02  0.48920708E+02  0.48988870E+02  0.49048423E+02
  0.49099646E+02  0.49142780E+02  0.49178076E+02  0.49205790E+02  0.49226159E+02
  0.49239440E+02  0.49245900E+02  0.49245750E+02  0.49239191E+02  0.49226424E+02
  0.49207635E+02  0.49183049E+02  0.49152858E+02  0.49117247E+02  0.49076413E+02
  0.49030513E+02  0.48979705E+02  0.48924155E+02  0.48864006E+02  0.48799410E+02
  0.48730520E+02  0.48657472E+02  0.48580398E+02  0.48499420E+02  0.48414657E+02
  0.48326231E+02  0.48234259E+02  0.48138850E+02  0.48040114E+02  0.47938162E+02
  0.47833097E+02  0.47724995E+02  0.47613955E+02  0.47500067E+02  0.47383405E+02
  0.47264077E+02  0.47142188E+02  0.47017861E+02  0.46891204E+02  0.46762292E+02
  0.46631208E+02  0.46497975E+02  0.46362560E+02  0.46224978E+02  0.46085239E+02
  0.45943420E+02  0.45799632E+02  0.45653997E+02  0.45506624E+02  0.45357570E+02
  0.45206886E+02  0.45054592E+02  0.44900717E+02  0.44745316E+02  0.44588447E+02
  0.44430175E+02  0.44270561E+02  0.44109666E+02  0.43947542E+02
  0.10000000E+01  0.28072655E+01  0.45533940E+01  0.62212444E+01  0.78356017E+01
  0.94017181E+01  0.10922211E+02  0.12397408E+02  0.13829099E+02  0.15217209E+02
  0.16563398E+02  0.17868297E+02  0.19133778E+02  0.20360812E+02  0.21550846E+02
  0.22704766E+02  0.23823694E+02  0.24908313E+02  0.25959408E+02  0.26977601E+02
  0.27963571E+02  0.28917953E+02  0.29841342E+02  0.30734306E+02  0.31597435E+02
  0.32431347E+02  0.33236801E+02  0.34014530E+02  0.34765252E+02  0.35489701E+02
  0.36188616E+02  0.36862789E+02  0.37512984E+02  0.38139925E+02  0.38744335E+02
  0.39326873E+02  0.39888181E+02  0.40428940E+02  0.40949757E+02  0.41451247E+02
  0.41934004E+02  0.42398607E+02  0.42845574E+02  0.43275424E+02  0.43688584E+02
  0.44085485E+02  0.44466590E+02  0.44832346E+02  0.45183149E+02  0.45519495E+02
  0.45841702E+02  0.46150228E+02  0.46445419E+02  0.46727668E+02  0.46997317E+02
  0.47254685E+02  0.47500117E+02  0.47733962E+02  0.47956549E+02  0.48168195E+02
  0.48369228E+02  0.48559963E+02  0.48740735E+02  0.48911872E+02  0.49073674E+02
  0.49226418E+02  0.49370363E+02  0.49505775E+02  0.49632901E+02  0.49751968E+02
  0.49863209E+02  0.49966830E+02  0.50063031E+02  0.50152027E+02  0.50234018E+02
  0.50309205E+02  0.50377810E+02  0.50440025E+02  0.50495995E+02  0.50545896E+02
  0.50589904E+02  0.50628186E+02  0.50660913E+02  0.50688248E+02  0.50710345E+02
  0.50727340E+02  0.50739378E+02  0.50746597E+02  0.50749135E+02  0.50747118E+02
  0.50740670E+02  0.50729915E+02  0.50714961E+02  0.50695928E+02  0.50672926E+02
  0.50646074E+02  0.50615466E+02  0.50581181E+02  0.50543313E+02  0.50501986E+02
  0.50457286E+02  0.50409292E+02  0.50358088E+02  0.50303725E+02  0.50246270E+02
  0.50185830E+02  0.50122526E+02  0.50056482E+02  0.49987797E+02  0.49916532E+02
  0.49842726E+02  0.49766392E+02  0.49687557E+02  0.49606219E+02  0.49522410E+02
  0.49436184E+02  0.49347633E+02  0.49256867E+02  0.49163995E+02  0.49069100E+02
  0.48972209E+02  0.48873337E+02  0.48772496E+02  0.48669721E+02  0.48565084E+02
  0.48458690E+02  0.48350589E+02  0.48240828E+02  0.48129451E+02
