 ! RTTOV coefficient file goes-17   abi-ir
 ! Automatic creation by subroutine rttov_write_ascii_sccldcoef
 ! ------------------------------------------------------
WATER_CLOUD_OPAC
 !
        1          ! File format version
        1          ! Contents ID
       10          ! Number of channels for which optical parameters are stored
        0          ! Number of channels for which phase functions are stored
      128          ! Maximum number of Legendre coefficients
        5          ! Number of water cloud types
 stco
        1          ! Relative humidity values (%)
   0.00
   0.89285700E+03  ! Conversion factor to particle density [part.cm^-3]/[g.m^-3]
        1          ! Effective diameters (microns)
  0.000000E+00
 stma
        1          ! Relative humidity values (%)
   0.00
   0.26666700E+03  ! Conversion factor to particle density [part.cm^-3]/[g.m^-3]
        1          ! Effective diameters (microns)
  0.000000E+00
 cucc
        1          ! Relative humidity values (%)
   0.00
   0.15384610E+04  ! Conversion factor to particle density [part.cm^-3]/[g.m^-3]
        1          ! Effective diameters (microns)
  0.000000E+00
 cucp
        1          ! Relative humidity values (%)
   0.00
   0.43478260E+04  ! Conversion factor to particle density [part.cm^-3]/[g.m^-3]
        1          ! Effective diameters (microns)
  0.000000E+00
 cuma
        1          ! Relative humidity values (%)
   0.00
   0.14771000E+03  ! Conversion factor to particle density [part.cm^-3]/[g.m^-3]
        1          ! Effective diameters (microns)
  0.000000E+00
 ! ------------------------------------------------------
 ! OPTICAL PROPERTY DATA
 ! ---------------------
 stco00
  0.20570186E-01  0.12822223E+00  0.69318644E-01  0.65887524E-01  0.62379671E-01
  0.63192814E-01  0.68347872E-01  0.90007796E-01  0.11685390E+00  0.13216957E+00
  0.26143027E+00  0.17025978E+00  0.25943390E+00  0.25431309E+00  0.21268026E+00
  0.14234411E+00  0.88989341E-01  0.46104870E-01  0.54159713E-01  0.70777559E-01
  0.16026136E+00  0.10321246E+00  0.11869401E+00  0.11700904E+00  0.11557165E+00
  0.11654684E+00  0.11787902E+00  0.12357625E+00  0.13882734E+00  0.15281364E+00
    86
  0.10000000E+01  0.23352038E+01  0.33762080E+01  0.37185034E+01  0.41159475E+01
  0.43261301E+01  0.45509835E+01  0.47333733E+01  0.48637258E+01  0.49352437E+01
  0.49489443E+01  0.48979350E+01  0.47767189E+01  0.46315615E+01  0.43965202E+01
  0.41883780E+01  0.38843341E+01  0.36382795E+01  0.33123169E+01  0.30488289E+01
  0.27378227E+01  0.24739599E+01  0.22008791E+01  0.19502521E+01  0.17253603E+01
  0.14978570E+01  0.13219416E+01  0.11236836E+01  0.99169380E+00  0.82530632E+00
  0.72950237E+00  0.59467897E+00  0.52687734E+00  0.42115366E+00  0.37402476E+00
  0.29361429E+00  0.26122800E+00  0.20177826E+00  0.17966103E+00  0.13684011E+00
  0.12177814E+00  0.91661694E-01  0.81418360E-01  0.60690548E-01  0.53735976E-01
  0.39745170E-01  0.35038820E-01  0.25758030E-01  0.22590592E-01  0.16527881E-01
  0.14412855E-01  0.10504937E-01  0.91066263E-02  0.66164531E-02  0.57026787E-02
  0.41313628E-02  0.35417465E-02  0.25583979E-02  0.21829584E-02  0.15718906E-02
  0.13359893E-02  0.95855309E-03  0.81218956E-03  0.58033452E-03  0.49064829E-03
  0.34895963E-03  0.29460061E-03  0.20844492E-03  0.17580312E-03  0.12370914E-03
  0.10425538E-03  0.72941000E-04  0.61397153E-04  0.42706520E-04  0.35861425E-04
  0.24802579E-04  0.20721988E-04  0.14254394E-04  0.11789406E-04  0.80681569E-05
  0.65436433E-05  0.44548639E-05  0.34788184E-05  0.23524997E-05  0.16984206E-05
  0.11333267E-05  0.67219916E-06
    56
  0.10000000E+01  0.27066044E+01  0.39806541E+01  0.48314947E+01  0.53442079E+01
  0.55795740E+01  0.55859240E+01  0.54134246E+01  0.50961317E+01  0.46843770E+01
  0.42059433E+01  0.37032993E+01  0.31967623E+01  0.27132373E+01  0.22645940E+01
  0.18617142E+01  0.15091823E+01  0.12065176E+01  0.95339735E+00  0.74369708E+00
  0.57458906E+00  0.43859132E+00  0.33214869E+00  0.24870767E+00  0.18500716E+00
  0.13618221E+00  0.99683569E-01  0.72263692E-01  0.52130772E-01  0.37276159E-01
  0.26537192E-01  0.18741762E-01  0.13182312E-01  0.92057791E-02  0.64039423E-02
  0.44264460E-02  0.30482159E-02  0.20871788E-02  0.14239944E-02  0.96660245E-03
  0.65383859E-03  0.44026682E-03  0.29545710E-03  0.19746654E-03  0.13154651E-03
  0.87307915E-04  0.57765908E-04  0.38090895E-04  0.25042167E-04  0.16412649E-04
  0.10725988E-04  0.69897771E-05  0.45421943E-05  0.29439827E-05  0.19025093E-05
  0.12264806E-05  0.78783928E-06
    49
  0.10000000E+01  0.26399688E+01  0.37873939E+01  0.44214088E+01  0.46859961E+01
  0.46692314E+01  0.44488072E+01  0.41035264E+01  0.36663618E+01  0.32041696E+01
  0.27252832E+01  0.22788048E+01  0.18605679E+01  0.14970002E+01  0.11806967E+01
  0.91780346E+00  0.70304042E+00  0.52965087E+00  0.39589888E+00  0.28979525E+00
  0.21224469E+00  0.15127144E+00  0.10893837E+00  0.75737514E-01  0.53787573E-01
  0.36538968E-01  0.25650030E-01  0.17053828E-01  0.11854474E-01  0.77268761E-02
  0.53251510E-02  0.34087757E-02  0.23309184E-02  0.14680074E-02  0.99635829E-03
  0.61853713E-03  0.41670644E-03  0.25547712E-03  0.17080904E-03  0.10361279E-03
  0.68725846E-04  0.41321579E-04  0.27180338E-04  0.16225084E-04  0.10579252E-04
  0.62795504E-05  0.40570496E-05  0.23980868E-05  0.15344573E-05  0.90467809E-06
    47
  0.10000000E+01  0.26547681E+01  0.38114316E+01  0.44470148E+01  0.46897616E+01
  0.46334594E+01  0.43627972E+01  0.39633503E+01  0.34802305E+01  0.29801779E+01
  0.24813004E+01  0.20253553E+01  0.16141499E+01  0.12644090E+01  0.97135859E+00
  0.73375802E+00  0.54652501E+00  0.39961529E+00  0.29001240E+00  0.20587599E+00
  0.14619980E+00  0.10100699E+00  0.70442565E-01  0.47461920E-01  0.32605628E-01
  0.21462944E-01  0.14560618E-01  0.93795941E-02  0.62960691E-02  0.39753838E-02
  0.26442237E-02  0.16391285E-02  0.10814591E-02  0.65924322E-03  0.43171106E-03
  0.25922914E-03  0.16854224E-03  0.99862443E-04  0.64463685E-04  0.37753793E-04
  0.24192688E-04  0.14028723E-04  0.89209647E-05  0.51304000E-05  0.32361568E-05
  0.18488230E-05  0.11561695E-05  0.65741280E-06
    41
  0.10000000E+01  0.26769884E+01  0.38306220E+01  0.44325891E+01  0.45917803E+01
  0.44175943E+01  0.40191625E+01  0.34985261E+01  0.29282206E+01  0.23721448E+01
  0.18632547E+01  0.14250935E+01  0.10632083E+01  0.77502232E+00  0.55401676E+00
  0.38758189E+00  0.26728475E+00  0.18042841E+00  0.12070365E+00  0.78959950E-01
  0.51475648E-01  0.32745512E-01  0.20881462E-01  0.12954249E-01  0.81057293E-02
  0.49156398E-02  0.30259000E-02  0.17974796E-02  0.10908344E-02  0.63586470E-03
  0.38109606E-03  0.21833994E-03  0.12941467E-03  0.72982048E-04  0.42827577E-04
  0.23806355E-04  0.13842750E-04  0.75946253E-05  0.43784673E-05  0.23739778E-05
  0.13574611E-05  0.72824318E-06
    36
  0.10000000E+01  0.26861532E+01  0.38135798E+01  0.43453822E+01  0.43914418E+01
  0.40854489E+01  0.35675497E+01  0.29571328E+01  0.23446384E+01  0.17875311E+01
  0.13168954E+01  0.93985609E+00  0.65272562E+00  0.44133706E+00  0.29195293E+00
  0.18868382E+00  0.11983161E+00  0.74532884E-01  0.45725168E-01  0.27519013E-01
  0.16388627E-01  0.95852512E-02  0.55633483E-02  0.31733045E-02  0.18008267E-02
  0.10046702E-02  0.55894394E-03  0.30573695E-03  0.16712386E-03  0.89811882E-04
  0.48325282E-04  0.25558951E-04  0.13558490E-04  0.70682131E-05  0.37015519E-05
  0.19045777E-05  0.98579719E-06
    34
  0.10000000E+01  0.26877774E+01  0.37915995E+01  0.42674327E+01  0.42329404E+01
  0.38438702E+01  0.32604915E+01  0.26134671E+01  0.19967586E+01  0.14621589E+01
  0.10318964E+01  0.70401717E+00  0.46635723E+00  0.30045304E+00  0.18896244E+00
  0.11610122E+00  0.69925182E-01  0.41283446E-01  0.23969396E-01  0.13678581E-01
  0.76962827E-02  0.42652232E-02  0.23353992E-02  0.12616537E-02  0.67455287E-03
  0.35633176E-03  0.18655196E-03  0.96606561E-04  0.49639631E-04  0.25253998E-04
  0.12760669E-04  0.63892859E-05  0.31800484E-05  0.15695096E-05  0.77057282E-06
    32
  0.10000000E+01  0.26653973E+01  0.37048721E+01  0.40748573E+01  0.39197858E+01
  0.34305395E+01  0.27888913E+01  0.21325688E+01  0.15479146E+01  0.10734417E+01
  0.71519776E+00  0.45973191E+00  0.28622634E+00  0.17311032E+00  0.10199949E+00
  0.58678818E-01  0.33031531E-01  0.18224620E-01  0.98722355E-02  0.52572253E-02
  0.27559568E-02  0.14236469E-02  0.72547367E-03  0.36499152E-03  0.18145684E-03
  0.89203092E-04  0.43393260E-04  0.20899542E-04  0.99721717E-05  0.47160509E-05
  0.22117017E-05  0.10289664E-05  0.47510920E-06
    32
  0.10000000E+01  0.25819246E+01  0.34832941E+01  0.36895496E+01  0.33990746E+01
  0.28347036E+01  0.21858758E+01  0.15787823E+01  0.10783453E+01  0.70138760E+00
  0.43702783E+00  0.26206791E+00  0.15187246E+00  0.85337310E-01  0.46635631E-01
  0.24847517E-01  0.12936950E-01  0.65944578E-02  0.32967925E-02  0.16188401E-02
  0.78183730E-03  0.37181931E-03  0.17431221E-03  0.80632319E-04  0.36835008E-04
  0.16630815E-04  0.74264597E-05  0.32820047E-05  0.14362992E-05  0.62276858E-06
  0.26766760E-06  0.11408746E-06  0.48240664E-07
    32
  0.10000000E+01  0.25005995E+01  0.32832082E+01  0.33649590E+01  0.29875772E+01
  0.23906867E+01  0.17617655E+01  0.12110673E+01  0.78453759E+00  0.48233451E+00
  0.28329354E+00  0.15970756E+00  0.86826664E-01  0.45675872E-01  0.23330717E-01
  0.11600249E-01  0.56290189E-02  0.26708917E-02  0.12416523E-02  0.56638625E-03
  0.25390036E-03  0.11198697E-03  0.48657777E-04  0.20846550E-04  0.88152449E-05
  0.36820888E-05  0.15203880E-05  0.62100919E-06  0.25107288E-06  0.10052910E-06
  0.39880252E-07  0.15679599E-07  0.61077860E-08
 ! ---------------------
 stma00
  0.64379859E-01  0.29562653E+00  0.19877567E+00  0.19150982E+00  0.18393339E+00
  0.18533104E+00  0.19571732E+00  0.23581991E+00  0.27592727E+00  0.29877338E+00
  0.52036178E+00  0.31751602E+00  0.47131941E+00  0.49434649E+00  0.51220817E+00
  0.43347672E+00  0.30922528E+00  0.16506399E+00  0.17225133E+00  0.20712931E+00
  0.13640522E+00  0.79665862E-01  0.11173629E+00  0.10915118E+00  0.10026268E+00
  0.91763543E-01  0.87408383E-01  0.88221829E-01  0.10108408E+00  0.11354193E+00
   119
  0.10000000E+01  0.24445382E+01  0.36485783E+01  0.42143922E+01  0.48806301E+01
  0.53591250E+01  0.58576050E+01  0.63026812E+01  0.67152528E+01  0.70286284E+01
  0.73665371E+01  0.75439680E+01  0.77619802E+01  0.78465848E+01  0.79210855E+01
  0.79342115E+01  0.78793861E+01  0.78232895E+01  0.76698889E+01  0.75456699E+01
  0.73230539E+01  0.71385159E+01  0.68701010E+01  0.66376811E+01  0.63424586E+01
  0.60756772E+01  0.57695621E+01  0.54812171E+01  0.51771497E+01  0.48788383E+01
  0.45865658E+01  0.42885339E+01  0.40147069E+01  0.37256514E+01  0.34742552E+01
  0.32011135E+01  0.29740612E+01  0.27218889E+01  0.25196164E+01  0.22916043E+01
  0.21135656E+01  0.19112099E+01  0.17562351E+01  0.15796203E+01  0.14461536E+01
  0.12942864E+01  0.11805447E+01  0.10516824E+01  0.95576513E+00  0.84770980E+00
  0.76767659E+00  0.67801760E+00  0.61194523E+00  0.53824665E+00  0.48427736E+00
  0.42420831E+00  0.38058550E+00  0.33200079E+00  0.29710144E+00  0.25808585E+00
  0.23044051E+00  0.19932001E+00  0.17762483E+00  0.15296418E+00  0.13609072E+00
  0.11667477E+00  0.10365909E+00  0.88469722E-01  0.78505646E-01  0.66700291E-01
  0.59125308E-01  0.50009160E-01  0.44286212E-01  0.37292877E-01  0.32993636E-01
  0.27664192E-01  0.24450579E-01  0.20416144E-01  0.18024739E-01  0.14990829E-01
  0.13218376E-01  0.10951929E-01  0.96432300E-02  0.79610980E-02  0.69982022E-02
  0.57576343E-02  0.50517055E-02  0.41423871E-02  0.36267788E-02  0.29641887E-02
  0.25890428E-02  0.21089538E-02  0.18371478E-02  0.14911673E-02  0.12951210E-02
  0.10470670E-02  0.90636463E-03  0.72940466E-03  0.62900325E-03  0.50336970E-03
  0.43220216E-03  0.34342132E-03  0.29339419E-03  0.23094265E-03  0.19615576E-03
  0.15240637E-03  0.12858896E-03  0.98050946E-04  0.82129227E-04  0.60860465E-04
  0.50631906E-04  0.35809962E-04  0.29704815E-04  0.19316083E-04  0.16227609E-04
  0.88372946E-05  0.79873470E-05  0.25706900E-05  0.34178299E-05 -0.75584248E-06
    83
  0.10000000E+01  0.27778298E+01  0.42676347E+01  0.54744061E+01  0.64542496E+01
  0.72314176E+01  0.78221685E+01  0.82377225E+01  0.84871989E+01  0.85875976E+01
  0.85492179E+01  0.83948624E+01  0.81362429E+01  0.77976158E+01  0.73913056E+01
  0.69390257E+01  0.64528305E+01  0.59495153E+01  0.54399628E+01  0.49353475E+01
  0.44446066E+01  0.39738067E+01  0.35294730E+01  0.31137050E+01  0.27305437E+01
  0.23794030E+01  0.20621181E+01  0.17765423E+01  0.15228032E+01  0.12980425E+01
  0.11012482E+01  0.92941770E+00  0.78091923E+00  0.65294195E+00  0.54363959E+00
  0.45056216E+00  0.37192130E+00  0.30568723E+00  0.25028297E+00  0.20409220E+00
  0.16581271E+00  0.13419923E+00  0.10822869E+00  0.86969010E-01  0.69647770E-01
  0.55585141E-01  0.44216884E-01  0.35058784E-01  0.27710092E-01  0.21833404E-01
  0.17150979E-01  0.13432457E-01  0.10489495E-01  0.81677796E-02  0.63420769E-02
  0.49108389E-02  0.37922767E-02  0.29206727E-02  0.22434899E-02  0.17188617E-02
  0.13135588E-02  0.10013018E-02  0.76137520E-03  0.57751378E-03  0.43697840E-03
  0.32983516E-03  0.24835036E-03  0.18653376E-03  0.13974728E-03  0.10442261E-03
  0.77810064E-04  0.57809088E-04  0.42807084E-04  0.31581778E-04  0.23196903E-04
  0.16949446E-04  0.12300727E-04  0.88512061E-05  0.62933432E-05  0.44029945E-05
  0.30055819E-05  0.19772385E-05  0.12191217E-05  0.66407614E-06
    74
  0.10000000E+01  0.26394503E+01  0.38537259E+01  0.46299021E+01  0.51525333E+01
  0.54813423E+01  0.56757340E+01  0.57590342E+01  0.57462832E+01  0.56532157E+01
  0.54785103E+01  0.52524305E+01  0.49600034E+01  0.46458738E+01  0.42866043E+01
  0.39300106E+01  0.35519138E+01  0.31923897E+01  0.28327831E+01  0.24993000E+01
  0.21819259E+01  0.18918716E+01  0.16278588E+01  0.13885079E+01  0.11793424E+01
  0.99048238E+00  0.83148419E+00  0.68819815E+00  0.57158036E+00  0.46661983E+00
  0.38372882E+00  0.30925321E+00  0.25195639E+00  0.20063268E+00  0.16200974E+00
  0.12758159E+00  0.10213530E+00  0.79610806E-01  0.63195574E-01  0.48797439E-01
  0.38414102E-01  0.29407490E-01  0.22959932E-01  0.17438455E-01  0.13504500E-01
  0.10182737E-01  0.78223780E-02  0.58588761E-02  0.44652967E-02  0.33236720E-02
  0.25135519E-02  0.18600063E-02  0.13960569E-02  0.10273572E-02  0.76546406E-03
  0.56032304E-03  0.41453102E-03  0.30188630E-03  0.22180621E-03  0.16072563E-03
  0.11730180E-03  0.84579362E-04  0.61320232E-04  0.43993651E-04  0.31679434E-04
  0.22609019E-04  0.16159436E-04  0.11464500E-04  0.81188098E-05  0.57165791E-05
  0.39943587E-05  0.27804671E-05  0.18979282E-05  0.12935727E-05  0.84081863E-06
    70
  0.10000000E+01  0.26610735E+01  0.38929515E+01  0.46828977E+01  0.51853374E+01
  0.54709959E+01  0.56006968E+01  0.56083912E+01  0.55156557E+01  0.53453464E+01
  0.51007088E+01  0.48137736E+01  0.44745701E+01  0.41235913E+01  0.37439457E+01
  0.33753004E+01  0.30004442E+01  0.26501774E+01  0.23115923E+01  0.20029365E+01
  0.17176116E+01  0.14616249E+01  0.12344733E+01  0.10327145E+01  0.86036682E+00
  0.70821395E+00  0.58276834E+00  0.47242471E+00  0.38438325E+00  0.30713042E+00
  0.24730525E+00  0.19493072E+00  0.15543938E+00  0.12096734E+00  0.95572830E-01
  0.73498272E-01  0.57554644E-01  0.43775789E-01  0.33984077E-01  0.25586373E-01
  0.19694905E-01  0.14689988E-01  0.11212777E-01  0.82917906E-02  0.62765224E-02
  0.46049763E-02  0.34570752E-02  0.25180451E-02  0.18749671E-02  0.13565405E-02
  0.10019830E-02  0.72042034E-03  0.52792439E-03  0.37735547E-03  0.27438801E-03
  0.19504287E-03  0.14074946E-03  0.99516820E-04  0.71281462E-04  0.50138509E-04
  0.35647771E-04  0.24944621E-04  0.17600465E-04  0.12249544E-04  0.85702864E-05
  0.59281624E-05  0.41034840E-05  0.28155113E-05  0.19174023E-05  0.12984516E-05
  0.85766089E-06
    61
  0.10000000E+01  0.27220731E+01  0.40231818E+01  0.48865975E+01  0.54008342E+01
  0.56407415E+01  0.56687313E+01  0.55369917E+01  0.52828480E+01  0.49461710E+01
  0.45466044E+01  0.41195185E+01  0.36727289E+01  0.32355335E+01  0.28088604E+01
  0.24129732E+01  0.20456204E+01  0.17172933E+01  0.14250282E+01  0.11710901E+01
  0.95313169E+00  0.76789097E+00  0.61406631E+00  0.48561137E+00  0.38215009E+00
  0.29697365E+00  0.23029437E+00  0.17604092E+00  0.13468227E+00  0.10136510E+00
  0.76586667E-01  0.56800954E-01  0.42418536E-01  0.31027143E-01  0.22918259E-01
  0.16546184E-01  0.12095552E-01  0.86259741E-02  0.62434321E-02  0.44014756E-02
  0.31554348E-02  0.22006045E-02  0.15630529E-02  0.10791131E-02  0.75957194E-03
  0.51946928E-03  0.36242078E-03  0.24568054E-03  0.16991945E-03  0.11423926E-03
  0.78336539E-04  0.52260567E-04  0.35533969E-04  0.23533222E-04  0.15866627E-04
  0.10434940E-04  0.69752009E-05  0.45558453E-05  0.30172006E-05  0.19562518E-05
  0.12809366E-05  0.82287699E-06
    54
  0.10000000E+01  0.27757813E+01  0.41516030E+01  0.50928654E+01  0.56449784E+01
  0.58716803E+01  0.58371489E+01  0.56046211E+01  0.52284472E+01  0.47608106E+01
  0.42408909E+01  0.37060678E+01  0.31801834E+01  0.26849718E+01  0.22314334E+01
  0.18281009E+01  0.14770853E+01  0.11780096E+01  0.92809907E+00  0.72238616E+00
  0.55628224E+00  0.42345950E+00  0.31936658E+00  0.23818600E+00  0.17623355E+00
  0.12896911E+00  0.93754672E-01  0.67411655E-01  0.48209473E-01  0.34097667E-01
  0.24015761E-01  0.16725814E-01  0.11613329E-01  0.79716382E-02  0.54611796E-02
  0.36977623E-02  0.25013480E-02  0.16719243E-02  0.11174705E-02  0.73784961E-03
  0.48755774E-03  0.31821523E-03  0.20799007E-03  0.13426140E-03  0.86842853E-04
  0.55473374E-04  0.35522241E-04  0.22464494E-04  0.14245756E-04  0.89227186E-05
  0.56046118E-05  0.34775561E-05  0.21634234E-05  0.13295788E-05  0.81848339E-06
    51
  0.10000000E+01  0.28030183E+01  0.42218111E+01  0.52032883E+01  0.57747760E+01
  0.59919811E+01  0.59207821E+01  0.56306344E+01  0.51868413E+01  0.46491244E+01
  0.40671748E+01  0.34811888E+01  0.29205836E+01  0.24053596E+01  0.19472860E+01
  0.15511480E+01  0.12171024E+01  0.94129774E+00  0.71828543E+00  0.54098347E+00
  0.40256241E+00  0.29599059E+00  0.21527055E+00  0.15483973E+00  0.11027348E+00
  0.77728950E-01  0.54294751E-01  0.37561070E-01  0.25769583E-01  0.17519603E-01
  0.11819999E-01  0.79062157E-02  0.52510944E-02  0.34591869E-02  0.22638770E-02
  0.14700733E-02  0.94880907E-03  0.60781782E-03  0.38716651E-03  0.24485564E-03
  0.15403050E-03  0.96230263E-04  0.59818296E-04  0.36937858E-04  0.22700536E-04
  0.13861352E-04  0.84251765E-05  0.50888277E-05  0.30597089E-05  0.18281070E-05
  0.10870043E-05  0.64199807E-06
    47
  0.10000000E+01  0.28049628E+01  0.42235938E+01  0.51835881E+01  0.57082233E+01
  0.58556123E+01  0.57003019E+01  0.53222105E+01  0.47983529E+01  0.41966232E+01
  0.35727116E+01  0.29682730E+01  0.24117659E+01  0.19196593E+01  0.14990487E+01
  0.11498445E+01  0.86732876E+00  0.64395512E+00  0.47102519E+00  0.33968199E+00
  0.24169078E+00  0.16977378E+00  0.11780705E+00  0.80794428E-01  0.54793348E-01
  0.36761689E-01  0.24410639E-01  0.16048580E-01  0.10450493E-01  0.67424164E-02
  0.43114219E-02  0.27331895E-02  0.17182758E-02  0.10715028E-02  0.66295701E-03
  0.40706125E-03  0.24809449E-03  0.15011927E-03  0.90199611E-04  0.53825449E-04
  0.31904748E-04  0.18786857E-04  0.10990728E-04  0.63882661E-05  0.36890362E-05
  0.21161796E-05  0.12055273E-05  0.68164274E-06
    43
  0.10000000E+01  0.27421558E+01  0.40540192E+01  0.48677227E+01  0.52330589E+01
  0.52287211E+01  0.49459005E+01  0.44758955E+01  0.39016478E+01  0.32914125E+01
  0.26965649E+01  0.21513346E+01  0.16751106E+01  0.12752934E+01  0.95082353E+00
  0.69518153E+00  0.49903736E+00  0.35209514E+00  0.24439844E+00  0.16703781E+00
  0.11249955E+00  0.74715030E-01  0.48963220E-01  0.31680288E-01  0.20249025E-01
  0.12791720E-01  0.79903698E-02  0.49374342E-02  0.30193051E-02  0.18278585E-02
  0.10958708E-02  0.65087176E-03  0.38307375E-03  0.22348094E-03  0.12926577E-03
  0.74150571E-04  0.42191816E-04  0.23818039E-04  0.13341794E-04  0.74164240E-05
  0.40912252E-05  0.22394485E-05  0.12159719E-05  0.65455033E-06
    40
  0.10000000E+01  0.26766585E+01  0.38888105E+01  0.45770226E+01  0.48157096E+01
  0.47002918E+01  0.43340171E+01  0.38147926E+01  0.32271572E+01  0.26361710E+01
  0.20869257E+01  0.16055390E+01  0.12032199E+01  0.88004221E+00  0.62928459E+00
  0.44054563E+00  0.30235364E+00  0.20365818E+00  0.13477667E+00  0.87708757E-01
  0.56177897E-01  0.35440794E-01  0.22037950E-01  0.13515688E-01  0.81802840E-02
  0.48886710E-02  0.28862215E-02  0.16841526E-02  0.97171337E-03  0.55458713E-03
  0.31321425E-03  0.17510575E-03  0.96936624E-04  0.53153137E-04  0.28876169E-04
  0.15545928E-04  0.82954093E-05  0.43877840E-05  0.23005336E-05  0.11953253E-05
  0.61512577E-06
 ! ---------------------
 cucc00
  0.12559145E-01  0.93039408E-01  0.44420554E-01  0.41959566E-01  0.39490684E-01
  0.40174778E-01  0.44060319E-01  0.61035358E-01  0.84261528E-01  0.97752127E-01
  0.21185226E+00  0.14309184E+00  0.19994628E+00  0.18452266E+00  0.13399834E+00
  0.79601412E-01  0.47073095E-01  0.24636100E-01  0.31606308E-01  0.43681127E-01
  0.16908682E+00  0.11259456E+00  0.12433745E+00  0.12568675E+00  0.13214660E+00
  0.14052653E+00  0.14601268E+00  0.15443962E+00  0.16959643E+00  0.18349069E+00
    45
  0.10000000E+01  0.23063232E+01  0.32504000E+01  0.34868134E+01  0.36887841E+01
  0.37230138E+01  0.37478352E+01  0.37712362E+01  0.37245750E+01  0.36926128E+01
  0.35375339E+01  0.34189078E+01  0.31432789E+01  0.29407845E+01  0.25865240E+01
  0.23263419E+01  0.19630614E+01  0.16820413E+01  0.13721216E+01  0.11065882E+01
  0.88298983E+00  0.65997220E+00  0.52327466E+00  0.35574836E+00  0.28569932E+00
  0.17289392E+00  0.14376806E+00  0.75613270E-01  0.66688472E-01  0.29711901E-01
  0.28509117E-01  0.10476572E-01  0.11225603E-01  0.33108877E-02  0.40675760E-02
  0.93656466E-03  0.13547716E-02  0.23674296E-03  0.41423270E-03  0.53355688E-04
  0.11611293E-03  0.10693011E-04  0.29792782E-04  0.19078184E-05  0.69796183E-05
  0.31513152E-06
    32
  0.10000000E+01  0.26809746E+01  0.38688958E+01  0.45671134E+01  0.48638313E+01
  0.48344016E+01  0.45420816E+01  0.40661318E+01  0.34642866E+01  0.28195202E+01
  0.21833619E+01  0.16116084E+01  0.11316786E+01  0.75467040E+00  0.47964216E+00
  0.28827527E+00  0.16575146E+00  0.89749221E-01  0.46718410E-01  0.22823041E-01
  0.10772174E-01  0.47617549E-02  0.20419818E-02  0.81998346E-03  0.32025024E-03
  0.11735247E-03  0.41858827E-04  0.14062702E-04  0.45959683E-05  0.14220434E-05
  0.42739185E-06  0.12237999E-06  0.33989150E-07
    32
  0.10000000E+01  0.26312307E+01  0.37216805E+01  0.42428937E+01  0.43260548E+01
  0.40740766E+01  0.35860999E+01  0.29801236E+01  0.23266444E+01  0.17168773E+01
  0.11915658E+01  0.77632773E+00  0.47888338E+00  0.27376066E+00  0.15038884E+00
  0.75176744E-01  0.36913335E-01  0.16142843E-01  0.71111176E-02  0.27335502E-02
  0.10827670E-02  0.36908539E-03  0.13152232E-03  0.40218025E-04  0.12888072E-04
  0.35791603E-05  0.10318978E-05  0.26314571E-06  0.68388601E-07  0.16209706E-07
  0.37284172E-08  0.89277447E-09  0.91916039E-10
    32
  0.10000000E+01  0.26316724E+01  0.37008003E+01  0.41762368E+01  0.41887013E+01
  0.38540126E+01  0.32923112E+01  0.26329801E+01  0.19662009E+01  0.13742510E+01
  0.89934301E+00  0.54667573E+00  0.31372300E+00  0.16520224E+00  0.83354187E-01
  0.38026826E-01  0.16933199E-01  0.67237324E-02  0.26515571E-02  0.92445298E-03
  0.32368103E-03  0.10022753E-03  0.31228416E-04  0.86918992E-05  0.24183119E-05
  0.61143408E-06  0.15275410E-06  0.35411388E-07  0.79575080E-08  0.17434196E-08
  0.28906459E-09  0.95463846E-10 -0.60287019E-10
    32
  0.10000000E+01  0.26156933E+01  0.35958051E+01  0.39087536E+01  0.37100691E+01
  0.31652731E+01  0.24593842E+01  0.17456245E+01  0.11370143E+01  0.67531073E+00
  0.37035404E+00  0.18430482E+00  0.85453351E-01  0.35839789E-01  0.14134983E-01
  0.50494365E-02  0.17071065E-02  0.52629568E-03  0.15394486E-03  0.41508168E-04
  0.10620823E-04  0.25348627E-05  0.57431092E-06  0.12264130E-06  0.24887727E-07
  0.48130554E-08  0.86481133E-09  0.16443778E-09  0.39612877E-11  0.10989210E-10
 -0.28357233E-10 -0.47521228E-12 -0.39469134E-10
    32
  0.10000000E+01  0.25867530E+01  0.34505801E+01  0.35696917E+01  0.31557399E+01
  0.24482342E+01  0.16923686E+01  0.10424130E+01  0.57790046E+00  0.28641903E+00
  0.12871602E+00  0.51978253E-01  0.19170409E-01  0.64085137E-02  0.19697983E-02
  0.55466121E-03  0.14455781E-03  0.34880010E-04  0.78440817E-05  0.16483340E-05
  0.32513132E-06  0.60393550E-07  0.10591521E-07  0.17609382E-08  0.26788286E-09
  0.38925192E-10 -0.57704303E-11 -0.24170878E-11 -0.12623888E-10 -0.38666821E-11
 -0.14756246E-10 -0.65919220E-11 -0.19791148E-10
    32
  0.10000000E+01  0.25655007E+01  0.33503005E+01  0.33461312E+01  0.28116526E+01
  0.20425942E+01  0.13035542E+01  0.73257700E+00  0.36606087E+00  0.16251886E+00
  0.64724910E-01  0.23135123E-01  0.74858800E-02  0.21986273E-02  0.59022511E-03
  0.14542649E-03  0.33071321E-04  0.69726681E-05  0.13693022E-05  0.25151153E-06
  0.43372926E-07  0.70455677E-08  0.10755676E-08  0.15252198E-09  0.13538017E-10
 -0.27259383E-11 -0.84991299E-11 -0.59208544E-11 -0.95172101E-11 -0.65414627E-11
 -0.10635126E-10 -0.80666349E-11 -0.13467506E-10
    32
  0.10000000E+01  0.25245694E+01  0.32022309E+01  0.30567618E+01  0.24124477E+01
  0.16238858E+01  0.94736207E+00  0.48236976E+00  0.21604987E+00  0.85502590E-01
  0.30103079E-01  0.94783941E-02  0.26865323E-02  0.68949111E-03  0.16121210E-03
  0.34536154E-04  0.68160553E-05  0.12456088E-05  0.21176739E-06  0.33636069E-07
  0.50071996E-08  0.69775707E-09  0.86914132E-10  0.58311581E-11 -0.52583979E-11
 -0.60448245E-11 -0.70573358E-11 -0.66326379E-11 -0.76268515E-11 -0.72168105E-11
 -0.83753134E-11 -0.81537281E-11 -0.98949496E-11
    32
  0.10000000E+01  0.24332025E+01  0.29710907E+01  0.26942003E+01  0.19984272E+01
  0.12524399E+01  0.67361308E+00  0.31291226E+00  0.12644280E+00  0.44651934E-01
  0.13882911E-01  0.38247114E-02  0.94090680E-03  0.20817251E-03  0.41720735E-04
  0.76249387E-05  0.12787929E-05  0.19794214E-06  0.28424037E-07  0.38017797E-08
  0.47205246E-09  0.51287633E-10  0.72222623E-12 -0.46098625E-11 -0.57814523E-11
 -0.55493678E-11 -0.62131913E-11 -0.59569342E-11 -0.67267121E-11 -0.64970577E-11
 -0.73531999E-11 -0.71514923E-11 -0.82517318E-11
    32
  0.10000000E+01  0.23455956E+01  0.27665701E+01  0.23978213E+01  0.16862340E+01
  0.99185533E+00  0.49531794E+00  0.21062997E+00  0.76929583E-01  0.24225967E-01
  0.66466142E-02  0.16007359E-02  0.34181625E-03  0.65275472E-04  0.11244414E-04
  0.17608633E-05  0.25247189E-06  0.33354898E-07  0.40807427E-08  0.46213181E-09
  0.45057706E-10  0.68077605E-12 -0.46409068E-11 -0.45495011E-11 -0.53932683E-11
 -0.48272987E-11 -0.57357257E-11 -0.51863726E-11 -0.62295805E-11 -0.56815514E-11
 -0.68102624E-11 -0.62004974E-11 -0.74294124E-11
 ! ---------------------
 cucp00
  0.44695572E-02  0.41224377E-01  0.16641117E-01  0.15616067E-01  0.14606618E-01
  0.14957125E-01  0.16719309E-01  0.24804379E-01  0.37621580E-01  0.45494028E-01
  0.14872386E+00  0.68073678E-01  0.71715512E-01  0.61678860E-01  0.39075923E-01
  0.21064966E-01  0.12006204E-01  0.65102771E-02  0.93995722E-02  0.13960541E-01
  0.14254638E+00  0.13829949E+00  0.15388453E+00  0.15906384E+00  0.17433315E+00
  0.19047696E+00  0.20028806E+00  0.21355933E+00  0.23347256E+00  0.25035531E+00
    32
  0.10000000E+01  0.24905030E+01  0.35391984E+01  0.40029361E+01  0.41981237E+01
  0.41530049E+01  0.39247555E+01  0.36239686E+01  0.31637898E+01  0.27214563E+01
  0.21799237E+01  0.17120297E+01  0.12517568E+01  0.87376871E+00  0.58709511E+00
  0.35335552E+00  0.22244589E+00  0.11180326E+00  0.67789655E-01  0.27604270E-01
  0.16592739E-01  0.53530936E-02  0.32593125E-02  0.82805985E-03  0.51337233E-03
  0.10461212E-03  0.64843575E-04  0.11092694E-04  0.65832151E-05  0.10099572E-05
  0.53987319E-06  0.80444988E-07  0.35504151E-07
    32
  0.10000000E+01  0.25844541E+01  0.34963061E+01  0.37432239E+01  0.34752347E+01
  0.28733285E+01  0.21225970E+01  0.14023990E+01  0.82799645E+00  0.43289554E+00
  0.20372425E+00  0.84302552E-01  0.31795391E-01  0.10575388E-01  0.32359322E-02
  0.88494414E-03  0.22364176E-03  0.51414928E-04  0.10964437E-04  0.21605956E-05
  0.39723193E-06  0.68277856E-07  0.11015344E-07  0.16801008E-08  0.22742662E-09
  0.33538933E-10 -0.11395634E-10  0.11270848E-11 -0.16836698E-10  0.40249420E-13
 -0.19945588E-10 -0.40088938E-11 -0.27752981E-10
    32
  0.10000000E+01  0.25082190E+01  0.32635304E+01  0.32647280E+01  0.27722587E+01
  0.20289383E+01  0.12972572E+01  0.71304934E+00  0.34761867E+00  0.14383016E+00
  0.53862634E-01  0.17198797E-01  0.50190725E-02  0.12801639E-02  0.29874795E-03
  0.62693512E-04  0.12084903E-04  0.21388871E-05  0.35080810E-06  0.53563975E-07
  0.76386400E-08  0.10307555E-08  0.11435266E-09  0.18862074E-10 -0.15401571E-10
  0.38293951E-11 -0.18419115E-10  0.39888873E-11 -0.19788044E-10  0.41803097E-11
 -0.21419190E-10  0.36790758E-11 -0.24608394E-10
    32
  0.10000000E+01  0.24852036E+01  0.31714624E+01  0.30721640E+01  0.24929594E+01
  0.17136086E+01  0.10181997E+01  0.51147071E+00  0.22623851E+00  0.84378527E-01
  0.28144729E-01  0.80643325E-02  0.20794484E-02  0.47427285E-03  0.97990116E-04
  0.18344520E-04  0.31462230E-05  0.49711532E-06  0.72830519E-07  0.99518228E-08
  0.12620219E-08  0.15394225E-09  0.46750790E-11  0.25976252E-11 -0.13543658E-10
  0.94066785E-12 -0.14723446E-10  0.10398333E-11 -0.15832695E-10  0.10215066E-11
 -0.17083433E-10  0.72256721E-12 -0.19068020E-10
    32
  0.10000000E+01  0.24096434E+01  0.28938814E+01  0.25346886E+01  0.17923541E+01
  0.10267652E+01  0.49589911E+00  0.19695559E+00  0.67134479E-01  0.19316569E-01
  0.48300771E-02  0.10522250E-02  0.20286881E-03  0.34941226E-04  0.54321232E-05
  0.76893923E-06  0.99867906E-07  0.11980139E-07  0.13290490E-08  0.13697670E-09
  0.64898620E-11 -0.96296849E-12 -0.76006215E-11 -0.22802590E-11 -0.82100474E-11
 -0.23258688E-11 -0.87744155E-11 -0.24966998E-11 -0.94961168E-11 -0.28103442E-11
 -0.10307262E-10 -0.31300889E-11 -0.11077700E-10
    32
  0.10000000E+01  0.23210266E+01  0.25920551E+01  0.20130196E+01  0.12210522E+01
  0.58352894E+00  0.22924311E+00  0.73533180E-01  0.19750216E-01  0.44842722E-02
  0.87543085E-03  0.14902638E-03  0.22420717E-04  0.30161778E-05  0.36649289E-06
  0.40570010E-07  0.41184419E-08  0.38451579E-09  0.29604434E-10  0.81836231E-13
 -0.44798789E-11 -0.29868523E-11 -0.51024486E-11 -0.31480557E-11 -0.53717198E-11
 -0.32541148E-11 -0.57112717E-11 -0.35089563E-11 -0.62262232E-11 -0.39074669E-11
 -0.68223314E-11 -0.42941493E-11 -0.72900553E-11
    32
  0.10000000E+01  0.22631587E+01  0.24026524E+01  0.17304945E+01  0.95874286E+00
  0.41632670E+00  0.14626495E+00  0.41786264E-01  0.98984554E-02  0.19760844E-02
  0.33826536E-03  0.50431732E-04  0.66397838E-05  0.78120712E-06  0.82967153E-07
  0.80205506E-08  0.70856036E-09  0.55904427E-10  0.11233403E-11 -0.24435743E-11
 -0.37934608E-11 -0.31071856E-11 -0.41427003E-11 -0.32647634E-11 -0.43298703E-11
 -0.33853378E-11 -0.45893352E-11 -0.36532070E-11 -0.50255574E-11 -0.40635155E-11
 -0.55374327E-11 -0.44571688E-11 -0.59201134E-11
    32
  0.10000000E+01  0.21767341E+01  0.21669373E+01  0.14511453E+01  0.73995560E+00
  0.29401804E+00  0.92784203E-01  0.23530039E-01  0.48940610E-02  0.85194483E-03
  0.12653551E-03  0.16310198E-04  0.18513976E-05  0.18737027E-06  0.17082111E-07
  0.14139018E-08  0.10509464E-09  0.53531111E-11 -0.23003777E-11 -0.25706505E-11
 -0.32452991E-11 -0.29322639E-11 -0.35188284E-11 -0.30744089E-11 -0.36554621E-11
 -0.31835615E-11 -0.38656375E-11 -0.34384910E-11 -0.42476559E-11 -0.38287710E-11
 -0.46982730E-11 -0.41998248E-11 -0.50270919E-11
    32
  0.10000000E+01  0.20350512E+01  0.18995581E+01  0.11992299E+01  0.57345806E+00
  0.20912803E+00  0.59074694E-01  0.13121111E-01  0.23537280E-02  0.34959109E-03
  0.43972345E-04  0.47749758E-05  0.45492340E-06  0.38537961E-07  0.29337390E-08
  0.20140545E-09  0.10708859E-10 -0.10617401E-11 -0.25053483E-11 -0.21970070E-11
 -0.29703641E-11 -0.24825608E-11 -0.32140558E-11 -0.25904547E-11 -0.33333377E-11
 -0.26703675E-11 -0.35242752E-11 -0.28863830E-11 -0.38765580E-11 -0.32270037E-11
 -0.42917249E-11 -0.35495291E-11 -0.45954340E-11
    32
  0.10000000E+01  0.19130486E+01  0.16931430E+01  0.10124107E+01  0.45420306E+00
  0.15036540E+00  0.37672880E-01  0.72780984E-02  0.11230737E-02  0.14255892E-03
  0.15269984E-04  0.14094340E-05  0.11403924E-06  0.82014893E-08  0.52869396E-09
  0.29902356E-10 -0.35942124E-12 -0.13901710E-11 -0.24347981E-11 -0.18146039E-11
 -0.28449953E-11 -0.20553559E-11 -0.30780220E-11 -0.21311061E-11 -0.31918036E-11
 -0.21795182E-11 -0.33719437E-11 -0.23560602E-11 -0.37110786E-11 -0.26536719E-11
 -0.41093515E-11 -0.29319328E-11 -0.44013238E-11
 ! ---------------------
 cuma00
  0.11332783E+00  0.47575102E+00  0.34330569E+00  0.33193386E+00  0.31987969E+00
  0.32175640E+00  0.33759775E+00  0.39638925E+00  0.44835553E+00  0.47815203E+00
  0.80241801E+00  0.47004160E+00  0.65513526E+00  0.70876903E+00  0.82376287E+00
  0.76539569E+00  0.56393621E+00  0.30108398E+00  0.30497833E+00  0.35852329E+00
  0.12499316E+00  0.68773133E-01  0.11113196E+00  0.10854756E+00  0.95609516E-01
  0.84750605E-01  0.80229154E-01  0.80615175E-01  0.91875013E-01  0.10306580E+00
    90
  0.10000000E+01  0.25038151E+01  0.37699179E+01  0.44305548E+01  0.51782085E+01
  0.57377985E+01  0.63077380E+01  0.68296655E+01  0.73266556E+01  0.77283779E+01
  0.81877781E+01  0.84660067E+01  0.88302643E+01  0.90270548E+01  0.92495223E+01
  0.93764854E+01  0.94548675E+01  0.95022908E+01  0.94574479E+01  0.94172016E+01
  0.92709801E+01  0.91457983E+01  0.89160100E+01  0.87161100E+01  0.84191619E+01
  0.81573168E+01  0.78103839E+01  0.74996658E+01  0.71206321E+01  0.67740703E+01
  0.63803688E+01  0.60110558E+01  0.56184763E+01  0.52394352E+01  0.48612666E+01
  0.44850034E+01  0.41315808E+01  0.37694509E+01  0.34480711E+01  0.31096207E+01
  0.28247266E+01  0.25171920E+01  0.22707051E+01  0.19987711E+01  0.17905021E+01
  0.15563294E+01  0.13844303E+01  0.11879099E+01  0.10493312E+01  0.88850671E+00
  0.77942738E+00  0.65100890E+00  0.56721693E+00  0.46711014E+00  0.40433048E+00
  0.32811230E+00  0.28226122E+00  0.22556161E+00  0.19293731E+00  0.15171514E+00
  0.12911073E+00  0.99815552E-01  0.84567753E-01  0.64217798E-01  0.54210632E-01
  0.40394221E-01  0.34003800E-01  0.24835905E-01  0.20865384E-01  0.14922753E-01
  0.12522858E-01  0.87599152E-02  0.73482587E-02  0.50215839E-02  0.42135060E-02
  0.28091357E-02  0.23585682E-02  0.15314332E-02  0.12864498E-02  0.81128171E-03
  0.68112796E-03  0.41507334E-03  0.34737088E-03  0.20230946E-03  0.16764585E-03
  0.90746861E-04  0.73178745E-04  0.33657934E-04  0.24768599E-04  0.51936850E-05
  0.65588109E-06
    63
  0.10000000E+01  0.28112034E+01  0.44002834E+01  0.57682715E+01  0.69564368E+01
  0.79736273E+01  0.88236461E+01  0.95040857E+01  0.10016582E+02  0.10365330E+02
  0.10555127E+02  0.10597472E+02  0.10499444E+02  0.10277873E+02  0.99418768E+01
  0.95113694E+01  0.89976993E+01  0.84214921E+01  0.77960744E+01  0.71404727E+01
  0.64689303E+01  0.57969751E+01  0.51380962E+01  0.45031456E+01  0.39031270E+01
  0.33438986E+01  0.28327723E+01  0.23710831E+01  0.19621129E+01  0.16037098E+01
  0.12956414E+01  0.10335668E+01  0.81481334E+00  0.63411329E+00  0.48758029E+00
  0.37002618E+00  0.27739153E+00  0.20521042E+00  0.14992924E+00  0.10808714E+00
  0.76940377E-01  0.54038541E-01  0.37468423E-01  0.25631511E-01  0.17307142E-01
  0.11529448E-01  0.75800985E-02  0.49165829E-02  0.31469296E-02  0.19871324E-02
  0.12381228E-02  0.76104830E-03  0.46155646E-03  0.27614559E-03  0.16299251E-03
  0.94895413E-04  0.54487028E-04  0.30841614E-04  0.17192753E-04  0.94228061E-05
  0.50541505E-05  0.26308803E-05  0.12979739E-05  0.57377732E-06
    56
  0.10000000E+01  0.26243202E+01  0.38447867E+01  0.46528020E+01  0.52694495E+01
  0.57433001E+01  0.61327316E+01  0.64313769E+01  0.66536791E+01  0.67801111E+01
  0.68119312E+01  0.67554534E+01  0.65928475E+01  0.63655164E+01  0.60380128E+01
  0.56758569E+01  0.52358014E+01  0.47897656E+01  0.42985715E+01  0.38236438E+01
  0.33392550E+01  0.28847005E+01  0.24519710E+01  0.20541941E+01  0.16997311E+01
  0.13788458E+01  0.11108834E+01  0.87127400E+00  0.68361569E+00  0.51765356E+00
  0.39561827E+00  0.28887885E+00  0.21506770E+00  0.15128748E+00  0.10971810E+00
  0.74300308E-01  0.52482531E-01  0.34200687E-01  0.23521999E-01  0.14748651E-01
  0.98720290E-02  0.59568108E-02  0.38781093E-02  0.22528819E-02  0.14255453E-02
  0.79779151E-03  0.49024112E-03  0.26452895E-03  0.15771548E-03  0.82137956E-04
  0.47463463E-04  0.23889511E-04  0.13356609E-04  0.65092324E-05  0.35042022E-05
  0.16579623E-05  0.84105411E-06
    53
  0.10000000E+01  0.26486530E+01  0.38855499E+01  0.47040843E+01  0.52859380E+01
  0.56975167E+01  0.59979710E+01  0.61971159E+01  0.63127914E+01  0.63386477E+01
  0.62737359E+01  0.61325177E+01  0.58963084E+01  0.56072513E+01  0.52347566E+01
  0.48379265E+01  0.43837258E+01  0.39323497E+01  0.34573253E+01  0.30058141E+01
  0.25636705E+01  0.21567034E+01  0.17842897E+01  0.14499359E+01  0.11636461E+01
  0.91180071E+00  0.70997614E+00  0.53553185E+00  0.40467898E+00  0.29338655E+00
  0.21521347E+00  0.14976091E+00  0.10667000E+00  0.71169002E-01  0.49229460E-01
  0.31465864E-01  0.21139055E-01  0.12937522E-01  0.84403545E-02  0.49454691E-02
  0.31322318E-02  0.17573545E-02  0.10800231E-02  0.58052268E-03  0.34596215E-03
  0.17830333E-03  0.10295112E-03  0.50935884E-04  0.28462680E-04  0.13541740E-04
  0.73101887E-05  0.33543123E-05  0.17404567E-05  0.77513850E-06
    46
  0.10000000E+01  0.27328547E+01  0.40756915E+01  0.50187869E+01  0.56507119E+01
  0.60399816E+01  0.62384876E+01  0.62800855E+01  0.61894082E+01  0.59893322E+01
  0.56880156E+01  0.53155713E+01  0.48722313E+01  0.43960773E+01  0.38855661E+01
  0.33787518E+01  0.28754016E+01  0.24043236E+01  0.19671890E+01  0.15781369E+01
  0.12398934E+01  0.95224656E+00  0.71778882E+00  0.52670749E+00  0.38070250E+00
  0.26644102E+00  0.18461501E+00  0.12304496E+00  0.81724277E-01  0.51806356E-01
  0.32985457E-01  0.19868739E-01  0.12128838E-01  0.69375202E-02  0.40608260E-02
  0.22050222E-02  0.12376620E-02  0.63805464E-03  0.34338873E-03  0.16815929E-03
  0.86751079E-04  0.40392451E-04  0.19965741E-04  0.88520561E-05  0.41895482E-05
  0.17732646E-05  0.80257955E-06
    41
  0.10000000E+01  0.27997954E+01  0.42437733E+01  0.53009354E+01  0.60036426E+01
  0.63993112E+01  0.65321506E+01  0.64454509E+01  0.61767587E+01  0.57674784E+01
  0.52506251E+01  0.46674225E+01  0.40474098E+01  0.34267607E+01  0.28287141E+01
  0.22775411E+01  0.17866668E+01  0.13651303E+01  0.10158436E+01  0.73504112E+00
  0.51801479E+00  0.35433141E+00  0.23619723E+00  0.15251763E+00  0.96080952E-01
  0.58510044E-01  0.34814712E-01  0.19982292E-01  0.11227374E-01  0.60723254E-02
  0.32216015E-02  0.16421102E-02  0.82274045E-03  0.39541258E-03  0.18714393E-03
  0.84870851E-04  0.37960084E-04  0.16262129E-04  0.68777727E-05  0.27875182E-05
  0.11158076E-05  0.42884836E-06
    38
  0.10000000E+01  0.28293043E+01  0.43216540E+01  0.54248005E+01  0.61489833E+01
  0.65278481E+01  0.66031336E+01  0.64231709E+01  0.60378094E+01  0.55005122E+01
  0.48624487E+01  0.41742616E+01  0.34798532E+01  0.28169187E+01  0.22133850E+01
  0.16873366E+01  0.12476636E+01  0.89414121E+00  0.62112503E+00  0.41777701E+00
  0.27225841E+00  0.17165811E+00  0.10484163E+00  0.61914710E-01  0.35420591E-01
  0.19586167E-01  0.10494037E-01  0.54338451E-02  0.27272794E-02  0.13230091E-02
  0.62237463E-03  0.28306765E-03  0.12491257E-03  0.53322252E-04  0.22096820E-04
  0.88651509E-05  0.34551100E-05  0.13053653E-05  0.47970156E-06
    35
  0.10000000E+01  0.28344203E+01  0.43351991E+01  0.54271765E+01  0.61108145E+01
  0.64147146E+01  0.63844265E+01  0.60777494E+01  0.55602602E+01  0.49009491E+01
  0.41672916E+01  0.34201049E+01  0.27094776E+01  0.20716431E+01  0.15283545E+01
  0.10875700E+01  0.74627718E+00  0.49363726E+00  0.31470972E+00  0.19333293E+00
  0.11444174E+00  0.65267706E-01  0.35867108E-01  0.18992567E-01  0.96930693E-02
  0.47685177E-02  0.22620068E-02  0.10348822E-02  0.45682761E-03  0.19463239E-03
  0.80072550E-04  0.31822223E-04  0.12223247E-04  0.45402046E-05  0.16319670E-05
  0.56825897E-06
    32
  0.10000000E+01  0.27799871E+01  0.41923719E+01  0.51619354E+01  0.57063995E+01
  0.58665526E+01  0.56997559E+01  0.52756743E+01  0.46714136E+01  0.39650946E+01
  0.32291380E+01  0.25237729E+01  0.18928315E+01  0.13619259E+01  0.93983501E+00
  0.62182652E+00  0.39437843E+00  0.23971675E+00  0.13963675E+00  0.77947846E-01
  0.41702277E-01  0.21385778E-01  0.10515139E-01  0.49585195E-02  0.22434036E-02
  0.97422220E-03  0.40627549E-03  0.16278584E-03  0.62704463E-04  0.23233964E-04
  0.82865417E-05  0.28467246E-05  0.94274812E-06
    32
  0.10000000E+01  0.27217312E+01  0.40489981E+01  0.49095811E+01  0.53377580E+01
  0.53852714E+01  0.51195053E+01  0.46196552E+01  0.39709471E+01  0.32564579E+01
  0.25491100E+01  0.19045112E+01  0.13577350E+01  0.92318535E+00  0.59850695E+00
  0.36982285E+00  0.21777534E+00  0.12219180E+00  0.65334837E-01  0.33292468E-01
  0.16173140E-01  0.74922752E-02  0.33115703E-02  0.13972086E-02  0.56310333E-03
  0.21691429E-03  0.79928197E-04  0.28193538E-04  0.95281292E-05  0.30877323E-05
  0.96038835E-06  0.28700048E-06  0.82547218E-07
 ! ------------------------------------------------------
WATER_CLOUD_DEFF
 !
        1          ! File format version
        1          ! Contents ID
       10          ! Number of channels for which optical parameters are stored
        0          ! Number of channels for which phase functions are stored
      128          ! Maximum number of Legendre coefficients
        1          ! Number of water cloud types
        1          ! Relative humidity values (%)
   0.00
   0.00000000E+00  ! Conversion factor to particle density [part.cm^-3]/[g.m^-3]
       24          ! Effective diameters (microns)
  0.200000E+01  0.300000E+01  0.400000E+01  0.500000E+01  0.600000E+01  0.700000E+01
  0.800000E+01  0.900000E+01  0.100000E+02  0.110000E+02  0.120000E+02  0.130000E+02
  0.140000E+02  0.150000E+02  0.160000E+02  0.200000E+02  0.240000E+02  0.280000E+02
  0.320000E+02  0.360000E+02  0.400000E+02  0.440000E+02  0.480000E+02  0.520000E+02
 ! ------------------------------------------------------
 ! OPTICAL PROPERTY DATA
  0.15609086E+02  0.17406898E+02  0.18274284E+02  0.18742685E+02  0.19008034E+02
  0.19155004E+02  0.19225618E+02  0.19242672E+02  0.19219306E+02  0.19163467E+02
  0.19080223E+02  0.18973079E+02  0.18844766E+02  0.18697708E+02  0.18534279E+02
  0.17766179E+02  0.16927936E+02  0.16128252E+02  0.15412765E+02  0.14785630E+02
  0.14235637E+02  0.13750938E+02  0.13323680E+02  0.12949332E+02  0.21269857E+03
  0.21952127E+03  0.21608271E+03  0.20716113E+03  0.19628642E+03  0.18503298E+03
  0.17406409E+03  0.16365841E+03  0.15392164E+03  0.14487744E+03  0.13650974E+03
  0.12878366E+03  0.12165628E+03  0.11508229E+03  0.10901690E+03  0.89028986E+02
  0.74280314E+02  0.63184963E+02  0.54667742E+02  0.48001074E+02  0.42692818E+02
  0.38412033E+02  0.34935337E+02  0.32105928E+02  0.60756391E+02  0.66080259E+02
  0.69678761E+02  0.71399008E+02  0.71896398E+02  0.71687566E+02  0.71058671E+02
  0.70169441E+02  0.69114743E+02  0.67954035E+02  0.66726176E+02  0.65457416E+02
  0.64165988E+02  0.62864841E+02  0.61563361E+02  0.56468966E+02  0.51698496E+02
  0.47336946E+02  0.43406085E+02  0.39897997E+02  0.36791928E+02  0.34065361E+02
  0.31697674E+02  0.29667247E+02  0.56912780E+02  0.61507965E+02  0.64817457E+02
  0.66578067E+02  0.67213605E+02  0.67171305E+02  0.66720081E+02  0.66012973E+02
  0.65141276E+02  0.64162364E+02  0.63113831E+02  0.62021137E+02  0.60901991E+02
  0.59768984E+02  0.58631234E+02  0.54143991E+02  0.49898285E+02  0.45975265E+02
  0.42398537E+02  0.39167429E+02  0.36272004E+02  0.33701874E+02  0.31448152E+02
  0.29499581E+02  0.54289449E+02  0.57695591E+02  0.60250356E+02  0.61877002E+02
  0.62614859E+02  0.62725250E+02  0.62435277E+02  0.61890684E+02  0.61181147E+02
  0.60363382E+02  0.59474624E+02  0.58540116E+02  0.57577420E+02  0.56599004E+02
  0.55613864E+02  0.51714358E+02  0.48011658E+02  0.44575087E+02  0.41418933E+02
  0.38538174E+02  0.35923909E+02  0.33571245E+02  0.31479810E+02  0.29648348E+02
  0.58790054E+02  0.61301080E+02  0.62946698E+02  0.63986388E+02  0.64419800E+02
  0.64339537E+02  0.63895792E+02  0.63213563E+02  0.62378208E+02  0.61445440E+02
  0.60451943E+02  0.59422415E+02  0.58373861E+02  0.57318191E+02  0.56263858E+02
  0.52157977E+02  0.48339369E+02  0.44851764E+02  0.41688447E+02  0.38827644E+02
  0.36247633E+02  0.33934266E+02  0.31881079E+02  0.30083400E+02  0.70542446E+02
  0.72316280E+02  0.73084939E+02  0.73271006E+02  0.72992637E+02  0.72311815E+02
  0.71332286E+02  0.70156783E+02  0.68862675E+02  0.67502415E+02  0.66110557E+02
  0.64709882E+02  0.63315549E+02  0.61937706E+02  0.60583149E+02  0.55466601E+02
  0.50883568E+02  0.46817200E+02  0.43215838E+02  0.40024008E+02  0.37194570E+02
  0.34694113E+02  0.32501435E+02  0.30600389E+02  0.12349988E+03  0.12261767E+03
  0.12002099E+03  0.11668990E+03  0.11304444E+03  0.10923182E+03  0.10535719E+03
  0.10151104E+03  0.97758685E+02  0.94139998E+02  0.90675846E+02  0.87374698E+02
  0.84237495E+02  0.81260787E+02  0.78438674E+02  0.68546428E+02  0.60524392E+02
  0.53952911E+02  0.48508379E+02  0.43949194E+02  0.40099210E+02  0.36834544E+02
  0.34069309E+02  0.31739779E+02  0.23031101E+03  0.22109435E+03  0.20825271E+03
  0.19484022E+03  0.18204375E+03  0.17013651E+03  0.15915728E+03  0.14909183E+03
  0.13990057E+03  0.13152592E+03  0.12390034E+03  0.11695351E+03  0.11061718E+03
  0.10482781E+03  0.99527668E+02  0.82269229E+02  0.69622866E+02  0.60058827E+02
  0.52626744E+02  0.46718431E+02  0.41936372E+02  0.38019112E+02  0.34792689E+02
  0.32135108E+02  0.29719526E+03  0.28475347E+03  0.26572602E+03  0.24532461E+03
  0.22594901E+03  0.20823627E+03  0.19224623E+03  0.17788896E+03  0.16503107E+03
  0.15352473E+03  0.14322138E+03  0.13398027E+03  0.12567299E+03  0.11818523E+03
  0.11141669E+03  0.89957126E+02  0.74803389E+02  0.63666974E+02  0.55206081E+02
  0.48600097E+02  0.43330757E+02  0.39065166E+02  0.35585425E+02  0.32741332E+02
  0.37476310E+03  0.61653038E+03  0.75086879E+03  0.78725485E+03  0.75361984E+03
  0.68001198E+03  0.59136715E+03  0.50450287E+03  0.42835504E+03  0.36595834E+03
  0.31680047E+03  0.27874610E+03  0.24927779E+03  0.22613189E+03  0.20752593E+03
  0.15794330E+03  0.12725204E+03  0.10583925E+03  0.90132353E+02  0.78183679E+02
  0.68830706E+02  0.61362331E+02  0.55331269E+02  0.50439572E+02  0.95490808E+02
  0.17484310E+03  0.23412975E+03  0.26966251E+03  0.28511749E+03  0.28575461E+03
  0.27635425E+03  0.26077525E+03  0.24193690E+03  0.22192517E+03  0.20214007E+03
  0.18344865E+03  0.16632534E+03  0.15097033E+03  0.13740355E+03  0.98520879E+02
  0.76344294E+02  0.62865838E+02  0.53867910E+02  0.47355066E+02  0.42366317E+02
  0.38408521E+02  0.35208972E+02  0.32602146E+02  0.53582334E+02  0.11284470E+03
  0.17139367E+03  0.22115251E+03  0.25896493E+03  0.28485095E+03  0.29996568E+03
  0.30585403E+03  0.30418349E+03  0.29660622E+03  0.28466856E+03  0.26975092E+03
  0.25303287E+03  0.23547971E+03  0.21784621E+03  0.15532739E+03  0.11225122E+03
  0.85490800E+02  0.68839906E+02  0.57861173E+02  0.50088768E+02  0.44266075E+02
  0.39749579E+02  0.36183690E+02  0.41347230E+02  0.89374196E+02  0.13830277E+03
  0.18195856E+03  0.21715227E+03  0.24330905E+03  0.26095198E+03  0.27100270E+03
  0.27453710E+03  0.27267689E+03  0.26652313E+03  0.25710931E+03  0.24536889E+03
  0.23211520E+03  0.21803232E+03  0.16273766E+03  0.11968325E+03  0.90734180E+02
  0.72082600E+02  0.59816803E+02  0.51321190E+02  0.45105463E+02  0.40367053E+02
  0.36665310E+02  0.20900028E+02  0.48256112E+02  0.77490552E+02  0.10575219E+03
  0.13103029E+03  0.15232351E+03  0.16942013E+03  0.18247064E+03  0.19177468E+03
  0.19769707E+03  0.20063151E+03  0.20098036E+03  0.19914085E+03  0.19549464E+03
  0.19039987E+03  0.16160226E+03  0.12975121E+03  0.10231994E+03  0.81311554E+02
  0.66094544E+02  0.55261480E+02  0.47493398E+02  0.41811938E+02  0.37561359E+02
  0.95928526E+01  0.23444602E+02  0.38762389E+02  0.53998932E+02  0.68474143E+02
  0.81627466E+02  0.93166963E+02  0.10301708E+03  0.11121455E+03  0.11784649E+03
  0.12302206E+03  0.12686008E+03  0.12948303E+03  0.13101362E+03  0.13157264E+03
  0.12635637E+03  0.11388883E+03  0.98860871E+02  0.84134510E+02  0.71132483E+02
  0.60333624E+02  0.51697079E+02  0.44949682E+02  0.39749261E+02  0.52141665E+01
  0.13032333E+02  0.21818605E+02  0.30500997E+02  0.38818135E+02  0.46565031E+02
  0.53586085E+02  0.59813622E+02  0.65243911E+02  0.69906679E+02  0.73846526E+02
  0.77113787E+02  0.79760327E+02  0.81837596E+02  0.83395692E+02  0.85368554E+02
  0.82483505E+02  0.76841644E+02  0.69946945E+02  0.62794272E+02  0.55987639E+02
  0.49856502E+02  0.44546313E+02  0.40080539E+02  0.30188240E+01  0.75481465E+01
  0.12572999E+02  0.17301845E+02  0.21597818E+02  0.25461237E+02  0.28889431E+02
  0.31885969E+02  0.34469379E+02  0.36669339E+02  0.38520530E+02  0.40058348E+02
  0.41316646E+02  0.42326754E+02  0.43117183E+02  0.44558343E+02  0.44120697E+02
  0.42617791E+02  0.40561603E+02  0.38270824E+02  0.35943202E+02  0.33703604E+02
  0.31631607E+02  0.29773781E+02  0.50814031E+01  0.12538017E+02  0.20432122E+02
  0.27255355E+02  0.32798772E+02  0.37238787E+02  0.40761585E+02  0.43513503E+02
  0.45615107E+02  0.47170932E+02  0.48272335E+02  0.48998210E+02  0.49415712E+02
  0.49581357E+02  0.49542352E+02  0.48030502E+02  0.45409206E+02  0.42457894E+02
  0.39531791E+02  0.36784671E+02  0.34277108E+02  0.32030265E+02  0.30049447E+02
  0.28330670E+02  0.77874287E+01  0.19527848E+02  0.31897658E+02  0.42168984E+02
  0.49951032E+02  0.55652914E+02  0.59728579E+02  0.62533954E+02  0.64342313E+02
  0.65369218E+02  0.65787334E+02  0.65735195E+02  0.65323482E+02  0.64640142E+02
  0.63754727E+02  0.59125436E+02  0.54017238E+02  0.49189951E+02  0.44873521E+02
  0.41097072E+02  0.37822491E+02  0.34999029E+02  0.32581192E+02  0.30529040E+02
  0.26438420E+00  0.20372074E+00  0.17334493E+00  0.15707952E+00  0.14924865E+00
  0.14693700E+00  0.14830373E+00  0.15188513E+00  0.15633510E+00  0.16044067E+00
  0.16328776E+00  0.16441211E+00  0.16380579E+00  0.16177720E+00  0.15876189E+00
  0.14379028E+00  0.13110915E+00  0.12182273E+00  0.11485205E+00  0.10930171E+00
  0.10463404E+00  0.10056078E+00  0.96938979E-01  0.93702278E-01  0.36367461E+00
  0.27356586E+00  0.22126007E+00  0.18914778E+00  0.16727445E+00  0.15151468E+00
  0.13974137E+00  0.13068193E+00  0.12351294E+00  0.11767313E+00  0.11276547E+00
  0.10850273E+00  0.10467623E+00  0.10113684E+00  0.97782347E-01  0.85312021E-01
  0.74243675E-01  0.65231689E-01  0.58371234E-01  0.53264159E-01  0.49433576E-01
  0.46499243E-01  0.44198337E-01  0.42358550E-01  0.39007623E+00  0.30026404E+00
  0.24203427E+00  0.20657502E+00  0.18246387E+00  0.16499429E+00  0.15197135E+00
  0.14211919E+00  0.13461208E+00  0.12888541E+00  0.12453625E+00  0.12126504E+00
  0.11883955E+00  0.11707219E+00  0.11580552E+00  0.11324882E+00  0.11040153E+00
  0.10456191E+00  0.96282188E-01  0.87292528E-01  0.78857185E-01  0.71503038E-01
  0.65313683E-01  0.60191668E-01  0.40114009E+00  0.31389110E+00  0.25239099E+00
  0.21443636E+00  0.18873797E+00  0.17001874E+00  0.15589753E+00  0.14504422E+00
  0.13660963E+00  0.13001597E+00  0.12485375E+00  0.12082244E+00  0.11769385E+00
  0.11528858E+00  0.11346077E+00  0.10970001E+00  0.10768230E+00  0.10411592E+00
  0.98147774E-01  0.90633905E-01  0.82802515E-01  0.75485112E-01  0.69049290E-01
  0.63574786E-01  0.42467546E+00  0.34865937E+00  0.28216672E+00  0.23723640E+00
  0.20694653E+00  0.18496597E+00  0.16815614E+00  0.15491769E+00  0.14430141E+00
  0.13567940E+00  0.12861129E+00  0.12277720E+00  0.11793851E+00  0.11391307E+00
  0.11055879E+00  0.10187430E+00  0.97637518E-01  0.95123162E-01  0.92614750E-01
  0.89213400E-01  0.84763139E-01  0.79599250E-01  0.74215776E-01  0.69032897E-01
  0.44166335E+00  0.37886660E+00  0.31387741E+00  0.26304317E+00  0.22723751E+00
  0.20142650E+00  0.18180014E+00  0.16625634E+00  0.15362017E+00  0.14316520E+00
  0.13440080E+00  0.12697630E+00  0.12063214E+00  0.11517148E+00  0.11044212E+00
  0.96773744E-01  0.88452026E-01  0.83120614E-01  0.79447596E-01  0.76590315E-01
  0.74002933E-01  0.71369059E-01  0.68565733E-01  0.65615952E-01  0.44970879E+00
  0.39449453E+00  0.33320114E+00  0.28055632E+00  0.24125114E+00  0.21254101E+00
  0.19082719E+00  0.17371355E+00  0.15979871E+00  0.14823706E+00  0.13847847E+00
  0.13014033E+00  0.12294379E+00  0.11667910E+00  0.11118490E+00  0.94738428E-01
  0.83964982E-01  0.76484033E-01  0.71033422E-01  0.66872764E-01  0.63538059E-01
  0.60731669E-01  0.58268464E-01  0.56043500E-01  0.45761162E+00  0.41027848E+00
  0.35495115E+00  0.30311043E+00  0.26111413E+00  0.22907582E+00  0.20462878E+00
  0.18547889E+00  0.17002530E+00  0.15723967E+00  0.14645571E+00  0.13722337E+00
  0.12922451E+00  0.12222537E+00  0.11604902E+00  0.97223662E-01  0.84423834E-01
  0.75152478E-01  0.68117407E-01  0.62584127E-01  0.58107946E-01  0.54409807E-01
  0.51311535E-01  0.48696765E-01  0.46476247E+00  0.42467551E+00  0.37602665E+00
  0.32772619E+00  0.28594966E+00  0.25235708E+00  0.22595407E+00  0.20506728E+00
  0.18823240E+00  0.17437578E+00  0.16275145E+00  0.15284226E+00  0.14428253E+00
  0.13680664E+00  0.13021636E+00  0.11013123E+00  0.96435930E-01  0.86472111E-01
  0.78879014E-01  0.72887909E-01  0.68034797E-01  0.64028472E-01  0.60682029E-01
  0.57871592E-01  0.46941728E+00  0.43424853E+00  0.39031975E+00  0.34504377E+00
  0.30436844E+00  0.27061129E+00  0.24349003E+00  0.22176074E+00  0.20414301E+00
  0.18961539E+00  0.17743053E+00  0.16705392E+00  0.15810109E+00  0.15029052E+00
  0.14341167E+00  0.12247711E+00  0.10821663E+00  0.97839379E-01  0.89924789E-01
  0.83673431E-01  0.78603905E-01  0.74414381E-01  0.70911207E-01  0.67966130E-01
   128
  0.10000000E+01  0.18112844E+01  0.15749640E+01  0.85564744E+00  0.38070188E+00
  0.13009449E+00  0.39374918E-01  0.10043863E-01  0.23663725E-02  0.49516398E-03
  0.98033856E-04  0.17699766E-04  0.30228260E-05  0.47842891E-06  0.70151529E-07
  0.94923617E-08  0.11801712E-08  0.13513035E-09  0.11187109E-10  0.64334402E-12
 -0.34887755E-11 -0.86787946E-12 -0.39206512E-11 -0.85304085E-12 -0.41141379E-11
 -0.80279183E-12 -0.43716919E-11 -0.87492251E-12 -0.47826512E-11 -0.10614630E-11
 -0.52494139E-11 -0.12260722E-11 -0.56094312E-11  0.00000000E+00  0.00000000E+00
  0.00000000E+00  0.00000000E+00  0.00000000E+00  0.00000000E+00  0.00000000E+00
  0.00000000E+00  0.00000000E+00  0.00000000E+00  0.00000000E+00  0.00000000E+00
  0.00000000E+00  0.00000000E+00  0.00000000E+00  0.00000000E+00  0.00000000E+00
  0.00000000E+00  0.00000000E+00  0.00000000E+00  0.00000000E+00  0.00000000E+00
  0.00000000E+00  0.00000000E+00  0.00000000E+00  0.00000000E+00  0.00000000E+00
  0.00000000E+00  0.00000000E+00  0.00000000E+00  0.00000000E+00  0.00000000E+00
  0.00000000E+00  0.00000000E+00  0.00000000E+00  0.00000000E+00  0.00000000E+00
  0.00000000E+00  0.00000000E+00  0.00000000E+00  0.00000000E+00  0.00000000E+00
  0.00000000E+00  0.00000000E+00  0.00000000E+00  0.00000000E+00  0.00000000E+00
  0.00000000E+00  0.00000000E+00  0.00000000E+00  0.00000000E+00  0.00000000E+00
  0.00000000E+00  0.00000000E+00  0.00000000E+00  0.00000000E+00  0.00000000E+00
  0.00000000E+00  0.00000000E+00  0.00000000E+00  0.00000000E+00  0.00000000E+00
  0.00000000E+00  0.00000000E+00  0.00000000E+00  0.00000000E+00  0.00000000E+00
  0.00000000E+00  0.00000000E+00  0.00000000E+00  0.00000000E+00  0.00000000E+00
  0.00000000E+00  0.00000000E+00  0.00000000E+00  0.00000000E+00  0.00000000E+00
  0.00000000E+00  0.00000000E+00  0.00000000E+00  0.00000000E+00  0.00000000E+00
  0.00000000E+00  0.00000000E+00  0.00000000E+00  0.00000000E+00  0.00000000E+00
  0.00000000E+00  0.00000000E+00  0.00000000E+00  0.00000000E+00  0.00000000E+00
  0.00000000E+00  0.00000000E+00  0.00000000E+00  0.00000000E+00
  0.10000000E+01  0.22144068E+01  0.24677366E+01  0.19753792E+01  0.13372978E+01
  0.75834875E+00  0.39345714E+00  0.17674575E+00  0.76539376E-01  0.28877217E-01
  0.11008398E-01  0.36232539E-02  0.12613720E-02  0.37130815E-03  0.12105487E-03
  0.32254841E-04  0.99300985E-05  0.23405001E-05  0.65860292E-06  0.14179695E-06
  0.29552431E-07  0.56145443E-08  0.95977814E-09  0.15824414E-09  0.97744157E-11
  0.74640166E-11 -0.13380989E-10  0.47810961E-11 -0.14855953E-10  0.49254401E-11
 -0.16081883E-10  0.49930071E-11 -0.17448383E-10  0.00000000E+00  0.00000000E+00
  0.00000000E+00  0.00000000E+00  0.00000000E+00  0.00000000E+00  0.00000000E+00
  0.00000000E+00  0.00000000E+00  0.00000000E+00  0.00000000E+00  0.00000000E+00
  0.00000000E+00  0.00000000E+00  0.00000000E+00  0.00000000E+00  0.00000000E+00
  0.00000000E+00  0.00000000E+00  0.00000000E+00  0.00000000E+00  0.00000000E+00
  0.00000000E+00  0.00000000E+00  0.00000000E+00  0.00000000E+00  0.00000000E+00
  0.00000000E+00  0.00000000E+00  0.00000000E+00  0.00000000E+00  0.00000000E+00
  0.00000000E+00  0.00000000E+00  0.00000000E+00  0.00000000E+00  0.00000000E+00
  0.00000000E+00  0.00000000E+00  0.00000000E+00  0.00000000E+00  0.00000000E+00
  0.00000000E+00  0.00000000E+00  0.00000000E+00  0.00000000E+00  0.00000000E+00
  0.00000000E+00  0.00000000E+00  0.00000000E+00  0.00000000E+00  0.00000000E+00
  0.00000000E+00  0.00000000E+00  0.00000000E+00  0.00000000E+00  0.00000000E+00
  0.00000000E+00  0.00000000E+00  0.00000000E+00  0.00000000E+00  0.00000000E+00
  0.00000000E+00  0.00000000E+00  0.00000000E+00  0.00000000E+00  0.00000000E+00
  0.00000000E+00  0.00000000E+00  0.00000000E+00  0.00000000E+00  0.00000000E+00
  0.00000000E+00  0.00000000E+00  0.00000000E+00  0.00000000E+00  0.00000000E+00
  0.00000000E+00  0.00000000E+00  0.00000000E+00  0.00000000E+00  0.00000000E+00
  0.00000000E+00  0.00000000E+00  0.00000000E+00  0.00000000E+00  0.00000000E+00
  0.00000000E+00  0.00000000E+00  0.00000000E+00  0.00000000E+00  0.00000000E+00
  0.00000000E+00  0.00000000E+00  0.00000000E+00  0.00000000E+00
  0.10000000E+01  0.23825086E+01  0.29931289E+01  0.28575080E+01  0.23722537E+01
  0.17409855E+01  0.11737233E+01  0.72153744E+00  0.42170324E+00  0.22497779E+00
  0.11884195E+00  0.56182457E-01  0.27715915E-01  0.11750988E-01  0.55655821E-02
  0.21274074E-02  0.99137988E-03  0.34159459E-03  0.16017244E-03  0.49485772E-04
  0.23811278E-04  0.64730691E-05  0.32253316E-05  0.71382850E-06  0.37041990E-06
  0.60760292E-07  0.19681956E-07  0.46651822E-08  0.94063823E-09  0.22373883E-09
 -0.15189071E-10  0.38319718E-10 -0.53991449E-10  0.00000000E+00  0.00000000E+00
  0.00000000E+00  0.00000000E+00  0.00000000E+00  0.00000000E+00  0.00000000E+00
  0.00000000E+00  0.00000000E+00  0.00000000E+00  0.00000000E+00  0.00000000E+00
  0.00000000E+00  0.00000000E+00  0.00000000E+00  0.00000000E+00  0.00000000E+00
  0.00000000E+00  0.00000000E+00  0.00000000E+00  0.00000000E+00  0.00000000E+00
  0.00000000E+00  0.00000000E+00  0.00000000E+00  0.00000000E+00  0.00000000E+00
  0.00000000E+00  0.00000000E+00  0.00000000E+00  0.00000000E+00  0.00000000E+00
  0.00000000E+00  0.00000000E+00  0.00000000E+00  0.00000000E+00  0.00000000E+00
  0.00000000E+00  0.00000000E+00  0.00000000E+00  0.00000000E+00  0.00000000E+00
  0.00000000E+00  0.00000000E+00  0.00000000E+00  0.00000000E+00  0.00000000E+00
  0.00000000E+00  0.00000000E+00  0.00000000E+00  0.00000000E+00  0.00000000E+00
  0.00000000E+00  0.00000000E+00  0.00000000E+00  0.00000000E+00  0.00000000E+00
  0.00000000E+00  0.00000000E+00  0.00000000E+00  0.00000000E+00  0.00000000E+00
  0.00000000E+00  0.00000000E+00  0.00000000E+00  0.00000000E+00  0.00000000E+00
  0.00000000E+00  0.00000000E+00  0.00000000E+00  0.00000000E+00  0.00000000E+00
  0.00000000E+00  0.00000000E+00  0.00000000E+00  0.00000000E+00  0.00000000E+00
  0.00000000E+00  0.00000000E+00  0.00000000E+00  0.00000000E+00  0.00000000E+00
  0.00000000E+00  0.00000000E+00  0.00000000E+00  0.00000000E+00  0.00000000E+00
  0.00000000E+00  0.00000000E+00  0.00000000E+00  0.00000000E+00  0.00000000E+00
  0.00000000E+00  0.00000000E+00  0.00000000E+00  0.00000000E+00
  0.10000000E+01  0.24580177E+01  0.32747087E+01  0.34008071E+01  0.31392685E+01
  0.26344286E+01  0.20518137E+01  0.15039810E+01  0.10412104E+01  0.68373668E+00
  0.43396394E+00  0.25850075E+00  0.15438474E+00  0.83890846E-01  0.48307447E-01
  0.23947161E-01  0.13615375E-01  0.61276727E-02  0.35224704E-02  0.14261952E-02
  0.84895735E-03  0.30529701E-03  0.19276806E-03  0.60581466E-04  0.41572459E-04
  0.11186178E-04  0.85488656E-05  0.18913030E-05  0.16454583E-05  0.25309484E-06
  0.27078060E-06  0.14879099E-07  0.27666005E-07  0.00000000E+00  0.00000000E+00
  0.00000000E+00  0.00000000E+00  0.00000000E+00  0.00000000E+00  0.00000000E+00
  0.00000000E+00  0.00000000E+00  0.00000000E+00  0.00000000E+00  0.00000000E+00
  0.00000000E+00  0.00000000E+00  0.00000000E+00  0.00000000E+00  0.00000000E+00
  0.00000000E+00  0.00000000E+00  0.00000000E+00  0.00000000E+00  0.00000000E+00
  0.00000000E+00  0.00000000E+00  0.00000000E+00  0.00000000E+00  0.00000000E+00
  0.00000000E+00  0.00000000E+00  0.00000000E+00  0.00000000E+00  0.00000000E+00
  0.00000000E+00  0.00000000E+00  0.00000000E+00  0.00000000E+00  0.00000000E+00
  0.00000000E+00  0.00000000E+00  0.00000000E+00  0.00000000E+00  0.00000000E+00
  0.00000000E+00  0.00000000E+00  0.00000000E+00  0.00000000E+00  0.00000000E+00
  0.00000000E+00  0.00000000E+00  0.00000000E+00  0.00000000E+00  0.00000000E+00
  0.00000000E+00  0.00000000E+00  0.00000000E+00  0.00000000E+00  0.00000000E+00
  0.00000000E+00  0.00000000E+00  0.00000000E+00  0.00000000E+00  0.00000000E+00
  0.00000000E+00  0.00000000E+00  0.00000000E+00  0.00000000E+00  0.00000000E+00
  0.00000000E+00  0.00000000E+00  0.00000000E+00  0.00000000E+00  0.00000000E+00
  0.00000000E+00  0.00000000E+00  0.00000000E+00  0.00000000E+00  0.00000000E+00
  0.00000000E+00  0.00000000E+00  0.00000000E+00  0.00000000E+00  0.00000000E+00
  0.00000000E+00  0.00000000E+00  0.00000000E+00  0.00000000E+00  0.00000000E+00
  0.00000000E+00  0.00000000E+00  0.00000000E+00  0.00000000E+00  0.00000000E+00
  0.00000000E+00  0.00000000E+00  0.00000000E+00  0.00000000E+00
  0.10000000E+01  0.24851698E+01  0.34128106E+01  0.36944989E+01  0.36131760E+01
  0.32647383E+01  0.27686630E+01  0.22515032E+01  0.17318630E+01  0.12937875E+01
  0.92319426E+00  0.63872026E+00  0.43101095E+00  0.27688950E+00  0.18017285E+00
  0.10728580E+00  0.68700488E-01  0.37698681E-01  0.24266543E-01  0.12156147E-01
  0.80408346E-02  0.36317958E-02  0.25245521E-02  0.10131559E-02  0.75680291E-03
  0.26551930E-03  0.21779280E-03  0.65618478E-04  0.60347598E-04  0.15284764E-04
  0.16110821E-04  0.33379040E-05  0.41468066E-05  0.66853085E-06  0.00000000E+00
  0.00000000E+00  0.00000000E+00  0.00000000E+00  0.00000000E+00  0.00000000E+00
  0.00000000E+00  0.00000000E+00  0.00000000E+00  0.00000000E+00  0.00000000E+00
  0.00000000E+00  0.00000000E+00  0.00000000E+00  0.00000000E+00  0.00000000E+00
  0.00000000E+00  0.00000000E+00  0.00000000E+00  0.00000000E+00  0.00000000E+00
  0.00000000E+00  0.00000000E+00  0.00000000E+00  0.00000000E+00  0.00000000E+00
  0.00000000E+00  0.00000000E+00  0.00000000E+00  0.00000000E+00  0.00000000E+00
  0.00000000E+00  0.00000000E+00  0.00000000E+00  0.00000000E+00  0.00000000E+00
  0.00000000E+00  0.00000000E+00  0.00000000E+00  0.00000000E+00  0.00000000E+00
  0.00000000E+00  0.00000000E+00  0.00000000E+00  0.00000000E+00  0.00000000E+00
  0.00000000E+00  0.00000000E+00  0.00000000E+00  0.00000000E+00  0.00000000E+00
  0.00000000E+00  0.00000000E+00  0.00000000E+00  0.00000000E+00  0.00000000E+00
  0.00000000E+00  0.00000000E+00  0.00000000E+00  0.00000000E+00  0.00000000E+00
  0.00000000E+00  0.00000000E+00  0.00000000E+00  0.00000000E+00  0.00000000E+00
  0.00000000E+00  0.00000000E+00  0.00000000E+00  0.00000000E+00  0.00000000E+00
  0.00000000E+00  0.00000000E+00  0.00000000E+00  0.00000000E+00  0.00000000E+00
  0.00000000E+00  0.00000000E+00  0.00000000E+00  0.00000000E+00  0.00000000E+00
  0.00000000E+00  0.00000000E+00  0.00000000E+00  0.00000000E+00  0.00000000E+00
  0.00000000E+00  0.00000000E+00  0.00000000E+00  0.00000000E+00  0.00000000E+00
  0.00000000E+00  0.00000000E+00  0.00000000E+00  0.00000000E+00
  0.10000000E+01  0.24833321E+01  0.34639904E+01  0.38212128E+01  0.38599257E+01
  0.36395397E+01  0.32545920E+01  0.28254113E+01  0.23314514E+01  0.18961316E+01
  0.14674888E+01  0.11239772E+01  0.82685861E+00  0.59689605E+00  0.42356671E+00
  0.28746918E+00  0.20003769E+00  0.12692607E+00  0.88175454E-01  0.51868059E-01
  0.36658018E-01  0.19779038E-01  0.14497478E-01  0.70886990E-02  0.54910550E-02
  0.24028429E-02  0.20021550E-02  0.77473044E-03  0.70541479E-03  0.23880069E-03
  0.24073836E-03  0.70631146E-04  0.79639493E-04  0.20037361E-04  0.25484393E-04
  0.53865875E-05  0.78427112E-05  0.13376686E-05  0.23167423E-05  0.30010441E-06
  0.00000000E+00  0.00000000E+00  0.00000000E+00  0.00000000E+00  0.00000000E+00
  0.00000000E+00  0.00000000E+00  0.00000000E+00  0.00000000E+00  0.00000000E+00
  0.00000000E+00  0.00000000E+00  0.00000000E+00  0.00000000E+00  0.00000000E+00
  0.00000000E+00  0.00000000E+00  0.00000000E+00  0.00000000E+00  0.00000000E+00
  0.00000000E+00  0.00000000E+00  0.00000000E+00  0.00000000E+00  0.00000000E+00
  0.00000000E+00  0.00000000E+00  0.00000000E+00  0.00000000E+00  0.00000000E+00
  0.00000000E+00  0.00000000E+00  0.00000000E+00  0.00000000E+00  0.00000000E+00
  0.00000000E+00  0.00000000E+00  0.00000000E+00  0.00000000E+00  0.00000000E+00
  0.00000000E+00  0.00000000E+00  0.00000000E+00  0.00000000E+00  0.00000000E+00
  0.00000000E+00  0.00000000E+00  0.00000000E+00  0.00000000E+00  0.00000000E+00
  0.00000000E+00  0.00000000E+00  0.00000000E+00  0.00000000E+00  0.00000000E+00
  0.00000000E+00  0.00000000E+00  0.00000000E+00  0.00000000E+00  0.00000000E+00
  0.00000000E+00  0.00000000E+00  0.00000000E+00  0.00000000E+00  0.00000000E+00
  0.00000000E+00  0.00000000E+00  0.00000000E+00  0.00000000E+00  0.00000000E+00
  0.00000000E+00  0.00000000E+00  0.00000000E+00  0.00000000E+00  0.00000000E+00
  0.00000000E+00  0.00000000E+00  0.00000000E+00  0.00000000E+00  0.00000000E+00
  0.00000000E+00  0.00000000E+00  0.00000000E+00  0.00000000E+00  0.00000000E+00
  0.00000000E+00  0.00000000E+00  0.00000000E+00  0.00000000E+00
  0.10000000E+01  0.24630167E+01  0.34616830E+01  0.38398572E+01  0.39509867E+01
  0.38214977E+01  0.35401085E+01  0.32123386E+01  0.27880176E+01  0.24074139E+01
  0.19798498E+01  0.16313834E+01  0.12818907E+01  0.10073728E+01  0.76422784E+00
  0.57114675E+00  0.42374084E+00  0.29965290E+00  0.22062471E+00  0.14658187E+00
  0.10879620E+00  0.67325291E-01  0.51184190E-01  0.29222040E-01  0.23108733E-01
  0.12057819E-01  0.10058349E-01  0.47565657E-02  0.42353739E-02  0.18035055E-02
  0.17297203E-02  0.66065596E-03  0.68637953E-03  0.23493723E-03  0.26495529E-03
  0.81431944E-04  0.99541716E-04  0.27563107E-04  0.36360232E-04  0.90653814E-05
  0.12846071E-04  0.28233751E-05  0.43316052E-05  0.79189234E-06  0.00000000E+00
  0.00000000E+00  0.00000000E+00  0.00000000E+00  0.00000000E+00  0.00000000E+00
  0.00000000E+00  0.00000000E+00  0.00000000E+00  0.00000000E+00  0.00000000E+00
  0.00000000E+00  0.00000000E+00  0.00000000E+00  0.00000000E+00  0.00000000E+00
  0.00000000E+00  0.00000000E+00  0.00000000E+00  0.00000000E+00  0.00000000E+00
  0.00000000E+00  0.00000000E+00  0.00000000E+00  0.00000000E+00  0.00000000E+00
  0.00000000E+00  0.00000000E+00  0.00000000E+00  0.00000000E+00  0.00000000E+00
  0.00000000E+00  0.00000000E+00  0.00000000E+00  0.00000000E+00  0.00000000E+00
  0.00000000E+00  0.00000000E+00  0.00000000E+00  0.00000000E+00  0.00000000E+00
  0.00000000E+00  0.00000000E+00  0.00000000E+00  0.00000000E+00  0.00000000E+00
  0.00000000E+00  0.00000000E+00  0.00000000E+00  0.00000000E+00  0.00000000E+00
  0.00000000E+00  0.00000000E+00  0.00000000E+00  0.00000000E+00  0.00000000E+00
  0.00000000E+00  0.00000000E+00  0.00000000E+00  0.00000000E+00  0.00000000E+00
  0.00000000E+00  0.00000000E+00  0.00000000E+00  0.00000000E+00  0.00000000E+00
  0.00000000E+00  0.00000000E+00  0.00000000E+00  0.00000000E+00  0.00000000E+00
  0.00000000E+00  0.00000000E+00  0.00000000E+00  0.00000000E+00  0.00000000E+00
  0.00000000E+00  0.00000000E+00  0.00000000E+00  0.00000000E+00  0.00000000E+00
  0.00000000E+00  0.00000000E+00  0.00000000E+00  0.00000000E+00
  0.10000000E+01  0.24317937E+01  0.34292624E+01  0.37951348E+01  0.39492441E+01
  0.38824415E+01  0.36913457E+01  0.34611589E+01  0.31254439E+01  0.28234754E+01
  0.24381599E+01  0.21227572E+01  0.17596131E+01  0.14739961E+01  0.11808111E+01
  0.94896286E+00  0.74190773E+00  0.56955071E+00  0.43973266E+00  0.32061603E+00
  0.24762994E+00  0.17031246E+00  0.13332783E+00  0.85871604E-01  0.68993506E-01
  0.41324293E-01  0.34456701E-01  0.19081609E-01  0.16661688E-01  0.84972931E-02
  0.78200704E-02  0.36668874E-02  0.35690399E-02  0.15403362E-02  0.15861286E-02
  0.63235647E-03  0.68706987E-03  0.25452305E-03  0.29027874E-03  0.10065192E-03
  0.11964577E-03  0.39132921E-04  0.48102033E-04  0.14940521E-04  0.18839834E-04
  0.55652206E-05  0.71437878E-05  0.19628273E-05  0.25636428E-05  0.61082876E-06
  0.00000000E+00  0.00000000E+00  0.00000000E+00  0.00000000E+00  0.00000000E+00
  0.00000000E+00  0.00000000E+00  0.00000000E+00  0.00000000E+00  0.00000000E+00
  0.00000000E+00  0.00000000E+00  0.00000000E+00  0.00000000E+00  0.00000000E+00
  0.00000000E+00  0.00000000E+00  0.00000000E+00  0.00000000E+00  0.00000000E+00
  0.00000000E+00  0.00000000E+00  0.00000000E+00  0.00000000E+00  0.00000000E+00
  0.00000000E+00  0.00000000E+00  0.00000000E+00  0.00000000E+00  0.00000000E+00
  0.00000000E+00  0.00000000E+00  0.00000000E+00  0.00000000E+00  0.00000000E+00
  0.00000000E+00  0.00000000E+00  0.00000000E+00  0.00000000E+00  0.00000000E+00
  0.00000000E+00  0.00000000E+00  0.00000000E+00  0.00000000E+00  0.00000000E+00
  0.00000000E+00  0.00000000E+00  0.00000000E+00  0.00000000E+00  0.00000000E+00
  0.00000000E+00  0.00000000E+00  0.00000000E+00  0.00000000E+00  0.00000000E+00
  0.00000000E+00  0.00000000E+00  0.00000000E+00  0.00000000E+00  0.00000000E+00
  0.00000000E+00  0.00000000E+00  0.00000000E+00  0.00000000E+00  0.00000000E+00
  0.00000000E+00  0.00000000E+00  0.00000000E+00  0.00000000E+00  0.00000000E+00
  0.00000000E+00  0.00000000E+00  0.00000000E+00  0.00000000E+00  0.00000000E+00
  0.00000000E+00  0.00000000E+00  0.00000000E+00  0.00000000E+00
  0.10000000E+01  0.23964925E+01  0.33856783E+01  0.37242478E+01  0.39089629E+01
  0.38897816E+01  0.37802167E+01  0.36404349E+01  0.34000896E+01  0.31834801E+01
  0.28647970E+01  0.26022012E+01  0.22560017E+01  0.19835617E+01  0.16630996E+01
  0.14118533E+01  0.11533508E+01  0.94213662E+00  0.75711525E+00  0.59246143E+00
  0.47339050E+00  0.35301193E+00  0.28351009E+00  0.20036551E+00  0.16340751E+00
  0.10889099E+00  0.90992908E-01  0.56941291E-01  0.49102598E-01  0.28784160E-01
  0.25739682E-01  0.14127696E-01  0.13131596E-01  0.67596793E-02  0.65296622E-02
  0.31641914E-02  0.31684015E-02  0.14533562E-02  0.15017147E-02  0.65649710E-03
  0.69576865E-03  0.29204213E-03  0.31527404E-03  0.12797954E-03  0.13972944E-03
  0.55188682E-04  0.60536112E-04  0.23359558E-04  0.25605467E-04  0.96745518E-05
  0.10558525E-04  0.39064436E-05  0.42214759E-05  0.14982282E-05  0.15830911E-05
  0.50340336E-06  0.00000000E+00  0.00000000E+00  0.00000000E+00  0.00000000E+00
  0.00000000E+00  0.00000000E+00  0.00000000E+00  0.00000000E+00  0.00000000E+00
  0.00000000E+00  0.00000000E+00  0.00000000E+00  0.00000000E+00  0.00000000E+00
  0.00000000E+00  0.00000000E+00  0.00000000E+00  0.00000000E+00  0.00000000E+00
  0.00000000E+00  0.00000000E+00  0.00000000E+00  0.00000000E+00  0.00000000E+00
  0.00000000E+00  0.00000000E+00  0.00000000E+00  0.00000000E+00  0.00000000E+00
  0.00000000E+00  0.00000000E+00  0.00000000E+00  0.00000000E+00  0.00000000E+00
  0.00000000E+00  0.00000000E+00  0.00000000E+00  0.00000000E+00  0.00000000E+00
  0.00000000E+00  0.00000000E+00  0.00000000E+00  0.00000000E+00  0.00000000E+00
  0.00000000E+00  0.00000000E+00  0.00000000E+00  0.00000000E+00  0.00000000E+00
  0.00000000E+00  0.00000000E+00  0.00000000E+00  0.00000000E+00  0.00000000E+00
  0.00000000E+00  0.00000000E+00  0.00000000E+00  0.00000000E+00  0.00000000E+00
  0.00000000E+00  0.00000000E+00  0.00000000E+00  0.00000000E+00  0.00000000E+00
  0.00000000E+00  0.00000000E+00  0.00000000E+00  0.00000000E+00  0.00000000E+00
  0.00000000E+00  0.00000000E+00  0.00000000E+00  0.00000000E+00
  0.10000000E+01  0.23634559E+01  0.33464667E+01  0.36578139E+01  0.38739113E+01
  0.38987634E+01  0.38677782E+01  0.38124763E+01  0.36684434E+01  0.35346890E+01
  0.32945954E+01  0.30905947E+01  0.27818446E+01  0.25355825E+01  0.22081451E+01
  0.19523233E+01  0.16546015E+01  0.14156643E+01  0.11769810E+01  0.97130288E+00
  0.79931896E+00  0.63374600E+00  0.52092666E+00  0.39517016E+00  0.32722210E+00
  0.23659940E+00  0.19883053E+00  0.13663203E+00  0.11720789E+00  0.76424980E-01
  0.67184437E-01  0.41568436E-01  0.37516598E-01  0.22063789E-01  0.20439754E-01
  0.11464030E-01  0.10878581E-01  0.58461526E-02  0.56622310E-02  0.29321030E-02
  0.28850226E-02  0.14485436E-02  0.14402992E-02  0.70562393E-03  0.70512032E-03
  0.33910600E-03  0.33875685E-03  0.16076547E-03  0.15976724E-03  0.75113668E-04
  0.73939738E-04  0.34494728E-04  0.33511171E-04  0.15490087E-04  0.14813299E-04
  0.67591849E-05  0.63602742E-05  0.28638061E-05  0.26427950E-05  0.11604706E-05
  0.10199331E-05  0.41633238E-06  0.00000000E+00  0.00000000E+00  0.00000000E+00
  0.00000000E+00  0.00000000E+00  0.00000000E+00  0.00000000E+00  0.00000000E+00
  0.00000000E+00  0.00000000E+00  0.00000000E+00  0.00000000E+00  0.00000000E+00
  0.00000000E+00  0.00000000E+00  0.00000000E+00  0.00000000E+00  0.00000000E+00
  0.00000000E+00  0.00000000E+00  0.00000000E+00  0.00000000E+00  0.00000000E+00
  0.00000000E+00  0.00000000E+00  0.00000000E+00  0.00000000E+00  0.00000000E+00
  0.00000000E+00  0.00000000E+00  0.00000000E+00  0.00000000E+00  0.00000000E+00
  0.00000000E+00  0.00000000E+00  0.00000000E+00  0.00000000E+00  0.00000000E+00
  0.00000000E+00  0.00000000E+00  0.00000000E+00  0.00000000E+00  0.00000000E+00
  0.00000000E+00  0.00000000E+00  0.00000000E+00  0.00000000E+00  0.00000000E+00
  0.00000000E+00  0.00000000E+00  0.00000000E+00  0.00000000E+00  0.00000000E+00
  0.00000000E+00  0.00000000E+00  0.00000000E+00  0.00000000E+00  0.00000000E+00
  0.00000000E+00  0.00000000E+00  0.00000000E+00  0.00000000E+00  0.00000000E+00
  0.00000000E+00  0.00000000E+00  0.00000000E+00  0.00000000E+00
  0.10000000E+01  0.23377323E+01  0.33224495E+01  0.36172118E+01  0.38729855E+01
  0.39452868E+01  0.39929565E+01  0.40173036E+01  0.39666355E+01  0.39084570E+01
  0.37500577E+01  0.36017762E+01  0.33421498E+01  0.31263474E+01  0.28080189E+01
  0.25570574E+01  0.22339367E+01  0.19776369E+01  0.16920777E+01  0.14528808E+01
  0.12267582E+01  0.10186554E+01  0.85534611E+00  0.68470537E+00  0.57585859E+00
  0.44312052E+00  0.37559828E+00  0.27722833E+00  0.23797892E+00  0.16830341E+00
  0.14679511E+00  0.99494623E-01  0.88311865E-01  0.57453839E-01  0.51892536E-01
  0.32496753E-01  0.29820732E-01  0.18045175E-01  0.16778208E-01  0.98556498E-02
  0.92519822E-02  0.53018751E-02  0.50051045E-02  0.28122107E-02  0.26588769E-02
  0.14718399E-02  0.13883595E-02  0.76046573E-03  0.71322366E-03  0.38799498E-03
  0.36077911E-03  0.19548798E-03  0.17982025E-03  0.97231792E-04  0.88326905E-04
  0.47681917E-04  0.42707578E-04  0.22972688E-04  0.20240619E-04  0.10785089E-04
  0.93117767E-05  0.48700553E-05  0.41069315E-05  0.21096064E-05  0.17253066E-05
  0.87132311E-06  0.00000000E+00  0.00000000E+00  0.00000000E+00  0.00000000E+00
  0.00000000E+00  0.00000000E+00  0.00000000E+00  0.00000000E+00  0.00000000E+00
  0.00000000E+00  0.00000000E+00  0.00000000E+00  0.00000000E+00  0.00000000E+00
  0.00000000E+00  0.00000000E+00  0.00000000E+00  0.00000000E+00  0.00000000E+00
  0.00000000E+00  0.00000000E+00  0.00000000E+00  0.00000000E+00  0.00000000E+00
  0.00000000E+00  0.00000000E+00  0.00000000E+00  0.00000000E+00  0.00000000E+00
  0.00000000E+00  0.00000000E+00  0.00000000E+00  0.00000000E+00  0.00000000E+00
  0.00000000E+00  0.00000000E+00  0.00000000E+00  0.00000000E+00  0.00000000E+00
  0.00000000E+00  0.00000000E+00  0.00000000E+00  0.00000000E+00  0.00000000E+00
  0.00000000E+00  0.00000000E+00  0.00000000E+00  0.00000000E+00  0.00000000E+00
  0.00000000E+00  0.00000000E+00  0.00000000E+00  0.00000000E+00  0.00000000E+00
  0.00000000E+00  0.00000000E+00  0.00000000E+00  0.00000000E+00  0.00000000E+00
  0.00000000E+00  0.00000000E+00  0.00000000E+00  0.00000000E+00
  0.10000000E+01  0.23221590E+01  0.33184826E+01  0.36122531E+01  0.39176156E+01
  0.40427064E+01  0.41685437E+01  0.42672347E+01  0.43034666E+01  0.43113113E+01
  0.42315822E+01  0.41320283E+01  0.39265930E+01  0.37406770E+01  0.34434108E+01
  0.32029746E+01  0.28684358E+01  0.26038833E+01  0.22822910E+01  0.20187111E+01
  0.17431322E+01  0.14989874E+01  0.12834852E+01  0.10704519E+01  0.91437936E+00
  0.73797532E+00  0.63217956E+00  0.49292184E+00  0.42521029E+00  0.32005638E+00
  0.27880268E+00  0.20263755E+00  0.17850534E+00  0.12544616E+00  0.11175944E+00
  0.76118035E-01  0.68506530E-01  0.45362549E-01  0.41160134E-01  0.26595664E-01
  0.24264393E-01  0.15360338E-01  0.14048985E-01  0.87480666E-02  0.79971190E-02
  0.49168686E-02  0.44798791E-02  0.27289561E-02  0.24721470E-02  0.14963787E-02
  0.13451741E-02  0.81090505E-03  0.72237875E-03  0.43436824E-03  0.38313903E-03
  0.22998693E-03  0.20079937E-03  0.12033519E-03  0.10399958E-03  0.62185245E-04
  0.53206552E-04  0.31701755E-04  0.26834382E-04  0.15887133E-04  0.13262598E-04
  0.77493610E-05  0.63188721E-05  0.35962726E-05  0.28198773E-05  0.15638896E-05
  0.11479625E-05  0.63329878E-06  0.00000000E+00  0.00000000E+00  0.00000000E+00
  0.00000000E+00  0.00000000E+00  0.00000000E+00  0.00000000E+00  0.00000000E+00
  0.00000000E+00  0.00000000E+00  0.00000000E+00  0.00000000E+00  0.00000000E+00
  0.00000000E+00  0.00000000E+00  0.00000000E+00  0.00000000E+00  0.00000000E+00
  0.00000000E+00  0.00000000E+00  0.00000000E+00  0.00000000E+00  0.00000000E+00
  0.00000000E+00  0.00000000E+00  0.00000000E+00  0.00000000E+00  0.00000000E+00
  0.00000000E+00  0.00000000E+00  0.00000000E+00  0.00000000E+00  0.00000000E+00
  0.00000000E+00  0.00000000E+00  0.00000000E+00  0.00000000E+00  0.00000000E+00
  0.00000000E+00  0.00000000E+00  0.00000000E+00  0.00000000E+00  0.00000000E+00
  0.00000000E+00  0.00000000E+00  0.00000000E+00  0.00000000E+00  0.00000000E+00
  0.00000000E+00  0.00000000E+00  0.00000000E+00  0.00000000E+00  0.00000000E+00
  0.00000000E+00  0.00000000E+00  0.00000000E+00  0.00000000E+00
  0.10000000E+01  0.23171367E+01  0.33338550E+01  0.36420412E+01  0.40041401E+01
  0.41854998E+01  0.43861755E+01  0.45524296E+01  0.46662255E+01  0.47299850E+01
  0.47221974E+01  0.46635954E+01  0.45131336E+01  0.43549819E+01  0.40873265E+01
  0.38613036E+01  0.35284655E+01  0.32638049E+01  0.29193534E+01  0.26411766E+01
  0.23256013E+01  0.20543433E+01  0.17905847E+01  0.15414331E+01  0.13367623E+01
  0.11194562E+01  0.97021566E+00  0.78936752E+00  0.68611477E+00  0.54201209E+00
  0.47363198E+00  0.36338211E+00  0.31965241E+00  0.23844956E+00  0.21119768E+00
  0.15347394E+00  0.13676874E+00  0.97066371E-01  0.86903646E-01  0.60416299E-01
  0.54235413E-01  0.37052847E-01  0.33277357E-01  0.22412906E-01  0.20093663E-01
  0.13382295E-01  0.11951971E-01  0.78923576E-02  0.70100324E-02  0.46001665E-02
  0.40581743E-02  0.26512187E-02  0.23210688E-02  0.15114874E-02  0.13127477E-02
  0.85270355E-03  0.73474296E-03  0.47610636E-03  0.40716202E-03  0.26308905E-03
  0.22342300E-03  0.14381373E-03  0.12133068E-03  0.77684387E-04  0.65131062E-04
  0.41408088E-04  0.34490866E-04  0.21734882E-04  0.17955818E-04  0.11195655E-04
  0.91213023E-05  0.55952155E-05  0.44098067E-05  0.26147994E-05  0.19140266E-05
  0.10866553E-05  0.66844006E-06  0.00000000E+00  0.00000000E+00  0.00000000E+00
  0.00000000E+00  0.00000000E+00  0.00000000E+00  0.00000000E+00  0.00000000E+00
  0.00000000E+00  0.00000000E+00  0.00000000E+00  0.00000000E+00  0.00000000E+00
  0.00000000E+00  0.00000000E+00  0.00000000E+00  0.00000000E+00  0.00000000E+00
  0.00000000E+00  0.00000000E+00  0.00000000E+00  0.00000000E+00  0.00000000E+00
  0.00000000E+00  0.00000000E+00  0.00000000E+00  0.00000000E+00  0.00000000E+00
  0.00000000E+00  0.00000000E+00  0.00000000E+00  0.00000000E+00  0.00000000E+00
  0.00000000E+00  0.00000000E+00  0.00000000E+00  0.00000000E+00  0.00000000E+00
  0.00000000E+00  0.00000000E+00  0.00000000E+00  0.00000000E+00  0.00000000E+00
  0.00000000E+00  0.00000000E+00  0.00000000E+00  0.00000000E+00  0.00000000E+00
  0.00000000E+00  0.00000000E+00  0.00000000E+00  0.00000000E+00
  0.10000000E+01  0.23212294E+01  0.33642795E+01  0.36988297E+01  0.41201286E+01
  0.43577710E+01  0.46267703E+01  0.48524636E+01  0.50329300E+01  0.51432445E+01
  0.51991464E+01  0.51749298E+01  0.50779275E+01  0.49458644E+01  0.47137583E+01
  0.45055689E+01  0.41859077E+01  0.39285390E+01  0.35748367E+01  0.32916622E+01
  0.29482774E+01  0.26597871E+01  0.23560220E+01  0.20792386E+01  0.18293415E+01
  0.15770588E+01  0.13833275E+01  0.11637333E+01  0.10207539E+01  0.83757185E+00
  0.73621608E+00  0.58934912E+00  0.51975478E+00  0.40628493E+00  0.35961878E+00
  0.27492676E+00  0.24412974E+00  0.18291094E+00  0.16277179E+00  0.11981024E+00
  0.10669417E+00  0.77352075E-01  0.68820300E-01  0.49269676E-01  0.43723365E-01
  0.30985352E-01  0.27386646E-01  0.19252723E-01  0.16927832E-01  0.11826137E-01
  0.10334966E-01  0.71852089E-02  0.62382014E-02  0.43200741E-02  0.37259264E-02
  0.25715470E-02  0.22038424E-02  0.15160701E-02  0.12918013E-02  0.88555653E-03
  0.75078239E-03  0.51260601E-03  0.43274385E-03  0.29403873E-03  0.24736293E-03
  0.16709626E-03  0.14013093E-03  0.93967969E-04  0.78531297E-04  0.52179228E-04
  0.43401678E-04  0.28501001E-04  0.23530874E-04  0.15232900E-04  0.12423673E-04
  0.79143244E-05  0.63102929E-05  0.39348921E-05  0.29603576E-05  0.17510035E-05
  0.11158611E-05  0.57973785E-06  0.00000000E+00  0.00000000E+00  0.00000000E+00
  0.00000000E+00  0.00000000E+00  0.00000000E+00  0.00000000E+00  0.00000000E+00
  0.00000000E+00  0.00000000E+00  0.00000000E+00  0.00000000E+00  0.00000000E+00
  0.00000000E+00  0.00000000E+00  0.00000000E+00  0.00000000E+00  0.00000000E+00
  0.00000000E+00  0.00000000E+00  0.00000000E+00  0.00000000E+00  0.00000000E+00
  0.00000000E+00  0.00000000E+00  0.00000000E+00  0.00000000E+00  0.00000000E+00
  0.00000000E+00  0.00000000E+00  0.00000000E+00  0.00000000E+00  0.00000000E+00
  0.00000000E+00  0.00000000E+00  0.00000000E+00  0.00000000E+00  0.00000000E+00
  0.00000000E+00  0.00000000E+00  0.00000000E+00  0.00000000E+00  0.00000000E+00
  0.00000000E+00  0.00000000E+00  0.00000000E+00  0.00000000E+00
  0.10000000E+01  0.23321285E+01  0.34042668E+01  0.37725682E+01  0.42510608E+01
  0.45417727E+01  0.48704116E+01  0.51469451E+01  0.53831505E+01  0.55322569E+01
  0.56437385E+01  0.56493557E+01  0.56034136E+01  0.54969429E+01  0.53043684E+01
  0.51174346E+01  0.48203101E+01  0.45768476E+01  0.42263889E+01  0.39469423E+01
  0.35885523E+01  0.32924072E+01  0.29592259E+01  0.26639583E+01  0.23756602E+01
  0.20959969E+01  0.18604511E+01  0.16073790E+01  0.14237486E+01  0.12041078E+01
  0.10663004E+01  0.88292079E+00  0.78257258E+00  0.63489534E+00  0.56347005E+00
  0.44847253E+00  0.39844840E+00  0.31164444E+00  0.27698110E+00  0.21331209E+00
  0.18945561E+00  0.14396634E+00  0.12762499E+00  0.95891602E-01  0.84746465E-01
  0.63081633E-01  0.55520093E-01  0.41012331E-01  0.35917491E-01  0.26367674E-01
  0.22965208E-01  0.16772951E-01  0.14524905E-01  0.10561933E-01  0.90947318E-02
  0.65868657E-02  0.56419001E-02  0.40700624E-02  0.34698180E-02  0.24927919E-02
  0.21167887E-02  0.15138414E-02  0.12814226E-02  0.91175182E-03  0.76997933E-03
  0.54472313E-03  0.45926690E-03  0.32281574E-03  0.27184324E-03  0.18972030E-03
  0.15958770E-03  0.11048525E-03  0.92774961E-04  0.63634511E-04  0.53246330E-04
  0.36101995E-04  0.29984853E-04  0.20016706E-04  0.16386815E-04  0.10703382E-04
  0.85327196E-05  0.54114591E-05  0.41057262E-05  0.24829494E-05  0.16473072E-05
  0.84855478E-06  0.00000000E+00  0.00000000E+00  0.00000000E+00  0.00000000E+00
  0.00000000E+00  0.00000000E+00  0.00000000E+00  0.00000000E+00  0.00000000E+00
  0.00000000E+00  0.00000000E+00  0.00000000E+00  0.00000000E+00  0.00000000E+00
  0.00000000E+00  0.00000000E+00  0.00000000E+00  0.00000000E+00  0.00000000E+00
  0.00000000E+00  0.00000000E+00  0.00000000E+00  0.00000000E+00  0.00000000E+00
  0.00000000E+00  0.00000000E+00  0.00000000E+00  0.00000000E+00  0.00000000E+00
  0.00000000E+00  0.00000000E+00  0.00000000E+00  0.00000000E+00  0.00000000E+00
  0.00000000E+00  0.00000000E+00  0.00000000E+00  0.00000000E+00  0.00000000E+00
  0.00000000E+00  0.00000000E+00  0.00000000E+00  0.00000000E+00
  0.10000000E+01  0.24028658E+01  0.35790955E+01  0.40902388E+01  0.47357097E+01
  0.51820824E+01  0.56629501E+01  0.60746871E+01  0.64541936E+01  0.67172877E+01
  0.69953168E+01  0.71076635E+01  0.72435833E+01  0.72500188E+01  0.72301123E+01
  0.71575046E+01  0.70018552E+01  0.68595645E+01  0.66041189E+01  0.63989717E+01
  0.60805412E+01  0.58235716E+01  0.54743166E+01  0.51801310E+01  0.48263264E+01
  0.45107362E+01  0.41723310E+01  0.38505825E+01  0.35410476E+01  0.32266904E+01
  0.29534863E+01  0.26575912E+01  0.24232612E+01  0.21539380E+01  0.19574975E+01
  0.17197563E+01  0.15580549E+01  0.13540023E+01  0.12228427E+01  0.10521410E+01
  0.94706200E+00  0.80755087E+00  0.72428853E+00  0.61264504E+00  0.54735520E+00
  0.45968683E+00  0.40902063E+00  0.34133080E+00  0.30243226E+00  0.25094348E+00
  0.22141127E+00  0.18275730E+00  0.16059425E+00  0.13190771E+00  0.11547186E+00
  0.94395771E-01  0.82352397E-01  0.67003957E-01  0.58283733E-01  0.47194257E-01
  0.40952993E-01  0.32997536E-01  0.28579147E-01  0.22909999E-01  0.19815029E-01
  0.15800857E-01  0.13653581E-01  0.10828671E-01  0.93517654E-02  0.73762963E-02
  0.63684139E-02  0.49953975E-02  0.43121832E-02  0.33638833E-02  0.29034589E-02
  0.22526577E-02  0.19438216E-02  0.15000940E-02  0.12937034E-02  0.99315494E-03
  0.85560658E-03  0.65341868E-03  0.56196157E-03  0.42688303E-03  0.36616716E-03
  0.27655527E-03  0.23630943E-03  0.17728238E-03  0.15064601E-03  0.11204361E-03
  0.94440398E-04  0.69374442E-04  0.57768213E-04  0.41610761E-04  0.33996784E-04
  0.23667737E-04  0.18737922E-04  0.12209613E-04  0.91116249E-05  0.50440011E-05
  0.32110293E-05  0.69812805E-06  0.00000000E+00  0.00000000E+00  0.00000000E+00
  0.00000000E+00  0.00000000E+00  0.00000000E+00  0.00000000E+00  0.00000000E+00
  0.00000000E+00  0.00000000E+00  0.00000000E+00  0.00000000E+00  0.00000000E+00
  0.00000000E+00  0.00000000E+00  0.00000000E+00  0.00000000E+00  0.00000000E+00
  0.00000000E+00  0.00000000E+00  0.00000000E+00  0.00000000E+00  0.00000000E+00
  0.00000000E+00  0.00000000E+00  0.00000000E+00  0.00000000E+00
  0.10000000E+01  0.24694795E+01  0.37087253E+01  0.43235692E+01  0.50460108E+01
  0.55797056E+01  0.61330697E+01  0.66306059E+01  0.70992862E+01  0.74613678E+01
  0.78655200E+01  0.80900520E+01  0.83792887E+01  0.85124178E+01  0.86535413E+01
  0.87142369E+01  0.87144606E+01  0.86998990E+01  0.85858676E+01  0.84927934E+01
  0.82915039E+01  0.81254408E+01  0.78596623E+01  0.76324407E+01  0.73224655E+01
  0.70480405E+01  0.67127711E+01  0.64051070E+01  0.60614480E+01  0.57339292E+01
  0.53957809E+01  0.50609386E+01  0.47386940E+01  0.44077985E+01  0.41084405E+01
  0.37910300E+01  0.35186239E+01  0.32221306E+01  0.29784799E+01  0.27080550E+01
  0.24933393E+01  0.22519193E+01  0.20652129E+01  0.18537879E+01  0.16934441E+01
  0.15114438E+01  0.13753716E+01  0.12210859E+01  0.11069491E+01  0.97792887E+00
  0.88328892E+00  0.77669259E+00  0.69911016E+00  0.61197904E+00  0.54909415E+00
  0.47855031E+00  0.42813856E+00  0.37151140E+00  0.33152993E+00  0.28642862E+00
  0.25504283E+00  0.21938040E+00  0.19497784E+00  0.16697262E+00  0.14817218E+00
  0.12632579E+00  0.11196091E+00  0.95028534E-01  0.84135004E-01  0.71096486E-01
  0.62891474E-01  0.52914759E-01  0.46771486E-01  0.39186100E-01  0.34610888E-01
  0.28880103E-01  0.25488127E-01  0.21185804E-01  0.18680906E-01  0.15471042E-01
  0.13627469E-01  0.11247385E-01  0.98947902E-02  0.81405372E-02  0.71509189E-02
  0.58653879E-02  0.51433839E-02  0.42065272E-02  0.36813249E-02  0.30021486E-02
  0.26212801E-02  0.21313408E-02  0.18560855E-02  0.15043073E-02  0.13061280E-02
  0.10546623E-02  0.91258824E-03  0.73359439E-03  0.63227280E-03  0.50538937E-03
  0.43358511E-03  0.34399750E-03  0.29352788E-03  0.23051981E-03  0.19543557E-03
  0.15126846E-03  0.12726827E-03  0.96386066E-04  0.80376897E-04  0.58799738E-04
  0.48571058E-04  0.33461180E-04  0.27450191E-04  0.16796668E-04  0.13913975E-04
  0.62938150E-05  0.57759501E-05  0.16100276E-06  0.00000000E+00  0.00000000E+00
  0.00000000E+00  0.00000000E+00  0.00000000E+00  0.00000000E+00  0.00000000E+00
  0.00000000E+00  0.00000000E+00  0.00000000E+00  0.00000000E+00
  0.10000000E+01  0.25184141E+01  0.37947486E+01  0.44804373E+01  0.52411938E+01
  0.58380183E+01  0.64430758E+01  0.70172713E+01  0.75636442E+01  0.80219784E+01
  0.85325213E+01  0.88651737E+01  0.92796226E+01  0.95314000E+01  0.98043457E+01
  0.99889759E+01  0.10124175E+02  0.10230587E+02  0.10252484E+02  0.10271224E+02
  0.10200811E+02  0.10135250E+02  0.99862292E+01  0.98475201E+01  0.96318901E+01
  0.94324809E+01  0.91638828E+01  0.89151230E+01  0.86084195E+01  0.83209367E+01
  0.79904908E+01  0.76748681E+01  0.73332980E+01  0.70001342E+01  0.66578463E+01
  0.63173470E+01  0.59825591E+01  0.56440093E+01  0.53229861E+01  0.49943096E+01
  0.46916499E+01  0.43791531E+01  0.40980500E+01  0.38063569E+01  0.35488157E+01
  0.32809498E+01  0.30479796E+01  0.28055384E+01  0.25973242E+01  0.23807100E+01
  0.21967667E+01  0.20054418E+01  0.18447482E+01  0.16774902E+01  0.15386177E+01
  0.13937490E+01  0.12749747E+01  0.11505517E+01  0.10499717E+01  0.94393884E+00
  0.85956347E+00  0.76985830E+00  0.69969527E+00  0.62433018E+00  0.56646664E+00
  0.50357314E+00  0.45621138E+00  0.40406680E+00  0.36556652E+00  0.32261374E+00
  0.29151202E+00  0.25635337E+00  0.23136831E+00  0.20276948E+00  0.18279926E+00
  0.15967966E+00  0.14378887E+00  0.12521228E+00  0.11261828E+00  0.97780407E-01
  0.87835363E-01  0.76052385E-01  0.68226107E-01  0.58921284E-01  0.52782086E-01
  0.45473381E-01  0.40673028E-01  0.34961241E-01  0.31220029E-01  0.26777552E-01
  0.23871439E-01  0.20431635E-01  0.18181991E-01  0.15529694E-01  0.13794397E-01
  0.11757283E-01  0.10423628E-01  0.88647912E-02  0.78438145E-02  0.66551659E-02
  0.58766813E-02  0.49733583E-02  0.43822958E-02  0.36981161E-02  0.32513592E-02
  0.27348408E-02  0.23988479E-02  0.20102153E-02  0.17590096E-02  0.14676065E-02
  0.12811261E-02  0.10633898E-02  0.92619689E-03  0.76409808E-03  0.66441179E-03
  0.54419247E-03  0.47301696E-03  0.38417405E-03  0.33467959E-03  0.26923938E-03
  0.23626096E-03  0.18815513E-03  0.16779213E-03  0.13241893E-03  0.12173370E-03
  0.95602311E-04  0.92392466E-04  0.72861425E-04  0.75485048E-04
  0.10000000E+01  0.25537258E+01  0.38560821E+01  0.45957370E+01  0.53850724E+01
  0.60378365E+01  0.66911388E+01  0.73371429E+01  0.79539109E+01  0.84985483E+01
  0.90973578E+01  0.95237948E+01  0.10038326E+02  0.10391851E+02  0.10770190E+02
  0.11062242E+02  0.11309489E+02  0.11522750E+02  0.11664353E+02  0.11785131E+02
  0.11838320E+02  0.11869659E+02  0.11840495E+02  0.11794307E+02  0.11687479E+02
  0.11575282E+02  0.11399503E+02  0.11229879E+02  0.10997209E+02  0.10777462E+02
  0.10500689E+02  0.10238600E+02  0.99295609E+01  0.96338231E+01  0.93029419E+01
  0.89827323E+01  0.86391065E+01  0.83034659E+01  0.79550273E+01  0.76123677E+01
  0.72659712E+01  0.69237654E+01  0.65852194E+01  0.62498355E+01  0.59239194E+01
  0.56005529E+01  0.52910528E+01  0.49837235E+01  0.46934914E+01  0.44050983E+01
  0.41361243E+01  0.38685491E+01  0.36220334E+01  0.33762819E+01  0.31527209E+01
  0.29290775E+01  0.27283487E+01  0.25265263E+01  0.23479923E+01  0.21672757E+01
  0.20098844E+01  0.18492435E+01  0.17116308E+01  0.15698271E+01  0.14504354E+01
  0.13260959E+01  0.12232431E+01  0.11149216E+01  0.10268893E+01  0.93312371E+00
  0.85822194E+00  0.77755737E+00  0.71416884E+00  0.64519670E+00  0.59181455E+00
  0.53319077E+00  0.48843464E+00  0.43889638E+00  0.40152512E+00  0.35990037E+00
  0.32881271E+00  0.29402871E+00  0.26826108E+00  0.23934615E+00  0.21806091E+00
  0.19414491E+00  0.17662173E+00  0.15693403E+00  0.14255700E+00  0.12642246E+00
  0.11466676E+00  0.10149950E+00  0.91920345E-01  0.81216858E-01  0.73438381E-01
  0.64769646E-01  0.58475404E-01  0.51479125E-01  0.46404258E-01  0.40776586E-01
  0.36699482E-01  0.32187123E-01  0.28923467E-01  0.25316821E-01  0.22713641E-01
  0.19839729E-01  0.17770984E-01  0.15488104E-01  0.13850427E-01  0.12042802E-01
  0.10751627E-01  0.93249469E-02  0.83113412E-02  0.71891670E-02  0.63974350E-02
  0.55180162E-02  0.49031365E-02  0.42165918E-02  0.37424020E-02  0.32087386E-02
  0.28463263E-02  0.24334522E-02  0.21597683E-02  0.18420780E-02  0.16388019E-02
  0.13958811E-02  0.12484836E-02  0.10640830E-02  0.96103682E-03
  0.10000000E+01  0.25804752E+01  0.39042878E+01  0.46893338E+01  0.55062510E+01
  0.62104069E+01  0.69099473E+01  0.76204092E+01  0.82990206E+01  0.89175186E+01
  0.95891439E+01  0.10094781E+02  0.10690716E+02  0.11130549E+02  0.11595315E+02
  0.11980038E+02  0.12321421E+02  0.12628280E+02  0.12873724E+02  0.13085852E+02
  0.13249916E+02  0.13371002E+02  0.13453438E+02  0.13496974E+02  0.13496761E+02
  0.13473664E+02  0.13396151E+02  0.13312293E+02  0.13167664E+02  0.13027141E+02
  0.12826526E+02  0.12634539E+02  0.12387970E+02  0.12151410E+02  0.11867718E+02
  0.11594449E+02  0.11281762E+02  0.10979818E+02  0.10645858E+02  0.10322976E+02
  0.99750571E+01  0.96384707E+01  0.92833679E+01  0.89397065E+01  0.85835298E+01
  0.82387351E+01  0.78868604E+01  0.75461079E+01  0.72031542E+01  0.68708029E+01
  0.65406335E+01  0.62202190E+01  0.59059451E+01  0.56002186E+01  0.53042185E+01
  0.50152148E+01  0.47391594E+01  0.44682770E+01  0.42131822E+01  0.39612760E+01
  0.37275625E+01  0.34950201E+01  0.32825896E+01  0.30694167E+01  0.28777581E+01
  0.26836420E+01  0.25118955E+01  0.23362654E+01  0.21833208E+01  0.20254108E+01
  0.18899893E+01  0.17488689E+01  0.16295900E+01  0.15042182E+01  0.13996643E+01
  0.12889226E+01  0.11976814E+01  0.11004080E+01  0.10211115E+01  0.93612842E+00
  0.86747747E+00  0.79361792E+00  0.73440224E+00  0.67052946E+00  0.61963185E+00
  0.56465700E+00  0.52106044E+00  0.47395603E+00  0.43674201E+00  0.39655241E+00
  0.36489517E+00  0.33074199E+00  0.30390412E+00  0.27498969E+00  0.25231525E+00
  0.22792261E+00  0.20883072E+00  0.18832219E+00  0.17230231E+00  0.15511516E+00
  0.14171864E+00  0.12735977E+00  0.11619494E+00  0.10423586E+00  0.94961568E-01
  0.85030989E-01  0.77352550E-01  0.69131361E-01  0.62795582E-01  0.56010261E-01
  0.50800033E-01  0.45216974E-01  0.40946794E-01  0.36367567E-01  0.32880518E-01
  0.29137177E-01  0.26300525E-01  0.23250982E-01  0.20953252E-01  0.18478396E-01
  0.16626471E-01  0.14626471E-01  0.13142940E-01  0.11534705E-01  0.10355421E-01
  0.90698205E-02  0.81416931E-02  0.71212466E-02  0.64001346E-02
  0.10000000E+01  0.26020397E+01  0.39449935E+01  0.47704162E+01  0.56151054E+01
  0.63659928E+01  0.71088638E+01  0.78758211E+01  0.86082771E+01  0.92898558E+01
  0.10022623E+02  0.10596081E+02  0.11260276E+02  0.11774450E+02  0.12312349E+02
  0.12777827E+02  0.13199772E+02  0.13588979E+02  0.13924605E+02  0.14218303E+02
  0.14480082E+02  0.14683137E+02  0.14865648E+02  0.14993498E+02  0.15091443E+02
  0.15154477E+02  0.15171369E+02  0.15172815E+02  0.15118073E+02  0.15059146E+02
  0.14942661E+02  0.14826570E+02  0.14656380E+02  0.14488772E+02  0.14271578E+02
  0.14059272E+02  0.13801535E+02  0.13551443E+02  0.13259869E+02  0.12978609E+02
  0.12660044E+02  0.12353945E+02  0.12015092E+02  0.11690240E+02  0.11337435E+02
  0.10999628E+02  0.10638746E+02  0.10293384E+02  0.99297968E+01  0.95817791E+01
  0.92203278E+01  0.88739889E+01  0.85189484E+01  0.81780365E+01  0.78330853E+01
  0.75007749E+01  0.71689684E+01  0.68478865E+01  0.65316570E+01  0.62239267E+01
  0.59250962E+01  0.56323699E+01  0.53521842E+01  0.50756932E+01  0.48148923E+01
  0.45554822E+01  0.43143372E+01  0.40725080E+01  0.38509004E+01  0.36268544E+01
  0.34243475E+01  0.32180084E+01  0.30339135E+01  0.28449751E+01  0.26784204E+01
  0.25063778E+01  0.23563598E+01  0.22005448E+01  0.20659815E+01  0.19255935E+01
  0.18053630E+01  0.16795044E+01  0.15724819E+01  0.14601852E+01  0.13652608E+01
  0.12655185E+01  0.11816196E+01  0.10934083E+01  0.10195116E+01  0.94181575E+00
  0.87695190E+00  0.80878054E+00  0.75203936E+00  0.69244243E+00  0.64297417E+00
  0.59105315E+00  0.54806920E+00  0.50298526E+00  0.46576143E+00  0.42673889E+00
  0.39461013E+00  0.36093809E+00  0.33329809E+00  0.30433187E+00  0.28062903E+00
  0.25578558E+00  0.23552346E+00  0.21427993E+00  0.19701453E+00  0.17890360E+00
  0.16423819E+00  0.14884422E+00  0.13642549E+00  0.12338091E+00  0.11289804E+00
  0.10187908E+00  0.93059089E-01  0.83781000E-01  0.76386146E-01  0.68601535E-01
  0.62426301E-01  0.55920755E-01  0.50788971E-01  0.45378290E-01  0.41139433E-01
  0.36665180E-01  0.33190491E-01  0.29515997E-01  0.26693761E-01
  0.10000000E+01  0.26202917E+01  0.39807601E+01  0.48429975E+01  0.57150575E+01
  0.65081100E+01  0.72909981E+01  0.81073742E+01  0.88871022E+01  0.96233798E+01
  0.10408653E+02  0.11041407E+02  0.11764227E+02  0.12343451E+02  0.12944595E+02
  0.13481045E+02  0.13972879E+02  0.14434866E+02  0.14849151E+02  0.15215739E+02
  0.15563184E+02  0.15840685E+02  0.16111641E+02  0.16317469E+02  0.16503491E+02
  0.16647442E+02  0.16751370E+02  0.16834096E+02  0.16865420E+02  0.16885662E+02
  0.16853412E+02  0.16813035E+02  0.16723309E+02  0.16627335E+02  0.16484659E+02
  0.16339224E+02  0.16148337E+02  0.15959308E+02  0.15725774E+02  0.15498535E+02
  0.15228448E+02  0.14968201E+02  0.14667710E+02  0.14379690E+02  0.14054732E+02
  0.13744192E+02  0.13400429E+02  0.13072495E+02  0.12715309E+02  0.12374838E+02
  0.12009316E+02  0.11660814E+02  0.11291695E+02  0.10939274E+02  0.10570890E+02
  0.10218262E+02  0.98544751E+01  0.95049501E+01  0.91491214E+01  0.88056192E+01
  0.84605851E+01  0.81256366E+01  0.77937103E+01  0.74694745E+01  0.71524794E+01
  0.68407530E+01  0.65400300E+01  0.62422641E+01  0.59587209E+01  0.56760469E+01
  0.54102065E+01  0.51434391E+01  0.48954891E+01  0.46451591E+01  0.44150088E+01
  0.41813829E+01  0.39687086E+01  0.37518146E+01  0.35561129E+01  0.33557633E+01
  0.31763919E+01  0.29922154E+01  0.28284356E+01  0.26599039E+01  0.25109037E+01
  0.23573633E+01  0.22222886E+01  0.20829878E+01  0.19609641E+01  0.18350814E+01
  0.17252267E+01  0.16118945E+01  0.15133320E+01  0.14116624E+01  0.13235278E+01
  0.12326323E+01  0.11540822E+01  0.10730867E+01  0.10033123E+01  0.93136733E+00
  0.86959246E+00  0.80588397E+00  0.75136973E+00  0.69512918E+00  0.64717329E+00
  0.59767647E+00  0.55562181E+00  0.51219143E+00  0.47542834E+00  0.43743414E+00
  0.40539594E+00  0.37225632E+00  0.34441756E+00  0.31559877E+00  0.29148042E+00
  0.26649481E+00  0.24566257E+00  0.22406652E+00  0.20613076E+00  0.18752800E+00
  0.17214301E+00  0.15618205E+00  0.14304584E+00  0.12941849E+00  0.11826803E+00
  0.10670274E+00  0.97307377E-01  0.87562385E-01  0.79713140E-01
  0.10000000E+01  0.26361745E+01  0.40127175E+01  0.49087507E+01  0.58070949E+01
  0.66381025E+01  0.74576869E+01  0.83175392E+01  0.91392009E+01  0.99235719E+01
  0.10754648E+02  0.11439936E+02  0.12213776E+02  0.12850423E+02  0.13506884E+02
  0.14105930E+02  0.14658861E+02  0.15185279E+02  0.15668389E+02  0.16100070E+02
  0.16522495E+02  0.16867303E+02  0.17215943E+02  0.17493084E+02  0.17757201E+02
  0.17975778E+02  0.18158339E+02  0.18316529E+02  0.18427607E+02  0.18522108E+02
  0.18570100E+02  0.18602024E+02  0.18591189E+02  0.18565445E+02  0.18498288E+02
  0.18420613E+02  0.18300381E+02  0.18175687E+02  0.18007000E+02  0.17839447E+02
  0.17627689E+02  0.17421351E+02  0.17171981E+02  0.16931225E+02  0.16649495E+02
  0.16378943E+02  0.16069927E+02  0.15774240E+02  0.15442911E+02  0.15126615E+02
  0.14777849E+02  0.14445247E+02  0.14083770E+02  0.13738916E+02  0.13369214E+02
  0.13015916E+02  0.12642163E+02  0.12283973E+02  0.11909976E+02  0.11550185E+02
  0.11179353E+02  0.10820971E+02  0.10456294E+02  0.10102049E+02  0.97461077E+01
  0.93984339E+01  0.90533815E+01  0.87144189E+01  0.83820063E+01  0.80536081E+01
  0.77352065E+01  0.74189278E+01  0.71155564E+01  0.68126715E+01  0.65250353E+01
  0.62365443E+01  0.59650659E+01  0.56917055E+01  0.54365702E+01  0.51788240E+01
  0.49400151E+01  0.46981349E+01  0.44754723E+01  0.42494994E+01  0.40426584E+01
  0.38324525E+01  0.36409963E+01  0.34462555E+01  0.32696630E+01  0.30899490E+01
  0.29276317E+01  0.27623939E+01  0.26137096E+01  0.24623181E+01  0.23265792E+01
  0.21883488E+01  0.20648366E+01  0.19390416E+01  0.18270306E+01  0.17129173E+01
  0.16116752E+01  0.15084816E+01  0.14172735E+01  0.13242496E+01  0.12423398E+01
  0.11587457E+01  0.10854168E+01  0.10105256E+01  0.94508707E+00  0.87819183E+00
  0.81997369E+00  0.76039763E+00  0.70875034E+00  0.65584872E+00  0.61015896E+00
  0.56332076E+00  0.52301729E+00  0.48166962E+00  0.44622749E+00  0.40984852E+00
  0.37879411E+00  0.34691619E+00  0.31983410E+00  0.29204485E+00  0.26857143E+00
  0.24450264E+00  0.22431390E+00  0.20362809E+00  0.18641512E+00
  0.10000000E+01  0.26501412E+01  0.40413530E+01  0.49683063E+01  0.58913525E+01
  0.67564516E+01  0.76094808E+01  0.85077299E+01  0.93667655E+01  0.10193682E+02
  0.11064980E+02  0.11796990E+02  0.12615419E+02  0.13302839E+02  0.14007842E+02
  0.14662030E+02  0.15268491E+02  0.15851825E+02  0.16395159E+02  0.16884756E+02
  0.17372661E+02  0.17777926E+02  0.18194482E+02  0.18536136E+02  0.18868961E+02
  0.19155319E+02  0.19408001E+02  0.19634927E+02  0.19818393E+02  0.19980957E+02
  0.20103074E+02  0.20202119E+02  0.20265413E+02  0.20306102E+02  0.20311285E+02
  0.20299121E+02  0.20248275E+02  0.20187270E+02  0.20084360E+02  0.19977507E+02
  0.19827376E+02  0.19677727E+02  0.19485161E+02  0.19296339E+02  0.19065816E+02
  0.18841891E+02  0.18577755E+02  0.18322910E+02  0.18029547E+02  0.17747867E+02
  0.17429727E+02  0.17125130E+02  0.16786660E+02  0.16462905E+02  0.16108440E+02
  0.15769160E+02  0.15402839E+02  0.15051532E+02  0.14677245E+02  0.14317269E+02
  0.13938628E+02  0.13573161E+02  0.13193477E+02  0.12825509E+02  0.12447786E+02
  0.12080094E+02  0.11706998E+02  0.11342135E+02  0.10976002E+02  0.10616293E+02
  0.10259127E+02  0.99066482E+01  0.95601331E+01  0.92167183E+01  0.88822314E+01
  0.85494696E+01  0.82281011E+01  0.79073319E+01  0.75999196E+01  0.72922287E+01
  0.69993859E+01  0.67056154E+01  0.64277588E+01  0.61485232E+01  0.58858817E+01
  0.56215921E+01  0.53742344E+01  0.51251066E+01  0.48929740E+01  0.46590418E+01
  0.44419666E+01  0.42231038E+01  0.40208167E+01  0.38167761E+01  0.36289091E+01
  0.34393477E+01  0.32654521E+01  0.30899365E+01  0.29295192E+01  0.27675329E+01
  0.26200544E+01  0.24710287E+01  0.23358987E+01  0.21992431E+01  0.20758216E+01
  0.19509146E+01  0.18385440E+01  0.17247282E+01  0.16227482E+01  0.15193454E+01
  0.14270792E+01  0.13334134E+01  0.12501659E+01  0.11655650E+01  0.10906546E+01
  0.10144547E+01  0.94723211E+00  0.87879349E+00  0.81865142E+00  0.75738609E+00
  0.70377403E+00  0.64915982E+00  0.60160389E+00  0.55318850E+00  0.51128119E+00
  0.46866212E+00  0.43203909E+00  0.39483637E+00  0.36312406E+00
   105
  0.10000000E+01  0.10581957E+01  0.80180721E+00  0.27201126E+00  0.63390607E-01
  0.10852386E-01  0.15017493E-02  0.17679194E-03  0.18339755E-04  0.17128313E-05
  0.14588618E-06  0.11400122E-07  0.81743015E-09  0.53578833E-10  0.20896511E-11
 -0.16649702E-12 -0.12965667E-11 -0.43231491E-12 -0.15921176E-11 -0.57563992E-12
 -0.18700252E-11 -0.66013285E-12 -0.20109261E-11 -0.65802649E-12 -0.20664461E-11
 -0.64458246E-12 -0.21775714E-11 -0.70166401E-12 -0.24111793E-11 -0.82277748E-12
 -0.26894661E-11 -0.93034243E-12 -0.28768734E-11  0.00000000E+00  0.00000000E+00
  0.00000000E+00  0.00000000E+00  0.00000000E+00  0.00000000E+00  0.00000000E+00
  0.00000000E+00  0.00000000E+00  0.00000000E+00  0.00000000E+00  0.00000000E+00
  0.00000000E+00  0.00000000E+00  0.00000000E+00  0.00000000E+00  0.00000000E+00
  0.00000000E+00  0.00000000E+00  0.00000000E+00  0.00000000E+00  0.00000000E+00
  0.00000000E+00  0.00000000E+00  0.00000000E+00  0.00000000E+00  0.00000000E+00
  0.00000000E+00  0.00000000E+00  0.00000000E+00  0.00000000E+00  0.00000000E+00
  0.00000000E+00  0.00000000E+00  0.00000000E+00  0.00000000E+00  0.00000000E+00
  0.00000000E+00  0.00000000E+00  0.00000000E+00  0.00000000E+00  0.00000000E+00
  0.00000000E+00  0.00000000E+00  0.00000000E+00  0.00000000E+00  0.00000000E+00
  0.00000000E+00  0.00000000E+00  0.00000000E+00  0.00000000E+00  0.00000000E+00
  0.00000000E+00  0.00000000E+00  0.00000000E+00  0.00000000E+00  0.00000000E+00
  0.00000000E+00  0.00000000E+00  0.00000000E+00  0.00000000E+00  0.00000000E+00
  0.00000000E+00  0.00000000E+00  0.00000000E+00  0.00000000E+00  0.00000000E+00
  0.00000000E+00  0.00000000E+00  0.00000000E+00  0.00000000E+00  0.00000000E+00
  0.00000000E+00
  0.10000000E+01  0.17437684E+01  0.14561163E+01  0.77117633E+00  0.32166747E+00
  0.10448123E+00  0.29058055E-01  0.69333880E-02  0.14876605E-02  0.28855584E-03
  0.51786144E-04  0.86043906E-05  0.13308153E-05  0.19078886E-06  0.25238338E-07
  0.30679609E-08  0.33999786E-09  0.33969094E-10  0.81144566E-12 -0.93740439E-12
 -0.28299805E-11 -0.13885051E-11 -0.30864523E-11 -0.14149191E-11 -0.32104893E-11
 -0.14172056E-11 -0.33981674E-11 -0.15359773E-11 -0.37350103E-11 -0.17638447E-11
 -0.41268046E-11 -0.19701451E-11 -0.44129552E-11  0.00000000E+00  0.00000000E+00
  0.00000000E+00  0.00000000E+00  0.00000000E+00  0.00000000E+00  0.00000000E+00
  0.00000000E+00  0.00000000E+00  0.00000000E+00  0.00000000E+00  0.00000000E+00
  0.00000000E+00  0.00000000E+00  0.00000000E+00  0.00000000E+00  0.00000000E+00
  0.00000000E+00  0.00000000E+00  0.00000000E+00  0.00000000E+00  0.00000000E+00
  0.00000000E+00  0.00000000E+00  0.00000000E+00  0.00000000E+00  0.00000000E+00
  0.00000000E+00  0.00000000E+00  0.00000000E+00  0.00000000E+00  0.00000000E+00
  0.00000000E+00  0.00000000E+00  0.00000000E+00  0.00000000E+00  0.00000000E+00
  0.00000000E+00  0.00000000E+00  0.00000000E+00  0.00000000E+00  0.00000000E+00
  0.00000000E+00  0.00000000E+00  0.00000000E+00  0.00000000E+00  0.00000000E+00
  0.00000000E+00  0.00000000E+00  0.00000000E+00  0.00000000E+00  0.00000000E+00
  0.00000000E+00  0.00000000E+00  0.00000000E+00  0.00000000E+00  0.00000000E+00
  0.00000000E+00  0.00000000E+00  0.00000000E+00  0.00000000E+00  0.00000000E+00
  0.00000000E+00  0.00000000E+00  0.00000000E+00  0.00000000E+00  0.00000000E+00
  0.00000000E+00  0.00000000E+00  0.00000000E+00  0.00000000E+00  0.00000000E+00
  0.00000000E+00
  0.10000000E+01  0.21105494E+01  0.21224022E+01  0.14960282E+01  0.86048030E+00
  0.40867096E+00  0.17149972E+00  0.62896160E-01  0.21218496E-01  0.64867027E-02
  0.18701222E-02  0.50039117E-03  0.12808931E-03  0.30805064E-04  0.70859412E-05
  0.15204811E-05  0.30526576E-06  0.56436699E-07  0.95524638E-08  0.14766042E-08
  0.20463568E-09  0.25197990E-10 -0.15689994E-11 -0.15932761E-11 -0.50160996E-11
 -0.19670443E-11 -0.53733252E-11 -0.21251569E-11 -0.58567065E-11 -0.24123721E-11
 -0.64136333E-11 -0.26964136E-11 -0.68941888E-11  0.00000000E+00  0.00000000E+00
  0.00000000E+00  0.00000000E+00  0.00000000E+00  0.00000000E+00  0.00000000E+00
  0.00000000E+00  0.00000000E+00  0.00000000E+00  0.00000000E+00  0.00000000E+00
  0.00000000E+00  0.00000000E+00  0.00000000E+00  0.00000000E+00  0.00000000E+00
  0.00000000E+00  0.00000000E+00  0.00000000E+00  0.00000000E+00  0.00000000E+00
  0.00000000E+00  0.00000000E+00  0.00000000E+00  0.00000000E+00  0.00000000E+00
  0.00000000E+00  0.00000000E+00  0.00000000E+00  0.00000000E+00  0.00000000E+00
  0.00000000E+00  0.00000000E+00  0.00000000E+00  0.00000000E+00  0.00000000E+00
  0.00000000E+00  0.00000000E+00  0.00000000E+00  0.00000000E+00  0.00000000E+00
  0.00000000E+00  0.00000000E+00  0.00000000E+00  0.00000000E+00  0.00000000E+00
  0.00000000E+00  0.00000000E+00  0.00000000E+00  0.00000000E+00  0.00000000E+00
  0.00000000E+00  0.00000000E+00  0.00000000E+00  0.00000000E+00  0.00000000E+00
  0.00000000E+00  0.00000000E+00  0.00000000E+00  0.00000000E+00  0.00000000E+00
  0.00000000E+00  0.00000000E+00  0.00000000E+00  0.00000000E+00  0.00000000E+00
  0.00000000E+00  0.00000000E+00  0.00000000E+00  0.00000000E+00  0.00000000E+00
  0.00000000E+00
  0.10000000E+01  0.23116278E+01  0.26356970E+01  0.22238964E+01  0.15675943E+01
  0.94994870E+00  0.51606818E+00  0.25109236E+00  0.11343794E+00  0.46994441E-01
  0.18508191E-01  0.67923254E-02  0.24083465E-02  0.80477361E-03  0.26253737E-03
  0.81263010E-04  0.24613576E-04  0.70377346E-05  0.19381935E-05  0.49151007E-06
  0.11628520E-06  0.25076423E-07  0.49194541E-08  0.87987100E-09  0.13689085E-09
  0.19625331E-10 -0.49404966E-11 -0.18324990E-11 -0.85705604E-11 -0.25408689E-11
 -0.94748009E-11 -0.31028737E-11 -0.10647481E-10  0.00000000E+00  0.00000000E+00
  0.00000000E+00  0.00000000E+00  0.00000000E+00  0.00000000E+00  0.00000000E+00
  0.00000000E+00  0.00000000E+00  0.00000000E+00  0.00000000E+00  0.00000000E+00
  0.00000000E+00  0.00000000E+00  0.00000000E+00  0.00000000E+00  0.00000000E+00
  0.00000000E+00  0.00000000E+00  0.00000000E+00  0.00000000E+00  0.00000000E+00
  0.00000000E+00  0.00000000E+00  0.00000000E+00  0.00000000E+00  0.00000000E+00
  0.00000000E+00  0.00000000E+00  0.00000000E+00  0.00000000E+00  0.00000000E+00
  0.00000000E+00  0.00000000E+00  0.00000000E+00  0.00000000E+00  0.00000000E+00
  0.00000000E+00  0.00000000E+00  0.00000000E+00  0.00000000E+00  0.00000000E+00
  0.00000000E+00  0.00000000E+00  0.00000000E+00  0.00000000E+00  0.00000000E+00
  0.00000000E+00  0.00000000E+00  0.00000000E+00  0.00000000E+00  0.00000000E+00
  0.00000000E+00  0.00000000E+00  0.00000000E+00  0.00000000E+00  0.00000000E+00
  0.00000000E+00  0.00000000E+00  0.00000000E+00  0.00000000E+00  0.00000000E+00
  0.00000000E+00  0.00000000E+00  0.00000000E+00  0.00000000E+00  0.00000000E+00
  0.00000000E+00  0.00000000E+00  0.00000000E+00  0.00000000E+00  0.00000000E+00
  0.00000000E+00
  0.10000000E+01  0.24346342E+01  0.30046326E+01  0.28384613E+01  0.22870281E+01
  0.16267495E+01  0.10497708E+01  0.61899855E+00  0.34077839E+00  0.17445116E+00
  0.85101714E-01  0.39037716E-01  0.17329939E-01  0.72899139E-02  0.30020528E-02
  0.11779225E-02  0.45617738E-03  0.16894835E-03  0.62012509E-04  0.21749426E-04
  0.75151436E-05  0.24409833E-05  0.76182699E-06  0.21637551E-06  0.57302882E-07
  0.13742062E-07  0.29890243E-08  0.59587730E-09  0.97258731E-10  0.16507464E-10
 -0.10566306E-10 -0.30785461E-11 -0.16294730E-10  0.00000000E+00  0.00000000E+00
  0.00000000E+00  0.00000000E+00  0.00000000E+00  0.00000000E+00  0.00000000E+00
  0.00000000E+00  0.00000000E+00  0.00000000E+00  0.00000000E+00  0.00000000E+00
  0.00000000E+00  0.00000000E+00  0.00000000E+00  0.00000000E+00  0.00000000E+00
  0.00000000E+00  0.00000000E+00  0.00000000E+00  0.00000000E+00  0.00000000E+00
  0.00000000E+00  0.00000000E+00  0.00000000E+00  0.00000000E+00  0.00000000E+00
  0.00000000E+00  0.00000000E+00  0.00000000E+00  0.00000000E+00  0.00000000E+00
  0.00000000E+00  0.00000000E+00  0.00000000E+00  0.00000000E+00  0.00000000E+00
  0.00000000E+00  0.00000000E+00  0.00000000E+00  0.00000000E+00  0.00000000E+00
  0.00000000E+00  0.00000000E+00  0.00000000E+00  0.00000000E+00  0.00000000E+00
  0.00000000E+00  0.00000000E+00  0.00000000E+00  0.00000000E+00  0.00000000E+00
  0.00000000E+00  0.00000000E+00  0.00000000E+00  0.00000000E+00  0.00000000E+00
  0.00000000E+00  0.00000000E+00  0.00000000E+00  0.00000000E+00  0.00000000E+00
  0.00000000E+00  0.00000000E+00  0.00000000E+00  0.00000000E+00  0.00000000E+00
  0.00000000E+00  0.00000000E+00  0.00000000E+00  0.00000000E+00  0.00000000E+00
  0.00000000E+00
  0.10000000E+01  0.25152074E+01  0.32681978E+01  0.33234598E+01  0.29310449E+01
  0.23238720E+01  0.16902519E+01  0.11400034E+01  0.72188412E+00  0.43002377E+00
  0.24455073E+00  0.13197758E+00  0.68916758E-01  0.34345695E-01  0.16742046E-01
  0.78190545E-02  0.36021298E-02  0.15944633E-02  0.70055372E-03  0.29637147E-03
  0.12492111E-03  0.50723842E-04  0.20501989E-04  0.79326011E-05  0.30128275E-05
  0.10690072E-05  0.36148775E-06  0.11050209E-06  0.31427238E-07  0.80779047E-08
  0.18735387E-08  0.40156707E-09  0.56652472E-10  0.00000000E+00  0.00000000E+00
  0.00000000E+00  0.00000000E+00  0.00000000E+00  0.00000000E+00  0.00000000E+00
  0.00000000E+00  0.00000000E+00  0.00000000E+00  0.00000000E+00  0.00000000E+00
  0.00000000E+00  0.00000000E+00  0.00000000E+00  0.00000000E+00  0.00000000E+00
  0.00000000E+00  0.00000000E+00  0.00000000E+00  0.00000000E+00  0.00000000E+00
  0.00000000E+00  0.00000000E+00  0.00000000E+00  0.00000000E+00  0.00000000E+00
  0.00000000E+00  0.00000000E+00  0.00000000E+00  0.00000000E+00  0.00000000E+00
  0.00000000E+00  0.00000000E+00  0.00000000E+00  0.00000000E+00  0.00000000E+00
  0.00000000E+00  0.00000000E+00  0.00000000E+00  0.00000000E+00  0.00000000E+00
  0.00000000E+00  0.00000000E+00  0.00000000E+00  0.00000000E+00  0.00000000E+00
  0.00000000E+00  0.00000000E+00  0.00000000E+00  0.00000000E+00  0.00000000E+00
  0.00000000E+00  0.00000000E+00  0.00000000E+00  0.00000000E+00  0.00000000E+00
  0.00000000E+00  0.00000000E+00  0.00000000E+00  0.00000000E+00  0.00000000E+00
  0.00000000E+00  0.00000000E+00  0.00000000E+00  0.00000000E+00  0.00000000E+00
  0.00000000E+00  0.00000000E+00  0.00000000E+00  0.00000000E+00  0.00000000E+00
  0.00000000E+00
  0.10000000E+01  0.25704365E+01  0.34591721E+01  0.36986523E+01  0.34741304E+01
  0.29721445E+01  0.23556115E+01  0.17501588E+01  0.12279368E+01  0.81776233E+00
  0.52119224E+00  0.31761510E+00  0.18732173E+00  0.10612782E+00  0.58745612E-01
  0.31333144E-01  0.16456427E-01  0.83462495E-02  0.41941101E-02  0.20387901E-02
  0.98648054E-03  0.46243112E-03  0.21638106E-03  0.98181272E-04  0.44480641E-04
  0.19509696E-04  0.84965278E-05  0.35434838E-05  0.14380892E-05  0.54340943E-06
  0.19395937E-06  0.62609964E-07  0.18745992E-07  0.00000000E+00  0.00000000E+00
  0.00000000E+00  0.00000000E+00  0.00000000E+00  0.00000000E+00  0.00000000E+00
  0.00000000E+00  0.00000000E+00  0.00000000E+00  0.00000000E+00  0.00000000E+00
  0.00000000E+00  0.00000000E+00  0.00000000E+00  0.00000000E+00  0.00000000E+00
  0.00000000E+00  0.00000000E+00  0.00000000E+00  0.00000000E+00  0.00000000E+00
  0.00000000E+00  0.00000000E+00  0.00000000E+00  0.00000000E+00  0.00000000E+00
  0.00000000E+00  0.00000000E+00  0.00000000E+00  0.00000000E+00  0.00000000E+00
  0.00000000E+00  0.00000000E+00  0.00000000E+00  0.00000000E+00  0.00000000E+00
  0.00000000E+00  0.00000000E+00  0.00000000E+00  0.00000000E+00  0.00000000E+00
  0.00000000E+00  0.00000000E+00  0.00000000E+00  0.00000000E+00  0.00000000E+00
  0.00000000E+00  0.00000000E+00  0.00000000E+00  0.00000000E+00  0.00000000E+00
  0.00000000E+00  0.00000000E+00  0.00000000E+00  0.00000000E+00  0.00000000E+00
  0.00000000E+00  0.00000000E+00  0.00000000E+00  0.00000000E+00  0.00000000E+00
  0.00000000E+00  0.00000000E+00  0.00000000E+00  0.00000000E+00  0.00000000E+00
  0.00000000E+00  0.00000000E+00  0.00000000E+00  0.00000000E+00  0.00000000E+00
  0.00000000E+00
  0.10000000E+01  0.26096695E+01  0.36005352E+01  0.39894693E+01  0.39215596E+01
  0.35450881E+01  0.29937044E+01  0.23895497E+01  0.18112441E+01  0.13121565E+01
  0.91242332E+00  0.61026411E+00  0.39538179E+00  0.24738843E+00  0.15115603E+00
  0.89428921E-01  0.52026177E-01  0.29360529E-01  0.16386034E-01  0.88840987E-02
  0.47847088E-02  0.25068141E-02  0.13088386E-02  0.66569114E-03  0.33805610E-03
  0.16742888E-03  0.82816410E-04  0.39951974E-04  0.19198176E-04  0.89640245E-05
  0.41298581E-05  0.18220565E-05  0.77475237E-06  0.00000000E+00  0.00000000E+00
  0.00000000E+00  0.00000000E+00  0.00000000E+00  0.00000000E+00  0.00000000E+00
  0.00000000E+00  0.00000000E+00  0.00000000E+00  0.00000000E+00  0.00000000E+00
  0.00000000E+00  0.00000000E+00  0.00000000E+00  0.00000000E+00  0.00000000E+00
  0.00000000E+00  0.00000000E+00  0.00000000E+00  0.00000000E+00  0.00000000E+00
  0.00000000E+00  0.00000000E+00  0.00000000E+00  0.00000000E+00  0.00000000E+00
  0.00000000E+00  0.00000000E+00  0.00000000E+00  0.00000000E+00  0.00000000E+00
  0.00000000E+00  0.00000000E+00  0.00000000E+00  0.00000000E+00  0.00000000E+00
  0.00000000E+00  0.00000000E+00  0.00000000E+00  0.00000000E+00  0.00000000E+00
  0.00000000E+00  0.00000000E+00  0.00000000E+00  0.00000000E+00  0.00000000E+00
  0.00000000E+00  0.00000000E+00  0.00000000E+00  0.00000000E+00  0.00000000E+00
  0.00000000E+00  0.00000000E+00  0.00000000E+00  0.00000000E+00  0.00000000E+00
  0.00000000E+00  0.00000000E+00  0.00000000E+00  0.00000000E+00  0.00000000E+00
  0.00000000E+00  0.00000000E+00  0.00000000E+00  0.00000000E+00  0.00000000E+00
  0.00000000E+00  0.00000000E+00  0.00000000E+00  0.00000000E+00  0.00000000E+00
  0.00000000E+00
  0.10000000E+01  0.26384439E+01  0.37078310E+01  0.42179501E+01  0.42891648E+01
  0.40408441E+01  0.35806933E+01  0.30183703E+01  0.24285421E+01  0.18776397E+01
  0.13977649E+01  0.10055271E+01  0.70168839E+00  0.47488961E+00  0.31388751E+00
  0.20168898E+00  0.12733021E+00  0.78274652E-01  0.47518786E-01  0.28126284E-01
  0.16508155E-01  0.94583623E-02  0.53904257E-02  0.30027697E-02  0.16673974E-02
  0.90625028E-03  0.49156892E-03  0.26131994E-03  0.13864648E-03  0.72138554E-04
  0.37396148E-04  0.18984353E-04  0.95525889E-05  0.46769992E-05  0.22407020E-05
  0.10261470E-05  0.44856263E-06  0.00000000E+00  0.00000000E+00  0.00000000E+00
  0.00000000E+00  0.00000000E+00  0.00000000E+00  0.00000000E+00  0.00000000E+00
  0.00000000E+00  0.00000000E+00  0.00000000E+00  0.00000000E+00  0.00000000E+00
  0.00000000E+00  0.00000000E+00  0.00000000E+00  0.00000000E+00  0.00000000E+00
  0.00000000E+00  0.00000000E+00  0.00000000E+00  0.00000000E+00  0.00000000E+00
  0.00000000E+00  0.00000000E+00  0.00000000E+00  0.00000000E+00  0.00000000E+00
  0.00000000E+00  0.00000000E+00  0.00000000E+00  0.00000000E+00  0.00000000E+00
  0.00000000E+00  0.00000000E+00  0.00000000E+00  0.00000000E+00  0.00000000E+00
  0.00000000E+00  0.00000000E+00  0.00000000E+00  0.00000000E+00  0.00000000E+00
  0.00000000E+00  0.00000000E+00  0.00000000E+00  0.00000000E+00  0.00000000E+00
  0.00000000E+00  0.00000000E+00  0.00000000E+00  0.00000000E+00  0.00000000E+00
  0.00000000E+00  0.00000000E+00  0.00000000E+00  0.00000000E+00  0.00000000E+00
  0.00000000E+00  0.00000000E+00  0.00000000E+00  0.00000000E+00  0.00000000E+00
  0.00000000E+00  0.00000000E+00  0.00000000E+00  0.00000000E+00  0.00000000E+00
  0.00000000E+00
  0.10000000E+01  0.26602386E+01  0.37916352E+01  0.44012809E+01  0.45942089E+01
  0.44685206E+01  0.41110785E+01  0.36162315E+01  0.30498038E+01  0.24822619E+01
  0.19511819E+01  0.14876425E+01  0.11020971E+01  0.79450611E+00  0.55969829E+00
  0.38451392E+00  0.25947191E+00  0.17101563E+00  0.11121227E+00  0.70723039E-01
  0.44540347E-01  0.27461411E-01  0.16816439E-01  0.10093300E-01  0.60295537E-02
  0.35349947E-02  0.20655427E-02  0.11861313E-02  0.67929818E-03  0.38283650E-03
  0.21515774E-03  0.11909818E-03  0.65664214E-04  0.35643359E-04  0.19208099E-04
  0.10156973E-04  0.52933822E-05  0.26821758E-05  0.13191437E-05  0.61860578E-06
  0.00000000E+00  0.00000000E+00  0.00000000E+00  0.00000000E+00  0.00000000E+00
  0.00000000E+00  0.00000000E+00  0.00000000E+00  0.00000000E+00  0.00000000E+00
  0.00000000E+00  0.00000000E+00  0.00000000E+00  0.00000000E+00  0.00000000E+00
  0.00000000E+00  0.00000000E+00  0.00000000E+00  0.00000000E+00  0.00000000E+00
  0.00000000E+00  0.00000000E+00  0.00000000E+00  0.00000000E+00  0.00000000E+00
  0.00000000E+00  0.00000000E+00  0.00000000E+00  0.00000000E+00  0.00000000E+00
  0.00000000E+00  0.00000000E+00  0.00000000E+00  0.00000000E+00  0.00000000E+00
  0.00000000E+00  0.00000000E+00  0.00000000E+00  0.00000000E+00  0.00000000E+00
  0.00000000E+00  0.00000000E+00  0.00000000E+00  0.00000000E+00  0.00000000E+00
  0.00000000E+00  0.00000000E+00  0.00000000E+00  0.00000000E+00  0.00000000E+00
  0.00000000E+00  0.00000000E+00  0.00000000E+00  0.00000000E+00  0.00000000E+00
  0.00000000E+00  0.00000000E+00  0.00000000E+00  0.00000000E+00  0.00000000E+00
  0.00000000E+00  0.00000000E+00  0.00000000E+00  0.00000000E+00  0.00000000E+00
  0.00000000E+00
  0.10000000E+01  0.26773450E+01  0.38592713E+01  0.45523956E+01  0.48520478E+01
  0.48406398E+01  0.45889314E+01  0.41761754E+01  0.36579267E+01  0.31027860E+01
  0.25489914E+01  0.20372065E+01  0.15848579E+01  0.12030214E+01  0.89310821E+00
  0.64824457E+00  0.46221219E+00  0.32268446E+00  0.22217351E+00  0.14994768E+00
  0.10014034E+00  0.65624766E-01  0.42667879E-01  0.27251800E-01  0.17303212E-01
  0.10805226E-01  0.67169704E-02  0.41119413E-02  0.25079120E-02  0.15082999E-02
  0.90407825E-03  0.53502167E-03  0.31551363E-03  0.18386471E-03  0.10668435E-03
  0.61171052E-04  0.34849169E-04  0.19581706E-04  0.10880451E-04  0.59292909E-05
  0.31653245E-05  0.16376563E-05  0.81594759E-06  0.00000000E+00  0.00000000E+00
  0.00000000E+00  0.00000000E+00  0.00000000E+00  0.00000000E+00  0.00000000E+00
  0.00000000E+00  0.00000000E+00  0.00000000E+00  0.00000000E+00  0.00000000E+00
  0.00000000E+00  0.00000000E+00  0.00000000E+00  0.00000000E+00  0.00000000E+00
  0.00000000E+00  0.00000000E+00  0.00000000E+00  0.00000000E+00  0.00000000E+00
  0.00000000E+00  0.00000000E+00  0.00000000E+00  0.00000000E+00  0.00000000E+00
  0.00000000E+00  0.00000000E+00  0.00000000E+00  0.00000000E+00  0.00000000E+00
  0.00000000E+00  0.00000000E+00  0.00000000E+00  0.00000000E+00  0.00000000E+00
  0.00000000E+00  0.00000000E+00  0.00000000E+00  0.00000000E+00  0.00000000E+00
  0.00000000E+00  0.00000000E+00  0.00000000E+00  0.00000000E+00  0.00000000E+00
  0.00000000E+00  0.00000000E+00  0.00000000E+00  0.00000000E+00  0.00000000E+00
  0.00000000E+00  0.00000000E+00  0.00000000E+00  0.00000000E+00  0.00000000E+00
  0.00000000E+00  0.00000000E+00  0.00000000E+00  0.00000000E+00  0.00000000E+00
  0.00000000E+00
  0.10000000E+01  0.26913267E+01  0.39158922E+01  0.46808845E+01  0.50752316E+01
  0.51695245E+01  0.50221938E+01  0.46988482E+01  0.42451504E+01  0.37244952E+01
  0.31728118E+01  0.26358989E+01  0.21352991E+01  0.16914910E+01  0.13117842E+01
  0.99667554E+00  0.74417365E+00  0.54512124E+00  0.39376472E+00  0.27935608E+00
  0.19601629E+00  0.13521904E+00  0.92479490E-01  0.62244980E-01  0.41613203E-01
  0.27408224E-01  0.17954687E-01  0.11601271E-01  0.74621293E-02  0.47400341E-02
  0.29988093E-02  0.18758731E-02  0.11689338E-02  0.72100819E-03  0.44296880E-03
  0.26960270E-03  0.16335348E-03  0.98072314E-04  0.58540057E-04  0.34589063E-04
  0.20260549E-04  0.11706919E-04  0.66653029E-05  0.37149773E-05  0.20179276E-05
  0.10587505E-05  0.53210850E-06  0.00000000E+00  0.00000000E+00  0.00000000E+00
  0.00000000E+00  0.00000000E+00  0.00000000E+00  0.00000000E+00  0.00000000E+00
  0.00000000E+00  0.00000000E+00  0.00000000E+00  0.00000000E+00  0.00000000E+00
  0.00000000E+00  0.00000000E+00  0.00000000E+00  0.00000000E+00  0.00000000E+00
  0.00000000E+00  0.00000000E+00  0.00000000E+00  0.00000000E+00  0.00000000E+00
  0.00000000E+00  0.00000000E+00  0.00000000E+00  0.00000000E+00  0.00000000E+00
  0.00000000E+00  0.00000000E+00  0.00000000E+00  0.00000000E+00  0.00000000E+00
  0.00000000E+00  0.00000000E+00  0.00000000E+00  0.00000000E+00  0.00000000E+00
  0.00000000E+00  0.00000000E+00  0.00000000E+00  0.00000000E+00  0.00000000E+00
  0.00000000E+00  0.00000000E+00  0.00000000E+00  0.00000000E+00  0.00000000E+00
  0.00000000E+00  0.00000000E+00  0.00000000E+00  0.00000000E+00  0.00000000E+00
  0.00000000E+00  0.00000000E+00  0.00000000E+00  0.00000000E+00  0.00000000E+00
  0.00000000E+00
  0.10000000E+01  0.27032721E+01  0.39651462E+01  0.47937643E+01  0.52735097E+01
  0.54657692E+01  0.54194483E+01  0.51883078E+01  0.48092706E+01  0.43389560E+01
  0.38094776E+01  0.32682859E+01  0.27386548E+01  0.22481274E+01  0.18086219E+01
  0.14279381E+01  0.11084959E+01  0.84560189E+00  0.63616627E+00  0.47080816E+00
  0.34453782E+00  0.24826387E+00  0.17728059E+00  0.12476867E+00  0.87170277E-01
  0.60084530E-01  0.41165177E-01  0.27854188E-01  0.18750386E-01  0.12479686E-01
  0.82680865E-02  0.54220221E-02  0.35405213E-02  0.22907897E-02  0.14760783E-02
  0.94329237E-03  0.60029386E-03  0.37913175E-03  0.23837326E-03  0.14877850E-03
  0.92366121E-04  0.56892509E-04  0.34794006E-04  0.21067274E-04  0.12616978E-04
  0.74433756E-05  0.43107174E-05  0.24360428E-05  0.13347076E-05  0.70357169E-06
  0.00000000E+00  0.00000000E+00  0.00000000E+00  0.00000000E+00  0.00000000E+00
  0.00000000E+00  0.00000000E+00  0.00000000E+00  0.00000000E+00  0.00000000E+00
  0.00000000E+00  0.00000000E+00  0.00000000E+00  0.00000000E+00  0.00000000E+00
  0.00000000E+00  0.00000000E+00  0.00000000E+00  0.00000000E+00  0.00000000E+00
  0.00000000E+00  0.00000000E+00  0.00000000E+00  0.00000000E+00  0.00000000E+00
  0.00000000E+00  0.00000000E+00  0.00000000E+00  0.00000000E+00  0.00000000E+00
  0.00000000E+00  0.00000000E+00  0.00000000E+00  0.00000000E+00  0.00000000E+00
  0.00000000E+00  0.00000000E+00  0.00000000E+00  0.00000000E+00  0.00000000E+00
  0.00000000E+00  0.00000000E+00  0.00000000E+00  0.00000000E+00  0.00000000E+00
  0.00000000E+00  0.00000000E+00  0.00000000E+00  0.00000000E+00  0.00000000E+00
  0.00000000E+00  0.00000000E+00  0.00000000E+00  0.00000000E+00  0.00000000E+00
  0.00000000E+00
  0.10000000E+01  0.27139392E+01  0.40095917E+01  0.48960547E+01  0.54541237E+01
  0.57377339E+01  0.57882789E+01  0.56494254E+01  0.53507265E+01  0.49415685E+01
  0.44497371E+01  0.39218719E+01  0.33812561E+01  0.28601190E+01  0.23735478E+01
  0.19358044E+01  0.15533360E+01  0.12264986E+01  0.95534251E+00  0.73298207E+00
  0.55608271E+00  0.41593464E+00  0.30823645E+00  0.22540938E+00  0.16357745E+00
  0.11724834E+00  0.83498605E-01  0.58790274E-01  0.41162515E-01  0.28522478E-01
  0.19665511E-01  0.13432211E-01  0.91325944E-02  0.61572061E-02  0.41331647E-02
  0.27536427E-02  0.18268189E-02  0.12037458E-02  0.78984068E-03  0.51503011E-03
  0.33436336E-03  0.21576881E-03  0.13856030E-03  0.88415283E-04  0.56079501E-04
  0.35297345E-04  0.22030707E-04  0.13602120E-04  0.82875085E-05  0.49626479E-05
  0.29062031E-05  0.16544745E-05  0.90865709E-06  0.00000000E+00  0.00000000E+00
  0.00000000E+00  0.00000000E+00  0.00000000E+00  0.00000000E+00  0.00000000E+00
  0.00000000E+00  0.00000000E+00  0.00000000E+00  0.00000000E+00  0.00000000E+00
  0.00000000E+00  0.00000000E+00  0.00000000E+00  0.00000000E+00  0.00000000E+00
  0.00000000E+00  0.00000000E+00  0.00000000E+00  0.00000000E+00  0.00000000E+00
  0.00000000E+00  0.00000000E+00  0.00000000E+00  0.00000000E+00  0.00000000E+00
  0.00000000E+00  0.00000000E+00  0.00000000E+00  0.00000000E+00  0.00000000E+00
  0.00000000E+00  0.00000000E+00  0.00000000E+00  0.00000000E+00  0.00000000E+00
  0.00000000E+00  0.00000000E+00  0.00000000E+00  0.00000000E+00  0.00000000E+00
  0.00000000E+00  0.00000000E+00  0.00000000E+00  0.00000000E+00  0.00000000E+00
  0.00000000E+00  0.00000000E+00  0.00000000E+00  0.00000000E+00  0.00000000E+00
  0.00000000E+00
  0.10000000E+01  0.27238438E+01  0.40509681E+01  0.49912098E+01  0.56221772E+01
  0.59915326E+01  0.61345853E+01  0.60864785E+01  0.58707180E+01  0.55296481E+01
  0.50868137E+01  0.45864574E+01  0.40507739E+01  0.35145770E+01  0.29948063E+01
  0.25109373E+01  0.20727349E+01  0.16855809E+01  0.13527270E+01  0.10705246E+01
  0.83781625E+00  0.64715358E+00  0.49523453E+00  0.37435942E+00  0.28076771E+00
  0.20818737E+00  0.15333366E+00  0.11175233E+00  0.80969574E-01  0.58105707E-01
  0.41479091E-01  0.29353866E-01  0.20672987E-01  0.14445956E-01  0.10048993E-01
  0.69415433E-02  0.47743468E-02  0.32631809E-02  0.22210219E-02  0.15031147E-02
  0.10130771E-02  0.67921248E-03  0.45347550E-03  0.30122639E-03  0.19920122E-03
  0.13103550E-03  0.85748979E-04  0.55767565E-04  0.36024351E-04  0.23079409E-04
  0.14640632E-04  0.91724677E-05  0.56557311E-05  0.34168602E-05  0.20101325E-05
  0.11444597E-05  0.62489482E-06  0.00000000E+00  0.00000000E+00  0.00000000E+00
  0.00000000E+00  0.00000000E+00  0.00000000E+00  0.00000000E+00  0.00000000E+00
  0.00000000E+00  0.00000000E+00  0.00000000E+00  0.00000000E+00  0.00000000E+00
  0.00000000E+00  0.00000000E+00  0.00000000E+00  0.00000000E+00  0.00000000E+00
  0.00000000E+00  0.00000000E+00  0.00000000E+00  0.00000000E+00  0.00000000E+00
  0.00000000E+00  0.00000000E+00  0.00000000E+00  0.00000000E+00  0.00000000E+00
  0.00000000E+00  0.00000000E+00  0.00000000E+00  0.00000000E+00  0.00000000E+00
  0.00000000E+00  0.00000000E+00  0.00000000E+00  0.00000000E+00  0.00000000E+00
  0.00000000E+00  0.00000000E+00  0.00000000E+00  0.00000000E+00  0.00000000E+00
  0.00000000E+00  0.00000000E+00  0.00000000E+00  0.00000000E+00  0.00000000E+00
  0.00000000E+00
  0.10000000E+01  0.27605990E+01  0.42016825E+01  0.53324481E+01  0.62172198E+01
  0.68848271E+01  0.73541214E+01  0.76379377E+01  0.77454933E+01  0.76974503E+01
  0.75052790E+01  0.71986754E+01  0.67924463E+01  0.63187375E+01  0.57938468E+01
  0.52453562E+01  0.46885126E+01  0.41422117E+01  0.36185421E+01  0.31270892E+01
  0.26757336E+01  0.22665601E+01  0.19033205E+01  0.15833291E+01  0.13070762E+01
  0.10696210E+01  0.86936949E+00  0.70090796E+00  0.56165304E+00  0.44672279E+00
  0.35334876E+00  0.27759169E+00  0.21697089E+00  0.16853757E+00  0.13029998E+00
  0.10017007E+00  0.76668708E-01  0.58380659E-01  0.44271332E-01  0.33415500E-01
  0.25123479E-01  0.18808752E-01  0.14029453E-01  0.10423700E-01  0.77177177E-02
  0.56935597E-02  0.41863859E-02  0.30677842E-02  0.22409409E-02  0.16316966E-02
  0.11844179E-02  0.85705776E-03  0.61825946E-03  0.44458404E-03  0.31866132E-03
  0.22762864E-03  0.16201284E-03  0.11485712E-03  0.81067611E-04  0.56932454E-04
  0.39747375E-04  0.27556925E-04  0.18941742E-04  0.12884292E-04  0.86469526E-05
  0.57061684E-05  0.36809158E-05  0.23050689E-05  0.13830624E-05  0.78137589E-06
  0.00000000E+00  0.00000000E+00  0.00000000E+00  0.00000000E+00  0.00000000E+00
  0.00000000E+00  0.00000000E+00  0.00000000E+00  0.00000000E+00  0.00000000E+00
  0.00000000E+00  0.00000000E+00  0.00000000E+00  0.00000000E+00  0.00000000E+00
  0.00000000E+00  0.00000000E+00  0.00000000E+00  0.00000000E+00  0.00000000E+00
  0.00000000E+00  0.00000000E+00  0.00000000E+00  0.00000000E+00  0.00000000E+00
  0.00000000E+00  0.00000000E+00  0.00000000E+00  0.00000000E+00  0.00000000E+00
  0.00000000E+00  0.00000000E+00  0.00000000E+00  0.00000000E+00  0.00000000E+00
  0.00000000E+00
  0.10000000E+01  0.27942618E+01  0.43337859E+01  0.56224139E+01  0.67094282E+01
  0.76107161E+01  0.83353379E+01  0.88859223E+01  0.92662819E+01  0.94859114E+01
  0.95512907E+01  0.94802777E+01  0.92823585E+01  0.89804203E+01  0.85864046E+01
  0.81239445E+01  0.76064432E+01  0.70546008E+01  0.64818409E+01  0.59037005E+01
  0.53320982E+01  0.47767904E+01  0.42470388E+01  0.37474363E+01  0.32840797E+01
  0.28576587E+01  0.24712390E+01  0.21229929E+01  0.18135356E+01  0.15397139E+01
  0.13004636E+01  0.10921779E+01  0.91285833E+00  0.75900054E+00  0.62826440E+00
  0.51754915E+00  0.42457164E+00  0.34675721E+00  0.28210129E+00  0.22856579E+00
  0.18451294E+00  0.14839024E+00  0.11892945E+00  0.94985677E-01  0.75617380E-01
  0.60003673E-01  0.47469177E-01  0.37439834E-01  0.29444922E-01  0.23091896E-01
  0.18060639E-01  0.14088122E-01  0.10961256E-01  0.85070196E-02  0.65862208E-02
  0.50869490E-02  0.39198034E-02  0.30135110E-02  0.23115175E-02  0.17690721E-02
  0.13508902E-02  0.10292398E-02  0.78238390E-03  0.59334426E-03  0.44888482E-03
  0.33872770E-03  0.25489932E-03  0.19124312E-03  0.14300302E-03  0.10652757E-03
  0.79005496E-04  0.58291410E-04  0.42737249E-04  0.31093842E-04  0.22402016E-04
  0.15940845E-04  0.11155393E-04  0.76333505E-05  0.50550683E-05  0.31869579E-05
  0.18451264E-05  0.89866579E-06  0.00000000E+00  0.00000000E+00  0.00000000E+00
  0.00000000E+00  0.00000000E+00  0.00000000E+00  0.00000000E+00  0.00000000E+00
  0.00000000E+00  0.00000000E+00  0.00000000E+00  0.00000000E+00  0.00000000E+00
  0.00000000E+00  0.00000000E+00  0.00000000E+00  0.00000000E+00  0.00000000E+00
  0.00000000E+00  0.00000000E+00  0.00000000E+00  0.00000000E+00  0.00000000E+00
  0.00000000E+00
  0.10000000E+01  0.28220539E+01  0.44394811E+01  0.58494473E+01  0.70877385E+01
  0.81620378E+01  0.90758274E+01  0.98279116E+01  0.10420282E+02  0.10857611E+02
  0.11144557E+02  0.11291946E+02  0.11306441E+02  0.11203147E+02  0.10990498E+02
  0.10685680E+02  0.10298797E+02  0.98469264E+01  0.93413619E+01  0.87972606E+01
  0.82261908E+01  0.76402529E+01  0.70502014E+01  0.64646684E+01  0.58926603E+01
  0.53395124E+01  0.48119218E+01  0.43124529E+01  0.38453662E+01  0.34111206E+01
  0.30117745E+01  0.26463369E+01  0.23151192E+01  0.20162458E+01  0.17488118E+01
  0.15105015E+01  0.12996910E+01  0.11139484E+01  0.95133215E+00  0.80951143E+00
  0.68651359E+00  0.58023868E+00  0.48886164E+00  0.41057697E+00  0.34379963E+00
  0.28703471E+00  0.23896851E+00  0.19840180E+00  0.16428494E+00  0.13568177E+00
  0.11177830E+00  0.91861026E-01  0.75314316E-01  0.61605809E-01  0.50279818E-01
  0.40946617E-01  0.33275221E-01  0.26985172E-01  0.21840058E-01  0.17641167E-01
  0.14222163E-01  0.11444233E-01  0.91919354E-02  0.73695513E-02  0.58979529E-02
  0.47119215E-02  0.37578394E-02  0.29917563E-02  0.23777236E-02  0.18864249E-02
  0.14939939E-02  0.11810610E-02  0.93192529E-03  0.73390269E-03  0.57675178E-03
  0.45223552E-03  0.35372644E-03  0.27591752E-03  0.21455157E-03  0.16623480E-03
  0.12825137E-03  0.98446413E-04  0.75098343E-04  0.56848280E-04  0.42611219E-04
  0.31535924E-04  0.22942091E-04  0.16299901E-04  0.11184710E-04  0.72688670E-05
  0.42881781E-05  0.20410562E-05  0.36335545E-06  0.00000000E+00  0.00000000E+00
  0.00000000E+00  0.00000000E+00  0.00000000E+00  0.00000000E+00  0.00000000E+00
  0.00000000E+00  0.00000000E+00  0.00000000E+00  0.00000000E+00  0.00000000E+00
  0.00000000E+00
  0.10000000E+01  0.28428451E+01  0.45172987E+01  0.60148380E+01  0.73612365E+01
  0.85596831E+01  0.96109317E+01  0.10512938E+02  0.11267181E+02  0.11876418E+02
  0.12344442E+02  0.12678153E+02  0.12882560E+02  0.12967546E+02  0.12939183E+02
  0.12809301E+02  0.12585255E+02  0.12279708E+02  0.11901315E+02  0.11462469E+02
  0.10972758E+02  0.10443394E+02  0.98842235E+01  0.93046772E+01  0.87140738E+01
  0.81197908E+01  0.75299293E+01  0.69498100E+01  0.63858572E+01  0.58415137E+01
  0.53213487E+01  0.48272051E+01  0.43618695E+01  0.39259020E+01  0.35205544E+01
  0.31454212E+01  0.28005574E+01  0.24848843E+01  0.21976149E+01  0.19372524E+01
  0.17024886E+01  0.14916185E+01  0.13030738E+01  0.11351034E+01  0.98607291E+00
  0.85430114E+00  0.73821890E+00  0.63628963E+00  0.54708838E+00  0.46926399E+00
  0.40157483E+00  0.34286982E+00  0.29210166E+00  0.24831555E+00  0.21065131E+00
  0.17833500E+00  0.15067585E+00  0.12705901E+00  0.10694045E+00  0.89840334E-01
  0.75337465E-01  0.63063317E-01  0.52696718E-01  0.43958666E-01  0.36607612E-01
  0.30435069E-01  0.25261628E-01  0.20933342E-01  0.17318472E-01  0.14304583E-01
  0.11795952E-01  0.97112902E-02  0.79817181E-02  0.65490139E-02  0.53640595E-02
  0.43855175E-02  0.35786554E-02  0.29143620E-02  0.23682698E-02  0.19200338E-02
  0.15526833E-02  0.12521016E-02  0.10065510E-02  0.80630171E-03  0.64328781E-03
  0.51084578E-03  0.40346595E-03  0.31661169E-03  0.24654063E-03  0.19018130E-03
  0.14500456E-03  0.10894112E-03  0.80289906E-04  0.57663566E-04  0.39922066E-04
  0.26136840E-04  0.15544603E-04  0.75261468E-05  0.15741011E-05 -0.27239365E-05
  0.00000000E+00  0.00000000E+00  0.00000000E+00  0.00000000E+00  0.00000000E+00
  0.00000000E+00
  0.10000000E+01  0.28576298E+01  0.45724140E+01  0.61318455E+01  0.75551043E+01
  0.88432939E+01  0.99960862E+01  0.11011711E+02  0.11891518E+02  0.12637479E+02
  0.13252752E+02  0.13741973E+02  0.14109002E+02  0.14360416E+02  0.14500695E+02
  0.14537911E+02  0.14477444E+02  0.14328352E+02  0.14097099E+02  0.13793134E+02
  0.13423930E+02  0.12998735E+02  0.12525700E+02  0.12013384E+02  0.11470103E+02
  0.10903385E+02  0.10321151E+02  0.97297105E+01  0.91360989E+01  0.85453334E+01
  0.79632279E+01  0.73935308E+01  0.68406731E+01  0.63072209E+01  0.57962270E+01
  0.53092063E+01  0.48479609E+01  0.44131143E+01  0.40054203E+01  0.36247853E+01
  0.32711474E+01  0.29438723E+01  0.26423113E+01  0.23654559E+01  0.21122752E+01
  0.18815341E+01  0.16719885E+01  0.14822992E+01  0.13111406E+01  0.11571644E+01
  0.10190586E+01  0.89553460E+00  0.78535795E+00  0.68734461E+00  0.60037603E+00
  0.52339795E+00  0.45542660E+00  0.39554734E+00  0.34291588E+00  0.29675603E+00
  0.25635811E+00  0.22107582E+00  0.19032328E+00  0.16357130E+00  0.14034378E+00
  0.12021384E+00  0.10280001E+00  0.87762497E-01  0.74799555E-01  0.63643968E-01
  0.54059775E-01  0.45839156E-01  0.38799537E-01  0.32780921E-01  0.27643414E-01
  0.23264985E-01  0.19539401E-01  0.16374391E-01  0.13689954E-01  0.11416881E-01
  0.94953931E-02  0.78739638E-02  0.65082459E-02  0.53601457E-02  0.43969835E-02
  0.35907787E-02  0.29175979E-02  0.23570101E-02  0.18915883E-02  0.15064966E-02
  0.11891082E-02  0.92869920E-03  0.71616486E-03  0.54379085E-03  0.40503177E-03
  0.29433708E-03  0.20699674E-03  0.13903302E-03  0.87088955E-04  0.48317987E-04
  0.20258059E-04  0.73535468E-06  0.00000000E+00  0.00000000E+00  0.00000000E+00
  0.00000000E+00
  0.10000000E+01  0.28679818E+01  0.46112145E+01  0.62147930E+01  0.76938988E+01
  0.90489027E+01  0.10279203E+02  0.11383569E+02  0.12363274E+02  0.13219895E+02
  0.13956022E+02  0.14574907E+02  0.15079539E+02  0.15474413E+02  0.15762899E+02
  0.15950580E+02  0.16041456E+02  0.16041989E+02  0.15957016E+02  0.15793569E+02
  0.15557372E+02  0.15255678E+02  0.14894961E+02  0.14482368E+02  0.14024829E+02
  0.13529112E+02  0.13002221E+02  0.12450335E+02  0.11880138E+02  0.11297074E+02
  0.10707171E+02  0.10115046E+02  0.95258293E+01  0.89432655E+01  0.83714640E+01
  0.78132937E+01  0.72718197E+01  0.67490735E+01  0.62471356E+01  0.57672706E+01
  0.53106892E+01  0.48779864E+01  0.44696477E+01  0.40857119E+01  0.37260926E+01
  0.33903930E+01  0.30781024E+01  0.27885054E+01  0.25208001E+01  0.22740597E+01
  0.20473033E+01  0.18394853E+01  0.16495373E+01  0.14763695E+01  0.13188960E+01
  0.11760404E+01  0.10467506E+01  0.93000420E+00  0.82481742E+00  0.73024892E+00
  0.64540432E+00  0.56943829E+00  0.50155635E+00  0.44101523E+00  0.38712287E+00
  0.33923745E+00  0.29676621E+00  0.25916366E+00  0.22592958E+00  0.19660675E+00
  0.17077863E+00  0.14806677E+00  0.12812837E+00  0.11065372E+00  0.95363762E-01
  0.82007619E-01  0.70360327E-01  0.60220592E-01  0.51408689E-01  0.43764492E-01
  0.37145607E-01  0.31425664E-01  0.26492706E-01  0.22247728E-01  0.18603320E-01
  0.15482439E-01  0.12817268E-01  0.10548212E-01  0.86229675E-02  0.69956909E-02
  0.56262317E-02  0.44794740E-02  0.35247442E-02  0.27352770E-02  0.20876903E-02
  0.15615296E-02  0.11389101E-02  0.80427083E-03  0.54410732E-03  0.34659923E-03
  0.20114380E-03  0.97975416E-04  0.28026236E-04 -0.16938577E-04  0.00000000E+00
  0.00000000E+00
  0.10000000E+01  0.28752657E+01  0.46388700E+01  0.62747132E+01  0.77957252E+01
  0.92022151E+01  0.10493638E+02  0.11669247E+02  0.12730204E+02  0.13677817E+02
  0.14514174E+02  0.15241629E+02  0.15862506E+02  0.16379966E+02  0.16796590E+02
  0.17116330E+02  0.17342226E+02  0.17478942E+02  0.17530152E+02  0.17501082E+02
  0.17396119E+02  0.17220854E+02  0.16980356E+02  0.16680378E+02  0.16326516E+02
  0.15924497E+02  0.15480209E+02  0.14999186E+02  0.14487330E+02  0.13949840E+02
  0.13392360E+02  0.12819634E+02  0.12236814E+02  0.11648098E+02  0.11057979E+02
  0.10470038E+02  0.98880127E+01  0.93148287E+01  0.87534380E+01  0.82061034E+01
  0.76750125E+01  0.71617895E+01  0.66679183E+01  0.61944351E+01  0.57422053E+01
  0.53117469E+01  0.49034058E+01  0.45172640E+01  0.41532488E+01  0.38110935E+01
  0.34904050E+01  0.31906529E+01  0.29112130E+01  0.26513702E+01  0.24103474E+01
  0.21873137E+01  0.19814047E+01  0.17917316E+01  0.16173956E+01  0.14574961E+01
  0.13111405E+01  0.11774513E+01  0.10555723E+01  0.94467347E+00  0.84395556E+00
  0.75265261E+00  0.67003459E+00  0.59540879E+00  0.52812081E+00  0.46755487E+00
  0.41313371E+00  0.36431807E+00  0.32060585E+00  0.28153098E+00  0.24666214E+00
  0.21560124E+00  0.18798186E+00  0.16346755E+00  0.14175012E+00  0.12254793E+00
  0.10560413E+00  0.90684971E-01  0.77578146E-01  0.66091166E-01  0.56049839E-01
  0.47296787E-01  0.39690021E-01  0.33101640E-01  0.27416613E-01  0.22531594E-01
  0.18353797E-01  0.14800027E-01  0.11795809E-01  0.92745269E-02  0.71764802E-02
  0.54480273E-02  0.40410136E-02  0.29124821E-02  0.20242528E-02  0.13419929E-02
  0.83387406E-03  0.46945659E-03  0.21943587E-03  0.56382991E-04 -0.43983502E-04
  0.00000000E+00
  0.10000000E+01  0.28804697E+01  0.46589922E+01  0.63190903E+01  0.78725368E+01
  0.93198653E+01  0.10660686E+02  0.11894595E+02  0.13022609E+02  0.14045818E+02
  0.14965883E+02  0.15784556E+02  0.16503651E+02  0.17125463E+02  0.17652004E+02
  0.18086151E+02  0.18430261E+02  0.18687773E+02  0.18861526E+02  0.18955445E+02
  0.18972932E+02  0.18918292E+02  0.18795495E+02  0.18609109E+02  0.18363607E+02
  0.18063696E+02  0.17714214E+02  0.17319896E+02  0.16885761E+02  0.16416460E+02
  0.15916992E+02  0.15391820E+02  0.14845737E+02  0.14282914E+02  0.13707778E+02
  0.13124122E+02  0.12535887E+02  0.11946419E+02  0.11359097E+02  0.10776768E+02
  0.10202218E+02  0.96377687E+01  0.90856136E+01  0.85475514E+01  0.80252105E+01
  0.75198887E+01  0.70326979E+01  0.65644761E+01  0.61158796E+01  0.56873408E+01
  0.52791277E+01  0.48913292E+01  0.45238943E+01  0.41766326E+01  0.38492417E+01
  0.35413150E+01  0.32523616E+01  0.29818169E+01  0.27290579E+01  0.24934139E+01
  0.22741785E+01  0.20706194E+01  0.18819874E+01  0.17075249E+01  0.15464729E+01
  0.13980774E+01  0.12615947E+01  0.11362962E+01  0.10214719E+01  0.91643431E+00
  0.82052017E+00  0.73309289E+00  0.65354388E+00  0.58129350E+00  0.51579165E+00
  0.45651802E+00  0.40298197E+00  0.35472216E+00  0.31130606E+00  0.27232913E+00
  0.23741394E+00  0.20620919E+00  0.17838854E+00  0.15364951E+00  0.13171224E+00
  0.11231826E+00  0.95229236E-01  0.80225697E-01  0.67105945E-01  0.55684769E-01
  0.45792182E-01  0.37272374E-01  0.29982828E-01  0.23793262E-01  0.18584230E-01
  0.14245803E-01  0.10676939E-01  0.77855277E-02  0.54880026E-02  0.37074098E-02
  0.23702257E-02  0.14036844E-02  0.73544571E-03  0.29601467E-03  0.22664759E-04
 -0.13704642E-03
  0.10000000E+01  0.28842595E+01  0.46739630E+01  0.63527601E+01  0.79319184E+01
  0.94122852E+01  0.10793624E+02  0.12075746E+02  0.13259511E+02  0.14345818E+02
  0.15335985E+02  0.16231348E+02  0.17033337E+02  0.17743674E+02  0.18363954E+02
  0.18896332E+02  0.19342680E+02  0.19705590E+02  0.19987302E+02  0.20190816E+02
  0.20318806E+02  0.20374619E+02  0.20361392E+02  0.20282753E+02  0.20142276E+02
  0.19943797E+02  0.19691256E+02  0.19388621E+02  0.19040082E+02  0.18649664E+02
  0.18221672E+02  0.17760104E+02  0.17269235E+02  0.16752955E+02  0.16215378E+02
  0.15660198E+02  0.15091256E+02  0.14511977E+02  0.13925840E+02  0.13335932E+02
  0.12745314E+02  0.12156687E+02  0.11572658E+02  0.10995512E+02  0.10427393E+02
  0.98701581E+01  0.93254976E+01  0.87948495E+01  0.82794743E+01  0.77804126E+01
  0.72985321E+01  0.68345104E+01  0.63888660E+01  0.59619560E+01  0.55539979E+01
  0.51650749E+01  0.47951533E+01  0.44440908E+01  0.41116508E+01  0.37975124E+01
  0.35012823E+01  0.32225048E+01  0.29606719E+01  0.27152325E+01  0.24856009E+01
  0.22711649E+01  0.20712930E+01  0.18853409E+01  0.17126577E+01  0.15525906E+01
  0.14044904E+01  0.12677148E+01  0.11416322E+01  0.10256248E+01  0.91909103E+00
  0.82144760E+00  0.73213114E+00  0.65059944E+00  0.57633249E+00  0.50883301E+00
  0.44762685E+00  0.39226316E+00  0.34231425E+00  0.29737529E+00  0.25706401E+00
  0.22102012E+00  0.18890449E+00  0.16039857E+00  0.13520368E+00  0.11304004E+00
  0.93645586E-01  0.76775275E-01  0.62200523E-01  0.49708228E-01  0.39098900E-01
  0.30184814E-01  0.22789656E-01  0.16749579E-01  0.11913222E-01  0.81381936E-02
  0.52845893E-02  0.32095063E-02  0.17667208E-02  0.81254002E-03  0.21510517E-03
 -0.13712968E-03
    95
  0.10000000E+01  0.85214130E+00  0.69548750E+00  0.20383656E+00  0.38395329E-01
  0.53039306E-02  0.58875429E-03  0.55552214E-04  0.46177972E-05  0.34557853E-06
  0.23569810E-07  0.14732286E-08  0.83424354E-10  0.42175840E-11 -0.89537622E-12
 -0.18970549E-12 -0.12417624E-11 -0.25918748E-12 -0.15173648E-11 -0.36319961E-12
 -0.17816249E-11 -0.42156114E-12 -0.19149507E-11 -0.40926558E-12 -0.19658766E-11
 -0.38867987E-12 -0.20727624E-11 -0.42510978E-12 -0.22964225E-11 -0.51309805E-12
 -0.25587852E-11 -0.58727762E-12 -0.27363562E-11  0.00000000E+00  0.00000000E+00
  0.00000000E+00  0.00000000E+00  0.00000000E+00  0.00000000E+00  0.00000000E+00
  0.00000000E+00  0.00000000E+00  0.00000000E+00  0.00000000E+00  0.00000000E+00
  0.00000000E+00  0.00000000E+00  0.00000000E+00  0.00000000E+00  0.00000000E+00
  0.00000000E+00  0.00000000E+00  0.00000000E+00  0.00000000E+00  0.00000000E+00
  0.00000000E+00  0.00000000E+00  0.00000000E+00  0.00000000E+00  0.00000000E+00
  0.00000000E+00  0.00000000E+00  0.00000000E+00  0.00000000E+00  0.00000000E+00
  0.00000000E+00  0.00000000E+00  0.00000000E+00  0.00000000E+00  0.00000000E+00
  0.00000000E+00  0.00000000E+00  0.00000000E+00  0.00000000E+00  0.00000000E+00
  0.00000000E+00  0.00000000E+00  0.00000000E+00  0.00000000E+00  0.00000000E+00
  0.00000000E+00  0.00000000E+00  0.00000000E+00  0.00000000E+00  0.00000000E+00
  0.00000000E+00  0.00000000E+00  0.00000000E+00  0.00000000E+00  0.00000000E+00
  0.00000000E+00  0.00000000E+00  0.00000000E+00  0.00000000E+00  0.00000000E+00
  0.00000000E+00
  0.10000000E+01  0.15448523E+01  0.12188996E+01  0.56134627E+00  0.19850253E+00
  0.53690188E-01  0.12201757E-01  0.23791173E-02  0.41357962E-03  0.65011099E-04
  0.93842704E-05  0.12502630E-05  0.15395957E-06  0.17498213E-07  0.18298105E-08
  0.17544266E-09  0.13794232E-10  0.46235453E-12 -0.19966084E-11 -0.10146409E-11
 -0.24385499E-11 -0.11653633E-11 -0.26319515E-11 -0.11795092E-11 -0.27241552E-11
 -0.11776651E-11 -0.28788998E-11 -0.12776588E-11 -0.31736112E-11 -0.14738906E-11
 -0.35177955E-11 -0.16480230E-11 -0.37640883E-11  0.00000000E+00  0.00000000E+00
  0.00000000E+00  0.00000000E+00  0.00000000E+00  0.00000000E+00  0.00000000E+00
  0.00000000E+00  0.00000000E+00  0.00000000E+00  0.00000000E+00  0.00000000E+00
  0.00000000E+00  0.00000000E+00  0.00000000E+00  0.00000000E+00  0.00000000E+00
  0.00000000E+00  0.00000000E+00  0.00000000E+00  0.00000000E+00  0.00000000E+00
  0.00000000E+00  0.00000000E+00  0.00000000E+00  0.00000000E+00  0.00000000E+00
  0.00000000E+00  0.00000000E+00  0.00000000E+00  0.00000000E+00  0.00000000E+00
  0.00000000E+00  0.00000000E+00  0.00000000E+00  0.00000000E+00  0.00000000E+00
  0.00000000E+00  0.00000000E+00  0.00000000E+00  0.00000000E+00  0.00000000E+00
  0.00000000E+00  0.00000000E+00  0.00000000E+00  0.00000000E+00  0.00000000E+00
  0.00000000E+00  0.00000000E+00  0.00000000E+00  0.00000000E+00  0.00000000E+00
  0.00000000E+00  0.00000000E+00  0.00000000E+00  0.00000000E+00  0.00000000E+00
  0.00000000E+00  0.00000000E+00  0.00000000E+00  0.00000000E+00  0.00000000E+00
  0.00000000E+00
  0.10000000E+01  0.19696154E+01  0.18457076E+01  0.11468388E+01  0.57899108E+00
  0.23397919E+00  0.83179756E-01  0.25509894E-01  0.71719479E-02  0.18184291E-02
  0.43330805E-03  0.95450836E-04  0.19940719E-04  0.38724446E-05  0.70221458E-06
  0.11776902E-06  0.18175667E-07  0.25752730E-08  0.33176834E-09  0.38773328E-10
  0.55047728E-12 -0.10168052E-11 -0.41432472E-11 -0.14787147E-11 -0.43906110E-11
 -0.14728172E-11 -0.46644797E-11 -0.15954936E-11 -0.51005061E-11 -0.18425990E-11
 -0.55977699E-11 -0.20692630E-11 -0.59871358E-11  0.00000000E+00  0.00000000E+00
  0.00000000E+00  0.00000000E+00  0.00000000E+00  0.00000000E+00  0.00000000E+00
  0.00000000E+00  0.00000000E+00  0.00000000E+00  0.00000000E+00  0.00000000E+00
  0.00000000E+00  0.00000000E+00  0.00000000E+00  0.00000000E+00  0.00000000E+00
  0.00000000E+00  0.00000000E+00  0.00000000E+00  0.00000000E+00  0.00000000E+00
  0.00000000E+00  0.00000000E+00  0.00000000E+00  0.00000000E+00  0.00000000E+00
  0.00000000E+00  0.00000000E+00  0.00000000E+00  0.00000000E+00  0.00000000E+00
  0.00000000E+00  0.00000000E+00  0.00000000E+00  0.00000000E+00  0.00000000E+00
  0.00000000E+00  0.00000000E+00  0.00000000E+00  0.00000000E+00  0.00000000E+00
  0.00000000E+00  0.00000000E+00  0.00000000E+00  0.00000000E+00  0.00000000E+00
  0.00000000E+00  0.00000000E+00  0.00000000E+00  0.00000000E+00  0.00000000E+00
  0.00000000E+00  0.00000000E+00  0.00000000E+00  0.00000000E+00  0.00000000E+00
  0.00000000E+00  0.00000000E+00  0.00000000E+00  0.00000000E+00  0.00000000E+00
  0.00000000E+00
  0.10000000E+01  0.22043296E+01  0.23728340E+01  0.18141332E+01  0.11518743E+01
  0.61053792E+00  0.29026009E+00  0.12104828E+00  0.47101025E-01  0.16544976E-01
  0.55651496E-02  0.17208174E-02  0.51839699E-03  0.14498889E-03  0.39782198E-04
  0.10076773E-04  0.24727330E-05  0.55322941E-06  0.11450383E-06  0.21697400E-07
  0.37533985E-08  0.59573150E-09  0.80407529E-10  0.10696343E-10 -0.56425945E-11
 -0.80445170E-12 -0.75667686E-11 -0.10455381E-11 -0.82258940E-11 -0.12598783E-11
 -0.89618070E-11 -0.15191678E-11 -0.97157483E-11  0.00000000E+00  0.00000000E+00
  0.00000000E+00  0.00000000E+00  0.00000000E+00  0.00000000E+00  0.00000000E+00
  0.00000000E+00  0.00000000E+00  0.00000000E+00  0.00000000E+00  0.00000000E+00
  0.00000000E+00  0.00000000E+00  0.00000000E+00  0.00000000E+00  0.00000000E+00
  0.00000000E+00  0.00000000E+00  0.00000000E+00  0.00000000E+00  0.00000000E+00
  0.00000000E+00  0.00000000E+00  0.00000000E+00  0.00000000E+00  0.00000000E+00
  0.00000000E+00  0.00000000E+00  0.00000000E+00  0.00000000E+00  0.00000000E+00
  0.00000000E+00  0.00000000E+00  0.00000000E+00  0.00000000E+00  0.00000000E+00
  0.00000000E+00  0.00000000E+00  0.00000000E+00  0.00000000E+00  0.00000000E+00
  0.00000000E+00  0.00000000E+00  0.00000000E+00  0.00000000E+00  0.00000000E+00
  0.00000000E+00  0.00000000E+00  0.00000000E+00  0.00000000E+00  0.00000000E+00
  0.00000000E+00  0.00000000E+00  0.00000000E+00  0.00000000E+00  0.00000000E+00
  0.00000000E+00  0.00000000E+00  0.00000000E+00  0.00000000E+00  0.00000000E+00
  0.00000000E+00
  0.10000000E+01  0.23484102E+01  0.27727006E+01  0.24290054E+01  0.17996668E+01
  0.11497444E+01  0.66514304E+00  0.34487758E+00  0.16776821E+00  0.74532446E-01
  0.31887621E-01  0.12584001E-01  0.48829708E-02  0.17553731E-02  0.63105652E-03
  0.21011713E-03  0.70802310E-04  0.21876908E-04  0.68270821E-05  0.18871872E-05
  0.51589675E-06  0.12496750E-06  0.27757710E-07  0.56258755E-08  0.10304328E-08
  0.17815758E-09  0.15951181E-10  0.51823595E-11 -0.12283572E-10  0.10553229E-11
 -0.14099946E-10  0.42482430E-12 -0.15934383E-10  0.00000000E+00  0.00000000E+00
  0.00000000E+00  0.00000000E+00  0.00000000E+00  0.00000000E+00  0.00000000E+00
  0.00000000E+00  0.00000000E+00  0.00000000E+00  0.00000000E+00  0.00000000E+00
  0.00000000E+00  0.00000000E+00  0.00000000E+00  0.00000000E+00  0.00000000E+00
  0.00000000E+00  0.00000000E+00  0.00000000E+00  0.00000000E+00  0.00000000E+00
  0.00000000E+00  0.00000000E+00  0.00000000E+00  0.00000000E+00  0.00000000E+00
  0.00000000E+00  0.00000000E+00  0.00000000E+00  0.00000000E+00  0.00000000E+00
  0.00000000E+00  0.00000000E+00  0.00000000E+00  0.00000000E+00  0.00000000E+00
  0.00000000E+00  0.00000000E+00  0.00000000E+00  0.00000000E+00  0.00000000E+00
  0.00000000E+00  0.00000000E+00  0.00000000E+00  0.00000000E+00  0.00000000E+00
  0.00000000E+00  0.00000000E+00  0.00000000E+00  0.00000000E+00  0.00000000E+00
  0.00000000E+00  0.00000000E+00  0.00000000E+00  0.00000000E+00  0.00000000E+00
  0.00000000E+00  0.00000000E+00  0.00000000E+00  0.00000000E+00  0.00000000E+00
  0.00000000E+00
  0.10000000E+01  0.24436969E+01  0.30676506E+01  0.29405679E+01  0.24225335E+01
  0.17615151E+01  0.11694154E+01  0.70900894E+00  0.40418928E+00  0.21349413E+00
  0.10852427E+00  0.51418454E-01  0.23933053E-01  0.10386617E-01  0.45138256E-02
  0.18218859E-02  0.74987071E-03  0.28448987E-03  0.11190402E-03  0.40028224E-04
  0.14991080E-04  0.49398470E-05  0.16959101E-05  0.48108083E-06  0.13862880E-06
  0.34868564E-07  0.79729502E-08  0.16765857E-08  0.30110187E-09  0.62430306E-10
 -0.12474523E-10  0.55859541E-11 -0.25411322E-10  0.00000000E+00  0.00000000E+00
  0.00000000E+00  0.00000000E+00  0.00000000E+00  0.00000000E+00  0.00000000E+00
  0.00000000E+00  0.00000000E+00  0.00000000E+00  0.00000000E+00  0.00000000E+00
  0.00000000E+00  0.00000000E+00  0.00000000E+00  0.00000000E+00  0.00000000E+00
  0.00000000E+00  0.00000000E+00  0.00000000E+00  0.00000000E+00  0.00000000E+00
  0.00000000E+00  0.00000000E+00  0.00000000E+00  0.00000000E+00  0.00000000E+00
  0.00000000E+00  0.00000000E+00  0.00000000E+00  0.00000000E+00  0.00000000E+00
  0.00000000E+00  0.00000000E+00  0.00000000E+00  0.00000000E+00  0.00000000E+00
  0.00000000E+00  0.00000000E+00  0.00000000E+00  0.00000000E+00  0.00000000E+00
  0.00000000E+00  0.00000000E+00  0.00000000E+00  0.00000000E+00  0.00000000E+00
  0.00000000E+00  0.00000000E+00  0.00000000E+00  0.00000000E+00  0.00000000E+00
  0.00000000E+00  0.00000000E+00  0.00000000E+00  0.00000000E+00  0.00000000E+00
  0.00000000E+00  0.00000000E+00  0.00000000E+00  0.00000000E+00  0.00000000E+00
  0.00000000E+00
  0.10000000E+01  0.25091271E+01  0.32842297E+01  0.33470034E+01  0.29703993E+01
  0.23661777E+01  0.17348064E+01  0.11787033E+01  0.75493780E+00  0.45380425E+00
  0.26211554E+00  0.14274899E+00  0.76073950E-01  0.38190005E-01  0.19106821E-01
  0.89562018E-02  0.42633853E-02  0.18840229E-02  0.86215351E-03  0.36168503E-03
  0.16027207E-03  0.64033942E-04  0.27508962E-04  0.10365685E-04  0.42307555E-05
  0.14287255E-05  0.52667764E-06  0.14801618E-06  0.43337661E-07  0.11119189E-07
  0.25551659E-08  0.56324835E-09  0.70162591E-10  0.00000000E+00  0.00000000E+00
  0.00000000E+00  0.00000000E+00  0.00000000E+00  0.00000000E+00  0.00000000E+00
  0.00000000E+00  0.00000000E+00  0.00000000E+00  0.00000000E+00  0.00000000E+00
  0.00000000E+00  0.00000000E+00  0.00000000E+00  0.00000000E+00  0.00000000E+00
  0.00000000E+00  0.00000000E+00  0.00000000E+00  0.00000000E+00  0.00000000E+00
  0.00000000E+00  0.00000000E+00  0.00000000E+00  0.00000000E+00  0.00000000E+00
  0.00000000E+00  0.00000000E+00  0.00000000E+00  0.00000000E+00  0.00000000E+00
  0.00000000E+00  0.00000000E+00  0.00000000E+00  0.00000000E+00  0.00000000E+00
  0.00000000E+00  0.00000000E+00  0.00000000E+00  0.00000000E+00  0.00000000E+00
  0.00000000E+00  0.00000000E+00  0.00000000E+00  0.00000000E+00  0.00000000E+00
  0.00000000E+00  0.00000000E+00  0.00000000E+00  0.00000000E+00  0.00000000E+00
  0.00000000E+00  0.00000000E+00  0.00000000E+00  0.00000000E+00  0.00000000E+00
  0.00000000E+00  0.00000000E+00  0.00000000E+00  0.00000000E+00  0.00000000E+00
  0.00000000E+00
  0.10000000E+01  0.25549570E+01  0.34436468E+01  0.36632098E+01  0.34290685E+01
  0.29169905E+01  0.23012423E+01  0.17012582E+01  0.11895783E+01  0.78875368E+00
  0.50223759E+00  0.30458740E+00  0.18010058E+00  0.10134457E+00  0.56504103E-01
  0.29823368E-01  0.15871077E-01  0.79223487E-02  0.40636222E-02  0.19304434E-02
  0.96181451E-03  0.43687860E-03  0.21265830E-03  0.92613157E-04  0.44163824E-04
  0.18391769E-04  0.85314287E-05  0.33093332E-05  0.14399002E-05  0.48244832E-06
  0.18840204E-06  0.52063584E-07  0.15141003E-07  0.00000000E+00  0.00000000E+00
  0.00000000E+00  0.00000000E+00  0.00000000E+00  0.00000000E+00  0.00000000E+00
  0.00000000E+00  0.00000000E+00  0.00000000E+00  0.00000000E+00  0.00000000E+00
  0.00000000E+00  0.00000000E+00  0.00000000E+00  0.00000000E+00  0.00000000E+00
  0.00000000E+00  0.00000000E+00  0.00000000E+00  0.00000000E+00  0.00000000E+00
  0.00000000E+00  0.00000000E+00  0.00000000E+00  0.00000000E+00  0.00000000E+00
  0.00000000E+00  0.00000000E+00  0.00000000E+00  0.00000000E+00  0.00000000E+00
  0.00000000E+00  0.00000000E+00  0.00000000E+00  0.00000000E+00  0.00000000E+00
  0.00000000E+00  0.00000000E+00  0.00000000E+00  0.00000000E+00  0.00000000E+00
  0.00000000E+00  0.00000000E+00  0.00000000E+00  0.00000000E+00  0.00000000E+00
  0.00000000E+00  0.00000000E+00  0.00000000E+00  0.00000000E+00  0.00000000E+00
  0.00000000E+00  0.00000000E+00  0.00000000E+00  0.00000000E+00  0.00000000E+00
  0.00000000E+00  0.00000000E+00  0.00000000E+00  0.00000000E+00  0.00000000E+00
  0.00000000E+00
  0.10000000E+01  0.25873171E+01  0.35612591E+01  0.39065779E+01  0.38022448E+01
  0.33945965E+01  0.28298980E+01  0.22297106E+01  0.16680875E+01  0.11929136E+01
  0.81972247E+00  0.54087944E+00  0.34712369E+00  0.21387115E+00  0.12991469E+00
  0.75429419E-01  0.43845260E-01  0.24159781E-01  0.13560049E-01  0.71301682E-02
  0.38927352E-02  0.19616204E-02  0.10479091E-02  0.50772259E-03  0.26657232E-03
  0.12444603E-03  0.64377871E-04  0.28947777E-04  0.14728318E-04  0.63135098E-05
  0.31012502E-05  0.12064601E-05  0.54533633E-06  0.00000000E+00  0.00000000E+00
  0.00000000E+00  0.00000000E+00  0.00000000E+00  0.00000000E+00  0.00000000E+00
  0.00000000E+00  0.00000000E+00  0.00000000E+00  0.00000000E+00  0.00000000E+00
  0.00000000E+00  0.00000000E+00  0.00000000E+00  0.00000000E+00  0.00000000E+00
  0.00000000E+00  0.00000000E+00  0.00000000E+00  0.00000000E+00  0.00000000E+00
  0.00000000E+00  0.00000000E+00  0.00000000E+00  0.00000000E+00  0.00000000E+00
  0.00000000E+00  0.00000000E+00  0.00000000E+00  0.00000000E+00  0.00000000E+00
  0.00000000E+00  0.00000000E+00  0.00000000E+00  0.00000000E+00  0.00000000E+00
  0.00000000E+00  0.00000000E+00  0.00000000E+00  0.00000000E+00  0.00000000E+00
  0.00000000E+00  0.00000000E+00  0.00000000E+00  0.00000000E+00  0.00000000E+00
  0.00000000E+00  0.00000000E+00  0.00000000E+00  0.00000000E+00  0.00000000E+00
  0.00000000E+00  0.00000000E+00  0.00000000E+00  0.00000000E+00  0.00000000E+00
  0.00000000E+00  0.00000000E+00  0.00000000E+00  0.00000000E+00  0.00000000E+00
  0.00000000E+00
  0.10000000E+01  0.26100831E+01  0.36479187E+01  0.40924425E+01  0.41004564E+01
  0.37961113E+01  0.33013190E+01  0.27317849E+01  0.21549578E+01  0.16352657E+01
  0.11940458E+01  0.84260705E+00  0.57764229E+00  0.38287914E+00  0.24929790E+00
  0.15641929E+00  0.97678211E-01  0.58369411E-01  0.35245649E-01  0.20155516E-01
  0.11849665E-01  0.65096087E-02  0.37472357E-02  0.19836400E-02  0.11230823E-02
  0.57430676E-03  0.32084838E-03  0.15876742E-03  0.87673864E-04  0.41992514E-04
  0.22906967E-04  0.10580385E-04  0.56613420E-05  0.24672247E-05  0.12542630E-05
  0.47982268E-06  0.00000000E+00  0.00000000E+00  0.00000000E+00  0.00000000E+00
  0.00000000E+00  0.00000000E+00  0.00000000E+00  0.00000000E+00  0.00000000E+00
  0.00000000E+00  0.00000000E+00  0.00000000E+00  0.00000000E+00  0.00000000E+00
  0.00000000E+00  0.00000000E+00  0.00000000E+00  0.00000000E+00  0.00000000E+00
  0.00000000E+00  0.00000000E+00  0.00000000E+00  0.00000000E+00  0.00000000E+00
  0.00000000E+00  0.00000000E+00  0.00000000E+00  0.00000000E+00  0.00000000E+00
  0.00000000E+00  0.00000000E+00  0.00000000E+00  0.00000000E+00  0.00000000E+00
  0.00000000E+00  0.00000000E+00  0.00000000E+00  0.00000000E+00  0.00000000E+00
  0.00000000E+00  0.00000000E+00  0.00000000E+00  0.00000000E+00  0.00000000E+00
  0.00000000E+00  0.00000000E+00  0.00000000E+00  0.00000000E+00  0.00000000E+00
  0.00000000E+00  0.00000000E+00  0.00000000E+00  0.00000000E+00  0.00000000E+00
  0.00000000E+00  0.00000000E+00  0.00000000E+00  0.00000000E+00  0.00000000E+00
  0.00000000E+00
  0.10000000E+01  0.26258168E+01  0.37113363E+01  0.42332278E+01  0.43357370E+01
  0.41269107E+01  0.37094167E+01  0.31896011E+01  0.26248600E+01  0.20883679E+01
  0.16018921E+01  0.11935329E+01  0.86369223E+00  0.60772294E+00  0.41903793E+00
  0.28028401E+00  0.18573806E+00  0.11872062E+00  0.76173064E-01  0.46723811E-01
  0.29209807E-01  0.17252976E-01  0.10564917E-01  0.60261333E-02  0.36301272E-02
  0.20044500E-02  0.11917939E-02  0.63838963E-03  0.37548081E-03  0.19541534E-03
  0.11380086E-03  0.57565762E-04  0.33160231E-04  0.16270767E-04  0.92368317E-05
  0.43590277E-05  0.24034110E-05  0.10487367E-05  0.53772565E-06  0.00000000E+00
  0.00000000E+00  0.00000000E+00  0.00000000E+00  0.00000000E+00  0.00000000E+00
  0.00000000E+00  0.00000000E+00  0.00000000E+00  0.00000000E+00  0.00000000E+00
  0.00000000E+00  0.00000000E+00  0.00000000E+00  0.00000000E+00  0.00000000E+00
  0.00000000E+00  0.00000000E+00  0.00000000E+00  0.00000000E+00  0.00000000E+00
  0.00000000E+00  0.00000000E+00  0.00000000E+00  0.00000000E+00  0.00000000E+00
  0.00000000E+00  0.00000000E+00  0.00000000E+00  0.00000000E+00  0.00000000E+00
  0.00000000E+00  0.00000000E+00  0.00000000E+00  0.00000000E+00  0.00000000E+00
  0.00000000E+00  0.00000000E+00  0.00000000E+00  0.00000000E+00  0.00000000E+00
  0.00000000E+00  0.00000000E+00  0.00000000E+00  0.00000000E+00  0.00000000E+00
  0.00000000E+00  0.00000000E+00  0.00000000E+00  0.00000000E+00  0.00000000E+00
  0.00000000E+00  0.00000000E+00  0.00000000E+00  0.00000000E+00  0.00000000E+00
  0.00000000E+00
  0.10000000E+01  0.26362868E+01  0.37571031E+01  0.43387571E+01  0.45194829E+01
  0.43958254E+01  0.40560703E+01  0.35961591E+01  0.30628937E+01  0.25322655E+01
  0.20228982E+01  0.15760180E+01  0.11930464E+01  0.88209681E+00  0.63818753E+00
  0.45028602E+00  0.31371208E+00  0.21218661E+00  0.14330478E+00  0.93262058E-01
  0.61412258E-01  0.38573789E-01  0.24887419E-01  0.15126845E-01  0.96013632E-02
  0.56603595E-02  0.35458404E-02  0.20319140E-02  0.12591985E-02  0.70276767E-03
  0.43145362E-03  0.23489630E-03  0.14290479E-03  0.75942776E-04  0.45719574E-04
  0.23680418E-04  0.14058088E-04  0.70629903E-05  0.41088909E-05  0.19725594E-05
  0.10981347E-05  0.47621103E-06  0.00000000E+00  0.00000000E+00  0.00000000E+00
  0.00000000E+00  0.00000000E+00  0.00000000E+00  0.00000000E+00  0.00000000E+00
  0.00000000E+00  0.00000000E+00  0.00000000E+00  0.00000000E+00  0.00000000E+00
  0.00000000E+00  0.00000000E+00  0.00000000E+00  0.00000000E+00  0.00000000E+00
  0.00000000E+00  0.00000000E+00  0.00000000E+00  0.00000000E+00  0.00000000E+00
  0.00000000E+00  0.00000000E+00  0.00000000E+00  0.00000000E+00  0.00000000E+00
  0.00000000E+00  0.00000000E+00  0.00000000E+00  0.00000000E+00  0.00000000E+00
  0.00000000E+00  0.00000000E+00  0.00000000E+00  0.00000000E+00  0.00000000E+00
  0.00000000E+00  0.00000000E+00  0.00000000E+00  0.00000000E+00  0.00000000E+00
  0.00000000E+00  0.00000000E+00  0.00000000E+00  0.00000000E+00  0.00000000E+00
  0.00000000E+00  0.00000000E+00  0.00000000E+00  0.00000000E+00  0.00000000E+00
  0.00000000E+00
  0.10000000E+01  0.26427707E+01  0.37893926E+01  0.44168140E+01  0.46617925E+01
  0.46126744E+01  0.43474072E+01  0.39516561E+01  0.34626000E+01  0.29548983E+01
  0.24421908E+01  0.19748517E+01  0.15530163E+01  0.11970579E+01  0.90223206E+00
  0.66599176E+00  0.48427652E+00  0.34367263E+00  0.24253480E+00  0.16601395E+00
  0.11430389E+00  0.75674971E-01  0.51064771E-01  0.32777772E-01  0.21759185E-01
  0.13571166E-01  0.88897985E-02  0.53986450E-02  0.34975865E-02  0.20723381E-02
  0.13299374E-02  0.77032056E-03  0.49008210E-03  0.27796449E-03  0.17528308E-03
  0.97436307E-04  0.60805846E-04  0.33092633E-04  0.20361303E-04  0.10801592E-04
  0.65151249E-05  0.33427448E-05  0.19579902E-05  0.94752403E-06  0.00000000E+00
  0.00000000E+00  0.00000000E+00  0.00000000E+00  0.00000000E+00  0.00000000E+00
  0.00000000E+00  0.00000000E+00  0.00000000E+00  0.00000000E+00  0.00000000E+00
  0.00000000E+00  0.00000000E+00  0.00000000E+00  0.00000000E+00  0.00000000E+00
  0.00000000E+00  0.00000000E+00  0.00000000E+00  0.00000000E+00  0.00000000E+00
  0.00000000E+00  0.00000000E+00  0.00000000E+00  0.00000000E+00  0.00000000E+00
  0.00000000E+00  0.00000000E+00  0.00000000E+00  0.00000000E+00  0.00000000E+00
  0.00000000E+00  0.00000000E+00  0.00000000E+00  0.00000000E+00  0.00000000E+00
  0.00000000E+00  0.00000000E+00  0.00000000E+00  0.00000000E+00  0.00000000E+00
  0.00000000E+00  0.00000000E+00  0.00000000E+00  0.00000000E+00  0.00000000E+00
  0.00000000E+00  0.00000000E+00  0.00000000E+00  0.00000000E+00  0.00000000E+00
  0.00000000E+00
  0.10000000E+01  0.26462366E+01  0.38114287E+01  0.44736644E+01  0.47714179E+01
  0.47871215E+01  0.45915319E+01  0.42606234E+01  0.38235479E+01  0.33508729E+01
  0.28507267E+01  0.23789712E+01  0.19328806E+01  0.15435858E+01  0.12051513E+01
  0.92460682E+00  0.69767188E+00  0.51594818E+00  0.37825698E+00  0.27041486E+00
  0.19354039E+00  0.13408751E+00  0.94080279E-01  0.63307014E-01  0.43697572E-01
  0.28617851E-01  0.19488316E-01  0.12446263E-01  0.83802778E-02  0.52295465E-02
  0.34868958E-02  0.21303354E-02  0.14079439E-02  0.84380998E-03  0.55294677E-03
  0.32564718E-03  0.21150125E-03  0.12253392E-03  0.78759591E-04  0.44865816E-04
  0.28442994E-04  0.15871638E-04  0.98623008E-05  0.53488417E-05  0.32344777E-05
  0.16865702E-05  0.97830769E-06  0.00000000E+00  0.00000000E+00  0.00000000E+00
  0.00000000E+00  0.00000000E+00  0.00000000E+00  0.00000000E+00  0.00000000E+00
  0.00000000E+00  0.00000000E+00  0.00000000E+00  0.00000000E+00  0.00000000E+00
  0.00000000E+00  0.00000000E+00  0.00000000E+00  0.00000000E+00  0.00000000E+00
  0.00000000E+00  0.00000000E+00  0.00000000E+00  0.00000000E+00  0.00000000E+00
  0.00000000E+00  0.00000000E+00  0.00000000E+00  0.00000000E+00  0.00000000E+00
  0.00000000E+00  0.00000000E+00  0.00000000E+00  0.00000000E+00  0.00000000E+00
  0.00000000E+00  0.00000000E+00  0.00000000E+00  0.00000000E+00  0.00000000E+00
  0.00000000E+00  0.00000000E+00  0.00000000E+00  0.00000000E+00  0.00000000E+00
  0.00000000E+00  0.00000000E+00  0.00000000E+00  0.00000000E+00  0.00000000E+00
  0.00000000E+00
  0.10000000E+01  0.26474543E+01  0.38257930E+01  0.45144642E+01  0.48559220E+01
  0.49282034E+01  0.47972229E+01  0.45299475E+01  0.41492267E+01  0.37197598E+01
  0.32444970E+01  0.27816918E+01  0.23249460E+01  0.19141631E+01  0.15410364E+01
  0.12223589E+01  0.95262845E+00  0.73008327E+00  0.55340179E+00  0.41082416E+00
  0.30419355E+00  0.21923708E+00  0.15918357E+00  0.11160946E+00  0.79724759E-01
  0.54484068E-01  0.38390942E-01  0.25620778E-01  0.17845099E-01  0.11651654E-01
  0.80340334E-02  0.51421027E-02  0.35133950E-02  0.22085923E-02  0.14960660E-02
  0.92543035E-03  0.62149135E-03  0.37893875E-03  0.25217398E-03  0.15173459E-03
  0.99933452E-04  0.59336757E-04  0.38572487E-04  0.22540177E-04  0.14382546E-04
  0.82098747E-05  0.50965568E-05  0.28120014E-05  0.16845309E-05  0.88527806E-06
  0.00000000E+00  0.00000000E+00  0.00000000E+00  0.00000000E+00  0.00000000E+00
  0.00000000E+00  0.00000000E+00  0.00000000E+00  0.00000000E+00  0.00000000E+00
  0.00000000E+00  0.00000000E+00  0.00000000E+00  0.00000000E+00  0.00000000E+00
  0.00000000E+00  0.00000000E+00  0.00000000E+00  0.00000000E+00  0.00000000E+00
  0.00000000E+00  0.00000000E+00  0.00000000E+00  0.00000000E+00  0.00000000E+00
  0.00000000E+00  0.00000000E+00  0.00000000E+00  0.00000000E+00  0.00000000E+00
  0.00000000E+00  0.00000000E+00  0.00000000E+00  0.00000000E+00  0.00000000E+00
  0.00000000E+00  0.00000000E+00  0.00000000E+00  0.00000000E+00  0.00000000E+00
  0.00000000E+00  0.00000000E+00  0.00000000E+00  0.00000000E+00  0.00000000E+00
  0.00000000E+00
  0.10000000E+01  0.26414184E+01  0.38448372E+01  0.45951371E+01  0.50616939E+01
  0.53108339E+01  0.54013240E+01  0.53692353E+01  0.52259857E+01  0.50054212E+01
  0.46996835E+01  0.43567262E+01  0.39578825E+01  0.35582197E+01  0.31360055E+01
  0.27387263E+01  0.23487037E+01  0.19959060E+01  0.16707437E+01  0.13838766E+01
  0.11341726E+01  0.91717546E+00  0.73801754E+00  0.58358838E+00  0.46219949E+00
  0.35792951E+00  0.27960046E+00  0.21236834E+00  0.16390127E+00  0.12228673E+00
  0.93366120E-01  0.68533528E-01  0.51813266E-01  0.37475820E-01  0.28073337E-01
  0.20039132E-01  0.14879767E-01  0.10498273E-01  0.77285367E-02  0.53973846E-02
  0.39396271E-02  0.27269452E-02  0.19734683E-02  0.13554250E-02  0.97244726E-03
  0.66330040E-03  0.47167815E-03  0.31967302E-03  0.22522169E-03  0.15166383E-03
  0.10578425E-03  0.70726108E-04  0.48767173E-04  0.32310648E-04  0.21962459E-04
  0.14361204E-04  0.95645234E-05  0.61130800E-05  0.39310382E-05  0.24103959E-05
  0.14654330E-05  0.84736616E-06  0.00000000E+00  0.00000000E+00  0.00000000E+00
  0.00000000E+00  0.00000000E+00  0.00000000E+00  0.00000000E+00  0.00000000E+00
  0.00000000E+00  0.00000000E+00  0.00000000E+00  0.00000000E+00  0.00000000E+00
  0.00000000E+00  0.00000000E+00  0.00000000E+00  0.00000000E+00  0.00000000E+00
  0.00000000E+00  0.00000000E+00  0.00000000E+00  0.00000000E+00  0.00000000E+00
  0.00000000E+00  0.00000000E+00  0.00000000E+00  0.00000000E+00  0.00000000E+00
  0.00000000E+00  0.00000000E+00  0.00000000E+00  0.00000000E+00  0.00000000E+00
  0.00000000E+00
  0.10000000E+01  0.26376685E+01  0.38648821E+01  0.46706380E+01  0.52508233E+01
  0.56589100E+01  0.59508936E+01  0.61367633E+01  0.62280326E+01  0.62272082E+01
  0.61308809E+01  0.59634214E+01  0.57067637E+01  0.54091659E+01  0.50423231E+01
  0.46645396E+01  0.42459404E+01  0.38393270E+01  0.34210664E+01  0.30281954E+01
  0.26476641E+01  0.22973351E+01  0.19752651E+01  0.16822386E+01  0.14251340E+01
  0.11927687E+01  0.99728479E+00  0.82126701E+00  0.67865391E+00  0.55055693E+00
  0.45014789E+00  0.36018320E+00  0.29163872E+00  0.23043761E+00  0.18489721E+00
  0.14444342E+00  0.11490567E+00  0.88852993E-01  0.70103230E-01  0.53716784E-01
  0.42045215E-01  0.31957458E-01  0.24820842E-01  0.18730685E-01  0.14438568E-01
  0.10826538E-01  0.82846474E-02  0.61767385E-02  0.46929719E-02  0.34808517E-02
  0.26264486E-02  0.19387842E-02  0.14530773E-02  0.10677617E-02  0.79499400E-03
  0.58155920E-03  0.43014022E-03  0.31317901E-03  0.23004871E-03  0.16660819E-03
  0.12145550E-03  0.87390466E-04  0.63126847E-04  0.45029249E-04  0.32140995E-04
  0.22648289E-04  0.15898819E-04  0.11008178E-04  0.75430127E-05  0.50844368E-05
  0.33389128E-05  0.21339837E-05  0.12767269E-05  0.72487942E-06  0.00000000E+00
  0.00000000E+00  0.00000000E+00  0.00000000E+00  0.00000000E+00  0.00000000E+00
  0.00000000E+00  0.00000000E+00  0.00000000E+00  0.00000000E+00  0.00000000E+00
  0.00000000E+00  0.00000000E+00  0.00000000E+00  0.00000000E+00  0.00000000E+00
  0.00000000E+00  0.00000000E+00  0.00000000E+00  0.00000000E+00  0.00000000E+00
  0.00000000E+00
  0.10000000E+01  0.26494953E+01  0.39247947E+01  0.48177713E+01  0.55363719E+01
  0.61173627E+01  0.66105786E+01  0.70052419E+01  0.73153866E+01  0.75195793E+01
  0.76256725E+01  0.76354579E+01  0.75411368E+01  0.73758499E+01  0.71151110E+01
  0.68129599E+01  0.64360794E+01  0.60441848E+01  0.56045305E+01  0.51696719E+01
  0.47146510E+01  0.42768443E+01  0.38428740E+01  0.34320553E+01  0.30429780E+01
  0.26782719E+01  0.23463169E+01  0.20371051E+01  0.17653121E+01  0.15132983E+01
  0.12984186E+01  0.11000114E+01  0.93519075E+00  0.78372408E+00  0.66060891E+00
  0.54812951E+00  0.45830509E+00  0.37683611E+00  0.31266967E+00  0.25498055E+00
  0.21001261E+00  0.16999221E+00  0.13902679E+00  0.11177702E+00  0.90796846E-01
  0.72555276E-01  0.58553268E-01  0.46529848E-01  0.37315916E-01  0.29502544E-01
  0.23519119E-01  0.18507176E-01  0.14669693E-01  0.11492946E-01  0.90604633E-02
  0.70690409E-02  0.55440974E-02  0.43084552E-02  0.33623622E-02  0.26029662E-02
  0.20217378E-02  0.15592029E-02  0.12054255E-02  0.92608567E-03  0.71263604E-03
  0.54529603E-03  0.41758727E-03  0.31812576E-03  0.24233143E-03  0.18367291E-03
  0.13904450E-03  0.10472355E-03  0.78654221E-04  0.58741004E-04  0.43636467E-04
  0.32189085E-04  0.23513594E-04  0.17005602E-04  0.12073388E-04  0.84321523E-05
  0.56780013E-05  0.37055958E-05  0.22152969E-05  0.11941414E-05  0.41166563E-06
  0.00000000E+00  0.00000000E+00  0.00000000E+00  0.00000000E+00  0.00000000E+00
  0.00000000E+00  0.00000000E+00  0.00000000E+00  0.00000000E+00  0.00000000E+00
  0.00000000E+00
  0.10000000E+01  0.26755108E+01  0.40187254E+01  0.50235551E+01  0.58932700E+01
  0.66476506E+01  0.73273976E+01  0.79084795E+01  0.84065499E+01  0.87867714E+01
  0.90677903E+01  0.92358887E+01  0.92954326E+01  0.92647862E+01  0.91283142E+01
  0.89290631E+01  0.86377112E+01  0.83091619E+01  0.79095171E+01  0.74938428E+01
  0.70315185E+01  0.65689665E+01  0.60842891E+01  0.56098738E+01  0.51351978E+01
  0.46767506E+01  0.42353513E+01  0.38127829E+01  0.34191229E+01  0.30446945E+01
  0.27056545E+01  0.23849807E+01  0.21015806E+01  0.18350478E+01  0.16042507E+01
  0.13885573E+01  0.12048857E+01  0.10344776E+01  0.89130075E+00  0.75956284E+00
  0.65002578E+00  0.55017016E+00  0.46779518E+00  0.39345080E+00  0.33247612E+00
  0.27802279E+00  0.23354818E+00  0.19425545E+00  0.16225858E+00  0.13429108E+00
  0.11156564E+00  0.91908165E-01  0.75961601E-01  0.62304570E-01  0.51241279E-01
  0.41854663E-01  0.34260975E-01  0.27873801E-01  0.22713914E-01  0.18408291E-01
  0.14935379E-01  0.12058425E-01  0.97418895E-02  0.78355255E-02  0.63034665E-02
  0.50502551E-02  0.40452421E-02  0.32276913E-02  0.25735775E-02  0.20442230E-02
  0.16217679E-02  0.12815863E-02  0.10108694E-02  0.79395985E-03  0.62189500E-03
  0.48475414E-03  0.37636611E-03  0.29047535E-03  0.22287378E-03  0.16965611E-03
  0.12797204E-03  0.95411814E-04  0.70057241E-04  0.50505635E-04  0.35503657E-04
  0.24234783E-04  0.15773812E-04  0.96093429E-05  0.50764643E-05  0.19302069E-05
 -0.28299503E-06  0.00000000E+00  0.00000000E+00  0.00000000E+00  0.00000000E+00
  0.00000000E+00
  0.10000000E+01  0.27079044E+01  0.41240946E+01  0.52439908E+01  0.62547681E+01
  0.71625253E+01  0.79985146E+01  0.87328564E+01  0.93815309E+01  0.99054748E+01
  0.10330447E+02  0.10634694E+02  0.10831862E+02  0.10929249E+02  0.10919912E+02
  0.10835098E+02  0.10652404E+02  0.10416757E+02  0.10098381E+02  0.97465561E+01
  0.93311756E+01  0.88983603E+01  0.84231145E+01  0.79427498E+01  0.74410003E+01
  0.69429367E+01  0.64425632E+01  0.59517141E+01  0.54741994E+01  0.50097848E+01
  0.45701090E+01  0.41455117E+01  0.37526954E+01  0.33758535E+01  0.30339111E+01
  0.27080978E+01  0.24171682E+01  0.21419858E+01  0.18994579E+01  0.16718819E+01
  0.14733970E+01  0.12887459E+01  0.11290181E+01  0.98177016E+00  0.85520950E+00
  0.73963028E+00  0.64078134E+00  0.55136313E+00  0.47518595E+00  0.40692046E+00
  0.34894663E+00  0.29746445E+00  0.25386015E+00  0.21547274E+00  0.18303717E+00
  0.15471399E+00  0.13083664E+00  0.11014399E+00  0.92738924E-01  0.77760428E-01
  0.65190970E-01  0.54443272E-01  0.45446067E-01  0.37798293E-01  0.31412539E-01
  0.26014201E-01  0.21518993E-01  0.17738354E-01  0.14599441E-01  0.11972522E-01
  0.97984989E-02  0.79880133E-02  0.64951078E-02  0.52581764E-02  0.42424955E-02
  0.34056234E-02  0.27218154E-02  0.21618179E-02  0.17067967E-02  0.13366918E-02
  0.10379397E-02  0.79679330E-03  0.60370683E-03  0.44989395E-03  0.32917510E-03
  0.23564645E-03  0.16431326E-03  0.11057431E-03  0.70723733E-04  0.41915500E-04
  0.21763046E-04  0.83719007E-05 -0.13495057E-06  0.00000000E+00  0.00000000E+00
  0.00000000E+00
  0.10000000E+01  0.27401602E+01  0.42237812E+01  0.54474542E+01  0.65772406E+01
  0.76101709E+01  0.85695212E+01  0.94249582E+01  0.10191898E+02  0.10832881E+02
  0.11376817E+02  0.11799273E+02  0.12119107E+02  0.12336445E+02  0.12450657E+02
  0.12483033E+02  0.12417913E+02  0.12289602E+02  0.12074387E+02  0.11812555E+02
  0.11478044E+02  0.11111476E+02  0.10688991E+02  0.10246758E+02  0.97666790E+01
  0.92767785E+01  0.87669734E+01  0.82550365E+01  0.77395867E+01  0.72278015E+01
  0.67262231E+01  0.62326111E+01  0.57596002E+01  0.52977062E+01  0.48633283E+01
  0.44423061E+01  0.40524973E+01  0.36775161E+01  0.33347647E+01  0.30076298E+01
  0.27117231E+01  0.24316018E+01  0.21803530E+01  0.19445106E+01  0.17344123E+01
  0.15388858E+01  0.13656609E+01  0.12058290E+01  0.10648692E+01  0.93589946E+00
  0.82259380E+00  0.71976634E+00  0.62973172E+00  0.54865420E+00  0.47788177E+00
  0.41461373E+00  0.35954837E+00  0.31065642E+00  0.26822516E+00  0.23078902E+00
  0.19839317E+00  0.16997906E+00  0.14546269E+00  0.12407765E+00  0.10568228E+00
  0.89719446E-01  0.76032286E-01  0.64214131E-01  0.54115570E-01  0.45439049E-01
  0.38052975E-01  0.31739241E-01  0.26387716E-01  0.21838078E-01  0.18001079E-01
  0.14758823E-01  0.12040326E-01  0.97585254E-02  0.78577006E-02  0.62739421E-02
  0.49644521E-02  0.38821541E-02  0.29953180E-02  0.22728625E-02  0.16944258E-02
  0.12375756E-02  0.88334047E-03  0.61157741E-03  0.40704916E-03  0.25653100E-03
  0.15009935E-03  0.78156180E-04  0.32227681E-04  0.44955046E-05 -0.11265593E-04
  0.00000000E+00
  0.10000000E+01  0.27689959E+01  0.43103271E+01  0.56215247E+01  0.68469378E+01
  0.79787375E+01  0.90342011E+01  0.99856232E+01  0.10847330E+02  0.11586249E+02
  0.12231398E+02  0.12758737E+02  0.13188953E+02  0.13517976E+02  0.13748964E+02
  0.13895707E+02  0.13947927E+02  0.13930730E+02  0.13826385E+02  0.13666098E+02
  0.13429037E+02  0.13148561E+02  0.12804150E+02  0.12427689E+02  0.12001968E+02
  0.11554114E+02  0.11072569E+02  0.10577283E+02  0.10063637E+02  0.95432379E+01
  0.90184874E+01  0.84927762E+01  0.79745688E+01  0.74602001E+01  0.69625572E+01
  0.64727003E+01  0.60060359E+01  0.55503251E+01  0.51216920E+01  0.47064248E+01
  0.43199120E+01  0.39484307E+01  0.36056433E+01  0.32788281E+01  0.29793946E+01
  0.26962009E+01  0.24382652E+01  0.21962495E+01  0.19769202E+01  0.17727159E+01
  0.15884556E+01  0.14181764E+01  0.12651227E+01  0.11246833E+01  0.99890160E+00
  0.88425813E+00  0.78192856E+00  0.68924632E+00  0.60679306E+00  0.53255322E+00
  0.46672450E+00  0.40778185E+00  0.35569126E+00  0.30929484E+00  0.26843285E+00
  0.23222109E+00  0.20044428E+00  0.17242341E+00  0.14792970E+00  0.12644057E+00
  0.10773689E+00  0.91415514E-01  0.77279824E-01  0.65017094E-01  0.54457210E-01
  0.45357202E-01  0.37572409E-01  0.30912351E-01  0.25255497E-01  0.20453818E-01
  0.16408280E-01  0.13002999E-01  0.10161250E-01  0.78062406E-02  0.58907079E-02
  0.43561657E-02  0.31504566E-02  0.22132387E-02  0.14990488E-02  0.96696144E-03
  0.58692296E-03  0.32746667E-03  0.16072412E-03  0.59089945E-04  0.10223412E-05
 -0.30455998E-04
  0.10000000E+01  0.27933832E+01  0.43823376E+01  0.57651615E+01  0.70662290E+01
  0.82759825E+01  0.94074608E+01  0.10436885E+02  0.11377190E+02  0.12200480E+02
  0.12933943E+02  0.13555410E+02  0.14085156E+02  0.14516936E+02  0.14855785E+02
  0.15110211E+02  0.15273838E+02  0.15364570E+02  0.15369733E+02  0.15312724E+02
  0.15177773E+02  0.14991149E+02  0.14736338E+02  0.14439927E+02  0.14086964E+02
  0.13701692E+02  0.13272838E+02  0.12820010E+02  0.12337089E+02  0.11837569E+02
  0.11321072E+02  0.10794493E+02  0.10262880E+02  0.97269505E+01  0.91961649E+01
  0.86661522E+01  0.81493694E+01  0.76377881E+01  0.71453528E+01  0.66618633E+01
  0.62013910E+01  0.57528834E+01  0.53294810E+01  0.49203048E+01  0.45368718E+01
  0.41691663E+01  0.38267387E+01  0.35008166E+01  0.31989262E+01  0.29136709E+01
  0.26506955E+01  0.24039400E+01  0.21774273E+01  0.19662949E+01  0.17732494E+01
  0.15944426E+01  0.14315691E+01  0.12816044E+01  0.11455039E+01  0.10208940E+01
  0.90821514E+00  0.80560128E+00  0.71315179E+00  0.62939331E+00  0.55421609E+00
  0.48644730E+00  0.42586381E+00  0.37152504E+00  0.32315550E+00  0.27999995E+00
  0.24176750E+00  0.20784992E+00  0.17796675E+00  0.15162332E+00  0.12856057E+00
  0.10837498E+00  0.90830804E-01  0.75593683E-01  0.62451551E-01  0.51131103E-01
  0.41449784E-01  0.33181581E-01  0.26180019E-01  0.20298371E-01  0.15453959E-01
  0.11529962E-01  0.84143418E-02  0.59677312E-02  0.40844544E-02  0.26679902E-02
  0.16478614E-02  0.94631688E-03  0.49288439E-03  0.21491194E-03  0.55393868E-04
 -0.31773815E-04
  0.10000000E+01  0.28133960E+01  0.44410180E+01  0.58817911E+01  0.72428090E+01
  0.85147943E+01  0.97078651E+01  0.10802352E+02  0.11809643E+02  0.12706752E+02
  0.13518039E+02  0.14223734E+02  0.14842483E+02  0.15367153E+02  0.15803441E+02
  0.16156309E+02  0.16422071E+02  0.16613298E+02  0.16721271E+02  0.16763196E+02
  0.16727609E+02  0.16634690E+02  0.16471734E+02  0.16260189E+02  0.15987783E+02
  0.15675192E+02  0.15312347E+02  0.14917164E+02  0.14483222E+02  0.14024185E+02
  0.13538091E+02  0.13033581E+02  0.12513245E+02  0.11980663E+02  0.11442443E+02
  0.10897673E+02  0.10356010E+02  0.98130034E+01  0.92801874E+01  0.87506948E+01
  0.82367727E+01  0.77302260E+01  0.72430193E+01  0.67665534E+01  0.63117705E+01
  0.58703572E+01  0.54517755E+01  0.50484416E+01  0.46681376E+01  0.43042352E+01
  0.39628404E+01  0.36383410E+01  0.33353078E+01  0.30490961E+01  0.27829587E+01
  0.25331080E+01  0.23017268E+01  0.20857466E+01  0.18865247E+01  0.17015761E+01
  0.15316463E+01  0.13747186E+01  0.12311017E+01  0.10991504E+01  0.97888209E+00
  0.86893901E+00  0.76916160E+00  0.67841840E+00  0.59644730E+00  0.52230642E+00
  0.45567824E+00  0.39577565E+00  0.34226580E+00  0.29447999E+00  0.25208779E+00
  0.21451850E+00  0.18144802E+00  0.15237722E+00  0.12699249E+00  0.10486638E+00
  0.85714423E-01  0.69164551E-01  0.54982279E-01  0.42936586E-01  0.32914164E-01
  0.24723957E-01  0.18166005E-01  0.12974016E-01  0.89444997E-02  0.58904977E-02
  0.36759449E-02  0.21441822E-02  0.11494784E-02  0.53712267E-03  0.18448860E-03
 -0.91086546E-05
    91
  0.10000000E+01  0.76551578E+00  0.65713120E+00  0.17952583E+00  0.30633119E-01
  0.38185168E-02  0.38175257E-03  0.32413722E-04  0.24232330E-05  0.16301451E-06
  0.99869452E-08  0.56014449E-09  0.27725330E-10  0.12047281E-11 -0.10468481E-11
 -0.11997321E-12 -0.12392193E-11 -0.16927408E-12 -0.15114344E-11 -0.25628890E-12
 -0.17751228E-11 -0.30151205E-12 -0.19089421E-11 -0.28306900E-12 -0.19602780E-11
 -0.25723648E-12 -0.20666915E-11 -0.28295488E-12 -0.22886076E-11 -0.35514694E-12
 -0.25513651E-11 -0.41489332E-12 -0.27270438E-11  0.00000000E+00  0.00000000E+00
  0.00000000E+00  0.00000000E+00  0.00000000E+00  0.00000000E+00  0.00000000E+00
  0.00000000E+00  0.00000000E+00  0.00000000E+00  0.00000000E+00  0.00000000E+00
  0.00000000E+00  0.00000000E+00  0.00000000E+00  0.00000000E+00  0.00000000E+00
  0.00000000E+00  0.00000000E+00  0.00000000E+00  0.00000000E+00  0.00000000E+00
  0.00000000E+00  0.00000000E+00  0.00000000E+00  0.00000000E+00  0.00000000E+00
  0.00000000E+00  0.00000000E+00  0.00000000E+00  0.00000000E+00  0.00000000E+00
  0.00000000E+00  0.00000000E+00  0.00000000E+00  0.00000000E+00  0.00000000E+00
  0.00000000E+00  0.00000000E+00  0.00000000E+00  0.00000000E+00  0.00000000E+00
  0.00000000E+00  0.00000000E+00  0.00000000E+00  0.00000000E+00  0.00000000E+00
  0.00000000E+00  0.00000000E+00  0.00000000E+00  0.00000000E+00  0.00000000E+00
  0.00000000E+00  0.00000000E+00  0.00000000E+00  0.00000000E+00  0.00000000E+00
  0.00000000E+00  0.00000000E+00
  0.10000000E+01  0.14412354E+01  0.11132181E+01  0.48488225E+00  0.15833601E+00
  0.39340306E-01  0.81231858E-02  0.14386351E-02  0.22626294E-03  0.32168515E-04
  0.41902957E-05  0.50300295E-06  0.55719839E-07  0.56889136E-08  0.53287329E-09
  0.45422747E-10  0.20532588E-11 -0.48842180E-12 -0.18942048E-11 -0.96464446E-12
 -0.22381598E-11 -0.11029811E-11 -0.24133141E-11 -0.11175889E-11 -0.24910392E-11
 -0.11165034E-11 -0.26288373E-11 -0.12110342E-11 -0.29031701E-11 -0.13960265E-11
 -0.32256535E-11 -0.15593231E-11 -0.34500959E-11  0.00000000E+00  0.00000000E+00
  0.00000000E+00  0.00000000E+00  0.00000000E+00  0.00000000E+00  0.00000000E+00
  0.00000000E+00  0.00000000E+00  0.00000000E+00  0.00000000E+00  0.00000000E+00
  0.00000000E+00  0.00000000E+00  0.00000000E+00  0.00000000E+00  0.00000000E+00
  0.00000000E+00  0.00000000E+00  0.00000000E+00  0.00000000E+00  0.00000000E+00
  0.00000000E+00  0.00000000E+00  0.00000000E+00  0.00000000E+00  0.00000000E+00
  0.00000000E+00  0.00000000E+00  0.00000000E+00  0.00000000E+00  0.00000000E+00
  0.00000000E+00  0.00000000E+00  0.00000000E+00  0.00000000E+00  0.00000000E+00
  0.00000000E+00  0.00000000E+00  0.00000000E+00  0.00000000E+00  0.00000000E+00
  0.00000000E+00  0.00000000E+00  0.00000000E+00  0.00000000E+00  0.00000000E+00
  0.00000000E+00  0.00000000E+00  0.00000000E+00  0.00000000E+00  0.00000000E+00
  0.00000000E+00  0.00000000E+00  0.00000000E+00  0.00000000E+00  0.00000000E+00
  0.00000000E+00  0.00000000E+00
  0.10000000E+01  0.18967465E+01  0.17132010E+01  0.10058971E+01  0.47513472E+00
  0.17831507E+00  0.58259867E-01  0.16431998E-01  0.42129238E-02  0.97729771E-03
  0.21144699E-03  0.42382771E-04  0.79751846E-05  0.13965037E-05  0.22680294E-06
  0.33985724E-07  0.46806347E-08  0.59149322E-09  0.65894189E-10  0.60149422E-11
 -0.26790917E-11 -0.14572945E-11 -0.36826432E-11 -0.15516464E-11 -0.38551697E-11
 -0.15536690E-11 -0.40888821E-11 -0.16826767E-11 -0.44798998E-11 -0.19296949E-11
 -0.49300091E-11 -0.21567618E-11 -0.52729286E-11  0.00000000E+00  0.00000000E+00
  0.00000000E+00  0.00000000E+00  0.00000000E+00  0.00000000E+00  0.00000000E+00
  0.00000000E+00  0.00000000E+00  0.00000000E+00  0.00000000E+00  0.00000000E+00
  0.00000000E+00  0.00000000E+00  0.00000000E+00  0.00000000E+00  0.00000000E+00
  0.00000000E+00  0.00000000E+00  0.00000000E+00  0.00000000E+00  0.00000000E+00
  0.00000000E+00  0.00000000E+00  0.00000000E+00  0.00000000E+00  0.00000000E+00
  0.00000000E+00  0.00000000E+00  0.00000000E+00  0.00000000E+00  0.00000000E+00
  0.00000000E+00  0.00000000E+00  0.00000000E+00  0.00000000E+00  0.00000000E+00
  0.00000000E+00  0.00000000E+00  0.00000000E+00  0.00000000E+00  0.00000000E+00
  0.00000000E+00  0.00000000E+00  0.00000000E+00  0.00000000E+00  0.00000000E+00
  0.00000000E+00  0.00000000E+00  0.00000000E+00  0.00000000E+00  0.00000000E+00
  0.00000000E+00  0.00000000E+00  0.00000000E+00  0.00000000E+00  0.00000000E+00
  0.00000000E+00  0.00000000E+00
  0.10000000E+01  0.21548912E+01  0.22459712E+01  0.16358056E+01  0.98267762E+00
  0.48814748E+00  0.21621412E+00  0.83752846E-01  0.30079902E-01  0.97710617E-02
  0.30164283E-02  0.86046401E-03  0.23674023E-03  0.60793554E-04  0.15065941E-04
  0.34555785E-05  0.74562458E-06  0.14823840E-06  0.27039524E-07  0.45173630E-08
  0.68688817E-09  0.95942128E-10  0.69576449E-11  0.23868494E-13 -0.58419999E-11
 -0.14554092E-11 -0.64051778E-11 -0.15891883E-11 -0.69658797E-11 -0.18396229E-11
 -0.76029001E-11 -0.21006964E-11 -0.81912861E-11  0.00000000E+00  0.00000000E+00
  0.00000000E+00  0.00000000E+00  0.00000000E+00  0.00000000E+00  0.00000000E+00
  0.00000000E+00  0.00000000E+00  0.00000000E+00  0.00000000E+00  0.00000000E+00
  0.00000000E+00  0.00000000E+00  0.00000000E+00  0.00000000E+00  0.00000000E+00
  0.00000000E+00  0.00000000E+00  0.00000000E+00  0.00000000E+00  0.00000000E+00
  0.00000000E+00  0.00000000E+00  0.00000000E+00  0.00000000E+00  0.00000000E+00
  0.00000000E+00  0.00000000E+00  0.00000000E+00  0.00000000E+00  0.00000000E+00
  0.00000000E+00  0.00000000E+00  0.00000000E+00  0.00000000E+00  0.00000000E+00
  0.00000000E+00  0.00000000E+00  0.00000000E+00  0.00000000E+00  0.00000000E+00
  0.00000000E+00  0.00000000E+00  0.00000000E+00  0.00000000E+00  0.00000000E+00
  0.00000000E+00  0.00000000E+00  0.00000000E+00  0.00000000E+00  0.00000000E+00
  0.00000000E+00  0.00000000E+00  0.00000000E+00  0.00000000E+00  0.00000000E+00
  0.00000000E+00  0.00000000E+00
  0.10000000E+01  0.23133243E+01  0.26632729E+01  0.22457121E+01  0.15905277E+01
  0.96226226E+00  0.52503110E+00  0.25532049E+00  0.11609627E+00  0.48132420E-01
  0.19132135E-01  0.70303816E-02  0.25229025E-02  0.84372172E-03  0.27918712E-03
  0.86238176E-04  0.26455212E-04  0.74649184E-05  0.20622551E-05  0.51205088E-06
  0.11825102E-06  0.24943474E-07  0.47962643E-08  0.84703177E-09  0.12834573E-09
  0.20211345E-10 -0.69135576E-11 -0.42332504E-13 -0.10533164E-10 -0.60563315E-12
 -0.11572095E-10 -0.10489289E-11 -0.12892918E-10  0.00000000E+00  0.00000000E+00
  0.00000000E+00  0.00000000E+00  0.00000000E+00  0.00000000E+00  0.00000000E+00
  0.00000000E+00  0.00000000E+00  0.00000000E+00  0.00000000E+00  0.00000000E+00
  0.00000000E+00  0.00000000E+00  0.00000000E+00  0.00000000E+00  0.00000000E+00
  0.00000000E+00  0.00000000E+00  0.00000000E+00  0.00000000E+00  0.00000000E+00
  0.00000000E+00  0.00000000E+00  0.00000000E+00  0.00000000E+00  0.00000000E+00
  0.00000000E+00  0.00000000E+00  0.00000000E+00  0.00000000E+00  0.00000000E+00
  0.00000000E+00  0.00000000E+00  0.00000000E+00  0.00000000E+00  0.00000000E+00
  0.00000000E+00  0.00000000E+00  0.00000000E+00  0.00000000E+00  0.00000000E+00
  0.00000000E+00  0.00000000E+00  0.00000000E+00  0.00000000E+00  0.00000000E+00
  0.00000000E+00  0.00000000E+00  0.00000000E+00  0.00000000E+00  0.00000000E+00
  0.00000000E+00  0.00000000E+00  0.00000000E+00  0.00000000E+00  0.00000000E+00
  0.00000000E+00  0.00000000E+00
  0.10000000E+01  0.24188002E+01  0.29785661E+01  0.27725338E+01  0.22029740E+01
  0.15320331E+01  0.96906144E+00  0.55628823E+00  0.29964494E+00  0.14898697E+00
  0.71143453E-01  0.31636901E-01  0.13771923E-01  0.56035784E-02  0.22687594E-02
  0.85845962E-03  0.32778064E-03  0.11644552E-03  0.42120667E-04  0.13942831E-04
  0.46706681E-05  0.13715914E-05  0.39976817E-06  0.10241497E-06  0.24044926E-07
  0.51548187E-08  0.99527971E-09  0.18452563E-09  0.14956870E-10  0.70569482E-11
 -0.16604548E-10  0.12466635E-11 -0.20193915E-10  0.00000000E+00  0.00000000E+00
  0.00000000E+00  0.00000000E+00  0.00000000E+00  0.00000000E+00  0.00000000E+00
  0.00000000E+00  0.00000000E+00  0.00000000E+00  0.00000000E+00  0.00000000E+00
  0.00000000E+00  0.00000000E+00  0.00000000E+00  0.00000000E+00  0.00000000E+00
  0.00000000E+00  0.00000000E+00  0.00000000E+00  0.00000000E+00  0.00000000E+00
  0.00000000E+00  0.00000000E+00  0.00000000E+00  0.00000000E+00  0.00000000E+00
  0.00000000E+00  0.00000000E+00  0.00000000E+00  0.00000000E+00  0.00000000E+00
  0.00000000E+00  0.00000000E+00  0.00000000E+00  0.00000000E+00  0.00000000E+00
  0.00000000E+00  0.00000000E+00  0.00000000E+00  0.00000000E+00  0.00000000E+00
  0.00000000E+00  0.00000000E+00  0.00000000E+00  0.00000000E+00  0.00000000E+00
  0.00000000E+00  0.00000000E+00  0.00000000E+00  0.00000000E+00  0.00000000E+00
  0.00000000E+00  0.00000000E+00  0.00000000E+00  0.00000000E+00  0.00000000E+00
  0.00000000E+00  0.00000000E+00
  0.10000000E+01  0.24922258E+01  0.32149850E+01  0.32036559E+01  0.27623647E+01
  0.21223624E+01  0.14950347E+01  0.97000475E+00  0.59221991E+00  0.33779447E+00
  0.18496019E+00  0.95235309E-01  0.47913334E-01  0.22701868E-01  0.10685123E-01
  0.47253372E-02  0.21091597E-02  0.87971264E-03  0.37608094E-03  0.14891709E-03
  0.61256871E-04  0.22960883E-04  0.89797480E-05  0.30749619E-05  0.10910939E-05
  0.31791535E-06  0.92918966E-07  0.23968514E-07  0.56036164E-08  0.12148183E-08
  0.21280768E-09  0.48643099E-10 -0.22785650E-10  0.00000000E+00  0.00000000E+00
  0.00000000E+00  0.00000000E+00  0.00000000E+00  0.00000000E+00  0.00000000E+00
  0.00000000E+00  0.00000000E+00  0.00000000E+00  0.00000000E+00  0.00000000E+00
  0.00000000E+00  0.00000000E+00  0.00000000E+00  0.00000000E+00  0.00000000E+00
  0.00000000E+00  0.00000000E+00  0.00000000E+00  0.00000000E+00  0.00000000E+00
  0.00000000E+00  0.00000000E+00  0.00000000E+00  0.00000000E+00  0.00000000E+00
  0.00000000E+00  0.00000000E+00  0.00000000E+00  0.00000000E+00  0.00000000E+00
  0.00000000E+00  0.00000000E+00  0.00000000E+00  0.00000000E+00  0.00000000E+00
  0.00000000E+00  0.00000000E+00  0.00000000E+00  0.00000000E+00  0.00000000E+00
  0.00000000E+00  0.00000000E+00  0.00000000E+00  0.00000000E+00  0.00000000E+00
  0.00000000E+00  0.00000000E+00  0.00000000E+00  0.00000000E+00  0.00000000E+00
  0.00000000E+00  0.00000000E+00  0.00000000E+00  0.00000000E+00  0.00000000E+00
  0.00000000E+00  0.00000000E+00
  0.10000000E+01  0.25446527E+01  0.33926342E+01  0.35478086E+01  0.32457454E+01
  0.26814139E+01  0.20463507E+01  0.14551681E+01  0.97691346E+00  0.61897601E+00
  0.37640087E+00  0.21724131E+00  0.12219174E+00  0.65287239E-01  0.34514884E-01
  0.17281243E-01  0.86947124E-02  0.41173097E-02  0.19908726E-02  0.89785372E-03
  0.42035968E-03  0.18138967E-03  0.82588739E-04  0.34090535E-04  0.15030529E-04
  0.58195434E-05  0.24065449E-05  0.81949200E-06  0.30198128E-06  0.86325052E-07
  0.24499400E-07  0.62763861E-08  0.14182007E-08  0.00000000E+00  0.00000000E+00
  0.00000000E+00  0.00000000E+00  0.00000000E+00  0.00000000E+00  0.00000000E+00
  0.00000000E+00  0.00000000E+00  0.00000000E+00  0.00000000E+00  0.00000000E+00
  0.00000000E+00  0.00000000E+00  0.00000000E+00  0.00000000E+00  0.00000000E+00
  0.00000000E+00  0.00000000E+00  0.00000000E+00  0.00000000E+00  0.00000000E+00
  0.00000000E+00  0.00000000E+00  0.00000000E+00  0.00000000E+00  0.00000000E+00
  0.00000000E+00  0.00000000E+00  0.00000000E+00  0.00000000E+00  0.00000000E+00
  0.00000000E+00  0.00000000E+00  0.00000000E+00  0.00000000E+00  0.00000000E+00
  0.00000000E+00  0.00000000E+00  0.00000000E+00  0.00000000E+00  0.00000000E+00
  0.00000000E+00  0.00000000E+00  0.00000000E+00  0.00000000E+00  0.00000000E+00
  0.00000000E+00  0.00000000E+00  0.00000000E+00  0.00000000E+00  0.00000000E+00
  0.00000000E+00  0.00000000E+00  0.00000000E+00  0.00000000E+00  0.00000000E+00
  0.00000000E+00  0.00000000E+00
  0.10000000E+01  0.25826447E+01  0.35266977E+01  0.38193651E+01  0.36503335E+01
  0.31824987E+01  0.25807585E+01  0.19677264E+01  0.14216658E+01  0.97737335E+00
  0.64525648E+00  0.40750639E+00  0.25031154E+00  0.14721647E+00  0.85331969E-01
  0.47227927E-01  0.26126192E-01  0.13717363E-01  0.73085161E-02  0.36629393E-02
  0.18934371E-02  0.91017071E-03  0.45907568E-03  0.21235699E-03  0.10490200E-03
  0.46725594E-04  0.22586267E-04  0.95976001E-05  0.44588295E-05  0.17265350E-05
  0.73344589E-06  0.23704254E-06  0.88028796E-07  0.00000000E+00  0.00000000E+00
  0.00000000E+00  0.00000000E+00  0.00000000E+00  0.00000000E+00  0.00000000E+00
  0.00000000E+00  0.00000000E+00  0.00000000E+00  0.00000000E+00  0.00000000E+00
  0.00000000E+00  0.00000000E+00  0.00000000E+00  0.00000000E+00  0.00000000E+00
  0.00000000E+00  0.00000000E+00  0.00000000E+00  0.00000000E+00  0.00000000E+00
  0.00000000E+00  0.00000000E+00  0.00000000E+00  0.00000000E+00  0.00000000E+00
  0.00000000E+00  0.00000000E+00  0.00000000E+00  0.00000000E+00  0.00000000E+00
  0.00000000E+00  0.00000000E+00  0.00000000E+00  0.00000000E+00  0.00000000E+00
  0.00000000E+00  0.00000000E+00  0.00000000E+00  0.00000000E+00  0.00000000E+00
  0.00000000E+00  0.00000000E+00  0.00000000E+00  0.00000000E+00  0.00000000E+00
  0.00000000E+00  0.00000000E+00  0.00000000E+00  0.00000000E+00  0.00000000E+00
  0.00000000E+00  0.00000000E+00  0.00000000E+00  0.00000000E+00  0.00000000E+00
  0.00000000E+00  0.00000000E+00
  0.10000000E+01  0.26103517E+01  0.36281658E+01  0.40322980E+01  0.39825307E+01
  0.36163845E+01  0.30730517E+01  0.24728703E+01  0.18928888E+01  0.13877705E+01
  0.97832544E+00  0.66399117E+00  0.43784419E+00  0.27830541E+00  0.17379893E+00
  0.10439352E+00  0.62370378E-01  0.35651863E-01  0.20549676E-01  0.11240371E-01
  0.62938471E-02  0.33086285E-02  0.18098030E-02  0.91746777E-03  0.49240188E-03
  0.24130308E-03  0.12743645E-03  0.60421232E-04  0.31408528E-04  0.14351408E-04
  0.72840943E-05  0.31295624E-05  0.14969602E-05  0.56231164E-06  0.00000000E+00
  0.00000000E+00  0.00000000E+00  0.00000000E+00  0.00000000E+00  0.00000000E+00
  0.00000000E+00  0.00000000E+00  0.00000000E+00  0.00000000E+00  0.00000000E+00
  0.00000000E+00  0.00000000E+00  0.00000000E+00  0.00000000E+00  0.00000000E+00
  0.00000000E+00  0.00000000E+00  0.00000000E+00  0.00000000E+00  0.00000000E+00
  0.00000000E+00  0.00000000E+00  0.00000000E+00  0.00000000E+00  0.00000000E+00
  0.00000000E+00  0.00000000E+00  0.00000000E+00  0.00000000E+00  0.00000000E+00
  0.00000000E+00  0.00000000E+00  0.00000000E+00  0.00000000E+00  0.00000000E+00
  0.00000000E+00  0.00000000E+00  0.00000000E+00  0.00000000E+00  0.00000000E+00
  0.00000000E+00  0.00000000E+00  0.00000000E+00  0.00000000E+00  0.00000000E+00
  0.00000000E+00  0.00000000E+00  0.00000000E+00  0.00000000E+00  0.00000000E+00
  0.00000000E+00  0.00000000E+00  0.00000000E+00  0.00000000E+00  0.00000000E+00
  0.00000000E+00  0.00000000E+00
  0.10000000E+01  0.26305112E+01  0.37049409E+01  0.41984406E+01  0.42518805E+01
  0.39837523E+01  0.35114799E+01  0.29479107E+01  0.23631320E+01  0.18239488E+01
  0.13560951E+01  0.97571898E+00  0.68190746E+00  0.46191365E+00  0.30674279E+00
  0.19713623E+00  0.12552406E+00  0.77009590E-01  0.47376993E-01  0.27882905E-01
  0.16680321E-01  0.94543529E-02  0.55290581E-02  0.30277052E-02  0.17384305E-02
  0.92206940E-03  0.52150201E-03  0.26842384E-03  0.14984793E-03  0.74902032E-04
  0.41281782E-04  0.20001607E-04  0.10841967E-04  0.50331218E-05  0.26295937E-05
  0.11140248E-05  0.53478029E-06  0.00000000E+00  0.00000000E+00  0.00000000E+00
  0.00000000E+00  0.00000000E+00  0.00000000E+00  0.00000000E+00  0.00000000E+00
  0.00000000E+00  0.00000000E+00  0.00000000E+00  0.00000000E+00  0.00000000E+00
  0.00000000E+00  0.00000000E+00  0.00000000E+00  0.00000000E+00  0.00000000E+00
  0.00000000E+00  0.00000000E+00  0.00000000E+00  0.00000000E+00  0.00000000E+00
  0.00000000E+00  0.00000000E+00  0.00000000E+00  0.00000000E+00  0.00000000E+00
  0.00000000E+00  0.00000000E+00  0.00000000E+00  0.00000000E+00  0.00000000E+00
  0.00000000E+00  0.00000000E+00  0.00000000E+00  0.00000000E+00  0.00000000E+00
  0.00000000E+00  0.00000000E+00  0.00000000E+00  0.00000000E+00  0.00000000E+00
  0.00000000E+00  0.00000000E+00  0.00000000E+00  0.00000000E+00  0.00000000E+00
  0.00000000E+00  0.00000000E+00  0.00000000E+00  0.00000000E+00  0.00000000E+00
  0.00000000E+00  0.00000000E+00
  0.10000000E+01  0.26449968E+01  0.37627627E+01  0.43273408E+01  0.44682566E+01
  0.42901339E+01  0.38931852E+01  0.33806752E+01  0.28134250E+01  0.22640002E+01
  0.17586280E+01  0.13275243E+01  0.97371628E+00  0.69533646E+00  0.48612962E+00
  0.33059331E+00  0.22207916E+00  0.14459788E+00  0.93979806E-01  0.58842622E-01
  0.37220928E-01  0.22490009E-01  0.13914573E-01  0.81375268E-02  0.49447709E-02
  0.28058453E-02  0.16800228E-02  0.92689914E-03  0.54817521E-03  0.29452848E-03
  0.17227265E-03  0.90200953E-04  0.52168079E-04  0.26587965E-04  0.15166897E-04
  0.74839099E-05  0.41726163E-05  0.19452058E-05  0.10235596E-05  0.41974594E-06
  0.00000000E+00  0.00000000E+00  0.00000000E+00  0.00000000E+00  0.00000000E+00
  0.00000000E+00  0.00000000E+00  0.00000000E+00  0.00000000E+00  0.00000000E+00
  0.00000000E+00  0.00000000E+00  0.00000000E+00  0.00000000E+00  0.00000000E+00
  0.00000000E+00  0.00000000E+00  0.00000000E+00  0.00000000E+00  0.00000000E+00
  0.00000000E+00  0.00000000E+00  0.00000000E+00  0.00000000E+00  0.00000000E+00
  0.00000000E+00  0.00000000E+00  0.00000000E+00  0.00000000E+00  0.00000000E+00
  0.00000000E+00  0.00000000E+00  0.00000000E+00  0.00000000E+00  0.00000000E+00
  0.00000000E+00  0.00000000E+00  0.00000000E+00  0.00000000E+00  0.00000000E+00
  0.00000000E+00  0.00000000E+00  0.00000000E+00  0.00000000E+00  0.00000000E+00
  0.00000000E+00  0.00000000E+00  0.00000000E+00  0.00000000E+00  0.00000000E+00
  0.00000000E+00  0.00000000E+00
  0.10000000E+01  0.26551381E+01  0.38058804E+01  0.44265999E+01  0.46407519E+01
  0.45430161E+01  0.42205628E+01  0.37666725E+01  0.32326938E+01  0.26922416E+01
  0.21691004E+01  0.17040947E+01  0.13018767E+01  0.97182626E+00  0.70974691E+00
  0.50629483E+00  0.35599046E+00  0.24381223E+00  0.16607964E+00  0.10963071E+00
  0.72739415E-01  0.46427952E-01  0.30144232E-01  0.18654490E-01  0.11898173E-01
  0.71555917E-02  0.44976454E-02  0.26341396E-02  0.16356009E-02  0.93458260E-03
  0.57421107E-03  0.32058057E-03  0.19502943E-03  0.10645975E-03  0.64084661E-04
  0.34168242E-04  0.20298184E-04  0.10530622E-04  0.61415090E-05  0.30659110E-05
  0.17230335E-05  0.79153117E-06  0.00000000E+00  0.00000000E+00  0.00000000E+00
  0.00000000E+00  0.00000000E+00  0.00000000E+00  0.00000000E+00  0.00000000E+00
  0.00000000E+00  0.00000000E+00  0.00000000E+00  0.00000000E+00  0.00000000E+00
  0.00000000E+00  0.00000000E+00  0.00000000E+00  0.00000000E+00  0.00000000E+00
  0.00000000E+00  0.00000000E+00  0.00000000E+00  0.00000000E+00  0.00000000E+00
  0.00000000E+00  0.00000000E+00  0.00000000E+00  0.00000000E+00  0.00000000E+00
  0.00000000E+00  0.00000000E+00  0.00000000E+00  0.00000000E+00  0.00000000E+00
  0.00000000E+00  0.00000000E+00  0.00000000E+00  0.00000000E+00  0.00000000E+00
  0.00000000E+00  0.00000000E+00  0.00000000E+00  0.00000000E+00  0.00000000E+00
  0.00000000E+00  0.00000000E+00  0.00000000E+00  0.00000000E+00  0.00000000E+00
  0.00000000E+00  0.00000000E+00
  0.10000000E+01  0.26619146E+01  0.38375193E+01  0.45022949E+01  0.47773655E+01
  0.47503442E+01  0.44988183E+01  0.41064811E+01  0.36160983E+01  0.30990901E+01
  0.25752211E+01  0.20924569E+01  0.16550848E+01  0.12829269E+01  0.97273393E+00
  0.72282835E+00  0.52864715E+00  0.37812874E+00  0.26824982E+00  0.18532772E+00
  0.12816132E+00  0.85772601E-01  0.58068876E-01  0.37740635E-01  0.25104968E-01
  0.15880131E-01  0.10410201E-01  0.64217195E-02  0.41585010E-02  0.25063300E-02
  0.16060416E-02  0.94736721E-03  0.60135253E-03  0.34767960E-03  0.21866505E-03
  0.12400613E-03  0.77197341E-04  0.42907474E-04  0.26363651E-04  0.14310985E-04
  0.86362052E-05  0.45474495E-05  0.26722736E-05  0.13358798E-05  0.74044144E-06
  0.00000000E+00  0.00000000E+00  0.00000000E+00  0.00000000E+00  0.00000000E+00
  0.00000000E+00  0.00000000E+00  0.00000000E+00  0.00000000E+00  0.00000000E+00
  0.00000000E+00  0.00000000E+00  0.00000000E+00  0.00000000E+00  0.00000000E+00
  0.00000000E+00  0.00000000E+00  0.00000000E+00  0.00000000E+00  0.00000000E+00
  0.00000000E+00  0.00000000E+00  0.00000000E+00  0.00000000E+00  0.00000000E+00
  0.00000000E+00  0.00000000E+00  0.00000000E+00  0.00000000E+00  0.00000000E+00
  0.00000000E+00  0.00000000E+00  0.00000000E+00  0.00000000E+00  0.00000000E+00
  0.00000000E+00  0.00000000E+00  0.00000000E+00  0.00000000E+00  0.00000000E+00
  0.00000000E+00  0.00000000E+00  0.00000000E+00  0.00000000E+00  0.00000000E+00
  0.00000000E+00  0.00000000E+00
  0.10000000E+01  0.26660765E+01  0.38601977E+01  0.45593514E+01  0.48850240E+01
  0.49198207E+01  0.47344694E+01  0.44037733E+01  0.39632635E+01  0.34800371E+01
  0.29692870E+01  0.24830425E+01  0.20237978E+01  0.16203401E+01  0.12691789E+01
  0.97696071E+00  0.73944110E+00  0.54917909E+00  0.40367128E+00  0.29014974E+00
  0.20805665E+00  0.14511266E+00  0.10191307E+00  0.69132549E-01  0.47713835E-01
  0.31544268E-01  0.21455704E-01  0.13850633E-01  0.93053224E-02  0.58762199E-02
  0.39060727E-02  0.24171896E-02  0.15916236E-02  0.96680811E-03  0.63098589E-03
  0.37676790E-03  0.24370724E-03  0.14316649E-03  0.91678887E-04  0.52957249E-04
  0.33478034E-04  0.18953042E-04  0.11765948E-04  0.64853823E-05  0.39281370E-05
  0.20863150E-05  0.12141720E-05  0.59908135E-06  0.00000000E+00  0.00000000E+00
  0.00000000E+00  0.00000000E+00  0.00000000E+00  0.00000000E+00  0.00000000E+00
  0.00000000E+00  0.00000000E+00  0.00000000E+00  0.00000000E+00  0.00000000E+00
  0.00000000E+00  0.00000000E+00  0.00000000E+00  0.00000000E+00  0.00000000E+00
  0.00000000E+00  0.00000000E+00  0.00000000E+00  0.00000000E+00  0.00000000E+00
  0.00000000E+00  0.00000000E+00  0.00000000E+00  0.00000000E+00  0.00000000E+00
  0.00000000E+00  0.00000000E+00  0.00000000E+00  0.00000000E+00  0.00000000E+00
  0.00000000E+00  0.00000000E+00  0.00000000E+00  0.00000000E+00  0.00000000E+00
  0.00000000E+00  0.00000000E+00  0.00000000E+00  0.00000000E+00  0.00000000E+00
  0.00000000E+00  0.00000000E+00
  0.10000000E+01  0.26671711E+01  0.38971699E+01  0.46738195E+01  0.51349076E+01
  0.53532404E+01  0.53879653E+01  0.52848387E+01  0.50636284E+01  0.47651538E+01
  0.43907966E+01  0.39883117E+01  0.35490471E+01  0.31203398E+01  0.26901832E+01
  0.22943051E+01  0.19226001E+01  0.15937609E+01  0.13023560E+01  0.10514254E+01
  0.84045592E+00  0.66202881E+00  0.51915937E+00  0.39968750E+00  0.30828314E+00
  0.23234199E+00  0.17665331E+00  0.13053539E+00  0.98012445E-01  0.71116677E-01
  0.52809799E-01  0.37682392E-01  0.27704480E-01  0.19469554E-01  0.14183293E-01
  0.98312439E-02  0.71000483E-02  0.48612272E-02  0.34813910E-02  0.23576808E-02
  0.16744938E-02  0.11230455E-02  0.79094502E-03  0.52586697E-03  0.36714916E-03
  0.24213635E-03  0.16748372E-03  0.10956643E-03  0.74990101E-04  0.48607270E-04
  0.32835604E-04  0.21016620E-04  0.13937419E-04  0.87377475E-05  0.56259913E-05
  0.34070384E-05  0.21021062E-05  0.12150136E-05  0.70792273E-06  0.00000000E+00
  0.00000000E+00  0.00000000E+00  0.00000000E+00  0.00000000E+00  0.00000000E+00
  0.00000000E+00  0.00000000E+00  0.00000000E+00  0.00000000E+00  0.00000000E+00
  0.00000000E+00  0.00000000E+00  0.00000000E+00  0.00000000E+00  0.00000000E+00
  0.00000000E+00  0.00000000E+00  0.00000000E+00  0.00000000E+00  0.00000000E+00
  0.00000000E+00  0.00000000E+00  0.00000000E+00  0.00000000E+00  0.00000000E+00
  0.00000000E+00  0.00000000E+00  0.00000000E+00  0.00000000E+00  0.00000000E+00
  0.00000000E+00  0.00000000E+00
  0.10000000E+01  0.26611349E+01  0.39070246E+01  0.47273156E+01  0.52834612E+01
  0.56418224E+01  0.58589039E+01  0.59573069E+01  0.59539128E+01  0.58609676E+01
  0.56781397E+01  0.54341413E+01  0.51154943E+01  0.47675630E+01  0.43697270E+01
  0.39714807E+01  0.35521159E+01  0.31529081E+01  0.27583782E+01  0.23947029E+01
  0.20541168E+01  0.17467296E+01  0.14723022E+01  0.12280023E+01  0.10191698E+01
  0.83487433E+00  0.68346378E+00  0.55056983E+00  0.44525515E+00  0.35315533E+00
  0.28249039E+00  0.22087727E+00  0.17492831E+00  0.13499677E+00  0.10593401E+00
  0.80785338E-01  0.62848699E-01  0.47416780E-01  0.36587252E-01  0.27339336E-01
  0.20929186E-01  0.15505529E-01  0.11779199E-01  0.86604459E-02  0.65299551E-02
  0.47685897E-02  0.35691253E-02  0.25906145E-02  0.19249685E-02  0.13895059E-02
  0.10250728E-02  0.73609224E-03  0.53911297E-03  0.38514481E-03  0.27997452E-03
  0.19892490E-03  0.14343981E-03  0.10127167E-03  0.72349913E-04  0.50674087E-04
  0.35792102E-04  0.24799367E-04  0.17253625E-04  0.11768995E-04  0.80060053E-05
  0.53172225E-05  0.34713227E-05  0.21917192E-05  0.13269155E-05  0.76854783E-06
  0.00000000E+00  0.00000000E+00  0.00000000E+00  0.00000000E+00  0.00000000E+00
  0.00000000E+00  0.00000000E+00  0.00000000E+00  0.00000000E+00  0.00000000E+00
  0.00000000E+00  0.00000000E+00  0.00000000E+00  0.00000000E+00  0.00000000E+00
  0.00000000E+00  0.00000000E+00  0.00000000E+00  0.00000000E+00  0.00000000E+00
  0.00000000E+00  0.00000000E+00
  0.10000000E+01  0.26629667E+01  0.39367848E+01  0.48153900E+01  0.54779723E+01
  0.59810479E+01  0.63772451E+01  0.66693680E+01  0.68752938E+01  0.69828054E+01
  0.69976804E+01  0.69280159E+01  0.67642245E+01  0.65407109E+01  0.62354801E+01
  0.58985262E+01  0.55028339E+01  0.51003685E+01  0.46661959E+01  0.42436717E+01
  0.38148686E+01  0.34086726E+01  0.30163778E+01  0.26511267E+01  0.23131379E+01
  0.20019796E+01  0.17247494E+01  0.14714553E+01  0.12532795E+01  0.10550342E+01
  0.88931749E+00  0.73943282E+00  0.61738207E+00  0.50750222E+00  0.42001286E+00
  0.34166390E+00  0.28043789E+00  0.22595620E+00  0.18402188E+00  0.14699054E+00
  0.11882284E+00  0.94169554E-01  0.75582031E-01  0.59477119E-01  0.47410188E-01
  0.37069908E-01  0.29353834E-01  0.22818940E-01  0.17954150E-01  0.13883587E-01
  0.10856771E-01  0.83547134E-02  0.64947473E-02  0.49755073E-02  0.38458935E-02
  0.29337836E-02  0.22552948E-02  0.17134039E-02  0.13101297E-02  0.99132800E-03
  0.75400737E-03  0.56817597E-03  0.42983455E-03  0.32246190E-03  0.24254876E-03
  0.18103663E-03  0.13528048E-03  0.10033962E-03  0.74369551E-04  0.54697924E-04
  0.40093049E-04  0.29131911E-04  0.21007665E-04  0.14984281E-04  0.10534186E-04
  0.72978544E-05  0.49150658E-05  0.32246503E-05  0.19726962E-05  0.11195360E-05
  0.48578487E-06  0.00000000E+00  0.00000000E+00  0.00000000E+00  0.00000000E+00
  0.00000000E+00  0.00000000E+00  0.00000000E+00  0.00000000E+00  0.00000000E+00
  0.00000000E+00  0.00000000E+00
  0.10000000E+01  0.26773848E+01  0.39993799E+01  0.49628037E+01  0.57525388E+01
  0.64119922E+01  0.69865517E+01  0.74637227E+01  0.78621781E+01  0.81527126E+01
  0.83493785E+01  0.84440910E+01  0.84355204E+01  0.83456457E+01  0.81570751E+01
  0.79129363E+01  0.75864238E+01  0.72293915E+01  0.68129860E+01  0.63872199E+01
  0.59271609E+01  0.54734261E+01  0.50089787E+01  0.45608465E+01  0.41215771E+01
  0.37037052E+01  0.33089026E+01  0.29369442E+01  0.25966218E+01  0.22782645E+01
  0.19950634E+01  0.17316955E+01  0.15030749E+01  0.12916478E+01  0.11119246E+01
  0.94669516E+00  0.80869501E+00  0.68265972E+00  0.57890493E+00  0.48485480E+00
  0.40831913E+00  0.33952521E+00  0.28404109E+00  0.23462968E+00  0.19504509E+00
  0.16014135E+00  0.13231560E+00  0.10803306E+00  0.88741380E-01  0.72082753E-01
  0.58879545E-01  0.47597350E-01  0.38670128E-01  0.31119409E-01  0.25151971E-01
  0.20153901E-01  0.16207760E-01  0.12933108E-01  0.10350123E-01  0.82251297E-02
  0.65507298E-02  0.51842277E-02  0.41088162E-02  0.32376502E-02  0.25530850E-02
  0.20023451E-02  0.15703563E-02  0.12250621E-02  0.95480689E-03  0.74012954E-03
  0.57253893E-03  0.44023457E-03  0.33727033E-03  0.25651901E-03  0.19393538E-03
  0.14524677E-03  0.10774526E-03  0.78915672E-04  0.56978060E-04  0.40442412E-04
  0.28044032E-04  0.18871139E-04  0.12073002E-04  0.72060621E-05  0.37327751E-05
  0.14388539E-05 -0.94630736E-07  0.00000000E+00  0.00000000E+00  0.00000000E+00
  0.00000000E+00  0.00000000E+00
  0.10000000E+01  0.27012165E+01  0.40843513E+01  0.51479889E+01  0.60711685E+01
  0.68836908E+01  0.76218521E+01  0.82635061E+01  0.88270010E+01  0.92743725E+01
  0.96266156E+01  0.98656836E+01  0.99985444E+01  0.10036880E+02  0.99700818E+01
  0.98319442E+01  0.96000674E+01  0.93197777E+01  0.89636347E+01  0.85796770E+01
  0.81411082E+01  0.76917184E+01  0.72098289E+01  0.67299013E+01  0.62382958E+01
  0.57573262E+01  0.52824576E+01  0.48234062E+01  0.43840611E+01  0.39630593E+01
  0.35707912E+01  0.31975572E+01  0.28577572E+01  0.25365135E+01  0.22497908E+01
  0.19804545E+01  0.17440550E+01  0.15234907E+01  0.13325715E+01  0.11557481E+01
  0.10044130E+01  0.86536803E+00  0.74743617E+00  0.64000693E+00  0.54953375E+00
  0.46785748E+00  0.39944904E+00  0.33826241E+00  0.28723151E+00  0.24201261E+00
  0.20442301E+00  0.17142086E+00  0.14405901E+00  0.12025099E+00  0.10055572E+00
  0.83565069E-01  0.69537669E-01  0.57534469E-01  0.47643997E-01  0.39245049E-01
  0.32338381E-01  0.26515007E-01  0.21736725E-01  0.17734845E-01  0.14459147E-01
  0.11733072E-01  0.95078493E-02  0.76672891E-02  0.61696370E-02  0.49383298E-02
  0.39400918E-02  0.31244047E-02  0.24659944E-02  0.19315893E-02  0.15027377E-02
  0.11576143E-02  0.88305481E-03  0.66497646E-03  0.49435916E-03  0.36175134E-03
  0.26003056E-03  0.18230230E-03  0.12363267E-03  0.80120710E-04  0.48875011E-04
  0.27401217E-04  0.13301151E-04  0.45736829E-05 -0.63480774E-06  0.00000000E+00
  0.00000000E+00  0.00000000E+00
  0.10000000E+01  0.27288854E+01  0.41755233E+01  0.53394866E+01  0.63864159E+01
  0.73344270E+01  0.82109409E+01  0.89894301E+01  0.96871110E+01  0.10263894E+02
  0.10745114E+02  0.11108131E+02  0.11366017E+02  0.11523176E+02  0.11575182E+02
  0.11546878E+02  0.11421563E+02  0.11235705E+02  0.10966220E+02  0.10654506E+02
  0.10275817E+02  0.98710682E+01  0.94178980E+01  0.89520701E+01  0.84568684E+01
  0.79594161E+01  0.74506271E+01  0.69471748E+01  0.64480709E+01  0.59595019E+01
  0.54876862E+01  0.50297275E+01  0.45972430E+01  0.41805341E+01  0.37944280E+01
  0.34249858E+01  0.30881470E+01  0.27680991E+01  0.24802026E+01  0.22086499E+01
  0.19670814E+01  0.17409725E+01  0.15416491E+01  0.13565780E+01  0.11946253E+01
  0.10454988E+01  0.91577099E+00  0.79732380E+00  0.69477738E+00  0.60193650E+00
  0.52187582E+00  0.44999288E+00  0.38821264E+00  0.33318843E+00  0.28603763E+00
  0.24436644E+00  0.20875635E+00  0.17751512E+00  0.15088993E+00  0.12769328E+00
  0.10797855E+00  0.90915696E-01  0.76456293E-01  0.64020876E-01  0.53516361E-01
  0.44537446E-01  0.36979595E-01  0.30558395E-01  0.25174786E-01  0.20628741E-01
  0.16834342E-01  0.13650538E-01  0.11007027E-01  0.88046387E-02  0.69887371E-02
  0.54899766E-02  0.42669318E-02  0.32723074E-02  0.24765888E-02  0.18451515E-02
  0.13511304E-02  0.96574654E-03  0.66924381E-03  0.44488533E-03  0.28141836E-03
  0.16720641E-03  0.91702109E-04  0.44226151E-04  0.15978417E-04  0.16051314E-07
  0.00000000E+00  0.00000000E+00
  0.10000000E+01  0.27561261E+01  0.42615222E+01  0.55162637E+01  0.66691734E+01
  0.77296584E+01  0.87177130E+01  0.96063164E+01  0.10411198E+02  0.11094343E+02
  0.11682883E+02  0.12153193E+02  0.12521802E+02  0.12788449E+02  0.12953200E+02
  0.13033476E+02  0.13017810E+02  0.12933997E+02  0.12764123E+02  0.12541527E+02
  0.12245450E+02  0.11911002E+02  0.11517780E+02  0.11098935E+02  0.10637428E+02
  0.10161071E+02  0.96585013E+01  0.91498130E+01  0.86305034E+01  0.81119248E+01
  0.75964026E+01  0.70868527E+01  0.65913953E+01  0.61058281E+01  0.56424144E+01
  0.51917266E+01  0.47683140E+01  0.43595599E+01  0.39805810E+01  0.36174175E+01
  0.32843957E+01  0.29676674E+01  0.26798656E+01  0.24082459E+01  0.21632871E+01
  0.19339047E+01  0.17283249E+01  0.15373266E+01  0.13670392E+01  0.12100607E+01
  0.10707255E+01  0.94325946E+00  0.83055999E+00  0.72822291E+00  0.63806103E+00
  0.55677172E+00  0.48539271E+00  0.42147626E+00  0.36553695E+00  0.31577272E+00
  0.27236578E+00  0.23399376E+00  0.20064170E+00  0.17133979E+00  0.14596840E+00
  0.12381340E+00  0.10471087E+00  0.88132087E-01  0.73903247E-01  0.61631839E-01
  0.51153855E-01  0.42176781E-01  0.34556855E-01  0.28077360E-01  0.22620680E-01
  0.18027651E-01  0.14204391E-01  0.11038431E-01  0.84614643E-02  0.63845188E-02
  0.47343044E-02  0.34269038E-02  0.24052308E-02  0.16205997E-02  0.10416708E-02
  0.63265397E-03  0.36013474E-03  0.18735884E-03  0.84183851E-04  0.25358421E-04
 -0.63735915E-05  0.00000000E+00
  0.10000000E+01  0.27806926E+01  0.43370735E+01  0.56694427E+01  0.69093032E+01
  0.80603173E+01  0.91368478E+01  0.10113739E+02  0.11005146E+02  0.11777210E+02
  0.12456891E+02  0.13021592E+02  0.13489091E+02  0.13856354E+02  0.14126216E+02
  0.14310413E+02  0.14401614E+02  0.14420232E+02  0.14353158E+02  0.14226100E+02
  0.14022738E+02  0.13771673E+02  0.13455676E+02  0.13103491E+02  0.12699480E+02
  0.12269612E+02  0.11802097E+02  0.11317688E+02  0.10809946E+02  0.10292918E+02
  0.97660444E+01  0.92362581E+01  0.87084874E+01  0.81830894E+01  0.76694009E+01
  0.71624169E+01  0.66744254E+01  0.61966101E+01  0.57426842E+01  0.53016045E+01
  0.48871540E+01  0.44874570E+01  0.41153284E+01  0.37591368E+01  0.34300605E+01
  0.31174357E+01  0.28304830E+01  0.25599039E+01  0.23129211E+01  0.20817387E+01
  0.18717369E+01  0.16765777E+01  0.15000660E+01  0.13371704E+01  0.11904277E+01
  0.10559152E+01  0.93520379E+00  0.82527072E+00  0.72699091E+00  0.63804875E+00
  0.55884288E+00  0.48760445E+00  0.42442118E+00  0.36794212E+00  0.31806779E+00
  0.27375906E+00  0.23481839E+00  0.20043991E+00  0.17038174E+00  0.14401716E+00
  0.12109601E+00  0.10112843E+00  0.83880025E-01  0.68971929E-01  0.56204426E-01
  0.45288525E-01  0.36057862E-01  0.28304355E-01  0.21907215E-01  0.16688929E-01
  0.12492290E-01  0.91268628E-02  0.64636877E-02  0.43943035E-02  0.28515976E-02
  0.17522908E-02  0.10149205E-02  0.54469923E-03  0.26277862E-03  0.10124182E-03
  0.13922223E-04 -0.30940897E-04
  0.10000000E+01  0.28017708E+01  0.44008558E+01  0.57976347E+01  0.71074539E+01
  0.83306656E+01  0.94776338E+01  0.10526199E+02  0.11488968E+02  0.12336874E+02
  0.13095402E+02  0.13743897E+02  0.14299862E+02  0.14758754E+02  0.15124845E+02
  0.15405734E+02  0.15597099E+02  0.15713550E+02  0.15745956E+02  0.15713592E+02
  0.15604234E+02  0.15440445E+02  0.15208413E+02  0.14932080E+02  0.14597999E+02
  0.14229113E+02  0.13814354E+02  0.13373430E+02  0.12899212E+02  0.12406560E+02
  0.11893112E+02  0.11368085E+02  0.10833938E+02  0.10294260E+02  0.97557271E+01
  0.92169639E+01  0.86878214E+01  0.81630328E+01  0.76543843E+01  0.71539625E+01
  0.66742722E+01  0.62059569E+01  0.57612074E+01  0.53302455E+01  0.49241874E+01
  0.45335999E+01  0.41680574E+01  0.38189714E+01  0.34941749E+01  0.31861838E+01
  0.29011034E+01  0.26326269E+01  0.23852876E+01  0.21539061E+01  0.19416746E+01
  0.17444213E+01  0.15642571E+01  0.13978617E+01  0.12465230E+01  0.11076108E+01
  0.98181382E+00  0.86705417E+00  0.76359686E+00  0.66980058E+00  0.58565043E+00
  0.50983486E+00  0.44217310E+00  0.38160445E+00  0.32785136E+00  0.28005428E+00
  0.23789232E+00  0.20066444E+00  0.16804858E+00  0.13948298E+00  0.11468487E+00
  0.93213327E-01  0.74824471E-01  0.59200021E-01  0.46168642E-01  0.35436731E-01
  0.26722149E-01  0.19665053E-01  0.14022950E-01  0.95968138E-02  0.62690372E-02
  0.38812902E-02  0.22707398E-02  0.12390060E-02  0.61825598E-03  0.26133027E-03
  0.67941695E-04 -0.31826455E-04
    81
  0.10000000E+01  0.58092531E+00  0.58999481E+00  0.13271985E+00  0.17586826E-01
  0.16870750E-02  0.12945238E-03  0.84249155E-05  0.48217209E-06  0.24797020E-07
  0.11582788E-08  0.49494342E-10  0.80945645E-12  0.11294176E-12 -0.11544937E-11
  0.88617934E-13 -0.12985468E-11  0.77126898E-13 -0.15747677E-11  0.35275265E-13
 -0.18415038E-11  0.23198311E-13 -0.19822109E-11  0.59388182E-13 -0.20450286E-11
  0.10134229E-12 -0.21584453E-11  0.10644891E-12 -0.23847245E-11  0.74399198E-13
 -0.26512372E-11  0.50314550E-13 -0.28332831E-11  0.00000000E+00  0.00000000E+00
  0.00000000E+00  0.00000000E+00  0.00000000E+00  0.00000000E+00  0.00000000E+00
  0.00000000E+00  0.00000000E+00  0.00000000E+00  0.00000000E+00  0.00000000E+00
  0.00000000E+00  0.00000000E+00  0.00000000E+00  0.00000000E+00  0.00000000E+00
  0.00000000E+00  0.00000000E+00  0.00000000E+00  0.00000000E+00  0.00000000E+00
  0.00000000E+00  0.00000000E+00  0.00000000E+00  0.00000000E+00  0.00000000E+00
  0.00000000E+00  0.00000000E+00  0.00000000E+00  0.00000000E+00  0.00000000E+00
  0.00000000E+00  0.00000000E+00  0.00000000E+00  0.00000000E+00  0.00000000E+00
  0.00000000E+00  0.00000000E+00  0.00000000E+00  0.00000000E+00  0.00000000E+00
  0.00000000E+00  0.00000000E+00  0.00000000E+00  0.00000000E+00  0.00000000E+00
  0.00000000E+00  0.00000000E+00
  0.10000000E+01  0.11736087E+01  0.89144885E+00  0.33848418E+00  0.89732088E-01
  0.17824990E-01  0.28838942E-02  0.39865238E-03  0.48676130E-04  0.53600612E-05
  0.53899580E-06  0.49784121E-07  0.42277866E-08  0.32940963E-09  0.22407632E-10
  0.10447775E-11 -0.12200616E-11 -0.60129923E-12 -0.16029100E-11 -0.77908917E-12
 -0.18842288E-11 -0.88773857E-12 -0.20271076E-11 -0.89925022E-12 -0.20803728E-11
 -0.89867053E-12 -0.21902622E-11 -0.97524823E-12 -0.24279042E-11 -0.11258337E-11
 -0.27093731E-11 -0.12564535E-11 -0.28985306E-11  0.00000000E+00  0.00000000E+00
  0.00000000E+00  0.00000000E+00  0.00000000E+00  0.00000000E+00  0.00000000E+00
  0.00000000E+00  0.00000000E+00  0.00000000E+00  0.00000000E+00  0.00000000E+00
  0.00000000E+00  0.00000000E+00  0.00000000E+00  0.00000000E+00  0.00000000E+00
  0.00000000E+00  0.00000000E+00  0.00000000E+00  0.00000000E+00  0.00000000E+00
  0.00000000E+00  0.00000000E+00  0.00000000E+00  0.00000000E+00  0.00000000E+00
  0.00000000E+00  0.00000000E+00  0.00000000E+00  0.00000000E+00  0.00000000E+00
  0.00000000E+00  0.00000000E+00  0.00000000E+00  0.00000000E+00  0.00000000E+00
  0.00000000E+00  0.00000000E+00  0.00000000E+00  0.00000000E+00  0.00000000E+00
  0.00000000E+00  0.00000000E+00  0.00000000E+00  0.00000000E+00  0.00000000E+00
  0.00000000E+00  0.00000000E+00
  0.10000000E+01  0.16793200E+01  0.13897066E+01  0.70981102E+00  0.28114208E+00
  0.87057211E-01  0.22823630E-01  0.51661867E-02  0.10460019E-02  0.19205653E-03
  0.32482652E-04  0.50849512E-05  0.73798243E-06  0.99088146E-07  0.12267933E-07
  0.13961663E-08  0.14409551E-09  0.12965908E-10 -0.10070016E-11 -0.11744293E-11
 -0.25952037E-11 -0.14472973E-11 -0.28123317E-11 -0.14824168E-11 -0.29156188E-11
 -0.14950590E-11 -0.30825608E-11 -0.16211400E-11 -0.33951691E-11 -0.18491775E-11
 -0.37591269E-11 -0.20567423E-11 -0.40231260E-11  0.00000000E+00  0.00000000E+00
  0.00000000E+00  0.00000000E+00  0.00000000E+00  0.00000000E+00  0.00000000E+00
  0.00000000E+00  0.00000000E+00  0.00000000E+00  0.00000000E+00  0.00000000E+00
  0.00000000E+00  0.00000000E+00  0.00000000E+00  0.00000000E+00  0.00000000E+00
  0.00000000E+00  0.00000000E+00  0.00000000E+00  0.00000000E+00  0.00000000E+00
  0.00000000E+00  0.00000000E+00  0.00000000E+00  0.00000000E+00  0.00000000E+00
  0.00000000E+00  0.00000000E+00  0.00000000E+00  0.00000000E+00  0.00000000E+00
  0.00000000E+00  0.00000000E+00  0.00000000E+00  0.00000000E+00  0.00000000E+00
  0.00000000E+00  0.00000000E+00  0.00000000E+00  0.00000000E+00  0.00000000E+00
  0.00000000E+00  0.00000000E+00  0.00000000E+00  0.00000000E+00  0.00000000E+00
  0.00000000E+00  0.00000000E+00
  0.10000000E+01  0.20027600E+01  0.19097950E+01  0.12209034E+01  0.63015318E+00
  0.26370459E+00  0.96403240E-01  0.30723052E-01  0.89160416E-02  0.23530523E-02
  0.58003965E-03  0.13308199E-03  0.28802207E-04  0.58264321E-05  0.11001524E-05
  0.19243105E-06  0.31012702E-07  0.45909778E-08  0.62086520E-09  0.76214933E-10
  0.52636815E-11 -0.92362077E-12 -0.38840255E-11 -0.19133287E-11 -0.41625743E-11
 -0.19475696E-11 -0.44193265E-11 -0.21062507E-11 -0.48351917E-11 -0.23885732E-11
 -0.53159983E-11 -0.26556813E-11 -0.56923277E-11  0.00000000E+00  0.00000000E+00
  0.00000000E+00  0.00000000E+00  0.00000000E+00  0.00000000E+00  0.00000000E+00
  0.00000000E+00  0.00000000E+00  0.00000000E+00  0.00000000E+00  0.00000000E+00
  0.00000000E+00  0.00000000E+00  0.00000000E+00  0.00000000E+00  0.00000000E+00
  0.00000000E+00  0.00000000E+00  0.00000000E+00  0.00000000E+00  0.00000000E+00
  0.00000000E+00  0.00000000E+00  0.00000000E+00  0.00000000E+00  0.00000000E+00
  0.00000000E+00  0.00000000E+00  0.00000000E+00  0.00000000E+00  0.00000000E+00
  0.00000000E+00  0.00000000E+00  0.00000000E+00  0.00000000E+00  0.00000000E+00
  0.00000000E+00  0.00000000E+00  0.00000000E+00  0.00000000E+00  0.00000000E+00
  0.00000000E+00  0.00000000E+00  0.00000000E+00  0.00000000E+00  0.00000000E+00
  0.00000000E+00  0.00000000E+00
  0.10000000E+01  0.22040077E+01  0.23563859E+01  0.17809610E+01  0.11096594E+01
  0.57800373E+00  0.26773944E+00  0.10952077E+00  0.41347108E-01  0.14243713E-01
  0.46359256E-02  0.14062174E-02  0.40882839E-03  0.11200369E-03  0.29475369E-04
  0.72659149E-05  0.16896553E-05  0.36365208E-06  0.72056765E-07  0.13095715E-07
  0.21773709E-08  0.33196815E-09  0.41483569E-10  0.40439765E-11 -0.51556773E-11
 -0.20222114E-11 -0.62685742E-11 -0.22665118E-11 -0.68242877E-11 -0.25671017E-11
 -0.74608252E-11 -0.29003570E-11 -0.80924687E-11  0.00000000E+00  0.00000000E+00
  0.00000000E+00  0.00000000E+00  0.00000000E+00  0.00000000E+00  0.00000000E+00
  0.00000000E+00  0.00000000E+00  0.00000000E+00  0.00000000E+00  0.00000000E+00
  0.00000000E+00  0.00000000E+00  0.00000000E+00  0.00000000E+00  0.00000000E+00
  0.00000000E+00  0.00000000E+00  0.00000000E+00  0.00000000E+00  0.00000000E+00
  0.00000000E+00  0.00000000E+00  0.00000000E+00  0.00000000E+00  0.00000000E+00
  0.00000000E+00  0.00000000E+00  0.00000000E+00  0.00000000E+00  0.00000000E+00
  0.00000000E+00  0.00000000E+00  0.00000000E+00  0.00000000E+00  0.00000000E+00
  0.00000000E+00  0.00000000E+00  0.00000000E+00  0.00000000E+00  0.00000000E+00
  0.00000000E+00  0.00000000E+00  0.00000000E+00  0.00000000E+00  0.00000000E+00
  0.00000000E+00  0.00000000E+00
  0.10000000E+01  0.23381888E+01  0.27150094E+01  0.23145404E+01  0.16538308E+01
  0.10128987E+01  0.55780375E+00  0.27525166E+00  0.12633209E+00  0.53274805E-01
  0.21366260E-01  0.80034501E-02  0.28955799E-02  0.98891995E-03  0.32946028E-03
  0.10403189E-03  0.32043398E-04  0.92445566E-05  0.25550250E-05  0.64791605E-06
  0.15176396E-06  0.32549951E-07  0.63800915E-08  0.11476442E-08  0.18223756E-09
  0.27403595E-10 -0.45120898E-11 -0.12926778E-11 -0.92965931E-11 -0.21395809E-11
 -0.10297149E-10 -0.27284737E-11 -0.11601274E-10  0.00000000E+00  0.00000000E+00
  0.00000000E+00  0.00000000E+00  0.00000000E+00  0.00000000E+00  0.00000000E+00
  0.00000000E+00  0.00000000E+00  0.00000000E+00  0.00000000E+00  0.00000000E+00
  0.00000000E+00  0.00000000E+00  0.00000000E+00  0.00000000E+00  0.00000000E+00
  0.00000000E+00  0.00000000E+00  0.00000000E+00  0.00000000E+00  0.00000000E+00
  0.00000000E+00  0.00000000E+00  0.00000000E+00  0.00000000E+00  0.00000000E+00
  0.00000000E+00  0.00000000E+00  0.00000000E+00  0.00000000E+00  0.00000000E+00
  0.00000000E+00  0.00000000E+00  0.00000000E+00  0.00000000E+00  0.00000000E+00
  0.00000000E+00  0.00000000E+00  0.00000000E+00  0.00000000E+00  0.00000000E+00
  0.00000000E+00  0.00000000E+00  0.00000000E+00  0.00000000E+00  0.00000000E+00
  0.00000000E+00  0.00000000E+00
  0.10000000E+01  0.24331048E+01  0.29972393E+01  0.27856264E+01  0.22016297E+01
  0.15211684E+01  0.95330124E+00  0.54269925E+00  0.28877168E+00  0.14240732E+00
  0.67003311E-01  0.29589010E-01  0.12659250E-01  0.51247098E-02  0.20335873E-02
  0.76711723E-03  0.28601002E-03  0.10135698E-03  0.35527411E-04  0.11670755E-04
  0.37310233E-05  0.10820357E-05  0.29542785E-06  0.73442175E-07  0.16661742E-07
  0.34615071E-08  0.64878716E-09  0.11573943E-09  0.66349070E-11  0.20056168E-11
 -0.13562340E-10 -0.21578337E-11 -0.16598196E-10  0.00000000E+00  0.00000000E+00
  0.00000000E+00  0.00000000E+00  0.00000000E+00  0.00000000E+00  0.00000000E+00
  0.00000000E+00  0.00000000E+00  0.00000000E+00  0.00000000E+00  0.00000000E+00
  0.00000000E+00  0.00000000E+00  0.00000000E+00  0.00000000E+00  0.00000000E+00
  0.00000000E+00  0.00000000E+00  0.00000000E+00  0.00000000E+00  0.00000000E+00
  0.00000000E+00  0.00000000E+00  0.00000000E+00  0.00000000E+00  0.00000000E+00
  0.00000000E+00  0.00000000E+00  0.00000000E+00  0.00000000E+00  0.00000000E+00
  0.00000000E+00  0.00000000E+00  0.00000000E+00  0.00000000E+00  0.00000000E+00
  0.00000000E+00  0.00000000E+00  0.00000000E+00  0.00000000E+00  0.00000000E+00
  0.00000000E+00  0.00000000E+00  0.00000000E+00  0.00000000E+00  0.00000000E+00
  0.00000000E+00  0.00000000E+00
  0.10000000E+01  0.25027777E+01  0.32186685E+01  0.31856235E+01  0.27143891E+01
  0.20532708E+01  0.14197590E+01  0.90230949E+00  0.53814492E+00  0.30001904E+00
  0.15986196E+00  0.80439753E-01  0.39245478E-01  0.18193335E-01  0.82748176E-02
  0.35879247E-02  0.15415276E-02  0.63196957E-03  0.25873152E-03  0.10080204E-03
  0.39317058E-04  0.14389954E-04  0.52067198E-05  0.17049666E-05  0.54054128E-06
  0.15252661E-06  0.39584917E-07  0.93899188E-08  0.20226323E-08  0.40887377E-09
  0.56701757E-10  0.11777277E-10 -0.20879842E-10  0.00000000E+00  0.00000000E+00
  0.00000000E+00  0.00000000E+00  0.00000000E+00  0.00000000E+00  0.00000000E+00
  0.00000000E+00  0.00000000E+00  0.00000000E+00  0.00000000E+00  0.00000000E+00
  0.00000000E+00  0.00000000E+00  0.00000000E+00  0.00000000E+00  0.00000000E+00
  0.00000000E+00  0.00000000E+00  0.00000000E+00  0.00000000E+00  0.00000000E+00
  0.00000000E+00  0.00000000E+00  0.00000000E+00  0.00000000E+00  0.00000000E+00
  0.00000000E+00  0.00000000E+00  0.00000000E+00  0.00000000E+00  0.00000000E+00
  0.00000000E+00  0.00000000E+00  0.00000000E+00  0.00000000E+00  0.00000000E+00
  0.00000000E+00  0.00000000E+00  0.00000000E+00  0.00000000E+00  0.00000000E+00
  0.00000000E+00  0.00000000E+00  0.00000000E+00  0.00000000E+00  0.00000000E+00
  0.00000000E+00  0.00000000E+00
  0.10000000E+01  0.25551775E+01  0.33930252E+01  0.35188657E+01  0.31738555E+01
  0.25721557E+01  0.19190139E+01  0.13287682E+01  0.86673117E+00  0.53254046E+00
  0.31318170E+00  0.17499452E+00  0.94811412E-01  0.49050496E-01  0.24881955E-01
  0.12080579E-01  0.58085163E-02  0.26737966E-02  0.12298948E-02  0.54076867E-03
  0.23943705E-03  0.10089024E-03  0.42984414E-04  0.17199371E-04  0.69016146E-05
  0.25109955E-05  0.90000098E-06  0.27995763E-06  0.82825444E-07  0.22167198E-07
  0.53901928E-08  0.12151515E-08  0.22182884E-09  0.00000000E+00  0.00000000E+00
  0.00000000E+00  0.00000000E+00  0.00000000E+00  0.00000000E+00  0.00000000E+00
  0.00000000E+00  0.00000000E+00  0.00000000E+00  0.00000000E+00  0.00000000E+00
  0.00000000E+00  0.00000000E+00  0.00000000E+00  0.00000000E+00  0.00000000E+00
  0.00000000E+00  0.00000000E+00  0.00000000E+00  0.00000000E+00  0.00000000E+00
  0.00000000E+00  0.00000000E+00  0.00000000E+00  0.00000000E+00  0.00000000E+00
  0.00000000E+00  0.00000000E+00  0.00000000E+00  0.00000000E+00  0.00000000E+00
  0.00000000E+00  0.00000000E+00  0.00000000E+00  0.00000000E+00  0.00000000E+00
  0.00000000E+00  0.00000000E+00  0.00000000E+00  0.00000000E+00  0.00000000E+00
  0.00000000E+00  0.00000000E+00  0.00000000E+00  0.00000000E+00  0.00000000E+00
  0.00000000E+00  0.00000000E+00
  0.10000000E+01  0.25952776E+01  0.35311349E+01  0.37941222E+01  0.35749550E+01
  0.30554905E+01  0.24195382E+01  0.17923904E+01  0.12555825E+01  0.83394696E+00
  0.53099957E+00  0.32302883E+00  0.19054664E+00  0.10784915E+00  0.59794368E-01
  0.31868152E-01  0.16794343E-01  0.85069147E-02  0.42988937E-02  0.20844544E-02
  0.10169410E-02  0.47450158E-03  0.22450846E-03  0.10103383E-03  0.46350714E-04
  0.19982609E-04  0.87462638E-05  0.34841323E-05  0.13852854E-05  0.47569264E-06
  0.16203499E-06  0.47990044E-07  0.13054833E-07  0.00000000E+00  0.00000000E+00
  0.00000000E+00  0.00000000E+00  0.00000000E+00  0.00000000E+00  0.00000000E+00
  0.00000000E+00  0.00000000E+00  0.00000000E+00  0.00000000E+00  0.00000000E+00
  0.00000000E+00  0.00000000E+00  0.00000000E+00  0.00000000E+00  0.00000000E+00
  0.00000000E+00  0.00000000E+00  0.00000000E+00  0.00000000E+00  0.00000000E+00
  0.00000000E+00  0.00000000E+00  0.00000000E+00  0.00000000E+00  0.00000000E+00
  0.00000000E+00  0.00000000E+00  0.00000000E+00  0.00000000E+00  0.00000000E+00
  0.00000000E+00  0.00000000E+00  0.00000000E+00  0.00000000E+00  0.00000000E+00
  0.00000000E+00  0.00000000E+00  0.00000000E+00  0.00000000E+00  0.00000000E+00
  0.00000000E+00  0.00000000E+00  0.00000000E+00  0.00000000E+00  0.00000000E+00
  0.00000000E+00  0.00000000E+00
  0.10000000E+01  0.26263589E+01  0.36412089E+01  0.40207246E+01  0.39196574E+01
  0.34924877E+01  0.28994862E+01  0.22667210E+01  0.16819083E+01  0.11898396E+01
  0.80838568E+00  0.52726911E+00  0.33356051E+00  0.20336942E+00  0.12135276E+00
  0.69901465E-01  0.39747682E-01  0.21812735E-01  0.11916275E-01  0.62714766E-02
  0.33130886E-02  0.16809049E-02  0.86306408E-03  0.42372522E-03  0.21217410E-03
  0.10096035E-03  0.49294277E-04  0.22620688E-04  0.10642963E-04  0.45794368E-05
  0.19912301E-05  0.75265061E-06  0.28696102E-06  0.00000000E+00  0.00000000E+00
  0.00000000E+00  0.00000000E+00  0.00000000E+00  0.00000000E+00  0.00000000E+00
  0.00000000E+00  0.00000000E+00  0.00000000E+00  0.00000000E+00  0.00000000E+00
  0.00000000E+00  0.00000000E+00  0.00000000E+00  0.00000000E+00  0.00000000E+00
  0.00000000E+00  0.00000000E+00  0.00000000E+00  0.00000000E+00  0.00000000E+00
  0.00000000E+00  0.00000000E+00  0.00000000E+00  0.00000000E+00  0.00000000E+00
  0.00000000E+00  0.00000000E+00  0.00000000E+00  0.00000000E+00  0.00000000E+00
  0.00000000E+00  0.00000000E+00  0.00000000E+00  0.00000000E+00  0.00000000E+00
  0.00000000E+00  0.00000000E+00  0.00000000E+00  0.00000000E+00  0.00000000E+00
  0.00000000E+00  0.00000000E+00  0.00000000E+00  0.00000000E+00  0.00000000E+00
  0.00000000E+00  0.00000000E+00
  0.10000000E+01  0.26506652E+01  0.37294045E+01  0.42071026E+01  0.42130930E+01
  0.38799144E+01  0.33458202E+01  0.27316628E+01  0.21243521E+01  0.15824506E+01
  0.11343135E+01  0.78380647E+00  0.52560660E+00  0.34099972E+00  0.21640059E+00
  0.13306947E+00  0.80660509E-01  0.47367739E-01  0.27631960E-01  0.15590438E-01
  0.88062772E-02  0.47969904E-02  0.26366808E-02  0.13919859E-02  0.74740970E-03
  0.38350003E-03  0.20166710E-03  0.10068942E-03  0.51855177E-04  0.25108324E-04
  0.12563762E-04  0.57838694E-05  0.27208678E-05  0.11240320E-05  0.47015140E-06
  0.00000000E+00  0.00000000E+00  0.00000000E+00  0.00000000E+00  0.00000000E+00
  0.00000000E+00  0.00000000E+00  0.00000000E+00  0.00000000E+00  0.00000000E+00
  0.00000000E+00  0.00000000E+00  0.00000000E+00  0.00000000E+00  0.00000000E+00
  0.00000000E+00  0.00000000E+00  0.00000000E+00  0.00000000E+00  0.00000000E+00
  0.00000000E+00  0.00000000E+00  0.00000000E+00  0.00000000E+00  0.00000000E+00
  0.00000000E+00  0.00000000E+00  0.00000000E+00  0.00000000E+00  0.00000000E+00
  0.00000000E+00  0.00000000E+00  0.00000000E+00  0.00000000E+00  0.00000000E+00
  0.00000000E+00  0.00000000E+00  0.00000000E+00  0.00000000E+00  0.00000000E+00
  0.00000000E+00  0.00000000E+00  0.00000000E+00  0.00000000E+00  0.00000000E+00
  0.00000000E+00  0.00000000E+00
  0.10000000E+01  0.26697755E+01  0.38003455E+01  0.43603909E+01  0.44614197E+01
  0.42189280E+01  0.37521520E+01  0.31737246E+01  0.25656039E+01  0.19944625E+01
  0.14950514E+01  0.10841383E+01  0.76357226E+00  0.52203125E+00  0.34902461E+00
  0.22686605E+00  0.14519880E+00  0.90342273E-01  0.55734094E-01  0.33377731E-01
  0.19961949E-01  0.11558341E-01  0.67328609E-02  0.37829996E-02  0.21545532E-02
  0.11781735E-02  0.65800686E-03  0.35093329E-03  0.19255671E-03  0.10024293E-03
  0.54032795E-04  0.27390071E-04  0.14423018E-04  0.70223880E-05  0.35251520E-05
  0.15728062E-05  0.71415117E-06  0.00000000E+00  0.00000000E+00  0.00000000E+00
  0.00000000E+00  0.00000000E+00  0.00000000E+00  0.00000000E+00  0.00000000E+00
  0.00000000E+00  0.00000000E+00  0.00000000E+00  0.00000000E+00  0.00000000E+00
  0.00000000E+00  0.00000000E+00  0.00000000E+00  0.00000000E+00  0.00000000E+00
  0.00000000E+00  0.00000000E+00  0.00000000E+00  0.00000000E+00  0.00000000E+00
  0.00000000E+00  0.00000000E+00  0.00000000E+00  0.00000000E+00  0.00000000E+00
  0.00000000E+00  0.00000000E+00  0.00000000E+00  0.00000000E+00  0.00000000E+00
  0.00000000E+00  0.00000000E+00  0.00000000E+00  0.00000000E+00  0.00000000E+00
  0.00000000E+00  0.00000000E+00  0.00000000E+00  0.00000000E+00  0.00000000E+00
  0.00000000E+00  0.00000000E+00
  0.10000000E+01  0.26848286E+01  0.38575337E+01  0.44864632E+01  0.46707693E+01
  0.45129662E+01  0.41166018E+01  0.35849753E+01  0.29930805E+01  0.24111613E+01
  0.18768581E+01  0.14175551E+01  0.10409483E+01  0.74410367E+00  0.52021073E+00
  0.35458564E+00  0.23779750E+00  0.15550252E+00  0.10067314E+00  0.63476584E-01
  0.39882579E-01  0.24347398E-01  0.14912100E-01  0.88443640E-02  0.52998263E-02
  0.30625175E-02  0.18008219E-02  0.10161758E-02  0.58766560E-03  0.32435290E-03
  0.18471952E-03  0.99774995E-04  0.55939739E-04  0.29514181E-04  0.16224466E-04
  0.82842035E-05  0.43895374E-05  0.20934049E-05  0.10204926E-05  0.42418094E-06
  0.00000000E+00  0.00000000E+00  0.00000000E+00  0.00000000E+00  0.00000000E+00
  0.00000000E+00  0.00000000E+00  0.00000000E+00  0.00000000E+00  0.00000000E+00
  0.00000000E+00  0.00000000E+00  0.00000000E+00  0.00000000E+00  0.00000000E+00
  0.00000000E+00  0.00000000E+00  0.00000000E+00  0.00000000E+00  0.00000000E+00
  0.00000000E+00  0.00000000E+00  0.00000000E+00  0.00000000E+00  0.00000000E+00
  0.00000000E+00  0.00000000E+00  0.00000000E+00  0.00000000E+00  0.00000000E+00
  0.00000000E+00  0.00000000E+00  0.00000000E+00  0.00000000E+00  0.00000000E+00
  0.00000000E+00  0.00000000E+00  0.00000000E+00  0.00000000E+00  0.00000000E+00
  0.00000000E+00  0.00000000E+00
  0.10000000E+01  0.26966657E+01  0.39036531E+01  0.45901063E+01  0.48467906E+01
  0.47664664E+01  0.44401143E+01  0.39616676E+01  0.33985553E+01  0.28212504E+01
  0.22676453E+01  0.17731083E+01  0.13495037E+01  0.10022773E+01  0.72823625E+00
  0.51715458E+00  0.36116623E+00  0.24658772E+00  0.16648404E+00  0.10978414E+00
  0.72009280E-01  0.46038154E-01  0.29458976E-01  0.18318951E-01  0.11475301E-01
  0.69593900E-02  0.42800552E-02  0.25372447E-02  0.15355149E-02  0.89138781E-03
  0.53173221E-03  0.30265746E-03  0.17809976E-03  0.99423577E-04  0.57681181E-04
  0.31528584E-04  0.17974144E-04  0.95566810E-05  0.52916355E-05  0.26686646E-05
  0.13815031E-05  0.62125673E-06  0.00000000E+00  0.00000000E+00  0.00000000E+00
  0.00000000E+00  0.00000000E+00  0.00000000E+00  0.00000000E+00  0.00000000E+00
  0.00000000E+00  0.00000000E+00  0.00000000E+00  0.00000000E+00  0.00000000E+00
  0.00000000E+00  0.00000000E+00  0.00000000E+00  0.00000000E+00  0.00000000E+00
  0.00000000E+00  0.00000000E+00  0.00000000E+00  0.00000000E+00  0.00000000E+00
  0.00000000E+00  0.00000000E+00  0.00000000E+00  0.00000000E+00  0.00000000E+00
  0.00000000E+00  0.00000000E+00  0.00000000E+00  0.00000000E+00  0.00000000E+00
  0.00000000E+00  0.00000000E+00  0.00000000E+00  0.00000000E+00  0.00000000E+00
  0.00000000E+00  0.00000000E+00
  0.10000000E+01  0.27226277E+01  0.40132847E+01  0.48486931E+01  0.53086707E+01
  0.54668864E+01  0.53866597E+01  0.51312744E+01  0.47435282E+01  0.42788324E+01
  0.37645657E+01  0.32460792E+01  0.27378571E+01  0.22690377E+01  0.18441931E+01
  0.14751046E+01  0.11604325E+01  0.89900179E+00  0.68724093E+00  0.51728266E+00
  0.38562781E+00  0.28278583E+00  0.20623124E+00  0.14769358E+00  0.10565911E+00
  0.74054964E-01  0.52092530E-01  0.35799777E-01  0.24811343E-01  0.16747280E-01
  0.11454894E-01  0.76056051E-02  0.51410161E-02  0.33622774E-02  0.22484028E-02
  0.14501680E-02  0.96005131E-03  0.61122952E-03  0.40071528E-03  0.25195194E-03
  0.16350517E-03  0.10148647E-03  0.65093855E-04  0.39805670E-04  0.25149819E-04
  0.15084738E-04  0.93360342E-05  0.54531555E-05  0.32753804E-05  0.18293048E-05
  0.10347246E-05  0.52620434E-06  0.00000000E+00  0.00000000E+00  0.00000000E+00
  0.00000000E+00  0.00000000E+00  0.00000000E+00  0.00000000E+00  0.00000000E+00
  0.00000000E+00  0.00000000E+00  0.00000000E+00  0.00000000E+00  0.00000000E+00
  0.00000000E+00  0.00000000E+00  0.00000000E+00  0.00000000E+00  0.00000000E+00
  0.00000000E+00  0.00000000E+00  0.00000000E+00  0.00000000E+00  0.00000000E+00
  0.00000000E+00  0.00000000E+00  0.00000000E+00  0.00000000E+00  0.00000000E+00
  0.00000000E+00  0.00000000E+00
  0.10000000E+01  0.27296751E+01  0.40558635E+01  0.49640441E+01  0.55396423E+01
  0.58520109E+01  0.59559156E+01  0.58947485E+01  0.56993634E+01  0.54045902E+01
  0.50268194E+01  0.46028919E+01  0.41403422E+01  0.36743817E+01  0.32072040E+01
  0.27657635E+01  0.23492966E+01  0.19731485E+01  0.16354341E+01  0.13406462E+01
  0.10870384E+01  0.87145935E+00  0.69288635E+00  0.54422570E+00  0.42521575E+00
  0.32776839E+00  0.25213924E+00  0.19103038E+00  0.14492433E+00  0.10807292E+00
  0.80973226E-01  0.59510532E-01  0.44088750E-01  0.31972823E-01  0.23445483E-01
  0.16795865E-01  0.12200536E-01  0.86430619E-02  0.62233366E-02  0.43639163E-02
  0.31161872E-02  0.21647835E-02  0.15335433E-02  0.10561718E-02  0.74235598E-03
  0.50711862E-03  0.35361385E-03  0.23962482E-03  0.16567032E-03  0.11130281E-03
  0.76191060E-04  0.50656168E-04  0.34232023E-04  0.22431639E-04  0.14879171E-04
  0.95360276E-05  0.61523749E-05  0.38184145E-05  0.23723890E-05  0.14065537E-05
  0.82166226E-06  0.00000000E+00  0.00000000E+00  0.00000000E+00  0.00000000E+00
  0.00000000E+00  0.00000000E+00  0.00000000E+00  0.00000000E+00  0.00000000E+00
  0.00000000E+00  0.00000000E+00  0.00000000E+00  0.00000000E+00  0.00000000E+00
  0.00000000E+00  0.00000000E+00  0.00000000E+00  0.00000000E+00  0.00000000E+00
  0.00000000E+00  0.00000000E+00
  0.10000000E+01  0.27298287E+01  0.40733206E+01  0.50239023E+01  0.56777849E+01
  0.61039183E+01  0.63546528E+01  0.64590365E+01  0.64433619E+01  0.63240284E+01
  0.61116815E+01  0.58300743E+01  0.54805547E+01  0.50947240E+01  0.46695328E+01
  0.42375528E+01  0.37943310E+01  0.33667968E+01  0.29508659E+01  0.25641937E+01
  0.22040835E+01  0.18784853E+01  0.15864557E+01  0.13280434E+01  0.11038743E+01
  0.90885772E+00  0.74467635E+00  0.60378690E+00  0.48834120E+00  0.39038232E+00
  0.31205191E+00  0.24621918E+00  0.19472081E+00  0.15180420E+00  0.11888234E+00
  0.91661421E-01  0.71136361E-01  0.54294401E-01  0.41783646E-01  0.31596239E-01
  0.24124677E-01  0.18088465E-01  0.13708568E-01  0.10199068E-01  0.76748691E-02
  0.56695979E-02  0.42374862E-02  0.31099148E-02  0.23091095E-02  0.16843851E-02
  0.12426081E-02  0.90120134E-03  0.66056349E-03  0.47636345E-03  0.34685730E-03
  0.24867177E-03  0.17978045E-03  0.12805231E-03  0.91824950E-04  0.64889257E-04
  0.46062707E-04  0.32207091E-04  0.22547109E-04  0.15517120E-04  0.10632670E-04
  0.71261825E-05  0.47094059E-05  0.30199958E-05  0.18833299E-05  0.11255234E-05
  0.63053119E-06  0.00000000E+00  0.00000000E+00  0.00000000E+00  0.00000000E+00
  0.00000000E+00  0.00000000E+00  0.00000000E+00  0.00000000E+00  0.00000000E+00
  0.00000000E+00  0.00000000E+00
  0.10000000E+01  0.27302888E+01  0.40901590E+01  0.50797589E+01  0.58059300E+01
  0.63366399E+01  0.67222772E+01  0.69799151E+01  0.71339264E+01  0.71852422E+01
  0.71426446E+01  0.70173732E+01  0.68078184E+01  0.65386126E+01  0.62030677E+01
  0.58331554E+01  0.54206316E+01  0.49977074E+01  0.45567129E+01  0.41245853E+01
  0.36956100E+01  0.32883681E+01  0.28998236E+01  0.25395574E+01  0.22072526E+01
  0.19046880E+01  0.16337542E+01  0.13906086E+01  0.11785462E+01  0.99047284E+00
  0.83026303E+00  0.68959505E+00  0.57226251E+00  0.47015037E+00  0.38655358E+00
  0.31439270E+00  0.25627863E+00  0.20650614E+00  0.16699055E+00  0.13340893E+00
  0.10707218E+00  0.84865931E-01  0.67629864E-01  0.53213841E-01  0.42120547E-01
  0.32918944E-01  0.25888236E-01  0.20105836E-01  0.15713021E-01  0.12131292E-01
  0.94229062E-02  0.72337983E-02  0.55846715E-02  0.42633312E-02  0.32710059E-02
  0.24828003E-02  0.18924578E-02  0.14275814E-02  0.10803018E-02  0.80919076E-03
  0.60722518E-03  0.45094912E-03  0.33492634E-03  0.24598286E-03  0.18023466E-03
  0.13034237E-03  0.93675360E-04  0.66162416E-04  0.46100826E-04  0.31311880E-04
  0.20777393E-04  0.13324301E-04  0.82529188E-05  0.48616261E-05  0.26687323E-05
  0.13010528E-05  0.47043642E-06  0.00000000E+00  0.00000000E+00  0.00000000E+00
  0.00000000E+00  0.00000000E+00
  0.10000000E+01  0.27350238E+01  0.41191770E+01  0.51578379E+01  0.59651867E+01
  0.66058836E+01  0.71266366E+01  0.75340257E+01  0.78507744E+01  0.80655457E+01
  0.81872810E+01  0.82170488E+01  0.81530423E+01  0.80126929E+01  0.77883567E+01
  0.75082560E+01  0.71623850E+01  0.67832809E+01  0.63607240E+01  0.59259696E+01
  0.54702611E+01  0.50193872E+01  0.45673136E+01  0.41320006E+01  0.37107415E+01
  0.33131595E+01  0.29397623E+01  0.25927892E+01  0.22752949E+01  0.19839436E+01
  0.17233943E+01  0.14867995E+01  0.12794750E+01  0.10929348E+01  0.93238282E+00
  0.78913299E+00  0.66777137E+00  0.56034616E+00  0.47057825E+00  0.39173422E+00
  0.32662641E+00  0.26988408E+00  0.22349924E+00  0.18339050E+00  0.15088221E+00
  0.12299576E+00  0.10055516E+00  0.81460100E-01  0.66185847E-01  0.53294426E-01
  0.43034213E-01  0.34445339E-01  0.27638737E-01  0.21987450E-01  0.17525801E-01
  0.13851710E-01  0.10961400E-01  0.86008641E-02  0.67507028E-02  0.52524440E-02
  0.40829700E-02  0.31443677E-02  0.24154310E-02  0.18359998E-02  0.13887772E-02
  0.10370589E-02  0.76773076E-03  0.55837028E-03  0.39966351E-03  0.27865748E-03
  0.18960248E-03  0.12480551E-03  0.79688923E-04  0.48778489E-04  0.28522849E-04
  0.15558538E-04  0.77209269E-05  0.31882314E-05  0.73891124E-06  0.00000000E+00
  0.00000000E+00  0.00000000E+00
  0.10000000E+01  0.27450564E+01  0.41631850E+01  0.52633625E+01  0.61624313E+01
  0.69193283E+01  0.75751370E+01  0.81276398E+01  0.85974177E+01  0.89643512E+01
  0.92383263E+01  0.94131451E+01  0.94884531E+01  0.94755910E+01  0.93680734E+01
  0.91892128E+01  0.89294488E+01  0.86185093E+01  0.82455395E+01  0.78419240E+01
  0.73971683E+01  0.69401795E+01  0.64624463E+01  0.59872893E+01  0.55093548E+01
  0.50446761E+01  0.45915102E+01  0.41583333E+01  0.37467562E+01  0.33585622E+01
  0.29979532E+01  0.26615662E+01  0.23552006E+01  0.20721238E+01  0.18187542E+01
  0.15866454E+01  0.13820407E+01  0.11961040E+01  0.10343685E+01  0.88852440E+00
  0.76311945E+00  0.65089744E+00  0.55535718E+00  0.47051120E+00  0.39888975E+00
  0.33577216E+00  0.28287829E+00  0.23662396E+00  0.19810252E+00  0.16467748E+00
  0.13699041E+00  0.11315323E+00  0.93502545E-01  0.76716637E-01  0.62940237E-01
  0.51265260E-01  0.41725664E-01  0.33706752E-01  0.27185288E-01  0.21750269E-01
  0.17353865E-01  0.13723702E-01  0.10806294E-01  0.84215916E-02  0.65197434E-02
  0.49826091E-02  0.37681833E-02  0.27984061E-02  0.20409242E-02  0.14485912E-02
  0.10014642E-02  0.66961097E-03  0.43415903E-03  0.27031740E-03  0.16138256E-03
  0.90699316E-04  0.47567748E-04  0.22309727E-04  0.86928528E-05  0.16948686E-05
 -0.16015388E-05  0.00000000E+00
  0.10000000E+01  0.27592821E+01  0.42182758E+01  0.53880063E+01  0.63834686E+01
  0.72562883E+01  0.80407365E+01  0.87278695E+01  0.93357054E+01  0.98387888E+01
  0.10248065E+02  0.10552875E+02  0.10754962E+02  0.10861092E+02  0.10867026E+02
  0.10791157E+02  0.10625810E+02  0.10396367E+02  0.10092951E+02  0.97443330E+01
  0.93398164E+01  0.89080777E+01  0.84393259E+01  0.79590082E+01  0.74597850E+01
  0.69616029E+01  0.64605208E+01  0.59698538E+01  0.54892789E+01  0.50254546E+01
  0.45812668E+01  0.41575480E+01  0.37595743E+01  0.33836921E+01  0.30365848E+01
  0.27116233E+01  0.24159595E+01  0.21414031E+01  0.18948192E+01  0.16676074E+01
  0.14658373E+01  0.12813184E+01  0.11190602E+01  0.97178064E+00  0.84336546E+00
  0.72767180E+00  0.62753857E+00  0.53799746E+00  0.46099873E+00  0.39265982E+00
  0.33423103E+00  0.28276408E+00  0.23899229E+00  0.20073044E+00  0.16835401E+00
  0.14027423E+00  0.11663705E+00  0.96303968E-01  0.79284567E-01  0.64773048E-01
  0.52705005E-01  0.42514619E-01  0.34105610E-01  0.27079985E-01  0.21333548E-01
  0.16588828E-01  0.12748491E-01  0.96163601E-02  0.71120533E-02  0.51146009E-02
  0.35768472E-02  0.24181673E-02  0.15840468E-02  0.99690066E-03  0.60192026E-03
  0.34311439E-03  0.18375247E-03  0.89703942E-04  0.38784344E-04  0.12448273E-04
  0.13524420E-06  0.00000000E+00
  0.10000000E+01  0.27757256E+01  0.42781168E+01  0.55189718E+01  0.66080404E+01
  0.75891130E+01  0.84894361E+01  0.92955015E+01  0.10022686E+02  0.10643160E+02
  0.11168742E+02  0.11586600E+02  0.11900548E+02  0.12114198E+02  0.12225775E+02
  0.12249310E+02  0.12179557E+02  0.12037160E+02  0.11814111E+02  0.11535214E+02
  0.11190701E+02  0.10806898E+02  0.10373905E+02  0.99167935E+01  0.94272204E+01
  0.89266235E+01  0.84094780E+01  0.78920048E+01  0.73721037E+01  0.68601197E+01
  0.63573429E+01  0.58684204E+01  0.53974991E+01  0.49443318E+01  0.45150898E+01
  0.41057947E+01  0.37237165E+01  0.33624139E+01  0.30294029E+01  0.27169539E+01
  0.24321577E+01  0.21669534E+01  0.19275612E+01  0.17062792E+01  0.15082295E+01
  0.13264997E+01  0.11650662E+01  0.10180157E+01  0.88826100E+00  0.77093148E+00
  0.66803271E+00  0.57567603E+00  0.49514191E+00  0.42340629E+00  0.36120621E+00
  0.30623616E+00  0.25885518E+00  0.21732977E+00  0.18177037E+00  0.15089000E+00
  0.12464281E+00  0.10207974E+00  0.83070284E-01  0.66909231E-01  0.53425680E-01
  0.42101721E-01  0.32759675E-01  0.25010438E-01  0.18698072E-01  0.13582688E-01
  0.95827353E-02  0.65327552E-02  0.43120162E-02  0.27347970E-02  0.16638720E-02
  0.95682317E-03  0.51814415E-03  0.25774640E-03  0.11608865E-03  0.42529971E-04
  0.81564388E-05 -0.75282122E-05
  0.10000000E+01  0.27925363E+01  0.43370801E+01  0.56452826E+01  0.68196237E+01
  0.78963940E+01  0.88963541E+01  0.98033594E+01  0.10630365E+02  0.11349382E+02
  0.11972813E+02  0.12487284E+02  0.12898294E+02  0.13207423E+02  0.13415050E+02
  0.13531598E+02  0.13554158E+02  0.13498926E+02  0.13360001E+02  0.13157887E+02
  0.12884320E+02  0.12562289E+02  0.12182590E+02  0.11768397E+02  0.11311241E+02
  0.10832259E+02  0.10325097E+02  0.98071340E+01  0.92749833E+01  0.87412469E+01
  0.82057714E+01  0.76760841E+01  0.71550245E+01  0.66453674E+01  0.61523371E+01
  0.56747219E+01  0.52193260E+01  0.47819547E+01  0.43701555E+01  0.39778010E+01
  0.36124428E+01  0.32669722E+01  0.29483799E+01  0.26493456E+01  0.23759322E+01
  0.21211648E+01  0.18900005E+01  0.16761559E+01  0.14834648E+01  0.13065011E+01
  0.11480668E+01  0.10036345E+01  0.87511914E+00  0.75885234E+00  0.65603615E+00
  0.56375830E+00  0.48269225E+00  0.41055519E+00  0.34764359E+00  0.29219185E+00
  0.24423118E+00  0.20240302E+00  0.16657443E+00  0.13568380E+00  0.10949892E+00
  0.87203626E-01  0.68526252E-01  0.52818172E-01  0.39827707E-01  0.29162847E-01
  0.20717827E-01  0.14216414E-01  0.94394880E-02  0.60225340E-02  0.36850229E-02
  0.21323269E-02  0.11629496E-02  0.58485417E-03  0.26901607E-03  0.10451586E-03
  0.27549154E-04 -0.76264858E-05
    73
  0.10000000E+01  0.44744864E+00  0.55363741E+00  0.10265387E+00  0.10786748E-01
  0.81431826E-03  0.49080589E-04  0.25065358E-05  0.11243837E-06  0.45257960E-08
  0.16420520E-09  0.56575688E-11 -0.10308557E-11  0.22920647E-12 -0.12465096E-11
  0.28706382E-12 -0.14006041E-11  0.30662992E-12 -0.16873034E-11  0.30101607E-12
 -0.19658270E-11  0.31976587E-12 -0.21174342E-11  0.37675023E-12 -0.21925516E-11
  0.43803479E-12 -0.23194088E-11  0.46773141E-12 -0.25573150E-11  0.46915728E-12
 -0.28338206E-11  0.47892261E-12 -0.30271757E-11  0.00000000E+00  0.00000000E+00
  0.00000000E+00  0.00000000E+00  0.00000000E+00  0.00000000E+00  0.00000000E+00
  0.00000000E+00  0.00000000E+00  0.00000000E+00  0.00000000E+00  0.00000000E+00
  0.00000000E+00  0.00000000E+00  0.00000000E+00  0.00000000E+00  0.00000000E+00
  0.00000000E+00  0.00000000E+00  0.00000000E+00  0.00000000E+00  0.00000000E+00
  0.00000000E+00  0.00000000E+00  0.00000000E+00  0.00000000E+00  0.00000000E+00
  0.00000000E+00  0.00000000E+00  0.00000000E+00  0.00000000E+00  0.00000000E+00
  0.00000000E+00  0.00000000E+00  0.00000000E+00  0.00000000E+00  0.00000000E+00
  0.00000000E+00  0.00000000E+00  0.00000000E+00  0.00000000E+00
  0.10000000E+01  0.93859013E+00  0.74604749E+00  0.24925338E+00  0.54096779E-01
  0.86664524E-02  0.11187617E-02  0.12289634E-03  0.11893694E-04  0.10360099E-05
  0.82215271E-07  0.59757653E-08  0.39714825E-09  0.23913090E-10  0.29432561E-12
 -0.28812612E-12 -0.11787724E-11 -0.44091538E-12 -0.14517541E-11 -0.57369368E-12
 -0.17120402E-11 -0.65621569E-12 -0.18390136E-11 -0.65980936E-12 -0.18817875E-11
 -0.65464144E-12 -0.19799192E-11 -0.71145069E-12 -0.21969604E-11 -0.82502146E-12
 -0.24552080E-11 -0.92457879E-12 -0.26283121E-11  0.00000000E+00  0.00000000E+00
  0.00000000E+00  0.00000000E+00  0.00000000E+00  0.00000000E+00  0.00000000E+00
  0.00000000E+00  0.00000000E+00  0.00000000E+00  0.00000000E+00  0.00000000E+00
  0.00000000E+00  0.00000000E+00  0.00000000E+00  0.00000000E+00  0.00000000E+00
  0.00000000E+00  0.00000000E+00  0.00000000E+00  0.00000000E+00  0.00000000E+00
  0.00000000E+00  0.00000000E+00  0.00000000E+00  0.00000000E+00  0.00000000E+00
  0.00000000E+00  0.00000000E+00  0.00000000E+00  0.00000000E+00  0.00000000E+00
  0.00000000E+00  0.00000000E+00  0.00000000E+00  0.00000000E+00  0.00000000E+00
  0.00000000E+00  0.00000000E+00  0.00000000E+00  0.00000000E+00
  0.10000000E+01  0.14396253E+01  0.11240527E+01  0.51138937E+00  0.17103573E+00
  0.44038335E-01  0.93853458E-02  0.17205065E-02  0.27983930E-03  0.41182956E-04
  0.55540274E-05  0.69048370E-06  0.79221767E-07  0.83737472E-08  0.81196172E-09
  0.71622284E-10  0.44050419E-11 -0.45356290E-12 -0.17719915E-11 -0.11196471E-11
 -0.21153013E-11 -0.12727427E-11 -0.22794529E-11 -0.13039152E-11 -0.23436255E-11
 -0.13166595E-11 -0.24690190E-11 -0.14284903E-11 -0.27334843E-11 -0.16284407E-11
 -0.30434653E-11 -0.18061894E-11 -0.32557294E-11  0.00000000E+00  0.00000000E+00
  0.00000000E+00  0.00000000E+00  0.00000000E+00  0.00000000E+00  0.00000000E+00
  0.00000000E+00  0.00000000E+00  0.00000000E+00  0.00000000E+00  0.00000000E+00
  0.00000000E+00  0.00000000E+00  0.00000000E+00  0.00000000E+00  0.00000000E+00
  0.00000000E+00  0.00000000E+00  0.00000000E+00  0.00000000E+00  0.00000000E+00
  0.00000000E+00  0.00000000E+00  0.00000000E+00  0.00000000E+00  0.00000000E+00
  0.00000000E+00  0.00000000E+00  0.00000000E+00  0.00000000E+00  0.00000000E+00
  0.00000000E+00  0.00000000E+00  0.00000000E+00  0.00000000E+00  0.00000000E+00
  0.00000000E+00  0.00000000E+00  0.00000000E+00  0.00000000E+00
  0.10000000E+01  0.18187594E+01  0.15937190E+01  0.90411915E+00  0.40134942E+00
  0.14251259E+00  0.43168785E-01  0.11380970E-01  0.26937828E-02  0.58047580E-03
  0.11560548E-03  0.21394716E-04  0.36885656E-05  0.59099024E-06  0.87628932E-07
  0.11973086E-07  0.15010348E-08  0.17169103E-09  0.15838654E-10  0.15500770E-12
 -0.26423444E-11 -0.18098248E-11 -0.30266475E-11 -0.18828136E-11 -0.31411849E-11
 -0.19178047E-11 -0.33206556E-11 -0.20747476E-11 -0.36534687E-11 -0.23448957E-11
 -0.40434224E-11 -0.25955273E-11 -0.43280769E-11  0.00000000E+00  0.00000000E+00
  0.00000000E+00  0.00000000E+00  0.00000000E+00  0.00000000E+00  0.00000000E+00
  0.00000000E+00  0.00000000E+00  0.00000000E+00  0.00000000E+00  0.00000000E+00
  0.00000000E+00  0.00000000E+00  0.00000000E+00  0.00000000E+00  0.00000000E+00
  0.00000000E+00  0.00000000E+00  0.00000000E+00  0.00000000E+00  0.00000000E+00
  0.00000000E+00  0.00000000E+00  0.00000000E+00  0.00000000E+00  0.00000000E+00
  0.00000000E+00  0.00000000E+00  0.00000000E+00  0.00000000E+00  0.00000000E+00
  0.00000000E+00  0.00000000E+00  0.00000000E+00  0.00000000E+00  0.00000000E+00
  0.00000000E+00  0.00000000E+00  0.00000000E+00  0.00000000E+00
  0.10000000E+01  0.20711255E+01  0.20455749E+01  0.13830741E+01  0.75371722E+00
  0.33838244E+00  0.13252184E+00  0.45689355E-01  0.14319299E-01  0.41065320E-02
  0.10983700E-02  0.27485341E-03  0.64922699E-04  0.14423739E-04  0.30073895E-05
  0.58402323E-06  0.10494295E-06  0.17364285E-07  0.26364959E-08  0.36625553E-09
  0.43553460E-10  0.32171080E-11 -0.33612116E-11 -0.23827800E-11 -0.41420885E-11
 -0.25062191E-11 -0.43971069E-11 -0.27058250E-11 -0.48127428E-11 -0.30347852E-11
 -0.52976118E-11 -0.33533340E-11 -0.56877126E-11  0.00000000E+00  0.00000000E+00
  0.00000000E+00  0.00000000E+00  0.00000000E+00  0.00000000E+00  0.00000000E+00
  0.00000000E+00  0.00000000E+00  0.00000000E+00  0.00000000E+00  0.00000000E+00
  0.00000000E+00  0.00000000E+00  0.00000000E+00  0.00000000E+00  0.00000000E+00
  0.00000000E+00  0.00000000E+00  0.00000000E+00  0.00000000E+00  0.00000000E+00
  0.00000000E+00  0.00000000E+00  0.00000000E+00  0.00000000E+00  0.00000000E+00
  0.00000000E+00  0.00000000E+00  0.00000000E+00  0.00000000E+00  0.00000000E+00
  0.00000000E+00  0.00000000E+00  0.00000000E+00  0.00000000E+00  0.00000000E+00
  0.00000000E+00  0.00000000E+00  0.00000000E+00  0.00000000E+00
  0.10000000E+01  0.22404105E+01  0.24339295E+01  0.18847584E+01  0.11990181E+01
  0.64334817E+00  0.30566849E+00  0.12933422E+00  0.50242576E-01  0.17950023E-01
  0.60237811E-02  0.18979719E-02  0.56970352E-03  0.16232658E-03  0.44188911E-04
  0.11368565E-04  0.27545869E-05  0.62098933E-06  0.12932291E-06  0.24761211E-07
  0.43480081E-08  0.69993617E-09  0.99278400E-10  0.11391381E-10 -0.35729931E-11
 -0.27865468E-11 -0.56980729E-11 -0.32236315E-11 -0.62274990E-11 -0.35985386E-11
 -0.68332352E-11 -0.40191054E-11 -0.74648248E-11  0.00000000E+00  0.00000000E+00
  0.00000000E+00  0.00000000E+00  0.00000000E+00  0.00000000E+00  0.00000000E+00
  0.00000000E+00  0.00000000E+00  0.00000000E+00  0.00000000E+00  0.00000000E+00
  0.00000000E+00  0.00000000E+00  0.00000000E+00  0.00000000E+00  0.00000000E+00
  0.00000000E+00  0.00000000E+00  0.00000000E+00  0.00000000E+00  0.00000000E+00
  0.00000000E+00  0.00000000E+00  0.00000000E+00  0.00000000E+00  0.00000000E+00
  0.00000000E+00  0.00000000E+00  0.00000000E+00  0.00000000E+00  0.00000000E+00
  0.00000000E+00  0.00000000E+00  0.00000000E+00  0.00000000E+00  0.00000000E+00
  0.00000000E+00  0.00000000E+00  0.00000000E+00  0.00000000E+00
  0.10000000E+01  0.23599178E+01  0.27539497E+01  0.23627608E+01  0.16915534E+01
  0.10413259E+01  0.57388141E+00  0.28483198E+00  0.13075147E+00  0.55521592E-01
  0.22262477E-01  0.84062557E-02  0.30392629E-02  0.10471134E-02  0.34825908E-03
  0.11088287E-03  0.34002537E-04  0.98769486E-05  0.27114592E-05  0.69128095E-06
  0.16267893E-06  0.35160757E-07  0.69666199E-08  0.12672027E-08  0.20643968E-09
  0.29792168E-10 -0.24517979E-11 -0.28717333E-11 -0.77357639E-11 -0.39252444E-11
 -0.86470837E-11 -0.46466760E-11 -0.98722758E-11  0.00000000E+00  0.00000000E+00
  0.00000000E+00  0.00000000E+00  0.00000000E+00  0.00000000E+00  0.00000000E+00
  0.00000000E+00  0.00000000E+00  0.00000000E+00  0.00000000E+00  0.00000000E+00
  0.00000000E+00  0.00000000E+00  0.00000000E+00  0.00000000E+00  0.00000000E+00
  0.00000000E+00  0.00000000E+00  0.00000000E+00  0.00000000E+00  0.00000000E+00
  0.00000000E+00  0.00000000E+00  0.00000000E+00  0.00000000E+00  0.00000000E+00
  0.00000000E+00  0.00000000E+00  0.00000000E+00  0.00000000E+00  0.00000000E+00
  0.00000000E+00  0.00000000E+00  0.00000000E+00  0.00000000E+00  0.00000000E+00
  0.00000000E+00  0.00000000E+00  0.00000000E+00  0.00000000E+00
  0.10000000E+01  0.24482058E+01  0.30143182E+01  0.27939700E+01  0.21903799E+01
  0.15002048E+01  0.92811949E+00  0.52247562E+00  0.27359759E+00  0.13335039E+00
  0.61610517E-01  0.26900829E-01  0.11281442E-01  0.45189127E-02  0.17545471E-02
  0.65519049E-03  0.23831502E-03  0.83437458E-04  0.28313911E-04  0.91190912E-05
  0.27873988E-05  0.78961107E-06  0.20673632E-06  0.49688076E-07  0.10944198E-07
  0.22144326E-08  0.40519190E-09  0.68116835E-10  0.20472803E-11 -0.22446218E-11
 -0.10550738E-10 -0.53663715E-11 -0.13111602E-10  0.00000000E+00  0.00000000E+00
  0.00000000E+00  0.00000000E+00  0.00000000E+00  0.00000000E+00  0.00000000E+00
  0.00000000E+00  0.00000000E+00  0.00000000E+00  0.00000000E+00  0.00000000E+00
  0.00000000E+00  0.00000000E+00  0.00000000E+00  0.00000000E+00  0.00000000E+00
  0.00000000E+00  0.00000000E+00  0.00000000E+00  0.00000000E+00  0.00000000E+00
  0.00000000E+00  0.00000000E+00  0.00000000E+00  0.00000000E+00  0.00000000E+00
  0.00000000E+00  0.00000000E+00  0.00000000E+00  0.00000000E+00  0.00000000E+00
  0.00000000E+00  0.00000000E+00  0.00000000E+00  0.00000000E+00  0.00000000E+00
  0.00000000E+00  0.00000000E+00  0.00000000E+00  0.00000000E+00
  0.10000000E+01  0.25155560E+01  0.32259707E+01  0.31714664E+01  0.26677466E+01
  0.19861681E+01  0.13461760E+01  0.83782917E+00  0.48743144E+00  0.26553258E+00
  0.13754082E+00  0.67588440E-01  0.31968789E-01  0.14478760E-01  0.63686669E-02
  0.26999903E-02  0.11188265E-02  0.44858433E-03  0.17630186E-03  0.66930317E-04
  0.24744914E-04  0.86933574E-05  0.29087208E-05  0.89978407E-06  0.25803815E-06
  0.67862290E-07  0.16348509E-07  0.36182803E-08  0.72775179E-09  0.13590404E-09
  0.11200954E-10 -0.22697348E-11 -0.16422216E-10  0.00000000E+00  0.00000000E+00
  0.00000000E+00  0.00000000E+00  0.00000000E+00  0.00000000E+00  0.00000000E+00
  0.00000000E+00  0.00000000E+00  0.00000000E+00  0.00000000E+00  0.00000000E+00
  0.00000000E+00  0.00000000E+00  0.00000000E+00  0.00000000E+00  0.00000000E+00
  0.00000000E+00  0.00000000E+00  0.00000000E+00  0.00000000E+00  0.00000000E+00
  0.00000000E+00  0.00000000E+00  0.00000000E+00  0.00000000E+00  0.00000000E+00
  0.00000000E+00  0.00000000E+00  0.00000000E+00  0.00000000E+00  0.00000000E+00
  0.00000000E+00  0.00000000E+00  0.00000000E+00  0.00000000E+00  0.00000000E+00
  0.00000000E+00  0.00000000E+00  0.00000000E+00  0.00000000E+00
  0.10000000E+01  0.25681260E+01  0.33987367E+01  0.34968528E+01  0.31084864E+01
  0.24719097E+01  0.18019789E+01  0.12158040E+01  0.77018749E+00  0.45939845E+00
  0.26124600E+00  0.14148641E+00  0.73876888E-01  0.37036170E-01  0.18053629E-01
  0.84989083E-02  0.39157227E-02  0.17493792E-02  0.76850018E-03  0.32799563E-03
  0.13787692E-03  0.56130044E-04  0.22345616E-04  0.84662080E-05  0.30662247E-05
  0.10256187E-05  0.31968057E-06  0.91189907E-07  0.23827003E-07  0.57176132E-08
  0.12485359E-08  0.25191738E-09  0.28535073E-10  0.00000000E+00  0.00000000E+00
  0.00000000E+00  0.00000000E+00  0.00000000E+00  0.00000000E+00  0.00000000E+00
  0.00000000E+00  0.00000000E+00  0.00000000E+00  0.00000000E+00  0.00000000E+00
  0.00000000E+00  0.00000000E+00  0.00000000E+00  0.00000000E+00  0.00000000E+00
  0.00000000E+00  0.00000000E+00  0.00000000E+00  0.00000000E+00  0.00000000E+00
  0.00000000E+00  0.00000000E+00  0.00000000E+00  0.00000000E+00  0.00000000E+00
  0.00000000E+00  0.00000000E+00  0.00000000E+00  0.00000000E+00  0.00000000E+00
  0.00000000E+00  0.00000000E+00  0.00000000E+00  0.00000000E+00  0.00000000E+00
  0.00000000E+00  0.00000000E+00  0.00000000E+00  0.00000000E+00
  0.10000000E+01  0.26098890E+01  0.35406418E+01  0.37753224E+01  0.35064003E+01
  0.29387992E+01  0.22719482E+01  0.16366894E+01  0.11115432E+01  0.71435957E+00
  0.43878410E+00  0.25761921E+00  0.14603649E+00  0.79697928E-01  0.42327386E-01
  0.21754726E-01  0.10949572E-01  0.53532401E-02  0.25757490E-02  0.12067798E-02
  0.55843173E-03  0.25177634E-03  0.11220742E-03  0.48517242E-04  0.20581845E-04
  0.83198230E-05  0.32252906E-05  0.11546385E-05  0.38717906E-06  0.11838134E-06
  0.33188770E-07  0.85426668E-08  0.20044824E-08  0.00000000E+00  0.00000000E+00
  0.00000000E+00  0.00000000E+00  0.00000000E+00  0.00000000E+00  0.00000000E+00
  0.00000000E+00  0.00000000E+00  0.00000000E+00  0.00000000E+00  0.00000000E+00
  0.00000000E+00  0.00000000E+00  0.00000000E+00  0.00000000E+00  0.00000000E+00
  0.00000000E+00  0.00000000E+00  0.00000000E+00  0.00000000E+00  0.00000000E+00
  0.00000000E+00  0.00000000E+00  0.00000000E+00  0.00000000E+00  0.00000000E+00
  0.00000000E+00  0.00000000E+00  0.00000000E+00  0.00000000E+00  0.00000000E+00
  0.00000000E+00  0.00000000E+00  0.00000000E+00  0.00000000E+00  0.00000000E+00
  0.00000000E+00  0.00000000E+00  0.00000000E+00  0.00000000E+00
  0.10000000E+01  0.26435443E+01  0.36580074E+01  0.40130712E+01  0.38607506E+01
  0.33758559E+01  0.27377488E+01  0.20809452E+01  0.14968217E+01  0.10233751E+01
  0.67030988E+00  0.42108415E+00  0.25575048E+00  0.14993169E+00  0.85601086E-01
  0.47393403E-01  0.25705549E-01  0.13566055E-01  0.70478447E-02  0.35710864E-02
  0.17882710E-02  0.87459239E-03  0.42393185E-03  0.20064619E-03  0.94154425E-04
  0.42944622E-04  0.19284081E-04  0.82721745E-05  0.34179202E-05  0.13071205E-05
  0.47070478E-06  0.15387852E-06  0.46318550E-07  0.00000000E+00  0.00000000E+00
  0.00000000E+00  0.00000000E+00  0.00000000E+00  0.00000000E+00  0.00000000E+00
  0.00000000E+00  0.00000000E+00  0.00000000E+00  0.00000000E+00  0.00000000E+00
  0.00000000E+00  0.00000000E+00  0.00000000E+00  0.00000000E+00  0.00000000E+00
  0.00000000E+00  0.00000000E+00  0.00000000E+00  0.00000000E+00  0.00000000E+00
  0.00000000E+00  0.00000000E+00  0.00000000E+00  0.00000000E+00  0.00000000E+00
  0.00000000E+00  0.00000000E+00  0.00000000E+00  0.00000000E+00  0.00000000E+00
  0.00000000E+00  0.00000000E+00  0.00000000E+00  0.00000000E+00  0.00000000E+00
  0.00000000E+00  0.00000000E+00  0.00000000E+00  0.00000000E+00
  0.10000000E+01  0.26709906E+01  0.37557479E+01  0.42161107E+01  0.41737387E+01
  0.37777523E+01  0.31866310E+01  0.25318839E+01  0.19104153E+01  0.13755149E+01
  0.95099128E+00  0.63250023E+00  0.40728020E+00  0.25374751E+00  0.15407574E+00
  0.90902356E-01  0.52555578E-01  0.29614504E-01  0.16428271E-01  0.89015751E-02
  0.47668952E-02  0.24969747E-02  0.12968460E-02  0.65924899E-03  0.33304062E-03
  0.16454500E-03  0.80792647E-04  0.38612001E-04  0.18217520E-04  0.82284820E-05
  0.35930670E-05  0.14555666E-05  0.55722010E-06  0.00000000E+00  0.00000000E+00
  0.00000000E+00  0.00000000E+00  0.00000000E+00  0.00000000E+00  0.00000000E+00
  0.00000000E+00  0.00000000E+00  0.00000000E+00  0.00000000E+00  0.00000000E+00
  0.00000000E+00  0.00000000E+00  0.00000000E+00  0.00000000E+00  0.00000000E+00
  0.00000000E+00  0.00000000E+00  0.00000000E+00  0.00000000E+00  0.00000000E+00
  0.00000000E+00  0.00000000E+00  0.00000000E+00  0.00000000E+00  0.00000000E+00
  0.00000000E+00  0.00000000E+00  0.00000000E+00  0.00000000E+00  0.00000000E+00
  0.00000000E+00  0.00000000E+00  0.00000000E+00  0.00000000E+00  0.00000000E+00
  0.00000000E+00  0.00000000E+00  0.00000000E+00  0.00000000E+00
  0.10000000E+01  0.26935983E+01  0.38376741E+01  0.43898075E+01  0.44489246E+01
  0.41429179E+01  0.36106311E+01  0.29766340E+01  0.23380229E+01  0.17584191E+01
  0.12727127E+01  0.88858409E+00  0.60146544E+00  0.39478092E+00  0.25272788E+00
  0.15749116E+00  0.96205849E-01  0.57369036E-01  0.33679679E-01  0.19340320E-01
  0.10974676E-01  0.60998334E-02  0.33610679E-02  0.18154333E-02  0.97474154E-03
  0.51309495E-03  0.26898194E-03  0.13808302E-03  0.70582477E-04  0.35162353E-04
  0.17335861E-04  0.82019476E-05  0.37651017E-05  0.16082958E-05  0.65117088E-06
  0.00000000E+00  0.00000000E+00  0.00000000E+00  0.00000000E+00  0.00000000E+00
  0.00000000E+00  0.00000000E+00  0.00000000E+00  0.00000000E+00  0.00000000E+00
  0.00000000E+00  0.00000000E+00  0.00000000E+00  0.00000000E+00  0.00000000E+00
  0.00000000E+00  0.00000000E+00  0.00000000E+00  0.00000000E+00  0.00000000E+00
  0.00000000E+00  0.00000000E+00  0.00000000E+00  0.00000000E+00  0.00000000E+00
  0.00000000E+00  0.00000000E+00  0.00000000E+00  0.00000000E+00  0.00000000E+00
  0.00000000E+00  0.00000000E+00  0.00000000E+00  0.00000000E+00  0.00000000E+00
  0.00000000E+00  0.00000000E+00  0.00000000E+00  0.00000000E+00
  0.10000000E+01  0.27123769E+01  0.39067518E+01  0.45387659E+01  0.46903177E+01
  0.44720809E+01  0.40054421E+01  0.34060675E+01  0.27677536E+01  0.21600965E+01
  0.16258160E+01  0.11833019E+01  0.83609931E+00  0.57401558E+00  0.38466685E+00
  0.25135373E+00  0.16105984E+00  0.10089314E+00  0.62226610E-01  0.37590493E-01
  0.22435991E-01  0.13132856E-01  0.76187905E-02  0.43381795E-02  0.24548565E-02
  0.13639275E-02  0.75482591E-03  0.41006205E-03  0.22223117E-03  0.11805834E-03
  0.62544675E-04  0.32329746E-04  0.16572077E-04  0.81706767E-05  0.39213382E-05
  0.17570014E-05  0.74827366E-06  0.00000000E+00  0.00000000E+00  0.00000000E+00
  0.00000000E+00  0.00000000E+00  0.00000000E+00  0.00000000E+00  0.00000000E+00
  0.00000000E+00  0.00000000E+00  0.00000000E+00  0.00000000E+00  0.00000000E+00
  0.00000000E+00  0.00000000E+00  0.00000000E+00  0.00000000E+00  0.00000000E+00
  0.00000000E+00  0.00000000E+00  0.00000000E+00  0.00000000E+00  0.00000000E+00
  0.00000000E+00  0.00000000E+00  0.00000000E+00  0.00000000E+00  0.00000000E+00
  0.00000000E+00  0.00000000E+00  0.00000000E+00  0.00000000E+00  0.00000000E+00
  0.00000000E+00  0.00000000E+00  0.00000000E+00  0.00000000E+00
  0.10000000E+01  0.27619373E+01  0.40943501E+01  0.49556268E+01  0.53928989E+01
  0.54763766E+01  0.52808098E+01  0.48857900E+01  0.43605089E+01  0.37720061E+01
  0.31698278E+01  0.25955467E+01  0.20740207E+01  0.16205130E+01  0.12400830E+01
  0.93032808E+00  0.68572996E+00  0.49649986E+00  0.35420817E+00  0.24859522E+00
  0.17236049E+00  0.11769080E+00  0.79580400E-01  0.53032697E-01  0.35075921E-01
  0.22873792E-01  0.14835100E-01  0.94884349E-02  0.60470568E-02  0.38005682E-02
  0.23841793E-02  0.14747136E-02  0.91179702E-03  0.55563705E-03  0.33883088E-03
  0.20348446E-03  0.12234083E-03  0.72319701E-04  0.42760840E-04  0.24766716E-04
  0.14289923E-04  0.80001710E-05  0.44028092E-05  0.22967238E-05  0.11500669E-05
  0.52978061E-06  0.00000000E+00  0.00000000E+00  0.00000000E+00  0.00000000E+00
  0.00000000E+00  0.00000000E+00  0.00000000E+00  0.00000000E+00  0.00000000E+00
  0.00000000E+00  0.00000000E+00  0.00000000E+00  0.00000000E+00  0.00000000E+00
  0.00000000E+00  0.00000000E+00  0.00000000E+00  0.00000000E+00  0.00000000E+00
  0.00000000E+00  0.00000000E+00  0.00000000E+00  0.00000000E+00  0.00000000E+00
  0.00000000E+00  0.00000000E+00  0.00000000E+00  0.00000000E+00
  0.10000000E+01  0.27877373E+01  0.41967217E+01  0.51928433E+01  0.58132295E+01
  0.61124478E+01  0.61444172E+01  0.59642823E+01  0.56207160E+01  0.51644642E+01
  0.46352598E+01  0.40747088E+01  0.35107421E+01  0.29708110E+01  0.24700534E+01
  0.20210471E+01  0.16283014E+01  0.12930086E+01  0.10130295E+01  0.78320053E+00
  0.59854673E+00  0.45180393E+00  0.33771979E+00  0.24950400E+00  0.18284994E+00
  0.13250159E+00  0.95399557E-01  0.67935677E-01  0.48140467E-01  0.33744657E-01
  0.23571032E-01  0.16287107E-01  0.11229429E-01  0.76584075E-02  0.52177300E-02
  0.35159353E-02  0.23692444E-02  0.15787674E-02  0.10529273E-02  0.69422669E-03
  0.45837493E-03  0.29906715E-03  0.19543499E-03  0.12609989E-03  0.81453303E-04
  0.51871511E-04  0.33020616E-04  0.20664865E-04  0.12884913E-04  0.78528039E-05
  0.47283191E-05  0.27401167E-05  0.15375524E-05  0.80887722E-06  0.00000000E+00
  0.00000000E+00  0.00000000E+00  0.00000000E+00  0.00000000E+00  0.00000000E+00
  0.00000000E+00  0.00000000E+00  0.00000000E+00  0.00000000E+00  0.00000000E+00
  0.00000000E+00  0.00000000E+00  0.00000000E+00  0.00000000E+00  0.00000000E+00
  0.00000000E+00  0.00000000E+00  0.00000000E+00  0.00000000E+00
  0.10000000E+01  0.28015170E+01  0.42548204E+01  0.53333290E+01  0.60731461E+01
  0.65234294E+01  0.67295956E+01  0.67322976E+01  0.65680745E+01  0.62728758E+01
  0.58757185E+01  0.54101281E+01  0.48990657E+01  0.43708965E+01  0.38420820E+01
  0.33327088E+01  0.28524188E+01  0.24120740E+01  0.20153814E+01  0.16653576E+01
  0.13615545E+01  0.11017468E+01  0.88324659E+00  0.70122871E+00  0.55227189E+00
  0.43093655E+00  0.33398989E+00  0.25653761E+00  0.19595213E+00  0.14836417E+00
  0.11183661E+00  0.83572689E-01  0.62242066E-01  0.45956633E-01  0.33851584E-01
  0.24720519E-01  0.18025593E-01  0.13030621E-01  0.94131626E-02  0.67413076E-02
  0.48276803E-02  0.34274169E-02  0.24345261E-02  0.17143146E-02  0.12082328E-02
  0.84415200E-03  0.59040923E-03  0.40929611E-03  0.28401651E-03  0.19527928E-03
  0.13433000E-03  0.91491193E-04  0.62274216E-04  0.41909286E-04  0.28129209E-04
  0.18620190E-04  0.12252136E-04  0.79188977E-05  0.50598608E-05  0.31476523E-05
  0.19078480E-05  0.11017350E-05  0.60299287E-06  0.00000000E+00  0.00000000E+00
  0.00000000E+00  0.00000000E+00  0.00000000E+00  0.00000000E+00  0.00000000E+00
  0.00000000E+00  0.00000000E+00  0.00000000E+00  0.00000000E+00
  0.10000000E+01  0.28090534E+01  0.42896398E+01  0.54219570E+01  0.62446030E+01
  0.68055218E+01  0.71469002E+01  0.73004840E+01  0.72960191E+01  0.71583586E+01
  0.69084491E+01  0.65708912E+01  0.61623023E+01  0.57069890E+01  0.52185554E+01
  0.47184536E+01  0.42169164E+01  0.37301134E+01  0.32645682E+01  0.28301386E+01
  0.24299249E+01  0.20679550E+01  0.17447007E+01  0.14598001E+01  0.12120635E+01
  0.99845539E+00  0.81698471E+00  0.66344365E+00  0.53565798E+00  0.42931007E+00
  0.34240741E+00  0.27113120E+00  0.21383469E+00  0.16744895E+00  0.13070626E+00
  0.10130751E+00  0.78327250E-01  0.60135610E-01  0.46084730E-01  0.35070446E-01
  0.26654567E-01  0.20117263E-01  0.15170678E-01  0.11360837E-01  0.85033870E-02
  0.63202057E-02  0.46958701E-02  0.34643009E-02  0.25547060E-02  0.18701472E-02
  0.13680182E-02  0.99288580E-03  0.71955469E-03  0.51689890E-03  0.37027060E-03
  0.26247719E-03  0.18513169E-03  0.12887432E-03  0.88965800E-04  0.60378849E-04
  0.40456438E-04  0.26476146E-04  0.16926237E-04  0.10386844E-04  0.60905899E-05
  0.33377788E-05  0.16994922E-05  0.77305900E-06  0.00000000E+00  0.00000000E+00
  0.00000000E+00  0.00000000E+00  0.00000000E+00  0.00000000E+00
  0.10000000E+01  0.28136728E+01  0.43134318E+01  0.54854645E+01  0.63721019E+01
  0.70215769E+01  0.74747748E+01  0.77573221E+01  0.78948527E+01  0.79040078E+01
  0.78000784E+01  0.76000079E+01  0.73150080E+01  0.69640447E+01  0.65569159E+01
  0.61131940E+01  0.56414505E+01  0.51594734E+01  0.46741004E+01  0.41993150E+01
  0.37398799E+01  0.33050079E+01  0.28974263E+01  0.25217014E+01  0.21788676E+01
  0.18697169E+01  0.15940724E+01  0.13501395E+01  0.11370062E+01  0.95144649E+00
  0.79220159E+00  0.65553601E+00  0.54011714E+00  0.44232294E+00  0.36091216E+00
  0.29272330E+00  0.23668869E+00  0.19024427E+00  0.15252189E+00  0.12155554E+00
  0.96669094E-01  0.76421761E-01  0.60305113E-01  0.47302358E-01  0.37042378E-01
  0.28830347E-01  0.22402380E-01  0.17296704E-01  0.13330090E-01  0.10203059E-01
  0.77910703E-02  0.59041147E-02  0.44592140E-02  0.33380698E-02  0.24864964E-02
  0.18320779E-02  0.13400103E-02  0.96659362E-03  0.68976393E-03  0.48350460E-03
  0.33389014E-03  0.22502507E-03  0.14781042E-03  0.93072749E-04  0.55899971E-04
  0.31412608E-04  0.16514047E-04  0.79364270E-05  0.34809339E-05  0.12842500E-05
  0.31443964E-06  0.00000000E+00  0.00000000E+00  0.00000000E+00
  0.10000000E+01  0.28174490E+01  0.43337844E+01  0.55404215E+01  0.64834837E+01
  0.72116483E+01  0.77648091E+01  0.81637724E+01  0.84311814E+01  0.85773785E+01
  0.86136173E+01  0.85507258E+01  0.83958713E+01  0.81629441E+01  0.78584167E+01
  0.74987405E+01  0.70902735E+01  0.66501662E+01  0.61843011E+01  0.57083657E+01
  0.52273176E+01  0.47537249E+01  0.42913527E+01  0.38488494E+01  0.34287436E+01
  0.30357829E+01  0.26713889E+01  0.23370039E+01  0.20331659E+01  0.17588894E+01
  0.15140773E+01  0.12962290E+01  0.11048399E+01  0.93668066E+00  0.79102454E+00
  0.66449915E+00  0.55629331E+00  0.46326892E+00  0.38462390E+00  0.31765427E+00
  0.26162452E+00  0.21433378E+00  0.17514304E+00  0.14233981E+00  0.11539184E+00
  0.93015059E-01  0.74781568E-01  0.59757904E-01  0.47610608E-01  0.37679021E-01
  0.29710004E-01  0.23247118E-01  0.18102831E-01  0.13967921E-01  0.10707011E-01
  0.81142733E-02  0.60937214E-02  0.45102522E-02  0.32966394E-02  0.23654253E-02
  0.16694877E-02  0.11492968E-02  0.76971935E-03  0.49351738E-03  0.30110714E-03
  0.17170421E-03  0.91568550E-04  0.44819275E-04  0.20302129E-04  0.81233837E-05
  0.27534934E-05  0.47127853E-06  0.00000000E+00  0.00000000E+00
  0.10000000E+01  0.28216126E+01  0.43551011E+01  0.55963301E+01  0.65945833E+01
  0.73984467E+01  0.80463794E+01  0.85549646E+01  0.89441954E+01  0.92194099E+01
  0.93888404E+01  0.94585629E+01  0.94329072E+01  0.93214736E+01  0.91283128E+01
  0.88665827E+01  0.85407244E+01  0.81661443E+01  0.77474382E+01  0.73003230E+01
  0.68291872E+01  0.63482265E+01  0.58613261E+01  0.53798812E+01  0.49070917E+01
  0.44509613E+01  0.40139370E+01  0.36006536E+01  0.32128276E+01  0.28521816E+01
  0.25197814E+01  0.22151235E+01  0.19387325E+01  0.16886161E+01  0.14648769E+01
  0.12646993E+01  0.10878791E+01  0.93130458E+00  0.79456842E+00  0.67463219E+00
  0.57097349E+00  0.48085145E+00  0.40369849E+00  0.33717988E+00  0.28073420E+00
  0.23245923E+00  0.19183471E+00  0.15736487E+00  0.12859150E+00  0.10437336E+00
  0.84321551E-01  0.67588904E-01  0.53856289E-01  0.42507436E-01  0.33289936E-01
  0.25763762E-01  0.19733150E-01  0.14888103E-01  0.11078418E-01  0.80888411E-02
  0.58032615E-02  0.40595117E-02  0.27589454E-02  0.17931851E-02  0.11068719E-02
  0.63781596E-03  0.34327726E-03  0.16969254E-03  0.77915257E-04  0.32049960E-04
  0.11778054E-04  0.31465605E-05 -0.22058264E-06  0.00000000E+00
  0.10000000E+01  0.28267174E+01  0.43792647E+01  0.56571452E+01  0.67118020E+01
  0.75909132E+01  0.83308118E+01  0.89441961E+01  0.94484452E+01  0.98448692E+01
  0.10139348E+02  0.10334347E+02  0.10432305E+02  0.10439424E+02  0.10358218E+02
  0.10198874E+02  0.99644950E+01  0.96683658E+01  0.93139608E+01  0.89160471E+01
  0.84782210E+01  0.80149962E+01  0.75298846E+01  0.70357204E+01  0.65357663E+01
  0.60402536E+01  0.55520747E+01  0.50784648E+01  0.46218691E+01  0.41865861E+01
  0.37745755E+01  0.33875805E+01  0.30270700E+01  0.26927885E+01  0.23857383E+01
  0.21042699E+01  0.18489656E+01  0.16173426E+01  0.14096266E+01  0.12229624E+01
  0.10572933E+01  0.90973185E+00  0.78001588E+00  0.66545013E+00  0.56563837E+00
  0.47820393E+00  0.40268017E+00  0.33705819E+00  0.28085329E+00  0.23242602E+00
  0.19130610E+00  0.15619847E+00  0.12667173E+00  0.10172375E+00  0.80981336E-01
  0.63684432E-01  0.49517161E-01  0.37910254E-01  0.28598681E-01  0.21162602E-01
  0.15376352E-01  0.10890789E-01  0.74869594E-02  0.49182293E-02  0.30634657E-02
  0.17794762E-02  0.96419777E-03  0.47982042E-03  0.22201459E-03  0.92547528E-04
  0.35163813E-04  0.10675263E-04  0.11560784E-05 -0.23558580E-05
  0.10000000E+01  0.28327925E+01  0.44062613E+01  0.57227375E+01  0.68347205E+01
  0.77881709E+01  0.86166635E+01  0.93293164E+01  0.99408915E+01  0.10449490E+02
  0.10859131E+02  0.11169625E+02  0.11382216E+02  0.11500555E+02  0.11526320E+02
  0.11467240E+02  0.11325642E+02  0.11112724E+02  0.10831175E+02  0.10494346E+02
  0.10105116E+02  0.96774633E+01  0.92143624E+01  0.87290445E+01  0.82244982E+01
  0.77121702E+01  0.71949755E+01  0.66819450E+01  0.61758296E+01  0.56830085E+01
  0.52059803E+01  0.47485687E+01  0.43129433E+01  0.39007034E+01  0.35136325E+01
  0.31515685E+01  0.28158787E+01  0.25051409E+01  0.22203053E+01  0.19591596E+01
  0.17222666E+01  0.15070171E+01  0.13136389E+01  0.11394283E+01  0.98434202E+00
  0.84579244E+00  0.72353772E+00  0.61522982E+00  0.52050064E+00  0.43730915E+00
  0.36521009E+00  0.30249937E+00  0.24870344E+00  0.20242861E+00  0.16322268E+00
  0.12997066E+00  0.10225197E+00  0.79184693E-01  0.60380613E-01  0.45153834E-01
  0.33138584E-01  0.23705287E-01  0.16446726E-01  0.10896638E-01  0.68367750E-02
  0.39967432E-02  0.21770293E-02  0.10887771E-02  0.50638929E-03  0.21274989E-03
  0.82262997E-04  0.26455464E-04  0.47845134E-05 -0.31784689E-05
    68
  0.10000000E+01  0.38415592E+00  0.53991197E+00  0.89649930E-01  0.82958533E-02
  0.54893837E-03  0.28949866E-04  0.12923541E-05  0.50627254E-07  0.17779975E-08
  0.55457632E-10  0.18813677E-11 -0.12028051E-11  0.32199485E-12 -0.13026911E-11
  0.39405796E-12 -0.14643686E-11  0.42865468E-12 -0.17590498E-11  0.44302653E-12
 -0.20445490E-11  0.47803916E-12 -0.22045642E-11  0.54606059E-12 -0.22874335E-11
  0.61660081E-12 -0.24216858E-11  0.66042345E-12 -0.26676101E-11  0.68122355E-12
 -0.29512421E-11  0.70591489E-12 -0.31509212E-11  0.00000000E+00  0.00000000E+00
  0.00000000E+00  0.00000000E+00  0.00000000E+00  0.00000000E+00  0.00000000E+00
  0.00000000E+00  0.00000000E+00  0.00000000E+00  0.00000000E+00  0.00000000E+00
  0.00000000E+00  0.00000000E+00  0.00000000E+00  0.00000000E+00  0.00000000E+00
  0.00000000E+00  0.00000000E+00  0.00000000E+00  0.00000000E+00  0.00000000E+00
  0.00000000E+00  0.00000000E+00  0.00000000E+00  0.00000000E+00  0.00000000E+00
  0.00000000E+00  0.00000000E+00  0.00000000E+00  0.00000000E+00  0.00000000E+00
  0.00000000E+00  0.00000000E+00  0.00000000E+00  0.00000000E+00
  0.10000000E+01  0.81635429E+00  0.68597805E+00  0.21306817E+00  0.41310357E-01
  0.58593529E-02  0.66691163E-03  0.64460999E-04  0.54814609E-05  0.41902115E-06
  0.29140379E-07  0.18528079E-08  0.10678991E-09  0.54421452E-11 -0.75000860E-12
 -0.26014368E-12 -0.11473729E-11 -0.33995208E-12 -0.14112056E-11 -0.44998761E-12
 -0.16648255E-11 -0.51646462E-12 -0.17875696E-11 -0.51671305E-12 -0.18290362E-11
 -0.50615177E-12 -0.19232684E-11 -0.54980386E-12 -0.21341212E-11 -0.64519911E-12
 -0.23875886E-11 -0.72734843E-12 -0.25539899E-11  0.00000000E+00  0.00000000E+00
  0.00000000E+00  0.00000000E+00  0.00000000E+00  0.00000000E+00  0.00000000E+00
  0.00000000E+00  0.00000000E+00  0.00000000E+00  0.00000000E+00  0.00000000E+00
  0.00000000E+00  0.00000000E+00  0.00000000E+00  0.00000000E+00  0.00000000E+00
  0.00000000E+00  0.00000000E+00  0.00000000E+00  0.00000000E+00  0.00000000E+00
  0.00000000E+00  0.00000000E+00  0.00000000E+00  0.00000000E+00  0.00000000E+00
  0.00000000E+00  0.00000000E+00  0.00000000E+00  0.00000000E+00  0.00000000E+00
  0.00000000E+00  0.00000000E+00  0.00000000E+00  0.00000000E+00
  0.10000000E+01  0.12910738E+01  0.99375888E+00  0.42743014E+00  0.12995716E+00
  0.30095581E-01  0.57110178E-02  0.92905191E-03  0.13371573E-03  0.17383245E-04
  0.20670403E-05  0.22612762E-06  0.22778688E-07  0.21085114E-08  0.17778542E-09
  0.13198380E-10 -0.33404997E-12 -0.75404220E-12 -0.16064052E-11 -0.10239382E-11
 -0.18983420E-11 -0.11639756E-11 -0.20433386E-11 -0.11943224E-11 -0.20936256E-11
 -0.12085670E-11 -0.22017947E-11 -0.13098809E-11 -0.24424105E-11 -0.14918340E-11
 -0.27268955E-11 -0.16520445E-11 -0.29188540E-11  0.00000000E+00  0.00000000E+00
  0.00000000E+00  0.00000000E+00  0.00000000E+00  0.00000000E+00  0.00000000E+00
  0.00000000E+00  0.00000000E+00  0.00000000E+00  0.00000000E+00  0.00000000E+00
  0.00000000E+00  0.00000000E+00  0.00000000E+00  0.00000000E+00  0.00000000E+00
  0.00000000E+00  0.00000000E+00  0.00000000E+00  0.00000000E+00  0.00000000E+00
  0.00000000E+00  0.00000000E+00  0.00000000E+00  0.00000000E+00  0.00000000E+00
  0.00000000E+00  0.00000000E+00  0.00000000E+00  0.00000000E+00  0.00000000E+00
  0.00000000E+00  0.00000000E+00  0.00000000E+00  0.00000000E+00
  0.10000000E+01  0.16890318E+01  0.14158849E+01  0.75681702E+00  0.30838299E+00
  0.99730781E-01  0.27151655E-01  0.64168340E-02  0.13540308E-02  0.25973070E-03
  0.45887817E-04  0.75159665E-05  0.11430712E-05  0.16106754E-06  0.20944543E-07
  0.25030498E-08  0.27264893E-09  0.26270061E-10  0.44109089E-12 -0.13113702E-11
 -0.24186443E-11 -0.17233600E-11 -0.26289537E-11 -0.17840139E-11 -0.27132915E-11
 -0.18188289E-11 -0.28617181E-11 -0.19685086E-11 -0.31601557E-11 -0.22244159E-11
 -0.35101689E-11 -0.24582666E-11 -0.37590631E-11  0.00000000E+00  0.00000000E+00
  0.00000000E+00  0.00000000E+00  0.00000000E+00  0.00000000E+00  0.00000000E+00
  0.00000000E+00  0.00000000E+00  0.00000000E+00  0.00000000E+00  0.00000000E+00
  0.00000000E+00  0.00000000E+00  0.00000000E+00  0.00000000E+00  0.00000000E+00
  0.00000000E+00  0.00000000E+00  0.00000000E+00  0.00000000E+00  0.00000000E+00
  0.00000000E+00  0.00000000E+00  0.00000000E+00  0.00000000E+00  0.00000000E+00
  0.00000000E+00  0.00000000E+00  0.00000000E+00  0.00000000E+00  0.00000000E+00
  0.00000000E+00  0.00000000E+00  0.00000000E+00  0.00000000E+00
  0.10000000E+01  0.19735883E+01  0.18567264E+01  0.11804495E+01  0.59415525E+00
  0.24490738E+00  0.86940680E-01  0.27126746E-01  0.76369913E-02  0.19671351E-02
  0.47021414E-03  0.10503236E-03  0.22018299E-04  0.43257024E-05  0.79297846E-06
  0.13484722E-06  0.21156787E-07  0.30502901E-08  0.40120531E-09  0.46930422E-10
  0.23684074E-11 -0.17755836E-11 -0.32869927E-11 -0.24260247E-11 -0.34693877E-11
 -0.24989507E-11 -0.36705150E-11 -0.27002234E-11 -0.40329044E-11 -0.30257636E-11
 -0.44594927E-11 -0.33327375E-11 -0.47789037E-11  0.00000000E+00  0.00000000E+00
  0.00000000E+00  0.00000000E+00  0.00000000E+00  0.00000000E+00  0.00000000E+00
  0.00000000E+00  0.00000000E+00  0.00000000E+00  0.00000000E+00  0.00000000E+00
  0.00000000E+00  0.00000000E+00  0.00000000E+00  0.00000000E+00  0.00000000E+00
  0.00000000E+00  0.00000000E+00  0.00000000E+00  0.00000000E+00  0.00000000E+00
  0.00000000E+00  0.00000000E+00  0.00000000E+00  0.00000000E+00  0.00000000E+00
  0.00000000E+00  0.00000000E+00  0.00000000E+00  0.00000000E+00  0.00000000E+00
  0.00000000E+00  0.00000000E+00  0.00000000E+00  0.00000000E+00
  0.10000000E+01  0.21692542E+01  0.22560914E+01  0.16489877E+01  0.97582844E+00
  0.48404975E+00  0.21026370E+00  0.81197431E-01  0.28562526E-01  0.92451901E-02
  0.27945119E-02  0.79374476E-03  0.21348189E-03  0.54394560E-04  0.13115358E-04
  0.29724798E-05  0.62853333E-06  0.12309644E-06  0.22211566E-07  0.36813214E-08
  0.55712934E-09  0.75525515E-10  0.59417638E-11 -0.18998199E-11 -0.42221618E-11
 -0.31981714E-11 -0.46149230E-11 -0.34620837E-11 -0.50461690E-11 -0.38478340E-11
 -0.55544851E-11 -0.42407956E-11 -0.60094667E-11  0.00000000E+00  0.00000000E+00
  0.00000000E+00  0.00000000E+00  0.00000000E+00  0.00000000E+00  0.00000000E+00
  0.00000000E+00  0.00000000E+00  0.00000000E+00  0.00000000E+00  0.00000000E+00
  0.00000000E+00  0.00000000E+00  0.00000000E+00  0.00000000E+00  0.00000000E+00
  0.00000000E+00  0.00000000E+00  0.00000000E+00  0.00000000E+00  0.00000000E+00
  0.00000000E+00  0.00000000E+00  0.00000000E+00  0.00000000E+00  0.00000000E+00
  0.00000000E+00  0.00000000E+00  0.00000000E+00  0.00000000E+00  0.00000000E+00
  0.00000000E+00  0.00000000E+00  0.00000000E+00  0.00000000E+00
  0.10000000E+01  0.23074230E+01  0.25959822E+01  0.21166741E+01  0.14212952E+01
  0.81484418E+00  0.41422016E+00  0.18913715E+00  0.79290200E-01  0.30754082E-01
  0.11196292E-01  0.38445536E-02  0.12569196E-02  0.39204473E-03  0.11711397E-03
  0.33375318E-04  0.90329144E-05  0.22982490E-05  0.54491449E-06  0.11948678E-06
  0.24118212E-07  0.44723010E-08  0.75842236E-09  0.11617963E-09  0.12043083E-10
 -0.15583554E-11 -0.53712113E-11 -0.41393158E-11 -0.61510889E-11 -0.46179675E-11
 -0.67877574E-11 -0.51887595E-11 -0.75768423E-11  0.00000000E+00  0.00000000E+00
  0.00000000E+00  0.00000000E+00  0.00000000E+00  0.00000000E+00  0.00000000E+00
  0.00000000E+00  0.00000000E+00  0.00000000E+00  0.00000000E+00  0.00000000E+00
  0.00000000E+00  0.00000000E+00  0.00000000E+00  0.00000000E+00  0.00000000E+00
  0.00000000E+00  0.00000000E+00  0.00000000E+00  0.00000000E+00  0.00000000E+00
  0.00000000E+00  0.00000000E+00  0.00000000E+00  0.00000000E+00  0.00000000E+00
  0.00000000E+00  0.00000000E+00  0.00000000E+00  0.00000000E+00  0.00000000E+00
  0.00000000E+00  0.00000000E+00  0.00000000E+00  0.00000000E+00
  0.10000000E+01  0.24091338E+01  0.28786519E+01  0.25548322E+01  0.18944162E+01
  0.12177448E+01  0.70106182E+00  0.36591581E+00  0.17649649E+00  0.79185697E-01
  0.33488774E-01  0.13401412E-01  0.51236308E-02  0.18751261E-02  0.66120608E-03
  0.22450041E-03  0.73503277E-04  0.23045043E-04  0.68736400E-05  0.19262766E-05
  0.50263686E-06  0.12118805E-06  0.26888019E-07  0.54833421E-08  0.10243873E-08
  0.17416867E-09  0.21950000E-10 -0.47028269E-12 -0.66629825E-11 -0.52097712E-11
 -0.81498273E-11 -0.62921901E-11 -0.96568174E-11  0.00000000E+00  0.00000000E+00
  0.00000000E+00  0.00000000E+00  0.00000000E+00  0.00000000E+00  0.00000000E+00
  0.00000000E+00  0.00000000E+00  0.00000000E+00  0.00000000E+00  0.00000000E+00
  0.00000000E+00  0.00000000E+00  0.00000000E+00  0.00000000E+00  0.00000000E+00
  0.00000000E+00  0.00000000E+00  0.00000000E+00  0.00000000E+00  0.00000000E+00
  0.00000000E+00  0.00000000E+00  0.00000000E+00  0.00000000E+00  0.00000000E+00
  0.00000000E+00  0.00000000E+00  0.00000000E+00  0.00000000E+00  0.00000000E+00
  0.00000000E+00  0.00000000E+00  0.00000000E+00  0.00000000E+00
  0.10000000E+01  0.24867045E+01  0.31124079E+01  0.29503385E+01  0.23659180E+01
  0.16658523E+01  0.10595134E+01  0.61603218E+00  0.33285897E+00  0.16814593E+00
  0.80360888E-01  0.36455645E-01  0.15841480E-01  0.66044512E-02  0.26602936E-02
  0.10354913E-02  0.39131295E-03  0.14320275E-03  0.50732755E-04  0.17238058E-04
  0.55733717E-05  0.16907489E-05  0.47709531E-06  0.12427633E-06  0.29780348E-07
  0.65623390E-08  0.13265348E-08  0.24545034E-09  0.35398803E-10  0.12619849E-11
 -0.86267616E-11 -0.75430774E-11 -0.12315611E-10  0.00000000E+00  0.00000000E+00
  0.00000000E+00  0.00000000E+00  0.00000000E+00  0.00000000E+00  0.00000000E+00
  0.00000000E+00  0.00000000E+00  0.00000000E+00  0.00000000E+00  0.00000000E+00
  0.00000000E+00  0.00000000E+00  0.00000000E+00  0.00000000E+00  0.00000000E+00
  0.00000000E+00  0.00000000E+00  0.00000000E+00  0.00000000E+00  0.00000000E+00
  0.00000000E+00  0.00000000E+00  0.00000000E+00  0.00000000E+00  0.00000000E+00
  0.00000000E+00  0.00000000E+00  0.00000000E+00  0.00000000E+00  0.00000000E+00
  0.00000000E+00  0.00000000E+00  0.00000000E+00  0.00000000E+00
  0.10000000E+01  0.25474577E+01  0.33060752E+01  0.32999957E+01  0.28164686E+01
  0.21333544E+01  0.14706668E+01  0.93364923E+00  0.55356605E+00  0.30831579E+00
  0.16299169E+00  0.82040790E-01  0.39643412E-01  0.18417155E-01  0.82815523E-02
  0.36054191E-02  0.15279556E-02  0.62970019E-03  0.25323657E-03  0.98986635E-04
  0.37548877E-04  0.13671963E-04  0.47370365E-05  0.15384503E-05  0.46458892E-06
  0.12944909E-06  0.33182097E-07  0.78262309E-08  0.16951919E-08  0.33697874E-09
  0.52756952E-10  0.18347310E-11 -0.13496546E-10  0.00000000E+00  0.00000000E+00
  0.00000000E+00  0.00000000E+00  0.00000000E+00  0.00000000E+00  0.00000000E+00
  0.00000000E+00  0.00000000E+00  0.00000000E+00  0.00000000E+00  0.00000000E+00
  0.00000000E+00  0.00000000E+00  0.00000000E+00  0.00000000E+00  0.00000000E+00
  0.00000000E+00  0.00000000E+00  0.00000000E+00  0.00000000E+00  0.00000000E+00
  0.00000000E+00  0.00000000E+00  0.00000000E+00  0.00000000E+00  0.00000000E+00
  0.00000000E+00  0.00000000E+00  0.00000000E+00  0.00000000E+00  0.00000000E+00
  0.00000000E+00  0.00000000E+00  0.00000000E+00  0.00000000E+00
  0.10000000E+01  0.25960111E+01  0.34673541E+01  0.36057981E+01  0.32354080E+01
  0.25997743E+01  0.19139088E+01  0.13059799E+01  0.83602815E+00  0.50495657E+00
  0.29034720E+00  0.15942396E+00  0.84203908E-01  0.42844352E-01  0.21131163E-01
  0.10105751E-01  0.47112571E-02  0.21397658E-02  0.95095066E-03  0.41275857E-03
  0.17541759E-03  0.72626747E-04  0.29216349E-04  0.11281196E-04  0.41428173E-05
  0.14244428E-05  0.45525906E-06  0.13418888E-06  0.36391317E-07  0.90848828E-08
  0.20826184E-08  0.43674036E-09  0.71233060E-10  0.00000000E+00  0.00000000E+00
  0.00000000E+00  0.00000000E+00  0.00000000E+00  0.00000000E+00  0.00000000E+00
  0.00000000E+00  0.00000000E+00  0.00000000E+00  0.00000000E+00  0.00000000E+00
  0.00000000E+00  0.00000000E+00  0.00000000E+00  0.00000000E+00  0.00000000E+00
  0.00000000E+00  0.00000000E+00  0.00000000E+00  0.00000000E+00  0.00000000E+00
  0.00000000E+00  0.00000000E+00  0.00000000E+00  0.00000000E+00  0.00000000E+00
  0.00000000E+00  0.00000000E+00  0.00000000E+00  0.00000000E+00  0.00000000E+00
  0.00000000E+00  0.00000000E+00  0.00000000E+00  0.00000000E+00
  0.10000000E+01  0.26354478E+01  0.36025365E+01  0.38719757E+01  0.36182328E+01
  0.30508834E+01  0.23707580E+01  0.17173018E+01  0.11718150E+01  0.75746152E+00
  0.46739847E+00  0.27617932E+00  0.15726783E+00  0.86439936E-01  0.46112433E-01
  0.23886578E-01  0.12074244E-01  0.59534712E-02  0.28760261E-02  0.13596013E-02
  0.63127044E-03  0.28716552E-03  0.12822562E-03  0.55879933E-04  0.23691347E-04
  0.96471008E-05  0.37378179E-05  0.13561226E-05  0.45768117E-06  0.14247073E-06
  0.40825508E-07  0.10774227E-07  0.26132929E-08  0.00000000E+00  0.00000000E+00
  0.00000000E+00  0.00000000E+00  0.00000000E+00  0.00000000E+00  0.00000000E+00
  0.00000000E+00  0.00000000E+00  0.00000000E+00  0.00000000E+00  0.00000000E+00
  0.00000000E+00  0.00000000E+00  0.00000000E+00  0.00000000E+00  0.00000000E+00
  0.00000000E+00  0.00000000E+00  0.00000000E+00  0.00000000E+00  0.00000000E+00
  0.00000000E+00  0.00000000E+00  0.00000000E+00  0.00000000E+00  0.00000000E+00
  0.00000000E+00  0.00000000E+00  0.00000000E+00  0.00000000E+00  0.00000000E+00
  0.00000000E+00  0.00000000E+00  0.00000000E+00  0.00000000E+00
  0.10000000E+01  0.26679160E+01  0.37166355E+01  0.41033989E+01  0.39642971E+01
  0.34779089E+01  0.28265421E+01  0.21520534E+01  0.15492991E+01  0.10604370E+01
  0.69466819E+00  0.43688876E+00  0.26525641E+00  0.15573674E+00  0.88851836E-01
  0.49290642E-01  0.26706259E-01  0.14129672E-01  0.73299871E-02  0.37252002E-02
  0.18616703E-02  0.91340744E-03  0.44135283E-03  0.20940924E-03  0.97694543E-04
  0.44533025E-04  0.19761749E-04  0.84239132E-05  0.34170331E-05  0.12978568E-05
  0.45880065E-06  0.14960549E-06  0.44940442E-07  0.00000000E+00  0.00000000E+00
  0.00000000E+00  0.00000000E+00  0.00000000E+00  0.00000000E+00  0.00000000E+00
  0.00000000E+00  0.00000000E+00  0.00000000E+00  0.00000000E+00  0.00000000E+00
  0.00000000E+00  0.00000000E+00  0.00000000E+00  0.00000000E+00  0.00000000E+00
  0.00000000E+00  0.00000000E+00  0.00000000E+00  0.00000000E+00  0.00000000E+00
  0.00000000E+00  0.00000000E+00  0.00000000E+00  0.00000000E+00  0.00000000E+00
  0.00000000E+00  0.00000000E+00  0.00000000E+00  0.00000000E+00  0.00000000E+00
  0.00000000E+00  0.00000000E+00  0.00000000E+00  0.00000000E+00
  0.10000000E+01  0.26949598E+01  0.38136102E+01  0.43048097E+01  0.42751367E+01
  0.38762131E+01  0.32706351E+01  0.25966329E+01  0.19559755E+01  0.14054330E+01
  0.96883054E+00  0.64272886E+00  0.41231546E+00  0.25622531E+00  0.15490347E+00
  0.91177632E-01  0.52458703E-01  0.29502177E-01  0.16278509E-01  0.88069995E-02
  0.46884790E-02  0.24530333E-02  0.12655304E-02  0.64255515E-03  0.32194578E-03
  0.15866268E-03  0.76980103E-04  0.36526931E-04  0.16882185E-04  0.74980235E-05
  0.31700774E-05  0.12554764E-05  0.46315272E-06  0.00000000E+00  0.00000000E+00
  0.00000000E+00  0.00000000E+00  0.00000000E+00  0.00000000E+00  0.00000000E+00
  0.00000000E+00  0.00000000E+00  0.00000000E+00  0.00000000E+00  0.00000000E+00
  0.00000000E+00  0.00000000E+00  0.00000000E+00  0.00000000E+00  0.00000000E+00
  0.00000000E+00  0.00000000E+00  0.00000000E+00  0.00000000E+00  0.00000000E+00
  0.00000000E+00  0.00000000E+00  0.00000000E+00  0.00000000E+00  0.00000000E+00
  0.00000000E+00  0.00000000E+00  0.00000000E+00  0.00000000E+00  0.00000000E+00
  0.00000000E+00  0.00000000E+00  0.00000000E+00  0.00000000E+00
  0.10000000E+01  0.27177156E+01  0.38965847E+01  0.44804989E+01  0.45533774E+01
  0.42440228E+01  0.36959693E+01  0.30401297E+01  0.23800523E+01  0.17826335E+01
  0.12838370E+01  0.89178784E+00  0.59996031E+00  0.39164142E+00  0.24898877E+00
  0.15431107E+00  0.93551921E-01  0.55492158E-01  0.32313201E-01  0.18463787E-01
  0.10386216E-01  0.57462644E-02  0.31366598E-02  0.16868456E-02  0.89636264E-03
  0.46964222E-03  0.24318499E-03  0.12401379E-03  0.62316250E-04  0.30643859E-04
  0.14683479E-04  0.67630772E-05  0.29662510E-05  0.12192824E-05  0.46724951E-06
  0.00000000E+00  0.00000000E+00  0.00000000E+00  0.00000000E+00  0.00000000E+00
  0.00000000E+00  0.00000000E+00  0.00000000E+00  0.00000000E+00  0.00000000E+00
  0.00000000E+00  0.00000000E+00  0.00000000E+00  0.00000000E+00  0.00000000E+00
  0.00000000E+00  0.00000000E+00  0.00000000E+00  0.00000000E+00  0.00000000E+00
  0.00000000E+00  0.00000000E+00  0.00000000E+00  0.00000000E+00  0.00000000E+00
  0.00000000E+00  0.00000000E+00  0.00000000E+00  0.00000000E+00  0.00000000E+00
  0.00000000E+00  0.00000000E+00  0.00000000E+00  0.00000000E+00
  0.10000000E+01  0.27801750E+01  0.41310003E+01  0.49930632E+01  0.54011304E+01
  0.54258193E+01  0.51527014E+01  0.46738479E+01  0.40748479E+01  0.34303346E+01
  0.27978863E+01  0.22170259E+01  0.17110124E+01  0.12884377E+01  0.94876055E+00
  0.68398999E+00  0.48377482E+00  0.33591694E+00  0.22945581E+00  0.15422120E+00
  0.10220078E+00  0.66765815E-01  0.43087178E-01  0.27453885E-01  0.17308096E-01
  0.10787241E-01  0.66609929E-02  0.40703166E-02  0.24668558E-02  0.14806162E-02
  0.88200857E-03  0.52049884E-03  0.30488310E-03  0.17681265E-03  0.10165023E-03
  0.57705911E-04  0.32331747E-04  0.17752978E-04  0.95059659E-05  0.48992686E-05
  0.24080851E-05  0.11122922E-05  0.48029221E-06  0.00000000E+00  0.00000000E+00
  0.00000000E+00  0.00000000E+00  0.00000000E+00  0.00000000E+00  0.00000000E+00
  0.00000000E+00  0.00000000E+00  0.00000000E+00  0.00000000E+00  0.00000000E+00
  0.00000000E+00  0.00000000E+00  0.00000000E+00  0.00000000E+00  0.00000000E+00
  0.00000000E+00  0.00000000E+00  0.00000000E+00  0.00000000E+00  0.00000000E+00
  0.00000000E+00  0.00000000E+00  0.00000000E+00  0.00000000E+00
  0.10000000E+01  0.28160874E+01  0.42706416E+01  0.53096974E+01  0.59505025E+01
  0.62373079E+01  0.62247895E+01  0.59746536E+01  0.55481571E+01  0.50055873E+01
  0.43999307E+01  0.37769668E+01  0.31718671E+01  0.26100771E+01  0.21075033E+01
  0.16717110E+01  0.13043279E+01  0.10018409E+01  0.75847017E+00  0.56627507E+00
  0.41745965E+00  0.30394649E+00  0.21884869E+00  0.15582454E+00  0.10986732E+00
  0.76685678E-01  0.53063976E-01  0.36382876E-01  0.24755116E-01  0.16702575E-01
  0.11192875E-01  0.74427720E-02  0.49189941E-02  0.32276122E-02  0.21060871E-02
  0.13648784E-02  0.87993642E-03  0.56348476E-03  0.35896419E-03  0.22706192E-03
  0.14278602E-03  0.89042679E-04  0.55090476E-04  0.33690278E-04  0.20340753E-04
  0.12046416E-04  0.69616468E-05  0.38799786E-05  0.20667728E-05  0.10386905E-05
  0.48981798E-06  0.00000000E+00  0.00000000E+00  0.00000000E+00  0.00000000E+00
  0.00000000E+00  0.00000000E+00  0.00000000E+00  0.00000000E+00  0.00000000E+00
  0.00000000E+00  0.00000000E+00  0.00000000E+00  0.00000000E+00  0.00000000E+00
  0.00000000E+00  0.00000000E+00  0.00000000E+00  0.00000000E+00
  0.10000000E+01  0.28383315E+01  0.43594371E+01  0.55158252E+01  0.63188041E+01
  0.68006127E+01  0.70005275E+01  0.69616762E+01  0.67278234E+01  0.63437335E+01
  0.58512227E+01  0.52904529E+01  0.46957464E+01  0.40971368E+01  0.35176660E+01
  0.29748951E+01  0.24802567E+01  0.20401922E+01  0.16570644E+01  0.13297037E+01
  0.10550281E+01  0.82801070E+00  0.64332661E+00  0.49492281E+00  0.37734298E+00
  0.28512465E+00  0.21371809E+00  0.15888628E+00  0.11727525E+00  0.85913256E-01
  0.62533438E-01  0.45201809E-01  0.32484918E-01  0.23196552E-01  0.16477652E-01
  0.11635285E-01  0.81771410E-02  0.57147860E-02  0.39766431E-02  0.27525661E-02
  0.18976150E-02  0.13015724E-02  0.88929819E-03  0.60454969E-03  0.40936354E-03
  0.27573279E-03  0.18491461E-03  0.12326495E-03  0.81720481E-04  0.53765016E-04
  0.35096509E-04  0.22658516E-04  0.14444908E-04  0.90438154E-05  0.55323434E-05
  0.32731262E-05  0.18557238E-05  0.99592945E-06  0.00000000E+00  0.00000000E+00
  0.00000000E+00  0.00000000E+00  0.00000000E+00  0.00000000E+00  0.00000000E+00
  0.00000000E+00  0.00000000E+00  0.00000000E+00  0.00000000E+00
  0.10000000E+01  0.28528880E+01  0.44189843E+01  0.56566484E+01  0.65758380E+01
  0.72033049E+01  0.75706380E+01  0.77101047E+01  0.76543888E+01  0.74364952E+01
  0.70880490E+01  0.66409682E+01  0.61240426E+01  0.55651205E+01  0.49875272E+01
  0.44122185E+01  0.38552307E+01  0.33294469E+01  0.28434966E+01  0.24029114E+01
  0.20102627E+01  0.16656598E+01  0.13676401E+01  0.11131168E+01  0.89854923E+00
  0.71953045E+00  0.57191449E+00  0.45123695E+00  0.35363898E+00  0.27527032E+00
  0.21296837E+00  0.16373321E+00  0.12518681E+00  0.95157058E-01  0.71967664E-01
  0.54133105E-01  0.40530900E-01  0.30191205E-01  0.22393589E-01  0.16529099E-01
  0.12151681E-01  0.88915583E-02  0.64810118E-02  0.47019523E-02  0.33980148E-02
  0.24438396E-02  0.17502797E-02  0.12469064E-02  0.88398308E-03  0.62274360E-03
  0.43597069E-03  0.30271970E-03  0.20834987E-03  0.14172768E-03  0.95112633E-04
  0.62671059E-04  0.40345795E-04  0.25139694E-04  0.15023452E-04  0.85103860E-05
  0.45329283E-05  0.22473332E-05  0.10283967E-05  0.42349087E-06  0.00000000E+00
  0.00000000E+00  0.00000000E+00  0.00000000E+00  0.00000000E+00
  0.10000000E+01  0.28628942E+01  0.44609997E+01  0.57576838E+01  0.67634646E+01
  0.75026807E+01  0.80029998E+01  0.82902480E+01  0.83901859E+01  0.83276698E+01
  0.81265981E+01  0.78114483E+01  0.74049068E+01  0.69302789E+01  0.64080353E+01
  0.58584335E+01  0.52981477E+01  0.47426645E+01  0.42037913E+01  0.36915102E+01
  0.32126545E+01  0.27720742E+01  0.23723643E+01  0.20143623E+01  0.16976097E+01
  0.14203157E+01  0.11802034E+01  0.97412397E+00  0.79900785E+00  0.65130615E+00
  0.52787035E+00  0.42535650E+00  0.34094863E+00  0.27181255E+00  0.21564255E+00
  0.17020735E+00  0.13373654E+00  0.10456939E+00  0.81413046E-01  0.63085901E-01
  0.48681744E-01  0.37390791E-01  0.28599368E-01  0.21769947E-01  0.16499090E-01
  0.12439736E-01  0.93334277E-02  0.69614475E-02  0.51619734E-02  0.38000809E-02
  0.27764599E-02  0.20094843E-02  0.14392461E-02  0.10171461E-02  0.70774236E-03
  0.48250578E-03  0.32052905E-03  0.20546808E-03  0.12587572E-03  0.72861643E-04
  0.39559640E-04  0.19989264E-04  0.93744847E-05  0.40412749E-05  0.15771299E-05
  0.51818365E-06  0.00000000E+00  0.00000000E+00  0.00000000E+00
  0.10000000E+01  0.28701517E+01  0.44923400E+01  0.58341981E+01  0.69075828E+01
  0.77358826E+01  0.83446664E+01  0.87557593E+01  0.89904402E+01  0.90679718E+01
  0.90066721E+01  0.88251217E+01  0.85407433E+01  0.81720915E+01  0.77359243E+01
  0.72499750E+01  0.67294504E+01  0.61898402E+01  0.56436913E+01  0.51030590E+01
  0.45771032E+01  0.40739274E+01  0.35991841E+01  0.31572134E+01  0.27505712E+01
  0.23805189E+01  0.20472397E+01  0.17498176E+01  0.14868704E+01  0.12561886E+01
  0.10555490E+01  0.88217425E+00  0.73355627E+00  0.60686323E+00  0.49967199E+00
  0.40940666E+00  0.33393557E+00  0.27108733E+00  0.21910598E+00  0.17626145E+00
  0.14117799E+00  0.11253709E+00  0.89303489E-01  0.70508334E-01  0.55398263E-01
  0.43282952E-01  0.33629608E-01  0.25959101E-01  0.19903919E-01  0.15138961E-01
  0.11415956E-01  0.85188814E-02  0.62828649E-02  0.45665468E-02  0.32629519E-02
  0.22808743E-02  0.15504823E-02  0.10147293E-02  0.63295194E-03  0.37205299E-03
  0.20464243E-03  0.10459429E-03  0.49616674E-04  0.21717666E-04  0.87396849E-05
  0.31412232E-05  0.89785612E-06  0.00000000E+00  0.00000000E+00
  0.10000000E+01  0.28757528E+01  0.45171959E+01  0.58956245E+01  0.70244815E+01
  0.79268664E+01  0.86270931E+01  0.91443122E+01  0.94967057E+01  0.96995937E+01
  0.97672537E+01  0.97137755E+01  0.95524111E+01  0.92975449E+01  0.89624035E+01
  0.85617026E+01  0.81083868E+01  0.76165868E+01  0.70981479E+01  0.65654728E+01
  0.60284687E+01  0.54969400E+01  0.49783242E+01  0.44794450E+01  0.40051501E+01
  0.35593810E+01  0.31446314E+01  0.27624033E+01  0.24132981E+01  0.20969915E+01
  0.18127383E+01  0.15590229E+01  0.13342744E+01  0.11363398E+01  0.96325483E+00
  0.81265436E+00  0.68249711E+00  0.57049465E+00  0.47473350E+00  0.39317021E+00
  0.32413081E+00  0.26589263E+00  0.21706445E+00  0.17625700E+00  0.14235966E+00
  0.11429162E+00  0.91194928E-01  0.72253020E-01  0.56821611E-01  0.44298721E-01
  0.34211022E-01  0.26124919E-01  0.19698534E-01  0.14623947E-01  0.10661347E-01
  0.75952323E-02  0.52541850E-02  0.34932921E-02  0.22089775E-02  0.13136104E-02
  0.72954677E-03  0.37594703E-03  0.17966479E-03  0.79278383E-04  0.32312274E-04
  0.11970227E-04  0.38097112E-05  0.74655001E-06  0.00000000E+00
  0.10000000E+01  0.28803666E+01  0.45381249E+01  0.59477363E+01  0.71242075E+01
  0.80905910E+01  0.88702896E+01  0.94804926E+01  0.99370646E+01  0.10252423E+02
  0.10437847E+02  0.10504023E+02  0.10461000E+02  0.10319751E+02  0.10090511E+02
  0.97851242E+01  0.94141940E+01  0.89899665E+01  0.85229280E+01  0.80248129E+01
  0.75052646E+01  0.69745957E+01  0.64409601E+01  0.59126042E+01  0.53957937E+01
  0.48964280E+01  0.44187784E+01  0.39664544E+01  0.35418752E+01  0.31466641E+01
  0.27816941E+01  0.24470390E+01  0.21424070E+01  0.18667908E+01  0.16191170E+01
  0.13977262E+01  0.12011004E+01  0.10272775E+01  0.87456023E+00  0.74094124E+00
  0.62473302E+00  0.52405126E+00  0.43733901E+00  0.36292926E+00  0.29945977E+00
  0.24552054E+00  0.19996710E+00  0.16164694E+00  0.12963041E+00  0.10300108E+00
  0.81021410E-01  0.62982058E-01  0.48307766E-01  0.36456266E-01  0.26995828E-01
  0.19518511E-01  0.13688375E-01  0.92138902E-02  0.58891041E-02  0.35340136E-02
  0.19775178E-02  0.10254795E-02  0.49275088E-03  0.21859445E-03  0.89727574E-04
  0.33715984E-04  0.11203556E-04  0.27589081E-05 -0.24116023E-06
  0.10000000E+01  0.28843856E+01  0.45566041E+01  0.59938596E+01  0.72125599E+01
  0.82357354E+01  0.90859757E+01  0.97788935E+01  0.10328484E+02  0.10744925E+02
  0.11037201E+02  0.11213398E+02  0.11281122E+02  0.11248646E+02  0.11123812E+02
  0.10915981E+02  0.10633663E+02  0.10287166E+02  0.98854465E+01  0.94390906E+01
  0.89569511E+01  0.84490844E+01  0.79236311E+01  0.73894091E+01  0.68533516E+01
  0.63225633E+01  0.58024726E+01  0.52982689E+01  0.48137888E+01  0.43523486E+01
  0.39162832E+01  0.35072567E+01  0.31263140E+01  0.27737899E+01  0.24497140E+01
  0.21534468E+01  0.18842909E+01  0.16409693E+01  0.14223217E+01  0.12267222E+01
  0.10527677E+01  0.89870632E+00  0.76306248E+00  0.64411591E+00  0.54043638E+00
  0.45043679E+00  0.37280595E+00  0.30614099E+00  0.24929108E+00  0.20105631E+00
  0.16045280E+00  0.12648754E+00  0.98334345E-01  0.75179631E-01  0.56364990E-01
  0.41236468E-01  0.29237663E-01  0.19876308E-01  0.12813763E-01  0.77457440E-02
  0.43604688E-02  0.22725711E-02  0.10966376E-02  0.48841200E-03  0.20141615E-03
  0.76303239E-04  0.25921925E-04  0.70166655E-05  0.32368442E-06
    64
  0.10000000E+01  0.32195740E+00  0.52845982E+00  0.77312377E-01  0.62161808E-02
  0.35512148E-03  0.16114070E-04  0.61762734E-06  0.20739640E-07  0.62366654E-09
  0.15787456E-10  0.75545188E-12 -0.12934295E-11  0.42514587E-12 -0.13704865E-11
  0.50861218E-12 -0.15404088E-11  0.56111138E-12 -0.18444670E-11  0.59583771E-12
 -0.21382345E-11  0.64946275E-12 -0.23068406E-11  0.72641126E-12 -0.23993735E-11
  0.80933047E-12 -0.25428389E-11  0.86829693E-12 -0.27979577E-11  0.90710645E-12
 -0.30892571E-11  0.95157901E-12 -0.32979525E-11  0.00000000E+00  0.00000000E+00
  0.00000000E+00  0.00000000E+00  0.00000000E+00  0.00000000E+00  0.00000000E+00
  0.00000000E+00  0.00000000E+00  0.00000000E+00  0.00000000E+00  0.00000000E+00
  0.00000000E+00  0.00000000E+00  0.00000000E+00  0.00000000E+00  0.00000000E+00
  0.00000000E+00  0.00000000E+00  0.00000000E+00  0.00000000E+00  0.00000000E+00
  0.00000000E+00  0.00000000E+00  0.00000000E+00  0.00000000E+00  0.00000000E+00
  0.00000000E+00  0.00000000E+00  0.00000000E+00  0.00000000E+00  0.00000000E+00
  0.10000000E+01  0.69259500E+00  0.63474294E+00  0.18122296E+00  0.31084895E-01
  0.38522352E-02  0.38098661E-03  0.31896469E-04  0.23438334E-05  0.15450636E-06
  0.92451038E-08  0.50449917E-09  0.24133746E-10  0.95467742E-12 -0.97276983E-12
 -0.16707091E-12 -0.11424913E-11 -0.21765856E-12 -0.14026628E-11 -0.30341978E-12
 -0.16518676E-11 -0.35174148E-12 -0.17747762E-11 -0.34369458E-12 -0.18180152E-11
 -0.32694213E-12 -0.19110374E-11 -0.35745073E-12 -0.21212920E-11 -0.43051115E-12
 -0.23726930E-11 -0.49056078E-12 -0.25357111E-11  0.00000000E+00  0.00000000E+00
  0.00000000E+00  0.00000000E+00  0.00000000E+00  0.00000000E+00  0.00000000E+00
  0.00000000E+00  0.00000000E+00  0.00000000E+00  0.00000000E+00  0.00000000E+00
  0.00000000E+00  0.00000000E+00  0.00000000E+00  0.00000000E+00  0.00000000E+00
  0.00000000E+00  0.00000000E+00  0.00000000E+00  0.00000000E+00  0.00000000E+00
  0.00000000E+00  0.00000000E+00  0.00000000E+00  0.00000000E+00  0.00000000E+00
  0.00000000E+00  0.00000000E+00  0.00000000E+00  0.00000000E+00  0.00000000E+00
  0.10000000E+01  0.11224687E+01  0.87034936E+00  0.35411985E+00  0.97303054E-01
  0.20025662E-01  0.33438298E-02  0.47621826E-03  0.59799455E-04  0.67651455E-05
  0.69826698E-06  0.66118406E-07  0.57458216E-08  0.45692494E-09  0.32209608E-10
  0.16007786E-11 -0.10433340E-11 -0.71546010E-12 -0.14488104E-11 -0.90521810E-12
 -0.17162467E-11 -0.10280097E-11 -0.18430657E-11 -0.10556352E-11 -0.18809466E-11
 -0.10696563E-11 -0.19749739E-11 -0.11594147E-11 -0.21959762E-11 -0.13185168E-11
 -0.24590189E-11 -0.14600210E-11 -0.26334122E-11  0.00000000E+00  0.00000000E+00
  0.00000000E+00  0.00000000E+00  0.00000000E+00  0.00000000E+00  0.00000000E+00
  0.00000000E+00  0.00000000E+00  0.00000000E+00  0.00000000E+00  0.00000000E+00
  0.00000000E+00  0.00000000E+00  0.00000000E+00  0.00000000E+00  0.00000000E+00
  0.00000000E+00  0.00000000E+00  0.00000000E+00  0.00000000E+00  0.00000000E+00
  0.00000000E+00  0.00000000E+00  0.00000000E+00  0.00000000E+00  0.00000000E+00
  0.00000000E+00  0.00000000E+00  0.00000000E+00  0.00000000E+00  0.00000000E+00
  0.10000000E+01  0.15183470E+01  0.12233070E+01  0.61941665E+00  0.23115029E+00
  0.67475132E-01  0.16364810E-01  0.34249199E-02  0.63677230E-03  0.10729771E-03
  0.16602097E-04  0.23743712E-05  0.31422080E-06  0.38379782E-07  0.43078574E-08
  0.44203452E-09  0.40092968E-10  0.24393672E-11 -0.15267434E-11 -0.13600145E-11
 -0.21198112E-11 -0.15597690E-11 -0.22842443E-11 -0.16126129E-11 -0.23464352E-11
 -0.16481501E-11 -0.24729487E-11 -0.17845600E-11 -0.27363904E-11 -0.20145404E-11
 -0.30514944E-11 -0.22246044E-11 -0.32669989E-11  0.00000000E+00  0.00000000E+00
  0.00000000E+00  0.00000000E+00  0.00000000E+00  0.00000000E+00  0.00000000E+00
  0.00000000E+00  0.00000000E+00  0.00000000E+00  0.00000000E+00  0.00000000E+00
  0.00000000E+00  0.00000000E+00  0.00000000E+00  0.00000000E+00  0.00000000E+00
  0.00000000E+00  0.00000000E+00  0.00000000E+00  0.00000000E+00  0.00000000E+00
  0.00000000E+00  0.00000000E+00  0.00000000E+00  0.00000000E+00  0.00000000E+00
  0.00000000E+00  0.00000000E+00  0.00000000E+00  0.00000000E+00  0.00000000E+00
  0.10000000E+01  0.18293044E+01  0.16283886E+01  0.97472823E+00  0.45166801E+00
  0.16972154E+00  0.54202114E-01  0.15134101E-01  0.37885748E-02  0.86522854E-03
  0.18268023E-03  0.35942382E-04  0.66106601E-05  0.11347739E-05  0.18094104E-06
  0.26643568E-07  0.36032306E-08  0.44506381E-09  0.48318594E-10  0.33319689E-11
 -0.21412325E-11 -0.21038564E-11 -0.28466112E-11 -0.22361830E-11 -0.29484335E-11
 -0.23014308E-11 -0.31131311E-11 -0.24887864E-11 -0.34313987E-11 -0.27898682E-11
 -0.38067899E-11 -0.30690452E-11 -0.40763035E-11  0.00000000E+00  0.00000000E+00
  0.00000000E+00  0.00000000E+00  0.00000000E+00  0.00000000E+00  0.00000000E+00
  0.00000000E+00  0.00000000E+00  0.00000000E+00  0.00000000E+00  0.00000000E+00
  0.00000000E+00  0.00000000E+00  0.00000000E+00  0.00000000E+00  0.00000000E+00
  0.00000000E+00  0.00000000E+00  0.00000000E+00  0.00000000E+00  0.00000000E+00
  0.00000000E+00  0.00000000E+00  0.00000000E+00  0.00000000E+00  0.00000000E+00
  0.00000000E+00  0.00000000E+00  0.00000000E+00  0.00000000E+00  0.00000000E+00
  0.10000000E+01  0.20559312E+01  0.20236276E+01  0.13897682E+01  0.75990176E+00
  0.34581480E+00  0.13618960E+00  0.47473839E-01  0.14970332E-01  0.43337767E-02
  0.11665811E-02  0.29447775E-03  0.70085960E-04  0.15740571E-04  0.33255337E-05
  0.65675364E-06  0.12035278E-06  0.20333836E-07  0.31514722E-08  0.44561083E-09
  0.55072390E-10  0.41394756E-11 -0.27132665E-11 -0.28673653E-11 -0.36072804E-11
 -0.30518708E-11 -0.38235806E-11 -0.32932275E-11 -0.41943036E-11 -0.36615086E-11
 -0.46354338E-11 -0.40204258E-11 -0.49859807E-11  0.00000000E+00  0.00000000E+00
  0.00000000E+00  0.00000000E+00  0.00000000E+00  0.00000000E+00  0.00000000E+00
  0.00000000E+00  0.00000000E+00  0.00000000E+00  0.00000000E+00  0.00000000E+00
  0.00000000E+00  0.00000000E+00  0.00000000E+00  0.00000000E+00  0.00000000E+00
  0.00000000E+00  0.00000000E+00  0.00000000E+00  0.00000000E+00  0.00000000E+00
  0.00000000E+00  0.00000000E+00  0.00000000E+00  0.00000000E+00  0.00000000E+00
  0.00000000E+00  0.00000000E+00  0.00000000E+00  0.00000000E+00  0.00000000E+00
  0.10000000E+01  0.22192527E+01  0.23770447E+01  0.18261176E+01  0.11386287E+01
  0.60222775E+00  0.27951371E+00  0.11606909E+00  0.43949074E-01  0.15365955E-01
  0.50199293E-02  0.15449379E-02  0.45097133E-03  0.12527781E-03  0.33130976E-04
  0.83086119E-05  0.19621364E-05  0.43262603E-06  0.88359458E-07  0.16619102E-07
  0.28667225E-08  0.45110844E-09  0.61903126E-10  0.51305844E-11 -0.32587082E-11
 -0.37248169E-11 -0.45880031E-11 -0.41397742E-11 -0.50230104E-11 -0.45745672E-11
 -0.55411359E-11 -0.50466840E-11 -0.60644873E-11  0.00000000E+00  0.00000000E+00
  0.00000000E+00  0.00000000E+00  0.00000000E+00  0.00000000E+00  0.00000000E+00
  0.00000000E+00  0.00000000E+00  0.00000000E+00  0.00000000E+00  0.00000000E+00
  0.00000000E+00  0.00000000E+00  0.00000000E+00  0.00000000E+00  0.00000000E+00
  0.00000000E+00  0.00000000E+00  0.00000000E+00  0.00000000E+00  0.00000000E+00
  0.00000000E+00  0.00000000E+00  0.00000000E+00  0.00000000E+00  0.00000000E+00
  0.00000000E+00  0.00000000E+00  0.00000000E+00  0.00000000E+00  0.00000000E+00
  0.10000000E+01  0.23394403E+01  0.26802835E+01  0.22532536E+01  0.15613504E+01
  0.93144134E+00  0.49305887E+00  0.23566889E+00  0.10342189E+00  0.42131543E-01
  0.16105278E-01  0.58201768E-02  0.20023954E-02  0.65883942E-03  0.20797023E-03
  0.62974423E-04  0.18232556E-04  0.50115976E-05  0.12960253E-05  0.31240964E-06
  0.69671590E-07  0.14304433E-07  0.26949337E-08  0.46355381E-09  0.69518266E-10
  0.63398615E-11 -0.39060855E-11 -0.47749705E-11 -0.58468614E-11 -0.54715787E-11
 -0.65190843E-11 -0.61826421E-11 -0.74347578E-11  0.00000000E+00  0.00000000E+00
  0.00000000E+00  0.00000000E+00  0.00000000E+00  0.00000000E+00  0.00000000E+00
  0.00000000E+00  0.00000000E+00  0.00000000E+00  0.00000000E+00  0.00000000E+00
  0.00000000E+00  0.00000000E+00  0.00000000E+00  0.00000000E+00  0.00000000E+00
  0.00000000E+00  0.00000000E+00  0.00000000E+00  0.00000000E+00  0.00000000E+00
  0.00000000E+00  0.00000000E+00  0.00000000E+00  0.00000000E+00  0.00000000E+00
  0.00000000E+00  0.00000000E+00  0.00000000E+00  0.00000000E+00  0.00000000E+00
  0.10000000E+01  0.24305569E+01  0.29362486E+01  0.26528288E+01  0.20018220E+01
  0.13164671E+01  0.77538271E+00  0.41564694E+00  0.20579887E+00  0.95049279E-01
  0.41348816E-01  0.17057757E-01  0.67175054E-02  0.25369950E-02  0.92272481E-03
  0.32388907E-03  0.10977645E-03  0.35821982E-04  0.11186080E-04  0.33120460E-05
  0.92054543E-06  0.23799540E-06  0.56859323E-07  0.12504939E-07  0.25254086E-08
  0.46605393E-09  0.74838260E-10  0.71959909E-11 -0.47364507E-11 -0.60498979E-11
 -0.75410969E-11 -0.75247038E-11 -0.92330404E-11  0.00000000E+00  0.00000000E+00
  0.00000000E+00  0.00000000E+00  0.00000000E+00  0.00000000E+00  0.00000000E+00
  0.00000000E+00  0.00000000E+00  0.00000000E+00  0.00000000E+00  0.00000000E+00
  0.00000000E+00  0.00000000E+00  0.00000000E+00  0.00000000E+00  0.00000000E+00
  0.00000000E+00  0.00000000E+00  0.00000000E+00  0.00000000E+00  0.00000000E+00
  0.00000000E+00  0.00000000E+00  0.00000000E+00  0.00000000E+00  0.00000000E+00
  0.00000000E+00  0.00000000E+00  0.00000000E+00  0.00000000E+00  0.00000000E+00
  0.10000000E+01  0.25015782E+01  0.31514849E+01  0.30164569E+01  0.24392980E+01
  0.17370009E+01  0.11167199E+01  0.65796423E+00  0.35997916E+00  0.18452522E+00
  0.89399337E-01  0.41189764E-01  0.18158856E-01  0.76935250E-02  0.31459858E-02
  0.12451134E-02  0.47806382E-03  0.17813164E-03  0.64308907E-04  0.22379986E-04
  0.74473462E-05  0.23452364E-05  0.69180149E-06  0.18954208E-06  0.47964778E-07
  0.11178651E-07  0.23949240E-08  0.46941165E-09  0.79829884E-10  0.77160222E-11
 -0.64117281E-11 -0.88425460E-11 -0.11442344E-10  0.00000000E+00  0.00000000E+00
  0.00000000E+00  0.00000000E+00  0.00000000E+00  0.00000000E+00  0.00000000E+00
  0.00000000E+00  0.00000000E+00  0.00000000E+00  0.00000000E+00  0.00000000E+00
  0.00000000E+00  0.00000000E+00  0.00000000E+00  0.00000000E+00  0.00000000E+00
  0.00000000E+00  0.00000000E+00  0.00000000E+00  0.00000000E+00  0.00000000E+00
  0.00000000E+00  0.00000000E+00  0.00000000E+00  0.00000000E+00  0.00000000E+00
  0.00000000E+00  0.00000000E+00  0.00000000E+00  0.00000000E+00  0.00000000E+00
  0.10000000E+01  0.25582232E+01  0.33328674E+01  0.33421263E+01  0.28597634E+01
  0.21740491E+01  0.15027481E+01  0.95781139E+00  0.56959307E+00  0.31864126E+00
  0.16900842E+00  0.85474875E-01  0.41451299E-01  0.19354166E-01  0.87361726E-02
  0.38232370E-02  0.16267030E-02  0.67396301E-03  0.27214205E-03  0.10697293E-03
  0.40790512E-04  0.14984355E-04  0.52527419E-05  0.17380617E-05  0.53752200E-06
  0.15420501E-06  0.40849910E-07  0.99729909E-08  0.22404378E-08  0.46018522E-09
  0.80192469E-10  0.50755551E-11 -0.11215109E-10  0.00000000E+00  0.00000000E+00
  0.00000000E+00  0.00000000E+00  0.00000000E+00  0.00000000E+00  0.00000000E+00
  0.00000000E+00  0.00000000E+00  0.00000000E+00  0.00000000E+00  0.00000000E+00
  0.00000000E+00  0.00000000E+00  0.00000000E+00  0.00000000E+00  0.00000000E+00
  0.00000000E+00  0.00000000E+00  0.00000000E+00  0.00000000E+00  0.00000000E+00
  0.00000000E+00  0.00000000E+00  0.00000000E+00  0.00000000E+00  0.00000000E+00
  0.00000000E+00  0.00000000E+00  0.00000000E+00  0.00000000E+00  0.00000000E+00
  0.10000000E+01  0.26042516E+01  0.34864779E+01  0.36313114E+01  0.32550392E+01
  0.26122471E+01  0.19180865E+01  0.13057781E+01  0.83299448E+00  0.50172888E+00
  0.28736304E+00  0.15732194E+00  0.82752127E-01  0.41980419E-01  0.20618240E-01
  0.98311387E-02  0.45637320E-02  0.20664799E-02  0.91430571E-03  0.39553153E-03
  0.16726168E-03  0.68975581E-04  0.27603052E-04  0.10632527E-04  0.39019453E-05
  0.13494076E-05  0.43569068E-06  0.13045464E-06  0.36086173E-07  0.92084357E-08
  0.21627792E-08  0.46187497E-09  0.80520615E-10  0.00000000E+00  0.00000000E+00
  0.00000000E+00  0.00000000E+00  0.00000000E+00  0.00000000E+00  0.00000000E+00
  0.00000000E+00  0.00000000E+00  0.00000000E+00  0.00000000E+00  0.00000000E+00
  0.00000000E+00  0.00000000E+00  0.00000000E+00  0.00000000E+00  0.00000000E+00
  0.00000000E+00  0.00000000E+00  0.00000000E+00  0.00000000E+00  0.00000000E+00
  0.00000000E+00  0.00000000E+00  0.00000000E+00  0.00000000E+00  0.00000000E+00
  0.00000000E+00  0.00000000E+00  0.00000000E+00  0.00000000E+00  0.00000000E+00
  0.10000000E+01  0.26422320E+01  0.36173678E+01  0.38871073E+01  0.36212435E+01
  0.30404120E+01  0.23486284E+01  0.16902836E+01  0.11444292E+01  0.73407689E+00
  0.44895700E+00  0.26306824E+00  0.14837917E+00  0.80844855E-01  0.42701781E-01
  0.21923105E-01  0.10969503E-01  0.53597772E-02  0.25622549E-02  0.11998837E-02
  0.55094224E-03  0.24800526E-03  0.10931168E-03  0.47010175E-04  0.19605478E-04
  0.78570600E-05  0.29936878E-05  0.10729734E-05  0.35865442E-06  0.11115192E-06
  0.31839477E-07  0.84200511E-08  0.20506281E-08  0.00000000E+00  0.00000000E+00
  0.00000000E+00  0.00000000E+00  0.00000000E+00  0.00000000E+00  0.00000000E+00
  0.00000000E+00  0.00000000E+00  0.00000000E+00  0.00000000E+00  0.00000000E+00
  0.00000000E+00  0.00000000E+00  0.00000000E+00  0.00000000E+00  0.00000000E+00
  0.00000000E+00  0.00000000E+00  0.00000000E+00  0.00000000E+00  0.00000000E+00
  0.00000000E+00  0.00000000E+00  0.00000000E+00  0.00000000E+00  0.00000000E+00
  0.00000000E+00  0.00000000E+00  0.00000000E+00  0.00000000E+00  0.00000000E+00
  0.10000000E+01  0.26739807E+01  0.37296284E+01  0.41131632E+01  0.39573458E+01
  0.34511362E+01  0.27826889E+01  0.20995295E+01  0.14956323E+01  0.10125105E+01
  0.65520835E+00  0.40709873E+00  0.24390725E+00  0.14137892E+00  0.79543176E-01
  0.43547532E-01  0.23257643E-01  0.12140396E-01  0.62058759E-02  0.31107832E-02
  0.15310981E-02  0.74044421E-03  0.35193782E-03  0.16427297E-03  0.75141286E-04
  0.33531696E-04  0.14494908E-04  0.60106927E-05  0.23654152E-05  0.87445231E-06
  0.30130110E-06  0.96269989E-07  0.28456422E-07  0.00000000E+00  0.00000000E+00
  0.00000000E+00  0.00000000E+00  0.00000000E+00  0.00000000E+00  0.00000000E+00
  0.00000000E+00  0.00000000E+00  0.00000000E+00  0.00000000E+00  0.00000000E+00
  0.00000000E+00  0.00000000E+00  0.00000000E+00  0.00000000E+00  0.00000000E+00
  0.00000000E+00  0.00000000E+00  0.00000000E+00  0.00000000E+00  0.00000000E+00
  0.00000000E+00  0.00000000E+00  0.00000000E+00  0.00000000E+00  0.00000000E+00
  0.00000000E+00  0.00000000E+00  0.00000000E+00  0.00000000E+00  0.00000000E+00
  0.10000000E+01  0.27008195E+01  0.38265433E+01  0.43131245E+01  0.42640536E+01
  0.38400200E+01  0.32113009E+01  0.25227493E+01  0.18773095E+01  0.13313972E+01
  0.90469908E+00  0.59145430E+00  0.37347789E+00  0.22849121E+00  0.13584697E+00
  0.78673330E-01  0.44486799E-01  0.24606502E-01  0.13337953E-01  0.70949520E-02
  0.37088335E-02  0.19070364E-02  0.96532756E-03  0.48114564E-03  0.23607406E-03
  0.11385746E-03  0.53821695E-04  0.24803756E-04  0.11056537E-04  0.47191095E-05
  0.19081746E-05  0.72397243E-06  0.25592279E-06  0.00000000E+00  0.00000000E+00
  0.00000000E+00  0.00000000E+00  0.00000000E+00  0.00000000E+00  0.00000000E+00
  0.00000000E+00  0.00000000E+00  0.00000000E+00  0.00000000E+00  0.00000000E+00
  0.00000000E+00  0.00000000E+00  0.00000000E+00  0.00000000E+00  0.00000000E+00
  0.00000000E+00  0.00000000E+00  0.00000000E+00  0.00000000E+00  0.00000000E+00
  0.00000000E+00  0.00000000E+00  0.00000000E+00  0.00000000E+00  0.00000000E+00
  0.00000000E+00  0.00000000E+00  0.00000000E+00  0.00000000E+00  0.00000000E+00
  0.10000000E+01  0.27755702E+01  0.41062503E+01  0.49140895E+01  0.52356592E+01
  0.51534173E+01  0.47717649E+01  0.42000960E+01  0.35385465E+01  0.28675360E+01
  0.22440395E+01  0.17012144E+01  0.12529313E+01  0.89857213E+00  0.62892873E+00
  0.43040016E+00  0.28849991E+00  0.18969786E+00  0.12253497E+00  0.77849717E-01
  0.48705366E-01  0.30035803E-01  0.18275650E-01  0.10980273E-01  0.65193119E-02
  0.38272771E-02  0.22229032E-02  0.12777066E-02  0.72695935E-03  0.40934031E-03
  0.22799772E-03  0.12546353E-03  0.68067550E-04  0.36279750E-04  0.18895089E-04
  0.95426141E-05  0.46296938E-05  0.21364130E-05  0.92940334E-06  0.00000000E+00
  0.00000000E+00  0.00000000E+00  0.00000000E+00  0.00000000E+00  0.00000000E+00
  0.00000000E+00  0.00000000E+00  0.00000000E+00  0.00000000E+00  0.00000000E+00
  0.00000000E+00  0.00000000E+00  0.00000000E+00  0.00000000E+00  0.00000000E+00
  0.00000000E+00  0.00000000E+00  0.00000000E+00  0.00000000E+00  0.00000000E+00
  0.00000000E+00  0.00000000E+00  0.00000000E+00  0.00000000E+00  0.00000000E+00
  0.10000000E+01  0.28200669E+01  0.42797510E+01  0.53037554E+01  0.59022711E+01
  0.61186184E+01  0.60148934E+01  0.56638429E+01  0.51410015E+01  0.45177463E+01
  0.38561445E+01  0.32051994E+01  0.26000288E+01  0.20621545E+01  0.16018279E+01
  0.12203687E+01  0.91315405E+00  0.67187602E+00  0.48665925E+00  0.34735892E+00
  0.24455112E+00  0.16996328E+00  0.11670520E+00  0.79227062E-01  0.53211572E-01
  0.35378364E-01  0.23298189E-01  0.15204292E-01  0.98373794E-02  0.63128588E-02
  0.40194633E-02  0.25399071E-02  0.15932080E-02  0.99211954E-03  0.61330915E-03
  0.37627137E-03  0.22898320E-03  0.13809199E-03  0.82402700E-04  0.48540554E-04
  0.28129230E-04  0.15955284E-04  0.87974470E-05  0.46755485E-05  0.23735644E-05
  0.11413590E-05  0.51646664E-06  0.00000000E+00  0.00000000E+00  0.00000000E+00
  0.00000000E+00  0.00000000E+00  0.00000000E+00  0.00000000E+00  0.00000000E+00
  0.00000000E+00  0.00000000E+00  0.00000000E+00  0.00000000E+00  0.00000000E+00
  0.00000000E+00  0.00000000E+00  0.00000000E+00  0.00000000E+00  0.00000000E+00
  0.10000000E+01  0.28489352E+01  0.43953016E+01  0.55701225E+01  0.63728595E+01
  0.68273607E+01  0.69716818E+01  0.68534195E+01  0.65256222E+01  0.60430582E+01
  0.54586991E+01  0.48204793E+01  0.41691792E+01  0.35369375E+01  0.29471499E+01
  0.24147990E+01  0.19477489E+01  0.15480072E+01  0.12133772E+01  0.93875213E+00
  0.71742444E+00  0.54196238E+00  0.40496824E+00  0.29949280E+00  0.21933957E+00
  0.15915907E+00  0.11448466E+00  0.81668108E-01  0.57800996E-01  0.40602874E-01
  0.28319072E-01  0.19617282E-01  0.13501242E-01  0.92341446E-02  0.62779711E-02
  0.42435331E-02  0.28523391E-02  0.19067285E-02  0.12677190E-02  0.83828647E-03
  0.55125072E-03  0.36039193E-03  0.23414004E-03  0.15105488E-03  0.96668515E-04
  0.61268694E-04  0.38373120E-04  0.23674690E-04  0.14325410E-04  0.84511585E-05
  0.48250651E-05  0.26442870E-05  0.13799726E-05  0.68106594E-06  0.00000000E+00
  0.00000000E+00  0.00000000E+00  0.00000000E+00  0.00000000E+00  0.00000000E+00
  0.00000000E+00  0.00000000E+00  0.00000000E+00  0.00000000E+00  0.00000000E+00
  0.10000000E+01  0.28688746E+01  0.44766473E+01  0.57609063E+01  0.67168078E+01
  0.73581849E+01  0.77095181E+01  0.78026500E+01  0.76745270E+01  0.73652745E+01
  0.69162041E+01  0.63677518E+01  0.57576678E+01  0.51194150E+01  0.44812097E+01
  0.38653898E+01  0.32884889E+01  0.27615009E+01  0.22906495E+01  0.18781244E+01
  0.15230590E+01  0.12223158E+01  0.97132275E+00  0.76466638E+00  0.59664775E+00
  0.46162415E+00  0.35429639E+00  0.26984541E+00  0.20402966E+00  0.15319405E+00
  0.11426129E+00  0.84680733E-01  0.62375708E-01  0.45676235E-01  0.33258563E-01
  0.24084044E-01  0.17347418E-01  0.12429752E-01  0.88601365E-02  0.62829632E-02
  0.44320354E-02  0.31094023E-02  0.21689825E-02  0.15036056E-02  0.10351769E-02
  0.70708880E-03  0.47855100E-03  0.32031208E-03  0.21150934E-03  0.13732107E-03
  0.87260415E-04  0.53943377E-04  0.32200971E-04  0.18410789E-04  0.10003609E-04
  0.51314393E-05  0.24720480E-05  0.11132891E-05  0.46537073E-06  0.00000000E+00
  0.00000000E+00  0.00000000E+00  0.00000000E+00  0.00000000E+00  0.00000000E+00
  0.10000000E+01  0.28833218E+01  0.45364980E+01  0.59030494E+01  0.69766226E+01
  0.77657071E+01  0.82869143E+01  0.85623321E+01  0.86181256E+01  0.84835115E+01
  0.81897155E+01  0.77688193E+01  0.72525522E+01  0.66710987E+01  0.60520957E+01
  0.54197951E+01  0.47945977E+01  0.41927710E+01  0.36265535E+01  0.31043513E+01
  0.26312220E+01  0.22093295E+01  0.18385572E+01  0.15170070E+01  0.12415529E+01
  0.10082480E+01  0.81272971E+00  0.65048623E+00  0.51710080E+00  0.40838904E+00
  0.32051360E+00  0.25002781E+00  0.19390523E+00  0.14952806E+00  0.11467049E+00
  0.87462093E-01  0.66352457E-01  0.50068722E-01  0.37577647E-01  0.28047286E-01
  0.20814141E-01  0.15352760E-01  0.11250425E-01  0.81849421E-02  0.59065945E-02
  0.42228892E-02  0.29863462E-02  0.20845359E-02  0.14322461E-02  0.96511510E-03
  0.63470204E-03  0.40476142E-03  0.24836972E-03  0.14543625E-03  0.80647071E-04
  0.42087862E-04  0.20582050E-04  0.94048437E-05  0.40054820E-05  0.15809368E-05
  0.56633178E-06  0.00000000E+00  0.00000000E+00  0.00000000E+00  0.00000000E+00
  0.10000000E+01  0.28941903E+01  0.45821236E+01  0.60124738E+01  0.71786400E+01
  0.80861710E+01  0.87469520E+01  0.91769335E+01  0.93951457E+01  0.94231104E+01
  0.92843216E+01  0.90036527E+01  0.86066410E+01  0.81187314E+01  0.75644954E+01
  0.69669163E+01  0.63468053E+01  0.57223410E+01  0.51088314E+01  0.45185837E+01
  0.39610018E+01  0.34427294E+01  0.29679686E+01  0.25387756E+01  0.21554630E+01
  0.18169301E+01  0.15210416E+01  0.12649124E+01  0.10452049E+01  0.85833355E+00
  0.70066327E+00  0.56863268E+00  0.45886520E+00  0.36822562E+00  0.29386706E+00
  0.23324223E+00  0.18410953E+00  0.14451855E+00  0.11279446E+00  0.87512131E-01
  0.67471948E-01  0.51671845E-01  0.39282326E-01  0.29621203E-01  0.22131829E-01
  0.16362581E-01  0.11949341E-01  0.86000955E-02  0.60821531E-02  0.42105893E-02
  0.28388401E-02  0.18516099E-02  0.11590498E-02  0.69049528E-03  0.38853512E-03
  0.20527513E-03  0.10143212E-03  0.46774348E-04  0.20106291E-04  0.80400145E-05
  0.29654308E-05  0.97300748E-06  0.00000000E+00  0.00000000E+00  0.00000000E+00
  0.10000000E+01  0.29026090E+01  0.46178872E+01  0.60989340E+01  0.73394732E+01
  0.83433964E+01  0.91196437E+01  0.96802001E+01  0.10039328E+02  0.10213195E+02
  0.10219626E+02  0.10077832E+02  0.98080186E+01  0.94309568E+01  0.89674502E+01
  0.84378228E+01  0.78614015E+01  0.72560740E+01  0.66379350E+01  0.60210217E+01
  0.54171886E+01  0.48360474E+01  0.42850488E+01  0.37695878E+01  0.32932221E+01
  0.28578717E+01  0.24640941E+01  0.21113105E+01  0.17980725E+01  0.15222665E+01
  0.12813332E+01  0.10724256E+01  0.89256722E+00  0.73875684E+00  0.60806860E+00
  0.49770997E+00  0.40507427E+00  0.32776362E+00  0.26360787E+00  0.21066461E+00
  0.16721706E+00  0.13176139E+00  0.10299371E+00  0.79791578E-01  0.61197245E-01
  0.46398489E-01  0.34710935E-01  0.25561314E-01  0.18472916E-01  0.13049938E-01
  0.89642648E-02  0.59465791E-02  0.37785232E-02  0.22803761E-02  0.12973305E-02
  0.69176792E-03  0.34447141E-03  0.15990135E-03  0.69154953E-04  0.27847821E-04
  0.10397891E-04  0.35292799E-05  0.99363970E-06  0.00000000E+00  0.00000000E+00
  0.10000000E+01  0.29092725E+01  0.46464997E+01  0.61685693E+01  0.74697740E+01
  0.85530563E+01  0.94254529E+01  0.10096310E+02  0.10576646E+02  0.10878886E+02
  0.11016763E+02  0.11005208E+02  0.10860168E+02  0.10598382E+02  0.10237051E+02
  0.97935046E+01  0.92848081E+01  0.87274061E+01  0.81367759E+01  0.75271446E+01
  0.69112690E+01  0.63002774E+01  0.57036030E+01  0.51289577E+01  0.45823989E+01
  0.40684078E+01  0.35900446E+01  0.31490884E+01  0.27462314E+01  0.23812395E+01
  0.20531444E+01  0.17603942E+01  0.15010180E+01  0.12727480E+01  0.10731459E+01
  0.89968975E+00  0.74986099E+00  0.62119851E+00  0.51135059E+00  0.41810301E+00
  0.33940376E+00  0.27337214E+00  0.21830544E+00  0.17267465E+00  0.13512094E+00
  0.10444499E+00  0.79595223E-01  0.59655933E-01  0.43836555E-01  0.31454556E-01
  0.21920697E-01  0.14733051E-01  0.94708698E-02  0.57735379E-02  0.33128068E-02
  0.17791691E-02  0.89127136E-03  0.41582139E-03  0.18064614E-03  0.73081815E-04
  0.27473139E-04  0.94753415E-05  0.28273515E-05  0.50442137E-06  0.00000000E+00
  0.10000000E+01  0.29146247E+01  0.46697037E+01  0.62253603E+01  0.75765364E+01
  0.87256258E+01  0.96783918E+01  0.10442374E+02  0.11026333E+02  0.11440052E+02
  0.11694310E+02  0.11800859E+02  0.11772357E+02  0.11622278E+02  0.11364717E+02
  0.11014198E+02  0.10585390E+02  0.10092855E+02  0.95507516E+01  0.89725934E+01
  0.83710062E+01  0.77575448E+01  0.71425514E+01  0.65350588E+01  0.59427552E+01
  0.53719747E+01  0.48277519E+01  0.43138810E+01  0.38330296E+01  0.33868401E+01
  0.29760711E+01  0.26007142E+01  0.22601368E+01  0.19531943E+01  0.16783567E+01
  0.14338036E+01  0.12175252E+01  0.10273943E+01  0.86124015E+00  0.71689758E+00
  0.59225444E+00  0.48528162E+00  0.39406006E+00  0.31679301E+00  0.25181989E+00
  0.19761826E+00  0.15280205E+00  0.11611983E+00  0.86453752E-01  0.62803102E-01
  0.44270440E-01  0.30065425E-01  0.19506393E-01  0.11986995E-01  0.69250825E-02
  0.37405108E-02  0.18827785E-02  0.88194717E-03  0.38449007E-03  0.15607894E-03
  0.58932927E-04  0.20511912E-04  0.63051329E-05  0.13487292E-05 -0.31677067E-06
    59
  0.10000000E+01  0.26575769E+00  0.51953190E+00  0.64852521E-01  0.44192617E-02
  0.21276061E-03  0.81057990E-05  0.26025533E-06  0.73085058E-08  0.18386297E-09
  0.29322679E-11  0.52618630E-12 -0.13749687E-11  0.54234566E-12 -0.14557894E-11
  0.63945676E-12 -0.16383562E-11  0.71000210E-12 -0.19521360E-11  0.76787617E-12
 -0.22580624E-11  0.83894721E-12 -0.24396396E-11  0.93131643E-12 -0.25449150E-11
  0.10263473E-11 -0.26994108E-11  0.11034973E-11 -0.29641457E-11  0.11629998E-11
 -0.32661253E-11  0.12261996E-11 -0.34874676E-11  0.00000000E+00  0.00000000E+00
  0.00000000E+00  0.00000000E+00  0.00000000E+00  0.00000000E+00  0.00000000E+00
  0.00000000E+00  0.00000000E+00  0.00000000E+00  0.00000000E+00  0.00000000E+00
  0.00000000E+00  0.00000000E+00  0.00000000E+00  0.00000000E+00  0.00000000E+00
  0.00000000E+00  0.00000000E+00  0.00000000E+00  0.00000000E+00  0.00000000E+00
  0.00000000E+00  0.00000000E+00  0.00000000E+00  0.00000000E+00  0.00000000E+00
  0.10000000E+01  0.57975009E+00  0.59474866E+00  0.15146488E+00  0.22573563E-01
  0.23945476E-02  0.20124178E-03  0.14256525E-04  0.88377010E-06  0.49017228E-07
  0.24606046E-08  0.11236283E-09  0.36368813E-11  0.11685617E-12 -0.10544580E-11
 -0.29058859E-13 -0.11875354E-11 -0.56537823E-13 -0.14508753E-11 -0.11468949E-12
 -0.17058951E-11 -0.14213367E-12 -0.18336740E-11 -0.12071824E-12 -0.18819116E-11
 -0.91591656E-13 -0.19809104E-11 -0.10271246E-12 -0.21967948E-11 -0.15129574E-12
 -0.24490199E-11 -0.18759128E-12 -0.26186749E-11  0.00000000E+00  0.00000000E+00
  0.00000000E+00  0.00000000E+00  0.00000000E+00  0.00000000E+00  0.00000000E+00
  0.00000000E+00  0.00000000E+00  0.00000000E+00  0.00000000E+00  0.00000000E+00
  0.00000000E+00  0.00000000E+00  0.00000000E+00  0.00000000E+00  0.00000000E+00
  0.00000000E+00  0.00000000E+00  0.00000000E+00  0.00000000E+00  0.00000000E+00
  0.00000000E+00  0.00000000E+00  0.00000000E+00  0.00000000E+00  0.00000000E+00
  0.10000000E+01  0.95855853E+00  0.76923506E+00  0.29107444E+00  0.71522765E-01
  0.12856010E-01  0.18543957E-02  0.22658597E-03  0.24297442E-04  0.23384367E-05
  0.20456332E-06  0.16350305E-07  0.11935745E-08  0.79128299E-10  0.38392725E-11
 -0.22209796E-12 -0.10903663E-11 -0.58791239E-12 -0.13644905E-11 -0.74108494E-12
 -0.16167525E-11 -0.84123705E-12 -0.17344553E-11 -0.86102644E-12 -0.17669782E-11
 -0.87016242E-12 -0.18541893E-11 -0.94350864E-12 -0.20627919E-11 -0.10749336E-11
 -0.23138529E-11 -0.11929783E-11 -0.24785039E-11  0.00000000E+00  0.00000000E+00
  0.00000000E+00  0.00000000E+00  0.00000000E+00  0.00000000E+00  0.00000000E+00
  0.00000000E+00  0.00000000E+00  0.00000000E+00  0.00000000E+00  0.00000000E+00
  0.00000000E+00  0.00000000E+00  0.00000000E+00  0.00000000E+00  0.00000000E+00
  0.00000000E+00  0.00000000E+00  0.00000000E+00  0.00000000E+00  0.00000000E+00
  0.00000000E+00  0.00000000E+00  0.00000000E+00  0.00000000E+00  0.00000000E+00
  0.10000000E+01  0.13298959E+01  0.10483187E+01  0.50120979E+00  0.17093373E+00
  0.44475858E-01  0.94858302E-02  0.17295793E-02  0.27844375E-03  0.40436918E-04
  0.53694836E-05  0.65594836E-06  0.73751913E-07  0.76089350E-08  0.71645940E-09
  0.60858751E-10  0.34956222E-11 -0.60698121E-12 -0.15944854E-11 -0.11731854E-11
 -0.19068020E-11 -0.13303846E-11 -0.20523587E-11 -0.13747765E-11 -0.21024460E-11
 -0.14014207E-11 -0.22105140E-11 -0.15168692E-11 -0.24507775E-11 -0.17143391E-11
 -0.27387240E-11 -0.18949420E-11 -0.29345879E-11  0.00000000E+00  0.00000000E+00
  0.00000000E+00  0.00000000E+00  0.00000000E+00  0.00000000E+00  0.00000000E+00
  0.00000000E+00  0.00000000E+00  0.00000000E+00  0.00000000E+00  0.00000000E+00
  0.00000000E+00  0.00000000E+00  0.00000000E+00  0.00000000E+00  0.00000000E+00
  0.00000000E+00  0.00000000E+00  0.00000000E+00  0.00000000E+00  0.00000000E+00
  0.00000000E+00  0.00000000E+00  0.00000000E+00  0.00000000E+00  0.00000000E+00
  0.10000000E+01  0.16439531E+01  0.13937645E+01  0.78680838E+00  0.33680319E+00
  0.11457636E+00  0.32680721E-01  0.80662516E-02  0.17724608E-02  0.35341989E-03
  0.64863097E-04  0.11044372E-04  0.17487670E-05  0.25679706E-06  0.34779451E-07
  0.43187079E-08  0.48817742E-09  0.49275570E-10  0.27517424E-11 -0.11991619E-11
 -0.23178893E-11 -0.18146196E-11 -0.25376019E-11 -0.18874380E-11 -0.26164076E-11
 -0.19342470E-11 -0.27571383E-11 -0.20920922E-11 -0.30455470E-11 -0.23531268E-11
 -0.33869520E-11 -0.25933012E-11 -0.36282194E-11  0.00000000E+00  0.00000000E+00
  0.00000000E+00  0.00000000E+00  0.00000000E+00  0.00000000E+00  0.00000000E+00
  0.00000000E+00  0.00000000E+00  0.00000000E+00  0.00000000E+00  0.00000000E+00
  0.00000000E+00  0.00000000E+00  0.00000000E+00  0.00000000E+00  0.00000000E+00
  0.00000000E+00  0.00000000E+00  0.00000000E+00  0.00000000E+00  0.00000000E+00
  0.00000000E+00  0.00000000E+00  0.00000000E+00  0.00000000E+00  0.00000000E+00
  0.10000000E+01  0.18881137E+01  0.17554077E+01  0.11331081E+01  0.57488623E+00
  0.23925108E+00  0.85148508E-01  0.26562109E-01  0.74419513E-02  0.19033632E-02
  0.45061583E-03  0.99633450E-04  0.20677495E-04  0.40267906E-05  0.73242776E-06
  0.12351037E-06  0.19164676E-07  0.27198346E-08  0.35005109E-09  0.39489079E-10
  0.16393504E-11 -0.19399780E-11 -0.30310941E-11 -0.24844168E-11 -0.31845659E-11
 -0.25701069E-11 -0.33655014E-11 -0.27750473E-11 -0.37014802E-11 -0.30982522E-11
 -0.40985142E-11 -0.34046240E-11 -0.43955331E-11  0.00000000E+00  0.00000000E+00
  0.00000000E+00  0.00000000E+00  0.00000000E+00  0.00000000E+00  0.00000000E+00
  0.00000000E+00  0.00000000E+00  0.00000000E+00  0.00000000E+00  0.00000000E+00
  0.00000000E+00  0.00000000E+00  0.00000000E+00  0.00000000E+00  0.00000000E+00
  0.00000000E+00  0.00000000E+00  0.00000000E+00  0.00000000E+00  0.00000000E+00
  0.00000000E+00  0.00000000E+00  0.00000000E+00  0.00000000E+00  0.00000000E+00
  0.10000000E+01  0.20717309E+01  0.20974353E+01  0.15135095E+01  0.87815931E+00
  0.42764271E+00  0.18094214E+00  0.67908206E-01  0.23080170E-01  0.72034246E-02
  0.20913498E-02  0.56983036E-03  0.14670836E-03  0.35789634E-04  0.82631742E-05
  0.17952875E-05  0.36394521E-06  0.68227598E-07  0.11741510E-07  0.18453233E-08
  0.26199874E-09  0.31784676E-10  0.52884851E-12 -0.26962592E-11 -0.37488007E-11
 -0.32747824E-11 -0.40168370E-11 -0.35350804E-11 -0.44009206E-11 -0.39208578E-11
 -0.48588218E-11 -0.43059404E-11 -0.52485594E-11  0.00000000E+00  0.00000000E+00
  0.00000000E+00  0.00000000E+00  0.00000000E+00  0.00000000E+00  0.00000000E+00
  0.00000000E+00  0.00000000E+00  0.00000000E+00  0.00000000E+00  0.00000000E+00
  0.00000000E+00  0.00000000E+00  0.00000000E+00  0.00000000E+00  0.00000000E+00
  0.00000000E+00  0.00000000E+00  0.00000000E+00  0.00000000E+00  0.00000000E+00
  0.00000000E+00  0.00000000E+00  0.00000000E+00  0.00000000E+00  0.00000000E+00
  0.10000000E+01  0.22096973E+01  0.24029734E+01  0.19015369E+01  0.12301701E+01
  0.67937021E+00  0.33013467E+00  0.14377231E+00  0.57122246E-01  0.20958456E-01
  0.71844922E-02  0.23200612E-02  0.71094816E-03  0.20767153E-03  0.57955896E-04
  0.15426195E-04  0.38944490E-05  0.92418490E-06  0.20411217E-06  0.41588455E-07
  0.77686077E-08  0.13245321E-08  0.20318544E-09  0.25803271E-10 -0.55739900E-12
 -0.35454308E-11 -0.46566412E-11 -0.43134364E-11 -0.51353964E-11 -0.47637436E-11
 -0.56703299E-11 -0.52762750E-11 -0.62652235E-11  0.00000000E+00  0.00000000E+00
  0.00000000E+00  0.00000000E+00  0.00000000E+00  0.00000000E+00  0.00000000E+00
  0.00000000E+00  0.00000000E+00  0.00000000E+00  0.00000000E+00  0.00000000E+00
  0.00000000E+00  0.00000000E+00  0.00000000E+00  0.00000000E+00  0.00000000E+00
  0.00000000E+00  0.00000000E+00  0.00000000E+00  0.00000000E+00  0.00000000E+00
  0.00000000E+00  0.00000000E+00  0.00000000E+00  0.00000000E+00  0.00000000E+00
  0.10000000E+01  0.23149523E+01  0.26680377E+01  0.22775268E+01  0.16110747E+01
  0.98579705E+00  0.53626441E+00  0.26374216E+00  0.11910994E+00  0.49933076E-01
  0.19634843E-01  0.72968912E-02  0.25808736E-02  0.87310536E-03  0.28361554E-03
  0.88582569E-04  0.26565545E-04  0.76087367E-05  0.20633165E-05  0.52418229E-06
  0.12352285E-06  0.26795323E-07  0.53244259E-08  0.96535415E-09  0.15653573E-09
  0.19995689E-10 -0.19101048E-11 -0.46061626E-11 -0.58046508E-11 -0.55777974E-11
 -0.65341258E-11 -0.63572013E-11 -0.75532848E-11  0.00000000E+00  0.00000000E+00
  0.00000000E+00  0.00000000E+00  0.00000000E+00  0.00000000E+00  0.00000000E+00
  0.00000000E+00  0.00000000E+00  0.00000000E+00  0.00000000E+00  0.00000000E+00
  0.00000000E+00  0.00000000E+00  0.00000000E+00  0.00000000E+00  0.00000000E+00
  0.00000000E+00  0.00000000E+00  0.00000000E+00  0.00000000E+00  0.00000000E+00
  0.00000000E+00  0.00000000E+00  0.00000000E+00  0.00000000E+00  0.00000000E+00
  0.10000000E+01  0.23969303E+01  0.28950270E+01  0.26296837E+01  0.20025411E+01
  0.13334631E+01  0.79627859E+00  0.43312976E+00  0.21758256E+00  0.10193942E+00
  0.44960024E-01  0.18796135E-01  0.74971830E-02  0.28669211E-02  0.10555964E-02
  0.37526660E-03  0.12898836E-03  0.42812061E-04  0.13660484E-04  0.41566037E-05
  0.11936076E-05  0.31998475E-06  0.79364368E-07  0.18099800E-07  0.37811835E-08
  0.72067017E-09  0.12178541E-09  0.15020107E-10 -0.33973809E-11 -0.59149208E-11
 -0.74128077E-11 -0.76253769E-11 -0.92088394E-11  0.00000000E+00  0.00000000E+00
  0.00000000E+00  0.00000000E+00  0.00000000E+00  0.00000000E+00  0.00000000E+00
  0.00000000E+00  0.00000000E+00  0.00000000E+00  0.00000000E+00  0.00000000E+00
  0.00000000E+00  0.00000000E+00  0.00000000E+00  0.00000000E+00  0.00000000E+00
  0.00000000E+00  0.00000000E+00  0.00000000E+00  0.00000000E+00  0.00000000E+00
  0.00000000E+00  0.00000000E+00  0.00000000E+00  0.00000000E+00  0.00000000E+00
  0.10000000E+01  0.24621160E+01  0.30886768E+01  0.29524576E+01  0.23901880E+01
  0.17076036E+01  0.11022398E+01  0.65232030E+00  0.35834978E+00  0.18437837E+00
  0.89601373E-01  0.41387372E-01  0.18279725E-01  0.77553672E-02  0.31739884E-02
  0.12569733E-02  0.48288839E-03  0.18013313E-03  0.65196246E-04  0.22808470E-04
  0.76590288E-05  0.24441362E-05  0.73306792E-06  0.20455508E-06  0.52700520E-07
  0.12477845E-07  0.27072452E-08  0.53560404E-09  0.92537108E-10  0.98476247E-11
 -0.58455726E-11 -0.87740013E-11 -0.11174371E-10  0.00000000E+00  0.00000000E+00
  0.00000000E+00  0.00000000E+00  0.00000000E+00  0.00000000E+00  0.00000000E+00
  0.00000000E+00  0.00000000E+00  0.00000000E+00  0.00000000E+00  0.00000000E+00
  0.00000000E+00  0.00000000E+00  0.00000000E+00  0.00000000E+00  0.00000000E+00
  0.00000000E+00  0.00000000E+00  0.00000000E+00  0.00000000E+00  0.00000000E+00
  0.00000000E+00  0.00000000E+00  0.00000000E+00  0.00000000E+00  0.00000000E+00
  0.10000000E+01  0.25149250E+01  0.32540838E+01  0.32444215E+01  0.27640537E+01
  0.20946192E+01  0.14436133E+01  0.91743888E+00  0.54368394E+00  0.30293137E+00
  0.15990580E+00  0.80433822E-01  0.38766078E-01  0.17978773E-01  0.80557330E-02
  0.34981098E-02  0.14762184E-02  0.60655354E-03  0.24292094E-03  0.94777126E-04
  0.35926714E-04  0.13155058E-04  0.46123193E-05  0.15317413E-05  0.47661977E-06
  0.13769554E-06  0.36703247E-07  0.89954041E-08  0.20217404E-08  0.41328239E-09
  0.70944846E-10  0.33817078E-11 -0.11022447E-10  0.00000000E+00  0.00000000E+00
  0.00000000E+00  0.00000000E+00  0.00000000E+00  0.00000000E+00  0.00000000E+00
  0.00000000E+00  0.00000000E+00  0.00000000E+00  0.00000000E+00  0.00000000E+00
  0.00000000E+00  0.00000000E+00  0.00000000E+00  0.00000000E+00  0.00000000E+00
  0.00000000E+00  0.00000000E+00  0.00000000E+00  0.00000000E+00  0.00000000E+00
  0.00000000E+00  0.00000000E+00  0.00000000E+00  0.00000000E+00  0.00000000E+00
  0.10000000E+01  0.25584040E+01  0.33959069E+01  0.35065390E+01  0.31180239E+01
  0.24833227E+01  0.18092723E+01  0.12216929E+01  0.77242362E+00  0.46078601E+00
  0.26114671E+00  0.14136847E+00  0.73466700E-01  0.36798745E-01  0.17832358E-01
  0.83851708E-02  0.38365262E-02  0.17115861E-02  0.74583582E-03  0.31771974E-03
  0.13229202E-03  0.53731494E-04  0.21192247E-04  0.80556640E-05  0.29218581E-05
  0.10001017E-05  0.31978627E-06  0.94780492E-07  0.25910571E-07  0.65163682E-08
  0.15016778E-08  0.31084426E-09  0.48886115E-10  0.00000000E+00  0.00000000E+00
  0.00000000E+00  0.00000000E+00  0.00000000E+00  0.00000000E+00  0.00000000E+00
  0.00000000E+00  0.00000000E+00  0.00000000E+00  0.00000000E+00  0.00000000E+00
  0.00000000E+00  0.00000000E+00  0.00000000E+00  0.00000000E+00  0.00000000E+00
  0.00000000E+00  0.00000000E+00  0.00000000E+00  0.00000000E+00  0.00000000E+00
  0.00000000E+00  0.00000000E+00  0.00000000E+00  0.00000000E+00  0.00000000E+00
  0.10000000E+01  0.25947014E+01  0.35181294E+01  0.37409863E+01  0.34489193E+01
  0.28652695E+01  0.21888669E+01  0.15568078E+01  0.10406769E+01  0.65847417E+00
  0.39685636E+00  0.22896483E+00  0.12704426E+00  0.68047579E-01  0.35306861E-01
  0.17796036E-01  0.87367861E-02  0.41866004E-02  0.19618860E-02  0.90027136E-03
  0.40489756E-03  0.17846989E-03  0.76993219E-04  0.32397263E-04  0.13215779E-04
  0.51803908E-05  0.19306974E-05  0.67684511E-06  0.22117739E-06  0.66933856E-07
  0.18685834E-07  0.48007208E-08  0.11283162E-08  0.00000000E+00  0.00000000E+00
  0.00000000E+00  0.00000000E+00  0.00000000E+00  0.00000000E+00  0.00000000E+00
  0.00000000E+00  0.00000000E+00  0.00000000E+00  0.00000000E+00  0.00000000E+00
  0.00000000E+00  0.00000000E+00  0.00000000E+00  0.00000000E+00  0.00000000E+00
  0.00000000E+00  0.00000000E+00  0.00000000E+00  0.00000000E+00  0.00000000E+00
  0.00000000E+00  0.00000000E+00  0.00000000E+00  0.00000000E+00  0.00000000E+00
  0.10000000E+01  0.26253683E+01  0.36240547E+01  0.39504297E+01  0.37556095E+01
  0.32345561E+01  0.25735574E+01  0.19142083E+01  0.13427564E+01  0.89417878E+00
  0.56855674E+00  0.34678379E+00  0.20376531E+00  0.11574506E+00  0.63765823E-01
  0.34162410E-01  0.17843082E-01  0.91042243E-02  0.45466091E-02  0.22256157E-02
  0.10692284E-02  0.50450031E-03  0.23381960E-03  0.10634463E-03  0.47345370E-04
  0.20534119E-04  0.86116322E-05  0.34584325E-05  0.13158706E-05  0.46961391E-06
  0.15596530E-06  0.47950449E-07  0.13608546E-07  0.00000000E+00  0.00000000E+00
  0.00000000E+00  0.00000000E+00  0.00000000E+00  0.00000000E+00  0.00000000E+00
  0.00000000E+00  0.00000000E+00  0.00000000E+00  0.00000000E+00  0.00000000E+00
  0.00000000E+00  0.00000000E+00  0.00000000E+00  0.00000000E+00  0.00000000E+00
  0.00000000E+00  0.00000000E+00  0.00000000E+00  0.00000000E+00  0.00000000E+00
  0.00000000E+00  0.00000000E+00  0.00000000E+00  0.00000000E+00  0.00000000E+00
  0.10000000E+01  0.27108508E+01  0.39318900E+01  0.45906292E+01  0.47543556E+01
  0.45311722E+01  0.40462516E+01  0.34210231E+01  0.27580303E+01  0.21312792E+01
  0.15853992E+01  0.11392491E+01  0.79331149E+00  0.53675258E+00  0.35373437E+00
  0.22754685E+00  0.14315530E+00  0.88231272E-01  0.53358265E-01  0.31705662E-01
  0.18534402E-01  0.10670865E-01  0.60566516E-02  0.33918455E-02  0.18754911E-02
  0.10244236E-02  0.55288748E-03  0.29479505E-03  0.15517637E-03  0.80514058E-04
  0.41061324E-04  0.20488712E-04  0.99360890E-05  0.46429295E-05  0.20703666E-05
  0.87279095E-06  0.00000000E+00  0.00000000E+00  0.00000000E+00  0.00000000E+00
  0.00000000E+00  0.00000000E+00  0.00000000E+00  0.00000000E+00  0.00000000E+00
  0.00000000E+00  0.00000000E+00  0.00000000E+00  0.00000000E+00  0.00000000E+00
  0.00000000E+00  0.00000000E+00  0.00000000E+00  0.00000000E+00  0.00000000E+00
  0.00000000E+00  0.00000000E+00  0.00000000E+00  0.00000000E+00  0.00000000E+00
  0.10000000E+01  0.27619463E+01  0.41246245E+01  0.50139073E+01  0.54612771E+01
  0.55269184E+01  0.52886590E+01  0.48324193E+01  0.42431170E+01  0.35961318E+01
  0.29519927E+01  0.23536157E+01  0.18270373E+01  0.13837467E+01  0.10244397E+01
  0.74261269E+00  0.52790457E+00  0.36851980E+00  0.25294880E+00  0.17090844E+00
  0.11379238E+00  0.74729317E-01  0.48448344E-01  0.31032509E-01  0.19652633E-01
  0.12313162E-01  0.76369252E-02  0.46912245E-02  0.28553615E-02  0.17226055E-02
  0.10302750E-02  0.61091413E-03  0.35907500E-03  0.20909232E-03  0.12050404E-03
  0.68617929E-04  0.38502256E-04  0.21203399E-04  0.11395589E-04  0.59332428E-05
  0.29673745E-05  0.14131336E-05  0.63576505E-06  0.00000000E+00  0.00000000E+00
  0.00000000E+00  0.00000000E+00  0.00000000E+00  0.00000000E+00  0.00000000E+00
  0.00000000E+00  0.00000000E+00  0.00000000E+00  0.00000000E+00  0.00000000E+00
  0.00000000E+00  0.00000000E+00  0.00000000E+00  0.00000000E+00  0.00000000E+00
  0.10000000E+01  0.27952788E+01  0.42539552E+01  0.53070054E+01  0.59701486E+01
  0.62783790E+01  0.62801899E+01  0.60333084E+01  0.56001907E+01  0.50429197E+01
  0.44187630E+01  0.37764413E+01  0.31541692E+01  0.25789295E+01  0.20672875E+01
  0.16268626E+01  0.12584179E+01  0.95786768E+00  0.71819440E+00  0.53093492E+00
  0.38733225E+00  0.27907073E+00  0.19872675E+00  0.13995983E+00  0.97550718E-01
  0.67326727E-01  0.46037137E-01  0.31203632E-01  0.20973723E-01  0.13986126E-01
  0.92562253E-02  0.60817443E-02  0.39683083E-02  0.25719736E-02  0.16560964E-02
  0.10594971E-02  0.67344062E-03  0.42521517E-03  0.26660247E-03  0.16587359E-03
  0.10230321E-03  0.62446346E-04  0.37637444E-04  0.22324849E-04  0.12972457E-04
  0.73403271E-05  0.40154280E-05  0.21070850E-05  0.10527375E-05  0.49765383E-06
  0.00000000E+00  0.00000000E+00  0.00000000E+00  0.00000000E+00  0.00000000E+00
  0.00000000E+00  0.00000000E+00  0.00000000E+00  0.00000000E+00  0.00000000E+00
  0.10000000E+01  0.28184295E+01  0.43455595E+01  0.55188714E+01  0.63469745E+01
  0.68513295E+01  0.70630231E+01  0.70207972E+01  0.67689422E+01  0.63546322E+01
  0.58251515E+01  0.52250433E+01  0.45938758E+01  0.39645564E+01  0.33626164E+01
  0.28061184E+01  0.23063064E+01  0.18685558E+01  0.14936224E+01  0.11788482E+01
  0.91933163E+00  0.70888081E+00  0.54079457E+00  0.40841245E+00  0.30549710E+00
  0.22644952E+00  0.16641508E+00  0.12129823E+00  0.87725734E-01  0.62974432E-01
  0.44885519E-01  0.31774284E-01  0.22344929E-01  0.15613521E-01  0.10841845E-01
  0.74819931E-02  0.51314232E-02  0.34971197E-02  0.23676553E-02  0.15917005E-02
  0.10617674E-02  0.70204778E-03  0.45943581E-03  0.29696319E-03  0.18904547E-03
  0.11807102E-03  0.71980953E-04  0.42560083E-04  0.24225908E-04  0.13173837E-04
  0.67954897E-05  0.33059147E-05  0.15104526E-05  0.64631084E-06  0.00000000E+00
  0.00000000E+00  0.00000000E+00  0.00000000E+00  0.00000000E+00  0.00000000E+00
  0.10000000E+01  0.28352838E+01  0.44132495E+01  0.56776952E+01  0.66340774E+01
  0.72963005E+01  0.76850194E+01  0.78267184E+01  0.77527290E+01  0.74979166E+01
  0.70991480E+01  0.65934835E+01  0.60164618E+01  0.54005029E+01  0.47737704E+01
  0.41593955E+01  0.35752459E+01  0.30340236E+01  0.25437495E+01  0.21083963E+01
  0.17286793E+01  0.14028223E+01  0.11273104E+01  0.89752451E+00  0.70828274E+00
  0.55424818E+00  0.43023501E+00  0.33140737E+00  0.25340246E+00  0.19238561E+00
  0.14506153E+00  0.10865133E+00  0.80851008E-01  0.59778049E-01  0.43914938E-01
  0.32052899E-01  0.23239717E-01  0.16732762E-01  0.11958265E-01  0.84767109E-02
  0.59541352E-02  0.41386400E-02  0.28415582E-02  0.19225013E-02  0.12776131E-02
  0.83045898E-03  0.52509498E-03  0.32078903E-03  0.18790948E-03  0.10473211E-03
  0.55159822E-04  0.27304071E-04  0.12655977E-04  0.54817237E-05  0.22161393E-05
  0.83462106E-06  0.00000000E+00  0.00000000E+00  0.00000000E+00  0.00000000E+00
  0.10000000E+01  0.28480056E+01  0.44649583E+01  0.58003441E+01  0.68583722E+01
  0.76485601E+01  0.81851362E+01  0.84866700E+01  0.85756045E+01  0.84776237E+01
  0.82208620E+01  0.78348616E+01  0.73494425E+01  0.67935052E+01  0.61939878E+01
  0.55749676E+01  0.49570769E+01  0.43571470E+01  0.37881678E+01  0.32594314E+01
  0.27768878E+01  0.23435806E+01  0.19601714E+01  0.16254494E+01  0.13368359E+01
  0.10908214E+01  0.88335000E+00  0.71012239E+00  0.56683647E+00  0.44935768E+00
  0.35383751E+00  0.27678244E+00  0.21508869E+00  0.16604763E+00  0.12733298E+00
  0.96974254E-01  0.73323252E-01  0.55016719E-01  0.40938642E-01  0.30183908E-01
  0.22024816E-01  0.15880838E-01  0.11292281E-01  0.78976301E-02  0.54142145E-02
  0.36220904E-02  0.23511187E-02  0.14704287E-02  0.87921345E-03  0.49875328E-03
  0.26662553E-03  0.13363406E-03  0.62587843E-04  0.27345988E-04  0.11140696E-04
  0.42304436E-05  0.14923304E-05  0.48019158E-06  0.00000000E+00  0.00000000E+00
  0.10000000E+01  0.28578739E+01  0.45054700E+01  0.58972591E+01  0.70371515E+01
  0.79320303E+01  0.85920352E+01  0.90305418E+01  0.92639342E+01  0.93112993E+01
  0.91940407E+01  0.89353123E+01  0.85593352E+01  0.80905937E+01  0.75530412E+01
  0.69693243E+01  0.63601536E+01  0.57437941E+01  0.51357657E+01  0.45486861E+01
  0.39923048E+01  0.34736427E+01  0.29972553E+01  0.25655423E+01  0.21791077E+01
  0.18371131E+01  0.15376273E+01  0.12779374E+01  0.10548267E+01  0.86480338E+00
  0.70428817E+00  0.56975600E+00  0.45784165E+00  0.36540986E+00  0.28959922E+00
  0.22784274E+00  0.17787215E+00  0.13770935E+00  0.10564951E+00  0.80238677E-01
  0.60248851E-01  0.44651462E-01  0.32591900E-01  0.23365339E-01  0.16393751E-01
  0.11205236E-01  0.74170146E-02  0.47205561E-02  0.28661337E-02  0.16474193E-02
  0.89054464E-03  0.45052588E-03  0.21265128E-03  0.93518810E-04  0.38313635E-04
  0.14627551E-04  0.51978080E-05  0.17020188E-05  0.48785599E-06  0.00000000E+00
  0.10000000E+01  0.28656786E+01  0.45377805E+01  0.59750906E+01  0.71816949E+01
  0.81628514E+01  0.89260157E+01  0.94810806E+01  0.98402686E+01  0.10017979E+02
  0.10030607E+02  0.98962580E+01  0.96343508E+01  0.92651190E+01  0.88090579E+01
  0.82863359E+01  0.77162522E+01  0.71167398E+01  0.65039843E+01  0.58921337E+01
  0.52931469E+01  0.47167339E+01  0.41704140E+01  0.36596381E+01  0.31879870E+01
  0.27573957E+01  0.23684107E+01  0.20204418E+01  0.17120131E+01  0.14409892E+01
  0.12047816E+01  0.10005228E+01  0.82521386E+00  0.67584050E+00  0.54946414E+00
  0.44328740E+00  0.35469964E+00  0.28130465E+00  0.22093415E+00  0.17165056E+00
  0.13174169E+00  0.99708522E-01  0.74250398E-01  0.54248091E-01  0.38743773E-01
  0.26921100E-01  0.18089484E-01  0.11669018E-01  0.71690948E-02  0.41627765E-02
  0.22697171E-02  0.11565646E-02  0.54920595E-03  0.24274916E-03  0.99880759E-04
  0.38283789E-04  0.13666865E-04  0.45159171E-05  0.13348458E-05  0.28983199E-06
  0.10000000E+01  0.28719294E+01  0.45638417E+01  0.60382248E+01  0.72995670E+01
  0.83521033E+01  0.92014767E+01  0.98551921E+01  0.10322576E+02  0.10614693E+02
  0.10744267E+02  0.10725541E+02  0.10574070E+02  0.10306418E+02  0.99397982E+01
  0.94916561E+01  0.89792510E+01  0.84192361E+01  0.78272937E+01  0.72178155E+01
  0.66036717E+01  0.59960448E+01  0.54043571E+01  0.48362575E+01  0.42976848E+01
  0.37929706E+01  0.33249908E+01  0.28953328E+01  0.25044844E+01  0.21520191E+01
  0.18367805E+01  0.15570518E+01  0.13107121E+01  0.10953707E+01  0.90848432E+00
  0.74745203E+00  0.60969244E+00  0.49270289E+00  0.39410229E+00  0.31166124E+00
  0.24332113E+00  0.18720129E+00  0.14160172E+00  0.10500061E+00  0.76042986E-01
  0.53526871E-01  0.36395655E-01  0.23728765E-01  0.14715112E-01  0.86135119E-02
  0.47286518E-02  0.24234230E-02  0.11563256E-02  0.51315692E-03  0.21186488E-03
  0.81455612E-04  0.29174484E-04  0.96937854E-05  0.29135374E-05  0.68931960E-06
    56
  0.10000000E+01  0.22930662E+00  0.51432581E+00  0.54621281E-01  0.31701955E-02
  0.13004613E-03  0.42213726E-05  0.11547867E-06  0.27622679E-08  0.59533948E-10
 -0.15083904E-12  0.55179124E-12 -0.14488735E-11  0.64525132E-12 -0.15398747E-11
  0.75627678E-12 -0.17351288E-11  0.84378703E-12 -0.20615151E-11  0.91983444E-12
 -0.23772869E-11  0.10069733E-11 -0.25695504E-11  0.11141187E-11 -0.26857211E-11
  0.12204768E-11 -0.28528674E-11  0.13121379E-11 -0.31282785E-11  0.13892971E-11
 -0.34428260E-11  0.14695698E-11 -0.36739811E-11  0.00000000E+00  0.00000000E+00
  0.00000000E+00  0.00000000E+00  0.00000000E+00  0.00000000E+00  0.00000000E+00
  0.00000000E+00  0.00000000E+00  0.00000000E+00  0.00000000E+00  0.00000000E+00
  0.00000000E+00  0.00000000E+00  0.00000000E+00  0.00000000E+00  0.00000000E+00
  0.00000000E+00  0.00000000E+00  0.00000000E+00  0.00000000E+00  0.00000000E+00
  0.00000000E+00  0.00000000E+00
  0.10000000E+01  0.50499764E+00  0.57063082E+00  0.12713737E+00  0.16441213E-01
  0.15019968E-02  0.10830918E-03  0.65719506E-05  0.34854854E-06  0.16520517E-07
  0.70705016E-09  0.27591781E-10 -0.12821991E-12  0.10447428E-12 -0.11355172E-11
  0.11735167E-12 -0.12753554E-11  0.11166799E-12 -0.15484310E-11  0.80278334E-13
 -0.18120373E-11  0.75027119E-13 -0.19499668E-11  0.11214870E-12 -0.20099225E-11
  0.15472998E-12 -0.21207522E-11  0.16324727E-12 -0.23449259E-11  0.13962809E-12
 -0.26072758E-11  0.12398889E-12 -0.27865004E-11  0.00000000E+00  0.00000000E+00
  0.00000000E+00  0.00000000E+00  0.00000000E+00  0.00000000E+00  0.00000000E+00
  0.00000000E+00  0.00000000E+00  0.00000000E+00  0.00000000E+00  0.00000000E+00
  0.00000000E+00  0.00000000E+00  0.00000000E+00  0.00000000E+00  0.00000000E+00
  0.00000000E+00  0.00000000E+00  0.00000000E+00  0.00000000E+00  0.00000000E+00
  0.00000000E+00  0.00000000E+00
  0.10000000E+01  0.84771880E+00  0.70637249E+00  0.24305900E+00  0.53216784E-01
  0.83648188E-02  0.10476507E-02  0.11069771E-03  0.10236527E-04  0.84743279E-06
  0.63593123E-07  0.43473032E-08  0.26991699E-09  0.14998515E-10 -0.20294932E-12
 -0.32075969E-12 -0.11086731E-11 -0.43800442E-12 -0.13685964E-11 -0.56252227E-12
 -0.16189265E-11 -0.64070630E-12 -0.17363175E-11 -0.64931825E-12 -0.17715977E-11
 -0.65003577E-12 -0.18626284E-11 -0.70393773E-12 -0.20698935E-11 -0.81292702E-12
 -0.23191970E-11 -0.90741477E-12 -0.24824430E-11  0.00000000E+00  0.00000000E+00
  0.00000000E+00  0.00000000E+00  0.00000000E+00  0.00000000E+00  0.00000000E+00
  0.00000000E+00  0.00000000E+00  0.00000000E+00  0.00000000E+00  0.00000000E+00
  0.00000000E+00  0.00000000E+00  0.00000000E+00  0.00000000E+00  0.00000000E+00
  0.00000000E+00  0.00000000E+00  0.00000000E+00  0.00000000E+00  0.00000000E+00
  0.00000000E+00  0.00000000E+00
  0.10000000E+01  0.11973701E+01  0.93470941E+00  0.41676250E+00  0.12967666E+00
  0.30032269E-01  0.56491708E-02  0.90194031E-03  0.12660388E-03  0.15973318E-04
  0.18358613E-05  0.19326218E-06  0.18633316E-07  0.16404551E-08  0.13046822E-09
  0.89253428E-11 -0.61754613E-12 -0.75375973E-12 -0.15340368E-11 -0.98724936E-12
 -0.18138200E-11 -0.11211534E-11 -0.19497995E-11 -0.11519142E-11 -0.19938755E-11
 -0.11681357E-11 -0.20960685E-11 -0.12672495E-11 -0.23272679E-11 -0.14396493E-11
 -0.26014774E-11 -0.15921466E-11 -0.27852788E-11  0.00000000E+00  0.00000000E+00
  0.00000000E+00  0.00000000E+00  0.00000000E+00  0.00000000E+00  0.00000000E+00
  0.00000000E+00  0.00000000E+00  0.00000000E+00  0.00000000E+00  0.00000000E+00
  0.00000000E+00  0.00000000E+00  0.00000000E+00  0.00000000E+00  0.00000000E+00
  0.00000000E+00  0.00000000E+00  0.00000000E+00  0.00000000E+00  0.00000000E+00
  0.00000000E+00  0.00000000E+00
  0.10000000E+01  0.15059025E+01  0.12327906E+01  0.65520696E+00  0.25984187E+00
  0.79997273E-01  0.20444447E-01  0.44779742E-02  0.86868464E-03  0.15222954E-03
  0.24461464E-04  0.36298231E-05  0.49796192E-06  0.62927043E-07  0.72846527E-08
  0.76834807E-09  0.72297078E-10  0.53426486E-11 -0.13676376E-11 -0.13170428E-11
 -0.22012439E-11 -0.15337519E-11 -0.23765724E-11 -0.15850232E-11 -0.24466895E-11
 -0.16185191E-11 -0.25802788E-11 -0.17518125E-11 -0.28518024E-11 -0.19776774E-11
 -0.31729594E-11 -0.21855379E-11 -0.33970131E-11  0.00000000E+00  0.00000000E+00
  0.00000000E+00  0.00000000E+00  0.00000000E+00  0.00000000E+00  0.00000000E+00
  0.00000000E+00  0.00000000E+00  0.00000000E+00  0.00000000E+00  0.00000000E+00
  0.00000000E+00  0.00000000E+00  0.00000000E+00  0.00000000E+00  0.00000000E+00
  0.00000000E+00  0.00000000E+00  0.00000000E+00  0.00000000E+00  0.00000000E+00
  0.00000000E+00  0.00000000E+00
  0.10000000E+01  0.17550455E+01  0.15604859E+01  0.95119136E+00  0.45093801E+00
  0.17209389E+00  0.55622732E-01  0.15594172E-01  0.39045667E-02  0.88773319E-03
  0.18613996E-03  0.36299479E-04  0.66108268E-05  0.11218345E-05  0.17630756E-06
  0.25467279E-07  0.33583914E-08  0.40195408E-09  0.41738578E-10  0.25960716E-11
 -0.22559796E-11 -0.19692591E-11 -0.28644957E-11 -0.20826646E-11 -0.29684706E-11
 -0.21385602E-11 -0.31353164E-11 -0.23115612E-11 -0.34525704E-11 -0.25952826E-11
 -0.38287526E-11 -0.28599868E-11 -0.40992870E-11  0.00000000E+00  0.00000000E+00
  0.00000000E+00  0.00000000E+00  0.00000000E+00  0.00000000E+00  0.00000000E+00
  0.00000000E+00  0.00000000E+00  0.00000000E+00  0.00000000E+00  0.00000000E+00
  0.00000000E+00  0.00000000E+00  0.00000000E+00  0.00000000E+00  0.00000000E+00
  0.00000000E+00  0.00000000E+00  0.00000000E+00  0.00000000E+00  0.00000000E+00
  0.00000000E+00  0.00000000E+00
  0.10000000E+01  0.19479966E+01  0.18833362E+01  0.12860814E+01  0.70090440E+00
  0.31607577E+00  0.12276087E+00  0.41869697E-01  0.12858620E-01  0.36055723E-02
  0.93702140E-03  0.22765838E-03  0.52069242E-04  0.11223135E-04  0.22722507E-05
  0.42869953E-06  0.74679682E-07  0.11915498E-07  0.17305139E-08  0.22701579E-09
  0.24471003E-10  0.49255972E-12 -0.30785154E-11 -0.26271704E-11 -0.35187753E-11
 -0.27456596E-11 -0.37250184E-11 -0.29632459E-11 -0.40870364E-11 -0.33014381E-11
 -0.45139611E-11 -0.36273811E-11 -0.48481583E-11  0.00000000E+00  0.00000000E+00
  0.00000000E+00  0.00000000E+00  0.00000000E+00  0.00000000E+00  0.00000000E+00
  0.00000000E+00  0.00000000E+00  0.00000000E+00  0.00000000E+00  0.00000000E+00
  0.00000000E+00  0.00000000E+00  0.00000000E+00  0.00000000E+00  0.00000000E+00
  0.00000000E+00  0.00000000E+00  0.00000000E+00  0.00000000E+00  0.00000000E+00
  0.00000000E+00  0.00000000E+00
  0.10000000E+01  0.20959113E+01  0.21811376E+01  0.16379808E+01  0.99943439E+00
  0.51492620E+00  0.23163469E+00  0.92541877E-01  0.33542046E-01  0.11162221E-01
  0.34577873E-02  0.10052663E-02  0.27651047E-03  0.72224872E-04  0.17932771E-04
  0.42136477E-05  0.92932812E-06  0.19036521E-06  0.35873181E-07  0.61763267E-08
  0.96583226E-09  0.13539341E-09  0.14118747E-10 -0.11173971E-11 -0.38704165E-11
 -0.33778413E-11 -0.43488038E-11 -0.36640960E-11 -0.47544683E-11 -0.40538575E-11
 -0.52385709E-11 -0.44625623E-11 -0.56921654E-11  0.00000000E+00  0.00000000E+00
  0.00000000E+00  0.00000000E+00  0.00000000E+00  0.00000000E+00  0.00000000E+00
  0.00000000E+00  0.00000000E+00  0.00000000E+00  0.00000000E+00  0.00000000E+00
  0.00000000E+00  0.00000000E+00  0.00000000E+00  0.00000000E+00  0.00000000E+00
  0.00000000E+00  0.00000000E+00  0.00000000E+00  0.00000000E+00  0.00000000E+00
  0.00000000E+00  0.00000000E+00
  0.10000000E+01  0.22101407E+01  0.24458032E+01  0.19882197E+01  0.13316573E+01
  0.76477263E+00  0.38778000E+00  0.17635395E+00  0.73252164E-01  0.28087000E-01
  0.10064531E-01  0.33957549E-02  0.10875161E-02  0.33212203E-03  0.97077375E-04
  0.27146631E-04  0.72343292E-05  0.18213352E-05  0.42851673E-06  0.93197141E-07
  0.18582249E-07  0.33791820E-08  0.55664787E-09  0.81027779E-10  0.70410755E-11
 -0.25663351E-11 -0.48179948E-11 -0.43425051E-11 -0.54356864E-11 -0.48117207E-11
 -0.60074681E-11 -0.53690136E-11 -0.67114272E-11  0.00000000E+00  0.00000000E+00
  0.00000000E+00  0.00000000E+00  0.00000000E+00  0.00000000E+00  0.00000000E+00
  0.00000000E+00  0.00000000E+00  0.00000000E+00  0.00000000E+00  0.00000000E+00
  0.00000000E+00  0.00000000E+00  0.00000000E+00  0.00000000E+00  0.00000000E+00
  0.00000000E+00  0.00000000E+00  0.00000000E+00  0.00000000E+00  0.00000000E+00
  0.00000000E+00  0.00000000E+00
  0.10000000E+01  0.22997055E+01  0.26765169E+01  0.23238483E+01  0.16820777E+01
  0.10567626E+01  0.59165197E+00  0.29961405E+00  0.13940881E+00  0.60179236E-01
  0.24366317E-01  0.93176142E-02  0.33906346E-02  0.11797092E-02  0.39428861E-03
  0.12683663E-03  0.39275431E-04  0.11658960E-04  0.32921623E-05  0.87440947E-06
  0.21595260E-06  0.49112324E-07  0.10218702E-07  0.19379171E-08  0.33155735E-09
  0.48760155E-10  0.21749164E-11 -0.39578341E-11 -0.59609515E-11 -0.55221785E-11
 -0.68212087E-11 -0.63893536E-11 -0.79922722E-11  0.00000000E+00  0.00000000E+00
  0.00000000E+00  0.00000000E+00  0.00000000E+00  0.00000000E+00  0.00000000E+00
  0.00000000E+00  0.00000000E+00  0.00000000E+00  0.00000000E+00  0.00000000E+00
  0.00000000E+00  0.00000000E+00  0.00000000E+00  0.00000000E+00  0.00000000E+00
  0.00000000E+00  0.00000000E+00  0.00000000E+00  0.00000000E+00  0.00000000E+00
  0.00000000E+00  0.00000000E+00
  0.10000000E+01  0.23711603E+01  0.28759180E+01  0.26373720E+01  0.20372130E+01
  0.13796068E+01  0.83924724E+00  0.46513411E+00  0.23813070E+00  0.11362431E+00
  0.51024232E-01  0.21701575E-01  0.88031657E-02  0.34213589E-02  0.12801019E-02
  0.46238054E-03  0.16158647E-03  0.54603702E-04  0.17785124E-04  0.55420905E-05
  0.16349431E-05  0.45110977E-06  0.11517853E-06  0.27001653E-07  0.57850946E-08
  0.11292961E-08  0.19721809E-09  0.27920993E-10 -0.15817716E-11 -0.54913256E-11
 -0.76044952E-11 -0.75804815E-11 -0.95982881E-11  0.00000000E+00  0.00000000E+00
  0.00000000E+00  0.00000000E+00  0.00000000E+00  0.00000000E+00  0.00000000E+00
  0.00000000E+00  0.00000000E+00  0.00000000E+00  0.00000000E+00  0.00000000E+00
  0.00000000E+00  0.00000000E+00  0.00000000E+00  0.00000000E+00  0.00000000E+00
  0.00000000E+00  0.00000000E+00  0.00000000E+00  0.00000000E+00  0.00000000E+00
  0.00000000E+00  0.00000000E+00
  0.10000000E+01  0.24291331E+01  0.30478684E+01  0.29254160E+01  0.23867135E+01
  0.17217742E+01  0.11235286E+01  0.67217091E+00  0.37325423E+00  0.19397901E+00
  0.95171640E-01  0.44343575E-01  0.19746238E-01  0.84400739E-02  0.34786142E-02
  0.13866953E-02  0.53621188E-03  0.20138265E-03  0.73460425E-04  0.25951413E-04
  0.88248129E-05  0.28603175E-05  0.87333115E-06  0.24827406E-06  0.65116827E-07
  0.15664175E-07  0.34440703E-08  0.68970037E-09  0.12156536E-09  0.15097118E-10
 -0.52102124E-11 -0.85136437E-11 -0.11431019E-10  0.00000000E+00  0.00000000E+00
  0.00000000E+00  0.00000000E+00  0.00000000E+00  0.00000000E+00  0.00000000E+00
  0.00000000E+00  0.00000000E+00  0.00000000E+00  0.00000000E+00  0.00000000E+00
  0.00000000E+00  0.00000000E+00  0.00000000E+00  0.00000000E+00  0.00000000E+00
  0.00000000E+00  0.00000000E+00  0.00000000E+00  0.00000000E+00  0.00000000E+00
  0.00000000E+00  0.00000000E+00
  0.10000000E+01  0.24768903E+01  0.31963500E+01  0.31873163E+01  0.27234198E+01
  0.20729176E+01  0.14359816E+01  0.91707962E+00  0.54597884E+00  0.30535784E+00
  0.16169622E+00  0.81516252E-01  0.39351295E-01  0.18264918E-01  0.81862537E-02
  0.35535658E-02  0.14985638E-02  0.61509301E-03  0.24608759E-03  0.95943147E-04
  0.36375366E-04  0.13339983E-04  0.46918373E-05  0.15647203E-05  0.48897116E-06
  0.14170226E-06  0.37805229E-07  0.92477009E-08  0.20678853E-08  0.41965006E-09
  0.71130066E-10  0.35197465E-11 -0.11187934E-10  0.00000000E+00  0.00000000E+00
  0.00000000E+00  0.00000000E+00  0.00000000E+00  0.00000000E+00  0.00000000E+00
  0.00000000E+00  0.00000000E+00  0.00000000E+00  0.00000000E+00  0.00000000E+00
  0.00000000E+00  0.00000000E+00  0.00000000E+00  0.00000000E+00  0.00000000E+00
  0.00000000E+00  0.00000000E+00  0.00000000E+00  0.00000000E+00  0.00000000E+00
  0.00000000E+00  0.00000000E+00
  0.10000000E+01  0.25167655E+01  0.33249996E+01  0.34240084E+01  0.30428905E+01
  0.24245556E+01  0.17678951E+01  0.11942827E+01  0.75505644E+00  0.44999661E+00
  0.25460257E+00  0.13746108E+00  0.71196525E-01  0.35511836E-01  0.17126065E-01
  0.80088501E-02  0.36424857E-02  0.16145065E-02  0.69876885E-03  0.29558280E-03
  0.12221527E-03  0.49304013E-04  0.19325735E-04  0.73052042E-05  0.26357364E-05
  0.89700563E-06  0.28477773E-06  0.83611732E-07  0.22577928E-07  0.55913421E-08
  0.12635923E-08  0.25466309E-09  0.36485391E-10  0.00000000E+00  0.00000000E+00
  0.00000000E+00  0.00000000E+00  0.00000000E+00  0.00000000E+00  0.00000000E+00
  0.00000000E+00  0.00000000E+00  0.00000000E+00  0.00000000E+00  0.00000000E+00
  0.00000000E+00  0.00000000E+00  0.00000000E+00  0.00000000E+00  0.00000000E+00
  0.00000000E+00  0.00000000E+00  0.00000000E+00  0.00000000E+00  0.00000000E+00
  0.00000000E+00  0.00000000E+00
  0.10000000E+01  0.25504559E+01  0.34369610E+01  0.36372618E+01  0.33427683E+01
  0.27702200E+01  0.21112189E+01  0.14972342E+01  0.99731208E+00  0.62819601E+00
  0.37659057E+00  0.21589830E+00  0.11894303E+00  0.63199939E-01  0.32508181E-01
  0.16231939E-01  0.78899668E-02  0.37411976E-02  0.17340537E-02  0.78670842E-03
  0.34970697E-03  0.15230573E-03  0.64909322E-04  0.26974892E-04  0.10863907E-04
  0.42011062E-05  0.15424622E-05  0.53155041E-06  0.17027046E-06  0.50351621E-07
  0.13689404E-07  0.34126575E-08  0.77265260E-09  0.00000000E+00  0.00000000E+00
  0.00000000E+00  0.00000000E+00  0.00000000E+00  0.00000000E+00  0.00000000E+00
  0.00000000E+00  0.00000000E+00  0.00000000E+00  0.00000000E+00  0.00000000E+00
  0.00000000E+00  0.00000000E+00  0.00000000E+00  0.00000000E+00  0.00000000E+00
  0.00000000E+00  0.00000000E+00  0.00000000E+00  0.00000000E+00  0.00000000E+00
  0.00000000E+00  0.00000000E+00
  0.10000000E+01  0.26443712E+01  0.37645170E+01  0.42985027E+01  0.43416526E+01
  0.40222274E+01  0.34792202E+01  0.28391941E+01  0.22017285E+01  0.16312153E+01
  0.11599760E+01  0.79468214E+00  0.52634083E+00  0.33799679E+00  0.21102552E+00
  0.12838560E+00  0.76281371E-01  0.44342899E-01  0.25263914E-01  0.14127697E-01
  0.77650029E-02  0.41994674E-02  0.22370606E-02  0.11746637E-02  0.60832657E-03
  0.31073230E-03  0.15648398E-03  0.77585489E-04  0.37768405E-04  0.17966658E-04
  0.82935959E-05  0.36807431E-05  0.15541703E-05  0.61803675E-06  0.00000000E+00
  0.00000000E+00  0.00000000E+00  0.00000000E+00  0.00000000E+00  0.00000000E+00
  0.00000000E+00  0.00000000E+00  0.00000000E+00  0.00000000E+00  0.00000000E+00
  0.00000000E+00  0.00000000E+00  0.00000000E+00  0.00000000E+00  0.00000000E+00
  0.00000000E+00  0.00000000E+00  0.00000000E+00  0.00000000E+00  0.00000000E+00
  0.00000000E+00  0.00000000E+00
  0.10000000E+01  0.27005361E+01  0.39711617E+01  0.47425813E+01  0.50665116E+01
  0.50177885E+01  0.46867084E+01  0.41684140E+01  0.35527214E+01  0.29146915E+01
  0.23101578E+01  0.17741458E+01  0.13237016E+01  0.96166779E+00  0.68173809E+00
  0.47245342E+00  0.32063109E+00  0.21340557E+00  0.13950248E+00  0.89674287E-01
  0.56751391E-01  0.35395462E-01  0.21777200E-01  0.13228175E-01  0.79392733E-02
  0.47111705E-02  0.27656649E-02  0.16068904E-02  0.92433340E-03  0.52646613E-03
  0.29685100E-03  0.16560418E-03  0.91294815E-04  0.49630077E-04  0.26515374E-04
  0.13851575E-04  0.70261777E-05  0.34308997E-05  0.15976261E-05  0.70309216E-06
  0.00000000E+00  0.00000000E+00  0.00000000E+00  0.00000000E+00  0.00000000E+00
  0.00000000E+00  0.00000000E+00  0.00000000E+00  0.00000000E+00  0.00000000E+00
  0.00000000E+00  0.00000000E+00  0.00000000E+00  0.00000000E+00  0.00000000E+00
  0.00000000E+00  0.00000000E+00
  0.10000000E+01  0.27372131E+01  0.41105753E+01  0.50530798E+01  0.55962033E+01
  0.57853193E+01  0.56782519E+01  0.53411899E+01  0.48434571E+01  0.42513183E+01
  0.36230894E+01  0.30052899E+01  0.24314574E+01  0.19222511E+01  0.14874549E+01
  0.11282549E+01  0.84004584E+00  0.61470150E+00  0.44258587E+00  0.31387109E+00
  0.21945860E+00  0.15141881E+00  0.10317945E+00  0.69488410E-01  0.46285058E-01
  0.30510408E-01  0.19915363E-01  0.12879116E-01  0.82556266E-02  0.52475915E-02
  0.33088350E-02  0.20702395E-02  0.12855479E-02  0.79235264E-03  0.48471725E-03
  0.29422621E-03  0.17711395E-03  0.10562676E-03  0.62310577E-04  0.36272318E-04
  0.20762911E-04  0.11629342E-04  0.63321431E-05  0.33256327E-05  0.16705653E-05
  0.79622932E-06  0.00000000E+00  0.00000000E+00  0.00000000E+00  0.00000000E+00
  0.00000000E+00  0.00000000E+00  0.00000000E+00  0.00000000E+00  0.00000000E+00
  0.00000000E+00  0.00000000E+00
  0.10000000E+01  0.27627223E+01  0.42097668E+01  0.52791033E+01  0.59924177E+01
  0.63787199E+01  0.64757866E+01  0.63289722E+01  0.59888781E+01  0.55079870E+01
  0.49372623E+01  0.43227514E+01  0.37033222E+01  0.31091282E+01  0.25614942E+01
  0.20733866E+01  0.16507743E+01  0.12940623E+01  0.99976434E+00  0.76188585E+00
  0.57317498E+00  0.42600108E+00  0.31301453E+00  0.22752199E+00  0.16369924E+00
  0.11664548E+00  0.82357980E-01  0.57644102E-01  0.40012373E-01  0.27553615E-01
  0.18829649E-01  0.12772932E-01  0.86019977E-02  0.57517743E-02  0.38184005E-02
  0.25162380E-02  0.16452658E-02  0.10666801E-02  0.68498446E-03  0.43499826E-03
  0.27256520E-03  0.16797581E-03  0.10137147E-03  0.59560863E-04  0.33827044E-04
  0.18420654E-04  0.95397337E-05  0.46644432E-05  0.21411390E-05  0.91935376E-06
  0.00000000E+00  0.00000000E+00  0.00000000E+00  0.00000000E+00  0.00000000E+00
  0.00000000E+00  0.00000000E+00
  0.10000000E+01  0.27813245E+01  0.42833528E+01  0.54494782E+01  0.62965101E+01
  0.68440397E+01  0.71175287E+01  0.71483808E+01  0.69730283E+01  0.66312785E+01
  0.61643188E+01  0.56123827E+01  0.50127224E+01  0.43978114E+01  0.37943409E+01
  0.32226528E+01  0.26969466E+01  0.22257612E+01  0.18129044E+01  0.14583917E+01
  0.11595019E+01  0.91166696E+00  0.70928752E+00  0.54633688E+00  0.41683715E+00
  0.31516188E+00  0.23623257E+00  0.17560605E+00  0.12949954E+00  0.94762191E-01
  0.68821286E-01  0.49611109E-01  0.35498631E-01  0.25210205E-01  0.17764998E-01
  0.12416109E-01  0.86007935E-02  0.58990884E-02  0.40003969E-02  0.26769100E-02
  0.17628230E-02  0.11382795E-02  0.71721124E-03  0.43821267E-03  0.25767976E-03
  0.14462102E-03  0.76845493E-04  0.38389464E-04  0.17936963E-04  0.78130610E-05
  0.31682492E-05  0.11961190E-05  0.42074563E-06  0.00000000E+00  0.00000000E+00
  0.00000000E+00  0.00000000E+00
  0.10000000E+01  0.27953912E+01  0.43397607E+01  0.55816425E+01  0.65354144E+01
  0.72150120E+01  0.76381728E+01  0.78270948E+01  0.78081575E+01  0.76111713E+01
  0.72683164E+01  0.68127192E+01  0.62769922E+01  0.56917379E+01  0.50844019E+01
  0.44783438E+01  0.38924251E+01  0.33408483E+01  0.28334306E+01  0.23760121E+01
  0.19711019E+01  0.16185159E+01  0.13160744E+01  0.10602002E+01  0.84647141E+00
  0.67004852E+00  0.52602295E+00  0.40965616E+00  0.31654829E+00  0.24273174E+00
  0.18471768E+00  0.13950027E+00  0.10453685E+00  0.77709795E-01  0.57280510E-01
  0.41839234E-01  0.30256118E-01  0.21634910E-01  0.15271445E-01  0.10617365E-01
  0.72490412E-02  0.48413945E-02  0.31466611E-02  0.19773042E-02  0.11919502E-02
  0.68353356E-03  0.36990883E-03  0.18764678E-03  0.88794907E-04  0.39083318E-04
  0.15984130E-04  0.60761708E-05  0.21493313E-05  0.70763779E-06  0.00000000E+00
  0.00000000E+00  0.00000000E+00
  0.10000000E+01  0.28063235E+01  0.43840888E+01  0.56864703E+01  0.67266898E+01
  0.75151470E+01  0.80645899E+01  0.83910907E+01  0.85140347E+01  0.84558082E+01
  0.82412780E+01  0.78969864E+01  0.74502082E+01  0.69278711E+01  0.63555798E+01
  0.57566981E+01  0.51517209E+01  0.45578064E+01  0.39886371E+01  0.34544261E+01
  0.29621750E+01  0.25160011E+01  0.21175954E+01  0.17666714E+01  0.14614426E+01
  0.11990402E+01  0.97590028E+00  0.78807383E+00  0.63148559E+00  0.50212251E+00
  0.39617402E+00  0.31012033E+00  0.24078562E+00  0.18535871E+00  0.14139329E+00
  0.10679094E+00  0.79775475E-01  0.58860536E-01  0.42815176E-01  0.30629886E-01
  0.21483650E-01  0.14713122E-01  0.97861427E-02  0.62790411E-02  0.38556340E-02
  0.22467076E-02  0.12325118E-02  0.63239822E-03  0.30209958E-03  0.13401442E-03
  0.55163439E-04  0.21081653E-04  0.74907603E-05  0.24772373E-05  0.75948076E-06
  0.00000000E+00  0.00000000E+00
  0.10000000E+01  0.28149864E+01  0.44195379E+01  0.57709245E+01  0.68819005E+01
  0.77605747E+01  0.84163725E+01  0.88612197E+01  0.91096356E+01  0.91786200E+01
  0.90874216E+01  0.88571116E+01  0.85100146E+01  0.80689912E+01  0.75567060E+01
  0.69948708E+01  0.64036204E+01  0.58009647E+01  0.52024539E+01  0.46209533E+01
  0.40666283E+01  0.35470142E+01  0.30672371E+01  0.26302711E+01  0.22372710E+01
  0.18878964E+01  0.15806502E+01  0.13131794E+01  0.10825540E+01  0.88549769E+00
  0.71858313E+00  0.57838122E+00  0.46157635E+00  0.36504525E+00  0.28590989E+00
  0.22156489E+00  0.16968931E+00  0.12824269E+00  0.95452121E-01  0.69794230E-01
  0.49971759E-01  0.34887017E-01  0.23618268E-01  0.15398335E-01  0.95902526E-02
  0.56574505E-02  0.31362654E-02  0.16234171E-02  0.78120725E-03  0.34865845E-03
  0.14423834E-03  0.55353654E-04  0.19737967E-04  0.65494301E-05  0.20183224E-05
  0.56532502E-06  0.00000000E+00
  0.10000000E+01  0.28219373E+01  0.44481976E+01  0.58396164E+01  0.70088544E+01
  0.79624926E+01  0.87076801E+01  0.92534805E+01  0.96109997E+01  0.97933536E+01
  0.98155828E+01  0.96944424E+01  0.94480784E+01  0.90955753E+01  0.86564467E+01
  0.81500641E+01  0.75951302E+01  0.70091670E+01  0.64081285E+01  0.58060772E+01
  0.52150133E+01  0.46447778E+01  0.41030892E+01  0.35956341E+01  0.31262484E+01
  0.26971201E+01  0.23090367E+01  0.19616251E+01  0.16535987E+01  0.13829801E+01
  0.11473076E+01  0.94381068E+00  0.76955938E+00  0.62158394E+00  0.49696960E+00
  0.39292404E+00  0.30682808E+00  0.23626458E+00  0.17903373E+00  0.13316036E+00
  0.96888526E-01  0.68666896E-01  0.47136752E-01  0.31120687E-01  0.19600046E-01
  0.11675229E-01  0.65261245E-02  0.34017207E-02  0.16464847E-02  0.73839251E-03
  0.30669650E-03  0.11809362E-03  0.42229261E-04  0.14049241E-04  0.43448340E-05
  0.12292815E-05  0.28680153E-06
 ! ------------------------------------------------------
ICE_CLOUD_BAUM
 !
        1          ! File format version
        0          ! Contents ID
       10          ! Number of channels for which optical parameters are stored
        0          ! Number of channels for which phase functions are stored
      128          ! Maximum number of Legendre coefficients
        1          ! Number of ice cloud types
        1          ! Relative humidity values (%)
   0.00
   0.00000000E+00  ! Conversion factor to particle density [part.cm^-3]/[g.m^-3]
       23          ! Effective diameters (microns)
  0.100000E+02  0.150000E+02  0.200000E+02  0.250000E+02  0.300000E+02  0.350000E+02
  0.400000E+02  0.450000E+02  0.500000E+02  0.550000E+02  0.600000E+02  0.650000E+02
  0.700000E+02  0.750000E+02  0.800000E+02  0.850000E+02  0.900000E+02  0.950000E+02
  0.100000E+03  0.105000E+03  0.110000E+03  0.115000E+03  0.120000E+03
 ! ------------------------------------------------------
 ! OPTICAL PROPERTY DATA
  0.41066184E+02  0.36336882E+02  0.32526011E+02  0.28886258E+02  0.26262098E+02
  0.24433965E+02  0.22392613E+02  0.20886681E+02  0.19572120E+02  0.18374624E+02
  0.17340867E+02  0.16378686E+02  0.15543085E+02  0.14712319E+02  0.14013896E+02
  0.13254137E+02  0.12737234E+02  0.12157649E+02  0.11701139E+02  0.11115604E+02
  0.10771251E+02  0.10346510E+02  0.98248514E+01  0.10008078E+03  0.78291644E+02
  0.63283514E+02  0.51484688E+02  0.43805023E+02  0.39081338E+02  0.33921832E+02
  0.30429348E+02  0.27580799E+02  0.25198066E+02  0.23187270E+02  0.21496436E+02
  0.20028961E+02  0.18716970E+02  0.17582671E+02  0.16449914E+02  0.15676483E+02
  0.14859679E+02  0.14165353E+02  0.13376265E+02  0.12940501E+02  0.12320317E+02
  0.11730948E+02  0.88129794E+02  0.71575667E+02  0.59084447E+02  0.48639566E+02
  0.41748709E+02  0.37422332E+02  0.32686687E+02  0.29444673E+02  0.26778908E+02
  0.24534910E+02  0.22641319E+02  0.21040075E+02  0.19641688E+02  0.18379643E+02
  0.17296935E+02  0.16199153E+02  0.15448737E+02  0.14651538E+02  0.13980894E+02
  0.13210367E+02  0.12772522E+02  0.12177030E+02  0.11582721E+02  0.78245280E+02
  0.65265387E+02  0.54777248E+02  0.45619363E+02  0.39523382E+02  0.35599314E+02
  0.31304474E+02  0.28330263E+02  0.25871939E+02  0.23787658E+02  0.22021257E+02
  0.20508734E+02  0.19192785E+02  0.17988476E+02  0.16956831E+02  0.15894354E+02
  0.15174588E+02  0.14401446E+02  0.13759593E+02  0.13006694E+02  0.12581635E+02
  0.12003919E+02  0.11419305E+02  0.59178441E+02  0.52082499E+02  0.45350076E+02
  0.38833851E+02  0.34328217E+02  0.31313130E+02  0.27976979E+02  0.25606412E+02
  0.23613417E+02  0.21886114E+02  0.20419297E+02  0.19131388E+02  0.18002833E+02
  0.16942966E+02  0.16037421E+02  0.15087084E+02  0.14439248E+02  0.13733338E+02
  0.13162353E+02  0.12459562E+02  0.12056463E+02  0.11536539E+02  0.10968030E+02
  0.55195013E+02  0.49357164E+02  0.43575619E+02  0.37625261E+02  0.33457156E+02
  0.30629768E+02  0.27488879E+02  0.25241186E+02  0.23335467E+02  0.21671071E+02
  0.20253915E+02  0.18996432E+02  0.17905497E+02  0.16863507E+02  0.15976357E+02
  0.15040929E+02  0.14403931E+02  0.13707797E+02  0.13144335E+02  0.12447275E+02
  0.12049012E+02  0.11529862E+02  0.10971127E+02  0.72859333E+02  0.61639404E+02
  0.52571847E+02  0.44344070E+02  0.38719585E+02  0.35058290E+02  0.31015928E+02
  0.28184268E+02  0.25826553E+02  0.23803000E+02  0.22087122E+02  0.20595774E+02
  0.19295596E+02  0.18099681E+02  0.17071950E+02  0.16017099E+02  0.15298552E+02
  0.14528980E+02  0.13891175E+02  0.13133096E+02  0.12704354E+02  0.12125750E+02
  0.11519520E+02  0.13268109E+03  0.95383285E+02  0.73686002E+02  0.58167474E+02
  0.48319463E+02  0.42460722E+02  0.36055613E+02  0.31833305E+02  0.28444209E+02
  0.25695241E+02  0.23397916E+02  0.21572259E+02  0.19978641E+02  0.18615460E+02
  0.17430277E+02  0.16268655E+02  0.15474573E+02  0.14650568E+02  0.13930621E+02
  0.13153676E+02  0.12726124E+02  0.12088121E+02  0.11558803E+02  0.15619637E+03
  0.10778889E+03  0.81372309E+02  0.63328528E+02  0.51933556E+02  0.45286042E+02
  0.38026449E+02  0.33300443E+02  0.29534096E+02  0.26526664E+02  0.24032552E+02
  0.22093966E+02  0.20401293E+02  0.18985429E+02  0.17741313E+02  0.16544220E+02
  0.15714602E+02  0.14868672E+02  0.14110746E+02  0.13325894E+02  0.12902382E+02
  0.12234864E+02  0.11714475E+02  0.15548803E+03  0.10943555E+03  0.83164262E+02
  0.64849169E+02  0.53267192E+02  0.46460550E+02  0.39018431E+02  0.34146752E+02
  0.30260294E+02  0.27156161E+02  0.24584810E+02  0.22589968E+02  0.20849565E+02
  0.19396583E+02  0.18123213E+02  0.16893871E+02  0.16049565E+02  0.15180123E+02
  0.14411562E+02  0.13602288E+02  0.13168273E+02  0.12491280E+02  0.11939585E+02
  0.31290733E+03  0.19865932E+03  0.14155510E+03  0.10669485E+03  0.85073734E+02
  0.72848283E+02  0.59576997E+02  0.51140855E+02  0.44536361E+02  0.39414804E+02
  0.35187993E+02  0.31991119E+02  0.29199175E+02  0.26943904E+02  0.24937798E+02
  0.23081519E+02  0.21795407E+02  0.20513482E+02  0.19326972E+02  0.18189489E+02
  0.17593841E+02  0.16575564E+02  0.15911751E+02  0.19985664E+03  0.13876249E+03
  0.10382896E+03  0.79556963E+02  0.64065804E+02  0.55064073E+02  0.45339414E+02
  0.39197732E+02  0.34483367E+02  0.30916099E+02  0.27989814E+02  0.25750645E+02
  0.23778121E+02  0.22140113E+02  0.20687330E+02  0.19300087E+02  0.18333517E+02
  0.17350321E+02  0.16464647E+02  0.15553734E+02  0.15069498E+02  0.14289683E+02
  0.13679052E+02  0.20872022E+03  0.14692434E+03  0.11021100E+03  0.84524071E+02
  0.67946740E+02  0.58128575E+02  0.47511947E+02  0.40784871E+02  0.35644730E+02
  0.31822364E+02  0.28725955E+02  0.26400379E+02  0.24338768E+02  0.22637174E+02
  0.21126703E+02  0.19687666E+02  0.18684898E+02  0.17668462E+02  0.16749106E+02
  0.15819634E+02  0.15313842E+02  0.14519788E+02  0.13904098E+02  0.21439808E+03
  0.15319795E+03  0.11525942E+03  0.88517304E+02  0.71249939E+02  0.60763010E+02
  0.49396853E+02  0.42122730E+02  0.36556392E+02  0.32469674E+02  0.29206076E+02
  0.26828598E+02  0.24704547E+02  0.22978856E+02  0.21430503E+02  0.19962978E+02
  0.18942743E+02  0.17912221E+02  0.16964073E+02  0.16026973E+02  0.15522032E+02
  0.14699746E+02  0.14089026E+02  0.19963988E+03  0.15463958E+03  0.11899593E+03
  0.92966145E+02  0.76379763E+02  0.65807432E+02  0.53947572E+02  0.45793539E+02
  0.39249537E+02  0.34218249E+02  0.30296477E+02  0.27697390E+02  0.25414348E+02
  0.23638818E+02  0.22028166E+02  0.20527704E+02  0.19470140E+02  0.18416052E+02
  0.17431638E+02  0.16463631E+02  0.15947527E+02  0.15101253E+02  0.14491359E+02
  0.13244840E+03  0.12137738E+03  0.98877284E+02  0.78231614E+02  0.66183541E+02
  0.59014998E+02  0.50983475E+02  0.45143152E+02  0.40052547E+02  0.35347093E+02
  0.31341928E+02  0.28170447E+02  0.25570345E+02  0.23588176E+02  0.21855326E+02
  0.20298672E+02  0.19225672E+02  0.18161804E+02  0.17176308E+02  0.16172327E+02
  0.15660590E+02  0.14810781E+02  0.14218475E+02  0.56594597E+02  0.60307638E+02
  0.56275197E+02  0.48795866E+02  0.43360118E+02  0.39736430E+02  0.35865842E+02
  0.33148190E+02  0.30842540E+02  0.28712726E+02  0.26775238E+02  0.24787277E+02
  0.23048006E+02  0.21376363E+02  0.20000452E+02  0.18585577E+02  0.17656289E+02
  0.16673972E+02  0.15863944E+02  0.14908105E+02  0.14380903E+02  0.13667616E+02
  0.12971818E+02  0.64776165E+02  0.58893894E+02  0.51678454E+02  0.44402327E+02
  0.39430428E+02  0.36152720E+02  0.32544506E+02  0.29958663E+02  0.27753366E+02
  0.25764817E+02  0.24041506E+02  0.22452626E+02  0.21071708E+02  0.19768009E+02
  0.18666314E+02  0.17520277E+02  0.16745918E+02  0.15911484E+02  0.15232992E+02
  0.14400717E+02  0.13927489E+02  0.13308614E+02  0.12664029E+02  0.99623082E+02
  0.81107530E+02  0.66975185E+02  0.55319683E+02  0.47675154E+02  0.42870434E+02
  0.37587797E+02  0.33928983E+02  0.30902956E+02  0.28322978E+02  0.26137162E+02
  0.24270782E+02  0.22648491E+02  0.21186873E+02  0.19936028E+02  0.18673118E+02
  0.17815256E+02  0.16903702E+02  0.16134147E+02  0.15248998E+02  0.14752510E+02
  0.14062547E+02  0.13410418E+02  0.12179974E+03  0.94153971E+02  0.75327878E+02
  0.60945590E+02  0.51628444E+02  0.45886392E+02  0.39599387E+02  0.35341590E+02
  0.31888485E+02  0.29032878E+02  0.26644402E+02  0.24689332E+02  0.22979824E+02
  0.21472893E+02  0.20176263E+02  0.18875691E+02  0.17989999E+02  0.17049616E+02
  0.16258089E+02  0.15357451E+02  0.14861465E+02  0.14148457E+02  0.13480154E+02
  0.15208607E+00  0.13798251E+00  0.12487224E+00  0.11343817E+00  0.10326834E+00
  0.96451362E-01  0.86107097E-01  0.78115666E-01  0.70811203E-01  0.64949571E-01
  0.59455153E-01  0.56315215E-01  0.52907347E-01  0.51202203E-01  0.48887481E-01
  0.47552467E-01  0.46254856E-01  0.45514631E-01  0.43689499E-01  0.43716140E-01
  0.44206435E-01  0.42704730E-01  0.45143356E-01  0.11552056E+00  0.98363638E-01
  0.85397952E-01  0.75456667E-01  0.66992276E-01  0.61410352E-01  0.52976129E-01
  0.46574837E-01  0.40843086E-01  0.36557590E-01  0.32699247E-01  0.30818589E-01
  0.28777879E-01  0.27931696E-01  0.26639351E-01  0.26018828E-01  0.25334821E-01
  0.25029692E-01  0.24012442E-01  0.24202598E-01  0.24576438E-01  0.23769690E-01
  0.25263439E-01  0.12500668E+00  0.10885832E+00  0.95987651E-01  0.85384983E-01
  0.76393592E-01  0.70365089E-01  0.61151138E-01  0.53936647E-01  0.47378018E-01
  0.42316224E-01  0.37783840E-01  0.35478510E-01  0.32996421E-01  0.31920384E-01
  0.30346190E-01  0.29535748E-01  0.28674987E-01  0.28235550E-01  0.26991593E-01
  0.27105390E-01  0.27423892E-01  0.26464857E-01  0.28127002E-01  0.12917989E+00
  0.11441130E+00  0.10210412E+00  0.91291474E-01  0.82143708E-01  0.75946291E-01
  0.66415920E-01  0.58791429E-01  0.51718937E-01  0.46138872E-01  0.41087779E-01
  0.38500724E-01  0.35712438E-01  0.34469567E-01  0.32682371E-01  0.31731788E-01
  0.30741605E-01  0.30226241E-01  0.28798459E-01  0.28851509E-01  0.29233035E-01
  0.28062062E-01  0.29741286E-01  0.13069107E+00  0.11919350E+00  0.11032683E+00
  0.10048691E+00  0.91833849E-01  0.85609548E-01  0.76338180E-01  0.68649309E-01
  0.61195092E-01  0.54826221E-01  0.48797191E-01  0.45454668E-01  0.41954496E-01
  0.40245868E-01  0.37968749E-01  0.36629160E-01  0.35326422E-01  0.34543842E-01
  0.32753031E-01  0.32540262E-01  0.32795088E-01  0.31341469E-01  0.33096822E-01
  0.12512735E+00  0.11020175E+00  0.10364834E+00  0.96191075E-01  0.88495885E-01
  0.82223995E-01  0.73395195E-01  0.66231002E-01  0.59559350E-01  0.53841889E-01
  0.48403799E-01  0.44995704E-01  0.41480995E-01  0.39512487E-01  0.37104173E-01
  0.35542283E-01  0.34172932E-01  0.33266083E-01  0.31451728E-01  0.30940442E-01
  0.31083969E-01  0.29545097E-01  0.30910720E-01  0.12112912E+00  0.97210953E-01
  0.85634716E-01  0.76987003E-01  0.70017585E-01  0.64603450E-01  0.57161588E-01
  0.51058471E-01  0.45483523E-01  0.40756244E-01  0.36609453E-01  0.33960409E-01
  0.31379475E-01  0.29781380E-01  0.27994531E-01  0.26694379E-01  0.25636473E-01
  0.24855532E-01  0.23567136E-01  0.23047187E-01  0.23034149E-01  0.21951950E-01
  0.22910682E-01  0.13922891E+00  0.11052307E+00  0.96630731E-01  0.86457544E-01
  0.78049988E-01  0.71930327E-01  0.63664119E-01  0.57218932E-01  0.51458526E-01
  0.46780730E-01  0.42727360E-01  0.40331175E-01  0.38004859E-01  0.36665027E-01
  0.35110140E-01  0.34038128E-01  0.33124541E-01  0.32470539E-01  0.31349162E-01
  0.31050459E-01  0.31110526E-01  0.30197992E-01  0.31038430E-01  0.15807186E+00
  0.12717446E+00  0.11132972E+00  0.10076149E+00  0.91902602E-01  0.85787411E-01
  0.77206611E-01  0.70577640E-01  0.64588585E-01  0.59736535E-01  0.55453049E-01
  0.52984956E-01  0.50526847E-01  0.49174894E-01  0.47526528E-01  0.46432748E-01
  0.45461241E-01  0.44785638E-01  0.43543273E-01  0.43239614E-01  0.43316030E-01
  0.42265792E-01  0.43093108E-01  0.17019596E+00  0.13799191E+00  0.12043188E+00
  0.10887572E+00  0.99130008E-01  0.92596296E-01  0.83213561E-01  0.76007201E-01
  0.69471432E-01  0.64231550E-01  0.59582755E-01  0.56949960E-01  0.54293162E-01
  0.52887821E-01  0.51120437E-01  0.49985979E-01  0.48940922E-01  0.48218872E-01
  0.46869287E-01  0.46602894E-01  0.46728103E-01  0.45565275E-01  0.46757643E-01
   128
  0.10000000E+01  0.23743732E+01  0.33505261E+01  0.39576022E+01  0.44131704E+01
  0.47351723E+01  0.49725641E+01  0.51202310E+01  0.51851203E+01  0.51802127E+01
  0.51063439E+01  0.49822216E+01  0.48144198E+01  0.46143710E+01  0.43872388E+01
  0.41400440E+01  0.38847459E+01  0.36168372E+01  0.33456493E+01  0.30682853E+01
  0.28083537E+01  0.25509355E+01  0.23169151E+01  0.20978809E+01  0.18938237E+01
  0.17038711E+01  0.15281983E+01  0.13659584E+01  0.12161772E+01  0.10782555E+01
  0.95341811E+00  0.84098126E+00  0.74048149E+00  0.65122591E+00  0.57261709E+00
  0.50337039E+00  0.44212113E+00  0.38734599E+00  0.33955387E+00  0.29650944E+00
  0.25828428E+00  0.22455826E+00  0.19404182E+00  0.16698985E+00  0.14346029E+00
  0.12273782E+00  0.10496293E+00  0.89509914E-01  0.76177525E-01  0.64749390E-01
  0.54842738E-01  0.46486578E-01  0.39641238E-01  0.33987383E-01  0.29389602E-01
  0.25642364E-01  0.22433931E-01  0.19840579E-01  0.17526243E-01  0.15405572E-01
  0.13631464E-01  0.11925155E-01  0.10342971E-01  0.90078071E-02  0.76702993E-02
  0.64495077E-02  0.53499102E-02  0.42096065E-02  0.32256758E-02  0.23353223E-02
  0.14218520E-02  0.74139446E-03  0.21330092E-03 -0.15825510E-03  0.00000000E+00
  0.00000000E+00  0.00000000E+00  0.00000000E+00  0.00000000E+00  0.00000000E+00
  0.00000000E+00  0.00000000E+00  0.00000000E+00  0.00000000E+00  0.00000000E+00
  0.00000000E+00  0.00000000E+00  0.00000000E+00  0.00000000E+00  0.00000000E+00
  0.00000000E+00  0.00000000E+00  0.00000000E+00  0.00000000E+00  0.00000000E+00
  0.00000000E+00  0.00000000E+00  0.00000000E+00  0.00000000E+00  0.00000000E+00
  0.00000000E+00  0.00000000E+00  0.00000000E+00  0.00000000E+00  0.00000000E+00
  0.00000000E+00  0.00000000E+00  0.00000000E+00  0.00000000E+00  0.00000000E+00
  0.00000000E+00  0.00000000E+00  0.00000000E+00  0.00000000E+00  0.00000000E+00
  0.00000000E+00  0.00000000E+00  0.00000000E+00  0.00000000E+00  0.00000000E+00
  0.00000000E+00  0.00000000E+00  0.00000000E+00  0.00000000E+00  0.00000000E+00
  0.00000000E+00  0.00000000E+00  0.00000000E+00  0.00000000E+00
  0.10000000E+01  0.24231372E+01  0.35174687E+01  0.43117336E+01  0.49685843E+01
  0.55188781E+01  0.60071474E+01  0.64302003E+01  0.67827006E+01  0.70624707E+01
  0.72695571E+01  0.74084576E+01  0.74875422E+01  0.75099213E+01  0.74831275E+01
  0.74090585E+01  0.72972400E+01  0.71462439E+01  0.69633468E+01  0.67486392E+01
  0.65167830E+01  0.62631089E+01  0.60014740E+01  0.57304680E+01  0.54540251E+01
  0.51741264E+01  0.48944020E+01  0.46166834E+01  0.43435169E+01  0.40761378E+01
  0.38174965E+01  0.35682080E+01  0.33298491E+01  0.31021677E+01  0.28862735E+01
  0.26811881E+01  0.24869875E+01  0.23027560E+01  0.21297277E+01  0.19666341E+01
  0.18139931E+01  0.16708836E+01  0.15365575E+01  0.14105294E+01  0.12933998E+01
  0.11843414E+01  0.10837044E+01  0.99054908E+00  0.90436929E+00  0.82464479E+00
  0.75097954E+00  0.68329218E+00  0.62136967E+00  0.56476411E+00  0.51298676E+00
  0.46552560E+00  0.42201032E+00  0.38217344E+00  0.34570467E+00  0.31240837E+00
  0.28198661E+00  0.25422925E+00  0.22895510E+00  0.20581078E+00  0.18462984E+00
  0.16522728E+00  0.14756277E+00  0.13138238E+00  0.11665131E+00  0.10334374E+00
  0.91416456E-01  0.80643457E-01  0.71048080E-01  0.62519431E-01  0.54919260E-01
  0.48194612E-01  0.42170858E-01  0.36826854E-01  0.32079506E-01  0.27796534E-01
  0.23993643E-01  0.20710814E-01  0.17830388E-01  0.15403268E-01  0.13210248E-01
  0.11301686E-01  0.96171477E-02  0.80714698E-02  0.67773375E-02  0.55774130E-02
  0.45446682E-02  0.36919230E-02  0.29819593E-02  0.24849013E-02  0.21489190E-02
  0.19114411E-02  0.17160253E-02  0.15393644E-02  0.14504092E-02  0.13241051E-02
  0.11146674E-02  0.10546324E-02  0.10190291E-02  0.94383013E-03  0.93273130E-03
  0.10618623E-02  0.11740663E-02  0.11868970E-02  0.12008551E-02  0.11266022E-02
  0.10366911E-02  0.91639891E-03  0.69901755E-03  0.52814489E-03  0.45689226E-03
  0.42449663E-03  0.37830431E-03  0.41715937E-03  0.45635507E-03  0.43435930E-03
  0.39853348E-03  0.37488909E-03  0.38110068E-03  0.27906338E-03  0.26105412E-03
  0.25668188E-03  0.22714187E-03  0.27269367E-03  0.23678039E-03
  0.10000000E+01  0.24772984E+01  0.36672305E+01  0.45981689E+01  0.53955861E+01
  0.60945446E+01  0.67424926E+01  0.73437784E+01  0.78894138E+01  0.83722847E+01
  0.87898097E+01  0.91409430E+01  0.94320758E+01  0.96632923E+01  0.98415937E+01
  0.99665961E+01  0.10045383E+02  0.10076390E+02  0.10064550E+02  0.10010004E+02
  0.99213047E+01  0.97972045E+01  0.96462604E+01  0.94692302E+01  0.92701409E+01
  0.90514842E+01  0.88174453E+01  0.85706344E+01  0.83144609E+01  0.80510168E+01
  0.77836806E+01  0.75139719E+01  0.72442183E+01  0.69751312E+01  0.67086297E+01
  0.64447687E+01  0.61847173E+01  0.59285791E+01  0.56780521E+01  0.54329514E+01
  0.51946923E+01  0.49624984E+01  0.47366662E+01  0.45169477E+01  0.43044416E+01
  0.40989556E+01  0.39011610E+01  0.37105977E+01  0.35271586E+01  0.33505861E+01
  0.31808878E+01  0.30183289E+01  0.28629956E+01  0.27145570E+01  0.25728284E+01
  0.24373341E+01  0.23079278E+01  0.21845157E+01  0.20668356E+01  0.19546737E+01
  0.18479309E+01  0.17464253E+01  0.16498188E+01  0.15579340E+01  0.14705096E+01
  0.13874369E+01  0.13085781E+01  0.12335963E+01  0.11625336E+01  0.10951501E+01
  0.10314389E+01  0.97113058E+00  0.91402725E+00  0.86014383E+00  0.80918061E+00
  0.76103321E+00  0.71552150E+00  0.67250891E+00  0.63190928E+00  0.59360334E+00
  0.55740920E+00  0.52322286E+00  0.49104572E+00  0.46072153E+00  0.43216317E+00
  0.40526534E+00  0.37990341E+00  0.35601974E+00  0.33355017E+00  0.31238935E+00
  0.29248929E+00  0.27378675E+00  0.25623542E+00  0.23975006E+00  0.22426819E+00
  0.20989201E+00  0.19630380E+00  0.18349751E+00  0.17142807E+00  0.16013176E+00
  0.14941927E+00  0.13937001E+00  0.12998816E+00  0.12120123E+00  0.11303144E+00
  0.10536607E+00  0.98251935E-01  0.91601396E-01  0.85256942E-01  0.79259254E-01
  0.73701903E-01  0.68475837E-01  0.63441639E-01  0.58768635E-01  0.54633471E-01
  0.50701651E-01  0.47072452E-01  0.43783356E-01  0.40738465E-01  0.37824885E-01
  0.35051966E-01  0.32451901E-01  0.30025188E-01  0.27824034E-01  0.25785714E-01
  0.23961487E-01  0.22295122E-01  0.20761170E-01  0.19318751E-01
  0.10000000E+01  0.25271628E+01  0.37927872E+01  0.48268851E+01  0.57317386E+01
  0.65413227E+01  0.73048503E+01  0.80333165E+01  0.87183004E+01  0.93521985E+01
  0.99303194E+01  0.10450338E+02  0.10915534E+02  0.11325987E+02  0.11686570E+02
  0.11997270E+02  0.12263159E+02  0.12483038E+02  0.12660226E+02  0.12794758E+02
  0.12892369E+02  0.12952107E+02  0.12979843E+02  0.12976012E+02  0.12943486E+02
  0.12884150E+02  0.12801067E+02  0.12696226E+02  0.12572328E+02  0.12431178E+02
  0.12275449E+02  0.12106544E+02  0.11926478E+02  0.11736194E+02  0.11537522E+02
  0.11330950E+02  0.11117713E+02  0.10898341E+02  0.10674587E+02  0.10446825E+02
  0.10216389E+02  0.99833434E+01  0.97484414E+01  0.95118725E+01  0.92749453E+01
  0.90380106E+01  0.88019939E+01  0.85669873E+01  0.83333795E+01  0.81013995E+01
  0.78714486E+01  0.76440508E+01  0.74197337E+01  0.71987108E+01  0.69810862E+01
  0.67669131E+01  0.65563555E+01  0.63496805E+01  0.61469691E+01  0.59483329E+01
  0.57539330E+01  0.55637748E+01  0.53779157E+01  0.51964562E+01  0.50193759E+01
  0.48465902E+01  0.46781484E+01  0.45140889E+01  0.43543190E+01  0.41988164E+01
  0.40475834E+01  0.39005669E+01  0.37576887E+01  0.36188957E+01  0.34841087E+01
  0.33532855E+01  0.32263752E+01  0.31032080E+01  0.29837333E+01  0.28679219E+01
  0.27556784E+01  0.26469115E+01  0.25416205E+01  0.24397585E+01  0.23411492E+01
  0.22457891E+01  0.21536640E+01  0.20646495E+01  0.19786700E+01  0.18956638E+01
  0.18155503E+01  0.17382360E+01  0.16637153E+01  0.15919357E+01  0.15227575E+01
  0.14561900E+01  0.13921909E+01  0.13306794E+01  0.12715472E+01  0.12147324E+01
  0.11601852E+01  0.11077948E+01  0.10574923E+01  0.10091845E+01  0.96282431E+00
  0.91839720E+00  0.87583511E+00  0.83501255E+00  0.79588034E+00  0.75840040E+00
  0.72257955E+00  0.68832924E+00  0.65550249E+00  0.62408844E+00  0.59407271E+00
  0.56536606E+00  0.53790661E+00  0.51167935E+00  0.48659143E+00  0.46259445E+00
  0.43966506E+00  0.41775625E+00  0.39683841E+00  0.37689701E+00  0.35788022E+00
  0.33970816E+00  0.32238611E+00  0.30584355E+00  0.28998227E+00
  0.10000000E+01  0.25709243E+01  0.39035271E+01  0.50292774E+01  0.60313764E+01
  0.69429900E+01  0.78133163E+01  0.86579480E+01  0.94687951E+01  0.10237665E+02
  0.10958562E+02  0.11627794E+02  0.12246581E+02  0.12814587E+02  0.13335205E+02
  0.13808530E+02  0.14238150E+02  0.14623337E+02  0.14966315E+02  0.15267184E+02
  0.15529541E+02  0.15753024E+02  0.15941442E+02  0.16095331E+02  0.16216839E+02
  0.16307439E+02  0.16369469E+02  0.16404567E+02  0.16414867E+02  0.16401873E+02
  0.16367721E+02  0.16313677E+02  0.16241458E+02  0.16152039E+02  0.16047007E+02
  0.15927075E+02  0.15793507E+02  0.15646983E+02  0.15489045E+02  0.15320358E+02
  0.15142172E+02  0.14954750E+02  0.14759019E+02  0.14555485E+02  0.14345393E+02
  0.14129283E+02  0.13908214E+02  0.13682601E+02  0.13452980E+02  0.13219840E+02
  0.12983847E+02  0.12745660E+02  0.12505918E+02  0.12265069E+02  0.12023444E+02
  0.11781410E+02  0.11539407E+02  0.11297797E+02  0.11056912E+02  0.10817118E+02
  0.10578769E+02  0.10342078E+02  0.10107268E+02  0.98745848E+01  0.96442001E+01
  0.94162466E+01  0.91909079E+01  0.89683289E+01  0.87486177E+01  0.85319177E+01
  0.83184246E+01  0.81082080E+01  0.79012177E+01  0.76975185E+01  0.74972186E+01
  0.73003089E+01  0.71067523E+01  0.69165759E+01  0.67298225E+01  0.65464737E+01
  0.63665103E+01  0.61899937E+01  0.60169245E+01  0.58472566E+01  0.56809824E+01
  0.55181439E+01  0.53587545E+01  0.52027895E+01  0.50501847E+01  0.49009364E+01
  0.47550560E+01  0.46124943E+01  0.44731429E+01  0.43369583E+01  0.42039947E+01
  0.40742639E+01  0.39476780E+01  0.38242312E+01  0.37039456E+01  0.35867911E+01
  0.34727210E+01  0.33616385E+01  0.32535225E+01  0.31483044E+01  0.30459240E+01
  0.29463325E+01  0.28494933E+01  0.27553987E+01  0.26640320E+01  0.25753613E+01
  0.24893222E+01  0.24059020E+01  0.23250605E+01  0.22466926E+01  0.21706948E+01
  0.20970435E+01  0.20257321E+01  0.19566707E+01  0.18897348E+01  0.18249335E+01
  0.17623020E+01  0.17017196E+01  0.16430669E+01  0.15863426E+01  0.15315206E+01
  0.14784546E+01  0.14270070E+01  0.13771777E+01  0.13289775E+01
  0.10000000E+01  0.26004033E+01  0.39762035E+01  0.51596674E+01  0.62243259E+01
  0.72020510E+01  0.81409991E+01  0.90590056E+01  0.99487349E+01  0.10802377E+02
  0.11613440E+02  0.12377955E+02  0.13096093E+02  0.13767479E+02  0.14394633E+02
  0.14977780E+02  0.15519836E+02  0.16020348E+02  0.16481071E+02  0.16902082E+02
  0.17286132E+02  0.17632919E+02  0.17945380E+02  0.18223901E+02  0.18470126E+02
  0.18685253E+02  0.18871067E+02  0.19028877E+02  0.19160393E+02  0.19266903E+02
  0.19350112E+02  0.19411047E+02  0.19451085E+02  0.19471124E+02  0.19472500E+02
  0.19455847E+02  0.19422254E+02  0.19372398E+02  0.19307555E+02  0.19228314E+02
  0.19135823E+02  0.19030474E+02  0.18913074E+02  0.18784120E+02  0.18644740E+02
  0.18495518E+02  0.18337373E+02  0.18170761E+02  0.17996293E+02  0.17814521E+02
  0.17626097E+02  0.17431659E+02  0.17231862E+02  0.17027252E+02  0.16818278E+02
  0.16605320E+02  0.16388807E+02  0.16169256E+02  0.15947140E+02  0.15722808E+02
  0.15496607E+02  0.15268932E+02  0.15040148E+02  0.14810511E+02  0.14580248E+02
  0.14349617E+02  0.14118910E+02  0.13888343E+02  0.13658141E+02  0.13428558E+02
  0.13199793E+02  0.12972020E+02  0.12745365E+02  0.12519926E+02  0.12295755E+02
  0.12072984E+02  0.11851800E+02  0.11632324E+02  0.11414574E+02  0.11198682E+02
  0.10984813E+02  0.10773038E+02  0.10563382E+02  0.10355929E+02  0.10150765E+02
  0.99478761E+01  0.97473185E+01  0.95492368E+01  0.93536698E+01  0.91605883E+01
  0.89700260E+01  0.87820958E+01  0.85968380E+01  0.84142145E+01  0.82342581E+01
  0.80570226E+01  0.78824814E+01  0.77106159E+01  0.75415019E+01  0.73751801E+01
  0.72116216E+01  0.70508231E+01  0.68928371E+01  0.67376570E+01  0.65852308E+01
  0.64355767E+01  0.62887162E+01  0.61446225E+01  0.60032502E+01  0.58646197E+01
  0.57287275E+01  0.55955547E+01  0.54650909E+01  0.53373286E+01  0.52122666E+01
  0.50898839E+01  0.49701735E+01  0.48531077E+01  0.47386084E+01  0.46266255E+01
  0.45171585E+01  0.44102071E+01  0.43057049E+01  0.42035273E+01  0.41036196E+01
  0.40059663E+01  0.39105222E+01  0.38172554E+01  0.37261164E+01
  0.10000000E+01  0.26451886E+01  0.40861676E+01  0.53561199E+01  0.65143017E+01
  0.75911602E+01  0.86333966E+01  0.96622580E+01  0.10671742E+02  0.11654265E+02
  0.12602683E+02  0.13512207E+02  0.14381564E+02  0.15210058E+02  0.15998982E+02
  0.16748718E+02  0.17461212E+02  0.18136422E+02  0.18775364E+02  0.19378145E+02
  0.19946201E+02  0.20479463E+02  0.20979507E+02  0.21446656E+02  0.21881870E+02
  0.22285981E+02  0.22660136E+02  0.23005293E+02  0.23322567E+02  0.23612874E+02
  0.23877403E+02  0.24116942E+02  0.24332417E+02  0.24524537E+02  0.24694275E+02
  0.24842215E+02  0.24969175E+02  0.25075767E+02  0.25162953E+02  0.25231299E+02
  0.25281693E+02  0.25314565E+02  0.25330623E+02  0.25330403E+02  0.25314806E+02
  0.25284373E+02  0.25239880E+02  0.25181830E+02  0.25110824E+02  0.25027417E+02
  0.24932233E+02  0.24825914E+02  0.24709098E+02  0.24582339E+02  0.24446153E+02
  0.24301048E+02  0.24147517E+02  0.23986063E+02  0.23817187E+02  0.23641337E+02
  0.23458980E+02  0.23270566E+02  0.23076498E+02  0.22877163E+02  0.22672932E+02
  0.22464160E+02  0.22251168E+02  0.22034258E+02  0.21813797E+02  0.21590144E+02
  0.21363615E+02  0.21134422E+02  0.20902759E+02  0.20668872E+02  0.20432990E+02
  0.20195340E+02  0.19956108E+02  0.19715519E+02  0.19473823E+02  0.19231225E+02
  0.18987891E+02  0.18744003E+02  0.18499769E+02  0.18255371E+02  0.18010945E+02
  0.17766625E+02  0.17522574E+02  0.17278963E+02  0.17035966E+02  0.16793709E+02
  0.16552272E+02  0.16311751E+02  0.16072269E+02  0.15833993E+02  0.15597041E+02
  0.15361486E+02  0.15127417E+02  0.14894979E+02  0.14664271E+02  0.14435350E+02
  0.14208271E+02  0.13983137E+02  0.13760050E+02  0.13539000E+02  0.13320006E+02
  0.13103147E+02  0.12888567E+02  0.12676368E+02  0.12466567E+02  0.12259242E+02
  0.12054424E+02  0.11852116E+02  0.11652344E+02  0.11455130E+02  0.11260530E+02
  0.11068589E+02  0.10879329E+02  0.10692726E+02  0.10508809E+02  0.10327621E+02
  0.10149230E+02  0.99736466E+01  0.98007797E+01  0.96305633E+01  0.94629487E+01
  0.92979182E+01  0.91354348E+01  0.89754624E+01  0.88180033E+01
  0.10000000E+01  0.26800087E+01  0.41699308E+01  0.55032334E+01  0.67306293E+01
  0.78812687E+01  0.90001658E+01  0.10110552E+02  0.11207938E+02  0.12285308E+02
  0.13335394E+02  0.14353034E+02  0.15336061E+02  0.16283578E+02  0.17196161E+02
  0.18074301E+02  0.18919408E+02  0.19731655E+02  0.20511649E+02  0.21259525E+02
  0.21976022E+02  0.22661094E+02  0.23315562E+02  0.23939629E+02  0.24533832E+02
  0.25098747E+02  0.25635029E+02  0.26143354E+02  0.26624449E+02  0.27078978E+02
  0.27507688E+02  0.27911168E+02  0.28290064E+02  0.28644909E+02  0.28976346E+02
  0.29284819E+02  0.29570944E+02  0.29835257E+02  0.30078413E+02  0.30300856E+02
  0.30503185E+02  0.30685798E+02  0.30849256E+02  0.30993994E+02  0.31120686E+02
  0.31229831E+02  0.31322029E+02  0.31397697E+02  0.31457332E+02  0.31501430E+02
  0.31530566E+02  0.31545279E+02  0.31546058E+02  0.31533384E+02  0.31507765E+02
  0.31469679E+02  0.31419550E+02  0.31357810E+02  0.31284982E+02  0.31201555E+02
  0.31107957E+02  0.31004577E+02  0.30891807E+02  0.30770081E+02  0.30639784E+02
  0.30501256E+02  0.30354852E+02  0.30200911E+02  0.30039792E+02  0.29871884E+02
  0.29697531E+02  0.29517038E+02  0.29330634E+02  0.29138564E+02  0.28941117E+02
  0.28738585E+02  0.28531235E+02  0.28319307E+02  0.28103064E+02  0.27882794E+02
  0.27658738E+02  0.27431144E+02  0.27200266E+02  0.26966337E+02  0.26729549E+02
  0.26490097E+02  0.26248270E+02  0.26004327E+02  0.25758485E+02  0.25510873E+02
  0.25261664E+02  0.25011090E+02  0.24759331E+02  0.24506534E+02  0.24252838E+02
  0.23998436E+02  0.23743516E+02  0.23488240E+02  0.23232753E+02  0.22977202E+02
  0.22721772E+02  0.22466604E+02  0.22211796E+02  0.21957437E+02  0.21703635E+02
  0.21450544E+02  0.21198331E+02  0.20947136E+02  0.20697054E+02  0.20448151E+02
  0.20200513E+02  0.19954264E+02  0.19709491E+02  0.19466275E+02  0.19224688E+02
  0.18984809E+02  0.18746757E+02  0.18510604E+02  0.18276416E+02  0.18044284E+02
  0.17814264E+02  0.17586387E+02  0.17360611E+02  0.17136901E+02  0.16915292E+02
  0.16695817E+02  0.16478467E+02  0.16263253E+02  0.16050224E+02
  0.10000000E+01  0.27118327E+01  0.42459885E+01  0.56357834E+01  0.69254452E+01
  0.81428928E+01  0.93311562E+01  0.10514682E+02  0.11690518E+02  0.12852279E+02
  0.13992778E+02  0.15106615E+02  0.16191063E+02  0.17245085E+02  0.18268754E+02
  0.19262597E+02  0.20227673E+02  0.21164345E+02  0.22072977E+02  0.22953714E+02
  0.23806794E+02  0.24632133E+02  0.25430057E+02  0.26200664E+02  0.26944106E+02
  0.27660739E+02  0.28350885E+02  0.29015077E+02  0.29653736E+02  0.30267316E+02
  0.30856288E+02  0.31421107E+02  0.31962147E+02  0.32479757E+02  0.32974336E+02
  0.33446230E+02  0.33895816E+02  0.34323457E+02  0.34729548E+02  0.35114446E+02
  0.35478553E+02  0.35822179E+02  0.36145729E+02  0.36449555E+02  0.36734132E+02
  0.36999800E+02  0.37246980E+02  0.37476029E+02  0.37687314E+02  0.37881190E+02
  0.38058067E+02  0.38218365E+02  0.38362503E+02  0.38490858E+02  0.38603781E+02
  0.38701659E+02  0.38784902E+02  0.38853920E+02  0.38909094E+02  0.38950771E+02
  0.38979314E+02  0.38995097E+02  0.38998507E+02  0.38989884E+02  0.38969562E+02
  0.38937876E+02  0.38895161E+02  0.38841745E+02  0.38777936E+02  0.38704098E+02
  0.38620572E+02  0.38527655E+02  0.38425587E+02  0.38314595E+02  0.38194934E+02
  0.38066911E+02  0.37930846E+02  0.37787020E+02  0.37635705E+02  0.37477190E+02
  0.37311776E+02  0.37139738E+02  0.36961333E+02  0.36776786E+02  0.36586351E+02
  0.36390280E+02  0.36188844E+02  0.35982348E+02  0.35771047E+02  0.35555178E+02
  0.35334949E+02  0.35110570E+02  0.34882275E+02  0.34650317E+02  0.34414889E+02
  0.34176142E+02  0.33934293E+02  0.33689591E+02  0.33442273E+02  0.33192557E+02
  0.32940606E+02  0.32686588E+02  0.32430686E+02  0.32173061E+02  0.31913849E+02
  0.31653215E+02  0.31391388E+02  0.31128589E+02  0.30864978E+02  0.30600665E+02
  0.30335786E+02  0.30070491E+02  0.29804941E+02  0.29539258E+02  0.29273557E+02
  0.29007983E+02  0.28742654E+02  0.28477675E+02  0.28213178E+02  0.27949325E+02
  0.27686246E+02  0.27423968E+02  0.27162524E+02  0.26901949E+02  0.26642318E+02
  0.26383737E+02  0.26126260E+02  0.25869941E+02  0.25614840E+02
  0.10000000E+01  0.27374535E+01  0.43066760E+01  0.57403696E+01  0.70790291E+01
  0.83495515E+01  0.95928309E+01  0.10833531E+02  0.12070097E+02  0.13296798E+02
  0.14506778E+02  0.15694624E+02  0.16857354E+02  0.17993840E+02  0.19103941E+02
  0.20188184E+02  0.21247462E+02  0.22282240E+02  0.23292769E+02  0.24279182E+02
  0.25241488E+02  0.26179541E+02  0.27093439E+02  0.27983203E+02  0.28848769E+02
  0.29690356E+02  0.30508069E+02  0.31302318E+02  0.32073323E+02  0.32821448E+02
  0.33547006E+02  0.34250369E+02  0.34931762E+02  0.35591420E+02  0.36229605E+02
  0.36846574E+02  0.37442572E+02  0.38017866E+02  0.38572662E+02  0.39107211E+02
  0.39621784E+02  0.40116622E+02  0.40592008E+02  0.41048191E+02  0.41485464E+02
  0.41904084E+02  0.42304355E+02  0.42686544E+02  0.43050896E+02  0.43397672E+02
  0.43727187E+02  0.44039726E+02  0.44335585E+02  0.44614998E+02  0.44878237E+02
  0.45125616E+02  0.45357441E+02  0.45573983E+02  0.45775530E+02  0.45962370E+02
  0.46134789E+02  0.46293048E+02  0.46437383E+02  0.46568082E+02  0.46685450E+02
  0.46789762E+02  0.46881287E+02  0.46960259E+02  0.47026936E+02  0.47081627E+02
  0.47124617E+02  0.47156121E+02  0.47176328E+02  0.47185435E+02  0.47183675E+02
  0.47171309E+02  0.47148609E+02  0.47115816E+02  0.47073160E+02  0.47020899E+02
  0.46959315E+02  0.46888652E+02  0.46809146E+02  0.46721021E+02  0.46624520E+02
  0.46519869E+02  0.46407332E+02  0.46287190E+02  0.46159704E+02  0.46025124E+02
  0.45883649E+02  0.45735443E+02  0.45580727E+02  0.45419735E+02  0.45252680E+02
  0.45079794E+02  0.44901272E+02  0.44717336E+02  0.44528233E+02  0.44334186E+02
  0.44135397E+02  0.43932070E+02  0.43724392E+02  0.43512541E+02  0.43296681E+02
  0.43076980E+02  0.42853689E+02  0.42627025E+02  0.42397167E+02  0.42164278E+02
  0.41928502E+02  0.41690037E+02  0.41449042E+02  0.41205690E+02  0.40960102E+02
  0.40712441E+02  0.40462879E+02  0.40211573E+02  0.39958680E+02  0.39704327E+02
  0.39448661E+02  0.39191797E+02  0.38933841E+02  0.38674882E+02  0.38415017E+02
  0.38154354E+02  0.37893008E+02  0.37631078E+02  0.37368681E+02
  0.10000000E+01  0.27613934E+01  0.43637850E+01  0.58391381E+01  0.72245191E+01
  0.85458753E+01  0.98418761E+01  0.11137071E+02  0.12431085E+02  0.13718751E+02
  0.14993584E+02  0.16250208E+02  0.17485457E+02  0.18698118E+02  0.19887917E+02
  0.21055385E+02  0.22201261E+02  0.23326085E+02  0.24430012E+02  0.25513177E+02
  0.26575378E+02  0.27616444E+02  0.28636241E+02  0.29634717E+02  0.30611655E+02
  0.31567157E+02  0.32501185E+02  0.33414051E+02  0.34305840E+02  0.35176851E+02
  0.36027258E+02  0.36857365E+02  0.37667291E+02  0.38457216E+02  0.39227287E+02
  0.39977669E+02  0.40708488E+02  0.41419930E+02  0.42112092E+02  0.42785153E+02
  0.43439255E+02  0.44074550E+02  0.44691213E+02  0.45289467E+02  0.45869531E+02
  0.46431577E+02  0.46975782E+02  0.47502325E+02  0.48011365E+02  0.48503090E+02
  0.48977725E+02  0.49435442E+02  0.49876403E+02  0.50300783E+02  0.50708796E+02
  0.51100643E+02  0.51476546E+02  0.51836681E+02  0.52181285E+02  0.52510582E+02
  0.52824777E+02  0.53124054E+02  0.53408589E+02  0.53678576E+02  0.53934240E+02
  0.54175779E+02  0.54403393E+02  0.54617278E+02  0.54817635E+02  0.55004671E+02
  0.55178596E+02  0.55339586E+02  0.55487827E+02  0.55623519E+02  0.55746853E+02
  0.55858015E+02  0.55957199E+02  0.56044590E+02  0.56120397E+02  0.56184840E+02
  0.56238127E+02  0.56280456E+02  0.56312010E+02  0.56332994E+02  0.56343643E+02
  0.56344181E+02  0.56334853E+02  0.56315903E+02  0.56287533E+02  0.56249967E+02
  0.56203420E+02  0.56148069E+02  0.56084115E+02  0.56011736E+02  0.55931101E+02
  0.55842413E+02  0.55745861E+02  0.55641667E+02  0.55530047E+02  0.55411213E+02
  0.55285385E+02  0.55152765E+02  0.55013554E+02  0.54867935E+02  0.54716097E+02
  0.54558234E+02  0.54394562E+02  0.54225293E+02  0.54050593E+02  0.53870654E+02
  0.53685640E+02  0.53495709E+02  0.53301021E+02  0.53101745E+02  0.52898066E+02
  0.52690171E+02  0.52478252E+02  0.52262462E+02  0.52042947E+02  0.51819890E+02
  0.51593459E+02  0.51363803E+02  0.51131042E+02  0.50895245E+02  0.50656545E+02
  0.50415095E+02  0.50171066E+02  0.49924626E+02  0.49675909E+02
  0.10000000E+01  0.27749736E+01  0.43967313E+01  0.58963126E+01  0.73097555E+01
  0.86622656E+01  0.99905408E+01  0.11318180E+02  0.12645450E+02  0.13967566E+02
  0.15278410E+02  0.16572824E+02  0.17847766E+02  0.19102039E+02  0.20335395E+02
  0.21548328E+02  0.22741552E+02  0.23915604E+02  0.25070665E+02  0.26206868E+02
  0.27324015E+02  0.28421890E+02  0.29500356E+02  0.30559341E+02  0.31598616E+02
  0.32618216E+02  0.33618069E+02  0.34598425E+02  0.35559354E+02  0.36501149E+02
  0.37423997E+02  0.38328145E+02  0.39213686E+02  0.40080780E+02  0.40929569E+02
  0.41760204E+02  0.42572779E+02  0.43367430E+02  0.44144213E+02  0.44903290E+02
  0.45644776E+02  0.46368795E+02  0.47075485E+02  0.47765016E+02  0.48437583E+02
  0.49093334E+02  0.49732441E+02  0.50355038E+02  0.50961218E+02  0.51551120E+02
  0.52124954E+02  0.52682872E+02  0.53225006E+02  0.53751477E+02  0.54262422E+02
  0.54758005E+02  0.55238433E+02  0.55703871E+02  0.56154486E+02  0.56590433E+02
  0.57011887E+02  0.57418992E+02  0.57811903E+02  0.58190760E+02  0.58555717E+02
  0.58906935E+02  0.59244601E+02  0.59568869E+02  0.59879898E+02  0.60177854E+02
  0.60462922E+02  0.60735246E+02  0.60994974E+02  0.61242234E+02  0.61477159E+02
  0.61699905E+02  0.61910629E+02  0.62109469E+02  0.62296588E+02  0.62472137E+02
  0.62636304E+02  0.62789283E+02  0.62931233E+02  0.63062317E+02  0.63182700E+02
  0.63292560E+02  0.63392109E+02  0.63481564E+02  0.63561107E+02  0.63630869E+02
  0.63690979E+02  0.63741594E+02  0.63782902E+02  0.63815080E+02  0.63838279E+02
  0.63852616E+02  0.63858228E+02  0.63855336E+02  0.63844124E+02  0.63824792E+02
  0.63797527E+02  0.63762462E+02  0.63719767E+02  0.63669613E+02  0.63612173E+02
  0.63547568E+02  0.63476000E+02  0.63397632E+02  0.63312641E+02  0.63221211E+02
  0.63123476E+02  0.63019587E+02  0.62909696E+02  0.62793940E+02  0.62672448E+02
  0.62545379E+02  0.62412903E+02  0.62275168E+02  0.62132326E+02  0.61984522E+02
  0.61831917E+02  0.61674642E+02  0.61512826E+02  0.61346614E+02  0.61176113E+02
  0.61001446E+02  0.60822719E+02  0.60640083E+02  0.60453698E+02
  0.10000000E+01  0.27896772E+01  0.44326766E+01  0.59591486E+01  0.74035774E+01
  0.87903490E+01  0.10154173E+02  0.11517808E+02  0.12882134E+02  0.14242747E+02
  0.15593865E+02  0.16930521E+02  0.18249742E+02  0.19550334E+02  0.20832036E+02
  0.22095321E+02  0.23340834E+02  0.24569114E+02  0.25780339E+02  0.26974630E+02
  0.28151749E+02  0.29311462E+02  0.30453556E+02  0.31577906E+02  0.32684241E+02
  0.33772525E+02  0.34842673E+02  0.35894881E+02  0.36929166E+02  0.37945785E+02
  0.38944902E+02  0.39926730E+02  0.40891344E+02  0.41838861E+02  0.42769381E+02
  0.43683019E+02  0.44579850E+02  0.45459981E+02  0.46323417E+02  0.47170270E+02
  0.48000597E+02  0.48814499E+02  0.49612106E+02  0.50393563E+02  0.51159033E+02
  0.51908612E+02  0.52642432E+02  0.53360608E+02  0.54063213E+02  0.54750357E+02
  0.55422195E+02  0.56078807E+02  0.56720310E+02  0.57346789E+02  0.57958357E+02
  0.58555136E+02  0.59137274E+02  0.59704888E+02  0.60258139E+02  0.60797149E+02
  0.61322073E+02  0.61833005E+02  0.62330075E+02  0.62813402E+02  0.63283128E+02
  0.63739370E+02  0.64182249E+02  0.64611880E+02  0.65028375E+02  0.65431883E+02
  0.65822523E+02  0.66200396E+02  0.66565643E+02  0.66918385E+02  0.67258753E+02
  0.67586856E+02  0.67902835E+02  0.68206773E+02  0.68498809E+02  0.68779108E+02
  0.69047812E+02  0.69305067E+02  0.69550987E+02  0.69785679E+02  0.70009293E+02
  0.70221978E+02  0.70423906E+02  0.70615237E+02  0.70796129E+02  0.70966704E+02
  0.71127091E+02  0.71277430E+02  0.71417871E+02  0.71548540E+02  0.71669560E+02
  0.71781048E+02  0.71883131E+02  0.71975959E+02  0.72059697E+02  0.72134472E+02
  0.72200443E+02  0.72257769E+02  0.72306602E+02  0.72347107E+02  0.72379399E+02
  0.72403630E+02  0.72419959E+02  0.72428526E+02  0.72429477E+02  0.72422957E+02
  0.72409082E+02  0.72387978E+02  0.72359794E+02  0.72324645E+02  0.72282654E+02
  0.72233962E+02  0.72178723E+02  0.72117063E+02  0.72049122E+02  0.71975055E+02
  0.71894987E+02  0.71809076E+02  0.71717415E+02  0.71620113E+02  0.71517277E+02
  0.71409031E+02  0.71295506E+02  0.71176821E+02  0.71053145E+02
  0.10000000E+01  0.27969748E+01  0.44514955E+01  0.59927573E+01  0.74550123E+01
  0.88618648E+01  0.10246416E+02  0.11630303E+02  0.13014641E+02  0.14395306E+02
  0.15766854E+02  0.17124642E+02  0.18465923E+02  0.19789560E+02  0.21095352E+02
  0.22383724E+02  0.23655331E+02  0.24910667E+02  0.26149931E+02  0.27373204E+02
  0.28580321E+02  0.29771023E+02  0.30945168E+02  0.32102624E+02  0.33243141E+02
  0.34366666E+02  0.35473129E+02  0.36562684E+02  0.37635381E+02  0.38691469E+02
  0.39731122E+02  0.40754540E+02  0.41761825E+02  0.42753080E+02  0.43728404E+02
  0.44687910E+02  0.45631667E+02  0.46559758E+02  0.47472223E+02  0.48369142E+02
  0.49250582E+02  0.50116638E+02  0.50967422E+02  0.51803051E+02  0.52623709E+02
  0.53429476E+02  0.54220486E+02  0.54996851E+02  0.55758639E+02  0.56505934E+02
  0.57238894E+02  0.57957604E+02  0.58662167E+02  0.59352662E+02  0.60029190E+02
  0.60691839E+02  0.61340744E+02  0.61976017E+02  0.62597819E+02  0.63206261E+02
  0.63801465E+02  0.64383506E+02  0.64952490E+02  0.65508521E+02  0.66051738E+02
  0.66582235E+02  0.67100139E+02  0.67605510E+02  0.68098483E+02  0.68579182E+02
  0.69047746E+02  0.69504272E+02  0.69948871E+02  0.70381641E+02  0.70802677E+02
  0.71212049E+02  0.71609881E+02  0.71996264E+02  0.72371324E+02  0.72735174E+02
  0.73087935E+02  0.73429714E+02  0.73760616E+02  0.74080767E+02  0.74390292E+02
  0.74689315E+02  0.74977996E+02  0.75256470E+02  0.75524867E+02  0.75783294E+02
  0.76031847E+02  0.76270637E+02  0.76499788E+02  0.76719405E+02  0.76929618E+02
  0.77130496E+02  0.77322142E+02  0.77504673E+02  0.77678230E+02  0.77842948E+02
  0.77998975E+02  0.78146464E+02  0.78285506E+02  0.78416221E+02  0.78538719E+02
  0.78653113E+02  0.78759543E+02  0.78858155E+02  0.78949063E+02  0.79032370E+02
  0.79108187E+02  0.79176606E+02  0.79237762E+02  0.79291739E+02  0.79338647E+02
  0.79378614E+02  0.79411786E+02  0.79438288E+02  0.79458237E+02  0.79471733E+02
  0.79478890E+02  0.79479818E+02  0.79474625E+02  0.79463413E+02  0.79446270E+02
  0.79423268E+02  0.79394514E+02  0.79360133E+02  0.79320266E+02
  0.10000000E+01  0.28069313E+01  0.44767896E+01  0.60378548E+01  0.75233047E+01
  0.89559196E+01  0.10367119E+02  0.11777638E+02  0.13188907E+02  0.14597074E+02
  0.15996999E+02  0.17384295E+02  0.18756372E+02  0.20112139E+02  0.21451407E+02
  0.22774552E+02  0.24082178E+02  0.25374740E+02  0.26652441E+02  0.27915354E+02
  0.29163309E+02  0.30396045E+02  0.31613384E+02  0.32815166E+02  0.34001146E+02
  0.35171235E+02  0.36325370E+02  0.37463672E+02  0.38586167E+02  0.39693078E+02
  0.40784576E+02  0.41860831E+02  0.42921976E+02  0.43968097E+02  0.44999285E+02
  0.46015631E+02  0.47017178E+02  0.48003980E+02  0.48976082E+02  0.49933534E+02
  0.50876399E+02  0.51804730E+02  0.52718626E+02  0.53618205E+02  0.54503637E+02
  0.55374990E+02  0.56232389E+02  0.57075910E+02  0.57905619E+02  0.58721602E+02
  0.59524018E+02  0.60312915E+02  0.61088379E+02  0.61850467E+02  0.62599265E+02
  0.63334853E+02  0.64057345E+02  0.64766833E+02  0.65463436E+02  0.66147235E+02
  0.66818345E+02  0.67476841E+02  0.68122838E+02  0.68756421E+02  0.69377702E+02
  0.69986754E+02  0.70583682E+02  0.71168541E+02  0.71741457E+02  0.72302517E+02
  0.72851814E+02  0.73389444E+02  0.73915512E+02  0.74430086E+02  0.74933268E+02
  0.75425106E+02  0.75905707E+02  0.76375169E+02  0.76833587E+02  0.77281032E+02
  0.77717619E+02  0.78143447E+02  0.78558599E+02  0.78963186E+02  0.79357329E+02
  0.79741097E+02  0.80114613E+02  0.80477970E+02  0.80831300E+02  0.81174717E+02
  0.81508323E+02  0.81832218E+02  0.82146492E+02  0.82451227E+02  0.82746524E+02
  0.83032452E+02  0.83309120E+02  0.83576614E+02  0.83835050E+02  0.84084513E+02
  0.84325114E+02  0.84556961E+02  0.84780183E+02  0.84994887E+02  0.85201174E+02
  0.85399124E+02  0.85588879E+02  0.85770553E+02  0.85944258E+02  0.86110085E+02
  0.86268102E+02  0.86418408E+02  0.86561118E+02  0.86696322E+02  0.86824105E+02
  0.86944554E+02  0.87057787E+02  0.87163893E+02  0.87262975E+02  0.87355156E+02
  0.87440550E+02  0.87519251E+02  0.87591358E+02  0.87656942E+02  0.87716090E+02
  0.87768865E+02  0.87815377E+02  0.87855722E+02  0.87890020E+02
  0.10000000E+01  0.28127915E+01  0.44925915E+01  0.60666763E+01  0.75679767E+01
  0.90184173E+01  0.10447938E+02  0.11876188E+02  0.13304729E+02  0.14729984E+02
  0.16147160E+02  0.17552227E+02  0.18942854E+02  0.20318018E+02  0.21677584E+02
  0.23021894E+02  0.24351538E+02  0.25666917E+02  0.26968229E+02  0.28255502E+02
  0.29528625E+02  0.30787313E+02  0.32031458E+02  0.33260892E+02  0.34475403E+02
  0.35674897E+02  0.36859341E+02  0.38028827E+02  0.39183413E+02  0.40323298E+02
  0.41448663E+02  0.42559681E+02  0.43656498E+02  0.44739200E+02  0.45807861E+02
  0.46862548E+02  0.47903321E+02  0.48930216E+02  0.49943290E+02  0.50942611E+02
  0.51928224E+02  0.52900168E+02  0.53858539E+02  0.54803453E+02  0.55735099E+02
  0.56653554E+02  0.57558930E+02  0.58451296E+02  0.59330709E+02  0.60197215E+02
  0.61050997E+02  0.61892103E+02  0.62720620E+02  0.63536595E+02  0.64340104E+02
  0.65131218E+02  0.65910054E+02  0.66676688E+02  0.67431238E+02  0.68173777E+02
  0.68904421E+02  0.69623218E+02  0.70330297E+02  0.71025725E+02  0.71709596E+02
  0.72381985E+02  0.73042960E+02  0.73692593E+02  0.74331006E+02  0.74958290E+02
  0.75574545E+02  0.76179829E+02  0.76774230E+02  0.77357794E+02  0.77930624E+02
  0.78492759E+02  0.79044297E+02  0.79585298E+02  0.80115860E+02  0.80636065E+02
  0.81146002E+02  0.81645762E+02  0.82135456E+02  0.82615156E+02  0.83084967E+02
  0.83544951E+02  0.83995219E+02  0.84435865E+02  0.84867001E+02  0.85288698E+02
  0.85701020E+02  0.86104036E+02  0.86497858E+02  0.86882550E+02  0.87258223E+02
  0.87624938E+02  0.87982797E+02  0.88331856E+02  0.88672205E+02  0.89003943E+02
  0.89327182E+02  0.89642010E+02  0.89948544E+02  0.90246847E+02  0.90536980E+02
  0.90819004E+02  0.91093056E+02  0.91359238E+02  0.91617656E+02  0.91868390E+02
  0.92111502E+02  0.92347070E+02  0.92575183E+02  0.92795926E+02  0.93009400E+02
  0.93215668E+02  0.93414811E+02  0.93606910E+02  0.93792049E+02  0.93970335E+02
  0.94141863E+02  0.94306732E+02  0.94465012E+02  0.94616753E+02  0.94762030E+02
  0.94900914E+02  0.95033481E+02  0.95159814E+02  0.95280005E+02
  0.10000000E+01  0.28185265E+01  0.45077453E+01  0.60941847E+01  0.76101354E+01
  0.90768310E+01  0.10523066E+02  0.11967808E+02  0.13412766E+02  0.14854573E+02
  0.16288700E+02  0.17711354E+02  0.19120360E+02  0.20514732E+02  0.21894344E+02
  0.23259509E+02  0.24610775E+02  0.25948517E+02  0.27272916E+02  0.28583975E+02
  0.29881586E+02  0.31165468E+02  0.32435513E+02  0.33691536E+02  0.34933340E+02
  0.36160825E+02  0.37373955E+02  0.38572809E+02  0.39757444E+02  0.40928038E+02
  0.42084757E+02  0.43227756E+02  0.44357181E+02  0.45473104E+02  0.46575601E+02
  0.47664738E+02  0.48740559E+02  0.49803097E+02  0.50852422E+02  0.51888572E+02
  0.52911595E+02  0.53921525E+02  0.54918437E+02  0.55902429E+02  0.56873684E+02
  0.57832268E+02  0.58778295E+02  0.59711828E+02  0.60632920E+02  0.61541629E+02
  0.62438106E+02  0.63322397E+02  0.64194599E+02  0.65054755E+02  0.65902931E+02
  0.66739175E+02  0.67563597E+02  0.68376254E+02  0.69177282E+02  0.69966755E+02
  0.70744772E+02  0.71511381E+02  0.72266662E+02  0.73010671E+02  0.73743515E+02
  0.74465259E+02  0.75175995E+02  0.75875760E+02  0.76564672E+02  0.77242804E+02
  0.77910264E+02  0.78567099E+02  0.79213400E+02  0.79849218E+02  0.80474620E+02
  0.81089652E+02  0.81694416E+02  0.82288967E+02  0.82873412E+02  0.83447793E+02
  0.84012202E+02  0.84566709E+02  0.85111400E+02  0.85646346E+02  0.86171663E+02
  0.86687391E+02  0.87193634E+02  0.87690471E+02  0.88178016E+02  0.88656356E+02
  0.89125556E+02  0.89585682E+02  0.90036840E+02  0.90479069E+02  0.90912471E+02
  0.91337093E+02  0.91753015E+02  0.92160305E+02  0.92559040E+02  0.92949284E+02
  0.93331147E+02  0.93704717E+02  0.94070086E+02  0.94427332E+02  0.94776534E+02
  0.95117754E+02  0.95451098E+02  0.95776663E+02  0.96094564E+02  0.96404854E+02
  0.96707604E+02  0.97002872E+02  0.97290726E+02  0.97571238E+02  0.97844494E+02
  0.98110563E+02  0.98369542E+02  0.98621480E+02  0.98866468E+02  0.99104590E+02
  0.99335945E+02  0.99560611E+02  0.99778666E+02  0.99990173E+02  0.10019518E+03
  0.10039377E+03  0.10058600E+03  0.10077193E+03  0.10095165E+03
  0.10000000E+01  0.28220380E+01  0.45177541E+01  0.61128585E+01  0.76394466E+01
  0.91180882E+01  0.10576560E+02  0.12033056E+02  0.13489308E+02  0.14942151E+02
  0.16387329E+02  0.17821338E+02  0.19242191E+02  0.20648976E+02  0.22041591E+02
  0.23420313E+02  0.24785682E+02  0.26138015E+02  0.27477491E+02  0.28804080E+02
  0.30117709E+02  0.31418083E+02  0.32705157E+02  0.33978753E+02  0.35238700E+02
  0.36484914E+02  0.37717358E+02  0.38936091E+02  0.40141178E+02  0.41332784E+02
  0.42511079E+02  0.43676228E+02  0.44828392E+02  0.45967628E+02  0.47094023E+02
  0.48207615E+02  0.49308456E+02  0.50396594E+02  0.51472115E+02  0.52535038E+02
  0.53585419E+02  0.54623278E+02  0.55648697E+02  0.56661769E+02  0.57662692E+02
  0.58651511E+02  0.59628333E+02  0.60593219E+02  0.61546229E+02  0.62487426E+02
  0.63416976E+02  0.64334917E+02  0.65241326E+02  0.66136244E+02  0.67019740E+02
  0.67891874E+02  0.68752756E+02  0.69602429E+02  0.70441014E+02  0.71268580E+02
  0.72085228E+02  0.72890990E+02  0.73685972E+02  0.74470230E+02  0.75243856E+02
  0.76006900E+02  0.76759457E+02  0.77501572E+02  0.78233369E+02  0.78954912E+02
  0.79666311E+02  0.80367594E+02  0.81058822E+02  0.81740053E+02  0.82411368E+02
  0.83072821E+02  0.83724499E+02  0.84366446E+02  0.84998758E+02  0.85621461E+02
  0.86234653E+02  0.86838416E+02  0.87432850E+02  0.88017983E+02  0.88593905E+02
  0.89160691E+02  0.89718427E+02  0.90267192E+02  0.90807096E+02  0.91338191E+02
  0.91860554E+02  0.92374220E+02  0.92879295E+02  0.93375849E+02  0.93863955E+02
  0.94343670E+02  0.94815058E+02  0.95278163E+02  0.95733091E+02  0.96179917E+02
  0.96618737E+02  0.97049626E+02  0.97472644E+02  0.97887873E+02  0.98295389E+02
  0.98695217E+02  0.99087475E+02  0.99472231E+02  0.99849585E+02  0.10021959E+03
  0.10058233E+03  0.10093785E+03  0.10128624E+03  0.10162756E+03  0.10196186E+03
  0.10228922E+03  0.10260970E+03  0.10292339E+03  0.10323035E+03  0.10353067E+03
  0.10382445E+03  0.10411173E+03  0.10439260E+03  0.10466705E+03  0.10493518E+03
  0.10519702E+03  0.10545265E+03  0.10570215E+03  0.10594559E+03
  0.10000000E+01  0.28301017E+01  0.45387095E+01  0.61507112E+01  0.76970114E+01
  0.91974012E+01  0.10678315E+02  0.12157276E+02  0.13636231E+02  0.15112238E+02
  0.16581310E+02  0.18040163E+02  0.19486941E+02  0.20920772E+02  0.22341537E+02
  0.23749488E+02  0.25145093E+02  0.26528647E+02  0.27900294E+02  0.29259989E+02
  0.30607611E+02  0.31942878E+02  0.33265705E+02  0.34575898E+02  0.35873282E+02
  0.37157761E+02  0.38429291E+02  0.39687895E+02  0.40933614E+02  0.42166595E+02
  0.43386982E+02  0.44594917E+02  0.45790576E+02  0.46973998E+02  0.48145237E+02
  0.49304318E+02  0.50451274E+02  0.51586124E+02  0.52708959E+02  0.53819792E+02
  0.54918662E+02  0.56005586E+02  0.57080617E+02  0.58143829E+02  0.59195404E+02
  0.60235382E+02  0.61263866E+02  0.62280912E+02  0.63286567E+02  0.64280884E+02
  0.65264012E+02  0.66235981E+02  0.67196864E+02  0.68146695E+02  0.69085517E+02
  0.70013386E+02  0.70930386E+02  0.71836537E+02  0.72731960E+02  0.73616715E+02
  0.74490909E+02  0.75354559E+02  0.76207740E+02  0.77050499E+02  0.77882940E+02
  0.78705105E+02  0.79517085E+02  0.80318912E+02  0.81110675E+02  0.81892437E+02
  0.82664292E+02  0.83426265E+02  0.84178439E+02  0.84920846E+02  0.85653548E+02
  0.86376581E+02  0.87090023E+02  0.87793932E+02  0.88488403E+02  0.89173466E+02
  0.89849206E+02  0.90515654E+02  0.91172912E+02  0.91821012E+02  0.92460052E+02
  0.93090073E+02  0.93711165E+02  0.94323379E+02  0.94926817E+02  0.95521526E+02
  0.96107598E+02  0.96685075E+02  0.97254041E+02  0.97814533E+02  0.98366630E+02
  0.98910375E+02  0.99445842E+02  0.99973078E+02  0.10049217E+03  0.10100317E+03
  0.10150617E+03  0.10200121E+03  0.10248841E+03  0.10296778E+03  0.10343942E+03
  0.10390334E+03  0.10435965E+03  0.10480842E+03  0.10524975E+03  0.10568368E+03
  0.10611027E+03  0.10652957E+03  0.10694166E+03  0.10734659E+03  0.10774444E+03
  0.10813526E+03  0.10851911E+03  0.10889607E+03  0.10926620E+03  0.10962956E+03
  0.10998625E+03  0.11033634E+03  0.11067987E+03  0.11101686E+03  0.11134738E+03
  0.11167147E+03  0.11198922E+03  0.11230069E+03  0.11260593E+03
  0.10000000E+01  0.28308004E+01  0.45415522E+01  0.61563245E+01  0.77068135E+01
  0.92122893E+01  0.10698389E+02  0.12181760E+02  0.13664332E+02  0.15143357E+02
  0.16615115E+02  0.18076628E+02  0.19526277E+02  0.20963276E+02  0.22387596E+02
  0.23799441E+02  0.25199329E+02  0.26587463E+02  0.27964033E+02  0.29328959E+02
  0.30682247E+02  0.32023572E+02  0.33352967E+02  0.34670222E+02  0.35975203E+02
  0.37267832E+02  0.38548114E+02  0.39816063E+02  0.41071747E+02  0.42315306E+02
  0.43546885E+02  0.44766650E+02  0.45974775E+02  0.47171302E+02  0.48356308E+02
  0.49529793E+02  0.50691806E+02  0.51842381E+02  0.52981640E+02  0.54109591E+02
  0.55226279E+02  0.56331714E+02  0.57425940E+02  0.58509029E+02  0.59581182E+02
  0.60642437E+02  0.61692917E+02  0.62732659E+02  0.63761702E+02  0.64780089E+02
  0.65787955E+02  0.66785345E+02  0.67772358E+02  0.68748997E+02  0.69715338E+02
  0.70671424E+02  0.71617329E+02  0.72553057E+02  0.73478729E+02  0.74394394E+02
  0.75300168E+02  0.76196075E+02  0.77082202E+02  0.77958575E+02  0.78825282E+02
  0.79682355E+02  0.80529879E+02  0.81367903E+02  0.82196526E+02  0.83015808E+02
  0.83825831E+02  0.84626602E+02  0.85418165E+02  0.86200553E+02  0.86973847E+02
  0.87738060E+02  0.88493301E+02  0.89239590E+02  0.89976997E+02  0.90705553E+02
  0.91425336E+02  0.92136397E+02  0.92838833E+02  0.93532696E+02  0.94218052E+02
  0.94894924E+02  0.95563394E+02  0.96223500E+02  0.96875349E+02  0.97518979E+02
  0.98154456E+02  0.98781804E+02  0.99401108E+02  0.10001238E+03  0.10061571E+03
  0.10121112E+03  0.10179870E+03  0.10237848E+03  0.10295056E+03  0.10351498E+03
  0.10407182E+03  0.10462114E+03  0.10516300E+03  0.10569741E+03  0.10622445E+03
  0.10674416E+03  0.10725662E+03  0.10776188E+03  0.10826001E+03  0.10875105E+03
  0.10923506E+03  0.10971209E+03  0.11018223E+03  0.11064549E+03  0.11110196E+03
  0.11155167E+03  0.11199468E+03  0.11243108E+03  0.11286092E+03  0.11328425E+03
  0.11370115E+03  0.11411164E+03  0.11451577E+03  0.11491356E+03  0.11530507E+03
  0.11569035E+03  0.11606943E+03  0.11644236E+03  0.11680923E+03
  0.10000000E+01  0.28293286E+01  0.45387313E+01  0.61518579E+01  0.77010694E+01
  0.92054289E+01  0.10690332E+02  0.12171984E+02  0.13652218E+02  0.15128348E+02
  0.16596791E+02  0.18054718E+02  0.19500639E+02  0.20933815E+02  0.22354271E+02
  0.23762209E+02  0.25158192E+02  0.26542370E+02  0.27914954E+02  0.29275838E+02
  0.30625080E+02  0.31962331E+02  0.33287730E+02  0.34601063E+02  0.35902227E+02
  0.37191162E+02  0.38467882E+02  0.39732409E+02  0.40984846E+02  0.42225335E+02
  0.43454061E+02  0.44671181E+02  0.45876899E+02  0.47071251E+02  0.48254320E+02
  0.49426121E+02  0.50586713E+02  0.51736119E+02  0.52874468E+02  0.54001759E+02
  0.55118060E+02  0.56223398E+02  0.57317811E+02  0.58401383E+02  0.59474312E+02
  0.60536622E+02  0.61588444E+02  0.62629827E+02  0.63660838E+02  0.64681535E+02
  0.65692048E+02  0.66692424E+02  0.67682763E+02  0.68663074E+02  0.69633448E+02
  0.70593925E+02  0.71544572E+02  0.72485400E+02  0.73416522E+02  0.74338005E+02
  0.75249950E+02  0.76152389E+02  0.77045400E+02  0.77928996E+02  0.78803277E+02
  0.79668295E+02  0.80524142E+02  0.81370869E+02  0.82208573E+02  0.83037277E+02
  0.83857079E+02  0.84668008E+02  0.85470123E+02  0.86263464E+02  0.87048135E+02
  0.87824126E+02  0.88591491E+02  0.89350282E+02  0.90100563E+02  0.90842373E+02
  0.91575810E+02  0.92300900E+02  0.93017720E+02  0.93726293E+02  0.94426709E+02
  0.95119009E+02  0.95803277E+02  0.96479559E+02  0.97147937E+02  0.97808455E+02
  0.98461173E+02  0.99106121E+02  0.99743394E+02  0.10037303E+03  0.10099511E+03
  0.10160964E+03  0.10221669E+03  0.10281630E+03  0.10340855E+03  0.10399347E+03
  0.10457117E+03  0.10514168E+03  0.10570507E+03  0.10626135E+03  0.10681057E+03
  0.10735277E+03  0.10788804E+03  0.10841642E+03  0.10893803E+03  0.10945287E+03
  0.10996103E+03  0.11046253E+03  0.11095745E+03  0.11144583E+03  0.11192772E+03
  0.11240317E+03  0.11287222E+03  0.11333494E+03  0.11379138E+03  0.11424160E+03
  0.11468567E+03  0.11512362E+03  0.11555548E+03  0.11598127E+03  0.11640106E+03
  0.11681489E+03  0.11722283E+03  0.11762490E+03  0.11802118E+03
  0.10000000E+01  0.28363637E+01  0.45573409E+01  0.61857318E+01  0.77528458E+01
  0.92770291E+01  0.10782445E+02  0.12284626E+02  0.13785541E+02  0.15282694E+02
  0.16772756E+02  0.18253112E+02  0.19722397E+02  0.21179903E+02  0.22625645E+02
  0.24059794E+02  0.25482849E+02  0.26894934E+02  0.28296245E+02  0.29686663E+02
  0.31066213E+02  0.32434547E+02  0.33791778E+02  0.35137676E+02  0.36472147E+02
  0.37795134E+02  0.39106647E+02  0.40406675E+02  0.41695288E+02  0.42972597E+02
  0.44238768E+02  0.45493955E+02  0.46738357E+02  0.47972012E+02  0.49194979E+02
  0.50407248E+02  0.51608853E+02  0.52799835E+02  0.53980312E+02  0.55150296E+02
  0.56309835E+02  0.57458922E+02  0.58597600E+02  0.59725923E+02  0.60844096E+02
  0.61952148E+02  0.63050171E+02  0.64138197E+02  0.65216294E+02  0.66284498E+02
  0.67342965E+02  0.68391730E+02  0.69430878E+02  0.70460403E+02  0.71480366E+02
  0.72490792E+02  0.73491768E+02  0.74483295E+02  0.75465494E+02  0.76438415E+02
  0.77402148E+02  0.78356720E+02  0.79302200E+02  0.80238603E+02  0.81166000E+02
  0.82084430E+02  0.82993970E+02  0.83894650E+02  0.84786575E+02  0.85669787E+02
  0.86544376E+02  0.87410333E+02  0.88267712E+02  0.89116523E+02  0.89956865E+02
  0.90788759E+02  0.91612295E+02  0.92427505E+02  0.93234450E+02  0.94033131E+02
  0.94823619E+02  0.95605939E+02  0.96380170E+02  0.97146335E+02  0.97904519E+02
  0.98654741E+02  0.99397072E+02  0.10013155E+03  0.10085827E+03  0.10157727E+03
  0.10228860E+03  0.10299231E+03  0.10368846E+03  0.10437708E+03  0.10505825E+03
  0.10573199E+03  0.10639834E+03  0.10705732E+03  0.10770900E+03  0.10835341E+03
  0.10899066E+03  0.10962075E+03  0.11024376E+03  0.11085974E+03  0.11146873E+03
  0.11207076E+03  0.11266589E+03  0.11325418E+03  0.11383571E+03  0.11441048E+03
  0.11497860E+03  0.11554007E+03  0.11609497E+03  0.11664330E+03  0.11718513E+03
  0.11772048E+03  0.11824942E+03  0.11877200E+03  0.11928828E+03  0.11979829E+03
  0.12030212E+03  0.12079980E+03  0.12129137E+03  0.12177684E+03  0.12225627E+03
  0.12272965E+03  0.12319705E+03  0.12365853E+03  0.12411414E+03
  0.10000000E+01  0.28277636E+01  0.45370079E+01  0.61503351E+01  0.77010394E+01
  0.92076986E+01  0.10695097E+02  0.12178479E+02  0.13659444E+02  0.15135388E+02
  0.16602985E+02  0.18059668E+02  0.19504209E+02  0.20935940E+02  0.22354988E+02
  0.23761523E+02  0.25156170E+02  0.26538964E+02  0.27910170E+02  0.29269637E+02
  0.30617556E+02  0.31953532E+02  0.33277858E+02  0.34590305E+02  0.35890827E+02
  0.37179400E+02  0.38456097E+02  0.39720945E+02  0.40974065E+02  0.42215604E+02
  0.43445773E+02  0.44664742E+02  0.45872727E+02  0.47069802E+02  0.48256062E+02
  0.49431515E+02  0.50596232E+02  0.51750261E+02  0.52893738E+02  0.54026686E+02
  0.55149191E+02  0.56261265E+02  0.57362963E+02  0.58454352E+02  0.59535653E+02
  0.60606893E+02  0.61668229E+02  0.62719690E+02  0.63761382E+02  0.64793367E+02
  0.65815795E+02  0.66828708E+02  0.67832234E+02  0.68826368E+02  0.69811198E+02
  0.70786772E+02  0.71753165E+02  0.72710406E+02  0.73658617E+02  0.74597865E+02
  0.75528254E+02  0.76449816E+02  0.77362609E+02  0.78266663E+02  0.79162080E+02
  0.80048915E+02  0.80927289E+02  0.81797245E+02  0.82658892E+02  0.83512279E+02
  0.84357481E+02  0.85194495E+02  0.86023375E+02  0.86844165E+02  0.87656951E+02
  0.88461766E+02  0.89258712E+02  0.90047822E+02  0.90829155E+02  0.91602734E+02
  0.92368626E+02  0.93126870E+02  0.93877557E+02  0.94620716E+02  0.95356442E+02
  0.96084764E+02  0.96805773E+02  0.97519513E+02  0.98226072E+02  0.98925491E+02
  0.99617834E+02  0.10030312E+03  0.10098142E+03  0.10165278E+03  0.10231727E+03
  0.10297492E+03  0.10362578E+03  0.10426989E+03  0.10490731E+03  0.10553811E+03
  0.10616235E+03  0.10678010E+03  0.10739140E+03  0.10799632E+03  0.10859488E+03
  0.10918710E+03  0.10977306E+03  0.11035283E+03  0.11092650E+03  0.11149408E+03
  0.11205567E+03  0.11261124E+03  0.11316086E+03  0.11370456E+03  0.11424240E+03
  0.11477444E+03  0.11530074E+03  0.11582132E+03  0.11633626E+03  0.11684560E+03
  0.11734942E+03  0.11784776E+03  0.11834068E+03  0.11882816E+03  0.11931023E+03
  0.11978691E+03  0.12025829E+03  0.12072440E+03  0.12118530E+03
   128
  0.10000000E+01  0.26395317E+01  0.38020982E+01  0.45274349E+01  0.49206641E+01
  0.50550100E+01  0.50082735E+01  0.48316554E+01  0.45718547E+01  0.42478695E+01
  0.38762148E+01  0.34725887E+01  0.30570728E+01  0.26468307E+01  0.22535560E+01
  0.18863355E+01  0.15556606E+01  0.12667585E+01  0.10265127E+01  0.83090569E+00
  0.67420114E+00  0.54636131E+00  0.44243896E+00  0.35859576E+00  0.29132218E+00
  0.23709713E+00  0.19297439E+00  0.15678421E+00  0.12701041E+00  0.10232999E+00
  0.81595064E-01  0.63905812E-01  0.48945792E-01  0.36791289E-01  0.27376916E-01
  0.20280616E-01  0.14985962E-01  0.11097227E-01  0.83013806E-02  0.63432539E-02
  0.50401401E-02  0.42346941E-02  0.37475632E-02  0.34159281E-02  0.31227420E-02
  0.28019256E-02  0.24012802E-02  0.19105357E-02  0.13766288E-02  0.85599383E-03
  0.40062170E-03  0.22652371E-04 -0.24816913E-03  0.00000000E+00  0.00000000E+00
  0.00000000E+00  0.00000000E+00  0.00000000E+00  0.00000000E+00  0.00000000E+00
  0.00000000E+00  0.00000000E+00  0.00000000E+00  0.00000000E+00  0.00000000E+00
  0.00000000E+00  0.00000000E+00  0.00000000E+00  0.00000000E+00  0.00000000E+00
  0.00000000E+00  0.00000000E+00  0.00000000E+00  0.00000000E+00  0.00000000E+00
  0.00000000E+00  0.00000000E+00  0.00000000E+00  0.00000000E+00  0.00000000E+00
  0.00000000E+00  0.00000000E+00  0.00000000E+00  0.00000000E+00  0.00000000E+00
  0.00000000E+00  0.00000000E+00  0.00000000E+00  0.00000000E+00  0.00000000E+00
  0.00000000E+00  0.00000000E+00  0.00000000E+00  0.00000000E+00  0.00000000E+00
  0.00000000E+00  0.00000000E+00  0.00000000E+00  0.00000000E+00  0.00000000E+00
  0.00000000E+00  0.00000000E+00  0.00000000E+00  0.00000000E+00  0.00000000E+00
  0.00000000E+00  0.00000000E+00  0.00000000E+00  0.00000000E+00  0.00000000E+00
  0.00000000E+00  0.00000000E+00  0.00000000E+00  0.00000000E+00  0.00000000E+00
  0.00000000E+00  0.00000000E+00  0.00000000E+00  0.00000000E+00  0.00000000E+00
  0.00000000E+00  0.00000000E+00  0.00000000E+00  0.00000000E+00  0.00000000E+00
  0.00000000E+00  0.00000000E+00  0.00000000E+00  0.00000000E+00
  0.10000000E+01  0.26981577E+01  0.40085215E+01  0.49781741E+01  0.56881422E+01
  0.61861910E+01  0.65134643E+01  0.66958322E+01  0.67594860E+01  0.67159430E+01
  0.65784346E+01  0.63583476E+01  0.60721310E+01  0.57351398E+01  0.53604772E+01
  0.49622235E+01  0.45556539E+01  0.41530827E+01  0.37682812E+01  0.34051988E+01
  0.30660980E+01  0.27483157E+01  0.24524464E+01  0.21785113E+01  0.19266187E+01
  0.16962969E+01  0.14870342E+01  0.12979328E+01  0.11283880E+01  0.97732727E+00
  0.84359725E+00  0.72567062E+00  0.62233901E+00  0.53245154E+00  0.45481019E+00
  0.38795865E+00  0.33051606E+00  0.28119902E+00  0.23891251E+00  0.20263705E+00
  0.17151047E+00  0.14477610E+00  0.12176339E+00  0.10190979E+00  0.84767449E-01
  0.70019059E-01  0.57404711E-01  0.46696230E-01  0.37695613E-01  0.30185223E-01
  0.23940388E-01  0.18753517E-01  0.14479276E-01  0.11017361E-01  0.82815869E-02
  0.61984346E-02  0.46639933E-02  0.35776296E-02  0.28355880E-02  0.23174103E-02
  0.19339250E-02  0.16460330E-02  0.14008728E-02  0.11821921E-02  0.97860104E-03
  0.78515225E-03  0.62774963E-03  0.50770411E-03  0.41159136E-03  0.33832651E-03
  0.27921320E-03  0.23607394E-03  0.19898757E-03  0.16044407E-03  0.11237191E-03
  0.81687894E-04  0.88676537E-04  0.12018382E-03  0.15767072E-03  0.20423113E-03
  0.25652236E-03  0.27745756E-03  0.25537815E-03  0.19357788E-03  0.11747872E-03
  0.51432319E-04 -0.29964346E-05  0.00000000E+00  0.00000000E+00  0.00000000E+00
  0.00000000E+00  0.00000000E+00  0.00000000E+00  0.00000000E+00  0.00000000E+00
  0.00000000E+00  0.00000000E+00  0.00000000E+00  0.00000000E+00  0.00000000E+00
  0.00000000E+00  0.00000000E+00  0.00000000E+00  0.00000000E+00  0.00000000E+00
  0.00000000E+00  0.00000000E+00  0.00000000E+00  0.00000000E+00  0.00000000E+00
  0.00000000E+00  0.00000000E+00  0.00000000E+00  0.00000000E+00  0.00000000E+00
  0.00000000E+00  0.00000000E+00  0.00000000E+00  0.00000000E+00  0.00000000E+00
  0.00000000E+00  0.00000000E+00  0.00000000E+00  0.00000000E+00  0.00000000E+00
  0.00000000E+00  0.00000000E+00  0.00000000E+00  0.00000000E+00
  0.10000000E+01  0.27423869E+01  0.41588034E+01  0.52906213E+01  0.62059779E+01
  0.69437564E+01  0.75316484E+01  0.79850349E+01  0.83192360E+01  0.85415475E+01
  0.86622598E+01  0.86889832E+01  0.86332626E+01  0.85046371E+01  0.83125076E+01
  0.80671468E+01  0.77802097E+01  0.74619241E+01  0.71242135E+01  0.67730685E+01
  0.64139713E+01  0.60492340E+01  0.56833263E+01  0.53198101E+01  0.49623139E+01
  0.46138081E+01  0.42769596E+01  0.39536521E+01  0.36458674E+01  0.33547642E+01
  0.30812363E+01  0.28253786E+01  0.25873071E+01  0.23667625E+01  0.21632060E+01
  0.19756742E+01  0.18031828E+01  0.16446479E+01  0.14990631E+01  0.13653940E+01
  0.12427382E+01  0.11302207E+01  0.10270233E+01  0.93241148E+00  0.84573753E+00
  0.76644581E+00  0.69406340E+00  0.62811047E+00  0.56808775E+00  0.51355985E+00
  0.46403417E+00  0.41909673E+00  0.37834920E+00  0.34142798E+00  0.30799793E+00
  0.27775033E+00  0.25038446E+00  0.22562190E+00  0.20320595E+00  0.18290631E+00
  0.16452979E+00  0.14790163E+00  0.13286435E+00  0.11927336E+00  0.10699320E+00
  0.95917659E-01  0.85924204E-01  0.76918878E-01  0.68808938E-01  0.61495682E-01
  0.54918380E-01  0.49017667E-01  0.43732817E-01  0.38996172E-01  0.34768923E-01
  0.30992975E-01  0.27613507E-01  0.24588905E-01  0.21867184E-01  0.19422619E-01
  0.17228251E-01  0.15264278E-01  0.13519198E-01  0.11989973E-01  0.10662959E-01
  0.95174210E-02  0.85320925E-02  0.76678055E-02  0.69007484E-02  0.62122782E-02
  0.55871032E-02  0.50208863E-02  0.45037641E-02  0.40341317E-02  0.36157774E-02
  0.32456785E-02  0.29281890E-02  0.26616882E-02  0.24343230E-02  0.22365250E-02
  0.20510021E-02  0.18371893E-02  0.15971271E-02  0.13521770E-02  0.11381704E-02
  0.98525141E-03  0.88477296E-03  0.81177249E-03  0.74733312E-03  0.67579312E-03
  0.60908380E-03  0.53183035E-03  0.45347621E-03  0.37428367E-03  0.28971096E-03
  0.23362770E-03  0.23626338E-03  0.31303587E-03  0.45113169E-03  0.62574270E-03
  0.80263638E-03  0.96457531E-03  0.10771138E-02  0.11075789E-02  0.10651236E-02
  0.97056496E-03  0.85578469E-03  0.74997617E-03  0.66619162E-03
  0.10000000E+01  0.27747609E+01  0.42696569E+01  0.55174025E+01  0.65767657E+01
  0.74821301E+01  0.82577501E+01  0.89155953E+01  0.94662009E+01  0.99141747E+01
  0.10267018E+02  0.10530194E+02  0.10712281E+02  0.10819706E+02  0.10859081E+02
  0.10836917E+02  0.10760670E+02  0.10636729E+02  0.10472949E+02  0.10273744E+02
  0.10043643E+02  0.97854806E+01  0.95038034E+01  0.92026930E+01  0.88864582E+01
  0.85590740E+01  0.82243707E+01  0.78856271E+01  0.75461932E+01  0.72087323E+01
  0.68756919E+01  0.65487825E+01  0.62296602E+01  0.59195467E+01  0.56193228E+01
  0.53294155E+01  0.50501746E+01  0.47817137E+01  0.45240421E+01  0.42770636E+01
  0.40406695E+01  0.38146699E+01  0.35988053E+01  0.33928080E+01  0.31964071E+01
  0.30093265E+01  0.28313479E+01  0.26622415E+01  0.25016806E+01  0.23493823E+01
  0.22049475E+01  0.20680682E+01  0.19383984E+01  0.18156391E+01  0.16994714E+01
  0.15896159E+01  0.14858100E+01  0.13878075E+01  0.12953892E+01  0.12083347E+01
  0.11264086E+01  0.10493830E+01  0.97704479E+00  0.90918294E+00  0.84556404E+00
  0.78595132E+00  0.73013510E+00  0.67790724E+00  0.62908674E+00  0.58348748E+00
  0.54090315E+00  0.50115084E+00  0.46404999E+00  0.42944450E+00  0.39720133E+00
  0.36715462E+00  0.33915745E+00  0.31306322E+00  0.28874793E+00  0.26610077E+00
  0.24500956E+00  0.22536054E+00  0.20706141E+00  0.19004008E+00  0.17423023E+00
  0.15957255E+00  0.14597953E+00  0.13338101E+00  0.12171789E+00  0.11095057E+00
  0.10101112E+00  0.91832959E-01  0.83338637E-01  0.75482430E-01  0.68262611E-01
  0.61638423E-01  0.55579653E-01  0.50039316E-01  0.44973386E-01  0.40361575E-01
  0.36176078E-01  0.32378052E-01  0.28909247E-01  0.25735397E-01  0.22850504E-01
  0.20267173E-01  0.17968541E-01  0.15912650E-01  0.14071213E-01  0.12435846E-01
  0.11020754E-01  0.98272556E-02  0.88248754E-02  0.79778267E-02  0.72513385E-02
  0.66150999E-02  0.60805838E-02  0.56415219E-02  0.52636677E-02  0.49400843E-02
  0.46653601E-02  0.44309289E-02  0.42305991E-02  0.40648130E-02  0.39136732E-02
  0.37508546E-02  0.35637840E-02  0.33421813E-02  0.30992082E-02
  0.10000000E+01  0.28015992E+01  0.43623848E+01  0.57086965E+01  0.68914054E+01
  0.79399051E+01  0.88751200E+01  0.97059522E+01  0.10439703E+02  0.11078653E+02
  0.11628181E+02  0.12091805E+02  0.12475892E+02  0.12784722E+02  0.13023219E+02
  0.13195762E+02  0.13307434E+02  0.13362488E+02  0.13366430E+02  0.13322749E+02
  0.13235275E+02  0.13106930E+02  0.12941899E+02  0.12744126E+02  0.12517835E+02
  0.12267099E+02  0.11995926E+02  0.11707925E+02  0.11406774E+02  0.11095624E+02
  0.10777471E+02  0.10454699E+02  0.10129616E+02  0.98041336E+01  0.94798606E+01
  0.91579890E+01  0.88396416E+01  0.85256324E+01  0.82166215E+01  0.79131757E+01
  0.76158081E+01  0.73249128E+01  0.70407878E+01  0.67636776E+01  0.64937448E+01
  0.62310984E+01  0.59758568E+01  0.57280911E+01  0.54877493E+01  0.52548256E+01
  0.50291758E+01  0.48107119E+01  0.45992888E+01  0.43948184E+01  0.41971737E+01
  0.40062437E+01  0.38219096E+01  0.36440750E+01  0.34726716E+01  0.33076250E+01
  0.31488543E+01  0.29962614E+01  0.28497234E+01  0.27090962E+01  0.25742486E+01
  0.24450604E+01  0.23214167E+01  0.22032169E+01  0.20903397E+01  0.19826314E+01
  0.18799213E+01  0.17820432E+01  0.16888466E+01  0.16001489E+01  0.15157702E+01
  0.14355336E+01  0.13592481E+01  0.12867399E+01  0.12178206E+01  0.11523088E+01
  0.10900051E+01  0.10307429E+01  0.97437359E+00  0.92076688E+00  0.86981048E+00
  0.82141154E+00  0.77546715E+00  0.73185612E+00  0.69047748E+00  0.65121690E+00
  0.61396002E+00  0.57861573E+00  0.54508649E+00  0.51331354E+00  0.48324804E+00
  0.45479129E+00  0.42787973E+00  0.40245212E+00  0.37842051E+00  0.35570458E+00
  0.33422088E+00  0.31389191E+00  0.29463257E+00  0.27636894E+00  0.25907491E+00
  0.24271712E+00  0.22730114E+00  0.21279426E+00  0.19917384E+00  0.18639670E+00
  0.17440631E+00  0.16315563E+00  0.15261740E+00  0.14276987E+00  0.13358124E+00
  0.12503158E+00  0.11707298E+00  0.10967487E+00  0.10279791E+00  0.96401058E-01
  0.90410316E-01  0.84793154E-01  0.79486022E-01  0.74435384E-01  0.69648173E-01
  0.65094016E-01  0.60778632E-01  0.56712393E-01  0.52906021E-01
  0.10000000E+01  0.28185088E+01  0.44210598E+01  0.58295999E+01  0.70901115E+01
  0.82287058E+01  0.92651764E+01  0.10207280E+02  0.11061586E+02  0.11829028E+02
  0.12513974E+02  0.13118528E+02  0.13648033E+02  0.14105486E+02  0.14495125E+02
  0.14820092E+02  0.15084487E+02  0.15291337E+02  0.15444990E+02  0.15548091E+02
  0.15603811E+02  0.15614540E+02  0.15583823E+02  0.15514969E+02  0.15411645E+02
  0.15277384E+02  0.15115767E+02  0.14930048E+02  0.14723570E+02  0.14499258E+02
  0.14259969E+02  0.14008091E+02  0.13745959E+02  0.13475576E+02  0.13198668E+02
  0.12916638E+02  0.12630830E+02  0.12342337E+02  0.12052134E+02  0.11761096E+02
  0.11470021E+02  0.11179589E+02  0.10890409E+02  0.10603038E+02  0.10317940E+02
  0.10035526E+02  0.97561864E+01  0.94802577E+01  0.92079836E+01  0.89396360E+01
  0.86753410E+01  0.84152694E+01  0.81595150E+01  0.79082053E+01  0.76614522E+01
  0.74193718E+01  0.71820673E+01  0.69496269E+01  0.67221623E+01  0.64997791E+01
  0.62825574E+01  0.60705487E+01  0.58637873E+01  0.56622945E+01  0.54660605E+01
  0.52750848E+01  0.50893881E+01  0.49089953E+01  0.47339169E+01  0.45641279E+01
  0.43995849E+01  0.42402554E+01  0.40860728E+01  0.39369620E+01  0.37928396E+01
  0.36536210E+01  0.35191940E+01  0.33894178E+01  0.32641263E+01  0.31431443E+01
  0.30263242E+01  0.29135464E+01  0.28046869E+01  0.26996554E+01  0.25983534E+01
  0.25006712E+01  0.24065324E+01  0.23158377E+01  0.22284736E+01  0.21443058E+01
  0.20631838E+01  0.19849510E+01  0.19095174E+01  0.18368106E+01  0.17667814E+01
  0.16993613E+01  0.16344682E+01  0.15719903E+01  0.15118494E+01  0.14539313E+01
  0.13980948E+01  0.13442288E+01  0.12921934E+01  0.12419224E+01  0.11933891E+01
  0.11465957E+01  0.11015502E+01  0.10582728E+01  0.10167370E+01  0.97688358E+00
  0.93863920E+00  0.90189943E+00  0.86658405E+00  0.83263323E+00  0.79999701E+00
  0.76863619E+00  0.73848968E+00  0.70949740E+00  0.68161778E+00  0.65480634E+00
  0.62904564E+00  0.60426424E+00  0.58039148E+00  0.55735847E+00  0.53511478E+00
  0.51363674E+00  0.49293097E+00  0.47300995E+00  0.45384732E+00
  0.10000000E+01  0.28437280E+01  0.45087018E+01  0.60107578E+01  0.73891713E+01
  0.86648832E+01  0.98555667E+01  0.10966561E+02  0.12003386E+02  0.12964777E+02
  0.13854011E+02  0.14670940E+02  0.15419642E+02  0.16101046E+02  0.16718577E+02
  0.17273525E+02  0.17768863E+02  0.18205929E+02  0.18587737E+02  0.18915788E+02
  0.19192542E+02  0.19419676E+02  0.19599981E+02  0.19735869E+02  0.19830260E+02
  0.19885883E+02  0.19905675E+02  0.19892278E+02  0.19848519E+02  0.19776910E+02
  0.19680005E+02  0.19560000E+02  0.19419096E+02  0.19259259E+02  0.19082313E+02
  0.18889852E+02  0.18683432E+02  0.18464401E+02  0.18233994E+02  0.17993377E+02
  0.17743690E+02  0.17485971E+02  0.17221158E+02  0.16950140E+02  0.16673700E+02
  0.16392572E+02  0.16107457E+02  0.15819021E+02  0.15527836E+02  0.15234495E+02
  0.14939477E+02  0.14643278E+02  0.14346337E+02  0.14049119E+02  0.13752030E+02
  0.13455481E+02  0.13159866E+02  0.12865558E+02  0.12572989E+02  0.12282531E+02
  0.11994497E+02  0.11709191E+02  0.11426895E+02  0.11147874E+02  0.10872355E+02
  0.10600556E+02  0.10332715E+02  0.10069064E+02  0.98098059E+01  0.95551174E+01
  0.93051538E+01  0.90600662E+01  0.88199686E+01  0.85849492E+01  0.83550552E+01
  0.81303246E+01  0.79107709E+01  0.76963417E+01  0.74869513E+01  0.72825344E+01
  0.70830024E+01  0.68882713E+01  0.66982874E+01  0.65130053E+01  0.63323925E+01
  0.61564169E+01  0.59850574E+01  0.58182562E+01  0.56559174E+01  0.54979035E+01
  0.53440520E+01  0.51942223E+01  0.50483136E+01  0.49062668E+01  0.47680385E+01
  0.46335667E+01  0.45027874E+01  0.43756183E+01  0.42519473E+01  0.41316639E+01
  0.40146217E+01  0.39006320E+01  0.37895329E+01  0.36812033E+01  0.35756151E+01
  0.34728132E+01  0.33728548E+01  0.32757600E+01  0.31814872E+01  0.30899637E+01
  0.30010891E+01  0.29147731E+01  0.28309108E+01  0.27494120E+01  0.26701730E+01
  0.25930888E+01  0.25181129E+01  0.24451902E+01  0.23742923E+01  0.23054026E+01
  0.22384214E+01  0.21732532E+01  0.21097883E+01  0.20479507E+01  0.19877094E+01
  0.19290540E+01  0.18719730E+01  0.18164488E+01  0.17624665E+01
  0.10000000E+01  0.28620518E+01  0.45726612E+01  0.61430705E+01  0.76082946E+01
  0.89852481E+01  0.10290631E+02  0.11527932E+02  0.12702919E+02  0.13812627E+02
  0.14860224E+02  0.15843704E+02  0.16766753E+02  0.17628672E+02  0.18432661E+02
  0.19178619E+02  0.19869121E+02  0.20504325E+02  0.21086625E+02  0.21616594E+02
  0.22096236E+02  0.22526474E+02  0.22909473E+02  0.23246770E+02  0.23540616E+02
  0.23792875E+02  0.24005808E+02  0.24181339E+02  0.24321645E+02  0.24428625E+02
  0.24504318E+02  0.24550498E+02  0.24569002E+02  0.24561483E+02  0.24529561E+02
  0.24474686E+02  0.24398304E+02  0.24301694E+02  0.24186089E+02  0.24052671E+02
  0.23902611E+02  0.23737002E+02  0.23556887E+02  0.23363242E+02  0.23156971E+02
  0.22938926E+02  0.22709931E+02  0.22470806E+02  0.22222310E+02  0.21965215E+02
  0.21700211E+02  0.21427986E+02  0.21149177E+02  0.20864450E+02  0.20574444E+02
  0.20279759E+02  0.19980985E+02  0.19678713E+02  0.19373509E+02  0.19065958E+02
  0.18756583E+02  0.18445885E+02  0.18134376E+02  0.17822508E+02  0.17510716E+02
  0.17199415E+02  0.16889020E+02  0.16579960E+02  0.16272628E+02  0.15967378E+02
  0.15664531E+02  0.15364413E+02  0.15067304E+02  0.14773450E+02  0.14483068E+02
  0.14196361E+02  0.13913496E+02  0.13634573E+02  0.13359662E+02  0.13088810E+02
  0.12822058E+02  0.12559446E+02  0.12301018E+02  0.12046862E+02  0.11797046E+02
  0.11551603E+02  0.11310574E+02  0.11073977E+02  0.10841787E+02  0.10613936E+02
  0.10390349E+02  0.10170947E+02  0.99556694E+01  0.97444861E+01  0.95374135E+01
  0.93344665E+01  0.91356198E+01  0.89408192E+01  0.87500018E+01  0.85630464E+01
  0.83798113E+01  0.82001352E+01  0.80238510E+01  0.78508603E+01  0.76811355E+01
  0.75147341E+01  0.73517524E+01  0.71922356E+01  0.70362250E+01  0.68836568E+01
  0.67344114E+01  0.65883761E+01  0.64454165E+01  0.63054134E+01  0.61682727E+01
  0.60339337E+01  0.59023271E+01  0.57734283E+01  0.56472220E+01  0.55236599E+01
  0.54026698E+01  0.52841547E+01  0.51680181E+01  0.50541854E+01  0.49426191E+01
  0.48333034E+01  0.47262190E+01  0.46213347E+01  0.45186309E+01
  0.10000000E+01  0.28779876E+01  0.46284868E+01  0.62587556E+01  0.78004334E+01
  0.92666478E+01  0.10673364E+02  0.12022158E+02  0.13319533E+02  0.14560971E+02
  0.15750063E+02  0.16883121E+02  0.17963878E+02  0.18990177E+02  0.19965256E+02
  0.20887840E+02  0.21760408E+02  0.22582187E+02  0.23355263E+02  0.24079441E+02
  0.24756431E+02  0.25386485E+02  0.25971285E+02  0.26511607E+02  0.27009102E+02
  0.27464863E+02  0.27880528E+02  0.28257312E+02  0.28596773E+02  0.28900187E+02
  0.29169030E+02  0.29404573E+02  0.29608201E+02  0.29781147E+02  0.29924692E+02
  0.30039978E+02  0.30128209E+02  0.30190430E+02  0.30227711E+02  0.30241086E+02
  0.30231614E+02  0.30200305E+02  0.30148129E+02  0.30076006E+02  0.29984820E+02
  0.29875400E+02  0.29748583E+02  0.29605217E+02  0.29446108E+02  0.29272080E+02
  0.29083903E+02  0.28882350E+02  0.28668161E+02  0.28442118E+02  0.28204979E+02
  0.27957466E+02  0.27700284E+02  0.27434138E+02  0.27159731E+02  0.26877763E+02
  0.26588891E+02  0.26293776E+02  0.25993079E+02  0.25687409E+02  0.25377342E+02
  0.25063436E+02  0.24746264E+02  0.24426393E+02  0.24104379E+02  0.23780722E+02
  0.23455901E+02  0.23130395E+02  0.22804653E+02  0.22479104E+02  0.22154128E+02
  0.21830076E+02  0.21507261E+02  0.21185927E+02  0.20866282E+02  0.20548545E+02
  0.20232920E+02  0.19919592E+02  0.19608751E+02  0.19300577E+02  0.18995255E+02
  0.18692954E+02  0.18393812E+02  0.18097952E+02  0.17805474E+02  0.17516407E+02
  0.17230739E+02  0.16948471E+02  0.16669637E+02  0.16394293E+02  0.16122508E+02
  0.15854374E+02  0.15589948E+02  0.15329233E+02  0.15072231E+02  0.14818907E+02
  0.14569181E+02  0.14322930E+02  0.14080043E+02  0.13840429E+02  0.13604112E+02
  0.13371207E+02  0.13141822E+02  0.12916078E+02  0.12693998E+02  0.12475536E+02
  0.12260592E+02  0.12049034E+02  0.11840771E+02  0.11635719E+02  0.11433817E+02
  0.11235013E+02  0.11039263E+02  0.10846560E+02  0.10656910E+02  0.10470293E+02
  0.10286656E+02  0.10105936E+02  0.99280181E+01  0.97528470E+01  0.95803798E+01
  0.94105946E+01  0.92434975E+01  0.90790460E+01  0.89172177E+01
  0.10000000E+01  0.28892568E+01  0.46683625E+01  0.63417006E+01  0.79389979E+01
  0.94703809E+01  0.10951517E+02  0.12382184E+02  0.13769924E+02  0.15109029E+02
  0.16403924E+02  0.17649763E+02  0.18850686E+02  0.20003578E+02  0.21111847E+02
  0.22173480E+02  0.23190984E+02  0.24163067E+02  0.25091685E+02  0.25976198E+02
  0.26818118E+02  0.27617293E+02  0.28375076E+02  0.29091771E+02  0.29768613E+02
  0.30406212E+02  0.31005753E+02  0.31567992E+02  0.32094016E+02  0.32584646E+02
  0.33040938E+02  0.33463748E+02  0.33854075E+02  0.34212751E+02  0.34540710E+02
  0.34838759E+02  0.35107780E+02  0.35348544E+02  0.35561874E+02  0.35748536E+02
  0.35909372E+02  0.36045131E+02  0.36156591E+02  0.36244484E+02  0.36309550E+02
  0.36352474E+02  0.36373963E+02  0.36374725E+02  0.36355467E+02  0.36316897E+02
  0.36259714E+02  0.36184617E+02  0.36092289E+02  0.35983448E+02  0.35858786E+02
  0.35718969E+02  0.35564689E+02  0.35396628E+02  0.35215470E+02  0.35021907E+02
  0.34816607E+02  0.34600225E+02  0.34373427E+02  0.34136869E+02  0.33891191E+02
  0.33637004E+02  0.33374924E+02  0.33105557E+02  0.32829488E+02  0.32547285E+02
  0.32259507E+02  0.31966702E+02  0.31669408E+02  0.31368137E+02  0.31063356E+02
  0.30755502E+02  0.30444991E+02  0.30132199E+02  0.29817468E+02  0.29501149E+02
  0.29183561E+02  0.28865014E+02  0.28545819E+02  0.28226284E+02  0.27906711E+02
  0.27587369E+02  0.27268506E+02  0.26950333E+02  0.26633055E+02  0.26316815E+02
  0.26001756E+02  0.25688020E+02  0.25375730E+02  0.25065054E+02  0.24756140E+02
  0.24449165E+02  0.24144264E+02  0.23841557E+02  0.23541163E+02  0.23243128E+02
  0.22947462E+02  0.22654129E+02  0.22363078E+02  0.22074311E+02  0.21787897E+02
  0.21503991E+02  0.21222743E+02  0.20944285E+02  0.20668711E+02  0.20396026E+02
  0.20126197E+02  0.19859186E+02  0.19594927E+02  0.19333362E+02  0.19074480E+02
  0.18818257E+02  0.18564705E+02  0.18313867E+02  0.18065784E+02  0.17820442E+02
  0.17577838E+02  0.17337890E+02  0.17100523E+02  0.16865722E+02  0.16633478E+02
  0.16403815E+02  0.16176748E+02  0.15952253E+02  0.15730297E+02
  0.10000000E+01  0.28992912E+01  0.47040256E+01  0.64160901E+01  0.80634852E+01
  0.96536129E+01  0.11201721E+02  0.12705889E+02  0.14174456E+02  0.15600733E+02
  0.16989842E+02  0.18336088E+02  0.19643879E+02  0.20909451E+02  0.22136230E+02
  0.23321762E+02  0.24468420E+02  0.25574615E+02  0.26642074E+02  0.27669911E+02
  0.28659396E+02  0.29610156E+02  0.30523207E+02  0.31398558E+02  0.32237073E+02
  0.33039042E+02  0.33805249E+02  0.34536135E+02  0.35232407E+02  0.35894555E+02
  0.36523274E+02  0.37119123E+02  0.37682780E+02  0.38214775E+02  0.38715771E+02
  0.39186281E+02  0.39626954E+02  0.40038298E+02  0.40420938E+02  0.40775411E+02
  0.41102347E+02  0.41402299E+02  0.41675860E+02  0.41923566E+02  0.42146002E+02
  0.42343688E+02  0.42517203E+02  0.42667118E+02  0.42794012E+02  0.42898452E+02
  0.42981026E+02  0.43042315E+02  0.43082915E+02  0.43103443E+02  0.43104527E+02
  0.43086759E+02  0.43050736E+02  0.42997063E+02  0.42926357E+02  0.42839245E+02
  0.42736355E+02  0.42618312E+02  0.42485746E+02  0.42339280E+02  0.42179539E+02
  0.42007116E+02  0.41822604E+02  0.41626620E+02  0.41419753E+02  0.41202590E+02
  0.40975707E+02  0.40739675E+02  0.40495058E+02  0.40242413E+02  0.39982271E+02
  0.39715125E+02  0.39441460E+02  0.39161709E+02  0.38876288E+02  0.38585626E+02
  0.38290149E+02  0.37990271E+02  0.37686387E+02  0.37378892E+02  0.37068176E+02
  0.36754580E+02  0.36438441E+02  0.36120080E+02  0.35799787E+02  0.35477844E+02
  0.35154480E+02  0.34829935E+02  0.34504456E+02  0.34178287E+02  0.33851659E+02
  0.33524826E+02  0.33198039E+02  0.32871506E+02  0.32545403E+02  0.32219891E+02
  0.31895071E+02  0.31571010E+02  0.31247768E+02  0.30925419E+02  0.30604099E+02
  0.30283999E+02  0.29965306E+02  0.29648205E+02  0.29332839E+02  0.29019289E+02
  0.28707592E+02  0.28397770E+02  0.28089812E+02  0.27783717E+02  0.27479511E+02
  0.27177229E+02  0.26876928E+02  0.26578683E+02  0.26282547E+02  0.25988545E+02
  0.25696688E+02  0.25406962E+02  0.25119363E+02  0.24833902E+02  0.24550617E+02
  0.24269551E+02  0.23990735E+02  0.23714138E+02  0.23439747E+02
  0.10000000E+01  0.29036683E+01  0.47199432E+01  0.64498719E+01  0.81207245E+01
  0.97388028E+01  0.11318871E+02  0.12858318E+02  0.14365616E+02  0.15834005E+02
  0.17268769E+02  0.18664308E+02  0.20024978E+02  0.21347189E+02  0.22634137E+02
  0.23883584E+02  0.25097636E+02  0.26274920E+02  0.27416875E+02  0.28522799E+02
  0.29593679E+02  0.30629251E+02  0.31630294E+02  0.32596871E+02  0.33529619E+02
  0.34428833E+02  0.35295094E+02  0.36128816E+02  0.36930512E+02  0.37700629E+02
  0.38439701E+02  0.39148187E+02  0.39826627E+02  0.40475435E+02  0.41095149E+02
  0.41686157E+02  0.42248987E+02  0.42784018E+02  0.43291758E+02  0.43772605E+02
  0.44227073E+02  0.44655564E+02  0.45058576E+02  0.45436507E+02  0.45789843E+02
  0.46118966E+02  0.46424363E+02  0.46706441E+02  0.46965694E+02  0.47202545E+02
  0.47417475E+02  0.47610931E+02  0.47783403E+02  0.47935374E+02  0.48067340E+02
  0.48179773E+02  0.48273147E+02  0.48347956E+02  0.48404698E+02  0.48443868E+02
  0.48465993E+02  0.48471587E+02  0.48461152E+02  0.48435224E+02  0.48394308E+02
  0.48338907E+02  0.48269531E+02  0.48186686E+02  0.48090873E+02  0.47982590E+02
  0.47862336E+02  0.47730606E+02  0.47587905E+02  0.47434730E+02  0.47271544E+02
  0.47098800E+02  0.46916918E+02  0.46726293E+02  0.46527320E+02  0.46320401E+02
  0.46105945E+02  0.45884344E+02  0.45655989E+02  0.45421266E+02  0.45180564E+02
  0.44934237E+02  0.44682616E+02  0.44426041E+02  0.44164831E+02  0.43899281E+02
  0.43629661E+02  0.43356253E+02  0.43079323E+02  0.42799156E+02  0.42516037E+02
  0.42230240E+02  0.41942046E+02  0.41651708E+02  0.41359462E+02  0.41065500E+02
  0.40769993E+02  0.40473074E+02  0.40174874E+02  0.39875546E+02  0.39575264E+02
  0.39274250E+02  0.38972712E+02  0.38670863E+02  0.38368895E+02  0.38066954E+02
  0.37765147E+02  0.37463565E+02  0.37162254E+02  0.36861280E+02  0.36560715E+02
  0.36260627E+02  0.35961119E+02  0.35662301E+02  0.35364277E+02  0.35067119E+02
  0.34770878E+02  0.34475591E+02  0.34181297E+02  0.33888035E+02  0.33595878E+02
  0.33304897E+02  0.33015150E+02  0.32726658E+02  0.32439445E+02
  0.10000000E+01  0.29086171E+01  0.47377462E+01  0.64875513E+01  0.81842922E+01
  0.98331837E+01  0.11448341E+02  0.13026560E+02  0.14576265E+02  0.16090636E+02
  0.17574989E+02  0.19023760E+02  0.20441190E+02  0.21823768E+02  0.23174470E+02
  0.24491163E+02  0.25775688E+02  0.27026803E+02  0.28245669E+02  0.29431666E+02
  0.30585551E+02  0.31707103E+02  0.32796871E+02  0.33854927E+02  0.34881690E+02
  0.35877419E+02  0.36842493E+02  0.37777271E+02  0.38682083E+02  0.39557303E+02
  0.40403293E+02  0.41220436E+02  0.42009119E+02  0.42769663E+02  0.43502485E+02
  0.44207871E+02  0.44886248E+02  0.45537873E+02  0.46163178E+02  0.46762445E+02
  0.47336113E+02  0.47884454E+02  0.48407911E+02  0.48906766E+02  0.49381423E+02
  0.49832154E+02  0.50259378E+02  0.50663379E+02  0.51044590E+02  0.51403328E+02
  0.51740006E+02  0.52054976E+02  0.52348640E+02  0.52621381E+02  0.52873600E+02
  0.53105668E+02  0.53317986E+02  0.53510959E+02  0.53685004E+02  0.53840556E+02
  0.53978034E+02  0.54097864E+02  0.54200464E+02  0.54286274E+02  0.54355723E+02
  0.54409245E+02  0.54447277E+02  0.54470246E+02  0.54478587E+02  0.54472714E+02
  0.54453054E+02  0.54420051E+02  0.54374132E+02  0.54315757E+02  0.54245331E+02
  0.54163255E+02  0.54069920E+02  0.53965684E+02  0.53850907E+02  0.53725972E+02
  0.53591266E+02  0.53447155E+02  0.53294032E+02  0.53132258E+02  0.52962202E+02
  0.52784209E+02  0.52598620E+02  0.52405760E+02  0.52205940E+02  0.51999473E+02
  0.51786653E+02  0.51567750E+02  0.51343067E+02  0.51112903E+02  0.50877556E+02
  0.50637319E+02  0.50392478E+02  0.50143323E+02  0.49890123E+02  0.49633105E+02
  0.49372491E+02  0.49108477E+02  0.48841234E+02  0.48570955E+02  0.48297860E+02
  0.48022188E+02  0.47744176E+02  0.47464066E+02  0.47182087E+02  0.46898418E+02
  0.46613220E+02  0.46326616E+02  0.46038716E+02  0.45749628E+02  0.45459476E+02
  0.45168378E+02  0.44876472E+02  0.44583899E+02  0.44290794E+02  0.43997276E+02
  0.43703422E+02  0.43409339E+02  0.43115109E+02  0.42820819E+02  0.42526582E+02
  0.42232478E+02  0.41938573E+02  0.41644943E+02  0.41351639E+02
  0.10000000E+01  0.29103158E+01  0.47440592E+01  0.65014481E+01  0.82083154E+01
  0.98697477E+01  0.11499334E+02  0.13093833E+02  0.14661409E+02  0.16195477E+02
  0.17701248E+02  0.19173405E+02  0.20616126E+02  0.22026103E+02  0.23406224E+02
  0.24754505E+02  0.26072716E+02  0.27359730E+02  0.28616651E+02  0.29842941E+02
  0.31039281E+02  0.32205501E+02  0.33342099E+02  0.34449167E+02  0.35527094E+02
  0.36576149E+02  0.37596681E+02  0.38589040E+02  0.39553540E+02  0.40490536E+02
  0.41400381E+02  0.42283415E+02  0.43139994E+02  0.43970424E+02  0.44775085E+02
  0.45554221E+02  0.46308218E+02  0.47037290E+02  0.47741845E+02  0.48422092E+02
  0.49078452E+02  0.49711119E+02  0.50320524E+02  0.50906848E+02  0.51470517E+02
  0.52011697E+02  0.52530800E+02  0.53028036E+02  0.53503810E+02  0.53958337E+02
  0.54391997E+02  0.54805053E+02  0.55197882E+02  0.55570788E+02  0.55924129E+02
  0.56258206E+02  0.56573358E+02  0.56869918E+02  0.57148212E+02  0.57408610E+02
  0.57651467E+02  0.57877147E+02  0.58085995E+02  0.58278399E+02  0.58454701E+02
  0.58615252E+02  0.58760415E+02  0.58890559E+02  0.59006034E+02  0.59107205E+02
  0.59194426E+02  0.59268065E+02  0.59328483E+02  0.59376047E+02  0.59411110E+02
  0.59434016E+02  0.59445086E+02  0.59444633E+02  0.59432949E+02  0.59410343E+02
  0.59377150E+02  0.59333681E+02  0.59280269E+02  0.59217239E+02  0.59144922E+02
  0.59063603E+02  0.58973586E+02  0.58875133E+02  0.58768514E+02  0.58654016E+02
  0.58531885E+02  0.58402394E+02  0.58265816E+02  0.58122397E+02  0.57972415E+02
  0.57816120E+02  0.57653781E+02  0.57485665E+02  0.57312028E+02  0.57133103E+02
  0.56949109E+02  0.56760216E+02  0.56566590E+02  0.56368419E+02  0.56165923E+02
  0.55959327E+02  0.55748875E+02  0.55534822E+02  0.55317364E+02  0.55096695E+02
  0.54872971E+02  0.54646319E+02  0.54416876E+02  0.54184767E+02  0.53950136E+02
  0.53713123E+02  0.53473876E+02  0.53232560E+02  0.52989309E+02  0.52744239E+02
  0.52497488E+02  0.52249160E+02  0.51999369E+02  0.51748226E+02  0.51495844E+02
  0.51242321E+02  0.50987762E+02  0.50732265E+02  0.50475899E+02
  0.10000000E+01  0.29133690E+01  0.47550914E+01  0.65250562E+01  0.82483878E+01
  0.99296201E+01  0.11581794E+02  0.13201354E+02  0.14796300E+02  0.16360033E+02
  0.17897773E+02  0.19404227E+02  0.20883549E+02  0.22332441E+02  0.23753750E+02
  0.25145499E+02  0.26509379E+02  0.27844282E+02  0.29151228E+02  0.30429696E+02
  0.31680283E+02  0.32902830E+02  0.34097759E+02  0.35265153E+02  0.36405321E+02
  0.37518502E+02  0.38604971E+02  0.39665046E+02  0.40698980E+02  0.41707100E+02
  0.42689680E+02  0.43647016E+02  0.44579411E+02  0.45487122E+02  0.46370471E+02
  0.47229655E+02  0.48065017E+02  0.48876714E+02  0.49665125E+02  0.50430385E+02
  0.51172879E+02  0.51892730E+02  0.52590364E+02  0.53265865E+02  0.53919661E+02
  0.54551818E+02  0.55162753E+02  0.55752566E+02  0.56321670E+02  0.56870175E+02
  0.57398467E+02  0.57906710E+02  0.58395261E+02  0.58864342E+02  0.59314273E+02
  0.59745286E+02  0.60157686E+02  0.60551750E+02  0.60927747E+02  0.61285999E+02
  0.61626789E+02  0.61950437E+02  0.62257222E+02  0.62547481E+02  0.62821490E+02
  0.63079576E+02  0.63322022E+02  0.63549151E+02  0.63761247E+02  0.63958620E+02
  0.64141574E+02  0.64310430E+02  0.64465505E+02  0.64607108E+02  0.64735547E+02
  0.64851103E+02  0.64954068E+02  0.65044708E+02  0.65123278E+02  0.65190054E+02
  0.65245342E+02  0.65289410E+02  0.65322549E+02  0.65345055E+02  0.65357208E+02
  0.65359280E+02  0.65351546E+02  0.65334258E+02  0.65307661E+02  0.65272013E+02
  0.65227556E+02  0.65174524E+02  0.65113165E+02  0.65043728E+02  0.64966464E+02
  0.64881603E+02  0.64789420E+02  0.64690157E+02  0.64584046E+02  0.64471328E+02
  0.64352205E+02  0.64226862E+02  0.64095475E+02  0.63958229E+02  0.63815345E+02
  0.63667037E+02  0.63513571E+02  0.63355173E+02  0.63192069E+02  0.63024450E+02
  0.62852487E+02  0.62676315E+02  0.62496076E+02  0.62311917E+02  0.62123996E+02
  0.61932470E+02  0.61737495E+02  0.61539255E+02  0.61337892E+02  0.61133537E+02
  0.60926334E+02  0.60716411E+02  0.60503899E+02  0.60288928E+02  0.60071628E+02
  0.59852119E+02  0.59630517E+02  0.59406925E+02  0.59181443E+02
  0.10000000E+01  0.29145950E+01  0.47597288E+01  0.65354007E+01  0.82664941E+01
  0.99574163E+01  0.11620902E+02  0.13253292E+02  0.14862489E+02  0.16441905E+02
  0.17996837E+02  0.19521986E+02  0.21021635E+02  0.22492453E+02  0.23937401E+02
  0.25354461E+02  0.26745417E+02  0.28109144E+02  0.29446707E+02  0.30757573E+02
  0.32042347E+02  0.33300861E+02  0.34533535E+02  0.35740460E+02  0.36921937E+02
  0.38078214E+02  0.39209550E+02  0.40316270E+02  0.41398615E+02  0.42456898E+02
  0.43491381E+02  0.44502358E+02  0.45490107E+02  0.46454869E+02  0.47396955E+02
  0.48316540E+02  0.49213960E+02  0.50089333E+02  0.50943034E+02  0.51775128E+02
  0.52586040E+02  0.53375788E+02  0.54144840E+02  0.54893190E+02  0.55621313E+02
  0.56329169E+02  0.57017242E+02  0.57685500E+02  0.58334407E+02  0.58963970E+02
  0.59574598E+02  0.60166371E+02  0.60739663E+02  0.61294620E+02  0.61831552E+02
  0.62350650E+02  0.62852167E+02  0.63336356E+02  0.63803430E+02  0.64253686E+02
  0.64687326E+02  0.65104664E+02  0.65505909E+02  0.65891369E+02  0.66261259E+02
  0.66615884E+02  0.66955465E+02  0.67280293E+02  0.67590598E+02  0.67886648E+02
  0.68168701E+02  0.68437021E+02  0.68691876E+02  0.68933535E+02  0.69162260E+02
  0.69378272E+02  0.69581836E+02  0.69773149E+02  0.69952449E+02  0.70119951E+02
  0.70275905E+02  0.70420547E+02  0.70554113E+02  0.70676838E+02  0.70788983E+02
  0.70890766E+02  0.70982432E+02  0.71064199E+02  0.71136273E+02  0.71198862E+02
  0.71252189E+02  0.71296426E+02  0.71331785E+02  0.71358485E+02  0.71376747E+02
  0.71386766E+02  0.71388780E+02  0.71382988E+02  0.71369608E+02  0.71348826E+02
  0.71320823E+02  0.71285774E+02  0.71243844E+02  0.71195193E+02  0.71140032E+02
  0.71078544E+02  0.71010952E+02  0.70937457E+02  0.70858278E+02  0.70773581E+02
  0.70683525E+02  0.70588270E+02  0.70487941E+02  0.70382654E+02  0.70272559E+02
  0.70157788E+02  0.70038507E+02  0.69914892E+02  0.69787080E+02  0.69655218E+02
  0.69519443E+02  0.69379872E+02  0.69236632E+02  0.69089849E+02  0.68939667E+02
  0.68786204E+02  0.68629601E+02  0.68469966E+02  0.68307400E+02
  0.10000000E+01  0.29161939E+01  0.47655896E+01  0.65480464E+01  0.82881739E+01
  0.99900319E+01  0.11666187E+02  0.13312692E+02  0.14937495E+02  0.16533828E+02
  0.18107147E+02  0.19651982E+02  0.21172789E+02  0.22666072E+02  0.24134935E+02
  0.25577215E+02  0.26994801E+02  0.28386458E+02  0.29753309E+02  0.31094748E+02
  0.32411404E+02  0.33703074E+02  0.34970161E+02  0.36212733E+02  0.37431067E+02
  0.38625388E+02  0.39795925E+02  0.40942987E+02  0.42066774E+02  0.43167589E+02
  0.44245661E+02  0.45301260E+02  0.46334638E+02  0.47346024E+02  0.48335711E+02
  0.49303844E+02  0.50250742E+02  0.51176485E+02  0.52081450E+02  0.52965652E+02
  0.53829522E+02  0.54673019E+02  0.55496660E+02  0.56300340E+02  0.57084596E+02
  0.57849282E+02  0.58594931E+02  0.59321428E+02  0.60029281E+02  0.60718421E+02
  0.61389295E+02  0.62041914E+02  0.62676661E+02  0.63293628E+02  0.63893127E+02
  0.64475310E+02  0.65040426E+02  0.65588702E+02  0.66120329E+02  0.66635589E+02
  0.67134649E+02  0.67617802E+02  0.68085221E+02  0.68537217E+02  0.68973957E+02
  0.69395738E+02  0.69802751E+02  0.70195267E+02  0.70573475E+02  0.70937635E+02
  0.71287980E+02  0.71624753E+02  0.71948205E+02  0.72258563E+02  0.72556073E+02
  0.72840932E+02  0.73113379E+02  0.73373604E+02  0.73621802E+02  0.73858190E+02
  0.74083001E+02  0.74296416E+02  0.74498694E+02  0.74690020E+02  0.74870630E+02
  0.75040727E+02  0.75200546E+02  0.75350262E+02  0.75490084E+02  0.75620190E+02
  0.75740786E+02  0.75852030E+02  0.75954126E+02  0.76047263E+02  0.76131643E+02
  0.76207445E+02  0.76274878E+02  0.76334128E+02  0.76385401E+02  0.76428869E+02
  0.76464710E+02  0.76493082E+02  0.76514130E+02  0.76527998E+02  0.76534876E+02
  0.76534957E+02  0.76528436E+02  0.76515506E+02  0.76496364E+02  0.76471172E+02
  0.76440079E+02  0.76403220E+02  0.76360705E+02  0.76312664E+02  0.76259236E+02
  0.76200564E+02  0.76136812E+02  0.76068117E+02  0.75994625E+02  0.75916452E+02
  0.75833735E+02  0.75746573E+02  0.75655129E+02  0.75559519E+02  0.75459881E+02
  0.75356343E+02  0.75249035E+02  0.75138047E+02  0.75023487E+02
  0.10000000E+01  0.29168035E+01  0.47680214E+01  0.65535599E+01  0.82980687E+01
  0.10005391E+02  0.11688144E+02  0.13342105E+02  0.14975381E+02  0.16580971E+02
  0.18164596E+02  0.19720558E+02  0.21253596E+02  0.22759999E+02  0.24243119E+02
  0.25700629E+02  0.27134590E+02  0.28543670E+02  0.29929091E+02  0.31290207E+02
  0.32627669E+02  0.33941278E+02  0.35231411E+02  0.36498186E+02  0.37741833E+02
  0.38962636E+02  0.40160771E+02  0.41336600E+02  0.42490278E+02  0.43622163E+02
  0.44732424E+02  0.45821372E+02  0.46889227E+02  0.47936229E+02  0.48962655E+02
  0.49968632E+02  0.50954507E+02  0.51920305E+02  0.52866447E+02  0.53792875E+02
  0.54700094E+02  0.55587956E+02  0.56457072E+02  0.57307211E+02  0.58139004E+02
  0.58952193E+02  0.59747399E+02  0.60524394E+02  0.61283775E+02  0.62025368E+02
  0.62749690E+02  0.63456657E+02  0.64146691E+02  0.64819838E+02  0.65476397E+02
  0.66116515E+02  0.66740415E+02  0.67348317E+02  0.67940376E+02  0.68516874E+02
  0.69077933E+02  0.69623868E+02  0.70154795E+02  0.70671032E+02  0.71172715E+02
  0.71660129E+02  0.72133416E+02  0.72592844E+02  0.73038580E+02  0.73470857E+02
  0.73889885E+02  0.74295893E+02  0.74689105E+02  0.75069734E+02  0.75437988E+02
  0.75794045E+02  0.76138130E+02  0.76470369E+02  0.76790987E+02  0.77100137E+02
  0.77398046E+02  0.77684880E+02  0.77960858E+02  0.78226154E+02  0.78480987E+02
  0.78725526E+02  0.78959986E+02  0.79184514E+02  0.79399301E+02  0.79604512E+02
  0.79800319E+02  0.79986858E+02  0.80164330E+02  0.80332878E+02  0.80492679E+02
  0.80643883E+02  0.80786677E+02  0.80921211E+02  0.81047697E+02  0.81166270E+02
  0.81277106E+02  0.81380343E+02  0.81476106E+02  0.81564515E+02  0.81645746E+02
  0.81719957E+02  0.81787342E+02  0.81848075E+02  0.81902328E+02  0.81950246E+02
  0.81991966E+02  0.82027595E+02  0.82057226E+02  0.82080976E+02  0.82098970E+02
  0.82111331E+02  0.82118208E+02  0.82119735E+02  0.82116046E+02  0.82107235E+02
  0.82093440E+02  0.82074755E+02  0.82051308E+02  0.82023213E+02  0.81990613E+02
  0.81953610E+02  0.81912331E+02  0.81866869E+02  0.81817330E+02
  0.10000000E+01  0.29193459E+01  0.47772241E+01  0.65731509E+01  0.83313284E+01
  0.10054960E+02  0.11756459E+02  0.13431115E+02  0.15087142E+02  0.16717216E+02
  0.18327294E+02  0.19911381E+02  0.21474414E+02  0.23012423E+02  0.24528919E+02
  0.26021369E+02  0.27491918E+02  0.28939099E+02  0.30364143E+02  0.31766339E+02
  0.33146310E+02  0.34503839E+02  0.35839239E+02  0.37152622E+02  0.38444118E+02
  0.39714025E+02  0.40962408E+02  0.42189646E+02  0.43395789E+02  0.44581202E+02
  0.45745965E+02  0.46890383E+02  0.48014598E+02  0.49118845E+02  0.50203350E+02
  0.51268225E+02  0.52313770E+02  0.53339980E+02  0.54347269E+02  0.55335496E+02
  0.56305201E+02  0.57256134E+02  0.58188963E+02  0.59103351E+02  0.59999999E+02
  0.60878524E+02  0.61739632E+02  0.62582969E+02  0.63409200E+02  0.64218036E+02
  0.65010053E+02  0.65785084E+02  0.66543566E+02  0.67285487E+02  0.68011161E+02
  0.68720680E+02  0.69414266E+02  0.70092118E+02  0.70754358E+02  0.71401259E+02
  0.72032898E+02  0.72649582E+02  0.73251383E+02  0.73838617E+02  0.74411360E+02
  0.74969921E+02  0.75514398E+02  0.76045045E+02  0.76561991E+02  0.77065470E+02
  0.77555663E+02  0.78032774E+02  0.78497003E+02  0.78948535E+02  0.79387573E+02
  0.79814258E+02  0.80228814E+02  0.80631369E+02  0.81022114E+02  0.81401191E+02
  0.81768809E+02  0.82125108E+02  0.82470306E+02  0.82804529E+02  0.83127993E+02
  0.83440866E+02  0.83743343E+02  0.84035562E+02  0.84317712E+02  0.84589924E+02
  0.84852381E+02  0.85105192E+02  0.85348546E+02  0.85582556E+02  0.85807413E+02
  0.86023251E+02  0.86230245E+02  0.86428548E+02  0.86618352E+02  0.86799788E+02
  0.86973010E+02  0.87138149E+02  0.87295334E+02  0.87444676E+02  0.87586331E+02
  0.87720462E+02  0.87847249E+02  0.87966861E+02  0.88079456E+02  0.88185166E+02
  0.88284131E+02  0.88376441E+02  0.88462200E+02  0.88541518E+02  0.88614514E+02
  0.88681303E+02  0.88742039E+02  0.88796850E+02  0.88845874E+02  0.88889203E+02
  0.88926966E+02  0.88959255E+02  0.88986203E+02  0.89007918E+02  0.89024538E+02
  0.89036180E+02  0.89042968E+02  0.89044983E+02  0.89042339E+02
  0.10000000E+01  0.29186464E+01  0.47750951E+01  0.65691784E+01  0.83254939E+01
  0.10047382E+02  0.11747444E+02  0.13420943E+02  0.15076262E+02  0.16706042E+02
  0.18316421E+02  0.19901376E+02  0.21466053E+02  0.23006466E+02  0.24526274E+02
  0.26022944E+02  0.27498744E+02  0.28952232E+02  0.30384723E+02  0.31795529E+02
  0.33185272E+02  0.34553776E+02  0.35901321E+02  0.37228095E+02  0.38534197E+02
  0.39820000E+02  0.41085518E+02  0.42331208E+02  0.43557084E+02  0.44763559E+02
  0.45950690E+02  0.47118813E+02  0.48268059E+02  0.49398667E+02  0.50510867E+02
  0.51604740E+02  0.52680624E+02  0.53738446E+02  0.54778682E+02  0.55801093E+02
  0.56806300E+02  0.57793949E+02  0.58764784E+02  0.59718356E+02  0.60655445E+02
  0.61575553E+02  0.62479456E+02  0.63366710E+02  0.64238024E+02  0.65093057E+02
  0.65932381E+02  0.66755792E+02  0.67563725E+02  0.68356120E+02  0.69133278E+02
  0.69895292E+02  0.70642335E+02  0.71374608E+02  0.72092189E+02  0.72795344E+02
  0.73484102E+02  0.74158766E+02  0.74819370E+02  0.75466224E+02  0.76099377E+02
  0.76719100E+02  0.77325477E+02  0.77918721E+02  0.78498951E+02  0.79066357E+02
  0.79621101E+02  0.80163349E+02  0.80693305E+02  0.81211098E+02  0.81716906E+02
  0.82210860E+02  0.82693135E+02  0.83163847E+02  0.83623151E+02  0.84071171E+02
  0.84508089E+02  0.84934017E+02  0.85349135E+02  0.85753575E+02  0.86147521E+02
  0.86531103E+02  0.86904516E+02  0.87267856E+02  0.87621304E+02  0.87964947E+02
  0.88298953E+02  0.88623411E+02  0.88938485E+02  0.89244269E+02  0.89540943E+02
  0.89828601E+02  0.90107406E+02  0.90377472E+02  0.90638973E+02  0.90892023E+02
  0.91136774E+02  0.91373313E+02  0.91601793E+02  0.91822292E+02  0.92034955E+02
  0.92239928E+02  0.92437360E+02  0.92627401E+02  0.92810195E+02  0.92985880E+02
  0.93154560E+02  0.93316332E+02  0.93471299E+02  0.93619537E+02  0.93761161E+02
  0.93896265E+02  0.94024987E+02  0.94147440E+02  0.94263774E+02  0.94374071E+02
  0.94478461E+02  0.94577010E+02  0.94669865E+02  0.94757096E+02  0.94838848E+02
  0.94915204E+02  0.94986308E+02  0.95052239E+02  0.95113113E+02
  0.10000000E+01  0.29176318E+01  0.47717143E+01  0.65623418E+01  0.83145250E+01
  0.10031756E+02  0.11726888E+02  0.13395171E+02  0.15045155E+02  0.16669401E+02
  0.18274206E+02  0.19853479E+02  0.21412543E+02  0.22947367E+02  0.24461746E+02
  0.25953132E+02  0.27423895E+02  0.28872596E+02  0.30300611E+02  0.31707292E+02
  0.33093262E+02  0.34458387E+02  0.35802934E+02  0.37127183E+02  0.38431181E+02
  0.39715402E+02  0.40979825E+02  0.42224984E+02  0.43450860E+02  0.44657941E+02
  0.45846263E+02  0.47016208E+02  0.48167896E+02  0.49301591E+02  0.50417550E+02
  0.51515831E+02  0.52596814E+02  0.53660389E+02  0.54707077E+02  0.55736598E+02
  0.56749627E+02  0.57745749E+02  0.58725785E+02  0.59689224E+02  0.60636912E+02
  0.61568288E+02  0.62484190E+02  0.63384114E+02  0.64268816E+02  0.65137915E+02
  0.65992009E+02  0.66830878E+02  0.67654958E+02  0.68464191E+02  0.69258863E+02
  0.70039070E+02  0.70804964E+02  0.71556750E+02  0.72294502E+02  0.73018486E+02
  0.73728716E+02  0.74425505E+02  0.75108870E+02  0.75779124E+02  0.76436314E+02
  0.77080701E+02  0.77712346E+02  0.78331481E+02  0.78938203E+02  0.79532693E+02
  0.80115117E+02  0.80685637E+02  0.81244437E+02  0.81791628E+02  0.82327401E+02
  0.82851858E+02  0.83365157E+02  0.83867411E+02  0.84358771E+02  0.84839349E+02
  0.85309307E+02  0.85768746E+02  0.86217852E+02  0.86656725E+02  0.87085538E+02
  0.87504416E+02  0.87913548E+02  0.88313024E+02  0.88703011E+02  0.89083589E+02
  0.89454923E+02  0.89817061E+02  0.90170177E+02  0.90514334E+02  0.90849707E+02
  0.91176359E+02  0.91494471E+02  0.91804124E+02  0.92105512E+02  0.92398705E+02
  0.92683853E+02  0.92961022E+02  0.93230347E+02  0.93491904E+02  0.93745834E+02
  0.93992272E+02  0.94231360E+02  0.94463237E+02  0.94688028E+02  0.94905847E+02
  0.95116797E+02  0.95320964E+02  0.95518437E+02  0.95709300E+02  0.95893643E+02
  0.96071563E+02  0.96243179E+02  0.96408583E+02  0.96567926E+02  0.96721259E+02
  0.96868715E+02  0.97010351E+02  0.97146300E+02  0.97276632E+02  0.97401487E+02
  0.97520931E+02  0.97635111E+02  0.97744093E+02  0.97847985E+02
  0.10000000E+01  0.29197535E+01  0.47794464E+01  0.65788283E+01  0.83425988E+01
  0.10073629E+02  0.11784680E+02  0.13470503E+02  0.15139818E+02  0.16784842E+02
  0.18412131E+02  0.20015291E+02  0.21599861E+02  0.23161547E+02  0.24704308E+02
  0.26225404E+02  0.27727295E+02  0.29208431E+02  0.30670200E+02  0.32111907E+02
  0.33534127E+02  0.34936749E+02  0.36319936E+02  0.37684010E+02  0.39028906E+02
  0.40355158E+02  0.41662612E+02  0.42951864E+02  0.44222769E+02  0.45475855E+02
  0.46711058E+02  0.47928773E+02  0.49129062E+02  0.50312173E+02  0.51478330E+02
  0.52627565E+02  0.53760263E+02  0.54876235E+02  0.55976041E+02  0.57059302E+02
  0.58126761E+02  0.59177882E+02  0.60213566E+02  0.61233180E+02  0.62237651E+02
  0.63226302E+02  0.64200050E+02  0.65158279E+02  0.66101816E+02  0.67030180E+02
  0.67944030E+02  0.68843060E+02  0.69727723E+02  0.70597920E+02  0.71453933E+02
  0.72295846E+02  0.73123787E+02  0.73937963E+02  0.74738397E+02  0.75525367E+02
  0.76298830E+02  0.77059114E+02  0.77806192E+02  0.78540372E+02  0.79261674E+02
  0.79970357E+02  0.80666460E+02  0.81350203E+02  0.82021650E+02  0.82680977E+02
  0.83328336E+02  0.83963857E+02  0.84587714E+02  0.85200013E+02  0.85800912E+02
  0.86390494E+02  0.86968938E+02  0.87536320E+02  0.88092782E+02  0.88638416E+02
  0.89173387E+02  0.89697779E+02  0.90211758E+02  0.90715407E+02  0.91208913E+02
  0.91692376E+02  0.92165970E+02  0.92629772E+02  0.93083947E+02  0.93528563E+02
  0.93963781E+02  0.94389638E+02  0.94806304E+02  0.95213828E+02  0.95612380E+02
  0.96001989E+02  0.96382835E+02  0.96754980E+02  0.97118633E+02  0.97473830E+02
  0.97820750E+02  0.98159461E+02  0.98490077E+02  0.98812662E+02  0.99127335E+02
  0.99434236E+02  0.99733500E+02  0.10002525E+03  0.10030963E+03  0.10058672E+03
  0.10085664E+03  0.10111946E+03  0.10137525E+03  0.10162408E+03  0.10186606E+03
  0.10210128E+03  0.10232986E+03  0.10255189E+03  0.10276751E+03  0.10297673E+03
  0.10317972E+03  0.10337651E+03  0.10356725E+03  0.10375199E+03  0.10393089E+03
  0.10410400E+03  0.10427148E+03  0.10443337E+03  0.10458978E+03
  0.10000000E+01  0.29161780E+01  0.47670376E+01  0.65530364E+01  0.82999322E+01
  0.10011268E+02  0.11700428E+02  0.13362451E+02  0.15006293E+02  0.16624248E+02
  0.18222979E+02  0.19796194E+02  0.21349551E+02  0.22878896E+02  0.24388266E+02
  0.25875055E+02  0.27341795E+02  0.28787083E+02  0.30212372E+02  0.31617093E+02
  0.33001823E+02  0.34366573E+02  0.35711495E+02  0.37037077E+02  0.38343226E+02
  0.39630656E+02  0.40899192E+02  0.42149598E+02  0.43381720E+02  0.44596239E+02
  0.45793090E+02  0.46972775E+02  0.48135395E+02  0.49281239E+02  0.50410617E+02
  0.51523551E+02  0.52620528E+02  0.53701326E+02  0.54766623E+02  0.55815963E+02
  0.56850221E+02  0.57868797E+02  0.58872700E+02  0.59861246E+02  0.60835459E+02
  0.61794621E+02  0.62739707E+02  0.63670098E+02  0.64586648E+02  0.65488914E+02
  0.66377539E+02  0.67252273E+02  0.68113556E+02  0.68961342E+02  0.69795878E+02
  0.70617308E+02  0.71425735E+02  0.72221421E+02  0.73004358E+02  0.73774872E+02
  0.74532929E+02  0.75278854E+02  0.76012650E+02  0.76734621E+02  0.77444811E+02
  0.78143476E+02  0.78830691E+02  0.79506629E+02  0.80171420E+02  0.80825206E+02
  0.81468164E+02  0.82100439E+02  0.82722218E+02  0.83333604E+02  0.83934765E+02
  0.84525789E+02  0.85106817E+02  0.85677938E+02  0.86239295E+02  0.86790988E+02
  0.87333166E+02  0.87865931E+02  0.88389430E+02  0.88903760E+02  0.89409082E+02
  0.89905471E+02  0.90393120E+02  0.90872089E+02  0.91342554E+02  0.91804545E+02
  0.92258243E+02  0.92703649E+02  0.93140950E+02  0.93570149E+02  0.93991442E+02
  0.94404811E+02  0.94810479E+02  0.95208469E+02  0.95598981E+02  0.95982032E+02
  0.96357800E+02  0.96726307E+02  0.97087667E+02  0.97441923E+02  0.97789195E+02
  0.98129596E+02  0.98463253E+02  0.98790302E+02  0.99110838E+02  0.99424951E+02
  0.99732724E+02  0.10003423E+03  0.10032950E+03  0.10061863E+03  0.10090167E+03
  0.10117871E+03  0.10144984E+03  0.10171514E+03  0.10197476E+03  0.10222868E+03
  0.10247708E+03  0.10271994E+03  0.10295740E+03  0.10318948E+03  0.10341635E+03
  0.10363801E+03  0.10385462E+03  0.10406621E+03  0.10427288E+03
   128
  0.10000000E+01  0.25953318E+01  0.36803862E+01  0.42859246E+01  0.45528298E+01
  0.45703125E+01  0.44279155E+01  0.41802962E+01  0.38665923E+01  0.35130554E+01
  0.31355996E+01  0.27508463E+01  0.23716251E+01  0.20099355E+01  0.16736524E+01
  0.13667862E+01  0.10948809E+01  0.85845858E+00  0.66150959E+00  0.50073360E+00
  0.37637137E+00  0.28149783E+00  0.21252562E+00  0.16176924E+00  0.12500700E+00
  0.98150624E-01  0.78424509E-01  0.63263219E-01  0.51055360E-01  0.41147731E-01
  0.33101875E-01  0.26235317E-01  0.20123472E-01  0.14927856E-01  0.10723960E-01
  0.72599323E-02  0.43292235E-02  0.20856122E-02  0.67758096E-03 -0.62048654E-04
  0.00000000E+00  0.00000000E+00  0.00000000E+00  0.00000000E+00  0.00000000E+00
  0.00000000E+00  0.00000000E+00  0.00000000E+00  0.00000000E+00  0.00000000E+00
  0.00000000E+00  0.00000000E+00  0.00000000E+00  0.00000000E+00  0.00000000E+00
  0.00000000E+00  0.00000000E+00  0.00000000E+00  0.00000000E+00  0.00000000E+00
  0.00000000E+00  0.00000000E+00  0.00000000E+00  0.00000000E+00  0.00000000E+00
  0.00000000E+00  0.00000000E+00  0.00000000E+00  0.00000000E+00  0.00000000E+00
  0.00000000E+00  0.00000000E+00  0.00000000E+00  0.00000000E+00  0.00000000E+00
  0.00000000E+00  0.00000000E+00  0.00000000E+00  0.00000000E+00  0.00000000E+00
  0.00000000E+00  0.00000000E+00  0.00000000E+00  0.00000000E+00  0.00000000E+00
  0.00000000E+00  0.00000000E+00  0.00000000E+00  0.00000000E+00  0.00000000E+00
  0.00000000E+00  0.00000000E+00  0.00000000E+00  0.00000000E+00  0.00000000E+00
  0.00000000E+00  0.00000000E+00  0.00000000E+00  0.00000000E+00  0.00000000E+00
  0.00000000E+00  0.00000000E+00  0.00000000E+00  0.00000000E+00  0.00000000E+00
  0.00000000E+00  0.00000000E+00  0.00000000E+00  0.00000000E+00  0.00000000E+00
  0.00000000E+00  0.00000000E+00  0.00000000E+00  0.00000000E+00  0.00000000E+00
  0.00000000E+00  0.00000000E+00  0.00000000E+00  0.00000000E+00  0.00000000E+00
  0.00000000E+00  0.00000000E+00  0.00000000E+00  0.00000000E+00  0.00000000E+00
  0.00000000E+00  0.00000000E+00  0.00000000E+00  0.00000000E+00
  0.10000000E+01  0.26500323E+01  0.38757347E+01  0.47273696E+01  0.53119709E+01
  0.56847896E+01  0.58970010E+01  0.59758182E+01  0.59466262E+01  0.58257433E+01
  0.56245432E+01  0.53557669E+01  0.50316236E+01  0.46682486E+01  0.42777323E+01
  0.38730928E+01  0.34670430E+01  0.30703728E+01  0.26956756E+01  0.23485975E+01
  0.20367677E+01  0.17587454E+01  0.15157809E+01  0.13025024E+01  0.11165496E+01
  0.95435444E+00  0.81352479E+00  0.69136447E+00  0.58580689E+00  0.49498496E+00
  0.41722020E+00  0.35050082E+00  0.29324795E+00  0.24444235E+00  0.20310806E+00
  0.16801227E+00  0.13813013E+00  0.11294228E+00  0.92028331E-01  0.74723661E-01
  0.60356833E-01  0.48453966E-01  0.38595681E-01  0.30390766E-01  0.23699777E-01
  0.18358633E-01  0.14112955E-01  0.10748362E-01  0.81198069E-02  0.61437893E-02
  0.47092617E-02  0.36564767E-02  0.28191320E-02  0.21030899E-02  0.15179290E-02
  0.10946507E-02  0.86489752E-03  0.79578149E-03  0.77752289E-03  0.75400947E-03
  0.76129617E-03  0.80837601E-03  0.83758801E-03  0.78898364E-03  0.62535498E-03
  0.40868928E-03  0.21824111E-03  0.89300249E-04  0.19008004E-04 -0.18006031E-04
  0.00000000E+00  0.00000000E+00  0.00000000E+00  0.00000000E+00  0.00000000E+00
  0.00000000E+00  0.00000000E+00  0.00000000E+00  0.00000000E+00  0.00000000E+00
  0.00000000E+00  0.00000000E+00  0.00000000E+00  0.00000000E+00  0.00000000E+00
  0.00000000E+00  0.00000000E+00  0.00000000E+00  0.00000000E+00  0.00000000E+00
  0.00000000E+00  0.00000000E+00  0.00000000E+00  0.00000000E+00  0.00000000E+00
  0.00000000E+00  0.00000000E+00  0.00000000E+00  0.00000000E+00  0.00000000E+00
  0.00000000E+00  0.00000000E+00  0.00000000E+00  0.00000000E+00  0.00000000E+00
  0.00000000E+00  0.00000000E+00  0.00000000E+00  0.00000000E+00  0.00000000E+00
  0.00000000E+00  0.00000000E+00  0.00000000E+00  0.00000000E+00  0.00000000E+00
  0.00000000E+00  0.00000000E+00  0.00000000E+00  0.00000000E+00  0.00000000E+00
  0.00000000E+00  0.00000000E+00  0.00000000E+00  0.00000000E+00  0.00000000E+00
  0.00000000E+00  0.00000000E+00  0.00000000E+00  0.00000000E+00
  0.10000000E+01  0.26949195E+01  0.40257031E+01  0.50442916E+01  0.58390283E+01
  0.64540432E+01  0.69239882E+01  0.72646273E+01  0.74917965E+01  0.76151326E+01
  0.76434393E+01  0.75840298E+01  0.74457707E+01  0.72398527E+01  0.69757907E+01
  0.66647337E+01  0.63180688E+01  0.59470148E+01  0.55645496E+01  0.51794642E+01
  0.48021408E+01  0.44360823E+01  0.40867011E+01  0.37537137E+01  0.34387452E+01
  0.31419681E+01  0.28641374E+01  0.26051973E+01  0.23652681E+01  0.21438898E+01
  0.19405606E+01  0.17540607E+01  0.15833471E+01  0.14275409E+01  0.12856492E+01
  0.11564061E+01  0.10387392E+01  0.93187714E+00  0.83512007E+00  0.74761433E+00
  0.66854159E+00  0.59722709E+00  0.53299559E+00  0.47520593E+00  0.42338175E+00
  0.37702707E+00  0.33561572E+00  0.29862815E+00  0.26561578E+00  0.23621778E+00
  0.21003555E+00  0.18671217E+00  0.16587335E+00  0.14723719E+00  0.13061490E+00
  0.11583355E+00  0.10271250E+00  0.91051971E-01  0.80645113E-01  0.71343673E-01
  0.63054357E-01  0.55682789E-01  0.49114977E-01  0.43228944E-01  0.37941181E-01
  0.33223556E-01  0.29070187E-01  0.25467421E-01  0.22360199E-01  0.19669583E-01
  0.17306809E-01  0.15217380E-01  0.13389480E-01  0.11794477E-01  0.10409594E-01
  0.92121993E-02  0.82137164E-02  0.73890869E-02  0.66936419E-02  0.61002542E-02
  0.55725409E-02  0.51211158E-02  0.47381846E-02  0.43727530E-02  0.39924152E-02
  0.35932291E-02  0.32054266E-02  0.28309760E-02  0.24629506E-02  0.21126016E-02
  0.18194543E-02  0.16056779E-02  0.14349869E-02  0.12658150E-02  0.10797333E-02
  0.88556022E-03  0.71726315E-03  0.58802029E-03  0.46239598E-03  0.33222588E-03
  0.20463335E-03  0.98547725E-04  0.30413136E-04 -0.14745458E-04  0.00000000E+00
  0.00000000E+00  0.00000000E+00  0.00000000E+00  0.00000000E+00  0.00000000E+00
  0.00000000E+00  0.00000000E+00  0.00000000E+00  0.00000000E+00  0.00000000E+00
  0.00000000E+00  0.00000000E+00  0.00000000E+00  0.00000000E+00  0.00000000E+00
  0.00000000E+00  0.00000000E+00  0.00000000E+00  0.00000000E+00  0.00000000E+00
  0.00000000E+00  0.00000000E+00  0.00000000E+00  0.00000000E+00
  0.10000000E+01  0.27316449E+01  0.41469925E+01  0.52903042E+01  0.62365003E+01
  0.70255868E+01  0.76867873E+01  0.82325879E+01  0.86731961E+01  0.90148188E+01
  0.92642552E+01  0.94263721E+01  0.95080735E+01  0.95166901E+01  0.94590245E+01
  0.93422402E+01  0.91740946E+01  0.89620869E+01  0.87154738E+01  0.84412473E+01
  0.81479559E+01  0.78398716E+01  0.75228755E+01  0.71991731E+01  0.68722599E+01
  0.65446795E+01  0.62193796E+01  0.58985112E+01  0.55842153E+01  0.52779207E+01
  0.49809937E+01  0.46940210E+01  0.44175714E+01  0.41522027E+01  0.38981651E+01
  0.36554133E+01  0.34239274E+01  0.32037519E+01  0.29948277E+01  0.27969281E+01
  0.26097726E+01  0.24331016E+01  0.22665640E+01  0.21098043E+01  0.19624867E+01
  0.18241803E+01  0.16944785E+01  0.15729144E+01  0.14590451E+01  0.13525143E+01
  0.12528796E+01  0.11597965E+01  0.10728595E+01  0.99175553E+00  0.91617496E+00
  0.84580938E+00  0.78036561E+00  0.71950925E+00  0.66290757E+00  0.61029909E+00
  0.56144343E+00  0.51611515E+00  0.47407970E+00  0.43510376E+00  0.39899607E+00
  0.36558587E+00  0.33473089E+00  0.30627276E+00  0.28005881E+00  0.25588590E+00
  0.23358567E+00  0.21301076E+00  0.19401969E+00  0.17650699E+00  0.16036791E+00
  0.14550394E+00  0.13181582E+00  0.11920689E+00  0.10763308E+00  0.97057696E-01
  0.87418224E-01  0.78638941E-01  0.70636682E-01  0.63340280E-01  0.56700505E-01
  0.50680289E-01  0.45210026E-01  0.40242374E-01  0.35730905E-01  0.31643431E-01
  0.27959611E-01  0.24644355E-01  0.21659603E-01  0.18961780E-01  0.16534212E-01
  0.14365218E-01  0.12445767E-01  0.10759214E-01  0.92626313E-02  0.79286601E-02
  0.67578427E-02  0.57477125E-02  0.49195899E-02  0.42641211E-02  0.37361095E-02
  0.32891820E-02  0.28873382E-02  0.25434690E-02  0.22525774E-02  0.20067569E-02
  0.17874750E-02  0.15820441E-02  0.13955079E-02  0.12412630E-02  0.11192576E-02
  0.10309220E-02  0.97685887E-03  0.94971969E-03  0.95122231E-03  0.95039416E-03
  0.93672265E-03  0.91415764E-03  0.89167041E-03  0.88279666E-03  0.87901410E-03
  0.87394265E-03  0.87056050E-03  0.89025173E-03  0.91650254E-03
  0.10000000E+01  0.27620214E+01  0.42482492E+01  0.54970306E+01  0.65720231E+01
  0.75084730E+01  0.83310084E+01  0.90494643E+01  0.96703126E+01  0.10197065E+02
  0.10634548E+02  0.10985827E+02  0.11256199E+02  0.11450821E+02  0.11574857E+02
  0.11633362E+02  0.11631962E+02  0.11576029E+02  0.11472441E+02  0.11326845E+02
  0.11146240E+02  0.10934848E+02  0.10698225E+02  0.10439463E+02  0.10162552E+02
  0.98708697E+01  0.95681322E+01  0.92573623E+01  0.89415482E+01  0.86230118E+01
  0.83040055E+01  0.79860981E+01  0.76707538E+01  0.73593557E+01  0.70529698E+01
  0.67524096E+01  0.64584591E+01  0.61718823E+01  0.58932637E+01  0.56230045E+01
  0.53614093E+01  0.51086659E+01  0.48648196E+01  0.46298820E+01  0.44037983E+01
  0.41863965E+01  0.39775315E+01  0.37769797E+01  0.35845065E+01  0.33999542E+01
  0.32230675E+01  0.30536786E+01  0.28915402E+01  0.27364685E+01  0.25882562E+01
  0.24467145E+01  0.23116306E+01  0.21827859E+01  0.20599588E+01  0.19429676E+01
  0.18316654E+01  0.17259147E+01  0.16255767E+01  0.15304892E+01  0.14404640E+01
  0.13553128E+01  0.12748401E+01  0.11988388E+01  0.11271071E+01  0.10593922E+01
  0.99544710E+00  0.93502952E+00  0.87793890E+00  0.82400948E+00  0.77307510E+00
  0.72499242E+00  0.67961784E+00  0.63684604E+00  0.59656648E+00  0.55862494E+00
  0.52287560E+00  0.48916233E+00  0.45739570E+00  0.42750242E+00  0.39939533E+00
  0.37298836E+00  0.34815595E+00  0.32481668E+00  0.30289929E+00  0.28233553E+00
  0.26302367E+00  0.24482706E+00  0.22768088E+00  0.21155043E+00  0.19642057E+00
  0.18229930E+00  0.16912176E+00  0.15680205E+00  0.14530342E+00  0.13460905E+00
  0.12469741E+00  0.11555698E+00  0.10712878E+00  0.99348118E-01  0.92188420E-01
  0.85612369E-01  0.79562202E-01  0.73948313E-01  0.68691910E-01  0.63759213E-01
  0.59160520E-01  0.54884805E-01  0.50901719E-01  0.47181022E-01  0.43724784E-01
  0.40543537E-01  0.37631432E-01  0.34971923E-01  0.32502994E-01  0.30179823E-01
  0.28006497E-01  0.25995754E-01  0.24150736E-01  0.22433471E-01  0.20822859E-01
  0.19326208E-01  0.17950255E-01  0.16695595E-01  0.15557581E-01
  0.10000000E+01  0.27817516E+01  0.43139006E+01  0.56298820E+01  0.67865881E+01
  0.78163777E+01  0.87422584E+01  0.95734678E+01  0.10315209E+02  0.10969690E+02
  0.11540427E+02  0.12029543E+02  0.12441264E+02  0.12779694E+02  0.13049027E+02
  0.13253200E+02  0.13396581E+02  0.13483266E+02  0.13518605E+02  0.13507109E+02
  0.13454434E+02  0.13364161E+02  0.13240994E+02  0.13087848E+02  0.12908366E+02
  0.12705776E+02  0.12483597E+02  0.12244797E+02  0.11992339E+02  0.11728683E+02
  0.11456241E+02  0.11176845E+02  0.10892218E+02  0.10604031E+02  0.10313703E+02
  0.10022443E+02  0.97314142E+01  0.94417114E+01  0.91542433E+01  0.88697963E+01
  0.85890594E+01  0.83125779E+01  0.80407295E+01  0.77738479E+01  0.75121967E+01
  0.72559260E+01  0.70052039E+01  0.67601141E+01  0.65206714E+01  0.62869644E+01
  0.60589940E+01  0.58368152E+01  0.56203803E+01  0.54097133E+01  0.52048074E+01
  0.50056758E+01  0.48122901E+01  0.46245998E+01  0.44425572E+01  0.42661552E+01
  0.40953921E+01  0.39302752E+01  0.37708064E+01  0.36169560E+01  0.34686702E+01
  0.33258694E+01  0.31884729E+01  0.30563543E+01  0.29293894E+01  0.28074027E+01
  0.26902073E+01  0.25776158E+01  0.24694505E+01  0.23655581E+01  0.22658239E+01
  0.21701322E+01  0.20783598E+01  0.19903844E+01  0.19060431E+01  0.18251558E+01
  0.17475460E+01  0.16730687E+01  0.16016155E+01  0.15330789E+01  0.14673765E+01
  0.14044224E+01  0.13441108E+01  0.12863219E+01  0.12309253E+01  0.11777679E+01
  0.11266936E+01  0.10775799E+01  0.10303553E+01  0.98500104E+00  0.94152369E+00
  0.89992555E+00  0.86018143E+00  0.82222750E+00  0.78598700E+00  0.75138501E+00
  0.71832475E+00  0.68672566E+00  0.65651674E+00  0.62764506E+00  0.60004997E+00
  0.57367672E+00  0.54847672E+00  0.52435562E+00  0.50122815E+00  0.47902351E+00
  0.45770385E+00  0.43723907E+00  0.41760110E+00  0.39878659E+00  0.38078692E+00
  0.36361562E+00  0.34726215E+00  0.33167844E+00  0.31679818E+00  0.30258172E+00
  0.28899289E+00  0.27598433E+00  0.26352571E+00  0.25157148E+00  0.24010604E+00
  0.22912926E+00  0.21865455E+00  0.20867618E+00  0.19916265E+00
  0.10000000E+01  0.28115021E+01  0.44130542E+01  0.58314266E+01  0.71137414E+01
  0.82875045E+01  0.93726209E+01  0.10376968E+02  0.11303938E+02  0.12153796E+02
  0.12928242E+02  0.13627948E+02  0.14255588E+02  0.14813707E+02  0.15305146E+02
  0.15732408E+02  0.16098275E+02  0.16405271E+02  0.16656775E+02  0.16855865E+02
  0.17006425E+02  0.17111222E+02  0.17173791E+02  0.17196704E+02  0.17182988E+02
  0.17135525E+02  0.17057426E+02  0.16951475E+02  0.16820443E+02  0.16666764E+02
  0.16492883E+02  0.16300870E+02  0.16092686E+02  0.15870256E+02  0.15635309E+02
  0.15389417E+02  0.15134126E+02  0.14870921E+02  0.14601108E+02  0.14325891E+02
  0.14046365E+02  0.13763483E+02  0.13478034E+02  0.13190749E+02  0.12902260E+02
  0.12613112E+02  0.12323877E+02  0.12035023E+02  0.11746942E+02  0.11460098E+02
  0.11174847E+02  0.10891607E+02  0.10610694E+02  0.10332441E+02  0.10057165E+02
  0.97851732E+01  0.95167352E+01  0.92521125E+01  0.89915386E+01  0.87352553E+01
  0.84834848E+01  0.82364616E+01  0.79944272E+01  0.77575867E+01  0.75261134E+01
  0.73001096E+01  0.70796715E+01  0.68648547E+01  0.66556561E+01  0.64520314E+01
  0.62538969E+01  0.60611385E+01  0.58736582E+01  0.56913922E+01  0.55142844E+01
  0.53422921E+01  0.51753623E+01  0.50134233E+01  0.48563675E+01  0.47040427E+01
  0.45562699E+01  0.44128912E+01  0.42737898E+01  0.41388930E+01  0.40081339E+01
  0.38814187E+01  0.37586423E+01  0.36396781E+01  0.35243564E+01  0.34124830E+01
  0.33038572E+01  0.31983104E+01  0.30957587E+01  0.29961994E+01  0.28996866E+01
  0.28062421E+01  0.27158363E+01  0.26283852E+01  0.25437871E+01  0.24619048E+01
  0.23826250E+01  0.23058242E+01  0.22314139E+01  0.21593521E+01  0.20895940E+01
  0.20220679E+01  0.19566811E+01  0.18932995E+01  0.18317890E+01  0.17720874E+01
  0.17141495E+01  0.16579461E+01  0.16034288E+01  0.15505535E+01  0.14993389E+01
  0.14497938E+01  0.14019123E+01  0.13556762E+01  0.13109650E+01  0.12676836E+01
  0.12257394E+01  0.11850740E+01  0.11456462E+01  0.11074034E+01  0.10703129E+01
  0.10343546E+01  0.99955494E+00  0.96591498E+00  0.93339249E+00
  0.10000000E+01  0.28340379E+01  0.44881473E+01  0.59836733E+01  0.73612170E+01
  0.86444997E+01  0.98516101E+01  0.10989626E+02  0.12061477E+02  0.13066214E+02
  0.14004564E+02  0.14876111E+02  0.15682566E+02  0.16425327E+02  0.17106399E+02
  0.17727293E+02  0.18289843E+02  0.18795557E+02  0.19246584E+02  0.19644933E+02
  0.19993189E+02  0.20293331E+02  0.20547823E+02  0.20758681E+02  0.20928147E+02
  0.21058521E+02  0.21152213E+02  0.21211500E+02  0.21238629E+02  0.21235678E+02
  0.21204731E+02  0.21147704E+02  0.21066403E+02  0.20962643E+02  0.20838076E+02
  0.20694290E+02  0.20532869E+02  0.20355332E+02  0.20163086E+02  0.19957432E+02
  0.19739591E+02  0.19510677E+02  0.19271663E+02  0.19023491E+02  0.18767016E+02
  0.18503016E+02  0.18232290E+02  0.17955576E+02  0.17673570E+02  0.17386974E+02
  0.17096433E+02  0.16802617E+02  0.16506078E+02  0.16207428E+02  0.15907254E+02
  0.15606132E+02  0.15304598E+02  0.15003128E+02  0.14702215E+02  0.14402339E+02
  0.14103951E+02  0.13807521E+02  0.13513509E+02  0.13222318E+02  0.12934335E+02
  0.12649901E+02  0.12369306E+02  0.12092793E+02  0.11820549E+02  0.11552695E+02
  0.11289308E+02  0.11030435E+02  0.10776140E+02  0.10526509E+02  0.10281620E+02
  0.10041535E+02  0.98063208E+01  0.95760064E+01  0.93505655E+01  0.91299187E+01
  0.89139508E+01  0.87025701E+01  0.84957152E+01  0.82933792E+01  0.80955315E+01
  0.79021454E+01  0.77131683E+01  0.75285365E+01  0.73481383E+01  0.71717812E+01
  0.69992664E+01  0.68304216E+01  0.66651789E+01  0.65035727E+01  0.63456857E+01
  0.61915686E+01  0.60412092E+01  0.58945134E+01  0.57513710E+01  0.56116599E+01
  0.54752577E+01  0.53420573E+01  0.52119624E+01  0.50849229E+01  0.49609052E+01
  0.48398724E+01  0.47217282E+01  0.46063312E+01  0.44935411E+01  0.43832692E+01
  0.42754554E+01  0.41700621E+01  0.40670720E+01  0.39664504E+01  0.38681842E+01
  0.37722764E+01  0.36787193E+01  0.35874738E+01  0.34984505E+01  0.34115661E+01
  0.33267278E+01  0.32438344E+01  0.31628346E+01  0.30836727E+01  0.30063375E+01
  0.29308170E+01  0.28571293E+01  0.27852689E+01  0.27151864E+01
  0.10000000E+01  0.28540107E+01  0.45548064E+01  0.61188242E+01  0.75813993E+01
  0.89626192E+01  0.10279070E+02  0.11536955E+02  0.12739375E+02  0.13884395E+02
  0.14972348E+02  0.16001803E+02  0.16973917E+02  0.17889038E+02  0.18748637E+02
  0.19553354E+02  0.20304443E+02  0.21002651E+02  0.21649328E+02  0.22245658E+02
  0.22793253E+02  0.23293411E+02  0.23747697E+02  0.24157540E+02  0.24524430E+02
  0.24850026E+02  0.25135967E+02  0.25383941E+02  0.25595544E+02  0.25772397E+02
  0.25916069E+02  0.26028103E+02  0.26109944E+02  0.26163092E+02  0.26188946E+02
  0.26188879E+02  0.26164286E+02  0.26116534E+02  0.26046910E+02  0.25956649E+02
  0.25846929E+02  0.25718845E+02  0.25573414E+02  0.25411616E+02  0.25234382E+02
  0.25042617E+02  0.24837234E+02  0.24619113E+02  0.24389096E+02  0.24148019E+02
  0.23896710E+02  0.23636009E+02  0.23366689E+02  0.23089550E+02  0.22805357E+02
  0.22514885E+02  0.22218833E+02  0.21917899E+02  0.21612780E+02  0.21304146E+02
  0.20992642E+02  0.20678911E+02  0.20363583E+02  0.20047265E+02  0.19730556E+02
  0.19413986E+02  0.19098060E+02  0.18783214E+02  0.18469837E+02  0.18158261E+02
  0.17848756E+02  0.17541556E+02  0.17236908E+02  0.16935052E+02  0.16636215E+02
  0.16340616E+02  0.16048453E+02  0.15759901E+02  0.15475059E+02  0.15193978E+02
  0.14916673E+02  0.14643153E+02  0.14373458E+02  0.14107652E+02  0.13845814E+02
  0.13587999E+02  0.13334261E+02  0.13084612E+02  0.12838993E+02  0.12597267E+02
  0.12359283E+02  0.12124908E+02  0.11894145E+02  0.11667090E+02  0.11443878E+02
  0.11224618E+02  0.11009307E+02  0.10797871E+02  0.10590212E+02  0.10386218E+02
  0.10185784E+02  0.99888279E+01  0.97953106E+01  0.96051848E+01  0.94184552E+01
  0.92351190E+01  0.90550835E+01  0.88782479E+01  0.87044835E+01  0.85337129E+01
  0.83659011E+01  0.82010053E+01  0.80389994E+01  0.78798672E+01  0.77235986E+01
  0.75702046E+01  0.74196853E+01  0.72720039E+01  0.71270781E+01  0.69848343E+01
  0.68451975E+01  0.67080857E+01  0.65734248E+01  0.64411564E+01  0.63112602E+01
  0.61837258E+01  0.60585855E+01  0.59358577E+01  0.58155119E+01
  0.10000000E+01  0.28687535E+01  0.46043506E+01  0.62194189E+01  0.77460845E+01
  0.92014302E+01  0.10601042E+02  0.11950012E+02  0.13252163E+02  0.14504784E+02
  0.15708605E+02  0.16861316E+02  0.17964187E+02  0.19016617E+02  0.20020048E+02
  0.20974385E+02  0.21880763E+02  0.22739386E+02  0.23551306E+02  0.24317157E+02
  0.25038027E+02  0.25714761E+02  0.26348343E+02  0.26939782E+02  0.27490010E+02
  0.28000225E+02  0.28471449E+02  0.28904913E+02  0.29301658E+02  0.29662883E+02
  0.29989646E+02  0.30283114E+02  0.30544310E+02  0.30774356E+02  0.30974273E+02
  0.31145111E+02  0.31287929E+02  0.31403777E+02  0.31493671E+02  0.31558590E+02
  0.31599506E+02  0.31617311E+02  0.31612873E+02  0.31587043E+02  0.31540650E+02
  0.31474526E+02  0.31389510E+02  0.31286410E+02  0.31166037E+02  0.31029192E+02
  0.30876670E+02  0.30709297E+02  0.30527868E+02  0.30333172E+02  0.30126021E+02
  0.29907229E+02  0.29677556E+02  0.29437758E+02  0.29188593E+02  0.28930794E+02
  0.28665071E+02  0.28392143E+02  0.28112714E+02  0.27827485E+02  0.27537141E+02
  0.27242337E+02  0.26943692E+02  0.26641777E+02  0.26337128E+02  0.26030219E+02
  0.25721473E+02  0.25411291E+02  0.25100078E+02  0.24788220E+02  0.24476103E+02
  0.24164097E+02  0.23852527E+02  0.23541702E+02  0.23231875E+02  0.22923253E+02
  0.22615984E+02  0.22310243E+02  0.22006213E+02  0.21704070E+02  0.21403990E+02
  0.21106136E+02  0.20810666E+02  0.20517706E+02  0.20227311E+02  0.19939458E+02
  0.19654129E+02  0.19371304E+02  0.19091061E+02  0.18813546E+02  0.18538928E+02
  0.18267354E+02  0.17998889E+02  0.17733539E+02  0.17471271E+02  0.17212032E+02
  0.16955776E+02  0.16702468E+02  0.16452097E+02  0.16204706E+02  0.15960324E+02
  0.15718987E+02  0.15480663E+02  0.15245249E+02  0.15012660E+02  0.14782866E+02
  0.14555866E+02  0.14331678E+02  0.14110307E+02  0.13891741E+02  0.13675965E+02
  0.13462974E+02  0.13252784E+02  0.13045381E+02  0.12840759E+02  0.12638878E+02
  0.12439695E+02  0.12243143E+02  0.12049146E+02  0.11857659E+02  0.11668644E+02
  0.11482122E+02  0.11298185E+02  0.11116848E+02  0.10938109E+02
  0.10000000E+01  0.28817772E+01  0.46484169E+01  0.63091399E+01  0.78933528E+01
  0.94152422E+01  0.10889463E+02  0.12319759E+02  0.13710714E+02  0.15058788E+02
  0.16365340E+02  0.17627185E+02  0.18845934E+02  0.20020067E+02  0.21151174E+02
  0.22238434E+02  0.23282997E+02  0.24284549E+02  0.25243964E+02  0.26161408E+02
  0.27037604E+02  0.27873028E+02  0.28668242E+02  0.29423941E+02  0.30140632E+02
  0.30819178E+02  0.31460115E+02  0.32064340E+02  0.32632442E+02  0.33165301E+02
  0.33663562E+02  0.34128080E+02  0.34559529E+02  0.34958712E+02  0.35326352E+02
  0.35663204E+02  0.35970044E+02  0.36247622E+02  0.36496718E+02  0.36718068E+02
  0.36912413E+02  0.37080456E+02  0.37222918E+02  0.37340483E+02  0.37433874E+02
  0.37503777E+02  0.37550902E+02  0.37575946E+02  0.37579600E+02  0.37562579E+02
  0.37525612E+02  0.37469457E+02  0.37394846E+02  0.37302524E+02  0.37193240E+02
  0.37067756E+02  0.36926822E+02  0.36771199E+02  0.36601623E+02  0.36418829E+02
  0.36223525E+02  0.36016415E+02  0.35798234E+02  0.35569695E+02  0.35331546E+02
  0.35084493E+02  0.34829212E+02  0.34566326E+02  0.34296449E+02  0.34020152E+02
  0.33737973E+02  0.33450449E+02  0.33158086E+02  0.32861379E+02  0.32560802E+02
  0.32256814E+02  0.31949865E+02  0.31640381E+02  0.31328758E+02  0.31015333E+02
  0.30700411E+02  0.30384268E+02  0.30067181E+02  0.29749450E+02  0.29431366E+02
  0.29113204E+02  0.28795232E+02  0.28477670E+02  0.28160692E+02  0.27844416E+02
  0.27528926E+02  0.27214343E+02  0.26900815E+02  0.26588567E+02  0.26277800E+02
  0.25968719E+02  0.25661447E+02  0.25356059E+02  0.25052613E+02  0.24751119E+02
  0.24451613E+02  0.24154133E+02  0.23858748E+02  0.23565552E+02  0.23274639E+02
  0.22986071E+02  0.22699852E+02  0.22415937E+02  0.22134295E+02  0.21854920E+02
  0.21577858E+02  0.21303167E+02  0.21030859E+02  0.20760949E+02  0.20493456E+02
  0.20228389E+02  0.19965793E+02  0.19705687E+02  0.19448073E+02  0.19192929E+02
  0.18940244E+02  0.18689991E+02  0.18442096E+02  0.18196541E+02  0.17953331E+02
  0.17712494E+02  0.17474093E+02  0.17238175E+02  0.17004735E+02
  0.10000000E+01  0.28877792E+01  0.46693705E+01  0.63523394E+01  0.79652039E+01
  0.95205586E+01  0.11032553E+02  0.12503850E+02  0.13939591E+02  0.15335828E+02
  0.16694598E+02  0.18012300E+02  0.19291057E+02  0.20528904E+02  0.21727748E+02
  0.22886400E+02  0.24006224E+02  0.25086660E+02  0.26128692E+02  0.27132280E+02
  0.28098137E+02  0.29026579E+02  0.29918094E+02  0.30773228E+02  0.31592382E+02
  0.32376267E+02  0.33125272E+02  0.33840138E+02  0.34521294E+02  0.35169467E+02
  0.35785137E+02  0.36369007E+02  0.36921591E+02  0.37443532E+02  0.37935388E+02
  0.38397748E+02  0.38831236E+02  0.39236416E+02  0.39613927E+02  0.39964320E+02
  0.40288199E+02  0.40586095E+02  0.40858589E+02  0.41106215E+02  0.41329536E+02
  0.41529104E+02  0.41705489E+02  0.41859246E+02  0.41990928E+02  0.42101099E+02
  0.42190346E+02  0.42259273E+02  0.42308492E+02  0.42338596E+02  0.42350208E+02
  0.42343975E+02  0.42320519E+02  0.42280470E+02  0.42224448E+02  0.42153065E+02
  0.42066907E+02  0.41966596E+02  0.41852742E+02  0.41725981E+02  0.41586970E+02
  0.41436321E+02  0.41274639E+02  0.41102507E+02  0.40920462E+02  0.40729045E+02
  0.40528779E+02  0.40320158E+02  0.40103681E+02  0.39879829E+02  0.39649071E+02
  0.39411862E+02  0.39168659E+02  0.38919898E+02  0.38665976E+02  0.38407284E+02
  0.38144169E+02  0.37876946E+02  0.37605957E+02  0.37331541E+02  0.37054018E+02
  0.36773702E+02  0.36490921E+02  0.36205956E+02  0.35919051E+02  0.35630413E+02
  0.35340206E+02  0.35048629E+02  0.34755901E+02  0.34462258E+02  0.34167978E+02
  0.33873293E+02  0.33578396E+02  0.33283424E+02  0.32988476E+02  0.32693655E+02
  0.32399063E+02  0.32104820E+02  0.31811066E+02  0.31517951E+02  0.31225609E+02
  0.30934152E+02  0.30643636E+02  0.30354088E+02  0.30065547E+02  0.29778065E+02
  0.29491722E+02  0.29206604E+02  0.28922774E+02  0.28640270E+02  0.28359153E+02
  0.28079485E+02  0.27801313E+02  0.27524683E+02  0.27249616E+02  0.26976126E+02
  0.26704232E+02  0.26433919E+02  0.26165194E+02  0.25898060E+02  0.25632527E+02
  0.25368657E+02  0.25106504E+02  0.24846133E+02  0.24587577E+02
  0.10000000E+01  0.28944360E+01  0.46924425E+01  0.63998977E+01  0.80440354E+01
  0.96359010E+01  0.11188935E+02  0.12704874E+02  0.14189167E+02  0.15637524E+02
  0.17052405E+02  0.18429878E+02  0.19772363E+02  0.21077519E+02  0.22347434E+02
  0.23580601E+02  0.24778486E+02  0.25940261E+02  0.27066913E+02  0.28158163E+02
  0.29214664E+02  0.30236533E+02  0.31224181E+02  0.32177992E+02  0.33098262E+02
  0.33985531E+02  0.34840059E+02  0.35662426E+02  0.36452905E+02  0.37212088E+02
  0.37940310E+02  0.38638128E+02  0.39305934E+02  0.39944211E+02  0.40553407E+02
  0.41133961E+02  0.41686366E+02  0.42211051E+02  0.42708533E+02  0.43179218E+02
  0.43623614E+02  0.44042126E+02  0.44435232E+02  0.44803348E+02  0.45146949E+02
  0.45466467E+02  0.45762375E+02  0.46035111E+02  0.46285139E+02  0.46512929E+02
  0.46718947E+02  0.46903701E+02  0.47067683E+02  0.47211393E+02  0.47335345E+02
  0.47440088E+02  0.47526155E+02  0.47594079E+02  0.47644398E+02  0.47677624E+02
  0.47694272E+02  0.47694863E+02  0.47679918E+02  0.47650002E+02  0.47605688E+02
  0.47547528E+02  0.47476061E+02  0.47391804E+02  0.47295256E+02  0.47186907E+02
  0.47067234E+02  0.46936704E+02  0.46795784E+02  0.46644930E+02  0.46484598E+02
  0.46315248E+02  0.46137326E+02  0.45951253E+02  0.45757452E+02  0.45556306E+02
  0.45348181E+02  0.45133440E+02  0.44912436E+02  0.44685532E+02  0.44453074E+02
  0.44215408E+02  0.43972867E+02  0.43725767E+02  0.43474403E+02  0.43219026E+02
  0.42959875E+02  0.42697214E+02  0.42431301E+02  0.42162419E+02  0.41890875E+02
  0.41616929E+02  0.41340804E+02  0.41062694E+02  0.40782776E+02  0.40501216E+02
  0.40218174E+02  0.39933831E+02  0.39648380E+02  0.39362007E+02  0.39074895E+02
  0.38787207E+02  0.38499068E+02  0.38210551E+02  0.37921727E+02  0.37632706E+02
  0.37343618E+02  0.37054586E+02  0.36765734E+02  0.36477156E+02  0.36188938E+02
  0.35901161E+02  0.35613895E+02  0.35327218E+02  0.35041185E+02  0.34755854E+02
  0.34471288E+02  0.34187509E+02  0.33904528E+02  0.33622377E+02  0.33341097E+02
  0.33060743E+02  0.32781412E+02  0.32503172E+02  0.32226080E+02
  0.10000000E+01  0.28968506E+01  0.47012398E+01  0.64186473E+01  0.80758666E+01
  0.96835255E+01  0.11254471E+02  0.12790133E+02  0.14295828E+02  0.15767413E+02
  0.17207419E+02  0.18612079E+02  0.19983895E+02  0.21320610E+02  0.22624350E+02
  0.23893628E+02  0.25129954E+02  0.26332485E+02  0.27502274E+02  0.28639003E+02
  0.29743393E+02  0.30815499E+02  0.31855783E+02  0.32864537E+02  0.33842097E+02
  0.34788925E+02  0.35705303E+02  0.36591732E+02  0.37448513E+02  0.38276142E+02
  0.39074961E+02  0.39845435E+02  0.40587934E+02  0.41302884E+02  0.41990706E+02
  0.42651758E+02  0.43286504E+02  0.43895300E+02  0.44478603E+02  0.45036741E+02
  0.45570166E+02  0.46079228E+02  0.46564353E+02  0.47025884E+02  0.47464232E+02
  0.47879746E+02  0.48272821E+02  0.48643823E+02  0.48993153E+02  0.49321197E+02
  0.49628361E+02  0.49915067E+02  0.50181732E+02  0.50428764E+02  0.50656588E+02
  0.50865653E+02  0.51056410E+02  0.51229307E+02  0.51384780E+02  0.51523272E+02
  0.51645213E+02  0.51751032E+02  0.51841167E+02  0.51916092E+02  0.51976287E+02
  0.52022209E+02  0.52054318E+02  0.52073038E+02  0.52078804E+02  0.52072028E+02
  0.52053125E+02  0.52022484E+02  0.51980484E+02  0.51927527E+02  0.51863986E+02
  0.51790256E+02  0.51706722E+02  0.51613775E+02  0.51511769E+02  0.51401040E+02
  0.51281930E+02  0.51154756E+02  0.51019836E+02  0.50877504E+02  0.50728078E+02
  0.50571861E+02  0.50409160E+02  0.50240278E+02  0.50065490E+02  0.49885036E+02
  0.49699168E+02  0.49508128E+02  0.49312165E+02  0.49111559E+02  0.48906579E+02
  0.48697480E+02  0.48484511E+02  0.48267866E+02  0.48047744E+02  0.47824333E+02
  0.47597816E+02  0.47368388E+02  0.47136244E+02  0.46901590E+02  0.46664625E+02
  0.46425540E+02  0.46184487E+02  0.45941569E+02  0.45696893E+02  0.45450576E+02
  0.45202768E+02  0.44953611E+02  0.44703241E+02  0.44451780E+02  0.44199351E+02
  0.43946063E+02  0.43692003E+02  0.43437278E+02  0.43181977E+02  0.42926184E+02
  0.42669976E+02  0.42413405E+02  0.42156532E+02  0.41899398E+02  0.41642066E+02
  0.41384626E+02  0.41127160E+02  0.40869756E+02  0.40612485E+02
  0.10000000E+01  0.29009012E+01  0.47154531E+01  0.64483527E+01  0.81254664E+01
  0.97566399E+01  0.11354006E+02  0.12918544E+02  0.14455460E+02  0.15960599E+02
  0.17436573E+02  0.18879628E+02  0.20292326E+02  0.21672353E+02  0.23021852E+02
  0.24339260E+02  0.25626097E+02  0.26881434E+02  0.28106318E+02  0.29300341E+02
  0.30464204E+02  0.31597865E+02  0.32701781E+02  0.33776143E+02  0.34821276E+02
  0.35837533E+02  0.36825197E+02  0.37784661E+02  0.38716199E+02  0.39620203E+02
  0.40496990E+02  0.41346925E+02  0.42170356E+02  0.42967605E+02  0.43739059E+02
  0.44484991E+02  0.45205811E+02  0.45901805E+02  0.46573357E+02  0.47220745E+02
  0.47844364E+02  0.48444482E+02  0.49021476E+02  0.49575605E+02  0.50107236E+02
  0.50616644E+02  0.51104168E+02  0.51570118E+02  0.52014834E+02  0.52438644E+02
  0.52841882E+02  0.53224897E+02  0.53588044E+02  0.53931663E+02  0.54256120E+02
  0.54561798E+02  0.54849076E+02  0.55118332E+02  0.55369927E+02  0.55604236E+02
  0.55821627E+02  0.56022454E+02  0.56207111E+02  0.56376002E+02  0.56529534E+02
  0.56668096E+02  0.56792088E+02  0.56901876E+02  0.56997834E+02  0.57080319E+02
  0.57149704E+02  0.57206329E+02  0.57250529E+02  0.57282655E+02  0.57303059E+02
  0.57312089E+02  0.57310101E+02  0.57297436E+02  0.57274419E+02  0.57241371E+02
  0.57198583E+02  0.57146373E+02  0.57085040E+02  0.57014896E+02  0.56936237E+02
  0.56849353E+02  0.56754536E+02  0.56652070E+02  0.56542232E+02  0.56425262E+02
  0.56301408E+02  0.56170923E+02  0.56034061E+02  0.55891087E+02  0.55742278E+02
  0.55587895E+02  0.55428176E+02  0.55263340E+02  0.55093598E+02  0.54919140E+02
  0.54740185E+02  0.54556936E+02  0.54369607E+02  0.54178408E+02  0.53983550E+02
  0.53785243E+02  0.53583661E+02  0.53378943E+02  0.53171211E+02  0.52960607E+02
  0.52747294E+02  0.52531420E+02  0.52313164E+02  0.52092656E+02  0.51870039E+02
  0.51645458E+02  0.51419028E+02  0.51190873E+02  0.50961084E+02  0.50729774E+02
  0.50497035E+02  0.50262939E+02  0.50027565E+02  0.49790998E+02  0.49553325E+02
  0.49314644E+02  0.49075053E+02  0.48834656E+02  0.48593537E+02
  0.10000000E+01  0.29026514E+01  0.47219370E+01  0.64624089E+01  0.81495724E+01
  0.97930719E+01  0.11404521E+02  0.12984754E+02  0.14538740E+02  0.16062506E+02
  0.17558617E+02  0.19023512E+02  0.20459746E+02  0.21865140E+02  0.23241823E+02
  0.24588299E+02  0.25906090E+02  0.27194294E+02  0.28453993E+02  0.29684762E+02
  0.30887364E+02  0.32061696E+02  0.33208279E+02  0.34327220E+02  0.35418917E+02
  0.36483631E+02  0.37521710E+02  0.38533457E+02  0.39519209E+02  0.40479258E+02
  0.41413971E+02  0.42323619E+02  0.43208580E+02  0.44069101E+02  0.44905577E+02
  0.45718234E+02  0.46507489E+02  0.47273565E+02  0.48016839E+02  0.48737533E+02
  0.49435998E+02  0.50112469E+02  0.50767284E+02  0.51400671E+02  0.52012952E+02
  0.52604370E+02  0.53175223E+02  0.53725770E+02  0.54256309E+02  0.54767106E+02
  0.55258467E+02  0.55730685E+02  0.56184071E+02  0.56618917E+02  0.57035543E+02
  0.57434269E+02  0.57815428E+02  0.58179318E+02  0.58526260E+02  0.58856556E+02
  0.59170524E+02  0.59468472E+02  0.59750726E+02  0.60017632E+02  0.60269538E+02
  0.60506771E+02  0.60729657E+02  0.60938510E+02  0.61133636E+02  0.61315353E+02
  0.61483967E+02  0.61639765E+02  0.61783045E+02  0.61914087E+02  0.62033179E+02
  0.62140611E+02  0.62236688E+02  0.62321701E+02  0.62395923E+02  0.62459611E+02
  0.62513052E+02  0.62556481E+02  0.62590171E+02  0.62614369E+02  0.62629332E+02
  0.62635317E+02  0.62632567E+02  0.62621346E+02  0.62601884E+02  0.62574407E+02
  0.62539135E+02  0.62496269E+02  0.62446053E+02  0.62388727E+02  0.62324549E+02
  0.62253737E+02  0.62176524E+02  0.62093100E+02  0.62003639E+02  0.61908333E+02
  0.61807391E+02  0.61701003E+02  0.61589366E+02  0.61472698E+02  0.61351203E+02
  0.61225059E+02  0.61094444E+02  0.60959503E+02  0.60820354E+02  0.60677164E+02
  0.60530097E+02  0.60379306E+02  0.60224962E+02  0.60067215E+02  0.59906207E+02
  0.59742080E+02  0.59574958E+02  0.59404969E+02  0.59232232E+02  0.59056861E+02
  0.58878966E+02  0.58698623E+02  0.58515911E+02  0.58330942E+02  0.58143795E+02
  0.57954584E+02  0.57763445E+02  0.57570481E+02  0.57375799E+02
  0.10000000E+01  0.29048071E+01  0.47295923E+01  0.64785894E+01  0.81768135E+01
  0.98335484E+01  0.11459999E+02  0.13056801E+02  0.14628781E+02  0.16171977E+02
  0.17688952E+02  0.19176187E+02  0.20636242E+02  0.22066945E+02  0.23470422E+02
  0.24845150E+02  0.26192654E+02  0.27511986E+02  0.28804231E+02  0.30068912E+02
  0.31306795E+02  0.32517714E+02  0.33702207E+02  0.34860303E+02  0.35992419E+02
  0.37098742E+02  0.38179650E+02  0.39235351E+02  0.40266210E+02  0.41272434E+02
  0.42254415E+02  0.43212352E+02  0.44146638E+02  0.45057463E+02  0.45945215E+02
  0.46810073E+02  0.47652430E+02  0.48472481E+02  0.49270578E+02  0.50046918E+02
  0.50801833E+02  0.51535523E+02  0.52248322E+02  0.52940419E+02  0.53612100E+02
  0.54263578E+02  0.54895134E+02  0.55507003E+02  0.56099464E+02  0.56672767E+02
  0.57227180E+02  0.57762968E+02  0.58280430E+02  0.58779810E+02  0.59261400E+02
  0.59725496E+02  0.60172406E+02  0.60602394E+02  0.61015755E+02  0.61412764E+02
  0.61793713E+02  0.62158875E+02  0.62508551E+02  0.62843052E+02  0.63162699E+02
  0.63467795E+02  0.63758636E+02  0.64035502E+02  0.64298673E+02  0.64548426E+02
  0.64785050E+02  0.65008801E+02  0.65219948E+02  0.65418750E+02  0.65605482E+02
  0.65780409E+02  0.65943799E+02  0.66095903E+02  0.66236980E+02  0.66367263E+02
  0.66487007E+02  0.66596437E+02  0.66695806E+02  0.66785347E+02  0.66865291E+02
  0.66935858E+02  0.66997279E+02  0.67049793E+02  0.67093617E+02  0.67128956E+02
  0.67156020E+02  0.67174994E+02  0.67186090E+02  0.67189533E+02  0.67185568E+02
  0.67174412E+02  0.67156284E+02  0.67131357E+02  0.67099808E+02  0.67061803E+02
  0.67017526E+02  0.66967161E+02  0.66910910E+02  0.66848964E+02  0.66781520E+02
  0.66708758E+02  0.66630837E+02  0.66547892E+02  0.66460038E+02  0.66367425E+02
  0.66270228E+02  0.66168616E+02  0.66062741E+02  0.65952766E+02  0.65838836E+02
  0.65721079E+02  0.65599620E+02  0.65474591E+02  0.65346108E+02  0.65214269E+02
  0.65079201E+02  0.64940995E+02  0.64799732E+02  0.64655517E+02  0.64508457E+02
  0.64358640E+02  0.64206191E+02  0.64051223E+02  0.63893847E+02
  0.10000000E+01  0.29057263E+01  0.47331373E+01  0.64864221E+01  0.81904898E+01
  0.98544594E+01  0.11489341E+02  0.13095596E+02  0.14677982E+02  0.16232540E+02
  0.17761870E+02  0.19262500E+02  0.20737046E+02  0.22183358E+02  0.23603611E+02
  0.24996283E+02  0.26362938E+02  0.27702620E+02  0.29016464E+02  0.30303955E+02
  0.31565930E+02  0.32802168E+02  0.34013269E+02  0.35199205E+02  0.36360469E+02
  0.37497158E+02  0.38609737E+02  0.39698313E+02  0.40763338E+02  0.41804927E+02
  0.42823548E+02  0.43819312E+02  0.44792667E+02  0.45743739E+02  0.46672952E+02
  0.47580443E+02  0.48466610E+02  0.49331628E+02  0.50175846E+02  0.50999438E+02
  0.51802711E+02  0.52585875E+02  0.53349210E+02  0.54092910E+02  0.54817247E+02
  0.55522406E+02  0.56208668E+02  0.56876227E+02  0.57525352E+02  0.58156256E+02
  0.58769213E+02  0.59364449E+02  0.59942236E+02  0.60502803E+02  0.61046435E+02
  0.61573377E+02  0.62083916E+02  0.62578294E+02  0.63056785E+02  0.63519620E+02
  0.63967078E+02  0.64399401E+02  0.64816876E+02  0.65219757E+02  0.65608355E+02
  0.65982942E+02  0.66343787E+02  0.66691154E+02  0.67025280E+02  0.67346423E+02
  0.67654823E+02  0.67950700E+02  0.68234299E+02  0.68505849E+02  0.68765605E+02
  0.69013795E+02  0.69250674E+02  0.69476455E+02  0.69691369E+02  0.69895614E+02
  0.70089404E+02  0.70272948E+02  0.70446481E+02  0.70610207E+02  0.70764336E+02
  0.70909061E+02  0.71044585E+02  0.71171105E+02  0.71288810E+02  0.71397886E+02
  0.71498507E+02  0.71590839E+02  0.71675097E+02  0.71751465E+02  0.71820155E+02
  0.71881371E+02  0.71935305E+02  0.71982105E+02  0.72021938E+02  0.72054956E+02
  0.72081330E+02  0.72101237E+02  0.72114852E+02  0.72122341E+02  0.72123880E+02
  0.72119606E+02  0.72109685E+02  0.72094230E+02  0.72073367E+02  0.72047233E+02
  0.72015987E+02  0.71979778E+02  0.71938748E+02  0.71893028E+02  0.71842772E+02
  0.71788105E+02  0.71729152E+02  0.71666041E+02  0.71598886E+02  0.71527790E+02
  0.71452851E+02  0.71374141E+02  0.71291750E+02  0.71205763E+02  0.71116282E+02
  0.71023421E+02  0.70927300E+02  0.70828017E+02  0.70725683E+02
  0.10000000E+01  0.29090522E+01  0.47447656E+01  0.65107132E+01  0.82310295E+01
  0.99141713E+01  0.11570663E+02  0.13200582E+02  0.14808615E+02  0.16390690E+02
  0.17949453E+02  0.19481348E+02  0.20989041E+02  0.22470270E+02  0.23927229E+02
  0.25358294E+02  0.26765030E+02  0.28146383E+02  0.29503472E+02  0.30835681E+02
  0.32143821E+02  0.33427581E+02  0.34687549E+02  0.35923600E+02  0.37136245E+02
  0.38325465E+02  0.39491746E+02  0.40635066E+02  0.41755909E+02  0.42854270E+02
  0.43930642E+02  0.44985045E+02  0.46017919E+02  0.47029313E+02  0.48019629E+02
  0.48988945E+02  0.49937641E+02  0.50865857E+02  0.51773895E+02  0.52661912E+02
  0.53530176E+02  0.54378855E+02  0.55208207E+02  0.56018402E+02  0.56809672E+02
  0.57582191E+02  0.58336203E+02  0.59071885E+02  0.59789489E+02  0.60489182E+02
  0.61171230E+02  0.61835810E+02  0.62483194E+02  0.63113569E+02  0.63727201E+02
  0.64324300E+02  0.64905135E+02  0.65469892E+02  0.66018827E+02  0.66552155E+02
  0.67070122E+02  0.67572938E+02  0.68060864E+02  0.68534148E+02  0.68993050E+02
  0.69437822E+02  0.69868722E+02  0.70285975E+02  0.70689817E+02  0.71080467E+02
  0.71458169E+02  0.71823098E+02  0.72175489E+02  0.72515550E+02  0.72843496E+02
  0.73159557E+02  0.73463960E+02  0.73756902E+02  0.74038599E+02  0.74309235E+02
  0.74569011E+02  0.74818121E+02  0.75056770E+02  0.75285166E+02  0.75503506E+02
  0.75711952E+02  0.75910722E+02  0.76099979E+02  0.76279920E+02  0.76450695E+02
  0.76612488E+02  0.76765467E+02  0.76909813E+02  0.77045718E+02  0.77173386E+02
  0.77292988E+02  0.77404713E+02  0.77508713E+02  0.77605128E+02  0.77694104E+02
  0.77775825E+02  0.77850449E+02  0.77918148E+02  0.77979079E+02  0.78033427E+02
  0.78081343E+02  0.78122964E+02  0.78158406E+02  0.78187800E+02  0.78211260E+02
  0.78228950E+02  0.78241021E+02  0.78247620E+02  0.78248890E+02  0.78244986E+02
  0.78236021E+02  0.78222131E+02  0.78203424E+02  0.78180007E+02  0.78151987E+02
  0.78119461E+02  0.78082514E+02  0.78041252E+02  0.77995754E+02  0.77946119E+02
  0.77892474E+02  0.77834926E+02  0.77773579E+02  0.77708554E+02
  0.10000000E+01  0.29083633E+01  0.47429222E+01  0.65074669E+01  0.82266277E+01
  0.99089762E+01  0.11565153E+02  0.13195167E+02  0.14803768E+02  0.16386944E+02
  0.17947466E+02  0.19481866E+02  0.20992916E+02  0.22478440E+02  0.23940705E+02
  0.25378145E+02  0.26792394E+02  0.28182451E+02  0.29549516E+02  0.30893024E+02
  0.32213859E+02  0.33511706E+02  0.34787214E+02  0.36040210E+02  0.37271262E+02
  0.38480301E+02  0.39667889E+02  0.40833945E+02  0.41979025E+02  0.43103059E+02
  0.44206588E+02  0.45289564E+02  0.46352479E+02  0.47395322E+02  0.48418525E+02
  0.49422125E+02  0.50406510E+02  0.51371789E+02  0.52318264E+02  0.53246048E+02
  0.54155416E+02  0.55046498E+02  0.55919549E+02  0.56774693E+02  0.57612169E+02
  0.58432097E+02  0.59234715E+02  0.60020159E+02  0.60788671E+02  0.61540374E+02
  0.62275510E+02  0.62994224E+02  0.63696755E+02  0.64383260E+02  0.65053992E+02
  0.65709115E+02  0.66348872E+02  0.66973414E+02  0.67582962E+02  0.68177696E+02
  0.68757835E+02  0.69323560E+02  0.69875113E+02  0.70412704E+02  0.70936556E+02
  0.71446889E+02  0.71943913E+02  0.72427822E+02  0.72898821E+02  0.73357091E+02
  0.73802837E+02  0.74236226E+02  0.74657449E+02  0.75066667E+02  0.75464080E+02
  0.75849861E+02  0.76224204E+02  0.76587289E+02  0.76939300E+02  0.77280390E+02
  0.77610753E+02  0.77930548E+02  0.78239959E+02  0.78539158E+02  0.78828324E+02
  0.79107595E+02  0.79377167E+02  0.79637175E+02  0.79887791E+02  0.80129147E+02
  0.80361398E+02  0.80584683E+02  0.80799158E+02  0.81004981E+02  0.81202362E+02
  0.81391445E+02  0.81572408E+02  0.81745384E+02  0.81910504E+02  0.82067890E+02
  0.82217708E+02  0.82360097E+02  0.82495235E+02  0.82623263E+02  0.82744340E+02
  0.82858618E+02  0.82966216E+02  0.83067223E+02  0.83161778E+02  0.83249996E+02
  0.83332015E+02  0.83407994E+02  0.83478087E+02  0.83542397E+02  0.83601080E+02
  0.83654228E+02  0.83701976E+02  0.83744429E+02  0.83781705E+02  0.83813908E+02
  0.83841138E+02  0.83863482E+02  0.83881015E+02  0.83893814E+02  0.83901993E+02
  0.83905660E+02  0.83904928E+02  0.83899905E+02  0.83890722E+02
  0.10000000E+01  0.29073127E+01  0.47396478E+01  0.65010462E+01  0.82166077E+01
  0.98950469E+01  0.11547216E+02  0.13173084E+02  0.14777501E+02  0.16356437E+02
  0.17912771E+02  0.19443033E+02  0.20950095E+02  0.22431807E+02  0.23890517E+02
  0.25324684E+02  0.26736015E+02  0.28123533E+02  0.29488515E+02  0.30830415E+02
  0.32150178E+02  0.33447500E+02  0.34723089E+02  0.35976743E+02  0.37209106E+02
  0.38420074E+02  0.39610286E+02  0.40779621E+02  0.41928698E+02  0.43057413E+02
  0.44166384E+02  0.45255520E+02  0.46325350E+02  0.47375845E+02  0.48407481E+02
  0.49420255E+02  0.50414603E+02  0.51390607E+02  0.52348602E+02  0.53288688E+02
  0.54211135E+02  0.55116073E+02  0.56003760E+02  0.56874302E+02  0.57727949E+02
  0.58564796E+02  0.59385105E+02  0.60188983E+02  0.60976674E+02  0.61748298E+02
  0.62504091E+02  0.63244192E+02  0.63968855E+02  0.64678215E+02  0.65372507E+02
  0.66051889E+02  0.66716588E+02  0.67366758E+02  0.68002604E+02  0.68624301E+02
  0.69232066E+02  0.69826069E+02  0.70406531E+02  0.70973635E+02  0.71527610E+02
  0.72068659E+02  0.72596986E+02  0.73112782E+02  0.73616234E+02  0.74107511E+02
  0.74586788E+02  0.75054213E+02  0.75509966E+02  0.75954193E+02  0.76387088E+02
  0.76808818E+02  0.77219583E+02  0.77619535E+02  0.78008831E+02  0.78387601E+02
  0.78756029E+02  0.79114263E+02  0.79462471E+02  0.79800811E+02  0.80129453E+02
  0.80448522E+02  0.80758184E+02  0.81058573E+02  0.81349838E+02  0.81632080E+02
  0.81905466E+02  0.82170083E+02  0.82426097E+02  0.82673653E+02  0.82912940E+02
  0.83144102E+02  0.83367306E+02  0.83582657E+02  0.83790294E+02  0.83990331E+02
  0.84182907E+02  0.84368139E+02  0.84546199E+02  0.84717207E+02  0.84881315E+02
  0.85038645E+02  0.85189325E+02  0.85333443E+02  0.85471103E+02  0.85602402E+02
  0.85727495E+02  0.85846502E+02  0.85959558E+02  0.86066789E+02  0.86168322E+02
  0.86264261E+02  0.86354743E+02  0.86439840E+02  0.86519673E+02  0.86594323E+02
  0.86663895E+02  0.86728451E+02  0.86788069E+02  0.86842835E+02  0.86892843E+02
  0.86938184E+02  0.86978981E+02  0.87015331E+02  0.87047327E+02
  0.10000000E+01  0.29099377E+01  0.47489118E+01  0.65204587E+01  0.82491443E+01
  0.99430656E+01  0.11612782E+02  0.13257845E+02  0.14883134E+02  0.16484431E+02
  0.18064733E+02  0.19620442E+02  0.21154536E+02  0.22664727E+02  0.24153425E+02
  0.25618967E+02  0.27063101E+02  0.28484747E+02  0.29885198E+02  0.31263813E+02
  0.32621552E+02  0.33958008E+02  0.35273899E+02  0.36568945E+02  0.37843803E+02
  0.39098272E+02  0.40333034E+02  0.41547846E+02  0.42743384E+02  0.43919415E+02
  0.45076602E+02  0.46214748E+02  0.47334425E+02  0.48435518E+02  0.49518514E+02
  0.50583365E+02  0.51630490E+02  0.52659929E+02  0.53671984E+02  0.54666733E+02
  0.55644425E+02  0.56605172E+02  0.57549220E+02  0.58476643E+02  0.59387657E+02
  0.60282349E+02  0.61160942E+02  0.62023523E+02  0.62870337E+02  0.63701478E+02
  0.64517174E+02  0.65317535E+02  0.66102782E+02  0.66873032E+02  0.67628506E+02
  0.68369326E+02  0.69095735E+02  0.69807828E+02  0.70505824E+02  0.71189852E+02
  0.71860114E+02  0.72516750E+02  0.73159961E+02  0.73789930E+02  0.74406848E+02
  0.75010911E+02  0.75602304E+02  0.76181195E+02  0.76747757E+02  0.77302126E+02
  0.77844481E+02  0.78374954E+02  0.78893711E+02  0.79400884E+02  0.79896661E+02
  0.80381170E+02  0.80854599E+02  0.81317080E+02  0.81768771E+02  0.82209788E+02
  0.82640305E+02  0.83060457E+02  0.83470407E+02  0.83870300E+02  0.84260285E+02
  0.84640492E+02  0.85011064E+02  0.85372119E+02  0.85723812E+02  0.86066222E+02
  0.86399512E+02  0.86723763E+02  0.87039144E+02  0.87345787E+02  0.87643865E+02
  0.87933502E+02  0.88214871E+02  0.88488060E+02  0.88753207E+02  0.89010421E+02
  0.89259832E+02  0.89501582E+02  0.89735802E+02  0.89962607E+02  0.90182165E+02
  0.90394547E+02  0.90599897E+02  0.90798287E+02  0.90989830E+02  0.91174623E+02
  0.91352805E+02  0.91524484E+02  0.91689825E+02  0.91848919E+02  0.92001903E+02
  0.92148884E+02  0.92289983E+02  0.92425283E+02  0.92554890E+02  0.92678895E+02
  0.92797386E+02  0.92910424E+02  0.93018092E+02  0.93120462E+02  0.93217637E+02
  0.93309705E+02  0.93396790E+02  0.93478973E+02  0.93556360E+02
  0.10000000E+01  0.29053829E+01  0.47337487E+01  0.64895406E+01  0.81988577E+01
  0.98704790E+01  0.11515840E+02  0.13134626E+02  0.14732042E+02  0.16303839E+02
  0.17853217E+02  0.19376586E+02  0.20877079E+02  0.22352512E+02  0.23805408E+02
  0.25234245E+02  0.26640856E+02  0.28024317E+02  0.29386029E+02  0.30725504E+02
  0.32043802E+02  0.33340640E+02  0.34616815E+02  0.35872116E+02  0.37107278E+02
  0.38322158E+02  0.39517540E+02  0.40693234E+02  0.41850016E+02  0.42987699E+02
  0.44107034E+02  0.45207860E+02  0.46290826E+02  0.47355816E+02  0.48403420E+02
  0.49433568E+02  0.50446778E+02  0.51443097E+02  0.52422921E+02  0.53386317E+02
  0.54333606E+02  0.55264884E+02  0.56180446E+02  0.57080355E+02  0.57964900E+02
  0.58834137E+02  0.59688361E+02  0.60527648E+02  0.61352263E+02  0.62162308E+02
  0.62958037E+02  0.63739556E+02  0.64507128E+02  0.65260877E+02  0.66001045E+02
  0.66727777E+02  0.67441301E+02  0.68141742E+02  0.68829302E+02  0.69504130E+02
  0.70166440E+02  0.70816392E+02  0.71454201E+02  0.72080048E+02  0.72694147E+02
  0.73296690E+02  0.73887861E+02  0.74467831E+02  0.75036773E+02  0.75594831E+02
  0.76142183E+02  0.76678941E+02  0.77205286E+02  0.77721339E+02  0.78227269E+02
  0.78723207E+02  0.79209330E+02  0.79685754E+02  0.80152643E+02  0.80610101E+02
  0.81058280E+02  0.81497304E+02  0.81927334E+02  0.82348478E+02  0.82760899E+02
  0.83164680E+02  0.83559995E+02  0.83946922E+02  0.84325612E+02  0.84696118E+02
  0.85058573E+02  0.85413061E+02  0.85759707E+02  0.86098627E+02  0.86430016E+02
  0.86753965E+02  0.87070638E+02  0.87380099E+02  0.87682472E+02  0.87977820E+02
  0.88266287E+02  0.88547952E+02  0.88822955E+02  0.89091389E+02  0.89353394E+02
  0.89609032E+02  0.89858406E+02  0.90101573E+02  0.90338639E+02  0.90569655E+02
  0.90794767E+02  0.91014064E+02  0.91227690E+02  0.91435705E+02  0.91638242E+02
  0.91835376E+02  0.92027217E+02  0.92213830E+02  0.92395320E+02  0.92571730E+02
  0.92743147E+02  0.92909600E+02  0.93071159E+02  0.93227869E+02  0.93379822E+02
  0.93527090E+02  0.93669783E+02  0.93807978E+02  0.93941762E+02
   128
  0.10000000E+01  0.25770154E+01  0.36230268E+01  0.41718399E+01  0.43803011E+01
  0.43417316E+01  0.41557647E+01  0.38708833E+01  0.35286630E+01  0.31551174E+01
  0.27660084E+01  0.23795499E+01  0.20082142E+01  0.16618971E+01  0.13476697E+01
  0.10691599E+01  0.83168078E+00  0.63276330E+00  0.47431925E+00  0.35040840E+00
  0.25927896E+00  0.19142561E+00  0.14340159E+00  0.10903009E+00  0.84584960E-01
  0.66449762E-01  0.52476821E-01  0.41296635E-01  0.32199672E-01  0.24890293E-01
  0.18999463E-01  0.14013602E-01  0.96829451E-02  0.62550094E-02  0.38003836E-02
  0.20379017E-02  0.75075030E-03 -0.11615902E-04  0.00000000E+00  0.00000000E+00
  0.00000000E+00  0.00000000E+00  0.00000000E+00  0.00000000E+00  0.00000000E+00
  0.00000000E+00  0.00000000E+00  0.00000000E+00  0.00000000E+00  0.00000000E+00
  0.00000000E+00  0.00000000E+00  0.00000000E+00  0.00000000E+00  0.00000000E+00
  0.00000000E+00  0.00000000E+00  0.00000000E+00  0.00000000E+00  0.00000000E+00
  0.00000000E+00  0.00000000E+00  0.00000000E+00  0.00000000E+00  0.00000000E+00
  0.00000000E+00  0.00000000E+00  0.00000000E+00  0.00000000E+00  0.00000000E+00
  0.00000000E+00  0.00000000E+00  0.00000000E+00  0.00000000E+00  0.00000000E+00
  0.00000000E+00  0.00000000E+00  0.00000000E+00  0.00000000E+00  0.00000000E+00
  0.00000000E+00  0.00000000E+00  0.00000000E+00  0.00000000E+00  0.00000000E+00
  0.00000000E+00  0.00000000E+00  0.00000000E+00  0.00000000E+00  0.00000000E+00
  0.00000000E+00  0.00000000E+00  0.00000000E+00  0.00000000E+00  0.00000000E+00
  0.00000000E+00  0.00000000E+00  0.00000000E+00  0.00000000E+00  0.00000000E+00
  0.00000000E+00  0.00000000E+00  0.00000000E+00  0.00000000E+00  0.00000000E+00
  0.00000000E+00  0.00000000E+00  0.00000000E+00  0.00000000E+00  0.00000000E+00
  0.00000000E+00  0.00000000E+00  0.00000000E+00  0.00000000E+00  0.00000000E+00
  0.00000000E+00  0.00000000E+00  0.00000000E+00  0.00000000E+00  0.00000000E+00
  0.00000000E+00  0.00000000E+00  0.00000000E+00  0.00000000E+00  0.00000000E+00
  0.00000000E+00  0.00000000E+00  0.00000000E+00  0.00000000E+00
  0.10000000E+01  0.26251233E+01  0.38019056E+01  0.45898077E+01  0.51063067E+01
  0.54109862E+01  0.55619490E+01  0.55838855E+01  0.55036358E+01  0.53364747E+01
  0.50925323E+01  0.47881537E+01  0.44366498E+01  0.40553526E+01  0.36569976E+01
  0.32560253E+01  0.28660226E+01  0.24958403E+01  0.21561024E+01  0.18489509E+01
  0.15797677E+01  0.13435393E+01  0.11406124E+01  0.96541593E+00  0.81524904E+00
  0.68615407E+00  0.57555903E+00  0.48103796E+00  0.40069936E+00  0.33274624E+00
  0.27553072E+00  0.22727132E+00  0.18660215E+00  0.15262101E+00  0.12442280E+00
  0.10092728E+00  0.81305105E-01  0.65138073E-01  0.52051757E-01  0.41479018E-01
  0.32833332E-01  0.25742889E-01  0.19917410E-01  0.15116808E-01  0.11272654E-01
  0.83052807E-02  0.60410609E-02  0.43184971E-02  0.30283086E-02  0.21058412E-02
  0.15023662E-02  0.11443471E-02  0.93555628E-03  0.77753474E-03  0.62953228E-03
  0.50393149E-03  0.44485409E-03  0.46785799E-03  0.52168191E-03  0.54294170E-03
  0.52498578E-03  0.48255900E-03  0.41219475E-03  0.31152699E-03  0.19659905E-03
  0.11355795E-03  0.83067834E-04  0.78195334E-04  0.79961007E-04  0.88718836E-04
  0.10370441E-03  0.98029402E-04  0.52974499E-04 -0.36430577E-05  0.00000000E+00
  0.00000000E+00  0.00000000E+00  0.00000000E+00  0.00000000E+00  0.00000000E+00
  0.00000000E+00  0.00000000E+00  0.00000000E+00  0.00000000E+00  0.00000000E+00
  0.00000000E+00  0.00000000E+00  0.00000000E+00  0.00000000E+00  0.00000000E+00
  0.00000000E+00  0.00000000E+00  0.00000000E+00  0.00000000E+00  0.00000000E+00
  0.00000000E+00  0.00000000E+00  0.00000000E+00  0.00000000E+00  0.00000000E+00
  0.00000000E+00  0.00000000E+00  0.00000000E+00  0.00000000E+00  0.00000000E+00
  0.00000000E+00  0.00000000E+00  0.00000000E+00  0.00000000E+00  0.00000000E+00
  0.00000000E+00  0.00000000E+00  0.00000000E+00  0.00000000E+00  0.00000000E+00
  0.00000000E+00  0.00000000E+00  0.00000000E+00  0.00000000E+00  0.00000000E+00
  0.00000000E+00  0.00000000E+00  0.00000000E+00  0.00000000E+00  0.00000000E+00
  0.00000000E+00  0.00000000E+00  0.00000000E+00  0.00000000E+00
  0.10000000E+01  0.26674934E+01  0.39457086E+01  0.48982321E+01  0.56223988E+01
  0.61664476E+01  0.65700800E+01  0.68478615E+01  0.70163321E+01  0.70836658E+01
  0.70569860E+01  0.69460097E+01  0.67605062E+01  0.65133497E+01  0.62149792E+01
  0.58785671E+01  0.55170270E+01  0.51414377E+01  0.47643187E+01  0.43924870E+01
  0.40351621E+01  0.36932570E+01  0.33713500E+01  0.30685016E+01  0.27858970E+01
  0.25230120E+01  0.22800194E+01  0.20563871E+01  0.18516794E+01  0.16649146E+01
  0.14951584E+01  0.13409431E+01  0.12010206E+01  0.10743502E+01  0.95984492E+00
  0.85631079E+00  0.76277430E+00  0.67857911E+00  0.60310151E+00  0.53553484E+00
  0.47504823E+00  0.42094619E+00  0.37261908E+00  0.32950118E+00  0.29113124E+00
  0.25706749E+00  0.22686707E+00  0.20011895E+00  0.17644236E+00  0.15553547E+00
  0.13709511E+00  0.12085261E+00  0.10650938E+00  0.93786427E-01  0.82465824E-01
  0.72428851E-01  0.63588403E-01  0.55835501E-01  0.49001506E-01  0.42949681E-01
  0.37589327E-01  0.32866209E-01  0.28688287E-01  0.24973552E-01  0.21675127E-01
  0.18777500E-01  0.16277144E-01  0.14133374E-01  0.12276217E-01  0.10650784E-01
  0.92380293E-02  0.80262676E-02  0.69976182E-02  0.61174567E-02  0.53836158E-02
  0.47781826E-02  0.42842231E-02  0.38853924E-02  0.35514136E-02  0.32532171E-02
  0.29626834E-02  0.26867537E-02  0.24382729E-02  0.22073285E-02  0.19961559E-02
  0.18150882E-02  0.16584531E-02  0.15248091E-02  0.14032043E-02  0.12903684E-02
  0.11819609E-02  0.10630581E-02  0.91794036E-03  0.74611019E-03  0.56791456E-03
  0.43439583E-03  0.36582395E-03  0.33353020E-03  0.32607173E-03  0.33805126E-03
  0.36521905E-03  0.40865139E-03  0.44009995E-03  0.44381169E-03  0.42072388E-03
  0.39254231E-03  0.37569495E-03  0.32599580E-03  0.25052120E-03  0.16436279E-03
  0.92055114E-04  0.45940837E-04  0.14287801E-04 -0.30053467E-04  0.00000000E+00
  0.00000000E+00  0.00000000E+00  0.00000000E+00  0.00000000E+00  0.00000000E+00
  0.00000000E+00  0.00000000E+00  0.00000000E+00  0.00000000E+00  0.00000000E+00
  0.00000000E+00  0.00000000E+00  0.00000000E+00  0.00000000E+00
  0.10000000E+01  0.27056128E+01  0.40710523E+01  0.51517187E+01  0.60304168E+01
  0.67510298E+01  0.73470180E+01  0.78303519E+01  0.82115002E+01  0.84954105E+01
  0.86875810E+01  0.87941239E+01  0.88224762E+01  0.87808560E+01  0.86764969E+01
  0.85178260E+01  0.83137213E+01  0.80721498E+01  0.78027149E+01  0.75117369E+01
  0.72075142E+01  0.68931250E+01  0.65742782E+01  0.62530220E+01  0.59328454E+01
  0.56158859E+01  0.53047043E+01  0.50010414E+01  0.47065629E+01  0.44221842E+01
  0.41488016E+01  0.38866917E+01  0.36361278E+01  0.33973751E+01  0.31704323E+01
  0.29551022E+01  0.27512203E+01  0.25587157E+01  0.23774213E+01  0.22069862E+01
  0.20469399E+01  0.18968402E+01  0.17562000E+01  0.16245530E+01  0.15014871E+01
  0.13865749E+01  0.12793889E+01  0.11795304E+01  0.10865763E+01  0.10002193E+01
  0.92005652E+00  0.84573471E+00  0.77683327E+00  0.71297241E+00  0.65380368E+00
  0.59904052E+00  0.54841876E+00  0.50168342E+00  0.45856885E+00  0.41880905E+00
  0.38217076E+00  0.34844382E+00  0.31741442E+00  0.28887832E+00  0.26263301E+00
  0.23850769E+00  0.21635775E+00  0.19604801E+00  0.17744548E+00  0.16040371E+00
  0.14480516E+00  0.13053589E+00  0.11750097E+00  0.10561337E+00  0.94777077E-01
  0.84905365E-01  0.75920402E-01  0.67766761E-01  0.60365379E-01  0.53682334E-01
  0.47672571E-01  0.42284674E-01  0.37449827E-01  0.33087156E-01  0.29152851E-01
  0.25612454E-01  0.22429523E-01  0.19579424E-01  0.17009071E-01  0.14697384E-01
  0.12646893E-01  0.10842608E-01  0.92662628E-02  0.78532965E-02  0.66108261E-02
  0.55411553E-02  0.46496811E-02  0.39225449E-02  0.33241940E-02  0.28722457E-02
  0.25529499E-02  0.23389267E-02  0.21748211E-02  0.20008599E-02  0.18317437E-02
  0.16845833E-02  0.15622507E-02  0.14204349E-02  0.12566135E-02  0.11266163E-02
  0.10799571E-02  0.10869542E-02  0.11109482E-02  0.11410992E-02  0.11754527E-02
  0.12219837E-02  0.12307713E-02  0.11618852E-02  0.10122161E-02  0.83630207E-03
  0.68730591E-03  0.56691737E-03  0.47702454E-03  0.40918404E-03  0.37194264E-03
  0.38792236E-03  0.41546713E-03  0.41324664E-03  0.38122075E-03
  0.10000000E+01  0.27372336E+01  0.41756347E+01  0.53642013E+01  0.63732780E+01
  0.72419215E+01  0.79984850E+01  0.86530449E+01  0.92120528E+01  0.96779427E+01
  0.10054454E+02  0.10345384E+02  0.10556448E+02  0.10693346E+02  0.10761444E+02
  0.10766565E+02  0.10715131E+02  0.10613176E+02  0.10468193E+02  0.10285749E+02
  0.10073016E+02  0.98337287E+01  0.95735392E+01  0.92956280E+01  0.90042472E+01
  0.87026247E+01  0.83942724E+01  0.80819408E+01  0.77682721E+01  0.74551897E+01
  0.71445965E+01  0.68378014E+01  0.65360127E+01  0.62403870E+01  0.59517715E+01
  0.56708393E+01  0.53981730E+01  0.51343221E+01  0.48796518E+01  0.46343102E+01
  0.43983002E+01  0.41715321E+01  0.39538352E+01  0.37450457E+01  0.35449690E+01
  0.33533852E+01  0.31700850E+01  0.29948748E+01  0.28274876E+01  0.26677849E+01
  0.25154899E+01  0.23704044E+01  0.22322272E+01  0.21007078E+01  0.19756246E+01
  0.18568177E+01  0.17441398E+01  0.16374192E+01  0.15364542E+01  0.14410550E+01
  0.13510372E+01  0.12662100E+01  0.11863500E+01  0.11111889E+01  0.10404560E+01
  0.97389760E+00  0.91129411E+00  0.85240147E+00  0.79699509E+00  0.74486081E+00
  0.69582034E+00  0.64974490E+00  0.60649585E+00  0.56591328E+00  0.52782691E+00
  0.49207839E+00  0.45851831E+00  0.42702492E+00  0.39749660E+00  0.36982496E+00
  0.34392554E+00  0.31972037E+00  0.29712402E+00  0.27601959E+00  0.25627124E+00
  0.23774695E+00  0.22035222E+00  0.20401979E+00  0.18872691E+00  0.17445452E+00
  0.16114130E+00  0.14874400E+00  0.13720492E+00  0.12651748E+00  0.11666586E+00
  0.10762712E+00  0.99325376E-01  0.91695086E-01  0.84699049E-01  0.78285404E-01
  0.72398476E-01  0.66954164E-01  0.61901763E-01  0.57192375E-01  0.52813753E-01
  0.48744695E-01  0.44964843E-01  0.41472149E-01  0.38264174E-01  0.35351200E-01
  0.32699631E-01  0.30257571E-01  0.28007976E-01  0.25908550E-01  0.23942582E-01
  0.22104444E-01  0.20382755E-01  0.18809102E-01  0.17386024E-01  0.16102297E-01
  0.14935152E-01  0.13861749E-01  0.12881552E-01  0.11988846E-01  0.11151277E-01
  0.10340398E-01  0.95556792E-02  0.88080726E-02  0.81154329E-02
  0.10000000E+01  0.27582761E+01  0.42444726E+01  0.55020355E+01  0.65938736E+01
  0.75561690E+01  0.84154589E+01  0.91816462E+01  0.98598030E+01  0.10451219E+02
  0.10958483E+02  0.11384227E+02  0.11733030E+02  0.12009347E+02  0.12217453E+02
  0.12361813E+02  0.12447386E+02  0.12478892E+02  0.12462263E+02  0.12402088E+02
  0.12304292E+02  0.12172245E+02  0.12010877E+02  0.11823285E+02  0.11613456E+02
  0.11384612E+02  0.11140232E+02  0.10883170E+02  0.10616188E+02  0.10341453E+02
  0.10061155E+02  0.97769843E+01  0.94905294E+01  0.92033284E+01  0.89166365E+01
  0.86315454E+01  0.83490500E+01  0.80700868E+01  0.77953756E+01  0.75254527E+01
  0.72606849E+01  0.70013408E+01  0.67475804E+01  0.64995751E+01  0.62574473E+01
  0.60212550E+01  0.57910781E+01  0.55669884E+01  0.53489613E+01  0.51370917E+01
  0.49313285E+01  0.47316853E+01  0.45380679E+01  0.43504250E+01  0.41687404E+01
  0.39930102E+01  0.38232325E+01  0.36593896E+01  0.35014401E+01  0.33493421E+01
  0.32030713E+01  0.30625718E+01  0.29277439E+01  0.27984351E+01  0.26744826E+01
  0.25557129E+01  0.24419122E+01  0.23328992E+01  0.22284806E+01  0.21284888E+01
  0.20327759E+01  0.19412132E+01  0.18536811E+01  0.17700343E+01  0.16900930E+01
  0.16136638E+01  0.15405451E+01  0.14705888E+01  0.14036794E+01  0.13397079E+01
  0.12785931E+01  0.12202207E+01  0.11644759E+01  0.11112250E+01  0.10602984E+01
  0.10115172E+01  0.96475161E+00  0.91991559E+00  0.87699797E+00  0.83601616E+00
  0.79693236E+00  0.75968388E+00  0.72416941E+00  0.69033637E+00  0.65813236E+00
  0.62747727E+00  0.59829136E+00  0.57050003E+00  0.54402815E+00  0.51881582E+00
  0.49478767E+00  0.47182938E+00  0.44985652E+00  0.42878437E+00  0.40858589E+00
  0.38925533E+00  0.37079060E+00  0.35318228E+00  0.33642388E+00  0.32050845E+00
  0.30539547E+00  0.29102902E+00  0.27733428E+00  0.26425119E+00  0.25174061E+00
  0.23977282E+00  0.22832318E+00  0.21737095E+00  0.20692886E+00  0.19699865E+00
  0.18757080E+00  0.17862048E+00  0.17009799E+00  0.16195605E+00  0.15418131E+00
  0.14674092E+00  0.13960684E+00  0.13276591E+00  0.12623608E+00
  0.10000000E+01  0.27902144E+01  0.43491097E+01  0.57125569E+01  0.69324847E+01
  0.80401219E+01  0.90585619E+01  0.99970892E+01  0.10858818E+02  0.11643353E+02
  0.12351580E+02  0.12984404E+02  0.13544720E+02  0.14035295E+02  0.14458941E+02
  0.14818357E+02  0.15116611E+02  0.15356781E+02  0.15542782E+02  0.15677968E+02
  0.15766588E+02  0.15811481E+02  0.15816493E+02  0.15784474E+02  0.15718924E+02
  0.15622874E+02  0.15499573E+02  0.15351835E+02  0.15182445E+02  0.14993748E+02
  0.14788156E+02  0.14567713E+02  0.14334363E+02  0.14090025E+02  0.13836399E+02
  0.13575048E+02  0.13307392E+02  0.13034784E+02  0.12758354E+02  0.12479074E+02
  0.12197773E+02  0.11915161E+02  0.11631840E+02  0.11348430E+02  0.11065455E+02
  0.10783379E+02  0.10502675E+02  0.10223804E+02  0.99471161E+01  0.96730365E+01
  0.94018671E+01  0.91339653E+01  0.88695753E+01  0.86089690E+01  0.83524386E+01
  0.81002726E+01  0.78527358E+01  0.76100861E+01  0.73725501E+01  0.71403466E+01
  0.69136767E+01  0.66926749E+01  0.64774428E+01  0.62680339E+01  0.60644533E+01
  0.58666509E+01  0.56745349E+01  0.54880120E+01  0.53069739E+01  0.51313309E+01
  0.49610291E+01  0.47960187E+01  0.46362477E+01  0.44816148E+01  0.43319678E+01
  0.41871064E+01  0.40468531E+01  0.39110810E+01  0.37796910E+01  0.36525998E+01
  0.35297260E+01  0.34109657E+01  0.32961687E+01  0.31851465E+01  0.30776838E+01
  0.29735610E+01  0.28726366E+01  0.27748403E+01  0.26801561E+01  0.25886085E+01
  0.25001827E+01  0.24148381E+01  0.23324844E+01  0.22530084E+01  0.21762703E+01
  0.21021234E+01  0.20304565E+01  0.19612052E+01  0.18943217E+01  0.18297148E+01
  0.17672808E+01  0.17068749E+01  0.16483742E+01  0.15916962E+01  0.15367753E+01
  0.14835950E+01  0.14321351E+01  0.13823746E+01  0.13343007E+01  0.12878724E+01
  0.12430705E+01  0.11998282E+01  0.11580624E+01  0.11176900E+01  0.10786110E+01
  0.10407608E+01  0.10040926E+01  0.96859944E+00  0.93426555E+00  0.90110222E+00
  0.86911440E+00  0.83825950E+00  0.80848962E+00  0.77974831E+00  0.75195676E+00
  0.72507287E+00  0.69905936E+00  0.67389534E+00  0.64958275E+00
  0.10000000E+01  0.28151563E+01  0.44303150E+01  0.58750106E+01  0.71936717E+01
  0.84136594E+01  0.95559446E+01  0.10629627E+02  0.11637231E+02  0.12577452E+02
  0.13450158E+02  0.14255100E+02  0.14993978E+02  0.15668399E+02  0.16280209E+02
  0.16831024E+02  0.17322770E+02  0.17757414E+02  0.18137506E+02  0.18465325E+02
  0.18743791E+02  0.18975005E+02  0.19161783E+02  0.19306366E+02  0.19411507E+02
  0.19479639E+02  0.19513418E+02  0.19515194E+02  0.19487383E+02  0.19432097E+02
  0.19351544E+02  0.19247651E+02  0.19122322E+02  0.18977433E+02  0.18814730E+02
  0.18635860E+02  0.18442362E+02  0.18235677E+02  0.18017065E+02  0.17787700E+02
  0.17548647E+02  0.17300855E+02  0.17045196E+02  0.16782530E+02  0.16513658E+02
  0.16239327E+02  0.15960300E+02  0.15677317E+02  0.15391004E+02  0.15102034E+02
  0.14811013E+02  0.14518579E+02  0.14225265E+02  0.13931636E+02  0.13638234E+02
  0.13345616E+02  0.13054298E+02  0.12764796E+02  0.12477595E+02  0.12193138E+02
  0.11911847E+02  0.11634094E+02  0.11360226E+02  0.11090525E+02  0.10825205E+02
  0.10564413E+02  0.10308252E+02  0.10056809E+02  0.98101602E+01  0.95683829E+01
  0.93315488E+01  0.90997367E+01  0.88730055E+01  0.86513674E+01  0.84347673E+01
  0.82230741E+01  0.80161898E+01  0.78140591E+01  0.76166337E+01  0.74238918E+01
  0.72358386E+01  0.70524319E+01  0.68735817E+01  0.66991245E+01  0.65288441E+01
  0.63625212E+01  0.62000068E+01  0.60412602E+01  0.58863183E+01  0.57352507E+01
  0.55880616E+01  0.54447154E+01  0.53051283E+01  0.51691671E+01  0.50366805E+01
  0.49075380E+01  0.47816298E+01  0.46588981E+01  0.45392976E+01  0.44227403E+01
  0.43091096E+01  0.41982587E+01  0.40900601E+01  0.39844144E+01  0.38812521E+01
  0.37805348E+01  0.36822539E+01  0.35864055E+01  0.34929906E+01  0.34019909E+01
  0.33133430E+01  0.32269722E+01  0.31427805E+01  0.30606879E+01  0.29806104E+01
  0.29024355E+01  0.28261010E+01  0.27515911E+01  0.26789047E+01  0.26080535E+01
  0.25390288E+01  0.24717868E+01  0.24062754E+01  0.23424401E+01  0.22802107E+01
  0.22195348E+01  0.21603539E+01  0.21026275E+01  0.20463627E+01
  0.10000000E+01  0.28378294E+01  0.45039819E+01  0.60221578E+01  0.74306050E+01
  0.87529660E+01  0.10008321E+02  0.11205469E+02  0.12346946E+02  0.13430855E+02
  0.14456482E+02  0.15422612E+02  0.16330064E+02  0.17179472E+02  0.17972009E+02
  0.18708476E+02  0.19390045E+02  0.20017826E+02  0.20593418E+02  0.21118213E+02
  0.21594125E+02  0.22022504E+02  0.22405254E+02  0.22743881E+02  0.23040372E+02
  0.23296429E+02  0.23514033E+02  0.23694901E+02  0.23840901E+02  0.23953672E+02
  0.24035015E+02  0.24086506E+02  0.24109800E+02  0.24106482E+02  0.24078120E+02
  0.24026182E+02  0.23952105E+02  0.23857230E+02  0.23742789E+02  0.23609956E+02
  0.23459846E+02  0.23293490E+02  0.23111875E+02  0.22915998E+02  0.22706804E+02
  0.22485204E+02  0.22252128E+02  0.22008519E+02  0.21755200E+02  0.21493014E+02
  0.21222764E+02  0.20945289E+02  0.20661337E+02  0.20371694E+02  0.20077139E+02
  0.19778406E+02  0.19476237E+02  0.19171353E+02  0.18864444E+02  0.18556190E+02
  0.18247250E+02  0.17938216E+02  0.17629640E+02  0.17322039E+02  0.17015854E+02
  0.16711461E+02  0.16409182E+02  0.16109296E+02  0.15812081E+02  0.15517813E+02
  0.15226747E+02  0.14939131E+02  0.14655183E+02  0.14375049E+02  0.14098808E+02
  0.13826501E+02  0.13558185E+02  0.13293902E+02  0.13033703E+02  0.12777635E+02
  0.12525766E+02  0.12278165E+02  0.12034852E+02  0.11795775E+02  0.11560786E+02
  0.11329693E+02  0.11102405E+02  0.10878951E+02  0.10659423E+02  0.10443938E+02
  0.10232542E+02  0.10025218E+02  0.98218972E+01  0.96224626E+01  0.94267993E+01
  0.92347931E+01  0.90463440E+01  0.88614369E+01  0.86800766E+01  0.85022010E+01
  0.83277236E+01  0.81565104E+01  0.79884621E+01  0.78234952E+01  0.76615369E+01
  0.75025638E+01  0.73465465E+01  0.71934719E+01  0.70433494E+01  0.68961568E+01
  0.67518508E+01  0.66103777E+01  0.64716756E+01  0.63356627E+01  0.62022634E+01
  0.60713828E+01  0.59429293E+01  0.58168786E+01  0.56932441E+01  0.55720601E+01
  0.54533281E+01  0.53369952E+01  0.52229844E+01  0.51112151E+01  0.50016257E+01
  0.48941560E+01  0.47887666E+01  0.46854438E+01  0.45841874E+01
  0.10000000E+01  0.28550980E+01  0.45601630E+01  0.61343041E+01  0.76118405E+01
  0.90133751E+01  0.10356522E+02  0.11649447E+02  0.12895193E+02  0.14091595E+02
  0.15238007E+02  0.16332562E+02  0.17375771E+02  0.18367525E+02  0.19308759E+02
  0.20199695E+02  0.21041263E+02  0.21833986E+02  0.22579051E+02  0.23277190E+02
  0.23929801E+02  0.24537630E+02  0.25102058E+02  0.25623963E+02  0.26104815E+02
  0.26545660E+02  0.26947968E+02  0.27312837E+02  0.27641673E+02  0.27935567E+02
  0.28195890E+02  0.28423739E+02  0.28620386E+02  0.28786992E+02  0.28924775E+02
  0.29034847E+02  0.29118363E+02  0.29176373E+02  0.29209913E+02  0.29219947E+02
  0.29207446E+02  0.29173300E+02  0.29118403E+02  0.29043677E+02  0.28950009E+02
  0.28838257E+02  0.28709312E+02  0.28564062E+02  0.28403335E+02  0.28227977E+02
  0.28038826E+02  0.27836749E+02  0.27622551E+02  0.27397053E+02  0.27161075E+02
  0.26915442E+02  0.26660961E+02  0.26398457E+02  0.26128724E+02  0.25852531E+02
  0.25570634E+02  0.25283745E+02  0.24992549E+02  0.24697717E+02  0.24399849E+02
  0.24099479E+02  0.23797125E+02  0.23493249E+02  0.23188299E+02  0.22882729E+02
  0.22576949E+02  0.22271359E+02  0.21966317E+02  0.21662152E+02  0.21359122E+02
  0.21057441E+02  0.20757328E+02  0.20458968E+02  0.20162548E+02  0.19868253E+02
  0.19576273E+02  0.19286801E+02  0.18999965E+02  0.18715813E+02  0.18434342E+02
  0.18155535E+02  0.17879405E+02  0.17606071E+02  0.17335707E+02  0.17068452E+02
  0.16804411E+02  0.16543620E+02  0.16286070E+02  0.16031732E+02  0.15780539E+02
  0.15532432E+02  0.15287405E+02  0.15045486E+02  0.14806717E+02  0.14571099E+02
  0.14338568E+02  0.14109034E+02  0.13882427E+02  0.13658716E+02  0.13437897E+02
  0.13219963E+02  0.13004911E+02  0.12792735E+02  0.12583442E+02  0.12377019E+02
  0.12173461E+02  0.11972768E+02  0.11774911E+02  0.11579835E+02  0.11387468E+02
  0.11197736E+02  0.11010566E+02  0.10825941E+02  0.10643900E+02  0.10464495E+02
  0.10287727E+02  0.10113559E+02  0.99419303E+01  0.97727890E+01  0.96060854E+01
  0.94417844E+01  0.92798640E+01  0.91202952E+01  0.89630856E+01
  0.10000000E+01  0.28705239E+01  0.46106790E+01  0.62354483E+01  0.77757404E+01
  0.92492718E+01  0.10672198E+02  0.12051770E+02  0.13391519E+02  0.14688946E+02
  0.15943679E+02  0.17153238E+02  0.18318062E+02  0.19437369E+02  0.20512014E+02
  0.21541668E+02  0.22527144E+02  0.23468423E+02  0.24366444E+02  0.25221389E+02
  0.26034319E+02  0.26805468E+02  0.27535873E+02  0.28225873E+02  0.28876559E+02
  0.29488430E+02  0.30062588E+02  0.30599612E+02  0.31100569E+02  0.31566084E+02
  0.31997188E+02  0.32394558E+02  0.32759156E+02  0.33091758E+02  0.33393315E+02
  0.33664597E+02  0.33906510E+02  0.34119819E+02  0.34305342E+02  0.34463810E+02
  0.34596022E+02  0.34702726E+02  0.34784675E+02  0.34842634E+02  0.34877379E+02
  0.34889663E+02  0.34880266E+02  0.34849996E+02  0.34799617E+02  0.34729907E+02
  0.34641649E+02  0.34535648E+02  0.34412689E+02  0.34273577E+02  0.34119127E+02
  0.33950135E+02  0.33767413E+02  0.33571803E+02  0.33364108E+02  0.33145125E+02
  0.32915652E+02  0.32676449E+02  0.32428277E+02  0.32171864E+02  0.31907900E+02
  0.31637041E+02  0.31359903E+02  0.31077084E+02  0.30789171E+02  0.30496732E+02
  0.30200293E+02  0.29900382E+02  0.29597511E+02  0.29292131E+02  0.28984661E+02
  0.28675474E+02  0.28364905E+02  0.28053294E+02  0.27740942E+02  0.27428164E+02
  0.27115268E+02  0.26802556E+02  0.26490280E+02  0.26178627E+02  0.25867724E+02
  0.25557684E+02  0.25248653E+02  0.24940827E+02  0.24634467E+02  0.24329787E+02
  0.24026963E+02  0.23726113E+02  0.23427303E+02  0.23130561E+02  0.22835919E+02
  0.22543404E+02  0.22253073E+02  0.21965035E+02  0.21679365E+02  0.21396096E+02
  0.21115229E+02  0.20836746E+02  0.20560638E+02  0.20286915E+02  0.20015614E+02
  0.19746769E+02  0.19480389E+02  0.19216496E+02  0.18955118E+02  0.18696256E+02
  0.18439935E+02  0.18186160E+02  0.17934926E+02  0.17686225E+02  0.17440027E+02
  0.17196294E+02  0.16954970E+02  0.16716042E+02  0.16479546E+02  0.16245545E+02
  0.16014075E+02  0.15785163E+02  0.15558746E+02  0.15334792E+02  0.15113256E+02
  0.14894090E+02  0.14677311E+02  0.14462900E+02  0.14250898E+02
  0.10000000E+01  0.28777731E+01  0.46350861E+01  0.62848119E+01  0.78567301E+01
  0.93669514E+01  0.10830806E+02  0.12254521E+02  0.13642065E+02  0.14990753E+02
  0.16300742E+02  0.17569319E+02  0.18797283E+02  0.19983532E+02  0.21129168E+02
  0.22233573E+02  0.23297743E+02  0.24321385E+02  0.25305534E+02  0.26250119E+02
  0.27156231E+02  0.28023863E+02  0.28854036E+02  0.29646851E+02  0.30403323E+02
  0.31123691E+02  0.31808978E+02  0.32459508E+02  0.33076238E+02  0.33659554E+02
  0.34210370E+02  0.34729121E+02  0.35216639E+02  0.35673464E+02  0.36100399E+02
  0.36498005E+02  0.36867025E+02  0.37208034E+02  0.37521689E+02  0.37808554E+02
  0.38069281E+02  0.38304432E+02  0.38514614E+02  0.38700433E+02  0.38862501E+02
  0.39001414E+02  0.39117808E+02  0.39212336E+02  0.39285614E+02  0.39338272E+02
  0.39370956E+02  0.39384326E+02  0.39379026E+02  0.39355728E+02  0.39315107E+02
  0.39257829E+02  0.39184586E+02  0.39096090E+02  0.38993025E+02  0.38876084E+02
  0.38745955E+02  0.38603303E+02  0.38448799E+02  0.38283096E+02  0.38106831E+02
  0.37920610E+02  0.37725022E+02  0.37520633E+02  0.37308002E+02  0.37087685E+02
  0.36860201E+02  0.36626050E+02  0.36385754E+02  0.36139783E+02  0.35888589E+02
  0.35632584E+02  0.35372160E+02  0.35107692E+02  0.34839542E+02  0.34568051E+02
  0.34293582E+02  0.34016489E+02  0.33737095E+02  0.33455655E+02  0.33172392E+02
  0.32887514E+02  0.32601233E+02  0.32313842E+02  0.32025609E+02  0.31736820E+02
  0.31447718E+02  0.31158483E+02  0.30869261E+02  0.30580164E+02  0.30291296E+02
  0.30002774E+02  0.29714731E+02  0.29427308E+02  0.29140665E+02  0.28854897E+02
  0.28570037E+02  0.28286144E+02  0.28003257E+02  0.27721454E+02  0.27440846E+02
  0.27161504E+02  0.26883481E+02  0.26606839E+02  0.26331622E+02  0.26057879E+02
  0.25785670E+02  0.25515054E+02  0.25246068E+02  0.24978736E+02  0.24713039E+02
  0.24448955E+02  0.24186479E+02  0.23925614E+02  0.23666430E+02  0.23409015E+02
  0.23153424E+02  0.22899661E+02  0.22647702E+02  0.22397525E+02  0.22149117E+02
  0.21902479E+02  0.21657631E+02  0.21414596E+02  0.21173412E+02
  0.10000000E+01  0.28857538E+01  0.46619049E+01  0.63391314E+01  0.79456774E+01
  0.94959986E+01  0.11004470E+02  0.12476364E+02  0.13915916E+02  0.15320221E+02
  0.16689821E+02  0.18021758E+02  0.19317051E+02  0.20574271E+02  0.21794639E+02
  0.22977254E+02  0.24123165E+02  0.25231825E+02  0.26304261E+02  0.27340131E+02
  0.28340473E+02  0.29305040E+02  0.30234780E+02  0.31129568E+02  0.31990332E+02
  0.32817093E+02  0.33610763E+02  0.34371449E+02  0.35099982E+02  0.35796541E+02
  0.36461904E+02  0.37096319E+02  0.37700505E+02  0.38274816E+02  0.38819931E+02
  0.39336245E+02  0.39824385E+02  0.40284774E+02  0.40717964E+02  0.41124373E+02
  0.41504553E+02  0.41858937E+02  0.42188021E+02  0.42492295E+02  0.42772277E+02
  0.43028444E+02  0.43261314E+02  0.43471422E+02  0.43659285E+02  0.43825423E+02
  0.43970364E+02  0.44094654E+02  0.44198848E+02  0.44283498E+02  0.44349180E+02
  0.44396466E+02  0.44425963E+02  0.44438277E+02  0.44434004E+02  0.44413751E+02
  0.44378109E+02  0.44327667E+02  0.44263023E+02  0.44184756E+02  0.44093442E+02
  0.43989650E+02  0.43873913E+02  0.43746779E+02  0.43608770E+02  0.43460413E+02
  0.43302204E+02  0.43134633E+02  0.42958193E+02  0.42773366E+02  0.42580603E+02
  0.42380346E+02  0.42173020E+02  0.41959028E+02  0.41738746E+02  0.41512541E+02
  0.41280799E+02  0.41043897E+02  0.40802188E+02  0.40555992E+02  0.40305594E+02
  0.40051272E+02  0.39793329E+02  0.39532058E+02  0.39267784E+02  0.39000823E+02
  0.38731460E+02  0.38459939E+02  0.38186471E+02  0.37911244E+02  0.37634433E+02
  0.37356217E+02  0.37076791E+02  0.36796354E+02  0.36515080E+02  0.36233123E+02
  0.35950597E+02  0.35667601E+02  0.35384266E+02  0.35100710E+02  0.34817072E+02
  0.34533478E+02  0.34250050E+02  0.33966893E+02  0.33684101E+02  0.33401752E+02
  0.33119928E+02  0.32838728E+02  0.32558219E+02  0.32278450E+02  0.31999467E+02
  0.31721287E+02  0.31443919E+02  0.31167411E+02  0.30891838E+02  0.30617306E+02
  0.30343872E+02  0.30071564E+02  0.29800399E+02  0.29530361E+02  0.29261471E+02
  0.28993745E+02  0.28727221E+02  0.28461955E+02  0.28197973E+02
  0.10000000E+01  0.28887829E+01  0.46726486E+01  0.63615134E+01  0.79831913E+01
  0.95515283E+01  0.11080277E+02  0.12574145E+02  0.14037345E+02  0.15467023E+02
  0.16863931E+02  0.18225211E+02  0.19552063E+02  0.20843101E+02  0.22099643E+02
  0.23320801E+02  0.24507687E+02  0.25659739E+02  0.26778018E+02  0.27862175E+02
  0.28913242E+02  0.29930958E+02  0.30916269E+02  0.31869030E+02  0.32790145E+02
  0.33679596E+02  0.34538243E+02  0.35366155E+02  0.36164119E+02  0.36932263E+02
  0.37671336E+02  0.38381526E+02  0.39063499E+02  0.39717549E+02  0.40344290E+02
  0.40944045E+02  0.41517385E+02  0.42064655E+02  0.42586346E+02  0.43082803E+02
  0.43554498E+02  0.44001789E+02  0.44425106E+02  0.44824849E+02  0.45201473E+02
  0.45555374E+02  0.45886992E+02  0.46196762E+02  0.46485122E+02  0.46752495E+02
  0.46999347E+02  0.47226133E+02  0.47433316E+02  0.47621363E+02  0.47790743E+02
  0.47941939E+02  0.48075442E+02  0.48191767E+02  0.48291416E+02  0.48374888E+02
  0.48442669E+02  0.48495261E+02  0.48533163E+02  0.48556855E+02  0.48566831E+02
  0.48563574E+02  0.48547539E+02  0.48519165E+02  0.48478911E+02  0.48427221E+02
  0.48364536E+02  0.48291290E+02  0.48207905E+02  0.48114790E+02  0.48012331E+02
  0.47900918E+02  0.47780933E+02  0.47652736E+02  0.47516684E+02  0.47373111E+02
  0.47222348E+02  0.47064738E+02  0.46900609E+02  0.46730269E+02  0.46553989E+02
  0.46372053E+02  0.46184738E+02  0.45992340E+02  0.45795182E+02  0.45593554E+02
  0.45387752E+02  0.45178026E+02  0.44964596E+02  0.44747660E+02  0.44527421E+02
  0.44304069E+02  0.44077810E+02  0.43848853E+02  0.43617413E+02  0.43383667E+02
  0.43147745E+02  0.42909803E+02  0.42669986E+02  0.42428453E+02  0.42185364E+02
  0.41940867E+02  0.41695087E+02  0.41448166E+02  0.41200234E+02  0.40951400E+02
  0.40701794E+02  0.40451520E+02  0.40200656E+02  0.39949288E+02  0.39697471E+02
  0.39445259E+02  0.39192729E+02  0.38939948E+02  0.38687007E+02  0.38434020E+02
  0.38181062E+02  0.37928177E+02  0.37675406E+02  0.37422792E+02  0.37170389E+02
  0.36918230E+02  0.36666345E+02  0.36414768E+02  0.36163539E+02
  0.10000000E+01  0.28936716E+01  0.46893909E+01  0.63958971E+01  0.80399741E+01
  0.96345129E+01  0.11192453E+02  0.12717897E+02  0.14214998E+02  0.15680871E+02
  0.17116408E+02  0.18518749E+02  0.19889188E+02  0.21226269E+02  0.22531354E+02
  0.23803472E+02  0.25043726E+02  0.26251479E+02  0.27427751E+02  0.28572117E+02
  0.29685561E+02  0.30767765E+02  0.31819615E+02  0.32840906E+02  0.33832465E+02
  0.34794208E+02  0.35726933E+02  0.36630627E+02  0.37506023E+02  0.38353180E+02
  0.39172761E+02  0.39964879E+02  0.40730133E+02  0.41468728E+02  0.42181210E+02
  0.42867826E+02  0.43529086E+02  0.44165254E+02  0.44776765E+02  0.45363890E+02
  0.45927049E+02  0.46466515E+02  0.46982673E+02  0.47475833E+02  0.47946391E+02
  0.48394675E+02  0.48821062E+02  0.49225913E+02  0.49609608E+02  0.49972503E+02
  0.50314984E+02  0.50637430E+02  0.50940219E+02  0.51223756E+02  0.51488447E+02
  0.51734695E+02  0.51962922E+02  0.52173564E+02  0.52367040E+02  0.52543771E+02
  0.52704197E+02  0.52848747E+02  0.52977838E+02  0.53091906E+02  0.53191374E+02
  0.53276653E+02  0.53348157E+02  0.53406266E+02  0.53451383E+02  0.53483913E+02
  0.53504229E+02  0.53512718E+02  0.53509764E+02  0.53495733E+02  0.53470988E+02
  0.53435895E+02  0.53390806E+02  0.53336060E+02  0.53271986E+02  0.53198892E+02
  0.53117115E+02  0.53026976E+02  0.52928787E+02  0.52822862E+02  0.52709461E+02
  0.52588861E+02  0.52461338E+02  0.52327198E+02  0.52186764E+02  0.52040326E+02
  0.51888168E+02  0.51730548E+02  0.51567696E+02  0.51399830E+02  0.51227166E+02
  0.51049931E+02  0.50868364E+02  0.50682692E+02  0.50493139E+02  0.50299884E+02
  0.50103088E+02  0.49902920E+02  0.49699550E+02  0.49493154E+02  0.49283923E+02
  0.49072033E+02  0.48857646E+02  0.48640918E+02  0.48421994E+02  0.48201012E+02
  0.47978130E+02  0.47753473E+02  0.47527156E+02  0.47299287E+02  0.47069964E+02
  0.46839266E+02  0.46607254E+02  0.46374042E+02  0.46139721E+02  0.45904417E+02
  0.45668225E+02  0.45431213E+02  0.45193450E+02  0.44954978E+02  0.44715862E+02
  0.44476149E+02  0.44235904E+02  0.43995183E+02  0.43754055E+02
  0.10000000E+01  0.28958872E+01  0.46974350E+01  0.64129469E+01  0.80688508E+01
  0.96776599E+01  0.11251776E+02  0.12794906E+02  0.14311070E+02  0.15797450E+02
  0.17255031E+02  0.18681097E+02  0.20077047E+02  0.21441500E+02  0.22775862E+02
  0.24079205E+02  0.25352661E+02  0.26595613E+02  0.27809095E+02  0.28992704E+02
  0.30147415E+02  0.31272907E+02  0.32370047E+02  0.33438639E+02  0.34479491E+02
  0.35492519E+02  0.36478478E+02  0.37437356E+02  0.38369838E+02  0.39275970E+02
  0.40156386E+02  0.41011181E+02  0.41840922E+02  0.42645787E+02  0.43426290E+02
  0.44182627E+02  0.44915273E+02  0.45624466E+02  0.46310607E+02  0.46973913E+02
  0.47614773E+02  0.48233404E+02  0.48830155E+02  0.49405280E+02  0.49959139E+02
  0.50492008E+02  0.51004227E+02  0.51496086E+02  0.51967924E+02  0.52420032E+02
  0.52852759E+02  0.53266414E+02  0.53661345E+02  0.54037881E+02  0.54396363E+02
  0.54737132E+02  0.55060549E+02  0.55366979E+02  0.55656789E+02  0.55930340E+02
  0.56187989E+02  0.56430102E+02  0.56657030E+02  0.56869128E+02  0.57066756E+02
  0.57250273E+02  0.57420019E+02  0.57576323E+02  0.57719502E+02  0.57849903E+02
  0.57967865E+02  0.58073703E+02  0.58167736E+02  0.58250283E+02  0.58321635E+02
  0.58382078E+02  0.58431932E+02  0.58471482E+02  0.58501024E+02  0.58520839E+02
  0.58531192E+02  0.58532375E+02  0.58524635E+02  0.58508226E+02  0.58483404E+02
  0.58450413E+02  0.58409529E+02  0.58361001E+02  0.58305109E+02  0.58242126E+02
  0.58172307E+02  0.58095879E+02  0.58013073E+02  0.57924086E+02  0.57829129E+02
  0.57728386E+02  0.57622076E+02  0.57510422E+02  0.57393639E+02  0.57271914E+02
  0.57145429E+02  0.57014336E+02  0.56878807E+02  0.56739011E+02  0.56595130E+02
  0.56447364E+02  0.56295880E+02  0.56140846E+02  0.55982430E+02  0.55820761E+02
  0.55655983E+02  0.55488249E+02  0.55317675E+02  0.55144393E+02  0.54968525E+02
  0.54790149E+02  0.54609348E+02  0.54426219E+02  0.54240901E+02  0.54053526E+02
  0.53864213E+02  0.53673063E+02  0.53480134E+02  0.53285506E+02  0.53089230E+02
  0.52891366E+02  0.52692003E+02  0.52491221E+02  0.52289105E+02
  0.10000000E+01  0.28985007E+01  0.47065345E+01  0.64318646E+01  0.81003556E+01
  0.97240564E+01  0.11314901E+02  0.12876279E+02  0.14412100E+02  0.15919542E+02
  0.17399627E+02  0.18849671E+02  0.20271115E+02  0.21662574E+02  0.23025464E+02
  0.24358843E+02  0.25663816E+02  0.26939746E+02  0.28187634E+02  0.29407056E+02
  0.30598937E+02  0.31762944E+02  0.32899901E+02  0.34009588E+02  0.35092782E+02
  0.36149362E+02  0.37180052E+02  0.38184807E+02  0.39164280E+02  0.40118494E+02
  0.41048042E+02  0.41952989E+02  0.42833874E+02  0.43690831E+02  0.44524347E+02
  0.45334596E+02  0.46122025E+02  0.46886831E+02  0.47629404E+02  0.48349931E+02
  0.49048773E+02  0.49726113E+02  0.50382278E+02  0.51017490E+02  0.51632093E+02
  0.52226326E+02  0.52800501E+02  0.53354878E+02  0.53889776E+02  0.54405444E+02
  0.54902207E+02  0.55380340E+02  0.55840173E+02  0.56281990E+02  0.56706118E+02
  0.57112853E+02  0.57502540E+02  0.57875497E+02  0.58232056E+02  0.58572545E+02
  0.58897309E+02  0.59206676E+02  0.59500962E+02  0.59780487E+02  0.60045573E+02
  0.60296547E+02  0.60533718E+02  0.60757387E+02  0.60967860E+02  0.61165435E+02
  0.61350412E+02  0.61523076E+02  0.61683718E+02  0.61832633E+02  0.61970086E+02
  0.62096361E+02  0.62211743E+02  0.62316490E+02  0.62410860E+02  0.62495107E+02
  0.62569486E+02  0.62634255E+02  0.62689676E+02  0.62735975E+02  0.62773382E+02
  0.62802121E+02  0.62822422E+02  0.62834525E+02  0.62838692E+02  0.62835183E+02
  0.62824235E+02  0.62806068E+02  0.62780901E+02  0.62748898E+02  0.62710258E+02
  0.62665170E+02  0.62613824E+02  0.62556436E+02  0.62493217E+02  0.62424346E+02
  0.62349974E+02  0.62270286E+02  0.62185444E+02  0.62095615E+02  0.62000998E+02
  0.61901749E+02  0.61798047E+02  0.61690057E+02  0.61577928E+02  0.61461804E+02
  0.61341857E+02  0.61218214E+02  0.61091017E+02  0.60960375E+02  0.60826404E+02
  0.60689201E+02  0.60548853E+02  0.60405463E+02  0.60259149E+02  0.60110062E+02
  0.59958301E+02  0.59803982E+02  0.59647183E+02  0.59487973E+02  0.59326452E+02
  0.59162682E+02  0.58996748E+02  0.58828731E+02  0.58658712E+02
  0.10000000E+01  0.28996407E+01  0.47108601E+01  0.64412371E+01  0.81165150E+01
  0.97484928E+01  0.11348879E+02  0.12920763E+02  0.14468009E+02  0.15987754E+02
  0.17481133E+02  0.18945485E+02  0.20382375E+02  0.21790407E+02  0.23171091E+02
  0.24523462E+02  0.25848690E+02  0.27146114E+02  0.28416785E+02  0.29660258E+02
  0.30877488E+02  0.32068123E+02  0.33233016E+02  0.34371934E+02  0.35485663E+02
  0.36574075E+02  0.37637901E+02  0.38677071E+02  0.39692245E+02  0.40683425E+02
  0.41651221E+02  0.42595670E+02  0.43517316E+02  0.44416272E+02  0.45293014E+02
  0.46147683E+02  0.46980720E+02  0.47792296E+02  0.48582795E+02  0.49352380E+02
  0.50101405E+02  0.50830030E+02  0.51538572E+02  0.52227216E+02  0.52896308E+02
  0.53546038E+02  0.54176734E+02  0.54788607E+02  0.55381965E+02  0.55957018E+02
  0.56514085E+02  0.57053412E+02  0.57575309E+02  0.58080009E+02  0.58567824E+02
  0.59039022E+02  0.59493903E+02  0.59932756E+02  0.60355903E+02  0.60763642E+02
  0.61156288E+02  0.61534141E+02  0.61897488E+02  0.62246608E+02  0.62581772E+02
  0.62903281E+02  0.63211405E+02  0.63506416E+02  0.63788588E+02  0.64058198E+02
  0.64315514E+02  0.64560787E+02  0.64794266E+02  0.65016205E+02  0.65226841E+02
  0.65426418E+02  0.65615184E+02  0.65793370E+02  0.65961230E+02  0.66118970E+02
  0.66266840E+02  0.66405054E+02  0.66533836E+02  0.66653390E+02  0.66763907E+02
  0.66865583E+02  0.66958640E+02  0.67043280E+02  0.67119742E+02  0.67188250E+02
  0.67249018E+02  0.67302232E+02  0.67348071E+02  0.67386704E+02  0.67418309E+02
  0.67443049E+02  0.67461117E+02  0.67472712E+02  0.67478011E+02  0.67477170E+02
  0.67470355E+02  0.67457701E+02  0.67439376E+02  0.67415528E+02  0.67386324E+02
  0.67351932E+02  0.67312507E+02  0.67268194E+02  0.67219142E+02  0.67165480E+02
  0.67107361E+02  0.67044915E+02  0.66978282E+02  0.66907555E+02  0.66832862E+02
  0.66754284E+02  0.66671917E+02  0.66585850E+02  0.66496221E+02  0.66403187E+02
  0.66306831E+02  0.66207266E+02  0.66104571E+02  0.65998807E+02  0.65890059E+02
  0.65778402E+02  0.65663919E+02  0.65546702E+02  0.65426835E+02
  0.10000000E+01  0.29036514E+01  0.47245737E+01  0.64694615E+01  0.81631176E+01
  0.98165787E+01  0.11440937E+02  0.13038848E+02  0.14614088E+02  0.16163701E+02
  0.17688892E+02  0.19186936E+02  0.20659437E+02  0.22104902E+02  0.23524846E+02
  0.24918206E+02  0.26286139E+02  0.27627892E+02  0.28944470E+02  0.30235344E+02
  0.31501415E+02  0.32742251E+02  0.33958652E+02  0.35150323E+02  0.36318014E+02
  0.37461528E+02  0.38581560E+02  0.39677970E+02  0.40751391E+02  0.41801741E+02
  0.42829596E+02  0.43834943E+02  0.44818289E+02  0.45779692E+02  0.46719597E+02
  0.47638087E+02  0.48535581E+02  0.49412192E+02  0.50268284E+02  0.51103968E+02
  0.51919590E+02  0.52715258E+02  0.53491278E+02  0.54247791E+02  0.54985117E+02
  0.55703411E+02  0.56402986E+02  0.57084021E+02  0.57746813E+02  0.58391539E+02
  0.59018492E+02  0.59627866E+02  0.60219951E+02  0.60794952E+02  0.61353156E+02
  0.61894793E+02  0.62420146E+02  0.62929474E+02  0.63423058E+02  0.63901148E+02
  0.64364039E+02  0.64811998E+02  0.65245281E+02  0.65664152E+02  0.66068863E+02
  0.66459692E+02  0.66836889E+02  0.67200693E+02  0.67551350E+02  0.67889128E+02
  0.68214261E+02  0.68526993E+02  0.68827560E+02  0.69116186E+02  0.69393104E+02
  0.69658528E+02  0.69912697E+02  0.70155824E+02  0.70388139E+02  0.70609837E+02
  0.70821132E+02  0.71022238E+02  0.71213369E+02  0.71394705E+02  0.71566449E+02
  0.71728785E+02  0.71881912E+02  0.72026032E+02  0.72161370E+02  0.72288122E+02
  0.72406508E+02  0.72516707E+02  0.72618889E+02  0.72713222E+02  0.72799876E+02
  0.72879005E+02  0.72950789E+02  0.73015419E+02  0.73073075E+02  0.73123908E+02
  0.73168091E+02  0.73205753E+02  0.73237062E+02  0.73262167E+02  0.73281238E+02
  0.73294424E+02  0.73301888E+02  0.73303767E+02  0.73300216E+02  0.73291369E+02
  0.73277368E+02  0.73258356E+02  0.73234453E+02  0.73205782E+02  0.73172457E+02
  0.73134568E+02  0.73092226E+02  0.73045521E+02  0.72994596E+02  0.72939570E+02
  0.72880557E+02  0.72817663E+02  0.72750974E+02  0.72680578E+02  0.72606556E+02
  0.72528991E+02  0.72447985E+02  0.72363616E+02  0.72275976E+02
  0.10000000E+01  0.29030585E+01  0.47231974E+01  0.64672067E+01  0.81604631E+01
  0.98140188E+01  0.11439112E+02  0.13038116E+02  0.14614963E+02  0.16166645E+02
  0.17694611E+02  0.19196144E+02  0.20673092E+02  0.22123962E+02  0.23550450E+02
  0.24951484E+02  0.26328362E+02  0.27680330E+02  0.29008514E+02  0.30312379E+02
  0.31592919E+02  0.32849686E+02  0.34083537E+02  0.35294154E+02  0.36482322E+02
  0.37647810E+02  0.38791345E+02  0.39912751E+02  0.41012702E+02  0.42091084E+02
  0.43148505E+02  0.44184901E+02  0.45200804E+02  0.46196217E+02  0.47171602E+02
  0.48126999E+02  0.49062818E+02  0.49979159E+02  0.50876360E+02  0.51754518E+02
  0.52613937E+02  0.53454708E+02  0.54277103E+02  0.55081238E+02  0.55867415E+02
  0.56635753E+02  0.57386549E+02  0.58119930E+02  0.58836173E+02  0.59535415E+02
  0.60217927E+02  0.60883859E+02  0.61533494E+02  0.62166971E+02  0.62784568E+02
  0.63386459E+02  0.63972915E+02  0.64544127E+02  0.65100360E+02  0.65641829E+02
  0.66168783E+02  0.66681455E+02  0.67180064E+02  0.67664828E+02  0.68135961E+02
  0.68593702E+02  0.69038262E+02  0.69469848E+02  0.69888663E+02  0.70294947E+02
  0.70688903E+02  0.71070739E+02  0.71440655E+02  0.71798836E+02  0.72145487E+02
  0.72480777E+02  0.72804927E+02  0.73118110E+02  0.73420538E+02  0.73712384E+02
  0.73993832E+02  0.74265044E+02  0.74526218E+02  0.74777502E+02  0.75019076E+02
  0.75251096E+02  0.75473768E+02  0.75687254E+02  0.75891756E+02  0.76087452E+02
  0.76274536E+02  0.76453140E+02  0.76623453E+02  0.76785596E+02  0.76939750E+02
  0.77086053E+02  0.77224684E+02  0.77355800E+02  0.77479562E+02  0.77596111E+02
  0.77705596E+02  0.77808142E+02  0.77903898E+02  0.77993018E+02  0.78075652E+02
  0.78151938E+02  0.78222046E+02  0.78286104E+02  0.78344246E+02  0.78396612E+02
  0.78443349E+02  0.78484576E+02  0.78520432E+02  0.78551021E+02  0.78576463E+02
  0.78596841E+02  0.78612265E+02  0.78622820E+02  0.78628637E+02  0.78629840E+02
  0.78626547E+02  0.78618863E+02  0.78606864E+02  0.78590630E+02  0.78570258E+02
  0.78545827E+02  0.78517434E+02  0.78485171E+02  0.78449143E+02
  0.10000000E+01  0.29017324E+01  0.47191399E+01  0.64593084E+01  0.81481991E+01
  0.97970093E+01  0.11417249E+02  0.13011161E+02  0.14582818E+02  0.16129128E+02
  0.17651715E+02  0.19147823E+02  0.20619494E+02  0.22065194E+02  0.23486778E+02
  0.24883145E+02  0.26255740E+02  0.27603784E+02  0.28928530E+02  0.30229437E+02
  0.31507587E+02  0.32762512E+02  0.33995153E+02  0.35205162E+02  0.36393398E+02
  0.37559610E+02  0.38704594E+02  0.39828157E+02  0.40931027E+02  0.42013065E+02
  0.43074934E+02  0.44116536E+02  0.45138451E+02  0.46140670E+02  0.47123671E+02
  0.48087497E+02  0.49032570E+02  0.49958978E+02  0.50867074E+02  0.51756941E+02
  0.52628903E+02  0.53483039E+02  0.54319636E+02  0.55138784E+02  0.55940795E+02
  0.56725763E+02  0.57493983E+02  0.58245569E+02  0.58980806E+02  0.59699827E+02
  0.60402893E+02  0.61090134E+02  0.61761825E+02  0.62418088E+02  0.63059217E+02
  0.63685348E+02  0.64296781E+02  0.64893680E+02  0.65476309E+02  0.66044854E+02
  0.66599556E+02  0.67140633E+02  0.67668303E+02  0.68182773E+02  0.68684257E+02
  0.69172963E+02  0.69649072E+02  0.70112782E+02  0.70564275E+02  0.71003776E+02
  0.71431478E+02  0.71847566E+02  0.72252235E+02  0.72645659E+02  0.73028008E+02
  0.73399429E+02  0.73760128E+02  0.74110287E+02  0.74450097E+02  0.74779705E+02
  0.75099284E+02  0.75408977E+02  0.75708966E+02  0.75999369E+02  0.76280365E+02
  0.76552095E+02  0.76814750E+02  0.77068467E+02  0.77313440E+02  0.77549816E+02
  0.77777772E+02  0.77997437E+02  0.78208971E+02  0.78412499E+02  0.78608174E+02
  0.78796111E+02  0.78976489E+02  0.79149438E+02  0.79315116E+02  0.79473650E+02
  0.79625183E+02  0.79769810E+02  0.79907676E+02  0.80038910E+02  0.80163670E+02
  0.80282084E+02  0.80394307E+02  0.80500450E+02  0.80600638E+02  0.80694977E+02
  0.80783611E+02  0.80866648E+02  0.80944234E+02  0.81016473E+02  0.81083489E+02
  0.81145348E+02  0.81202136E+02  0.81253933E+02  0.81300853E+02  0.81343004E+02
  0.81380519E+02  0.81413498E+02  0.81442014E+02  0.81466140E+02  0.81485950E+02
  0.81501519E+02  0.81512945E+02  0.81520314E+02  0.81523730E+02
  0.10000000E+01  0.29050680E+01  0.47306477E+01  0.64830646E+01  0.81875710E+01
  0.98546273E+01  0.11495323E+02  0.13111410E+02  0.14706987E+02  0.16278759E+02
  0.17828526E+02  0.19353372E+02  0.20855476E+02  0.22333133E+02  0.23788297E+02
  0.25219699E+02  0.26628850E+02  0.28014833E+02  0.29378922E+02  0.30720456E+02
  0.32040525E+02  0.33338562E+02  0.34615500E+02  0.35870915E+02  0.37105663E+02
  0.38319406E+02  0.39512951E+02  0.40686008E+02  0.41839309E+02  0.42972645E+02
  0.44086668E+02  0.45181224E+02  0.46256883E+02  0.47313571E+02  0.48351768E+02
  0.49371443E+02  0.50373021E+02  0.51356525E+02  0.52322301E+02  0.53270396E+02
  0.54201114E+02  0.55114507E+02  0.56010838E+02  0.56890171E+02  0.57752798E+02
  0.58598792E+02  0.59428433E+02  0.60241804E+02  0.61039187E+02  0.61820648E+02
  0.62586476E+02  0.63336741E+02  0.64071726E+02  0.64791512E+02  0.65496381E+02
  0.66186429E+02  0.66861936E+02  0.67523037E+02  0.68169973E+02  0.68802917E+02
  0.69422091E+02  0.70027689E+02  0.70619903E+02  0.71198907E+02  0.71764888E+02
  0.72318050E+02  0.72858563E+02  0.73386606E+02  0.73902352E+02  0.74406007E+02
  0.74897739E+02  0.75377718E+02  0.75846121E+02  0.76303098E+02  0.76748830E+02
  0.77183445E+02  0.77607133E+02  0.78020048E+02  0.78422372E+02  0.78814245E+02
  0.79195832E+02  0.79567265E+02  0.79928718E+02  0.80280306E+02  0.80622182E+02
  0.80954478E+02  0.81277369E+02  0.81590985E+02  0.81895531E+02  0.82191135E+02
  0.82477967E+02  0.82756137E+02  0.83025806E+02  0.83287071E+02  0.83540097E+02
  0.83784996E+02  0.84021918E+02  0.84251007E+02  0.84472416E+02  0.84686236E+02
  0.84892632E+02  0.85091711E+02  0.85283616E+02  0.85468463E+02  0.85646406E+02
  0.85817556E+02  0.85982045E+02  0.86139976E+02  0.86291497E+02  0.86436716E+02
  0.86575768E+02  0.86708780E+02  0.86835874E+02  0.86957127E+02  0.87072647E+02
  0.87182519E+02  0.87286839E+02  0.87385667E+02  0.87479143E+02  0.87567372E+02
  0.87650483E+02  0.87728554E+02  0.87801669E+02  0.87869904E+02  0.87933339E+02
  0.87992059E+02  0.88046145E+02  0.88095698E+02  0.88140817E+02
  0.10000000E+01  0.29001375E+01  0.47146500E+01  0.64509163E+01  0.81358614E+01
  0.97805874E+01  0.11397164E+02  0.12987320E+02  0.14555552E+02  0.16098375E+02
  0.17617916E+02  0.19111129E+02  0.20580538E+02  0.22024377E+02  0.23444889E+02
  0.24840788E+02  0.26213848E+02  0.27563157E+02  0.28890237E+02  0.30194452E+02
  0.31477095E+02  0.32737606E+02  0.33977100E+02  0.35195146E+02  0.36392759E+02
  0.37569599E+02  0.38726627E+02  0.39863542E+02  0.40981239E+02  0.42079472E+02
  0.43159052E+02  0.44219790E+02  0.45262388E+02  0.46286756E+02  0.47293476E+02
  0.48282521E+02  0.49254381E+02  0.50209102E+02  0.51147075E+02  0.52068369E+02
  0.52973311E+02  0.53861982E+02  0.54734659E+02  0.55591424E+02  0.56432579E+02
  0.57258235E+02  0.58068659E+02  0.58863963E+02  0.59644454E+02  0.60410198E+02
  0.61161507E+02  0.61898453E+02  0.62621348E+02  0.63330234E+02  0.64025473E+02
  0.64707128E+02  0.65375536E+02  0.66030801E+02  0.66673212E+02  0.67302917E+02
  0.67920164E+02  0.68525127E+02  0.69118012E+02  0.69699002E+02  0.70268290E+02
  0.70826064E+02  0.71372485E+02  0.71907734E+02  0.72431972E+02  0.72945407E+02
  0.73448198E+02  0.73940507E+02  0.74422505E+02  0.74894346E+02  0.75356180E+02
  0.75808129E+02  0.76250386E+02  0.76683071E+02  0.77106363E+02  0.77520366E+02
  0.77925242E+02  0.78321102E+02  0.78708105E+02  0.79086363E+02  0.79456011E+02
  0.79817145E+02  0.80169936E+02  0.80514474E+02  0.80850956E+02  0.81179471E+02
  0.81500205E+02  0.81813249E+02  0.82118745E+02  0.82416762E+02  0.82707443E+02
  0.82990861E+02  0.83267172E+02  0.83536473E+02  0.83798931E+02  0.84054620E+02
  0.84303658E+02  0.84546125E+02  0.84782135E+02  0.85011778E+02  0.85235196E+02
  0.85452477E+02  0.85663743E+02  0.85869080E+02  0.86068611E+02  0.86262409E+02
  0.86450622E+02  0.86633336E+02  0.86810675E+02  0.86982687E+02  0.87149493E+02
  0.87311113E+02  0.87467638E+02  0.87619119E+02  0.87765678E+02  0.87907388E+02
  0.88044365E+02  0.88176663E+02  0.88304342E+02  0.88427461E+02  0.88546081E+02
  0.88660278E+02  0.88770140E+02  0.88875737E+02  0.88977175E+02
   128
  0.10000000E+01  0.25827147E+01  0.36000697E+01  0.40783922E+01  0.41879451E+01
  0.40427561E+01  0.37497072E+01  0.33677822E+01  0.29500864E+01  0.25255316E+01
  0.21149385E+01  0.17309150E+01  0.13848503E+01  0.10806123E+01  0.82274172E+00
  0.60861155E+00  0.43942547E+00  0.30911037E+00  0.21479359E+00  0.14711758E+00
  0.10147272E+00  0.70316461E-01  0.49948495E-01  0.36509655E-01  0.27786168E-01
  0.21900672E-01  0.17439370E-01  0.13828045E-01  0.10715777E-01  0.79673212E-02
  0.57312766E-02  0.39528350E-02  0.23541483E-02  0.96676808E-03  0.60681627E-05
 -0.60738225E-03  0.00000000E+00  0.00000000E+00  0.00000000E+00  0.00000000E+00
  0.00000000E+00  0.00000000E+00  0.00000000E+00  0.00000000E+00  0.00000000E+00
  0.00000000E+00  0.00000000E+00  0.00000000E+00  0.00000000E+00  0.00000000E+00
  0.00000000E+00  0.00000000E+00  0.00000000E+00  0.00000000E+00  0.00000000E+00
  0.00000000E+00  0.00000000E+00  0.00000000E+00  0.00000000E+00  0.00000000E+00
  0.00000000E+00  0.00000000E+00  0.00000000E+00  0.00000000E+00  0.00000000E+00
  0.00000000E+00  0.00000000E+00  0.00000000E+00  0.00000000E+00  0.00000000E+00
  0.00000000E+00  0.00000000E+00  0.00000000E+00  0.00000000E+00  0.00000000E+00
  0.00000000E+00  0.00000000E+00  0.00000000E+00  0.00000000E+00  0.00000000E+00
  0.00000000E+00  0.00000000E+00  0.00000000E+00  0.00000000E+00  0.00000000E+00
  0.00000000E+00  0.00000000E+00  0.00000000E+00  0.00000000E+00  0.00000000E+00
  0.00000000E+00  0.00000000E+00  0.00000000E+00  0.00000000E+00  0.00000000E+00
  0.00000000E+00  0.00000000E+00  0.00000000E+00  0.00000000E+00  0.00000000E+00
  0.00000000E+00  0.00000000E+00  0.00000000E+00  0.00000000E+00  0.00000000E+00
  0.00000000E+00  0.00000000E+00  0.00000000E+00  0.00000000E+00  0.00000000E+00
  0.00000000E+00  0.00000000E+00  0.00000000E+00  0.00000000E+00  0.00000000E+00
  0.00000000E+00  0.00000000E+00  0.00000000E+00  0.00000000E+00  0.00000000E+00
  0.00000000E+00  0.00000000E+00  0.00000000E+00  0.00000000E+00  0.00000000E+00
  0.00000000E+00  0.00000000E+00  0.00000000E+00  0.00000000E+00
  0.10000000E+01  0.26138611E+01  0.37425120E+01  0.44447943E+01  0.48457816E+01
  0.50204941E+01  0.50342058E+01  0.49203558E+01  0.47126900E+01  0.44303587E+01
  0.40884267E+01  0.37053019E+01  0.32993536E+01  0.28882649E+01  0.24874118E+01
  0.21084358E+01  0.17630047E+01  0.14563408E+01  0.11944843E+01  0.97330029E+00
  0.79254620E+00  0.64363687E+00  0.52266438E+00  0.42363547E+00  0.34277289E+00
  0.27663911E+00  0.22240158E+00  0.17802606E+00  0.14172106E+00  0.11200555E+00
  0.87904833E-01  0.68464821E-01  0.52654358E-01  0.39904280E-01  0.29986225E-01
  0.22316652E-01  0.16346227E-01  0.11831113E-01  0.85368018E-02  0.60981662E-02
  0.42776098E-02  0.30003061E-02  0.21976438E-02  0.17288082E-02  0.14445579E-02
  0.12803273E-02  0.11865242E-02  0.10961497E-02  0.99303755E-03  0.86771528E-03
  0.75917720E-03  0.71250479E-03  0.69773093E-03  0.64778455E-03  0.53390294E-03
  0.39339724E-03  0.27390279E-03  0.19285643E-03  0.88185827E-04 -0.81808322E-04
  0.00000000E+00  0.00000000E+00  0.00000000E+00  0.00000000E+00  0.00000000E+00
  0.00000000E+00  0.00000000E+00  0.00000000E+00  0.00000000E+00  0.00000000E+00
  0.00000000E+00  0.00000000E+00  0.00000000E+00  0.00000000E+00  0.00000000E+00
  0.00000000E+00  0.00000000E+00  0.00000000E+00  0.00000000E+00  0.00000000E+00
  0.00000000E+00  0.00000000E+00  0.00000000E+00  0.00000000E+00  0.00000000E+00
  0.00000000E+00  0.00000000E+00  0.00000000E+00  0.00000000E+00  0.00000000E+00
  0.00000000E+00  0.00000000E+00  0.00000000E+00  0.00000000E+00  0.00000000E+00
  0.00000000E+00  0.00000000E+00  0.00000000E+00  0.00000000E+00  0.00000000E+00
  0.00000000E+00  0.00000000E+00  0.00000000E+00  0.00000000E+00  0.00000000E+00
  0.00000000E+00  0.00000000E+00  0.00000000E+00  0.00000000E+00  0.00000000E+00
  0.00000000E+00  0.00000000E+00  0.00000000E+00  0.00000000E+00  0.00000000E+00
  0.00000000E+00  0.00000000E+00  0.00000000E+00  0.00000000E+00  0.00000000E+00
  0.00000000E+00  0.00000000E+00  0.00000000E+00  0.00000000E+00  0.00000000E+00
  0.00000000E+00  0.00000000E+00  0.00000000E+00  0.00000000E+00
  0.10000000E+01  0.26380290E+01  0.38419330E+01  0.46860097E+01  0.52775043E+01
  0.56778550E+01  0.59329419E+01  0.60630911E+01  0.60881326E+01  0.60172978E+01
  0.58591795E+01  0.56262973E+01  0.53330304E+01  0.49953898E+01  0.46285049E+01
  0.42470980E+01  0.38657432E+01  0.34951665E+01  0.31461127E+01  0.28210693E+01
  0.25249850E+01  0.22545630E+01  0.20098616E+01  0.17880479E+01  0.15877600E+01
  0.14073023E+01  0.12451009E+01  0.10996710E+01  0.96955837E+00  0.85328619E+00
  0.74976203E+00  0.65778190E+00  0.57612920E+00  0.50390902E+00  0.44040908E+00
  0.38463284E+00  0.33559835E+00  0.29259779E+00  0.25496403E+00  0.22194912E+00
  0.19295690E+00  0.16758026E+00  0.14546165E+00  0.12618716E+00  0.10933064E+00
  0.94585736E-01  0.81697191E-01  0.70427281E-01  0.60586357E-01  0.52003708E-01
  0.44576554E-01  0.38232640E-01  0.32810742E-01  0.28141554E-01  0.24105686E-01
  0.20619676E-01  0.17633275E-01  0.15062219E-01  0.12818331E-01  0.10844805E-01
  0.91301083E-02  0.76745516E-02  0.64573928E-02  0.54332200E-02  0.45573618E-02
  0.38033610E-02  0.31844017E-02  0.27203962E-02  0.23943837E-02  0.21624543E-02
  0.19930741E-02  0.18814552E-02  0.17946121E-02  0.17053696E-02  0.15853878E-02
  0.14535854E-02  0.13305527E-02  0.12131512E-02  0.10870049E-02  0.96322969E-03
  0.86671807E-03  0.78626111E-03  0.69881666E-03  0.58352995E-03  0.44968886E-03
  0.31144695E-03  0.16971103E-03  0.51347996E-04 -0.20432234E-04  0.00000000E+00
  0.00000000E+00  0.00000000E+00  0.00000000E+00  0.00000000E+00  0.00000000E+00
  0.00000000E+00  0.00000000E+00  0.00000000E+00  0.00000000E+00  0.00000000E+00
  0.00000000E+00  0.00000000E+00  0.00000000E+00  0.00000000E+00  0.00000000E+00
  0.00000000E+00  0.00000000E+00  0.00000000E+00  0.00000000E+00  0.00000000E+00
  0.00000000E+00  0.00000000E+00  0.00000000E+00  0.00000000E+00  0.00000000E+00
  0.00000000E+00  0.00000000E+00  0.00000000E+00  0.00000000E+00  0.00000000E+00
  0.00000000E+00  0.00000000E+00  0.00000000E+00  0.00000000E+00  0.00000000E+00
  0.00000000E+00  0.00000000E+00  0.00000000E+00  0.00000000E+00
  0.10000000E+01  0.26706490E+01  0.39548871E+01  0.49237881E+01  0.56710356E+01
  0.62516670E+01  0.67048476E+01  0.70471350E+01  0.72902910E+01  0.74387473E+01
  0.74980264E+01  0.74756423E+01  0.73816688E+01  0.72264901E+01  0.70206253E+01
  0.67747471E+01  0.65002406E+01  0.62064491E+01  0.59031350E+01  0.55950437E+01
  0.52886163E+01  0.49847598E+01  0.46865624E+01  0.43948762E+01  0.41113837E+01
  0.38371694E+01  0.35732520E+01  0.33203552E+01  0.30790794E+01  0.28496581E+01
  0.26324562E+01  0.24275011E+01  0.22346634E+01  0.20539068E+01  0.18850685E+01
  0.17277169E+01  0.15813097E+01  0.14453995E+01  0.13194844E+01  0.12029647E+01
  0.10953115E+01  0.99607683E+00  0.90480066E+00  0.82097804E+00  0.74409742E+00
  0.67366586E+00  0.60922559E+00  0.55032845E+00  0.49653172E+00  0.44750853E+00
  0.40291017E+00  0.36245005E+00  0.32574336E+00  0.29245159E+00  0.26226993E+00
  0.23493750E+00  0.21020021E+00  0.18778735E+00  0.16746087E+00  0.14904263E+00
  0.13239081E+00  0.11737467E+00  0.10385144E+00  0.91691986E-01  0.80790987E-01
  0.71038704E-01  0.62320815E-01  0.54562329E-01  0.47693524E-01  0.41628214E-01
  0.36286120E-01  0.31570421E-01  0.27392072E-01  0.23698871E-01  0.20447657E-01
  0.17581912E-01  0.15056100E-01  0.12831897E-01  0.10875793E-01  0.91851335E-02
  0.77449651E-02  0.65153563E-02  0.54780699E-02  0.46353683E-02  0.39807086E-02
  0.34854184E-02  0.30929792E-02  0.27585964E-02  0.24861999E-02  0.22647490E-02
  0.20720985E-02  0.18926949E-02  0.17207323E-02  0.15577661E-02  0.14071652E-02
  0.12499126E-02  0.10811613E-02  0.90815321E-03  0.74005634E-03  0.56076278E-03
  0.37704818E-03  0.21519265E-03  0.10395652E-03  0.37344165E-04 -0.12271655E-04
  0.00000000E+00  0.00000000E+00  0.00000000E+00  0.00000000E+00  0.00000000E+00
  0.00000000E+00  0.00000000E+00  0.00000000E+00  0.00000000E+00  0.00000000E+00
  0.00000000E+00  0.00000000E+00  0.00000000E+00  0.00000000E+00  0.00000000E+00
  0.00000000E+00  0.00000000E+00  0.00000000E+00  0.00000000E+00  0.00000000E+00
  0.00000000E+00  0.00000000E+00  0.00000000E+00  0.00000000E+00
  0.10000000E+01  0.26998690E+01  0.40543834E+01  0.51302189E+01  0.60082328E+01
  0.67370040E+01  0.73509027E+01  0.78646268E+01  0.82850686E+01  0.86136275E+01
  0.88534272E+01  0.90090689E+01  0.90880145E+01  0.90975700E+01  0.90454201E+01
  0.89394991E+01  0.87886928E+01  0.86007763E+01  0.83840682E+01  0.81437162E+01
  0.78861011E+01  0.76138303E+01  0.73310397E+01  0.70402224E+01  0.67444237E+01
  0.64460968E+01  0.61476602E+01  0.58511226E+01  0.55583447E+01  0.52707662E+01
  0.49898767E+01  0.47167944E+01  0.44523963E+01  0.41974764E+01  0.39525260E+01
  0.37178006E+01  0.34933707E+01  0.32792990E+01  0.30754812E+01  0.28816632E+01
  0.26976171E+01  0.25231283E+01  0.23579541E+01  0.22017919E+01  0.20542798E+01
  0.19150658E+01  0.17838322E+01  0.16602664E+01  0.15440494E+01  0.14349826E+01
  0.13327645E+01  0.12371637E+01  0.11478108E+01  0.10643805E+01  0.98655196E+00
  0.91402056E+00  0.84645325E+00  0.78349362E+00  0.72479095E+00  0.67006046E+00
  0.61907900E+00  0.57165356E+00  0.52758258E+00  0.48662862E+00  0.44857478E+00
  0.41322722E+00  0.38042635E+00  0.35002082E+00  0.32186975E+00  0.29583217E+00
  0.27177511E+00  0.24954443E+00  0.22895506E+00  0.20984927E+00  0.19209062E+00
  0.17560478E+00  0.16033348E+00  0.14621626E+00  0.13321259E+00  0.12125451E+00
  0.11029935E+00  0.10029951E+00  0.91200776E-01  0.82950636E-01  0.75485442E-01
  0.68742889E-01  0.62656667E-01  0.57159439E-01  0.52150284E-01  0.47560727E-01
  0.43337101E-01  0.39457757E-01  0.35901799E-01  0.32663197E-01  0.29730947E-01
  0.27055652E-01  0.24620859E-01  0.22402242E-01  0.20354959E-01  0.18448438E-01
  0.16669888E-01  0.15044940E-01  0.13605504E-01  0.12325115E-01  0.11170664E-01
  0.10132687E-01  0.92258628E-02  0.84343204E-02  0.77146226E-02  0.70221181E-02
  0.63772745E-02  0.58023425E-02  0.53191731E-02  0.48954038E-02  0.44777732E-02
  0.41062014E-02  0.38069379E-02  0.35723386E-02  0.33530568E-02  0.31060177E-02
  0.28765525E-02  0.26735803E-02  0.24853340E-02  0.22959506E-02  0.20865665E-02
  0.18862529E-02  0.17390840E-02  0.16278326E-02  0.15040588E-02
  0.10000000E+01  0.27214329E+01  0.41249305E+01  0.52717098E+01  0.62344931E+01
  0.70580084E+01  0.77749282E+01  0.84002191E+01  0.89392668E+01  0.93923251E+01
  0.97612689E+01  0.10049217E+02  0.10262073E+02  0.10405407E+02  0.10485120E+02
  0.10507249E+02  0.10478812E+02  0.10406063E+02  0.10295792E+02  0.10152499E+02
  0.99817083E+01  0.97861790E+01  0.95699176E+01  0.93357071E+01  0.90867701E+01
  0.88258771E+01  0.85558088E+01  0.82790036E+01  0.79978057E+01  0.77141803E+01
  0.74301525E+01  0.71473815E+01  0.68673021E+01  0.65912539E+01  0.63202454E+01
  0.60550504E+01  0.57962304E+01  0.55442854E+01  0.52995511E+01  0.50622066E+01
  0.48323827E+01  0.46101517E+01  0.43955552E+01  0.41885936E+01  0.39891722E+01
  0.37971469E+01  0.36124041E+01  0.34348418E+01  0.32643466E+01  0.31009217E+01
  0.29444272E+01  0.27947921E+01  0.26518485E+01  0.25154780E+01  0.23855100E+01
  0.22617532E+01  0.21439595E+01  0.20318689E+01  0.19252112E+01  0.18237391E+01
  0.17272469E+01  0.16355853E+01  0.15486088E+01  0.14661110E+01  0.13878436E+01
  0.13135764E+01  0.12431123E+01  0.11763004E+01  0.11130145E+01  0.10531004E+01
  0.99637730E+00  0.94264115E+00  0.89164641E+00  0.84316373E+00  0.79702223E+00
  0.75311368E+00  0.71140222E+00  0.67187150E+00  0.63447765E+00  0.59914645E+00
  0.56578656E+00  0.53430035E+00  0.50461572E+00  0.47662426E+00  0.45020958E+00
  0.42527534E+00  0.40172961E+00  0.37949176E+00  0.35843610E+00  0.33842102E+00
  0.31938126E+00  0.30130970E+00  0.28423177E+00  0.26812558E+00  0.25297135E+00
  0.23872440E+00  0.22530877E+00  0.21267337E+00  0.20073274E+00  0.18941075E+00
  0.17868296E+00  0.16852661E+00  0.15892425E+00  0.14986546E+00  0.14135298E+00
  0.13336278E+00  0.12584546E+00  0.11876339E+00  0.11206501E+00  0.10572907E+00
  0.99781008E-01  0.94193682E-01  0.88937731E-01  0.83993059E-01  0.79337632E-01
  0.74970864E-01  0.70854798E-01  0.66937386E-01  0.63223987E-01  0.59725907E-01
  0.56430465E-01  0.53321385E-01  0.50358876E-01  0.47551041E-01  0.44901732E-01
  0.42406707E-01  0.40037044E-01  0.37791679E-01  0.35675356E-01
  0.10000000E+01  0.27532745E+01  0.42291233E+01  0.54813323E+01  0.65706517E+01
  0.75356133E+01  0.84058376E+01  0.91964687E+01  0.99109287E+01  0.10547934E+02
  0.11107576E+02  0.11590947E+02  0.12001775E+02  0.12343471E+02  0.12619736E+02
  0.12834291E+02  0.12991743E+02  0.13096386E+02  0.13153018E+02  0.13165263E+02
  0.13137454E+02  0.13072352E+02  0.12973590E+02  0.12844130E+02  0.12687263E+02
  0.12505987E+02  0.12303361E+02  0.12082191E+02  0.11845254E+02  0.11595056E+02
  0.11334139E+02  0.11064740E+02  0.10788863E+02  0.10508418E+02  0.10224997E+02
  0.99399933E+01  0.96545879E+01  0.93698406E+01  0.90866136E+01  0.88056354E+01
  0.85275590E+01  0.82529103E+01  0.79821527E+01  0.77156689E+01  0.74537497E+01
  0.71966579E+01  0.69446717E+01  0.66980307E+01  0.64569182E+01  0.62216357E+01
  0.59923762E+01  0.57693952E+01  0.55527994E+01  0.53427005E+01  0.51391234E+01
  0.49420621E+01  0.47514592E+01  0.45672161E+01  0.43891906E+01  0.42172587E+01
  0.40513623E+01  0.38914701E+01  0.37375027E+01  0.35893310E+01  0.34467777E+01
  0.33096394E+01  0.31777202E+01  0.30508281E+01  0.29288166E+01  0.28115938E+01
  0.26990303E+01  0.25909004E+01  0.24869136E+01  0.23867799E+01  0.22903271E+01
  0.21974598E+01  0.21081172E+01  0.20222751E+01  0.19399073E+01  0.18609631E+01
  0.17853053E+01  0.17127224E+01  0.16430294E+01  0.15760924E+01  0.15118479E+01
  0.14502312E+01  0.13911248E+01  0.13343827E+01  0.12798566E+01  0.12274207E+01
  0.11769900E+01  0.11285113E+01  0.10819436E+01  0.10372596E+01  0.99441875E+00
  0.95338075E+00  0.91408316E+00  0.87641339E+00  0.84023525E+00  0.80546619E+00
  0.77205368E+00  0.73996248E+00  0.70918973E+00  0.67971015E+00  0.65149376E+00
  0.62448825E+00  0.59863906E+00  0.57387915E+00  0.55013362E+00  0.52734420E+00
  0.50546440E+00  0.48446557E+00  0.46434725E+00  0.44511017E+00  0.42668984E+00
  0.40900818E+00  0.39202262E+00  0.37571142E+00  0.36005781E+00  0.34505124E+00
  0.33064282E+00  0.31681355E+00  0.30355266E+00  0.29086535E+00  0.27872334E+00
  0.26706074E+00  0.25585180E+00  0.24509990E+00  0.23480153E+00
  0.10000000E+01  0.27796546E+01  0.43137227E+01  0.56490858E+01  0.68378519E+01
  0.79138183E+01  0.89045367E+01  0.98257400E+01  0.10680479E+02  0.11466926E+02
  0.12184106E+02  0.12831809E+02  0.13412123E+02  0.13927025E+02  0.14378778E+02
  0.14769602E+02  0.15102454E+02  0.15380154E+02  0.15605969E+02  0.15782558E+02
  0.15913100E+02  0.15999896E+02  0.16045861E+02  0.16053576E+02  0.16025892E+02
  0.15965494E+02  0.15875193E+02  0.15757633E+02  0.15615476E+02  0.15451237E+02
  0.15267466E+02  0.15066517E+02  0.14850534E+02  0.14621595E+02  0.14381515E+02
  0.14131962E+02  0.13874416E+02  0.13610237E+02  0.13340609E+02  0.13066611E+02
  0.12789235E+02  0.12509345E+02  0.12227751E+02  0.11945179E+02  0.11662251E+02
  0.11379539E+02  0.11097625E+02  0.10817067E+02  0.10538373E+02  0.10262145E+02
  0.99888502E+01  0.97190032E+01  0.94530260E+01  0.91913180E+01  0.89341819E+01
  0.86818666E+01  0.84345575E+01  0.81923957E+01  0.79554706E+01  0.77238442E+01
  0.74976013E+01  0.72768748E+01  0.70617636E+01  0.68522985E+01  0.66484260E+01
  0.64500541E+01  0.62570778E+01  0.60694097E+01  0.58870338E+01  0.57099399E+01
  0.55380704E+01  0.53712531E+01  0.52091985E+01  0.50516489E+01  0.48984453E+01
  0.47495117E+01  0.46048470E+01  0.44644630E+01  0.43283911E+01  0.41966074E+01
  0.40689393E+01  0.39451937E+01  0.38251879E+01  0.37088127E+01  0.35960003E+01
  0.34866510E+01  0.33806425E+01  0.32778299E+01  0.31780755E+01  0.30812423E+01
  0.29872277E+01  0.28959521E+01  0.28073764E+01  0.27214897E+01  0.26382687E+01
  0.25576936E+01  0.24796874E+01  0.24041249E+01  0.23308565E+01  0.22597599E+01
  0.21907655E+01  0.21238480E+01  0.20589839E+01  0.19961427E+01  0.19352938E+01
  0.18763553E+01  0.18192474E+01  0.17638636E+01  0.17101370E+01  0.16580236E+01
  0.16074784E+01  0.15584697E+01  0.15109649E+01  0.14649347E+01  0.14203347E+01
  0.13771093E+01  0.13351996E+01  0.12945490E+01  0.12550998E+01  0.12168263E+01
  0.11797020E+01  0.11437081E+01  0.11088142E+01  0.10749817E+01  0.10421591E+01
  0.10103281E+01  0.97947920E+00  0.94955914E+00  0.92054296E+00
  0.10000000E+01  0.28050494E+01  0.43943282E+01  0.58078888E+01  0.70903246E+01
  0.82710030E+01  0.93753582E+01  0.10419607E+02  0.11407056E+02  0.12335739E+02
  0.13203977E+02  0.14010536E+02  0.14756105E+02  0.15441554E+02  0.16068087E+02
  0.16636862E+02  0.17149599E+02  0.17607984E+02  0.18014042E+02  0.18369541E+02
  0.18676613E+02  0.18936953E+02  0.19152674E+02  0.19325761E+02  0.19458416E+02
  0.19552775E+02  0.19611115E+02  0.19635639E+02  0.19628603E+02  0.19592206E+02
  0.19528703E+02  0.19440223E+02  0.19328768E+02  0.19196306E+02  0.19044628E+02
  0.18875444E+02  0.18690342E+02  0.18490793E+02  0.18278153E+02  0.18053672E+02
  0.17818559E+02  0.17573911E+02  0.17320744E+02  0.17060035E+02  0.16792675E+02
  0.16519521E+02  0.16241416E+02  0.15959185E+02  0.15673601E+02  0.15385501E+02
  0.15095615E+02  0.14804722E+02  0.14513493E+02  0.14222578E+02  0.13932564E+02
  0.13643969E+02  0.13357241E+02  0.13072791E+02  0.12790957E+02  0.12512051E+02
  0.12236421E+02  0.11964408E+02  0.11696322E+02  0.11432362E+02  0.11172678E+02
  0.10917377E+02  0.10666535E+02  0.10420200E+02  0.10178468E+02  0.99414621E+01
  0.97092760E+01  0.94818831E+01  0.92591129E+01  0.90407758E+01  0.88267656E+01
  0.86170936E+01  0.84118487E+01  0.82111498E+01  0.80150677E+01  0.78235660E+01
  0.76365017E+01  0.74537048E+01  0.72750679E+01  0.71005279E+01  0.69300366E+01
  0.67635033E+01  0.66008203E+01  0.64419026E+01  0.62866461E+01  0.61349309E+01
  0.59866420E+01  0.58417054E+01  0.57000916E+01  0.55617905E+01  0.54267949E+01
  0.52950744E+01  0.51665504E+01  0.50411328E+01  0.49186699E+01  0.47990319E+01
  0.46821331E+01  0.45679378E+01  0.44564335E+01  0.43476266E+01  0.42415162E+01
  0.41380474E+01  0.40371012E+01  0.39385599E+01  0.38423331E+01  0.37483754E+01
  0.36566726E+01  0.35671838E+01  0.34798591E+01  0.33946448E+01  0.33114763E+01
  0.32303129E+01  0.31511109E+01  0.30737914E+01  0.29983024E+01  0.29245894E+01
  0.28526261E+01  0.27823635E+01  0.27137709E+01  0.26468120E+01  0.25814532E+01
  0.25176729E+01  0.24554333E+01  0.23946864E+01  0.23353802E+01
  0.10000000E+01  0.28264117E+01  0.44614065E+01  0.59390679E+01  0.72987655E+01
  0.85663740E+01  0.97652745E+01  0.10911629E+02  0.12009391E+02  0.13056875E+02
  0.14052249E+02  0.14993710E+02  0.15881037E+02  0.16714396E+02  0.17494404E+02
  0.18221660E+02  0.18897220E+02  0.19522117E+02  0.20097663E+02  0.20625022E+02
  0.21105636E+02  0.21540666E+02  0.21931588E+02  0.22279800E+02  0.22586844E+02
  0.22854266E+02  0.23083731E+02  0.23276865E+02  0.23435357E+02  0.23560864E+02
  0.23655118E+02  0.23719779E+02  0.23756453E+02  0.23766735E+02  0.23752115E+02
  0.23714033E+02  0.23653853E+02  0.23572885E+02  0.23472373E+02  0.23353508E+02
  0.23217445E+02  0.23065268E+02  0.22898016E+02  0.22716701E+02  0.22522283E+02
  0.22315700E+02  0.22097891E+02  0.21869759E+02  0.21632203E+02  0.21386153E+02
  0.21132464E+02  0.20872018E+02  0.20605630E+02  0.20334099E+02  0.20058182E+02
  0.19778589E+02  0.19495995E+02  0.19211026E+02  0.18924231E+02  0.18636162E+02
  0.18347369E+02  0.18058409E+02  0.17769785E+02  0.17481915E+02  0.17195170E+02
  0.16909875E+02  0.16626298E+02  0.16344706E+02  0.16065399E+02  0.15788655E+02
  0.15514745E+02  0.15243823E+02  0.14975910E+02  0.14711000E+02  0.14449147E+02
  0.14190487E+02  0.13935187E+02  0.13683436E+02  0.13435391E+02  0.13191109E+02
  0.12950551E+02  0.12713626E+02  0.12480294E+02  0.12250582E+02  0.12024525E+02
  0.11802103E+02  0.11583289E+02  0.11368013E+02  0.11156191E+02  0.10947780E+02
  0.10742717E+02  0.10540973E+02  0.10342538E+02  0.10147391E+02  0.99555354E+01
  0.97669811E+01  0.95817291E+01  0.93997207E+01  0.92208389E+01  0.90449812E+01
  0.88720661E+01  0.87020637E+01  0.85349717E+01  0.83708274E+01  0.82096296E+01
  0.80513391E+01  0.78958804E+01  0.77431587E+01  0.75930854E+01  0.74456358E+01
  0.73008206E+01  0.71585950E+01  0.70189269E+01  0.68817810E+01  0.67470883E+01
  0.66148036E+01  0.64848971E+01  0.63573124E+01  0.62320044E+01  0.61089331E+01
  0.59880662E+01  0.58693653E+01  0.57528273E+01  0.56384293E+01  0.55261316E+01
  0.54158928E+01  0.53076708E+01  0.52014356E+01  0.50971513E+01
  0.10000000E+01  0.28464270E+01  0.45244285E+01  0.60625170E+01  0.74953564E+01
  0.88455345E+01  0.10134269E+02  0.11377280E+02  0.12579023E+02  0.13738097E+02
  0.14852627E+02  0.15920369E+02  0.16940413E+02  0.17912338E+02  0.18836331E+02
  0.19712542E+02  0.20541514E+02  0.21323755E+02  0.22060022E+02  0.22750998E+02
  0.23397577E+02  0.24000513E+02  0.24560762E+02  0.25079236E+02  0.25556952E+02
  0.25994915E+02  0.26394263E+02  0.26756110E+02  0.27081633E+02  0.27372014E+02
  0.27628500E+02  0.27852307E+02  0.28044643E+02  0.28206713E+02  0.28339680E+02
  0.28444683E+02  0.28522832E+02  0.28575217E+02  0.28602895E+02  0.28606918E+02
  0.28588313E+02  0.28548065E+02  0.28487126E+02  0.28406450E+02  0.28306963E+02
  0.28189605E+02  0.28055305E+02  0.27904963E+02  0.27739492E+02  0.27559829E+02
  0.27366871E+02  0.27161554E+02  0.26944766E+02  0.26717377E+02  0.26480237E+02
  0.26234175E+02  0.25979991E+02  0.25718473E+02  0.25450351E+02  0.25176315E+02
  0.24897057E+02  0.24613277E+02  0.24325659E+02  0.24034816E+02  0.23741326E+02
  0.23445710E+02  0.23148423E+02  0.22849923E+02  0.22550685E+02  0.22251172E+02
  0.21951821E+02  0.21652965E+02  0.21354821E+02  0.21057574E+02  0.20761465E+02
  0.20466775E+02  0.20173799E+02  0.19882819E+02  0.19594073E+02  0.19307711E+02
  0.19023801E+02  0.18742391E+02  0.18463560E+02  0.18187420E+02  0.17914062E+02
  0.17643535E+02  0.17375851E+02  0.17111033E+02  0.16849093E+02  0.16590050E+02
  0.16333894E+02  0.16080633E+02  0.15830275E+02  0.15582829E+02  0.15338317E+02
  0.15096808E+02  0.14858345E+02  0.14622902E+02  0.14390401E+02  0.14160742E+02
  0.13933880E+02  0.13709819E+02  0.13488584E+02  0.13270209E+02  0.13054722E+02
  0.12842089E+02  0.12632265E+02  0.12425170E+02  0.12220765E+02  0.12019053E+02
  0.11820020E+02  0.11623669E+02  0.11429966E+02  0.11238895E+02  0.11050442E+02
  0.10864572E+02  0.10681276E+02  0.10500521E+02  0.10322276E+02  0.10146506E+02
  0.99731687E+01  0.98022596E+01  0.96337770E+01  0.94677025E+01  0.93040245E+01
  0.91427273E+01  0.89837734E+01  0.88271395E+01  0.86727857E+01
  0.10000000E+01  0.28569771E+01  0.45579300E+01  0.61281828E+01  0.76005925E+01
  0.89961541E+01  0.10334621E+02  0.11630738E+02  0.12889207E+02  0.14108893E+02
  0.15288197E+02  0.16424893E+02  0.17518068E+02  0.18567211E+02  0.19572491E+02
  0.20533973E+02  0.21452138E+02  0.22327377E+02  0.23160340E+02  0.23951584E+02
  0.24701871E+02  0.25411779E+02  0.26082092E+02  0.26713513E+02  0.27306847E+02
  0.27862864E+02  0.28382456E+02  0.28866470E+02  0.29315824E+02  0.29731425E+02
  0.30114243E+02  0.30465223E+02  0.30785305E+02  0.31075426E+02  0.31336490E+02
  0.31569394E+02  0.31775028E+02  0.31954250E+02  0.32107892E+02  0.32236785E+02
  0.32341747E+02  0.32423581E+02  0.32483070E+02  0.32520985E+02  0.32538090E+02
  0.32535137E+02  0.32512902E+02  0.32472158E+02  0.32413689E+02  0.32338307E+02
  0.32246787E+02  0.32139918E+02  0.32018462E+02  0.31883197E+02  0.31734884E+02
  0.31574267E+02  0.31402091E+02  0.31219071E+02  0.31025881E+02  0.30823183E+02
  0.30611660E+02  0.30392006E+02  0.30164905E+02  0.29930994E+02  0.29690882E+02
  0.29445137E+02  0.29194287E+02  0.28938856E+02  0.28679373E+02  0.28416367E+02
  0.28150327E+02  0.27881687E+02  0.27610779E+02  0.27337907E+02  0.27063411E+02
  0.26787651E+02  0.26510990E+02  0.26233787E+02  0.25956378E+02  0.25679018E+02
  0.25401904E+02  0.25125185E+02  0.24849040E+02  0.24573680E+02  0.24299270E+02
  0.24025960E+02  0.23753840E+02  0.23482988E+02  0.23213488E+02  0.22945412E+02
  0.22678829E+02  0.22413810E+02  0.22150429E+02  0.21888739E+02  0.21628819E+02
  0.21370746E+02  0.21114594E+02  0.20860394E+02  0.20608131E+02  0.20357767E+02
  0.20109291E+02  0.19862733E+02  0.19618141E+02  0.19375579E+02  0.19135085E+02
  0.18896665E+02  0.18660286E+02  0.18425903E+02  0.18193510E+02  0.17963123E+02
  0.17734749E+02  0.17508407E+02  0.17284097E+02  0.17061831E+02  0.16841595E+02
  0.16623405E+02  0.16407243E+02  0.16193094E+02  0.15980958E+02  0.15770818E+02
  0.15562672E+02  0.15356523E+02  0.15152395E+02  0.14950293E+02  0.14750204E+02
  0.14552102E+02  0.14355981E+02  0.14161833E+02  0.13969657E+02
  0.10000000E+01  0.28680511E+01  0.45933727E+01  0.61980479E+01  0.77127480E+01
  0.91567260E+01  0.10548223E+02  0.11901036E+02  0.13219982E+02  0.14504085E+02
  0.15751898E+02  0.16961136E+02  0.18130809E+02  0.19260238E+02  0.20349522E+02
  0.21398570E+02  0.22407733E+02  0.23377201E+02  0.24307444E+02  0.25198828E+02
  0.26051944E+02  0.26867214E+02  0.27645241E+02  0.28386546E+02  0.29091732E+02
  0.29761355E+02  0.30396091E+02  0.30996575E+02  0.31563505E+02  0.32097556E+02
  0.32599486E+02  0.33070013E+02  0.33509871E+02  0.33919786E+02  0.34300477E+02
  0.34652643E+02  0.34976994E+02  0.35274219E+02  0.35544994E+02  0.35789994E+02
  0.36009899E+02  0.36205368E+02  0.36377045E+02  0.36525574E+02  0.36651605E+02
  0.36755783E+02  0.36838776E+02  0.36901235E+02  0.36943834E+02  0.36967264E+02
  0.36972181E+02  0.36959280E+02  0.36929236E+02  0.36882745E+02  0.36820478E+02
  0.36743110E+02  0.36651322E+02  0.36545784E+02  0.36427139E+02  0.36296010E+02
  0.36153041E+02  0.35998901E+02  0.35834249E+02  0.35659723E+02  0.35475935E+02
  0.35283484E+02  0.35082905E+02  0.34874747E+02  0.34659576E+02  0.34437939E+02
  0.34210388E+02  0.33977418E+02  0.33739444E+02  0.33496860E+02  0.33250071E+02
  0.32999488E+02  0.32745529E+02  0.32488615E+02  0.32229142E+02  0.31967456E+02
  0.31703843E+02  0.31438551E+02  0.31171839E+02  0.30903974E+02  0.30635193E+02
  0.30365715E+02  0.30095724E+02  0.29825391E+02  0.29554885E+02  0.29284330E+02
  0.29013860E+02  0.28743597E+02  0.28473660E+02  0.28204173E+02  0.27935248E+02
  0.27667008E+02  0.27399591E+02  0.27133042E+02  0.26867390E+02  0.26602671E+02
  0.26338912E+02  0.26076170E+02  0.25814521E+02  0.25554029E+02  0.25294778E+02
  0.25036818E+02  0.24780147E+02  0.24524785E+02  0.24270729E+02  0.24018006E+02
  0.23766648E+02  0.23516692E+02  0.23268181E+02  0.23021124E+02  0.22775535E+02
  0.22531415E+02  0.22288769E+02  0.22047606E+02  0.21807951E+02  0.21569828E+02
  0.21333240E+02  0.21098205E+02  0.20864741E+02  0.20632871E+02  0.20402597E+02
  0.20173923E+02  0.19946859E+02  0.19721401E+02  0.19497542E+02
  0.10000000E+01  0.28729120E+01  0.46094715E+01  0.62302380E+01  0.77652731E+01
  0.92331543E+01  0.10651219E+02  0.12032338E+02  0.13381229E+02  0.14697028E+02
  0.15978485E+02  0.17223477E+02  0.18431206E+02  0.19601096E+02  0.20733348E+02
  0.21827931E+02  0.22885259E+02  0.23905527E+02  0.24889238E+02  0.25836718E+02
  0.26748550E+02  0.27625113E+02  0.28466988E+02  0.29274643E+02  0.30048632E+02
  0.30789454E+02  0.31497715E+02  0.32173952E+02  0.32818793E+02  0.33432833E+02
  0.34016739E+02  0.34571142E+02  0.35096683E+02  0.35593981E+02  0.36063653E+02
  0.36506306E+02  0.36922543E+02  0.37312945E+02  0.37678085E+02  0.38018526E+02
  0.38334852E+02  0.38627604E+02  0.38897335E+02  0.39144579E+02  0.39369864E+02
  0.39573721E+02  0.39756710E+02  0.39919381E+02  0.40062298E+02  0.40186040E+02
  0.40291167E+02  0.40378249E+02  0.40447860E+02  0.40500567E+02  0.40536949E+02
  0.40557572E+02  0.40563007E+02  0.40553819E+02  0.40530539E+02  0.40493715E+02
  0.40443884E+02  0.40381619E+02  0.40307486E+02  0.40222045E+02  0.40125841E+02
  0.40019381E+02  0.39903167E+02  0.39777677E+02  0.39643410E+02  0.39500873E+02
  0.39350561E+02  0.39192927E+02  0.39028364E+02  0.38857246E+02  0.38679955E+02
  0.38496906E+02  0.38308495E+02  0.38115139E+02  0.37917223E+02  0.37715100E+02
  0.37509070E+02  0.37299401E+02  0.37086387E+02  0.36870308E+02  0.36651446E+02
  0.36430035E+02  0.36206287E+02  0.35980395E+02  0.35752551E+02  0.35522934E+02
  0.35291709E+02  0.35059024E+02  0.34825050E+02  0.34589927E+02  0.34353816E+02
  0.34116886E+02  0.33879287E+02  0.33641139E+02  0.33402496E+02  0.33163418E+02
  0.32923961E+02  0.32684218E+02  0.32444286E+02  0.32204286E+02  0.31964314E+02
  0.31724432E+02  0.31484665E+02  0.31245053E+02  0.31005635E+02  0.30766477E+02
  0.30527661E+02  0.30289241E+02  0.30051262E+02  0.29813761E+02  0.29576779E+02
  0.29340350E+02  0.29104518E+02  0.28869294E+02  0.28634704E+02  0.28400770E+02
  0.28167501E+02  0.27934935E+02  0.27703137E+02  0.27472154E+02  0.27242023E+02
  0.27012734E+02  0.26784320E+02  0.26556792E+02  0.26330186E+02
  0.10000000E+01  0.28797815E+01  0.46319688E+01  0.62751547E+01  0.78380694E+01
  0.93382076E+01  0.10791792E+02  0.12210843E+02  0.13599954E+02  0.14958327E+02
  0.16284823E+02  0.17577358E+02  0.18835188E+02  0.20057729E+02  0.21245189E+02
  0.22397497E+02  0.23515020E+02  0.24597870E+02  0.25646486E+02  0.26661118E+02
  0.27642285E+02  0.28590290E+02  0.29505638E+02  0.30388727E+02  0.31240022E+02
  0.32059922E+02  0.32848941E+02  0.33607516E+02  0.34336176E+02  0.35035404E+02
  0.35705760E+02  0.36347766E+02  0.36961950E+02  0.37548822E+02  0.38108900E+02
  0.38642692E+02  0.39150705E+02  0.39633437E+02  0.40091361E+02  0.40524936E+02
  0.40934656E+02  0.41320978E+02  0.41684359E+02  0.42025259E+02  0.42344124E+02
  0.42641411E+02  0.42917591E+02  0.43173124E+02  0.43408488E+02  0.43624185E+02
  0.43820690E+02  0.43998487E+02  0.44158085E+02  0.44299976E+02  0.44424651E+02
  0.44532610E+02  0.44624346E+02  0.44700343E+02  0.44761078E+02  0.44807014E+02
  0.44838646E+02  0.44856487E+02  0.44861044E+02  0.44852831E+02  0.44832339E+02
  0.44800040E+02  0.44756378E+02  0.44701814E+02  0.44636816E+02  0.44561861E+02
  0.44477423E+02  0.44383940E+02  0.44281803E+02  0.44171382E+02  0.44053064E+02
  0.43927248E+02  0.43794340E+02  0.43654735E+02  0.43508830E+02  0.43356978E+02
  0.43199490E+02  0.43036673E+02  0.42868851E+02  0.42696339E+02  0.42519420E+02
  0.42338366E+02  0.42153409E+02  0.41964772E+02  0.41772678E+02  0.41577333E+02
  0.41378914E+02  0.41177620E+02  0.40973650E+02  0.40767184E+02  0.40558404E+02
  0.40347496E+02  0.40134642E+02  0.39919974E+02  0.39703607E+02  0.39485632E+02
  0.39266161E+02  0.39045315E+02  0.38823208E+02  0.38599962E+02  0.38375692E+02
  0.38150480E+02  0.37924395E+02  0.37697485E+02  0.37469834E+02  0.37241532E+02
  0.37012658E+02  0.36783301E+02  0.36553512E+02  0.36323354E+02  0.36092894E+02
  0.35862167E+02  0.35631240E+02  0.35400162E+02  0.35168981E+02  0.34937735E+02
  0.34706471E+02  0.34475238E+02  0.34244087E+02  0.34013070E+02  0.33782231E+02
  0.33551603E+02  0.33321217E+02  0.33091104E+02  0.32861298E+02
  0.10000000E+01  0.28834044E+01  0.46443357E+01  0.63002984E+01  0.78795463E+01
  0.93990765E+01  0.10874375E+02  0.12316674E+02  0.13730369E+02  0.15114706E+02
  0.16468661E+02  0.17790322E+02  0.19079134E+02  0.20334631E+02  0.21557129E+02
  0.22746606E+02  0.23903473E+02  0.25027870E+02  0.26120245E+02  0.27180844E+02
  0.28210187E+02  0.29208547E+02  0.30176416E+02  0.31114141E+02  0.32022169E+02
  0.32900873E+02  0.33750730E+02  0.34572149E+02  0.35365610E+02  0.36131549E+02
  0.36870483E+02  0.37582881E+02  0.38269223E+02  0.38929975E+02  0.39565603E+02
  0.40176549E+02  0.40763268E+02  0.41326176E+02  0.41865696E+02  0.42382235E+02
  0.42876217E+02  0.43348052E+02  0.43798109E+02  0.44226779E+02  0.44634446E+02
  0.45021490E+02  0.45388329E+02  0.45735359E+02  0.46062984E+02  0.46371618E+02
  0.46661671E+02  0.46933555E+02  0.47187691E+02  0.47424502E+02  0.47644413E+02
  0.47847835E+02  0.48035181E+02  0.48206848E+02  0.48363239E+02  0.48504746E+02
  0.48631781E+02  0.48744779E+02  0.48844171E+02  0.48930373E+02  0.49003812E+02
  0.49064889E+02  0.49113990E+02  0.49151508E+02  0.49177847E+02  0.49193412E+02
  0.49198603E+02  0.49193788E+02  0.49179307E+02  0.49155484E+02  0.49122664E+02
  0.49081200E+02  0.49031456E+02  0.48973772E+02  0.48908500E+02  0.48835975E+02
  0.48756483E+02  0.48670316E+02  0.48577778E+02  0.48479165E+02  0.48374743E+02
  0.48264766E+02  0.48149479E+02  0.48029112E+02  0.47903884E+02  0.47773994E+02
  0.47639632E+02  0.47501003E+02  0.47358296E+02  0.47211700E+02  0.47061416E+02
  0.46907642E+02  0.46750567E+02  0.46590345E+02  0.46427098E+02  0.46260956E+02
  0.46092044E+02  0.45920493E+02  0.45746446E+02  0.45570053E+02  0.45391422E+02
  0.45210671E+02  0.45027885E+02  0.44843142E+02  0.44656547E+02  0.44468190E+02
  0.44278172E+02  0.44086582E+02  0.43893528E+02  0.43699093E+02  0.43503352E+02
  0.43306372E+02  0.43108224E+02  0.42908967E+02  0.42708660E+02  0.42507370E+02
  0.42305161E+02  0.42102105E+02  0.41898253E+02  0.41693668E+02  0.41488386E+02
  0.41282460E+02  0.41075946E+02  0.40868898E+02  0.40661361E+02
  0.10000000E+01  0.28871679E+01  0.46569543E+01  0.63258254E+01  0.79212891E+01
  0.94597524E+01  0.10956058E+02  0.12420902E+02  0.13858517E+02  0.15268159E+02
  0.16648842E+02  0.17998714E+02  0.19317273E+02  0.20604097E+02  0.21859509E+02
  0.23083487E+02  0.24276415E+02  0.25438382E+02  0.26569803E+02  0.27670895E+02
  0.28742131E+02  0.29783762E+02  0.30796244E+02  0.31779884E+02  0.32735080E+02
  0.33662167E+02  0.34561584E+02  0.35433694E+02  0.36278944E+02  0.37097730E+02
  0.37890521E+02  0.38657731E+02  0.39399798E+02  0.40117132E+02  0.40810168E+02
  0.41479313E+02  0.42124980E+02  0.42747557E+02  0.43347421E+02  0.43924937E+02
  0.44480506E+02  0.45014494E+02  0.45527252E+02  0.46019126E+02  0.46490469E+02
  0.46941634E+02  0.47372985E+02  0.47784878E+02  0.48177687E+02  0.48551784E+02
  0.48907536E+02  0.49245324E+02  0.49565532E+02  0.49868541E+02  0.50154746E+02
  0.50424516E+02  0.50678236E+02  0.50916271E+02  0.51138980E+02  0.51346725E+02
  0.51539886E+02  0.51718838E+02  0.51883977E+02  0.52035684E+02  0.52174342E+02
  0.52300331E+02  0.52413998E+02  0.52515703E+02  0.52605807E+02  0.52684682E+02
  0.52752706E+02  0.52810207E+02  0.52857498E+02  0.52894901E+02  0.52922732E+02
  0.52941316E+02  0.52950978E+02  0.52952042E+02  0.52944831E+02  0.52929651E+02
  0.52906770E+02  0.52876459E+02  0.52838999E+02  0.52794681E+02  0.52743754E+02
  0.52686471E+02  0.52623068E+02  0.52553752E+02  0.52478743E+02  0.52398246E+02
  0.52312447E+02  0.52221538E+02  0.52125723E+02  0.52025188E+02  0.51920131E+02
  0.51810731E+02  0.51697165E+02  0.51579599E+02  0.51458164E+02  0.51332979E+02
  0.51204189E+02  0.51071939E+02  0.50936379E+02  0.50797650E+02  0.50655885E+02
  0.50511199E+02  0.50363684E+02  0.50213442E+02  0.50060577E+02  0.49905202E+02
  0.49747422E+02  0.49587346E+02  0.49425053E+02  0.49260642E+02  0.49094194E+02
  0.48925791E+02  0.48755519E+02  0.48583448E+02  0.48409663E+02  0.48234223E+02
  0.48057207E+02  0.47878684E+02  0.47698733E+02  0.47517430E+02  0.47334832E+02
  0.47150994E+02  0.46965986E+02  0.46779845E+02  0.46592618E+02
  0.10000000E+01  0.28891722E+01  0.46640554E+01  0.63405534E+01  0.79459084E+01
  0.94962403E+01  0.11005967E+02  0.12485272E+02  0.13938215E+02  0.15364044E+02
  0.16761833E+02  0.18129838E+02  0.19467682E+02  0.20775040E+02  0.22052305E+02
  0.23299498E+02  0.24517042E+02  0.25705053E+02  0.26863962E+02  0.27993989E+02
  0.29095605E+02  0.30169042E+02  0.31214749E+02  0.32233013E+02  0.33224234E+02
  0.34188737E+02  0.35126956E+02  0.36039241E+02  0.36926025E+02  0.37787690E+02
  0.38624688E+02  0.39437410E+02  0.40226275E+02  0.40991683E+02  0.41734041E+02
  0.42453737E+02  0.43151149E+02  0.43826639E+02  0.44480551E+02  0.45113221E+02
  0.45725023E+02  0.46316298E+02  0.46887355E+02  0.47438518E+02  0.47970110E+02
  0.48482446E+02  0.48975872E+02  0.49450717E+02  0.49907317E+02  0.50346023E+02
  0.50767161E+02  0.51171067E+02  0.51558099E+02  0.51928594E+02  0.52282902E+02
  0.52621347E+02  0.52944275E+02  0.53252007E+02  0.53544871E+02  0.53823179E+02
  0.54087262E+02  0.54337487E+02  0.54574182E+02  0.54797695E+02  0.55008365E+02
  0.55206512E+02  0.55392463E+02  0.55566515E+02  0.55729000E+02  0.55880261E+02
  0.56020605E+02  0.56150348E+02  0.56269757E+02  0.56379100E+02  0.56478658E+02
  0.56568706E+02  0.56649547E+02  0.56721457E+02  0.56784746E+02  0.56839680E+02
  0.56886508E+02  0.56925485E+02  0.56956847E+02  0.56980837E+02  0.56997697E+02
  0.57007637E+02  0.57010870E+02  0.57007607E+02  0.56998046E+02  0.56982374E+02
  0.56960756E+02  0.56933365E+02  0.56900391E+02  0.56862011E+02  0.56818405E+02
  0.56769757E+02  0.56716254E+02  0.56658044E+02  0.56595248E+02  0.56527990E+02
  0.56456387E+02  0.56380574E+02  0.56300698E+02  0.56216894E+02  0.56129292E+02
  0.56038022E+02  0.55943175E+02  0.55844849E+02  0.55743152E+02  0.55638193E+02
  0.55530090E+02  0.55418946E+02  0.55304865E+02  0.55187949E+02  0.55068289E+02
  0.54945966E+02  0.54821059E+02  0.54693642E+02  0.54563787E+02  0.54431571E+02
  0.54297080E+02  0.54160396E+02  0.54021601E+02  0.53880777E+02  0.53737990E+02
  0.53593290E+02  0.53446754E+02  0.53298450E+02  0.53148436E+02
  0.10000000E+01  0.28945669E+01  0.46819232E+01  0.63765327E+01  0.80044218E+01
  0.95808130E+01  0.11119279E+02  0.12629410E+02  0.14115079E+02  0.15575519E+02
  0.17009821E+02  0.18416245E+02  0.19794408E+02  0.21143953E+02  0.22465237E+02
  0.23758228E+02  0.25023261E+02  0.26260380E+02  0.27469921E+02  0.28652041E+02
  0.29807129E+02  0.30935369E+02  0.32037139E+02  0.33112672E+02  0.34162314E+02
  0.35186312E+02  0.36185047E+02  0.37158796E+02  0.38107932E+02  0.39032772E+02
  0.39933707E+02  0.40811071E+02  0.41665218E+02  0.42496486E+02  0.43305236E+02
  0.44091794E+02  0.44856509E+02  0.45599701E+02  0.46321660E+02  0.47022704E+02
  0.47703149E+02  0.48363299E+02  0.49003440E+02  0.49623866E+02  0.50224862E+02
  0.50806718E+02  0.51369736E+02  0.51914208E+02  0.52440442E+02  0.52948735E+02
  0.53439408E+02  0.53912739E+02  0.54369070E+02  0.54808698E+02  0.55231934E+02
  0.55639092E+02  0.56030473E+02  0.56406386E+02  0.56767135E+02  0.57113007E+02
  0.57444305E+02  0.57761346E+02  0.58064450E+02  0.58353938E+02  0.58630130E+02
  0.58893338E+02  0.59143841E+02  0.59381918E+02  0.59607871E+02  0.59821997E+02
  0.60024601E+02  0.60215986E+02  0.60396425E+02  0.60566160E+02  0.60725449E+02
  0.60874548E+02  0.61013747E+02  0.61143316E+02  0.61263544E+02  0.61374706E+02
  0.61477035E+02  0.61570757E+02  0.61656114E+02  0.61733330E+02  0.61802627E+02
  0.61864238E+02  0.61918383E+02  0.61965246E+02  0.62005030E+02  0.62037905E+02
  0.62064041E+02  0.62083617E+02  0.62096820E+02  0.62103837E+02  0.62104838E+02
  0.62100009E+02  0.62089516E+02  0.62073512E+02  0.62052138E+02  0.62025526E+02
  0.61993814E+02  0.61957143E+02  0.61915654E+02  0.61869493E+02  0.61818777E+02
  0.61763633E+02  0.61704169E+02  0.61640495E+02  0.61572740E+02  0.61501014E+02
  0.61425431E+02  0.61346105E+02  0.61263131E+02  0.61176618E+02  0.61086672E+02
  0.60993387E+02  0.60896847E+02  0.60797135E+02  0.60694343E+02  0.60588548E+02
  0.60479832E+02  0.60368295E+02  0.60254035E+02  0.60137128E+02  0.60017648E+02
  0.59895660E+02  0.59771255E+02  0.59644490E+02  0.59515427E+02
  0.10000000E+01  0.28947713E+01  0.46831262E+01  0.63792813E+01  0.80097299E+01
  0.95897333E+01  0.11132793E+02  0.12648001E+02  0.14139247E+02  0.15605755E+02
  0.17046784E+02  0.18460737E+02  0.19847451E+02  0.21206709E+02  0.22538995E+02
  0.23844389E+02  0.25123309E+02  0.26375879E+02  0.27602498E+02  0.28803346E+02
  0.29978846E+02  0.31129167E+02  0.32254693E+02  0.33355629E+02  0.34432320E+02
  0.35485002E+02  0.36514053E+02  0.37519733E+02  0.38502412E+02  0.39462374E+02
  0.40400013E+02  0.41315627E+02  0.42209542E+02  0.43082091E+02  0.43933584E+02
  0.44764343E+02  0.45574654E+02  0.46364815E+02  0.47135070E+02  0.47885717E+02
  0.48617018E+02  0.49329254E+02  0.50022658E+02  0.50697474E+02  0.51353953E+02
  0.51992335E+02  0.52612911E+02  0.53215902E+02  0.53801595E+02  0.54370238E+02
  0.54922110E+02  0.55457450E+02  0.55976551E+02  0.56479665E+02  0.56967078E+02
  0.57439044E+02  0.57895830E+02  0.58337690E+02  0.58764878E+02  0.59177627E+02
  0.59576204E+02  0.59960882E+02  0.60331929E+02  0.60689619E+02  0.61034227E+02
  0.61366015E+02  0.61685236E+02  0.61992127E+02  0.62286957E+02  0.62569976E+02
  0.62841453E+02  0.63101646E+02  0.63350769E+02  0.63589040E+02  0.63816692E+02
  0.64033970E+02  0.64241127E+02  0.64438404E+02  0.64626051E+02  0.64804298E+02
  0.64973371E+02  0.65133455E+02  0.65284778E+02  0.65427573E+02  0.65562023E+02
  0.65688336E+02  0.65806711E+02  0.65917316E+02  0.66020331E+02  0.66115917E+02
  0.66204261E+02  0.66285512E+02  0.66359853E+02  0.66427454E+02  0.66488492E+02
  0.66543143E+02  0.66591580E+02  0.66633961E+02  0.66670422E+02  0.66701086E+02
  0.66726082E+02  0.66745533E+02  0.66759573E+02  0.66768347E+02  0.66771981E+02
  0.66770605E+02  0.66764320E+02  0.66753225E+02  0.66737452E+02  0.66717112E+02
  0.66692327E+02  0.66663226E+02  0.66629923E+02  0.66592522E+02  0.66551131E+02
  0.66505840E+02  0.66456746E+02  0.66403929E+02  0.66347504E+02  0.66287539E+02
  0.66224116E+02  0.66157328E+02  0.66087258E+02  0.66013992E+02  0.65937599E+02
  0.65858163E+02  0.65775769E+02  0.65690484E+02  0.65602390E+02
  0.10000000E+01  0.28937019E+01  0.46800604E+01  0.63734984E+01  0.80010211E+01
  0.95780915E+01  0.11118338E+02  0.12630652E+02  0.14118921E+02  0.15582336E+02
  0.17020255E+02  0.18431153E+02  0.19815005E+02  0.21171685E+02  0.22501759E+02
  0.23805391E+02  0.25083071E+02  0.26334992E+02  0.27561603E+02  0.28763137E+02
  0.29940044E+02  0.31092501E+02  0.32220917E+02  0.33325507E+02  0.34406651E+02
  0.35464590E+02  0.36499738E+02  0.37512360E+02  0.38502859E+02  0.39471519E+02
  0.40418739E+02  0.41344833E+02  0.42250128E+02  0.43134956E+02  0.43999630E+02
  0.44844486E+02  0.45669791E+02  0.46475851E+02  0.47262896E+02  0.48031224E+02
  0.48781091E+02  0.49512766E+02  0.50226467E+02  0.50922446E+02  0.51600942E+02
  0.52262177E+02  0.52906437E+02  0.53533925E+02  0.54144929E+02  0.54739667E+02
  0.55318411E+02  0.55881378E+02  0.56428851E+02  0.56961057E+02  0.57478273E+02
  0.57980727E+02  0.58468670E+02  0.58942335E+02  0.59401964E+02  0.59847770E+02
  0.60280001E+02  0.60698913E+02  0.61104756E+02  0.61497778E+02  0.61878235E+02
  0.62246364E+02  0.62602402E+02  0.62946549E+02  0.63279053E+02  0.63600152E+02
  0.63910090E+02  0.64209083E+02  0.64497346E+02  0.64775070E+02  0.65042450E+02
  0.65299722E+02  0.65547094E+02  0.65784802E+02  0.66013079E+02  0.66232138E+02
  0.66442171E+02  0.66643371E+02  0.66835932E+02  0.67020034E+02  0.67195865E+02
  0.67363621E+02  0.67523481E+02  0.67675601E+02  0.67820149E+02  0.67957272E+02
  0.68087119E+02  0.68209840E+02  0.68325612E+02  0.68434597E+02  0.68536955E+02
  0.68632844E+02  0.68722428E+02  0.68805830E+02  0.68883170E+02  0.68954565E+02
  0.69020140E+02  0.69080030E+02  0.69134362E+02  0.69183261E+02  0.69226854E+02
  0.69265239E+02  0.69298516E+02  0.69326788E+02  0.69350175E+02  0.69368805E+02
  0.69382785E+02  0.69392231E+02  0.69397242E+02  0.69397924E+02  0.69394381E+02
  0.69386692E+02  0.69374957E+02  0.69359258E+02  0.69339681E+02  0.69316310E+02
  0.69289231E+02  0.69258533E+02  0.69224310E+02  0.69186622E+02  0.69145558E+02
  0.69101187E+02  0.69053592E+02  0.69002851E+02  0.68949033E+02
  0.10000000E+01  0.28980724E+01  0.46946850E+01  0.64030929E+01  0.80493391E+01
  0.96481177E+01  0.11212397E+02  0.12750502E+02  0.14266186E+02  0.15758579E+02
  0.17227066E+02  0.18670110E+02  0.20087705E+02  0.21479698E+02  0.22846642E+02
  0.24188659E+02  0.25506182E+02  0.26799348E+02  0.28068535E+02  0.29313932E+02
  0.30535929E+02  0.31734673E+02  0.32910524E+02  0.34063644E+02  0.35194365E+02
  0.36302875E+02  0.37389547E+02  0.38454587E+02  0.39498356E+02  0.40521094E+02
  0.41523155E+02  0.42504795E+02  0.43466303E+02  0.44407961E+02  0.45330048E+02
  0.46232869E+02  0.47116647E+02  0.47981667E+02  0.48828119E+02  0.49656261E+02
  0.50466311E+02  0.51258522E+02  0.52033096E+02  0.52790251E+02  0.53530204E+02
  0.54253149E+02  0.54959338E+02  0.55648939E+02  0.56322225E+02  0.56979383E+02
  0.57620676E+02  0.58246288E+02  0.58856492E+02  0.59451473E+02  0.60031483E+02
  0.60596725E+02  0.61147437E+02  0.61683835E+02  0.62206138E+02  0.62714551E+02
  0.63209285E+02  0.63690570E+02  0.64158631E+02  0.64613697E+02  0.65056003E+02
  0.65485768E+02  0.65903219E+02  0.66308547E+02  0.66701977E+02  0.67083729E+02
  0.67454031E+02  0.67813083E+02  0.68161080E+02  0.68498203E+02  0.68824662E+02
  0.69140656E+02  0.69446402E+02  0.69742116E+02  0.70027991E+02  0.70304229E+02
  0.70571013E+02  0.70828513E+02  0.71076933E+02  0.71316456E+02  0.71547261E+02
  0.71769516E+02  0.71983405E+02  0.72189065E+02  0.72386662E+02  0.72576350E+02
  0.72758283E+02  0.72932609E+02  0.73099495E+02  0.73259078E+02  0.73411508E+02
  0.73556940E+02  0.73695542E+02  0.73827443E+02  0.73952765E+02  0.74071619E+02
  0.74184111E+02  0.74290350E+02  0.74390484E+02  0.74484638E+02  0.74572950E+02
  0.74655528E+02  0.74732474E+02  0.74803870E+02  0.74869844E+02  0.74930517E+02
  0.74986007E+02  0.75036430E+02  0.75081904E+02  0.75122520E+02  0.75158359E+02
  0.75189514E+02  0.75216061E+02  0.75238104E+02  0.75255756E+02  0.75269087E+02
  0.75278194E+02  0.75283151E+02  0.75284058E+02  0.75280988E+02  0.75274017E+02
  0.75263249E+02  0.75248762E+02  0.75230638E+02  0.75208946E+02
  0.10000000E+01  0.28924049E+01  0.46768545E+01  0.63679506E+01  0.79935227E+01
  0.95691099E+01  0.11108612E+02  0.12620326E+02  0.14108228E+02  0.15571273E+02
  0.17009078E+02  0.18420137E+02  0.19804709E+02  0.21162782E+02  0.22495065E+02
  0.23801848E+02  0.25083716E+02  0.26340996E+02  0.27574193E+02  0.28783622E+02
  0.29969781E+02  0.31132875E+02  0.32273354E+02  0.33391445E+02  0.34487580E+02
  0.35562001E+02  0.36615192E+02  0.37647394E+02  0.38659091E+02  0.39650564E+02
  0.40622277E+02  0.41574539E+02  0.42507694E+02  0.43422097E+02  0.44318054E+02
  0.45195921E+02  0.46055931E+02  0.46898437E+02  0.47723627E+02  0.48531822E+02
  0.49323231E+02  0.50098148E+02  0.50856780E+02  0.51599359E+02  0.52326129E+02
  0.53037271E+02  0.53733091E+02  0.54413720E+02  0.55079477E+02  0.55730525E+02
  0.56367171E+02  0.56989581E+02  0.57598045E+02  0.58192749E+02  0.58773952E+02
  0.59341830E+02  0.59896626E+02  0.60438558E+02  0.60967833E+02  0.61484647E+02
  0.61989210E+02  0.62481745E+02  0.62962464E+02  0.63431579E+02  0.63889324E+02
  0.64335893E+02  0.64771503E+02  0.65196324E+02  0.65610577E+02  0.66014432E+02
  0.66408110E+02  0.66791791E+02  0.67165642E+02  0.67529822E+02  0.67884502E+02
  0.68229866E+02  0.68566084E+02  0.68893353E+02  0.69211858E+02  0.69521788E+02
  0.69823304E+02  0.70116550E+02  0.70401692E+02  0.70678880E+02  0.70948259E+02
  0.71209969E+02  0.71464172E+02  0.71710988E+02  0.71950570E+02  0.72183023E+02
  0.72408477E+02  0.72627046E+02  0.72838872E+02  0.73044064E+02  0.73242769E+02
  0.73435101E+02  0.73621211E+02  0.73801194E+02  0.73975159E+02  0.74143195E+02
  0.74305393E+02  0.74461843E+02  0.74612685E+02  0.74757998E+02  0.74897892E+02
  0.75032455E+02  0.75161774E+02  0.75285923E+02  0.75405013E+02  0.75519153E+02
  0.75628413E+02  0.75732883E+02  0.75832668E+02  0.75927832E+02  0.76018472E+02
  0.76104650E+02  0.76186450E+02  0.76263941E+02  0.76337207E+02  0.76406314E+02
  0.76471348E+02  0.76532380E+02  0.76589503E+02  0.76642781E+02  0.76692279E+02
  0.76738068E+02  0.76780223E+02  0.76818797E+02  0.76853848E+02
   128
  0.10000000E+01  0.26274837E+01  0.36751572E+01  0.41460157E+01  0.42045735E+01
  0.39808529E+01  0.35962520E+01  0.31320124E+01  0.26520686E+01  0.21865633E+01
  0.17580801E+01  0.13767518E+01  0.10504741E+01  0.77988811E+00  0.56265261E+00
  0.39258955E+00  0.26553999E+00  0.17440358E+00  0.11233618E+00  0.71539453E-01
  0.46013847E-01  0.30326305E-01  0.21380500E-01  0.16510756E-01  0.13652571E-01
  0.11561367E-01  0.96487427E-02  0.76521312E-02  0.55890863E-02  0.35613831E-02
  0.17778118E-02  0.41559178E-03 -0.52614862E-03  0.00000000E+00  0.00000000E+00
  0.00000000E+00  0.00000000E+00  0.00000000E+00  0.00000000E+00  0.00000000E+00
  0.00000000E+00  0.00000000E+00  0.00000000E+00  0.00000000E+00  0.00000000E+00
  0.00000000E+00  0.00000000E+00  0.00000000E+00  0.00000000E+00  0.00000000E+00
  0.00000000E+00  0.00000000E+00  0.00000000E+00  0.00000000E+00  0.00000000E+00
  0.00000000E+00  0.00000000E+00  0.00000000E+00  0.00000000E+00  0.00000000E+00
  0.00000000E+00  0.00000000E+00  0.00000000E+00  0.00000000E+00  0.00000000E+00
  0.00000000E+00  0.00000000E+00  0.00000000E+00  0.00000000E+00  0.00000000E+00
  0.00000000E+00  0.00000000E+00  0.00000000E+00  0.00000000E+00  0.00000000E+00
  0.00000000E+00  0.00000000E+00  0.00000000E+00  0.00000000E+00  0.00000000E+00
  0.00000000E+00  0.00000000E+00  0.00000000E+00  0.00000000E+00  0.00000000E+00
  0.00000000E+00  0.00000000E+00  0.00000000E+00  0.00000000E+00  0.00000000E+00
  0.00000000E+00  0.00000000E+00  0.00000000E+00  0.00000000E+00  0.00000000E+00
  0.00000000E+00  0.00000000E+00  0.00000000E+00  0.00000000E+00  0.00000000E+00
  0.00000000E+00  0.00000000E+00  0.00000000E+00  0.00000000E+00  0.00000000E+00
  0.00000000E+00  0.00000000E+00  0.00000000E+00  0.00000000E+00  0.00000000E+00
  0.00000000E+00  0.00000000E+00  0.00000000E+00  0.00000000E+00  0.00000000E+00
  0.00000000E+00  0.00000000E+00  0.00000000E+00  0.00000000E+00  0.00000000E+00
  0.00000000E+00  0.00000000E+00  0.00000000E+00  0.00000000E+00  0.00000000E+00
  0.00000000E+00  0.00000000E+00  0.00000000E+00  0.00000000E+00
  0.10000000E+01  0.26758288E+01  0.38707908E+01  0.46148186E+01  0.50120820E+01
  0.51458810E+01  0.50877318E+01  0.48867624E+01  0.45857628E+01  0.42098375E+01
  0.37837128E+01  0.33303600E+01  0.28735902E+01  0.24326480E+01  0.20213335E+01
  0.16486665E+01  0.13228103E+01  0.10464104E+01  0.81937872E+00  0.63722834E+00
  0.49561606E+00  0.38649215E+00  0.30326701E+00  0.23874521E+00  0.18773130E+00
  0.14672878E+00  0.11354994E+00  0.86742951E-01  0.65187181E-01  0.47953133E-01
  0.34457291E-01  0.24201431E-01  0.16533241E-01  0.11015502E-01  0.73687896E-02
  0.50492469E-02  0.35599060E-02  0.26465263E-02  0.21127739E-02  0.17150008E-02
  0.13186829E-02  0.90213533E-03  0.48708252E-03  0.16360359E-03 -0.30073966E-04
  0.00000000E+00  0.00000000E+00  0.00000000E+00  0.00000000E+00  0.00000000E+00
  0.00000000E+00  0.00000000E+00  0.00000000E+00  0.00000000E+00  0.00000000E+00
  0.00000000E+00  0.00000000E+00  0.00000000E+00  0.00000000E+00  0.00000000E+00
  0.00000000E+00  0.00000000E+00  0.00000000E+00  0.00000000E+00  0.00000000E+00
  0.00000000E+00  0.00000000E+00  0.00000000E+00  0.00000000E+00  0.00000000E+00
  0.00000000E+00  0.00000000E+00  0.00000000E+00  0.00000000E+00  0.00000000E+00
  0.00000000E+00  0.00000000E+00  0.00000000E+00  0.00000000E+00  0.00000000E+00
  0.00000000E+00  0.00000000E+00  0.00000000E+00  0.00000000E+00  0.00000000E+00
  0.00000000E+00  0.00000000E+00  0.00000000E+00  0.00000000E+00  0.00000000E+00
  0.00000000E+00  0.00000000E+00  0.00000000E+00  0.00000000E+00  0.00000000E+00
  0.00000000E+00  0.00000000E+00  0.00000000E+00  0.00000000E+00  0.00000000E+00
  0.00000000E+00  0.00000000E+00  0.00000000E+00  0.00000000E+00  0.00000000E+00
  0.00000000E+00  0.00000000E+00  0.00000000E+00  0.00000000E+00  0.00000000E+00
  0.00000000E+00  0.00000000E+00  0.00000000E+00  0.00000000E+00  0.00000000E+00
  0.00000000E+00  0.00000000E+00  0.00000000E+00  0.00000000E+00  0.00000000E+00
  0.00000000E+00  0.00000000E+00  0.00000000E+00  0.00000000E+00  0.00000000E+00
  0.00000000E+00  0.00000000E+00  0.00000000E+00  0.00000000E+00
  0.10000000E+01  0.26884964E+01  0.39381670E+01  0.48039184E+01  0.53782107E+01
  0.57300428E+01  0.59084811E+01  0.59442655E+01  0.58622889E+01  0.56761037E+01
  0.54018661E+01  0.50577215E+01  0.46652638E+01  0.42454756E+01  0.38161698E+01
  0.33924715E+01  0.29886650E+01  0.26146454E+01  0.22773365E+01  0.19787623E+01
  0.17196844E+01  0.14955557E+01  0.13019488E+01  0.11329712E+01  0.98437584E+00
  0.85312030E+00  0.73718233E+00  0.63506046E+00  0.54547222E+00  0.46716519E+00
  0.39918825E+00  0.34056915E+00  0.29018919E+00  0.24710181E+00  0.21050359E+00
  0.17941891E+00  0.15290173E+00  0.13028675E+00  0.11095699E+00  0.94269546E-01
  0.79761798E-01  0.67186391E-01  0.56389799E-01  0.47230958E-01  0.39520797E-01
  0.33051866E-01  0.27648110E-01  0.23173274E-01  0.19516843E-01  0.16545312E-01
  0.14131087E-01  0.12166970E-01  0.10566040E-01  0.92609560E-02  0.81613160E-02
  0.71809693E-02  0.62706409E-02  0.54384656E-02  0.46787867E-02  0.39658257E-02
  0.32775141E-02  0.26314587E-02  0.20537657E-02  0.15719585E-02  0.11842354E-02
  0.88813916E-03  0.68639467E-03  0.56236447E-03  0.50264914E-03  0.45110845E-03
  0.38404981E-03  0.30682989E-03  0.22647426E-03  0.15836297E-03  0.97238458E-04
  0.50821789E-04  0.32596447E-04  0.50803582E-04  0.10561807E-03  0.16381609E-03
  0.21180826E-03  0.22371305E-03  0.19638365E-03  0.16610691E-03  0.15359229E-03
  0.14803707E-03  0.13478421E-03  0.11843236E-03  0.10256185E-03  0.10750682E-03
  0.11599011E-03  0.10765691E-03  0.86831161E-04  0.43228659E-04 -0.11358595E-05
  0.00000000E+00  0.00000000E+00  0.00000000E+00  0.00000000E+00  0.00000000E+00
  0.00000000E+00  0.00000000E+00  0.00000000E+00  0.00000000E+00  0.00000000E+00
  0.00000000E+00  0.00000000E+00  0.00000000E+00  0.00000000E+00  0.00000000E+00
  0.00000000E+00  0.00000000E+00  0.00000000E+00  0.00000000E+00  0.00000000E+00
  0.00000000E+00  0.00000000E+00  0.00000000E+00  0.00000000E+00  0.00000000E+00
  0.00000000E+00  0.00000000E+00  0.00000000E+00  0.00000000E+00  0.00000000E+00
  0.00000000E+00  0.00000000E+00  0.00000000E+00  0.00000000E+00
  0.10000000E+01  0.27083578E+01  0.40167309E+01  0.49863454E+01  0.57040950E+01
  0.62319559E+01  0.66103273E+01  0.68631632E+01  0.70053937E+01  0.70436957E+01
  0.69877467E+01  0.68488219E+01  0.66416010E+01  0.63810100E+01  0.60808946E+01
  0.57541585E+01  0.54137936E+01  0.50703283E+01  0.47325562E+01  0.44059388E+01
  0.40947691E+01  0.37991927E+01  0.35189783E+01  0.32524055E+01  0.29986827E+01
  0.27574524E+01  0.25288729E+01  0.23132059E+01  0.21106878E+01  0.19213094E+01
  0.17450913E+01  0.15818563E+01  0.14311396E+01  0.12925013E+01  0.11654157E+01
  0.10492045E+01  0.94308805E+00  0.84644910E+00  0.75863452E+00  0.67893450E+00
  0.60670526E+00  0.54140448E+00  0.48252975E+00  0.42962475E+00  0.38219719E+00
  0.33972250E+00  0.30170195E+00  0.26764774E+00  0.23715688E+00  0.20989251E+00
  0.18550640E+00  0.16369747E+00  0.14416454E+00  0.12669098E+00  0.11106402E+00
  0.97078725E-01  0.84557894E-01  0.73394755E-01  0.63502088E-01  0.54784378E-01
  0.47150231E-01  0.40480627E-01  0.34669654E-01  0.29637205E-01  0.25273556E-01
  0.21450661E-01  0.18085244E-01  0.15140129E-01  0.12605178E-01  0.10462817E-01
  0.86489148E-02  0.71292270E-02  0.58767813E-02  0.48674621E-02  0.40796632E-02
  0.34295059E-02  0.28796984E-02  0.24008997E-02  0.19786721E-02  0.16246663E-02
  0.13404562E-02  0.11096851E-02  0.94129991E-03  0.84925718E-03  0.81925650E-03
  0.83283241E-03  0.86439649E-03  0.91125384E-03  0.95012753E-03  0.98904134E-03
  0.10333409E-02  0.10812165E-02  0.10993398E-02  0.10598306E-02  0.97987924E-03
  0.88795203E-03  0.80005653E-03  0.74501709E-03  0.70975579E-03  0.66929352E-03
  0.61853314E-03  0.56626992E-03  0.50834840E-03  0.42285349E-03  0.31872169E-03
  0.18962665E-03  0.40054616E-04 -0.94726612E-04  0.00000000E+00  0.00000000E+00
  0.00000000E+00  0.00000000E+00  0.00000000E+00  0.00000000E+00  0.00000000E+00
  0.00000000E+00  0.00000000E+00  0.00000000E+00  0.00000000E+00  0.00000000E+00
  0.00000000E+00  0.00000000E+00  0.00000000E+00  0.00000000E+00  0.00000000E+00
  0.00000000E+00  0.00000000E+00  0.00000000E+00  0.00000000E+00
  0.10000000E+01  0.27318624E+01  0.41022237E+01  0.51718570E+01  0.60186755E+01
  0.66968149E+01  0.72410764E+01  0.76722783E+01  0.80002336E+01  0.82279082E+01
  0.83610388E+01  0.84070567E+01  0.83765067E+01  0.82802490E+01  0.81287953E+01
  0.79323834E+01  0.77017253E+01  0.74460921E+01  0.71738159E+01  0.68910229E+01
  0.66029780E+01  0.63118702E+01  0.60195047E+01  0.57265063E+01  0.54341310E+01
  0.51438175E+01  0.48573185E+01  0.45763251E+01  0.43024005E+01  0.40367804E+01
  0.37805878E+01  0.35346543E+01  0.32994567E+01  0.30753947E+01  0.28626381E+01
  0.26611901E+01  0.24708586E+01  0.22914936E+01  0.21228107E+01  0.19644438E+01
  0.18160209E+01  0.16772169E+01  0.15477249E+01  0.14272255E+01  0.13153379E+01
  0.12116091E+01  0.11155256E+01  0.10265901E+01  0.94430080E+00  0.86823536E+00
  0.79784701E+00  0.73269772E+00  0.67236361E+00  0.61650345E+00  0.56480948E+00
  0.51700862E+00  0.47283460E+00  0.43202878E+00  0.39432944E+00  0.35953642E+00
  0.32748562E+00  0.29800434E+00  0.27089403E+00  0.24595743E+00  0.22300057E+00
  0.20186293E+00  0.18245064E+00  0.16467485E+00  0.14845258E+00  0.13369863E+00
  0.12030874E+00  0.10820426E+00  0.97340571E-01  0.87608863E-01  0.78889030E-01
  0.71062421E-01  0.64027368E-01  0.57679592E-01  0.51935041E-01  0.46717096E-01
  0.41968995E-01  0.37685059E-01  0.33873436E-01  0.30514636E-01  0.27540733E-01
  0.24862007E-01  0.22427790E-01  0.20201099E-01  0.18168495E-01  0.16321325E-01
  0.14639369E-01  0.13127860E-01  0.11763651E-01  0.10557539E-01  0.94851632E-02
  0.85437644E-02  0.77200586E-02  0.69689072E-02  0.62760609E-02  0.56000304E-02
  0.49474267E-02  0.43521050E-02  0.38244449E-02  0.33832332E-02  0.30251530E-02
  0.27481790E-02  0.25300111E-02  0.23461779E-02  0.21669037E-02  0.19957120E-02
  0.18160879E-02  0.16267690E-02  0.14471989E-02  0.12893136E-02  0.11993270E-02
  0.11635311E-02  0.11550215E-02  0.11608938E-02  0.11548006E-02  0.11268393E-02
  0.10835295E-02  0.10071098E-02  0.87456534E-03  0.72656440E-03  0.60846015E-03
  0.54730120E-03  0.52473970E-03  0.49671356E-03  0.45610100E-03
  0.10000000E+01  0.27521380E+01  0.41722484E+01  0.53169540E+01  0.62567924E+01
  0.70402900E+01  0.76997577E+01  0.82559176E+01  0.87177189E+01  0.90869555E+01
  0.93674121E+01  0.95643444E+01  0.96855456E+01  0.97389926E+01  0.97325356E+01
  0.96739470E+01  0.95715891E+01  0.94328814E+01  0.92647168E+01  0.90724877E+01
  0.88610487E+01  0.86330311E+01  0.83908341E+01  0.81359858E+01  0.78705214E+01
  0.75966171E+01  0.73167041E+01  0.70331343E+01  0.67481509E+01  0.64636991E+01
  0.61816244E+01  0.59035258E+01  0.56306391E+01  0.53640778E+01  0.51046503E+01
  0.48529950E+01  0.46095355E+01  0.43746769E+01  0.41486257E+01  0.39314375E+01
  0.37231220E+01  0.35236914E+01  0.33331190E+01  0.31513562E+01  0.29782702E+01
  0.28136555E+01  0.26572814E+01  0.25088640E+01  0.23680736E+01  0.22346091E+01
  0.21080321E+01  0.19880386E+01  0.18743123E+01  0.17666019E+01  0.16646156E+01
  0.15681139E+01  0.14768175E+01  0.13904373E+01  0.13086779E+01  0.12312969E+01
  0.11581414E+01  0.10890340E+01  0.10237477E+01  0.96202602E+00  0.90359271E+00
  0.84822200E+00  0.79582656E+00  0.74639555E+00  0.69990257E+00  0.65625403E+00
  0.61529294E+00  0.57684638E+00  0.54076882E+00  0.50693735E+00  0.47522844E+00
  0.44550218E+00  0.41761907E+00  0.39141024E+00  0.36671048E+00  0.34342196E+00
  0.32148973E+00  0.30090095E+00  0.28162343E+00  0.26358499E+00  0.24670833E+00
  0.23090614E+00  0.21610194E+00  0.20219817E+00  0.18911854E+00  0.17680364E+00
  0.16524068E+00  0.15445792E+00  0.14442181E+00  0.13503394E+00  0.12620459E+00
  0.11789079E+00  0.11008202E+00  0.10277312E+00  0.95948581E-01  0.89547067E-01
  0.83557926E-01  0.77991106E-01  0.72830571E-01  0.68067897E-01  0.63644919E-01
  0.59495920E-01  0.55599712E-01  0.51944185E-01  0.48512827E-01  0.45296875E-01
  0.42293372E-01  0.39500592E-01  0.36922769E-01  0.34572625E-01  0.32392775E-01
  0.30354625E-01  0.28435016E-01  0.26619011E-01  0.24897699E-01  0.23250916E-01
  0.21663605E-01  0.20136956E-01  0.18668692E-01  0.17298785E-01  0.16058219E-01
  0.14929313E-01  0.13900041E-01  0.12903017E-01  0.11957484E-01
  0.10000000E+01  0.27806661E+01  0.42705057E+01  0.55201919E+01  0.65896769E+01
  0.75194533E+01  0.83380297E+01  0.90658482E+01  0.97110011E+01  0.10273969E+02
  0.10756207E+02  0.11160380E+02  0.11490982E+02  0.11752579E+02  0.11949811E+02
  0.12087476E+02  0.12171016E+02  0.12205474E+02  0.12195845E+02  0.12146417E+02
  0.12061298E+02  0.11943379E+02  0.11795478E+02  0.11619947E+02  0.11419523E+02
  0.11197041E+02  0.10955524E+02  0.10697903E+02  0.10427053E+02  0.10145648E+02
  0.98562691E+01  0.95612818E+01  0.92627493E+01  0.89626030E+01  0.86624404E+01
  0.83637235E+01  0.80676642E+01  0.77753587E+01  0.74876385E+01  0.72051862E+01
  0.69285880E+01  0.66583715E+01  0.63949951E+01  0.61388370E+01  0.58901405E+01
  0.56490894E+01  0.54158047E+01  0.51903351E+01  0.49726497E+01  0.47626917E+01
  0.45602099E+01  0.43650834E+01  0.41771561E+01  0.39963307E+01  0.38224680E+01
  0.36554223E+01  0.34949962E+01  0.33409291E+01  0.31929115E+01  0.30507724E+01
  0.29144083E+01  0.27836782E+01  0.26583536E+01  0.25381370E+01  0.24227351E+01
  0.23119199E+01  0.22056194E+01  0.21038393E+01  0.20065595E+01  0.19136710E+01
  0.18249777E+01  0.17402783E+01  0.16593750E+01  0.15820981E+01  0.15083239E+01
  0.14379109E+01  0.13706783E+01  0.13064534E+01  0.12450400E+01  0.11862594E+01
  0.11299815E+01  0.10761642E+01  0.10247996E+01  0.97583822E+00  0.92919616E+00
  0.88472953E+00  0.84228712E+00  0.80172645E+00  0.76297898E+00  0.72599147E+00
  0.69073467E+00  0.65715829E+00  0.62518728E+00  0.59474920E+00  0.56574155E+00
  0.53807105E+00  0.51165505E+00  0.48646305E+00  0.46245180E+00  0.43957581E+00
  0.41778893E+00  0.39703158E+00  0.37729119E+00  0.35853082E+00  0.34070223E+00
  0.32375889E+00  0.30763707E+00  0.29228994E+00  0.27769757E+00  0.26382238E+00
  0.25062977E+00  0.23807046E+00  0.22609006E+00  0.21467521E+00  0.20379502E+00
  0.19343605E+00  0.18358522E+00  0.17426136E+00  0.16544523E+00  0.15709100E+00
  0.14916005E+00  0.14159908E+00  0.13439508E+00  0.12753681E+00  0.12102378E+00
  0.11481213E+00  0.10885430E+00  0.10316045E+00  0.97747031E-01
  0.10000000E+01  0.28039635E+01  0.43493125E+01  0.56805939E+01  0.68496409E+01
  0.78909745E+01  0.88304718E+01  0.96888263E+01  0.10474730E+02  0.11188444E+02
  0.11830217E+02  0.12401145E+02  0.12903579E+02  0.13339881E+02  0.13712614E+02
  0.14024565E+02  0.14279109E+02  0.14479472E+02  0.14629031E+02  0.14730897E+02
  0.14788193E+02  0.14803425E+02  0.14779150E+02  0.14717739E+02  0.14621868E+02
  0.14494340E+02  0.14338118E+02  0.14156111E+02  0.13951231E+02  0.13726294E+02
  0.13484068E+02  0.13227199E+02  0.12958105E+02  0.12679074E+02  0.12392099E+02
  0.12099063E+02  0.11801643E+02  0.11501384E+02  0.11199618E+02  0.10897506E+02
  0.10596094E+02  0.10296324E+02  0.99990385E+01  0.97050177E+01  0.94149031E+01
  0.91292468E+01  0.88485292E+01  0.85731355E+01  0.83033691E+01  0.80394761E+01
  0.77815016E+01  0.75295945E+01  0.72838318E+01  0.70443611E+01  0.68112536E+01
  0.65845707E+01  0.63642753E+01  0.61502258E+01  0.59422599E+01  0.57403050E+01
  0.55444030E+01  0.53545203E+01  0.51705081E+01  0.49921501E+01  0.48191837E+01
  0.46514170E+01  0.44888117E+01  0.43314490E+01  0.41793693E+01  0.40324945E+01
  0.38906474E+01  0.37536358E+01  0.36212429E+01  0.34933243E+01  0.33697930E+01
  0.32505384E+01  0.31353760E+01  0.30240952E+01  0.29165055E+01  0.28124296E+01
  0.27117464E+01  0.26144119E+01  0.25204218E+01  0.24297361E+01  0.23422861E+01
  0.22579532E+01  0.21765842E+01  0.20979982E+01  0.20220872E+01  0.19488088E+01
  0.18781332E+01  0.18099998E+01  0.17443084E+01  0.16809263E+01  0.16197512E+01
  0.15607033E+01  0.15037311E+01  0.14487908E+01  0.13958089E+01  0.13447163E+01
  0.12954746E+01  0.12480488E+01  0.12023851E+01  0.11583946E+01  0.11159819E+01
  0.10750662E+01  0.10355944E+01  0.99755005E+00  0.96088735E+00  0.92557942E+00
  0.89157470E+00  0.85880936E+00  0.82724936E+00  0.79684249E+00  0.76755055E+00
  0.73933590E+00  0.71215440E+00  0.68598638E+00  0.66080182E+00  0.63654138E+00
  0.61315804E+00  0.59061353E+00  0.56888652E+00  0.54798150E+00  0.52784843E+00
  0.50845074E+00  0.48975924E+00  0.47176587E+00  0.45444944E+00
  0.10000000E+01  0.28255603E+01  0.44218019E+01  0.58271843E+01  0.70863951E+01
  0.82287181E+01  0.92775100E+01  0.10253519E+02  0.11166384E+02  0.12016523E+02
  0.12803481E+02  0.13527237E+02  0.14188533E+02  0.14788137E+02  0.15327158E+02
  0.15806970E+02  0.16229442E+02  0.16596400E+02  0.16909923E+02  0.17172042E+02
  0.17384902E+02  0.17550418E+02  0.17670643E+02  0.17747590E+02  0.17783547E+02
  0.17780943E+02  0.17742349E+02  0.17670338E+02  0.17567536E+02  0.17436550E+02
  0.17280014E+02  0.17100511E+02  0.16900454E+02  0.16682208E+02  0.16447907E+02
  0.16199626E+02  0.15939296E+02  0.15668735E+02  0.15389580E+02  0.15103332E+02
  0.14811360E+02  0.14514960E+02  0.14215311E+02  0.13913490E+02  0.13610474E+02
  0.13307152E+02  0.13004306E+02  0.12702676E+02  0.12402893E+02  0.12105521E+02
  0.11810952E+02  0.11519632E+02  0.11231946E+02  0.10948281E+02  0.10668959E+02
  0.10394271E+02  0.10124408E+02  0.98594257E+01  0.95993258E+01  0.93442254E+01
  0.90943092E+01  0.88496830E+01  0.86103661E+01  0.83762763E+01  0.81472980E+01
  0.79233517E+01  0.77044972E+01  0.74908997E+01  0.72826535E+01  0.70797352E+01
  0.68819972E+01  0.66892821E+01  0.65014363E+01  0.63183414E+01  0.61399767E+01
  0.59662924E+01  0.57971767E+01  0.56324888E+01  0.54720659E+01  0.53157512E+01
  0.51634083E+01  0.50150084E+01  0.48705829E+01  0.47301286E+01  0.45935973E+01
  0.44608546E+01  0.43317431E+01  0.42060850E+01  0.40837813E+01  0.39648074E+01
  0.38491463E+01  0.37367534E+01  0.36275397E+01  0.35213938E+01  0.34182108E+01
  0.33179119E+01  0.32204228E+01  0.31256746E+01  0.30335841E+01  0.29440837E+01
  0.28571423E+01  0.27727302E+01  0.26907873E+01  0.26112236E+01  0.25339372E+01
  0.24588479E+01  0.23858841E+01  0.23150166E+01  0.22462243E+01  0.21794586E+01
  0.21146465E+01  0.20517298E+01  0.19906544E+01  0.19313800E+01  0.18738345E+01
  0.18179710E+01  0.17637417E+01  0.17111035E+01  0.16600447E+01  0.16105286E+01
  0.15625018E+01  0.15158985E+01  0.14706470E+01  0.14267266E+01  0.13841058E+01
  0.13427648E+01  0.13026881E+01  0.12638218E+01  0.12261076E+01
  0.10000000E+01  0.28437708E+01  0.44824792E+01  0.59490177E+01  0.72828389E+01
  0.85093254E+01  0.96495542E+01  0.10723698E+02  0.11742197E+02  0.12705891E+02
  0.13614201E+02  0.14466490E+02  0.15262607E+02  0.16002381E+02  0.16686203E+02
  0.17314740E+02  0.17889081E+02  0.18410289E+02  0.18879674E+02  0.19298544E+02
  0.19668339E+02  0.19990407E+02  0.20266239E+02  0.20497361E+02  0.20685494E+02
  0.20832486E+02  0.20940300E+02  0.21010932E+02  0.21046455E+02  0.21048967E+02
  0.21020644E+02  0.20963632E+02  0.20880010E+02  0.20771844E+02  0.20641052E+02
  0.20489539E+02  0.20319137E+02  0.20131593E+02  0.19928544E+02  0.19711529E+02
  0.19482001E+02  0.19241371E+02  0.18990954E+02  0.18731973E+02  0.18465574E+02
  0.18192848E+02  0.17914786E+02  0.17632330E+02  0.17346361E+02  0.17057682E+02
  0.16766951E+02  0.16474845E+02  0.16182019E+02  0.15889094E+02  0.15596634E+02
  0.15305183E+02  0.15015163E+02  0.14726877E+02  0.14440556E+02  0.14156532E+02
  0.13875181E+02  0.13596797E+02  0.13321593E+02  0.13049671E+02  0.12781094E+02
  0.12515937E+02  0.12254400E+02  0.11996762E+02  0.11743214E+02  0.11493827E+02
  0.11248567E+02  0.11007394E+02  0.10770267E+02  0.10537174E+02  0.10308169E+02
  0.10083284E+02  0.98625027E+01  0.96457891E+01  0.94330738E+01  0.92242425E+01
  0.90192034E+01  0.88179480E+01  0.86205575E+01  0.84270650E+01  0.82374552E+01
  0.80516526E+01  0.78695023E+01  0.76908862E+01  0.75157281E+01  0.73440540E+01
  0.71758885E+01  0.70112203E+01  0.68500152E+01  0.66921984E+01  0.65376884E+01
  0.63863982E+01  0.62382701E+01  0.60932535E+01  0.59512967E+01  0.58123641E+01
  0.56764319E+01  0.55434848E+01  0.54134636E+01  0.52862770E+01  0.51618701E+01
  0.50401971E+01  0.49212193E+01  0.48049061E+01  0.46912079E+01  0.45800833E+01
  0.44714724E+01  0.43653274E+01  0.42616169E+01  0.41602649E+01  0.40612151E+01
  0.39644085E+01  0.38698236E+01  0.37774483E+01  0.36872513E+01  0.35991815E+01
  0.35131717E+01  0.34291473E+01  0.33470588E+01  0.32668815E+01  0.31885833E+01
  0.31121490E+01  0.30375610E+01  0.29647723E+01  0.28937508E+01
  0.10000000E+01  0.28609216E+01  0.45397360E+01  0.60640697E+01  0.74686788E+01
  0.87753913E+01  0.10003029E+02  0.11170769E+02  0.12289537E+02  0.13360505E+02
  0.14383092E+02  0.15356171E+02  0.16278920E+02  0.17150415E+02  0.17970532E+02
  0.18739397E+02  0.19457537E+02  0.20125416E+02  0.20743762E+02  0.21313296E+02
  0.21834904E+02  0.22309479E+02  0.22738074E+02  0.23121775E+02  0.23461827E+02
  0.23759565E+02  0.24016398E+02  0.24233783E+02  0.24413281E+02  0.24556505E+02
  0.24665117E+02  0.24740834E+02  0.24785315E+02  0.24800252E+02  0.24787284E+02
  0.24748059E+02  0.24684206E+02  0.24597306E+02  0.24488866E+02  0.24360365E+02
  0.24213229E+02  0.24048857E+02  0.23868600E+02  0.23673711E+02  0.23465413E+02
  0.23244877E+02  0.23013210E+02  0.22771496E+02  0.22520766E+02  0.22261963E+02
  0.21995963E+02  0.21723638E+02  0.21445810E+02  0.21163310E+02  0.20876894E+02
  0.20587293E+02  0.20295159E+02  0.20001004E+02  0.19705294E+02  0.19408545E+02
  0.19111298E+02  0.18814047E+02  0.18517185E+02  0.18221042E+02  0.17925865E+02
  0.17631916E+02  0.17339517E+02  0.17049049E+02  0.16760839E+02  0.16475072E+02
  0.16191867E+02  0.15911305E+02  0.15633483E+02  0.15358509E+02  0.15086520E+02
  0.14817646E+02  0.14551963E+02  0.14289526E+02  0.14030368E+02  0.13774448E+02
  0.13521727E+02  0.13272249E+02  0.13026137E+02  0.12783488E+02  0.12544342E+02
  0.12308690E+02  0.12076423E+02  0.11847439E+02  0.11621705E+02  0.11399263E+02
  0.11180195E+02  0.10964551E+02  0.10752318E+02  0.10543446E+02  0.10337864E+02
  0.10135507E+02  0.99363485E+01  0.97404015E+01  0.95476016E+01  0.93579394E+01
  0.91714201E+01  0.89880459E+01  0.88078105E+01  0.86306644E+01  0.84565655E+01
  0.82854794E+01  0.81173768E+01  0.79522111E+01  0.77899909E+01  0.76307090E+01
  0.74743305E+01  0.73208122E+01  0.71700815E+01  0.70220852E+01  0.68767654E+01
  0.67341043E+01  0.65941087E+01  0.64567758E+01  0.63221043E+01  0.61900319E+01
  0.60605028E+01  0.59334784E+01  0.58089154E+01  0.56868001E+01  0.55670898E+01
  0.54497433E+01  0.53347179E+01  0.52219597E+01  0.51114573E+01
  0.10000000E+01  0.28711632E+01  0.45741661E+01  0.61331849E+01  0.75807838E+01
  0.89370546E+01  0.10219477E+02  0.11445795E+02  0.12626784E+02  0.13763752E+02
  0.14856415E+02  0.15903552E+02  0.16904398E+02  0.17857874E+02  0.18763915E+02
  0.19622564E+02  0.20434350E+02  0.21199605E+02  0.21918966E+02  0.22592990E+02
  0.23222376E+02  0.23807798E+02  0.24350082E+02  0.24850062E+02  0.25308716E+02
  0.25727096E+02  0.26106308E+02  0.26447509E+02  0.26751913E+02  0.27020786E+02
  0.27255443E+02  0.27457223E+02  0.27627462E+02  0.27767505E+02  0.27878649E+02
  0.27962232E+02  0.28019557E+02  0.28051914E+02  0.28060541E+02  0.28046647E+02
  0.28011431E+02  0.27956099E+02  0.27881803E+02  0.27789640E+02  0.27680705E+02
  0.27556028E+02  0.27416597E+02  0.27263394E+02  0.27097343E+02  0.26919342E+02
  0.26730216E+02  0.26530818E+02  0.26321955E+02  0.26104453E+02  0.25879086E+02
  0.25646579E+02  0.25407629E+02  0.25162833E+02  0.24912744E+02  0.24657956E+02
  0.24399091E+02  0.24136706E+02  0.23871277E+02  0.23603247E+02  0.23332990E+02
  0.23060856E+02  0.22787286E+02  0.22512743E+02  0.22237628E+02  0.21962237E+02
  0.21686792E+02  0.21411528E+02  0.21136673E+02  0.20862460E+02  0.20589145E+02
  0.20316932E+02  0.20045982E+02  0.19776427E+02  0.19508396E+02  0.19241975E+02
  0.18977222E+02  0.18714261E+02  0.18453269E+02  0.18194362E+02  0.17937631E+02
  0.17683136E+02  0.17430884E+02  0.17180861E+02  0.16933076E+02  0.16687601E+02
  0.16444520E+02  0.16203894E+02  0.15965735E+02  0.15730058E+02  0.15496846E+02
  0.15266120E+02  0.15037879E+02  0.14812129E+02  0.14588882E+02  0.14368123E+02
  0.14149898E+02  0.13934236E+02  0.13721162E+02  0.13510613E+02  0.13302567E+02
  0.13097023E+02  0.12893944E+02  0.12693332E+02  0.12495219E+02  0.12299632E+02
  0.12106569E+02  0.11916010E+02  0.11727930E+02  0.11542285E+02  0.11359059E+02
  0.11178252E+02  0.10999882E+02  0.10823976E+02  0.10650513E+02  0.10479430E+02
  0.10310669E+02  0.10144212E+02  0.99800481E+01  0.98181889E+01  0.96586512E+01
  0.95014176E+01  0.93464469E+01  0.91937324E+01  0.90432680E+01
  0.10000000E+01  0.28817134E+01  0.46098346E+01  0.62051318E+01  0.76977456E+01
  0.91058851E+01  0.10445647E+02  0.11733388E+02  0.12979681E+02  0.14185881E+02
  0.15351886E+02  0.16476301E+02  0.17558305E+02  0.18596567E+02  0.19590974E+02
  0.20541398E+02  0.21448275E+02  0.22311740E+02  0.23132274E+02  0.23910208E+02
  0.24646058E+02  0.25340298E+02  0.25993576E+02  0.26606529E+02  0.27179920E+02
  0.27714558E+02  0.28211277E+02  0.28670978E+02  0.29094616E+02  0.29483184E+02
  0.29837708E+02  0.30159255E+02  0.30448867E+02  0.30707631E+02  0.30936607E+02
  0.31136858E+02  0.31309470E+02  0.31455499E+02  0.31575957E+02  0.31671863E+02
  0.31744227E+02  0.31794070E+02  0.31822397E+02  0.31830161E+02  0.31818299E+02
  0.31787740E+02  0.31739380E+02  0.31674113E+02  0.31592808E+02  0.31496263E+02
  0.31385272E+02  0.31260630E+02  0.31123122E+02  0.30973543E+02  0.30812636E+02
  0.30641149E+02  0.30459785E+02  0.30269154E+02  0.30069840E+02  0.29862465E+02
  0.29647677E+02  0.29426104E+02  0.29198307E+02  0.28964797E+02  0.28726038E+02
  0.28482466E+02  0.28234565E+02  0.27982846E+02  0.27727809E+02  0.27469847E+02
  0.27209302E+02  0.26946509E+02  0.26681789E+02  0.26415454E+02  0.26147824E+02
  0.25879228E+02  0.25609920E+02  0.25340139E+02  0.25070101E+02  0.24799977E+02
  0.24529910E+02  0.24260084E+02  0.23990749E+02  0.23722102E+02  0.23454284E+02
  0.23187433E+02  0.22921629E+02  0.22656922E+02  0.22393395E+02  0.22131181E+02
  0.21870387E+02  0.21611115E+02  0.21353423E+02  0.21097335E+02  0.20842908E+02
  0.20590161E+02  0.20339154E+02  0.20089908E+02  0.19842425E+02  0.19596759E+02
  0.19352972E+02  0.19111154E+02  0.18871326E+02  0.18633472E+02  0.18397583E+02
  0.18163661E+02  0.17931710E+02  0.17701758E+02  0.17473836E+02  0.17247964E+02
  0.17024154E+02  0.16802377E+02  0.16582633E+02  0.16364899E+02  0.16149193E+02
  0.15935535E+02  0.15723961E+02  0.15514497E+02  0.15307134E+02  0.15101872E+02
  0.14898680E+02  0.14697556E+02  0.14498498E+02  0.14301513E+02  0.14106611E+02
  0.13913782E+02  0.13723018E+02  0.13534330E+02  0.13347728E+02
  0.10000000E+01  0.28871222E+01  0.46285384E+01  0.62431955E+01  0.77602721E+01
  0.91972610E+01  0.10569564E+02  0.11892400E+02  0.13175893E+02  0.14421343E+02
  0.15628840E+02  0.16797000E+02  0.17925180E+02  0.19012115E+02  0.20057866E+02
  0.21062381E+02  0.22026224E+02  0.22949553E+02  0.23832896E+02  0.24676547E+02
  0.25481004E+02  0.26246668E+02  0.26974112E+02  0.27663898E+02  0.28316686E+02
  0.28933189E+02  0.29514138E+02  0.30060322E+02  0.30572573E+02  0.31051765E+02
  0.31498783E+02  0.31914546E+02  0.32299963E+02  0.32655945E+02  0.32983384E+02
  0.33283176E+02  0.33556221E+02  0.33803410E+02  0.34025598E+02  0.34223625E+02
  0.34398353E+02  0.34550628E+02  0.34681294E+02  0.34791142E+02  0.34880962E+02
  0.34951535E+02  0.35003612E+02  0.35037953E+02  0.35055278E+02  0.35056281E+02
  0.35041638E+02  0.35012045E+02  0.34968159E+02  0.34910677E+02  0.34840241E+02
  0.34757477E+02  0.34663010E+02  0.34557388E+02  0.34441131E+02  0.34314817E+02
  0.34179031E+02  0.34034323E+02  0.33881213E+02  0.33720188E+02  0.33551692E+02
  0.33376153E+02  0.33194044E+02  0.33005854E+02  0.32812064E+02  0.32613076E+02
  0.32409242E+02  0.32200940E+02  0.31988524E+02  0.31772326E+02  0.31552704E+02
  0.31329980E+02  0.31104469E+02  0.30876451E+02  0.30646183E+02  0.30413880E+02
  0.30179734E+02  0.29943999E+02  0.29706930E+02  0.29468771E+02  0.29229719E+02
  0.28989951E+02  0.28749599E+02  0.28508767E+02  0.28267588E+02  0.28026214E+02
  0.27784819E+02  0.27543537E+02  0.27302483E+02  0.27061732E+02  0.26821349E+02
  0.26581423E+02  0.26342038E+02  0.26103254E+02  0.25865130E+02  0.25627719E+02
  0.25391123E+02  0.25155412E+02  0.24920625E+02  0.24686792E+02  0.24453919E+02
  0.24222042E+02  0.23991187E+02  0.23761401E+02  0.23532738E+02  0.23305260E+02
  0.23078991E+02  0.22853952E+02  0.22630152E+02  0.22407589E+02  0.22186305E+02
  0.21966306E+02  0.21747621E+02  0.21530314E+02  0.21314417E+02  0.21099905E+02
  0.20886785E+02  0.20675063E+02  0.20464725E+02  0.20255806E+02  0.20048318E+02
  0.19842275E+02  0.19637693E+02  0.19434587E+02  0.19232981E+02
  0.10000000E+01  0.28940134E+01  0.46522287E+01  0.62914590E+01  0.78393410E+01
  0.93122290E+01  0.10724596E+02  0.12090544E+02  0.13419790E+02  0.14713588E+02
  0.15972130E+02  0.17193947E+02  0.18378437E+02  0.19524261E+02  0.20631510E+02
  0.21700090E+02  0.22730571E+02  0.23723048E+02  0.24678007E+02  0.25595667E+02
  0.26476434E+02  0.27320611E+02  0.28128675E+02  0.28901083E+02  0.29638398E+02
  0.30341218E+02  0.31010161E+02  0.31645895E+02  0.32249104E+02  0.32820512E+02
  0.33360846E+02  0.33870879E+02  0.34351353E+02  0.34803044E+02  0.35226691E+02
  0.35623037E+02  0.35992837E+02  0.36336815E+02  0.36655691E+02  0.36950173E+02
  0.37220982E+02  0.37468843E+02  0.37694481E+02  0.37898575E+02  0.38081812E+02
  0.38244859E+02  0.38388363E+02  0.38512976E+02  0.38619331E+02  0.38708022E+02
  0.38779643E+02  0.38834811E+02  0.38874130E+02  0.38898212E+02  0.38907638E+02
  0.38902972E+02  0.38884776E+02  0.38853582E+02  0.38809881E+02  0.38754218E+02
  0.38687162E+02  0.38609227E+02  0.38520902E+02  0.38422664E+02  0.38314949E+02
  0.38198185E+02  0.38072840E+02  0.37939398E+02  0.37798323E+02  0.37650021E+02
  0.37494869E+02  0.37333270E+02  0.37165607E+02  0.36992248E+02  0.36813588E+02
  0.36629994E+02  0.36441801E+02  0.36249338E+02  0.36052902E+02  0.35852745E+02
  0.35649133E+02  0.35442339E+02  0.35232646E+02  0.35020331E+02  0.34805615E+02
  0.34588721E+02  0.34369826E+02  0.34149097E+02  0.33926696E+02  0.33702796E+02
  0.33477605E+02  0.33251302E+02  0.33024039E+02  0.32795949E+02  0.32567119E+02
  0.32337690E+02  0.32107766E+02  0.31877441E+02  0.31646789E+02  0.31415899E+02
  0.31184905E+02  0.30953896E+02  0.30722934E+02  0.30492072E+02  0.30261331E+02
  0.30030734E+02  0.29800338E+02  0.29570207E+02  0.29340408E+02  0.29111035E+02
  0.28882150E+02  0.28653783E+02  0.28425959E+02  0.28198684E+02  0.27971986E+02
  0.27745912E+02  0.27520523E+02  0.27295871E+02  0.27072013E+02  0.26848968E+02
  0.26626731E+02  0.26405304E+02  0.26184709E+02  0.25964986E+02  0.25746179E+02
  0.25528319E+02  0.25311423E+02  0.25095510E+02  0.24880616E+02
  0.10000000E+01  0.28980895E+01  0.46666307E+01  0.63211488E+01  0.78885601E+01
  0.93846857E+01  0.10823521E+02  0.12218229E+02  0.13578096E+02  0.14904245E+02
  0.16196999E+02  0.17454864E+02  0.18677403E+02  0.19863324E+02  0.21012889E+02
  0.22126040E+02  0.23203490E+02  0.24245355E+02  0.25252191E+02  0.26224177E+02
  0.27161738E+02  0.28065122E+02  0.28934773E+02  0.29771084E+02  0.30574581E+02
  0.31345808E+02  0.32085323E+02  0.32793733E+02  0.33471675E+02  0.34119790E+02
  0.34738731E+02  0.35329173E+02  0.35891787E+02  0.36427238E+02  0.36936187E+02
  0.37419273E+02  0.37877149E+02  0.38310429E+02  0.38719761E+02  0.39105707E+02
  0.39468912E+02  0.39809987E+02  0.40129561E+02  0.40428196E+02  0.40706481E+02
  0.40964959E+02  0.41204184E+02  0.41424695E+02  0.41627051E+02  0.41811745E+02
  0.41979279E+02  0.42130177E+02  0.42264925E+02  0.42384050E+02  0.42488056E+02
  0.42577413E+02  0.42652591E+02  0.42714044E+02  0.42762180E+02  0.42797461E+02
  0.42820364E+02  0.42831333E+02  0.42830809E+02  0.42819216E+02  0.42796941E+02
  0.42764377E+02  0.42721931E+02  0.42670026E+02  0.42609091E+02  0.42539494E+02
  0.42461593E+02  0.42375754E+02  0.42282331E+02  0.42181671E+02  0.42074134E+02
  0.41960067E+02  0.41839776E+02  0.41713573E+02  0.41581772E+02  0.41444639E+02
  0.41302442E+02  0.41155493E+02  0.41004098E+02  0.40848531E+02  0.40689032E+02
  0.40525818E+02  0.40359082E+02  0.40189026E+02  0.40015846E+02  0.39839745E+02
  0.39660965E+02  0.39479702E+02  0.39296103E+02  0.39110306E+02  0.38922456E+02
  0.38732720E+02  0.38541223E+02  0.38348101E+02  0.38153474E+02  0.37957441E+02
  0.37760152E+02  0.37561722E+02  0.37362213E+02  0.37161690E+02  0.36960212E+02
  0.36757830E+02  0.36554608E+02  0.36350623E+02  0.36145976E+02  0.35940771E+02
  0.35735097E+02  0.35528985E+02  0.35322481E+02  0.35115622E+02  0.34908437E+02
  0.34701002E+02  0.34493387E+02  0.34285652E+02  0.34077867E+02  0.33870034E+02
  0.33662167E+02  0.33454300E+02  0.33246454E+02  0.33038691E+02  0.32831071E+02
  0.32623618E+02  0.32416370E+02  0.32209353E+02  0.32002611E+02
  0.10000000E+01  0.29018131E+01  0.46796907E+01  0.63480620E+01  0.79330267E+01
  0.94497873E+01  0.10911884E+02  0.12331821E+02  0.13718617E+02  0.15073271E+02
  0.16396159E+02  0.17685704E+02  0.18941515E+02  0.20162247E+02  0.21348235E+02
  0.22499388E+02  0.23616468E+02  0.24699540E+02  0.25749158E+02  0.26765449E+02
  0.27748816E+02  0.28699433E+02  0.29617733E+02  0.30504055E+02  0.31358896E+02
  0.32182738E+02  0.32976096E+02  0.33739516E+02  0.34473582E+02  0.35178866E+02
  0.35855981E+02  0.36505520E+02  0.37128101E+02  0.37724313E+02  0.38294784E+02
  0.38840066E+02  0.39360781E+02  0.39857478E+02  0.40330762E+02  0.40781131E+02
  0.41209196E+02  0.41615472E+02  0.42000552E+02  0.42364941E+02  0.42709197E+02
  0.43033788E+02  0.43339231E+02  0.43626018E+02  0.43894633E+02  0.44145519E+02
  0.44379148E+02  0.44595977E+02  0.44796461E+02  0.44981100E+02  0.45150331E+02
  0.45304596E+02  0.45444333E+02  0.45569960E+02  0.45681852E+02  0.45780439E+02
  0.45866148E+02  0.45939402E+02  0.46000597E+02  0.46050117E+02  0.46088317E+02
  0.46115552E+02  0.46132188E+02  0.46138617E+02  0.46135241E+02  0.46122418E+02
  0.46100476E+02  0.46069767E+02  0.46030625E+02  0.45983363E+02  0.45928330E+02
  0.45865854E+02  0.45796245E+02  0.45719816E+02  0.45636861E+02  0.45547643E+02
  0.45452425E+02  0.45351488E+02  0.45245132E+02  0.45133640E+02  0.45017271E+02
  0.44896249E+02  0.44770785E+02  0.44641057E+02  0.44507247E+02  0.44369568E+02
  0.44228248E+02  0.44083497E+02  0.43935511E+02  0.43784449E+02  0.43630451E+02
  0.43473667E+02  0.43314254E+02  0.43152354E+02  0.42988106E+02  0.42821641E+02
  0.42653119E+02  0.42482661E+02  0.42310339E+02  0.42136215E+02  0.41960360E+02
  0.41782847E+02  0.41603771E+02  0.41423230E+02  0.41241316E+02  0.41058136E+02
  0.40873765E+02  0.40688269E+02  0.40501698E+02  0.40314104E+02  0.40125564E+02
  0.39936139E+02  0.39745899E+02  0.39554931E+02  0.39363289E+02  0.39171030E+02
  0.38978191E+02  0.38784789E+02  0.38590867E+02  0.38396462E+02  0.38201626E+02
  0.38006420E+02  0.37810874E+02  0.37615040E+02  0.37418968E+02
  0.10000000E+01  0.29040292E+01  0.46877833E+01  0.63650133E+01  0.79614921E+01
  0.94920698E+01  0.10970127E+02  0.12407525E+02  0.13813071E+02  0.15187546E+02
  0.16531470E+02  0.17843144E+02  0.19122371E+02  0.20367766E+02  0.21579846E+02
  0.22758500E+02  0.23904639E+02  0.25018297E+02  0.26100136E+02  0.27150220E+02
  0.28169021E+02  0.29156644E+02  0.30113542E+02  0.31040000E+02  0.31936529E+02
  0.32803556E+02  0.33641608E+02  0.34451181E+02  0.35232877E+02  0.35987212E+02
  0.36714799E+02  0.37416162E+02  0.38091911E+02  0.38742558E+02  0.39368730E+02
  0.39970895E+02  0.40549695E+02  0.41105567E+02  0.41639125E+02  0.42150786E+02
  0.42641143E+02  0.43110638E+02  0.43559867E+02  0.43989233E+02  0.44399263E+02
  0.44790360E+02  0.45162999E+02  0.45517603E+02  0.45854630E+02  0.46174476E+02
  0.46477547E+02  0.46764263E+02  0.47035027E+02  0.47290275E+02  0.47530403E+02
  0.47755823E+02  0.47966903E+02  0.48164035E+02  0.48347537E+02  0.48517786E+02
  0.48675172E+02  0.48820064E+02  0.48952801E+02  0.49073723E+02  0.49183134E+02
  0.49281343E+02  0.49368679E+02  0.49445499E+02  0.49512176E+02  0.49569015E+02
  0.49616324E+02  0.49654396E+02  0.49683534E+02  0.49704035E+02  0.49716215E+02
  0.49720388E+02  0.49716838E+02  0.49705837E+02  0.49687645E+02  0.49662469E+02
  0.49630563E+02  0.49592193E+02  0.49547630E+02  0.49497156E+02  0.49441020E+02
  0.49379422E+02  0.49312553E+02  0.49240577E+02  0.49163694E+02  0.49082117E+02
  0.48996075E+02  0.48905781E+02  0.48811411E+02  0.48713115E+02  0.48611029E+02
  0.48505303E+02  0.48396103E+02  0.48283567E+02  0.48167832E+02  0.48049043E+02
  0.47927345E+02  0.47802867E+02  0.47675693E+02  0.47545902E+02  0.47413579E+02
  0.47278803E+02  0.47141679E+02  0.47002313E+02  0.46860797E+02  0.46717236E+02
  0.46571732E+02  0.46424349E+02  0.46275147E+02  0.46124190E+02  0.45971535E+02
  0.45817263E+02  0.45661465E+02  0.45504212E+02  0.45345577E+02  0.45185620E+02
  0.45024404E+02  0.44861972E+02  0.44698358E+02  0.44533629E+02  0.44367854E+02
  0.44201059E+02  0.44033279E+02  0.43864561E+02  0.43694963E+02
  0.10000000E+01  0.29091475E+01  0.47055836E+01  0.64015959E+01  0.80217232E+01
  0.95798665E+01  0.11088757E+02  0.12559478E+02  0.14000570E+02  0.15412666E+02
  0.16796318E+02  0.18149669E+02  0.19472509E+02  0.20763320E+02  0.22022645E+02
  0.23250267E+02  0.24447098E+02  0.25613055E+02  0.26748773E+02  0.27854206E+02
  0.28929782E+02  0.29975519E+02  0.30991838E+02  0.31978949E+02  0.32937323E+02
  0.33867296E+02  0.34769342E+02  0.35643860E+02  0.36491395E+02  0.37312380E+02
  0.38107348E+02  0.38876727E+02  0.39621078E+02  0.40340797E+02  0.41036468E+02
  0.41708476E+02  0.42357415E+02  0.42983653E+02  0.43587756E+02  0.44170051E+02
  0.44731108E+02  0.45271289E+02  0.45791154E+02  0.46291064E+02  0.46771518E+02
  0.47232859E+02  0.47675538E+02  0.48099915E+02  0.48506400E+02  0.48895360E+02
  0.49267182E+02  0.49622249E+02  0.49960921E+02  0.50283609E+02  0.50590663E+02
  0.50882458E+02  0.51159331E+02  0.51421656E+02  0.51669742E+02  0.51903950E+02
  0.52124627E+02  0.52332128E+02  0.52526771E+02  0.52708874E+02  0.52878734E+02
  0.53036648E+02  0.53182926E+02  0.53317901E+02  0.53441916E+02  0.53555253E+02
  0.53658206E+02  0.53751076E+02  0.53834154E+02  0.53907721E+02  0.53972088E+02
  0.54027547E+02  0.54074391E+02  0.54112891E+02  0.54143315E+02  0.54165897E+02
  0.54180863E+02  0.54188469E+02  0.54189000E+02  0.54182687E+02  0.54169783E+02
  0.54150513E+02  0.54125064E+02  0.54093636E+02  0.54056426E+02  0.54013622E+02
  0.53965476E+02  0.53912192E+02  0.53853949E+02  0.53790920E+02  0.53723270E+02
  0.53651169E+02  0.53574800E+02  0.53494299E+02  0.53409792E+02  0.53321415E+02
  0.53229333E+02  0.53133687E+02  0.53034565E+02  0.52932056E+02  0.52826270E+02
  0.52717296E+02  0.52605243E+02  0.52490219E+02  0.52372345E+02  0.52251743E+02
  0.52128525E+02  0.52002778E+02  0.51874582E+02  0.51743995E+02  0.51611075E+02
  0.51475895E+02  0.51338542E+02  0.51199101E+02  0.51057657E+02  0.50914286E+02
  0.50769053E+02  0.50622027E+02  0.50473253E+02  0.50322785E+02  0.50170703E+02
  0.50017062E+02  0.49861906E+02  0.49705314E+02  0.49547352E+02
  0.10000000E+01  0.29101755E+01  0.47096568E+01  0.64101366E+01  0.80364760E+01
  0.96023106E+01  0.11120699E+02  0.12601856E+02  0.14054492E+02  0.15478745E+02
  0.16875721E+02  0.18243198E+02  0.19581568E+02  0.20889041E+02  0.22166713E+02
  0.23414089E+02  0.24632581E+02  0.25821834E+02  0.26982900E+02  0.28115423E+02
  0.29220173E+02  0.30296826E+02  0.31346073E+02  0.32367813E+02  0.33362763E+02
  0.34330969E+02  0.35273136E+02  0.36189396E+02  0.37080485E+02  0.37946580E+02
  0.38788398E+02  0.39606112E+02  0.40400432E+02  0.41171509E+02  0.41920063E+02
  0.42646227E+02  0.43350726E+02  0.44033694E+02  0.44695808E+02  0.45337194E+02
  0.45958507E+02  0.46559919E+02  0.47142031E+02  0.47705039E+02  0.48249466E+02
  0.48775534E+02  0.49283678E+02  0.49774176E+02  0.50247406E+02  0.50703655E+02
  0.51143242E+02  0.51566512E+02  0.51973752E+02  0.52365338E+02  0.52741549E+02
  0.53102743E+02  0.53449186E+02  0.53781221E+02  0.54099089E+02  0.54403128E+02
  0.54693618E+02  0.54970881E+02  0.55235188E+02  0.55486809E+02  0.55726000E+02
  0.55953019E+02  0.56168152E+02  0.56371669E+02  0.56563891E+02  0.56745077E+02
  0.56915507E+02  0.57075428E+02  0.57225142E+02  0.57364888E+02  0.57494962E+02
  0.57615614E+02  0.57727097E+02  0.57829641E+02  0.57923517E+02  0.58008938E+02
  0.58086149E+02  0.58155388E+02  0.58216927E+02  0.58270988E+02  0.58317793E+02
  0.58357541E+02  0.58390440E+02  0.58416662E+02  0.58436425E+02  0.58449935E+02
  0.58457425E+02  0.58459099E+02  0.58455140E+02  0.58445697E+02  0.58430944E+02
  0.58411046E+02  0.58386182E+02  0.58356493E+02  0.58322132E+02  0.58283233E+02
  0.58239953E+02  0.58192434E+02  0.58140774E+02  0.58085048E+02  0.58025388E+02
  0.57961890E+02  0.57894665E+02  0.57823833E+02  0.57749532E+02  0.57671880E+02
  0.57590991E+02  0.57506941E+02  0.57419830E+02  0.57329712E+02  0.57236666E+02
  0.57140762E+02  0.57042083E+02  0.56940718E+02  0.56836777E+02  0.56730321E+02
  0.56621431E+02  0.56510172E+02  0.56396599E+02  0.56280768E+02  0.56162752E+02
  0.56042603E+02  0.55920407E+02  0.55796241E+02  0.55670182E+02
  0.10000000E+01  0.29094403E+01  0.47075708E+01  0.64061412E+01  0.80305563E+01
  0.95944907E+01  0.11111427E+02  0.12591167E+02  0.14042610E+02  0.15465535E+02
  0.16861399E+02  0.18227737E+02  0.19565348E+02  0.20872273E+02  0.22149982E+02
  0.23397807E+02  0.24617511E+02  0.25808577E+02  0.26972353E+02  0.28108318E+02
  0.29217471E+02  0.30299300E+02  0.31354697E+02  0.32383376E+02  0.33386236E+02
  0.34363174E+02  0.35315064E+02  0.36241909E+02  0.37144608E+02  0.38023194E+02
  0.38878538E+02  0.39710683E+02  0.40520472E+02  0.41307932E+02  0.42073932E+02
  0.42818458E+02  0.43542358E+02  0.44245646E+02  0.44929093E+02  0.45592698E+02
  0.46237200E+02  0.46862654E+02  0.47469740E+02  0.48058570E+02  0.48629698E+02
  0.49183287E+02  0.49719791E+02  0.50239438E+02  0.50742593E+02  0.51229517E+02
  0.51700515E+02  0.52155909E+02  0.52595960E+02  0.53021037E+02  0.53431358E+02
  0.53827276E+02  0.54209009E+02  0.54576893E+02  0.54931128E+02  0.55272049E+02
  0.55599905E+02  0.55914996E+02  0.56217540E+02  0.56507795E+02  0.56785987E+02
  0.57052358E+02  0.57307174E+02  0.57550678E+02  0.57783177E+02  0.58004903E+02
  0.58216108E+02  0.58417010E+02  0.58607883E+02  0.58788931E+02  0.58960432E+02
  0.59122604E+02  0.59275693E+02  0.59419903E+02  0.59555492E+02  0.59682637E+02
  0.59801570E+02  0.59912505E+02  0.60015694E+02  0.60111326E+02  0.60199638E+02
  0.60280803E+02  0.60355024E+02  0.60422443E+02  0.60483272E+02  0.60537677E+02
  0.60585878E+02  0.60628066E+02  0.60664431E+02  0.60695107E+02  0.60720284E+02
  0.60740100E+02  0.60754721E+02  0.60764266E+02  0.60768863E+02  0.60768657E+02
  0.60763822E+02  0.60754475E+02  0.60740725E+02  0.60722660E+02  0.60700374E+02
  0.60673947E+02  0.60643501E+02  0.60609167E+02  0.60571063E+02  0.60529305E+02
  0.60484018E+02  0.60435260E+02  0.60383107E+02  0.60327624E+02  0.60268889E+02
  0.60206975E+02  0.60141993E+02  0.60074030E+02  0.60003181E+02  0.59929494E+02
  0.59853059E+02  0.59773934E+02  0.59692187E+02  0.59607877E+02  0.59521107E+02
  0.59431914E+02  0.59340360E+02  0.59246513E+02  0.59150463E+02
  0.10000000E+01  0.29137483E+01  0.47227152E+01  0.64373777E+01  0.80822056E+01
  0.96699291E+01  0.11213639E+02  0.12722291E+02  0.14204698E+02  0.15660326E+02
  0.17090821E+02  0.18493424E+02  0.19869075E+02  0.21215568E+02  0.22534522E+02
  0.23825073E+02  0.25089091E+02  0.26325879E+02  0.27536859E+02  0.28721334E+02
  0.29880352E+02  0.31013259E+02  0.32120985E+02  0.33203121E+02  0.34260595E+02
  0.35293180E+02  0.36301760E+02  0.37286214E+02  0.38247435E+02  0.39185334E+02
  0.40100792E+02  0.40993707E+02  0.41864940E+02  0.42714390E+02  0.43542931E+02
  0.44350426E+02  0.45137752E+02  0.45904777E+02  0.46652311E+02  0.47380239E+02
  0.48089322E+02  0.48779526E+02  0.49451548E+02  0.50105405E+02  0.50741663E+02
  0.51360408E+02  0.51962076E+02  0.52546848E+02  0.53115084E+02  0.53667006E+02
  0.54202894E+02  0.54723047E+02  0.55227677E+02  0.55717131E+02  0.56191606E+02
  0.56651454E+02  0.57096848E+02  0.57528130E+02  0.57945470E+02  0.58349181E+02
  0.58739471E+02  0.59116639E+02  0.59480886E+02  0.59832471E+02  0.60171606E+02
  0.60498502E+02  0.60813409E+02  0.61116554E+02  0.61408214E+02  0.61688609E+02
  0.61957998E+02  0.62216592E+02  0.62464653E+02  0.62702353E+02  0.62929964E+02
  0.63147704E+02  0.63355808E+02  0.63554474E+02  0.63743954E+02  0.63924413E+02
  0.64096069E+02  0.64259105E+02  0.64413769E+02  0.64560258E+02  0.64698807E+02
  0.64829591E+02  0.64952812E+02  0.65068601E+02  0.65177170E+02  0.65278674E+02
  0.65373338E+02  0.65461344E+02  0.65542894E+02  0.65618120E+02  0.65687211E+02
  0.65750298E+02  0.65807551E+02  0.65859086E+02  0.65905051E+02  0.65945578E+02
  0.65980841E+02  0.66010946E+02  0.66036000E+02  0.66056076E+02  0.66071295E+02
  0.66081747E+02  0.66087569E+02  0.66088892E+02  0.66085859E+02  0.66078567E+02
  0.66067136E+02  0.66051646E+02  0.66032189E+02  0.66008821E+02  0.65981643E+02
  0.65950718E+02  0.65916153E+02  0.65878027E+02  0.65836429E+02  0.65791431E+02
  0.65743145E+02  0.65691633E+02  0.65636988E+02  0.65579275E+02  0.65518576E+02
  0.65454940E+02  0.65388436E+02  0.65319117E+02  0.65247085E+02
  0.10000000E+01  0.29094396E+01  0.47086692E+01  0.64090319E+01  0.80368283E+01
  0.96050923E+01  0.11128312E+02  0.12614890E+02  0.14074489E+02  0.15505661E+02
  0.16910982E+02  0.18286995E+02  0.19635670E+02  0.20954229E+02  0.22245213E+02
  0.23507181E+02  0.24742857E+02  0.25951014E+02  0.27133861E+02  0.28290176E+02
  0.29421724E+02  0.30527320E+02  0.31608524E+02  0.32664422E+02  0.33696531E+02
  0.34704166E+02  0.35688793E+02  0.36649877E+02  0.37588865E+02  0.38505287E+02
  0.39400532E+02  0.40274144E+02  0.41127465E+02  0.41960041E+02  0.42773189E+02
  0.43566448E+02  0.44341090E+02  0.45096679E+02  0.45834374E+02  0.46553780E+02
  0.47255944E+02  0.47940608E+02  0.48608684E+02  0.49260043E+02  0.49895395E+02
  0.50514707E+02  0.51118518E+02  0.51706954E+02  0.52280412E+02  0.52839110E+02
  0.53383297E+02  0.53913299E+02  0.54429271E+02  0.54931589E+02  0.55420385E+02
  0.55896033E+02  0.56358646E+02  0.56808598E+02  0.57245969E+02  0.57671109E+02
  0.58084182E+02  0.58485485E+02  0.58875197E+02  0.59253547E+02  0.59620718E+02
  0.59976894E+02  0.60322294E+02  0.60657103E+02  0.60981614E+02  0.61295996E+02
  0.61600493E+02  0.61895254E+02  0.62180538E+02  0.62456454E+02  0.62723254E+02
  0.62981087E+02  0.63230188E+02  0.63470716E+02  0.63702908E+02  0.63926872E+02
  0.64142847E+02  0.64350961E+02  0.64551436E+02  0.64744432E+02  0.64930168E+02
  0.65108746E+02  0.65280354E+02  0.65445067E+02  0.65603084E+02  0.65754524E+02
  0.65899604E+02  0.66038444E+02  0.66171254E+02  0.66298116E+02  0.66419202E+02
  0.66534615E+02  0.66644519E+02  0.66748994E+02  0.66848195E+02  0.66942212E+02
  0.67031202E+02  0.67115238E+02  0.67194426E+02  0.67268802E+02  0.67338476E+02
  0.67403531E+02  0.67464087E+02  0.67520212E+02  0.67572077E+02  0.67619760E+02
  0.67663361E+02  0.67702943E+02  0.67738611E+02  0.67770379E+02  0.67798351E+02
  0.67822568E+02  0.67843143E+02  0.67860126E+02  0.67873624E+02  0.67883697E+02
  0.67890447E+02  0.67893883E+02  0.67894110E+02  0.67891158E+02  0.67885112E+02
  0.67876013E+02  0.67863962E+02  0.67848999E+02  0.67831216E+02
   128
  0.10000000E+01  0.26563399E+01  0.37389656E+01  0.42200497E+01  0.42561393E+01
  0.39899382E+01  0.35527232E+01  0.30387120E+01  0.25118836E+01  0.20110059E+01
  0.15606815E+01  0.11739680E+01  0.85663132E+00  0.60593479E+00  0.41674003E+00
  0.28021391E+00  0.18634225E+00  0.12395301E+00  0.83569255E-01  0.58134921E-01
  0.42578605E-01  0.33013430E-01  0.26331504E-01  0.20711358E-01  0.15440169E-01
  0.10500303E-01  0.62146220E-02  0.28301180E-02  0.33265237E-03 -0.13964553E-02
 -0.24547650E-02 -0.29440263E-02 -0.29385512E-02  0.00000000E+00  0.00000000E+00
  0.00000000E+00  0.00000000E+00  0.00000000E+00  0.00000000E+00  0.00000000E+00
  0.00000000E+00  0.00000000E+00  0.00000000E+00  0.00000000E+00  0.00000000E+00
  0.00000000E+00  0.00000000E+00  0.00000000E+00  0.00000000E+00  0.00000000E+00
  0.00000000E+00  0.00000000E+00  0.00000000E+00  0.00000000E+00  0.00000000E+00
  0.00000000E+00  0.00000000E+00  0.00000000E+00  0.00000000E+00  0.00000000E+00
  0.00000000E+00  0.00000000E+00  0.00000000E+00  0.00000000E+00  0.00000000E+00
  0.00000000E+00  0.00000000E+00  0.00000000E+00  0.00000000E+00  0.00000000E+00
  0.00000000E+00  0.00000000E+00  0.00000000E+00  0.00000000E+00  0.00000000E+00
  0.00000000E+00  0.00000000E+00  0.00000000E+00  0.00000000E+00  0.00000000E+00
  0.00000000E+00  0.00000000E+00  0.00000000E+00  0.00000000E+00  0.00000000E+00
  0.00000000E+00  0.00000000E+00  0.00000000E+00  0.00000000E+00  0.00000000E+00
  0.00000000E+00  0.00000000E+00  0.00000000E+00  0.00000000E+00  0.00000000E+00
  0.00000000E+00  0.00000000E+00  0.00000000E+00  0.00000000E+00  0.00000000E+00
  0.00000000E+00  0.00000000E+00  0.00000000E+00  0.00000000E+00  0.00000000E+00
  0.00000000E+00  0.00000000E+00  0.00000000E+00  0.00000000E+00  0.00000000E+00
  0.00000000E+00  0.00000000E+00  0.00000000E+00  0.00000000E+00  0.00000000E+00
  0.00000000E+00  0.00000000E+00  0.00000000E+00  0.00000000E+00  0.00000000E+00
  0.00000000E+00  0.00000000E+00  0.00000000E+00  0.00000000E+00  0.00000000E+00
  0.00000000E+00  0.00000000E+00  0.00000000E+00  0.00000000E+00
  0.10000000E+01  0.27466070E+01  0.40649465E+01  0.49318566E+01  0.54249785E+01
  0.56232939E+01  0.55957852E+01  0.53968843E+01  0.50703889E+01  0.46524122E+01
  0.41783317E+01  0.36799333E+01  0.31857719E+01  0.27158016E+01  0.22844714E+01
  0.18992251E+01  0.15630311E+01  0.12733201E+01  0.10279063E+01  0.82504531E+00
  0.66079265E+00  0.52771383E+00  0.41713815E+00  0.32191935E+00  0.23874962E+00
  0.16817952E+00  0.11199228E+00  0.70381876E-01  0.41391529E-01  0.22015889E-01
  0.94542536E-02  0.16537738E-02 -0.27790968E-02  0.00000000E+00  0.00000000E+00
  0.00000000E+00  0.00000000E+00  0.00000000E+00  0.00000000E+00  0.00000000E+00
  0.00000000E+00  0.00000000E+00  0.00000000E+00  0.00000000E+00  0.00000000E+00
  0.00000000E+00  0.00000000E+00  0.00000000E+00  0.00000000E+00  0.00000000E+00
  0.00000000E+00  0.00000000E+00  0.00000000E+00  0.00000000E+00  0.00000000E+00
  0.00000000E+00  0.00000000E+00  0.00000000E+00  0.00000000E+00  0.00000000E+00
  0.00000000E+00  0.00000000E+00  0.00000000E+00  0.00000000E+00  0.00000000E+00
  0.00000000E+00  0.00000000E+00  0.00000000E+00  0.00000000E+00  0.00000000E+00
  0.00000000E+00  0.00000000E+00  0.00000000E+00  0.00000000E+00  0.00000000E+00
  0.00000000E+00  0.00000000E+00  0.00000000E+00  0.00000000E+00  0.00000000E+00
  0.00000000E+00  0.00000000E+00  0.00000000E+00  0.00000000E+00  0.00000000E+00
  0.00000000E+00  0.00000000E+00  0.00000000E+00  0.00000000E+00  0.00000000E+00
  0.00000000E+00  0.00000000E+00  0.00000000E+00  0.00000000E+00  0.00000000E+00
  0.00000000E+00  0.00000000E+00  0.00000000E+00  0.00000000E+00  0.00000000E+00
  0.00000000E+00  0.00000000E+00  0.00000000E+00  0.00000000E+00  0.00000000E+00
  0.00000000E+00  0.00000000E+00  0.00000000E+00  0.00000000E+00  0.00000000E+00
  0.00000000E+00  0.00000000E+00  0.00000000E+00  0.00000000E+00  0.00000000E+00
  0.00000000E+00  0.00000000E+00  0.00000000E+00  0.00000000E+00  0.00000000E+00
  0.00000000E+00  0.00000000E+00  0.00000000E+00  0.00000000E+00  0.00000000E+00
  0.00000000E+00  0.00000000E+00  0.00000000E+00  0.00000000E+00
  0.10000000E+01  0.27805651E+01  0.41961006E+01  0.52426912E+01  0.59815905E+01
  0.64734984E+01  0.67602162E+01  0.68727829E+01  0.68350454E+01  0.66677713E+01
  0.63951852E+01  0.60423466E+01  0.56356237E+01  0.51972137E+01  0.47460263E+01
  0.42966921E+01  0.38605993E+01  0.34437302E+01  0.30523464E+01  0.26924532E+01
  0.23661495E+01  0.20702815E+01  0.17986963E+01  0.15452852E+01  0.13085554E+01
  0.10929992E+01  0.90484975E+00  0.74652802E+00  0.61523730E+00  0.50573699E+00
  0.41387423E+00  0.33751879E+00  0.27540494E+00  0.22591963E+00  0.18699341E+00
  0.15651321E+00  0.13254437E+00  0.11360269E+00  0.98825769E-01  0.87653660E-01
  0.79284853E-01  0.72653395E-01  0.66787638E-01  0.60795518E-01  0.53758137E-01
  0.44986469E-01  0.34497962E-01  0.23111987E-01  0.12047101E-01  0.25045322E-02
 -0.45108668E-02  0.00000000E+00  0.00000000E+00  0.00000000E+00  0.00000000E+00
  0.00000000E+00  0.00000000E+00  0.00000000E+00  0.00000000E+00  0.00000000E+00
  0.00000000E+00  0.00000000E+00  0.00000000E+00  0.00000000E+00  0.00000000E+00
  0.00000000E+00  0.00000000E+00  0.00000000E+00  0.00000000E+00  0.00000000E+00
  0.00000000E+00  0.00000000E+00  0.00000000E+00  0.00000000E+00  0.00000000E+00
  0.00000000E+00  0.00000000E+00  0.00000000E+00  0.00000000E+00  0.00000000E+00
  0.00000000E+00  0.00000000E+00  0.00000000E+00  0.00000000E+00  0.00000000E+00
  0.00000000E+00  0.00000000E+00  0.00000000E+00  0.00000000E+00  0.00000000E+00
  0.00000000E+00  0.00000000E+00  0.00000000E+00  0.00000000E+00  0.00000000E+00
  0.00000000E+00  0.00000000E+00  0.00000000E+00  0.00000000E+00  0.00000000E+00
  0.00000000E+00  0.00000000E+00  0.00000000E+00  0.00000000E+00  0.00000000E+00
  0.00000000E+00  0.00000000E+00  0.00000000E+00  0.00000000E+00  0.00000000E+00
  0.00000000E+00  0.00000000E+00  0.00000000E+00  0.00000000E+00  0.00000000E+00
  0.00000000E+00  0.00000000E+00  0.00000000E+00  0.00000000E+00  0.00000000E+00
  0.00000000E+00  0.00000000E+00  0.00000000E+00  0.00000000E+00  0.00000000E+00
  0.00000000E+00  0.00000000E+00  0.00000000E+00  0.00000000E+00
  0.10000000E+01  0.28045369E+01  0.42860216E+01  0.54491609E+01  0.63508030E+01
  0.70442240E+01  0.75616461E+01  0.79252838E+01  0.81496355E+01  0.82461794E+01
  0.82290057E+01  0.81130381E+01  0.79154634E+01  0.76519181E+01  0.73370643E+01
  0.69839810E+01  0.66043881E+01  0.62067532E+01  0.58003146E+01  0.53943168E+01
  0.49948903E+01  0.46040886E+01  0.42211432E+01  0.38445349E+01  0.34763257E+01
  0.31238323E+01  0.27958587E+01  0.24971230E+01  0.22266541E+01  0.19808218E+01
  0.17573851E+01  0.15563336E+01  0.13780009E+01  0.12214519E+01  0.10843808E+01
  0.96402742E+00  0.85778494E+00  0.76357290E+00  0.67999956E+00  0.60605371E+00
  0.54058439E+00  0.48223771E+00  0.42973978E+00  0.38191750E+00  0.33757910E+00
  0.29574767E+00  0.25608264E+00  0.21896923E+00  0.18512027E+00  0.15528031E+00
  0.13006086E+00  0.10978100E+00  0.94262659E-01  0.82860439E-01  0.74552671E-01
  0.68096039E-01  0.62294993E-01  0.56296873E-01  0.49755373E-01  0.42757535E-01
  0.35648552E-01  0.28859207E-01  0.22759453E-01  0.17554060E-01  0.13244258E-01
  0.96926207E-02  0.67272586E-02  0.42084481E-02  0.21042833E-02  0.40156964E-03
 -0.95281733E-03  0.00000000E+00  0.00000000E+00  0.00000000E+00  0.00000000E+00
  0.00000000E+00  0.00000000E+00  0.00000000E+00  0.00000000E+00  0.00000000E+00
  0.00000000E+00  0.00000000E+00  0.00000000E+00  0.00000000E+00  0.00000000E+00
  0.00000000E+00  0.00000000E+00  0.00000000E+00  0.00000000E+00  0.00000000E+00
  0.00000000E+00  0.00000000E+00  0.00000000E+00  0.00000000E+00  0.00000000E+00
  0.00000000E+00  0.00000000E+00  0.00000000E+00  0.00000000E+00  0.00000000E+00
  0.00000000E+00  0.00000000E+00  0.00000000E+00  0.00000000E+00  0.00000000E+00
  0.00000000E+00  0.00000000E+00  0.00000000E+00  0.00000000E+00  0.00000000E+00
  0.00000000E+00  0.00000000E+00  0.00000000E+00  0.00000000E+00  0.00000000E+00
  0.00000000E+00  0.00000000E+00  0.00000000E+00  0.00000000E+00  0.00000000E+00
  0.00000000E+00  0.00000000E+00  0.00000000E+00  0.00000000E+00  0.00000000E+00
  0.00000000E+00  0.00000000E+00  0.00000000E+00  0.00000000E+00
  0.10000000E+01  0.28245945E+01  0.43608233E+01  0.56142575E+01  0.66374258E+01
  0.74744876E+01  0.81542864E+01  0.86930277E+01  0.91028623E+01  0.93901072E+01
  0.95651006E+01  0.96371192E+01  0.96187614E+01  0.95211798E+01  0.93557623E+01
  0.91329829E+01  0.88629575E+01  0.85537046E+01  0.82142644E+01  0.78538492E+01
  0.74794003E+01  0.70949030E+01  0.67021146E+01  0.63020002E+01  0.58982787E+01
  0.54989259E+01  0.51131509E+01  0.47466184E+01  0.44000276E+01  0.40717044E+01
  0.37611760E+01  0.34698985E+01  0.31993690E+01  0.29496875E+01  0.27194034E+01
  0.25064930E+01  0.23089982E+01  0.21254638E+01  0.19549857E+01  0.17969832E+01
  0.16507530E+01  0.15153301E+01  0.13897110E+01  0.12729573E+01  0.11640265E+01
  0.10619608E+01  0.96625805E+00  0.87696297E+00  0.79439373E+00  0.71892889E+00
  0.65085082E+00  0.59023233E+00  0.53668414E+00  0.48945504E+00  0.44746546E+00
  0.40950393E+00  0.37439157E+00  0.34121532E+00  0.30950174E+00  0.27919823E+00
  0.25052616E+00  0.22381173E+00  0.19936821E+00  0.17736040E+00  0.15772666E+00
  0.14026908E+00  0.12474329E+00  0.11094851E+00  0.98738859E-01  0.87953243E-01
  0.78398582E-01  0.69887102E-01  0.62335154E-01  0.55751933E-01  0.50162770E-01
  0.45577262E-01  0.41982133E-01  0.39271035E-01  0.37215906E-01  0.35538118E-01
  0.33891659E-01  0.31973507E-01  0.29604536E-01  0.26784454E-01  0.23634972E-01
  0.20332597E-01  0.17066503E-01  0.13946555E-01  0.11065726E-01  0.84755782E-02
  0.62094064E-02  0.43183939E-02  0.28409460E-02  0.17925506E-02  0.11767449E-02
  0.95281225E-03  0.10695642E-02  0.14441339E-02  0.19700302E-02  0.25517484E-02
  0.31229743E-02  0.36890549E-02  0.42601208E-02  0.48319462E-02  0.53537104E-02
  0.57410916E-02  0.59149039E-02  0.58164497E-02  0.54694575E-02  0.49032871E-02
  0.41753542E-02  0.33453154E-02  0.24601286E-02  0.15915258E-02  0.79490437E-03
  0.10494139E-03 -0.46647626E-03  0.00000000E+00  0.00000000E+00  0.00000000E+00
  0.00000000E+00  0.00000000E+00  0.00000000E+00  0.00000000E+00  0.00000000E+00
  0.00000000E+00  0.00000000E+00  0.00000000E+00  0.00000000E+00
  0.10000000E+01  0.28399047E+01  0.44180393E+01  0.57376974E+01  0.68487593E+01
  0.77875174E+01  0.85827567E+01  0.92467017E+01  0.97929071E+01  0.10225022E+02
  0.10552618E+02  0.10781511E+02  0.10921907E+02  0.10981849E+02  0.10970309E+02
  0.10895145E+02  0.10764327E+02  0.10584296E+02  0.10362587E+02  0.10106985E+02
  0.98237077E+01  0.95168963E+01  0.91890609E+01  0.88420898E+01  0.84799941E+01
  0.81101329E+01  0.77408983E+01  0.73779021E+01  0.70228230E+01  0.66754392E+01
  0.63365208E+01  0.60083673E+01  0.56932325E+01  0.53921367E+01  0.51047124E+01
  0.48300075E+01  0.45670689E+01  0.43153125E+01  0.40745032E+01  0.38446558E+01
  0.36256358E+01  0.34170687E+01  0.32184964E+01  0.30295069E+01  0.28495461E+01
  0.26780337E+01  0.25147100E+01  0.23596755E+01  0.22132000E+01  0.20756120E+01
  0.19471083E+01  0.18276982E+01  0.17169296E+01  0.16140660E+01  0.15181278E+01
  0.14280747E+01  0.13429022E+01  0.12618183E+01  0.11843612E+01  0.11103567E+01
  0.10398719E+01  0.97312858E+00  0.91033793E+00  0.85160235E+00  0.79680743E+00
  0.74568308E+00  0.69793630E+00  0.65329989E+00  0.61159026E+00  0.57263117E+00
  0.53617557E+00  0.50200351E+00  0.46995162E+00  0.43992621E+00  0.41191495E+00
  0.38591762E+00  0.36189827E+00  0.33974585E+00  0.31924819E+00  0.30008561E+00
  0.28191137E+00  0.26445053E+00  0.24752924E+00  0.23108666E+00  0.21519338E+00
  0.19996459E+00  0.18549715E+00  0.17186988E+00  0.15909400E+00  0.14716639E+00
  0.13608120E+00  0.12584196E+00  0.11647404E+00  0.10799985E+00  0.10038746E+00
  0.93586165E-01  0.87492324E-01  0.81994681E-01  0.77003638E-01  0.72420674E-01
  0.68173117E-01  0.64199404E-01  0.60474960E-01  0.56974460E-01  0.53673518E-01
  0.50504770E-01  0.47411499E-01  0.44344933E-01  0.41267477E-01  0.38189180E-01
  0.35166190E-01  0.32242609E-01  0.29463368E-01  0.26855329E-01  0.24434433E-01
  0.22187206E-01  0.20120716E-01  0.18248278E-01  0.16563088E-01  0.15077813E-01
  0.13794472E-01  0.12704165E-01  0.11807333E-01  0.11108789E-01  0.10581584E-01
  0.10204499E-01  0.99536699E-02  0.97895478E-02  0.96486381E-02
  0.10000000E+01  0.28608000E+01  0.44960882E+01  0.59062061E+01  0.71365929E+01
  0.82131829E+01  0.91640716E+01  0.99963059E+01  0.10725361E+02  0.11351695E+02
  0.11884507E+02  0.12325414E+02  0.12682164E+02  0.12958882E+02  0.13161847E+02
  0.13295600E+02  0.13365590E+02  0.13376135E+02  0.13332820E+02  0.13241383E+02
  0.13106877E+02  0.12933246E+02  0.12723548E+02  0.12480453E+02  0.12208008E+02
  0.11912462E+02  0.11600829E+02  0.11278334E+02  0.10947558E+02  0.10609828E+02
  0.10267189E+02  0.99227301E+01  0.95794183E+01  0.92393160E+01  0.89033442E+01
  0.85719265E+01  0.82454055E+01  0.79243177E+01  0.76093723E+01  0.73014041E+01
  0.70010743E+01  0.67088256E+01  0.64249354E+01  0.61496632E+01  0.58830926E+01
  0.56251787E+01  0.53760234E+01  0.51358930E+01  0.49051004E+01  0.46840117E+01
  0.44728224E+01  0.42716165E+01  0.40800392E+01  0.38975026E+01  0.37232711E+01
  0.35565939E+01  0.33967325E+01  0.32430828E+01  0.30952371E+01  0.29529473E+01
  0.28161572E+01  0.26849726E+01  0.25595298E+01  0.24398481E+01  0.23257905E+01
  0.22170911E+01  0.21134328E+01  0.20145404E+01  0.19202065E+01  0.18302051E+01
  0.17442758E+01  0.16621525E+01  0.15835817E+01  0.15083863E+01  0.14364944E+01
  0.13678886E+01  0.13025759E+01  0.12405088E+01  0.11814808E+01  0.11251846E+01
  0.10712824E+01  0.10194939E+01  0.96966261E+00  0.92175288E+00  0.87577259E+00
  0.83174131E+00  0.78964916E+00  0.74946648E+00  0.71115540E+00  0.67466707E+00
  0.63997242E+00  0.60705331E+00  0.57587213E+00  0.54639778E+00  0.51858459E+00
  0.49232657E+00  0.46750766E+00  0.44400940E+00  0.42170969E+00  0.40052269E+00
  0.38038373E+00  0.36123815E+00  0.34304257E+00  0.32573602E+00  0.30923943E+00
  0.29348605E+00  0.27841186E+00  0.26397196E+00  0.25014102E+00  0.23688984E+00
  0.22421325E+00  0.21210860E+00  0.20057390E+00  0.18961923E+00  0.17923623E+00
  0.16940200E+00  0.16010350E+00  0.15132265E+00  0.14304023E+00  0.13524629E+00
  0.12790702E+00  0.12101727E+00  0.11456246E+00  0.10850130E+00  0.10281480E+00
  0.97483344E-01  0.92462787E-01  0.87719215E-01  0.83216154E-01
  0.10000000E+01  0.28773939E+01  0.45585454E+01  0.60404738E+01  0.73655159E+01
  0.85509534E+01  0.96253753E+01  0.10591148E+02  0.11466831E+02  0.12250060E+02
  0.12951424E+02  0.13569063E+02  0.14110228E+02  0.14575801E+02  0.14970865E+02
  0.15297155E+02  0.15558557E+02  0.15757372E+02  0.15897608E+02  0.15983025E+02
  0.16017438E+02  0.16003967E+02  0.15945413E+02  0.15844330E+02  0.15704218E+02
  0.15529947E+02  0.15327009E+02  0.15099792E+02  0.14851083E+02  0.14582893E+02
  0.14297734E+02  0.13998809E+02  0.13689249E+02  0.13371586E+02  0.13047560E+02
  0.12718535E+02  0.12385763E+02  0.12050579E+02  0.11714366E+02  0.11378554E+02
  0.11044418E+02  0.10713035E+02  0.10385307E+02  0.10062096E+02  0.97440673E+01
  0.94317075E+01  0.91255352E+01  0.88261240E+01  0.85340176E+01  0.82497841E+01
  0.79738115E+01  0.77063848E+01  0.74473763E+01  0.71965091E+01  0.69534015E+01
  0.67176638E+01  0.64889213E+01  0.62668658E+01  0.60512395E+01  0.58418425E+01
  0.56386258E+01  0.54416830E+01  0.52511400E+01  0.50670182E+01  0.48892044E+01
  0.47174741E+01  0.45515569E+01  0.43912342E+01  0.42363433E+01  0.40866996E+01
  0.39420690E+01  0.38022086E+01  0.36668653E+01  0.35358265E+01  0.34089961E+01
  0.32863687E+01  0.31679648E+01  0.30537668E+01  0.29436315E+01  0.28372742E+01
  0.27343883E+01  0.26347467E+01  0.25382307E+01  0.24448101E+01  0.23544819E+01
  0.22672211E+01  0.21829756E+01  0.21016611E+01  0.20231849E+01  0.19474764E+01
  0.18744897E+01  0.18041751E+01  0.17364825E+01  0.16713611E+01  0.16087369E+01
  0.15485045E+01  0.14905558E+01  0.14347849E+01  0.13810822E+01  0.13293547E+01
  0.12795214E+01  0.12315187E+01  0.11852737E+01  0.11407119E+01  0.10977467E+01
  0.10562962E+01  0.10162877E+01  0.97767219E+00  0.94041706E+00  0.90449413E+00
  0.86988100E+00  0.83654477E+00  0.80443389E+00  0.77351359E+00  0.74376198E+00
  0.71515037E+00  0.68764144E+00  0.66121016E+00  0.63581921E+00  0.61141736E+00
  0.58796832E+00  0.56544678E+00  0.54381232E+00  0.52304084E+00  0.50312154E+00
  0.48400313E+00  0.46563463E+00  0.44796682E+00  0.43095397E+00
  0.10000000E+01  0.28921720E+01  0.46145039E+01  0.61607396E+01  0.75707111E+01
  0.88537681E+01  0.10039375E+02  0.11125097E+02  0.12132942E+02  0.13057512E+02
  0.13911660E+02  0.14690129E+02  0.15400748E+02  0.16041352E+02  0.16616776E+02
  0.17126263E+02  0.17572892E+02  0.17957140E+02  0.18281901E+02  0.18549163E+02
  0.18761658E+02  0.18921503E+02  0.19030984E+02  0.19092157E+02  0.19107779E+02
  0.19081345E+02  0.19016862E+02  0.18917715E+02  0.18786490E+02  0.18625354E+02
  0.18436836E+02  0.18223906E+02  0.17989544E+02  0.17736404E+02  0.17466658E+02
  0.17182222E+02  0.16884928E+02  0.16576634E+02  0.16259180E+02  0.15934411E+02
  0.15604037E+02  0.15269592E+02  0.14932436E+02  0.14593882E+02  0.14255071E+02
  0.13916964E+02  0.13580511E+02  0.13246635E+02  0.12916180E+02  0.12589970E+02
  0.12268649E+02  0.11952774E+02  0.11642556E+02  0.11338073E+02  0.11039335E+02
  0.10746339E+02  0.10459062E+02  0.10177501E+02  0.99016322E+01  0.96314023E+01
  0.93668694E+01  0.91082133E+01  0.88556156E+01  0.86091576E+01  0.83688089E+01
  0.81344313E+01  0.79058677E+01  0.76830060E+01  0.74657574E+01  0.72540067E+01
  0.70476045E+01  0.68463733E+01  0.66501072E+01  0.64586378E+01  0.62718835E+01
  0.60898536E+01  0.59125970E+01  0.57401307E+01  0.55723542E+01  0.54090469E+01
  0.52499676E+01  0.50949462E+01  0.49438993E+01  0.47968047E+01  0.46536480E+01
  0.45143922E+01  0.43789637E+01  0.42472838E+01  0.41192731E+01  0.39948570E+01
  0.38739632E+01  0.37565279E+01  0.36424848E+01  0.35317784E+01  0.34243426E+01
  0.33200765E+01  0.32188581E+01  0.31205710E+01  0.30251232E+01  0.29324367E+01
  0.28424570E+01  0.27551298E+01  0.26703867E+01  0.25881343E+01  0.25082762E+01
  0.24307158E+01  0.23553832E+01  0.22822294E+01  0.22112201E+01  0.21423117E+01
  0.20754549E+01  0.20105854E+01  0.19476405E+01  0.18865920E+01  0.18273964E+01
  0.17700016E+01  0.17143584E+01  0.16604360E+01  0.16081670E+01  0.15574946E+01
  0.15083851E+01  0.14607973E+01  0.14146654E+01  0.13699510E+01  0.13266356E+01
  0.12846852E+01  0.12440614E+01  0.12047237E+01  0.11666197E+01
  0.10000000E+01  0.29041293E+01  0.46603446E+01  0.62594224E+01  0.77398104E+01
  0.91041398E+01  0.10383310E+02  0.11569913E+02  0.12689496E+02  0.13733076E+02
  0.14716616E+02  0.15631377E+02  0.16486951E+02  0.17278169E+02  0.18010723E+02
  0.18681724E+02  0.19294464E+02  0.19847957E+02  0.20344759E+02  0.20785550E+02
  0.21172483E+02  0.21506745E+02  0.21790112E+02  0.22023952E+02  0.22210316E+02
  0.22351542E+02  0.22450486E+02  0.22509551E+02  0.22530815E+02  0.22516075E+02
  0.22467462E+02  0.22387359E+02  0.22278234E+02  0.22142401E+02  0.21981927E+02
  0.21798713E+02  0.21594628E+02  0.21371573E+02  0.21131422E+02  0.20876050E+02
  0.20607247E+02  0.20326688E+02  0.20035917E+02  0.19736455E+02  0.19429689E+02
  0.19116864E+02  0.18799208E+02  0.18477919E+02  0.18154099E+02  0.17828834E+02
  0.17503052E+02  0.17177601E+02  0.16853044E+02  0.16529826E+02  0.16208321E+02
  0.15888895E+02  0.15571873E+02  0.15257582E+02  0.14946288E+02  0.14638184E+02
  0.14333527E+02  0.14032648E+02  0.13735870E+02  0.13443423E+02  0.13155442E+02
  0.12871945E+02  0.12592949E+02  0.12318489E+02  0.12048609E+02  0.11783290E+02
  0.11522512E+02  0.11266220E+02  0.11014309E+02  0.10766684E+02  0.10523330E+02
  0.10284297E+02  0.10049679E+02  0.98195753E+01  0.95939660E+01  0.93726947E+01
  0.91555753E+01  0.89425126E+01  0.87334767E+01  0.85284978E+01  0.83276022E+01
  0.81307702E+01  0.79379240E+01  0.77490005E+01  0.75639513E+01  0.73827233E+01
  0.72052687E+01  0.70315549E+01  0.68615613E+01  0.66952572E+01  0.65326025E+01
  0.63735237E+01  0.62179333E+01  0.60657376E+01  0.59168641E+01  0.57712647E+01
  0.56289110E+01  0.54897724E+01  0.53538006E+01  0.52209123E+01  0.50910113E+01
  0.49640072E+01  0.48398481E+01  0.47185077E+01  0.45999792E+01  0.44842407E+01
  0.43712405E+01  0.42608999E+01  0.41531471E+01  0.40479382E+01  0.39452404E+01
  0.38450224E+01  0.37472441E+01  0.36518576E+01  0.35588144E+01  0.34680615E+01
  0.33795384E+01  0.32931844E+01  0.32089564E+01  0.31268184E+01  0.30467325E+01
  0.29686554E+01  0.28925478E+01  0.28183566E+01  0.27460123E+01
  0.10000000E+01  0.29144344E+01  0.47001631E+01  0.63451752E+01  0.78871182E+01
  0.93224956E+01  0.10683902E+02  0.11959031E+02  0.13176773E+02  0.14324418E+02
  0.15421062E+02  0.16454579E+02  0.17436540E+02  0.18358935E+02  0.19228582E+02
  0.20040655E+02  0.20798961E+02  0.21501252E+02  0.22150062E+02  0.22744998E+02
  0.23287892E+02  0.23779159E+02  0.24220238E+02  0.24611909E+02  0.24955710E+02
  0.25253074E+02  0.25505987E+02  0.25716028E+02  0.25884821E+02  0.26013764E+02
  0.26104561E+02  0.26159036E+02  0.26179172E+02  0.26166879E+02  0.26123972E+02
  0.26052160E+02  0.25953182E+02  0.25828803E+02  0.25680787E+02  0.25510906E+02
  0.25320897E+02  0.25112421E+02  0.24887069E+02  0.24646410E+02  0.24391944E+02
  0.24125064E+02  0.23847173E+02  0.23559631E+02  0.23263721E+02  0.22960690E+02
  0.22651653E+02  0.22337665E+02  0.22019583E+02  0.21698161E+02  0.21374095E+02
  0.21048064E+02  0.20720683E+02  0.20392551E+02  0.20064206E+02  0.19736094E+02
  0.19408672E+02  0.19082448E+02  0.18757898E+02  0.18435399E+02  0.18115238E+02
  0.17797607E+02  0.17482692E+02  0.17170684E+02  0.16861760E+02  0.16556022E+02
  0.16253567E+02  0.15954487E+02  0.15658812E+02  0.15366545E+02  0.15077730E+02
  0.14792466E+02  0.14510873E+02  0.14233081E+02  0.13959138E+02  0.13688977E+02
  0.13422498E+02  0.13159669E+02  0.12900515E+02  0.12645092E+02  0.12393443E+02
  0.12145573E+02  0.11901443E+02  0.11661036E+02  0.11424353E+02  0.11191382E+02
  0.10962091E+02  0.10736468E+02  0.10514518E+02  0.10296246E+02  0.10081641E+02
  0.98706727E+01  0.96632929E+01  0.94594329E+01  0.92590455E+01  0.90621203E+01
  0.88686533E+01  0.86786431E+01  0.84920672E+01  0.83088730E+01  0.81289771E+01
  0.79523120E+01  0.77788381E+01  0.76085546E+01  0.74414782E+01  0.72776168E+01
  0.71169244E+01  0.69593220E+01  0.68047527E+01  0.66531840E+01  0.65045994E+01
  0.63589731E+01  0.62162931E+01  0.60765090E+01  0.59395692E+01  0.58054163E+01
  0.56740152E+01  0.55453012E+01  0.54192293E+01  0.52957803E+01  0.51749428E+01
  0.50566793E+01  0.49409422E+01  0.48276898E+01  0.47168548E+01
  0.10000000E+01  0.29205561E+01  0.47239641E+01  0.63968736E+01  0.79762476E+01
  0.94557058E+01  0.10868471E+02  0.12199707E+02  0.13479532E+02  0.14693146E+02
  0.15861266E+02  0.16970097E+02  0.18032499E+02  0.19039039E+02  0.19997428E+02
  0.20901924E+02  0.21756927E+02  0.22559596E+02  0.23312738E+02  0.24015494E+02
  0.24669758E+02  0.25275554E+02  0.25834258E+02  0.26346295E+02  0.26813032E+02
  0.27235473E+02  0.27615301E+02  0.27953655E+02  0.28251880E+02  0.28510985E+02
  0.28732345E+02  0.28917347E+02  0.29067585E+02  0.29184535E+02  0.29269648E+02
  0.29324272E+02  0.29349808E+02  0.29347671E+02  0.29319311E+02  0.29266195E+02
  0.29189780E+02  0.29091468E+02  0.28972632E+02  0.28834633E+02  0.28678792E+02
  0.28506358E+02  0.28318611E+02  0.28116811E+02  0.27902159E+02  0.27675837E+02
  0.27438954E+02  0.27192554E+02  0.26937546E+02  0.26674753E+02  0.26404971E+02
  0.26128970E+02  0.25847467E+02  0.25561166E+02  0.25270742E+02  0.24976790E+02
  0.24679908E+02  0.24380729E+02  0.24079846E+02  0.23777762E+02  0.23474894E+02
  0.23171597E+02  0.22868203E+02  0.22565034E+02  0.22262389E+02  0.21960520E+02
  0.21659643E+02  0.21359968E+02  0.21061652E+02  0.20764816E+02  0.20469602E+02
  0.20176187E+02  0.19884765E+02  0.19595526E+02  0.19308576E+02  0.19023928E+02
  0.18741575E+02  0.18461545E+02  0.18183914E+02  0.17908786E+02  0.17636253E+02
  0.17366360E+02  0.17099123E+02  0.16834566E+02  0.16572733E+02  0.16313632E+02
  0.16057267E+02  0.15803651E+02  0.15552810E+02  0.15304760E+02  0.15059524E+02
  0.14817104E+02  0.14577485E+02  0.14340648E+02  0.14106598E+02  0.13875363E+02
  0.13646960E+02  0.13421416E+02  0.13198742E+02  0.12978917E+02  0.12761894E+02
  0.12547638E+02  0.12336136E+02  0.12127401E+02  0.11921472E+02  0.11718369E+02
  0.11518071E+02  0.11320521E+02  0.11125691E+02  0.10933582E+02  0.10744207E+02
  0.10557565E+02  0.10373657E+02  0.10192476E+02  0.10013997E+02  0.98381973E+01
  0.96650509E+01  0.94945323E+01  0.93266113E+01  0.91612814E+01  0.89985337E+01
  0.88383553E+01  0.86807199E+01  0.85256023E+01  0.83729555E+01
  0.10000000E+01  0.29266217E+01  0.47471822E+01  0.64474839E+01  0.80632214E+01
  0.95858506E+01  0.11048420E+02  0.12434454E+02  0.13774491E+02  0.15052453E+02
  0.16289887E+02  0.17471930E+02  0.18612107E+02  0.19699976E+02  0.20743712E+02
  0.21736853E+02  0.22684120E+02  0.23582154E+02  0.24433902E+02  0.25238064E+02
  0.25996560E+02  0.26709058E+02  0.27376907E+02  0.28000212E+02  0.28580216E+02
  0.29117494E+02  0.29613462E+02  0.30068842E+02  0.30484800E+02  0.30862042E+02
  0.31201729E+02  0.31504877E+02  0.31772799E+02  0.32006632E+02  0.32207585E+02
  0.32376732E+02  0.32515259E+02  0.32624322E+02  0.32705155E+02  0.32758969E+02
  0.32787019E+02  0.32790495E+02  0.32770599E+02  0.32728511E+02  0.32665414E+02
  0.32582415E+02  0.32480669E+02  0.32361324E+02  0.32225501E+02  0.32074300E+02
  0.31908768E+02  0.31729913E+02  0.31538652E+02  0.31335849E+02  0.31122340E+02
  0.30898952E+02  0.30666465E+02  0.30425664E+02  0.30177302E+02  0.29922068E+02
  0.29660638E+02  0.29393717E+02  0.29121971E+02  0.28846001E+02  0.28566327E+02
  0.28283423E+02  0.27997746E+02  0.27709728E+02  0.27419779E+02  0.27128251E+02
  0.26835482E+02  0.26541792E+02  0.26247467E+02  0.25952747E+02  0.25657881E+02
  0.25363119E+02  0.25068712E+02  0.24774902E+02  0.24481860E+02  0.24189679E+02
  0.23898431E+02  0.23608235E+02  0.23319226E+02  0.23031551E+02  0.22745330E+02
  0.22460655E+02  0.22177575E+02  0.21896156E+02  0.21616486E+02  0.21338632E+02
  0.21062627E+02  0.20788514E+02  0.20516350E+02  0.20246187E+02  0.19978058E+02
  0.19711984E+02  0.19447978E+02  0.19186054E+02  0.18926228E+02  0.18668544E+02
  0.18413041E+02  0.18159765E+02  0.17908745E+02  0.17659989E+02  0.17413490E+02
  0.17169236E+02  0.16927235E+02  0.16687513E+02  0.16450128E+02  0.16215115E+02
  0.15982483E+02  0.15752194E+02  0.15524239E+02  0.15298623E+02  0.15075385E+02
  0.14854536E+02  0.14636091E+02  0.14420053E+02  0.14206434E+02  0.13995235E+02
  0.13786449E+02  0.13580058E+02  0.13376060E+02  0.13174465E+02  0.12975269E+02
  0.12778479E+02  0.12584102E+02  0.12392138E+02  0.12202547E+02
  0.10000000E+01  0.29300906E+01  0.47600289E+01  0.64761952E+01  0.81124583E+01
  0.96607883E+01  0.11152579E+02  0.12572117E+02  0.13948425E+02  0.15266072E+02
  0.16545784E+02  0.17773277E+02  0.18961687E+02  0.20100809E+02  0.21198678E+02
  0.22248896E+02  0.23256228E+02  0.24217251E+02  0.25135023E+02  0.26008123E+02
  0.26838601E+02  0.27625936E+02  0.28371572E+02  0.29075400E+02  0.29738732E+02
  0.30361937E+02  0.30946469E+02  0.31492829E+02  0.32002166E+02  0.32474928E+02
  0.32912215E+02  0.33314789E+02  0.33683868E+02  0.34020321E+02  0.34325227E+02
  0.34599395E+02  0.34843874E+02  0.35059553E+02  0.35247517E+02  0.35408724E+02
  0.35544276E+02  0.35655123E+02  0.35742303E+02  0.35806768E+02  0.35849540E+02
  0.35871528E+02  0.35873729E+02  0.35857110E+02  0.35822641E+02  0.35771266E+02
  0.35703901E+02  0.35621422E+02  0.35524638E+02  0.35414308E+02  0.35291169E+02
  0.35155958E+02  0.35009378E+02  0.34852139E+02  0.34684937E+02  0.34508425E+02
  0.34323251E+02  0.34130083E+02  0.33929567E+02  0.33722295E+02  0.33508803E+02
  0.33289580E+02  0.33065107E+02  0.32835852E+02  0.32602255E+02  0.32364713E+02
  0.32123593E+02  0.31879266E+02  0.31632068E+02  0.31382301E+02  0.31130258E+02
  0.30876245E+02  0.30620562E+02  0.30363489E+02  0.30105241E+02  0.29845971E+02
  0.29585819E+02  0.29324946E+02  0.29063531E+02  0.28801759E+02  0.28539804E+02
  0.28277792E+02  0.28015828E+02  0.27754025E+02  0.27492521E+02  0.27231422E+02
  0.26970804E+02  0.26710743E+02  0.26451323E+02  0.26192618E+02  0.25934693E+02
  0.25677595E+02  0.25421377E+02  0.25166088E+02  0.24911776E+02  0.24658496E+02
  0.24406304E+02  0.24155259E+02  0.23905415E+02  0.23656803E+02  0.23409455E+02
  0.23163396E+02  0.22918663E+02  0.22675298E+02  0.22433365E+02  0.22192915E+02
  0.21953968E+02  0.21716515E+02  0.21480570E+02  0.21246170E+02  0.21013360E+02
  0.20782171E+02  0.20552620E+02  0.20324727E+02  0.20098501E+02  0.19873970E+02
  0.19651139E+02  0.19430010E+02  0.19210584E+02  0.18992890E+02  0.18776952E+02
  0.18562781E+02  0.18350396E+02  0.18139806E+02  0.17930999E+02
  0.10000000E+01  0.29341296E+01  0.47751710E+01  0.65096934E+01  0.81699732E+01
  0.97476595E+01  0.11272978E+02  0.12730251E+02  0.14147642E+02  0.15509781E+02
  0.16837081E+02  0.18115273E+02  0.19357427E+02  0.20553123E+02  0.21710471E+02
  0.22822797E+02  0.23895039E+02  0.24923473E+02  0.25911350E+02  0.26856918E+02
  0.27762413E+02  0.28626988E+02  0.29452252E+02  0.30237777E+02  0.30984989E+02
  0.31693912E+02  0.32366044E+02  0.33001546E+02  0.33601616E+02  0.34166411E+02
  0.34697038E+02  0.35193945E+02  0.35658310E+02  0.36090709E+02  0.36492170E+02
  0.36863245E+02  0.37204921E+02  0.37517844E+02  0.37803004E+02  0.38061124E+02
  0.38293204E+02  0.38499991E+02  0.38682421E+02  0.38841266E+02  0.38977443E+02
  0.39091708E+02  0.39184954E+02  0.39258006E+02  0.39311737E+02  0.39346969E+02
  0.39364529E+02  0.39365203E+02  0.39349741E+02  0.39318841E+02  0.39273192E+02
  0.39213478E+02  0.39140363E+02  0.39054514E+02  0.38956600E+02  0.38847255E+02
  0.38727111E+02  0.38596824E+02  0.38457020E+02  0.38308296E+02  0.38151191E+02
  0.37986226E+02  0.37813909E+02  0.37634732E+02  0.37449155E+02  0.37257610E+02
  0.37060507E+02  0.36858258E+02  0.36651244E+02  0.36439808E+02  0.36224307E+02
  0.36005088E+02  0.35782483E+02  0.35556794E+02  0.35328285E+02  0.35097165E+02
  0.34863629E+02  0.34627876E+02  0.34390130E+02  0.34150619E+02  0.33909543E+02
  0.33667062E+02  0.33423313E+02  0.33178453E+02  0.32932637E+02  0.32686010E+02
  0.32438677E+02  0.32190761E+02  0.31942367E+02  0.31693596E+02  0.31444538E+02
  0.31195277E+02  0.30945893E+02  0.30696458E+02  0.30447049E+02  0.30197745E+02
  0.29948622E+02  0.29699750E+02  0.29451198E+02  0.29203021E+02  0.28955264E+02
  0.28707979E+02  0.28461213E+02  0.28215028E+02  0.27969495E+02  0.27724689E+02
  0.27480642E+02  0.27237378E+02  0.26994921E+02  0.26753337E+02  0.26512679E+02
  0.26272998E+02  0.26034330E+02  0.25796705E+02  0.25560153E+02  0.25324696E+02
  0.25090365E+02  0.24857167E+02  0.24625131E+02  0.24394273E+02  0.24164631E+02
  0.23936221E+02  0.23709081E+02  0.23483225E+02  0.23258662E+02
  0.10000000E+01  0.29368117E+01  0.47851580E+01  0.65322241E+01  0.82088656E+01
  0.98072427E+01  0.11356247E+02  0.12840872E+02  0.14288059E+02  0.15682937E+02
  0.17045283E+02  0.18361224E+02  0.19643605E+02  0.20882099E+02  0.22084830E+02
  0.23245023E+02  0.24367795E+02  0.25449199E+02  0.26492742E+02  0.27496401E+02
  0.28462696E+02  0.29390476E+02  0.30281622E+02  0.31135384E+02  0.31953443E+02
  0.32735516E+02  0.33483340E+02  0.34196768E+02  0.34877168E+02  0.35524370E+02
  0.36139627E+02  0.36723080E+02  0.37276009E+02  0.37798677E+02  0.38292171E+02
  0.38756759E+02  0.39193454E+02  0.39602628E+02  0.39985281E+02  0.40341888E+02
  0.40673431E+02  0.40980432E+02  0.41263784E+02  0.41524049E+02  0.41762078E+02
  0.41978443E+02  0.42173962E+02  0.42349287E+02  0.42505198E+02  0.42642352E+02
  0.42761475E+02  0.42863205E+02  0.42948185E+02  0.43016996E+02  0.43070239E+02
  0.43108491E+02  0.43132319E+02  0.43142295E+02  0.43138995E+02  0.43122979E+02
  0.43094796E+02  0.43055029E+02  0.43004243E+02  0.42942989E+02  0.42871759E+02
  0.42791034E+02  0.42701275E+02  0.42602942E+02  0.42496467E+02  0.42382266E+02
  0.42260733E+02  0.42132262E+02  0.41997233E+02  0.41855998E+02  0.41708913E+02
  0.41556326E+02  0.41398573E+02  0.41235974E+02  0.41068810E+02  0.40897321E+02
  0.40721730E+02  0.40542268E+02  0.40359178E+02  0.40172704E+02  0.39983078E+02
  0.39790484E+02  0.39595098E+02  0.39397098E+02  0.39196688E+02  0.38994030E+02
  0.38789269E+02  0.38582539E+02  0.38373988E+02  0.38163736E+02  0.37951900E+02
  0.37738580E+02  0.37523878E+02  0.37307889E+02  0.37090708E+02  0.36872433E+02
  0.36653156E+02  0.36432974E+02  0.36211974E+02  0.35990241E+02  0.35767843E+02
  0.35544849E+02  0.35321316E+02  0.35097322E+02  0.34872951E+02  0.34648281E+02
  0.34423363E+02  0.34198240E+02  0.33972969E+02  0.33747620E+02  0.33522252E+02
  0.33296923E+02  0.33071689E+02  0.32846597E+02  0.32621681E+02  0.32396983E+02
  0.32172550E+02  0.31948419E+02  0.31724619E+02  0.31501194E+02  0.31278184E+02
  0.31055618E+02  0.30833516E+02  0.30611905E+02  0.30390801E+02
  0.10000000E+01  0.29390586E+01  0.47937162E+01  0.65512961E+01  0.82419099E+01
  0.98574560E+01  0.11426320E+02  0.12933382E+02  0.14405254E+02  0.15826918E+02
  0.17218144E+02  0.18564880E+02  0.19880126E+02  0.21153254E+02  0.22392628E+02
  0.23591113E+02  0.24754113E+02  0.25877298E+02  0.26964486E+02  0.28013278E+02
  0.29026506E+02  0.30002649E+02  0.30943888E+02  0.31849110E+02  0.32720270E+02
  0.33556715E+02  0.34360412E+02  0.35130860E+02  0.35869664E+02  0.36576337E+02
  0.37252329E+02  0.37897464E+02  0.38513176E+02  0.39099449E+02  0.39657508E+02
  0.40187375E+02  0.40690177E+02  0.41166072E+02  0.41616127E+02  0.42040621E+02
  0.42440572E+02  0.42816342E+02  0.43168835E+02  0.43498473E+02  0.43806099E+02
  0.44092182E+02  0.44357509E+02  0.44602626E+02  0.44828265E+02  0.45035000E+02
  0.45223515E+02  0.45394374E+02  0.45548184E+02  0.45685468E+02  0.45806789E+02
  0.45912656E+02  0.46003595E+02  0.46080121E+02  0.46142770E+02  0.46192053E+02
  0.46228483E+02  0.46252599E+02  0.46264924E+02  0.46265967E+02  0.46256181E+02
  0.46236016E+02  0.46205895E+02  0.46166256E+02  0.46117504E+02  0.46060045E+02
  0.45994249E+02  0.45920500E+02  0.45839158E+02  0.45750572E+02  0.45655083E+02
  0.45553035E+02  0.45444759E+02  0.45330562E+02  0.45210726E+02  0.45085491E+02
  0.44955097E+02  0.44819779E+02  0.44679791E+02  0.44535380E+02  0.44386783E+02
  0.44234200E+02  0.44077804E+02  0.43917789E+02  0.43754355E+02  0.43587687E+02
  0.43417939E+02  0.43245268E+02  0.43069825E+02  0.42891762E+02  0.42711205E+02
  0.42528273E+02  0.42343074E+02  0.42155717E+02  0.41966313E+02  0.41774968E+02
  0.41581792E+02  0.41386893E+02  0.41190387E+02  0.40992362E+02  0.40792906E+02
  0.40592095E+02  0.40390011E+02  0.40186730E+02  0.39982344E+02  0.39776940E+02
  0.39570590E+02  0.39363347E+02  0.39155285E+02  0.38946485E+02  0.38737021E+02
  0.38526959E+02  0.38316355E+02  0.38105264E+02  0.37893732E+02  0.37681814E+02
  0.37469568E+02  0.37257038E+02  0.37044268E+02  0.36831298E+02  0.36618176E+02
  0.36404930E+02  0.36191590E+02  0.35978176E+02  0.35764713E+02
  0.10000000E+01  0.29405188E+01  0.47995412E+01  0.65644174E+01  0.82650766E+01
  0.98930222E+01  0.11476669E+02  0.13000453E+02  0.14491111E+02  0.15933088E+02
  0.17346538E+02  0.18716930E+02  0.20057790E+02  0.21357979E+02  0.22626390E+02
  0.23855367E+02  0.25050820E+02  0.26207927E+02  0.27330975E+02  0.28417118E+02
  0.29469623E+02  0.30486554E+02  0.31470482E+02  0.32419900E+02  0.33337129E+02
  0.34221146E+02  0.35074271E+02  0.35895645E+02  0.36687181E+02  0.37448031E+02
  0.38179923E+02  0.38882340E+02  0.39556970E+02  0.40203473E+02  0.40823284E+02
  0.41416125E+02  0.41983286E+02  0.42524656E+02  0.43041436E+02  0.43533680E+02
  0.44002501E+02  0.44448059E+02  0.44871318E+02  0.45272538E+02  0.45652587E+02
  0.46011787E+02  0.46350930E+02  0.46670438E+02  0.46971026E+02  0.47253149E+02
  0.47517461E+02  0.47764440E+02  0.47994661E+02  0.48208554E+02  0.48406627E+02
  0.48589308E+02  0.48757073E+02  0.48910359E+02  0.49049653E+02  0.49175404E+02
  0.49288076E+02  0.49388144E+02  0.49476077E+02  0.49552334E+02  0.49617312E+02
  0.49671406E+02  0.49714997E+02  0.49748485E+02  0.49772239E+02  0.49786626E+02
  0.49791980E+02  0.49788654E+02  0.49776974E+02  0.49757252E+02  0.49729804E+02
  0.49694958E+02  0.49653033E+02  0.49604320E+02  0.49549084E+02  0.49487550E+02
  0.49419936E+02  0.49346456E+02  0.49267347E+02  0.49182850E+02  0.49093195E+02
  0.48998578E+02  0.48899188E+02  0.48795224E+02  0.48686885E+02  0.48574340E+02
  0.48457751E+02  0.48337282E+02  0.48213105E+02  0.48085370E+02  0.47954218E+02
  0.47819772E+02  0.47682153E+02  0.47541466E+02  0.47397822E+02  0.47251336E+02
  0.47102123E+02  0.46950294E+02  0.46795968E+02  0.46639251E+02  0.46480241E+02
  0.46319027E+02  0.46155690E+02  0.45990321E+02  0.45823021E+02  0.45653894E+02
  0.45483028E+02  0.45310492E+02  0.45136360E+02  0.44960716E+02  0.44783642E+02
  0.44605210E+02  0.44425488E+02  0.44244534E+02  0.44062404E+02  0.43879160E+02
  0.43694862E+02  0.43509562E+02  0.43323314E+02  0.43136178E+02  0.42948202E+02
  0.42759422E+02  0.42569875E+02  0.42379605E+02  0.42188642E+02
  0.10000000E+01  0.29433525E+01  0.48104681E+01  0.65885291E+01  0.83068752E+01
  0.99560983E+01  0.11564489E+02  0.13115756E+02  0.14636820E+02  0.16111433E+02
  0.17560210E+02  0.18967939E+02  0.20348667E+02  0.21690527E+02  0.23002927E+02
  0.24277529E+02  0.25520732E+02  0.26727095E+02  0.27901350E+02  0.29040081E+02
  0.30146953E+02  0.31219531E+02  0.32260765E+02  0.33268700E+02  0.34245977E+02
  0.35191107E+02  0.36106648E+02  0.36991306E+02  0.37847253E+02  0.38673276E+02
  0.39471332E+02  0.40240538E+02  0.40982763E+02  0.41697335E+02  0.42385852E+02
  0.43047756E+02  0.43684476E+02  0.44295652E+02  0.44882583E+02  0.45445107E+02
  0.45984404E+02  0.46500460E+02  0.46994281E+02  0.47465979E+02  0.47916444E+02
  0.48345889E+02  0.48755107E+02  0.49144415E+02  0.49514522E+02  0.49865792E+02
  0.50198856E+02  0.50514105E+02  0.50812090E+02  0.51093196E+02  0.51357914E+02
  0.51606632E+02  0.51839807E+02  0.52057855E+02  0.52261230E+02  0.52450350E+02
  0.52625639E+02  0.52787548E+02  0.52936506E+02  0.53072950E+02  0.53197259E+02
  0.53309827E+02  0.53411015E+02  0.53501207E+02  0.53580745E+02  0.53649987E+02
  0.53709255E+02  0.53758890E+02  0.53799210E+02  0.53830530E+02  0.53853164E+02
  0.53867432E+02  0.53873648E+02  0.53872095E+02  0.53863036E+02  0.53846704E+02
  0.53823336E+02  0.53793158E+02  0.53756414E+02  0.53713337E+02  0.53664159E+02
  0.53609081E+02  0.53548294E+02  0.53481995E+02  0.53410398E+02  0.53333688E+02
  0.53252040E+02  0.53165620E+02  0.53074604E+02  0.52979149E+02  0.52879410E+02
  0.52775523E+02  0.52667625E+02  0.52555838E+02  0.52440288E+02  0.52321096E+02
  0.52198395E+02  0.52072310E+02  0.51942964E+02  0.51810467E+02  0.51674932E+02
  0.51536465E+02  0.51395163E+02  0.51251120E+02  0.51104444E+02  0.50955246E+02
  0.50803616E+02  0.50649630E+02  0.50493383E+02  0.50334982E+02  0.50174513E+02
  0.50012056E+02  0.49847687E+02  0.49681483E+02  0.49513503E+02  0.49343821E+02
  0.49172510E+02  0.48999638E+02  0.48825260E+02  0.48649434E+02  0.48472217E+02
  0.48293665E+02  0.48113826E+02  0.47932737E+02  0.47750440E+02
  0.10000000E+01  0.29441499E+01  0.48138963E+01  0.65964473E+01  0.83212462E+01
  0.99786663E+01  0.11597195E+02  0.13160150E+02  0.14694611E+02  0.16183837E+02
  0.17648830E+02  0.19074025E+02  0.20473956E+02  0.21836427E+02  0.23171287E+02
  0.24469905E+02  0.25739049E+02  0.26973020E+02  0.28176846E+02  0.29346923E+02
  0.30487148E+02  0.31594894E+02  0.32673278E+02  0.33720146E+02  0.34738314E+02
  0.35726129E+02  0.36686368E+02  0.37617529E+02  0.38521967E+02  0.39398175E+02
  0.40248302E+02  0.41071170E+02  0.41868852E+02  0.42640369E+02  0.43387505E+02
  0.44109389E+02  0.44807611E+02  0.45481515E+02  0.46132541E+02  0.46760263E+02
  0.47365962E+02  0.47949391E+02  0.48511625E+02  0.49052582E+02  0.49573183E+02
  0.50073466E+02  0.50554226E+02  0.51015648E+02  0.51458415E+02  0.51882779E+02
  0.52289340E+02  0.52678414E+02  0.53050512E+02  0.53405933E+02  0.53745113E+02
  0.54068371E+02  0.54376110E+02  0.54668671E+02  0.54946451E+02  0.55209819E+02
  0.55459160E+02  0.55694872E+02  0.55917333E+02  0.56126937E+02  0.56324024E+02
  0.56508951E+02  0.56682040E+02  0.56843642E+02  0.56994065E+02  0.57133634E+02
  0.57262642E+02  0.57381400E+02  0.57490208E+02  0.57589363E+02  0.57679171E+02
  0.57759943E+02  0.57831981E+02  0.57895543E+02  0.57950872E+02  0.57998183E+02
  0.58037709E+02  0.58069660E+02  0.58094273E+02  0.58111775E+02  0.58122413E+02
  0.58126384E+02  0.58123886E+02  0.58115105E+02  0.58100257E+02  0.58079525E+02
  0.58053093E+02  0.58021135E+02  0.57983840E+02  0.57941366E+02  0.57893873E+02
  0.57841492E+02  0.57784372E+02  0.57722633E+02  0.57656407E+02  0.57585811E+02
  0.57510984E+02  0.57432051E+02  0.57349143E+02  0.57262370E+02  0.57171855E+02
  0.57077707E+02  0.56980033E+02  0.56878926E+02  0.56774504E+02  0.56666876E+02
  0.56556153E+02  0.56442413E+02  0.56325753E+02  0.56206275E+02  0.56084087E+02
  0.55959278E+02  0.55831937E+02  0.55702135E+02  0.55569942E+02  0.55435431E+02
  0.55298678E+02  0.55159744E+02  0.55018695E+02  0.54875610E+02  0.54730553E+02
  0.54583573E+02  0.54434708E+02  0.54284009E+02  0.54131521E+02
  0.10000000E+01  0.29438942E+01  0.48133530E+01  0.65954477E+01  0.83202004E+01
  0.99776546E+01  0.11596919E+02  0.13160751E+02  0.14696776E+02  0.16187622E+02
  0.17654862E+02  0.19082452E+02  0.20485477E+02  0.21851388E+02  0.23190470E+02
  0.24493828E+02  0.25768544E+02  0.27008728E+02  0.28219632E+02  0.29397545E+02
  0.30546526E+02  0.31663864E+02  0.32752781E+02  0.33811045E+02  0.34841580E+02
  0.35842683E+02  0.36817289E+02  0.37763819E+02  0.38684762E+02  0.39578462E+02
  0.40447224E+02  0.41289722E+02  0.42108206E+02  0.42901516E+02  0.43671586E+02
  0.44417361E+02  0.45140569E+02  0.45840388E+02  0.46518374E+02  0.47173960E+02
  0.47808528E+02  0.48421712E+02  0.49014650E+02  0.49587153E+02  0.50140185E+02
  0.50673700E+02  0.51188518E+02  0.51684754E+02  0.52163113E+02  0.52623795E+02
  0.53067402E+02  0.53494191E+02  0.53904658E+02  0.54299045E+02  0.54677770E+02
  0.55041092E+02  0.55389394E+02  0.55722969E+02  0.56042197E+02  0.56347402E+02
  0.56638949E+02  0.56917189E+02  0.57182485E+02  0.57435194E+02  0.57675630E+02
  0.57904114E+02  0.58120940E+02  0.58326434E+02  0.58520878E+02  0.58704570E+02
  0.58877771E+02  0.59040773E+02  0.59193847E+02  0.59337270E+02  0.59471311E+02
  0.59596258E+02  0.59712387E+02  0.59819935E+02  0.59919131E+02  0.60010177E+02
  0.60093289E+02  0.60168659E+02  0.60236515E+02  0.60297064E+02  0.60350542E+02
  0.60397126E+02  0.60437013E+02  0.60470368E+02  0.60497409E+02  0.60518296E+02
  0.60533222E+02  0.60542334E+02  0.60545825E+02  0.60543835E+02  0.60536527E+02
  0.60524016E+02  0.60506449E+02  0.60483935E+02  0.60456607E+02  0.60424569E+02
  0.60387957E+02  0.60346892E+02  0.60301504E+02  0.60251905E+02  0.60198212E+02
  0.60140541E+02  0.60079005E+02  0.60013703E+02  0.59944745E+02  0.59872240E+02
  0.59796289E+02  0.59716972E+02  0.59634376E+02  0.59548601E+02  0.59459757E+02
  0.59367932E+02  0.59273209E+02  0.59175654E+02  0.59075347E+02  0.58972364E+02
  0.58866785E+02  0.58758661E+02  0.58648070E+02  0.58535090E+02  0.58419799E+02
  0.58302244E+02  0.58182481E+02  0.58060549E+02  0.57936496E+02
  0.10000000E+01  0.29462224E+01  0.48225925E+01  0.66157949E+01  0.83557829E+01
  0.10031356E+02  0.11672041E+02  0.13259430E+02  0.14821814E+02  0.16340743E+02
  0.17838596E+02  0.19298396E+02  0.20735966E+02  0.22137928E+02  0.23515169E+02
  0.24858119E+02  0.26174336E+02  0.27457398E+02  0.28712918E+02  0.29936743E+02
  0.31133221E+02  0.32299284E+02  0.33438410E+02  0.34548047E+02  0.35631340E+02
  0.36686243E+02  0.37715868E+02  0.38718292E+02  0.39696219E+02  0.40647684E+02
  0.41575197E+02  0.42477100E+02  0.43355831E+02  0.44209928E+02  0.45041515E+02
  0.45849267E+02  0.46635069E+02  0.47397857E+02  0.48139311E+02  0.48858653E+02
  0.49557353E+02  0.50234873E+02  0.50892424E+02  0.51529670E+02  0.52147620E+02
  0.52746111E+02  0.53325988E+02  0.53887255E+02  0.54430624E+02  0.54956201E+02
  0.55464594E+02  0.55955988E+02  0.56430889E+02  0.56889487E+02  0.57332204E+02
  0.57759253E+02  0.58171014E+02  0.58567739E+02  0.58949799E+02  0.59317487E+02
  0.59671148E+02  0.60011105E+02  0.60337689E+02  0.60651235E+02  0.60952030E+02
  0.61240385E+02  0.61516571E+02  0.61780905E+02  0.62033640E+02  0.62275070E+02
  0.62505430E+02  0.62725002E+02  0.62934044E+02  0.63132831E+02  0.63321631E+02
  0.63500721E+02  0.63670371E+02  0.63830807E+02  0.63982246E+02  0.64124876E+02
  0.64258917E+02  0.64384548E+02  0.64501994E+02  0.64611451E+02  0.64713159E+02
  0.64807287E+02  0.64894028E+02  0.64973538E+02  0.65046032E+02  0.65111672E+02
  0.65170652E+02  0.65223121E+02  0.65269280E+02  0.65309281E+02  0.65343294E+02
  0.65371432E+02  0.65393842E+02  0.65410635E+02  0.65421949E+02  0.65427891E+02
  0.65428602E+02  0.65424209E+02  0.65414853E+02  0.65400643E+02  0.65381703E+02
  0.65358139E+02  0.65330061E+02  0.65297566E+02  0.65260780E+02  0.65219818E+02
  0.65174799E+02  0.65125808E+02  0.65072951E+02  0.65016335E+02  0.64956067E+02
  0.64892232E+02  0.64824928E+02  0.64754231E+02  0.64680227E+02  0.64602997E+02
  0.64522629E+02  0.64439189E+02  0.64352756E+02  0.64263401E+02  0.64171205E+02
  0.64076221E+02  0.63978516E+02  0.63878135E+02  0.63775132E+02
  0.10000000E+01  0.29436562E+01  0.48136633E+01  0.65964332E+01  0.83236664E+01
  0.99839176E+01  0.11608226E+02  0.13177367E+02  0.14720763E+02  0.16219066E+02
  0.17695531E+02  0.19132651E+02  0.20546952E+02  0.21924883E+02  0.23277758E+02
  0.24596033E+02  0.25887434E+02  0.27145694E+02  0.28376430E+02  0.29575791E+02
  0.30748027E+02  0.31890375E+02  0.33006136E+02  0.34093027E+02  0.35154091E+02
  0.36187588E+02  0.37196693E+02  0.38179674E+02  0.39139304E+02  0.40073612E+02
  0.40985256E+02  0.41872536E+02  0.42738138E+02  0.43580485E+02  0.44401929E+02
  0.45200971E+02  0.45979722E+02  0.46736955E+02  0.47474574E+02  0.48191651E+02
  0.48889862E+02  0.49568532E+02  0.50229034E+02  0.50870915E+02  0.51495305E+02
  0.52101948E+02  0.52691782E+02  0.53264746E+02  0.53821614E+02  0.54362459E+02
  0.54887926E+02  0.55398163E+02  0.55893673E+02  0.56374601E+02  0.56841356E+02
  0.57294098E+02  0.57733179E+02  0.58158798E+02  0.58571310E+02  0.58970962E+02
  0.59358087E+02  0.59732967E+02  0.60095928E+02  0.60447267E+02  0.60787246E+02
  0.61116118E+02  0.61434119E+02  0.61741522E+02  0.62038547E+02  0.62325437E+02
  0.62602395E+02  0.62869658E+02  0.63127437E+02  0.63375959E+02  0.63615451E+02
  0.63846146E+02  0.64068281E+02  0.64282050E+02  0.64487642E+02  0.64685197E+02
  0.64874891E+02  0.65056851E+02  0.65231273E+02  0.65398304E+02  0.65558158E+02
  0.65710954E+02  0.65856886E+02  0.65996070E+02  0.66128716E+02  0.66254933E+02
  0.66374913E+02  0.66488759E+02  0.66596659E+02  0.66698710E+02  0.66795073E+02
  0.66885829E+02  0.66971120E+02  0.67051013E+02  0.67125633E+02  0.67195057E+02
  0.67259414E+02  0.67318797E+02  0.67373329E+02  0.67423089E+02  0.67468188E+02
  0.67508714E+02  0.67544775E+02  0.67576453E+02  0.67603855E+02  0.67627075E+02
  0.67646218E+02  0.67661350E+02  0.67672573E+02  0.67679978E+02  0.67683677E+02
  0.67683738E+02  0.67680250E+02  0.67673260E+02  0.67662846E+02  0.67649061E+02
  0.67631990E+02  0.67611677E+02  0.67588218E+02  0.67561684E+02  0.67532161E+02
  0.67499686E+02  0.67464320E+02  0.67426096E+02  0.67385053E+02
   128
  0.10000000E+01  0.25497863E+01  0.35001900E+01  0.38413946E+01  0.37698854E+01
  0.34401194E+01  0.29845832E+01  0.24875987E+01  0.20004251E+01  0.15515015E+01
  0.11596624E+01  0.83304529E+00  0.57439586E+00  0.37971688E+00  0.24168036E+00
  0.14879147E+00  0.89360382E-01  0.53313774E-01  0.33279434E-01  0.23292648E-01
  0.18656388E-01  0.15942385E-01  0.13346927E-01  0.10352298E-01  0.71036763E-02
  0.39437379E-02  0.12404331E-02 -0.71897809E-03 -0.18424626E-02 -0.22438038E-02
 -0.20951764E-02 -0.15306708E-02 -0.68145577E-03  0.00000000E+00  0.00000000E+00
  0.00000000E+00  0.00000000E+00  0.00000000E+00  0.00000000E+00  0.00000000E+00
  0.00000000E+00  0.00000000E+00  0.00000000E+00  0.00000000E+00  0.00000000E+00
  0.00000000E+00  0.00000000E+00  0.00000000E+00  0.00000000E+00  0.00000000E+00
  0.00000000E+00  0.00000000E+00  0.00000000E+00  0.00000000E+00  0.00000000E+00
  0.00000000E+00  0.00000000E+00  0.00000000E+00  0.00000000E+00  0.00000000E+00
  0.00000000E+00  0.00000000E+00  0.00000000E+00  0.00000000E+00  0.00000000E+00
  0.00000000E+00  0.00000000E+00  0.00000000E+00  0.00000000E+00  0.00000000E+00
  0.00000000E+00  0.00000000E+00  0.00000000E+00  0.00000000E+00  0.00000000E+00
  0.00000000E+00  0.00000000E+00  0.00000000E+00  0.00000000E+00  0.00000000E+00
  0.00000000E+00  0.00000000E+00  0.00000000E+00  0.00000000E+00  0.00000000E+00
  0.00000000E+00  0.00000000E+00  0.00000000E+00  0.00000000E+00  0.00000000E+00
  0.00000000E+00  0.00000000E+00  0.00000000E+00  0.00000000E+00  0.00000000E+00
  0.00000000E+00  0.00000000E+00  0.00000000E+00  0.00000000E+00  0.00000000E+00
  0.00000000E+00  0.00000000E+00  0.00000000E+00  0.00000000E+00  0.00000000E+00
  0.00000000E+00  0.00000000E+00  0.00000000E+00  0.00000000E+00  0.00000000E+00
  0.00000000E+00  0.00000000E+00  0.00000000E+00  0.00000000E+00  0.00000000E+00
  0.00000000E+00  0.00000000E+00  0.00000000E+00  0.00000000E+00  0.00000000E+00
  0.00000000E+00  0.00000000E+00  0.00000000E+00  0.00000000E+00  0.00000000E+00
  0.00000000E+00  0.00000000E+00  0.00000000E+00  0.00000000E+00
  0.10000000E+01  0.26724959E+01  0.39162171E+01  0.46840314E+01  0.50754297E+01
  0.51698278E+01  0.50455260E+01  0.47593095E+01  0.43560846E+01  0.38740095E+01
  0.33529319E+01  0.28266274E+01  0.23264759E+01  0.18730144E+01  0.14794315E+01
  0.11479357E+01  0.87655987E+00  0.66017338E+00  0.49367746E+00  0.36909399E+00
  0.27748044E+00  0.20953904E+00  0.15791076E+00  0.11768300E+00  0.85976983E-01
  0.61109557E-01  0.41981145E-01  0.27707034E-01  0.17474230E-01  0.10516968E-01
  0.61075096E-02  0.36041681E-02  0.24143009E-02  0.20034697E-02  0.19315181E-02
  0.18875039E-02  0.17428725E-02  0.14756480E-02  0.11254304E-02  0.74765814E-03
  0.39092722E-03  0.10801831E-03 -0.58011346E-04  0.00000000E+00  0.00000000E+00
  0.00000000E+00  0.00000000E+00  0.00000000E+00  0.00000000E+00  0.00000000E+00
  0.00000000E+00  0.00000000E+00  0.00000000E+00  0.00000000E+00  0.00000000E+00
  0.00000000E+00  0.00000000E+00  0.00000000E+00  0.00000000E+00  0.00000000E+00
  0.00000000E+00  0.00000000E+00  0.00000000E+00  0.00000000E+00  0.00000000E+00
  0.00000000E+00  0.00000000E+00  0.00000000E+00  0.00000000E+00  0.00000000E+00
  0.00000000E+00  0.00000000E+00  0.00000000E+00  0.00000000E+00  0.00000000E+00
  0.00000000E+00  0.00000000E+00  0.00000000E+00  0.00000000E+00  0.00000000E+00
  0.00000000E+00  0.00000000E+00  0.00000000E+00  0.00000000E+00  0.00000000E+00
  0.00000000E+00  0.00000000E+00  0.00000000E+00  0.00000000E+00  0.00000000E+00
  0.00000000E+00  0.00000000E+00  0.00000000E+00  0.00000000E+00  0.00000000E+00
  0.00000000E+00  0.00000000E+00  0.00000000E+00  0.00000000E+00  0.00000000E+00
  0.00000000E+00  0.00000000E+00  0.00000000E+00  0.00000000E+00  0.00000000E+00
  0.00000000E+00  0.00000000E+00  0.00000000E+00  0.00000000E+00  0.00000000E+00
  0.00000000E+00  0.00000000E+00  0.00000000E+00  0.00000000E+00  0.00000000E+00
  0.00000000E+00  0.00000000E+00  0.00000000E+00  0.00000000E+00  0.00000000E+00
  0.00000000E+00  0.00000000E+00  0.00000000E+00  0.00000000E+00  0.00000000E+00
  0.00000000E+00  0.00000000E+00  0.00000000E+00  0.00000000E+00
  0.10000000E+01  0.27200398E+01  0.40910721E+01  0.50730981E+01  0.57390680E+01
  0.61361466E+01  0.63132811E+01  0.63032692E+01  0.61348134E+01  0.58343944E+01
  0.54346723E+01  0.49673360E+01  0.44667895E+01  0.39602999E+01  0.34706233E+01
  0.30112025E+01  0.25916964E+01  0.22170476E+01  0.18907733E+01  0.16110491E+01
  0.13732403E+01  0.11703446E+01  0.99596249E+00  0.84516736E+00  0.71466532E+00
  0.60216175E+00  0.50572421E+00  0.42361263E+00  0.35410635E+00  0.29556843E+00
  0.24647663E+00  0.20541865E+00  0.17110796E+00  0.14240110E+00  0.11829225E+00
  0.97980806E-01  0.80853286E-01  0.66438559E-01  0.54341472E-01  0.44241655E-01
  0.35858025E-01  0.28981437E-01  0.23391716E-01  0.18914214E-01  0.15369141E-01
  0.12576380E-01  0.10398738E-01  0.86894782E-02  0.73383138E-02  0.62383529E-02
  0.53311517E-02  0.45837162E-02  0.39555063E-02  0.34165592E-02  0.29344045E-02
  0.24998780E-02  0.21040122E-02  0.17408880E-02  0.14092844E-02  0.11012027E-02
  0.81791898E-03  0.58083453E-03  0.40703949E-03  0.27477485E-03  0.17365677E-03
  0.89542970E-04 -0.41887812E-05  0.00000000E+00  0.00000000E+00  0.00000000E+00
  0.00000000E+00  0.00000000E+00  0.00000000E+00  0.00000000E+00  0.00000000E+00
  0.00000000E+00  0.00000000E+00  0.00000000E+00  0.00000000E+00  0.00000000E+00
  0.00000000E+00  0.00000000E+00  0.00000000E+00  0.00000000E+00  0.00000000E+00
  0.00000000E+00  0.00000000E+00  0.00000000E+00  0.00000000E+00  0.00000000E+00
  0.00000000E+00  0.00000000E+00  0.00000000E+00  0.00000000E+00  0.00000000E+00
  0.00000000E+00  0.00000000E+00  0.00000000E+00  0.00000000E+00  0.00000000E+00
  0.00000000E+00  0.00000000E+00  0.00000000E+00  0.00000000E+00  0.00000000E+00
  0.00000000E+00  0.00000000E+00  0.00000000E+00  0.00000000E+00  0.00000000E+00
  0.00000000E+00  0.00000000E+00  0.00000000E+00  0.00000000E+00  0.00000000E+00
  0.00000000E+00  0.00000000E+00  0.00000000E+00  0.00000000E+00  0.00000000E+00
  0.00000000E+00  0.00000000E+00  0.00000000E+00  0.00000000E+00  0.00000000E+00
  0.00000000E+00  0.00000000E+00  0.00000000E+00  0.00000000E+00
  0.10000000E+01  0.27502746E+01  0.42016546E+01  0.53256800E+01  0.61876244E+01
  0.68188143E+01  0.72546992E+01  0.75154220E+01  0.76203387E+01  0.75862170E+01
  0.74344947E+01  0.71864470E+01  0.68669409E+01  0.64972961E+01  0.60974479E+01
  0.56820967E+01  0.52641826E+01  0.48533562E+01  0.44583137E+01  0.40833801E+01
  0.37303322E+01  0.33984814E+01  0.30867768E+01  0.27944908E+01  0.25215106E+01
  0.22679502E+01  0.20337486E+01  0.18186355E+01  0.16219841E+01  0.14429996E+01
  0.12807777E+01  0.11343391E+01  0.10026182E+01  0.88448617E+00  0.77876246E+00
  0.68436129E+00  0.60025570E+00  0.52552987E+00  0.45928340E+00  0.40065349E+00
  0.34886236E+00  0.30317454E+00  0.26294408E+00  0.22755840E+00  0.19645530E+00
  0.16914876E+00  0.14520278E+00  0.12425174E+00  0.10597080E+00  0.90038469E-01
  0.76184644E-01  0.64196206E-01  0.53863789E-01  0.45013350E-01  0.37463958E-01
  0.31023844E-01  0.25535416E-01  0.20867097E-01  0.16942044E-01  0.13665944E-01
  0.10951525E-01  0.87401352E-02  0.69582883E-02  0.55565756E-02  0.44724515E-02
  0.36329950E-02  0.29647042E-02  0.24266672E-02  0.20020258E-02  0.16692609E-02
  0.14082373E-02  0.11969181E-02  0.10205208E-02  0.89168563E-03  0.79047263E-03
  0.70748687E-03  0.60776250E-03  0.50077272E-03  0.40207665E-03  0.31830832E-03
  0.27843470E-03  0.27462498E-03  0.28933462E-03  0.30701505E-03  0.30482926E-03
  0.28711067E-03  0.28795336E-03  0.29734852E-03  0.29705225E-03  0.28220040E-03
  0.22429129E-03  0.12956097E-03  0.26302512E-04 -0.67348846E-04  0.00000000E+00
  0.00000000E+00  0.00000000E+00  0.00000000E+00  0.00000000E+00  0.00000000E+00
  0.00000000E+00  0.00000000E+00  0.00000000E+00  0.00000000E+00  0.00000000E+00
  0.00000000E+00  0.00000000E+00  0.00000000E+00  0.00000000E+00  0.00000000E+00
  0.00000000E+00  0.00000000E+00  0.00000000E+00  0.00000000E+00  0.00000000E+00
  0.00000000E+00  0.00000000E+00  0.00000000E+00  0.00000000E+00  0.00000000E+00
  0.00000000E+00  0.00000000E+00  0.00000000E+00  0.00000000E+00  0.00000000E+00
  0.00000000E+00  0.00000000E+00  0.00000000E+00  0.00000000E+00
  0.10000000E+01  0.27758031E+01  0.42922893E+01  0.55270805E+01  0.65377580E+01
  0.73449580E+01  0.79758259E+01  0.84425599E+01  0.87598482E+01  0.89391948E+01
  0.89965831E+01  0.89474219E+01  0.88105617E+01  0.86025701E+01  0.83397605E+01
  0.80352159E+01  0.77012117E+01  0.73477905E+01  0.69844744E+01  0.66175408E+01
  0.62513325E+01  0.58881656E+01  0.55298536E+01  0.51781519E+01  0.48351402E+01
  0.45028192E+01  0.41828066E+01  0.38764366E+01  0.35844745E+01  0.33074404E+01
  0.30456439E+01  0.27991519E+01  0.25678319E+01  0.23514486E+01  0.21495465E+01
  0.19617682E+01  0.17876300E+01  0.16266010E+01  0.14782067E+01  0.13418705E+01
  0.12169194E+01  0.11026065E+01  0.99821881E+00  0.90289885E+00  0.81590606E+00
  0.73663745E+00  0.66442295E+00  0.59866205E+00  0.53886536E+00  0.48444550E+00
  0.43508135E+00  0.39031435E+00  0.34981645E+00  0.31314352E+00  0.27993472E+00
  0.24984258E+00  0.22259705E+00  0.19795233E+00  0.17569555E+00  0.15566404E+00
  0.13773410E+00  0.12181378E+00  0.10779282E+00  0.95520694E-01  0.84780104E-01
  0.75339093E-01  0.66976780E-01  0.59532651E-01  0.52895765E-01  0.46990539E-01
  0.41749463E-01  0.37106770E-01  0.32983029E-01  0.29290944E-01  0.25996553E-01
  0.23054604E-01  0.20454630E-01  0.18176452E-01  0.16199217E-01  0.14492840E-01
  0.13009415E-01  0.11697745E-01  0.10525755E-01  0.94694658E-02  0.84817382E-02
  0.75760719E-02  0.67610703E-02  0.60052397E-02  0.53064266E-02  0.46578339E-02
  0.40616228E-02  0.35194468E-02  0.30308657E-02  0.25894991E-02  0.21907126E-02
  0.18354523E-02  0.15185901E-02  0.12591773E-02  0.10718706E-02  0.93492936E-03
  0.83569421E-03  0.76226755E-03  0.70696608E-03  0.67761550E-03  0.65700046E-03
  0.61507234E-03  0.52570158E-03  0.39729554E-03  0.25405769E-03  0.12471451E-03
  0.24651026E-04 -0.37780803E-04  0.00000000E+00  0.00000000E+00  0.00000000E+00
  0.00000000E+00  0.00000000E+00  0.00000000E+00  0.00000000E+00  0.00000000E+00
  0.00000000E+00  0.00000000E+00  0.00000000E+00  0.00000000E+00  0.00000000E+00
  0.00000000E+00  0.00000000E+00  0.00000000E+00  0.00000000E+00
  0.10000000E+01  0.27936792E+01  0.43543767E+01  0.56637694E+01  0.67743660E+01
  0.77020912E+01  0.84699480E+01  0.90863829E+01  0.95639081E+01  0.99110996E+01
  0.10140971E+02  0.10265364E+02  0.10299317E+02  0.10256014E+02  0.10148620E+02
  0.99878804E+01  0.97839209E+01  0.95453147E+01  0.92803184E+01  0.89949634E+01
  0.86938674E+01  0.83801950E+01  0.80568058E+01  0.77263503E+01  0.73918045E+01
  0.70560696E+01  0.67215243E+01  0.63904737E+01  0.60645542E+01  0.57452278E+01
  0.54338093E+01  0.51312380E+01  0.48383179E+01  0.45557007E+01  0.42836856E+01
  0.40228069E+01  0.37732794E+01  0.35352235E+01  0.33089893E+01  0.30946477E+01
  0.28920522E+01  0.27009836E+01  0.25212711E+01  0.23523132E+01  0.21936843E+01
  0.20451477E+01  0.19061235E+01  0.17760931E+01  0.16547336E+01  0.15411986E+01
  0.14353459E+01  0.13365084E+01  0.12444095E+01  0.11584297E+01  0.10781676E+01
  0.10031649E+01  0.93310450E+00  0.86772652E+00  0.80679710E+00  0.75008415E+00
  0.69734309E+00  0.64837153E+00  0.60298035E+00  0.56092317E+00  0.52195968E+00
  0.48573184E+00  0.45195501E+00  0.42037207E+00  0.39087402E+00  0.36336251E+00
  0.33778786E+00  0.31406189E+00  0.29200704E+00  0.27147079E+00  0.25231301E+00
  0.23445704E+00  0.21785405E+00  0.20244976E+00  0.18812454E+00  0.17478723E+00
  0.16232905E+00  0.15068505E+00  0.13982931E+00  0.12973550E+00  0.12036079E+00
  0.11164549E+00  0.10355321E+00  0.96017798E-01  0.88981204E-01  0.82423660E-01
  0.76301408E-01  0.70583086E-01  0.65244402E-01  0.60281501E-01  0.55666447E-01
  0.51381575E-01  0.47421610E-01  0.43788572E-01  0.40464774E-01  0.37420695E-01
  0.34603353E-01  0.31991069E-01  0.29564894E-01  0.27301584E-01  0.25199199E-01
  0.23248135E-01  0.21422476E-01  0.19722441E-01  0.18158219E-01  0.16733003E-01
  0.15448787E-01  0.14276438E-01  0.13195839E-01  0.12181908E-01  0.11228054E-01
  0.10345875E-01  0.95031617E-02  0.86981717E-02  0.79359485E-02  0.72205061E-02
  0.65873836E-02  0.60237754E-02  0.55288096E-02  0.50962657E-02  0.47031699E-02
  0.43478368E-02  0.40365254E-02  0.37402165E-02  0.34464719E-02
  0.10000000E+01  0.28176307E+01  0.44375456E+01  0.58466641E+01  0.70899838E+01
  0.81776623E+01  0.91270088E+01  0.99419781E+01  0.10632298E+02  0.11203134E+02
  0.11664022E+02  0.12022633E+02  0.12289550E+02  0.12473917E+02  0.12585171E+02
  0.12631131E+02  0.12619174E+02  0.12555813E+02  0.12447449E+02  0.12299379E+02
  0.12116131E+02  0.11901463E+02  0.11659096E+02  0.11392381E+02  0.11105012E+02
  0.10800643E+02  0.10482293E+02  0.10153168E+02  0.98157745E+01  0.94725643E+01
  0.91259439E+01  0.87778505E+01  0.84301598E+01  0.80845936E+01  0.77424616E+01
  0.74054231E+01  0.70746551E+01  0.67511667E+01  0.64363476E+01  0.61311212E+01
  0.58360231E+01  0.55515479E+01  0.52782442E+01  0.50159363E+01  0.47646231E+01
  0.45246327E+01  0.42956719E+01  0.40774336E+01  0.38700000E+01  0.36723994E+01
  0.34848226E+01  0.33065386E+01  0.31374505E+01  0.29768616E+01  0.28243577E+01
  0.26793997E+01  0.25416516E+01  0.24108764E+01  0.22867769E+01  0.21690865E+01
  0.20575080E+01  0.19517774E+01  0.18516687E+01  0.17568618E+01  0.16670664E+01
  0.15818296E+01  0.15008108E+01  0.14236347E+01  0.13501376E+01  0.12802167E+01
  0.12138211E+01  0.11507777E+01  0.10908709E+01  0.10338778E+01  0.97960294E+00
  0.92798827E+00  0.87896253E+00  0.83247429E+00  0.78835651E+00  0.74646725E+00
  0.70665055E+00  0.66879905E+00  0.63283243E+00  0.59867821E+00  0.56627508E+00
  0.53552473E+00  0.50634724E+00  0.47867720E+00  0.45244096E+00  0.42757805E+00
  0.40400350E+00  0.38164730E+00  0.36046134E+00  0.34039019E+00  0.32140068E+00
  0.30343528E+00  0.28642109E+00  0.27029124E+00  0.25500636E+00  0.24054565E+00
  0.22686742E+00  0.21393980E+00  0.20173221E+00  0.19019498E+00  0.17929094E+00
  0.16899109E+00  0.15928287E+00  0.15011587E+00  0.14145314E+00  0.13326560E+00
  0.12551130E+00  0.11818586E+00  0.11126096E+00  0.10471698E+00  0.98540216E-01
  0.92733997E-01  0.87288754E-01  0.82194985E-01  0.77415942E-01  0.72922693E-01
  0.68689755E-01  0.64705679E-01  0.60963084E-01  0.57428052E-01  0.54090786E-01
  0.50912537E-01  0.47890591E-01  0.45036202E-01  0.42359193E-01
  0.10000000E+01  0.28355307E+01  0.44993027E+01  0.59823384E+01  0.73241486E+01
  0.85320062E+01  0.96197024E+01  0.10588674E+02  0.11447099E+02  0.12197834E+02
  0.12848402E+02  0.13403656E+02  0.13871448E+02  0.14258116E+02  0.14570548E+02
  0.14814196E+02  0.14994149E+02  0.15114928E+02  0.15181029E+02  0.15196535E+02
  0.15165116E+02  0.15090161E+02  0.14975219E+02  0.14823454E+02  0.14638428E+02
  0.14423733E+02  0.14182339E+02  0.13917621E+02  0.13632306E+02  0.13329207E+02
  0.13011194E+02  0.12680684E+02  0.12340130E+02  0.11991904E+02  0.11637935E+02
  0.11280634E+02  0.10921852E+02  0.10563262E+02  0.10207078E+02  0.98549283E+01
  0.95079567E+01  0.91673283E+01  0.88342701E+01  0.85091140E+01  0.81924205E+01
  0.78851208E+01  0.75873171E+01  0.72991257E+01  0.70210944E+01  0.67524038E+01
  0.64936599E+01  0.62442817E+01  0.60044438E+01  0.57735611E+01  0.55513977E+01
  0.53374989E+01  0.51316375E+01  0.49336770E+01  0.47433482E+01  0.45604156E+01
  0.43846275E+01  0.42157382E+01  0.40535252E+01  0.38976937E+01  0.37479419E+01
  0.36038231E+01  0.34650468E+01  0.33312389E+01  0.32022712E+01  0.30780268E+01
  0.29584661E+01  0.28434074E+01  0.27326230E+01  0.26258763E+01  0.25229887E+01
  0.24238869E+01  0.23284876E+01  0.22367191E+01  0.21484055E+01  0.20634228E+01
  0.19815738E+01  0.19027422E+01  0.18268296E+01  0.17537584E+01  0.16834694E+01
  0.16158833E+01  0.15508856E+01  0.14883839E+01  0.14282682E+01  0.13704654E+01
  0.13149145E+01  0.12615260E+01  0.12102327E+01  0.11609436E+01  0.11135832E+01
  0.10680808E+01  0.10243841E+01  0.98242804E+00  0.94214027E+00  0.90345055E+00
  0.86630607E+00  0.83065102E+00  0.79643808E+00  0.76363374E+00  0.73216721E+00
  0.70197871E+00  0.67300417E+00  0.64520219E+00  0.61854783E+00  0.59298315E+00
  0.56846849E+00  0.54493982E+00  0.52235198E+00  0.50068277E+00  0.47988302E+00
  0.45993584E+00  0.44079150E+00  0.42240251E+00  0.40474098E+00  0.38778414E+00
  0.37153198E+00  0.35596525E+00  0.34105819E+00  0.32678299E+00  0.31310894E+00
  0.30002163E+00  0.28747319E+00  0.27544333E+00  0.26392242E+00
  0.10000000E+01  0.28510610E+01  0.45527215E+01  0.60995455E+01  0.75263672E+01
  0.88385418E+01  0.10047192E+02  0.11151937E+02  0.12159924E+02  0.13072104E+02
  0.13894661E+02  0.14630186E+02  0.15284673E+02  0.15862249E+02  0.16367967E+02
  0.16805361E+02  0.17177725E+02  0.17487849E+02  0.17738549E+02  0.17932645E+02
  0.18072757E+02  0.18161548E+02  0.18201943E+02  0.18196533E+02  0.18148322E+02
  0.18060450E+02  0.17935489E+02  0.17776557E+02  0.17586236E+02  0.17367285E+02
  0.17122619E+02  0.16854770E+02  0.16566417E+02  0.16260232E+02  0.15938505E+02
  0.15604060E+02  0.15259171E+02  0.14905975E+02  0.14547235E+02  0.14185113E+02
  0.13821267E+02  0.13457434E+02  0.13095407E+02  0.12736038E+02  0.12380418E+02
  0.12030019E+02  0.11685407E+02  0.11347147E+02  0.11016245E+02  0.10692219E+02
  0.10376061E+02  0.10067493E+02  0.97670217E+01  0.94743209E+01  0.91894068E+01
  0.89120489E+01  0.86422308E+01  0.83799994E+01  0.81252374E+01  0.78778104E+01
  0.76375608E+01  0.74043335E+01  0.71779727E+01  0.69582452E+01  0.67449544E+01
  0.65377021E+01  0.63362837E+01  0.61403431E+01  0.59498050E+01  0.57646092E+01
  0.55847619E+01  0.54101256E+01  0.52404847E+01  0.50756149E+01  0.49153709E+01
  0.47597263E+01  0.46086320E+01  0.44620402E+01  0.43197544E+01  0.41816457E+01
  0.40475461E+01  0.39173435E+01  0.37909418E+01  0.36682767E+01  0.35492756E+01
  0.34338778E+01  0.33219942E+01  0.32135240E+01  0.31083618E+01  0.30064055E+01
  0.29075766E+01  0.28117932E+01  0.27189969E+01  0.26291195E+01  0.25420770E+01
  0.24577754E+01  0.23761158E+01  0.22970264E+01  0.22204453E+01  0.21463416E+01
  0.20746120E+01  0.20051868E+01  0.19380117E+01  0.18730129E+01  0.18101255E+01
  0.17492828E+01  0.16904337E+01  0.16334999E+01  0.15784178E+01  0.15251572E+01
  0.14736223E+01  0.14237566E+01  0.13755116E+01  0.13288210E+01  0.12836487E+01
  0.12399509E+01  0.11977018E+01  0.11568515E+01  0.11173404E+01  0.10791321E+01
  0.10421715E+01  0.10064459E+01  0.97194726E+00  0.93864856E+00  0.90649826E+00
  0.87543443E+00  0.84542223E+00  0.81642235E+00  0.78844010E+00
  0.10000000E+01  0.28629264E+01  0.45936605E+01  0.61895595E+01  0.76824171E+01
  0.90764264E+01  0.10381206E+02  0.11595080E+02  0.12724859E+02  0.13769976E+02
  0.14736063E+02  0.15623936E+02  0.16438613E+02  0.17182474E+02  0.17859519E+02
  0.18471944E+02  0.19022057E+02  0.19511554E+02  0.19942215E+02  0.20315894E+02
  0.20634319E+02  0.20899384E+02  0.21113207E+02  0.21277702E+02  0.21395092E+02
  0.21467799E+02  0.21497748E+02  0.21487432E+02  0.21438936E+02  0.21354573E+02
  0.21236839E+02  0.21087958E+02  0.20910344E+02  0.20706450E+02  0.20478494E+02
  0.20229181E+02  0.19960799E+02  0.19675548E+02  0.19376208E+02  0.19065046E+02
  0.18743917E+02  0.18414809E+02  0.18079752E+02  0.17740000E+02  0.17396993E+02
  0.17052474E+02  0.16707414E+02  0.16362782E+02  0.16019940E+02  0.15678937E+02
  0.15341087E+02  0.15006550E+02  0.14676140E+02  0.14349930E+02  0.14028251E+02
  0.13711218E+02  0.13399132E+02  0.13092291E+02  0.12790789E+02  0.12494715E+02
  0.12204096E+02  0.11918943E+02  0.11639261E+02  0.11364969E+02  0.11096025E+02
  0.10832212E+02  0.10573459E+02  0.10319531E+02  0.10070431E+02  0.98261863E+01
  0.95868894E+01  0.93524956E+01  0.91228670E+01  0.88978597E+01  0.86773811E+01
  0.84614787E+01  0.82501444E+01  0.80433687E+01  0.78410263E+01  0.76430225E+01
  0.74492513E+01  0.72596563E+01  0.70741624E+01  0.68927268E+01  0.67153061E+01
  0.65418767E+01  0.63723917E+01  0.62067661E+01  0.60449422E+01  0.58868504E+01
  0.57324213E+01  0.55815959E+01  0.54343295E+01  0.52905887E+01  0.51503183E+01
  0.50134523E+01  0.48798987E+01  0.47495746E+01  0.46224193E+01  0.44984160E+01
  0.43775020E+01  0.42596193E+01  0.41447052E+01  0.40326914E+01  0.39235299E+01
  0.38171535E+01  0.37135141E+01  0.36125351E+01  0.35141752E+01  0.34183762E+01
  0.33250708E+01  0.32341888E+01  0.31456569E+01  0.30594526E+01  0.29755148E+01
  0.28938144E+01  0.28143213E+01  0.27369685E+01  0.26616804E+01  0.25884134E+01
  0.25171379E+01  0.24478101E+01  0.23804108E+01  0.23148786E+01  0.22511356E+01
  0.21891345E+01  0.21288097E+01  0.20701361E+01  0.20131027E+01
  0.10000000E+01  0.28729869E+01  0.46286054E+01  0.62663897E+01  0.78158972E+01
  0.92800537E+01  0.10667469E+02  0.11975157E+02  0.13209876E+02  0.14369639E+02
  0.15459826E+02  0.16479686E+02  0.17433552E+02  0.18322266E+02  0.19149067E+02
  0.19915028E+02  0.20621790E+02  0.21270247E+02  0.21861472E+02  0.22396631E+02
  0.22876811E+02  0.23303339E+02  0.23677665E+02  0.24001171E+02  0.24275428E+02
  0.24502222E+02  0.24682956E+02  0.24819531E+02  0.24913564E+02  0.24966905E+02
  0.24981562E+02  0.24959394E+02  0.24902457E+02  0.24812879E+02  0.24692646E+02
  0.24544183E+02  0.24369615E+02  0.24171029E+02  0.23951018E+02  0.23711784E+02
  0.23455220E+02  0.23183363E+02  0.22898299E+02  0.22601501E+02  0.22294601E+02
  0.21979474E+02  0.21657396E+02  0.21329630E+02  0.20997745E+02  0.20662257E+02
  0.20324659E+02  0.19985539E+02  0.19645953E+02  0.19306380E+02  0.18967471E+02
  0.18629680E+02  0.18293549E+02  0.17959641E+02  0.17628297E+02  0.17299810E+02
  0.16974452E+02  0.16652433E+02  0.16333922E+02  0.16019008E+02  0.15707825E+02
  0.15400343E+02  0.15096661E+02  0.14796699E+02  0.14500552E+02  0.14208339E+02
  0.13920206E+02  0.13636199E+02  0.13356269E+02  0.13080335E+02  0.12808376E+02
  0.12540499E+02  0.12276748E+02  0.12017148E+02  0.11761644E+02  0.11510196E+02
  0.11262749E+02  0.11019302E+02  0.10779809E+02  0.10544266E+02  0.10312687E+02
  0.10085080E+02  0.98614358E+01  0.96417163E+01  0.94258840E+01  0.92138915E+01
  0.90057107E+01  0.88013246E+01  0.86007362E+01  0.84039234E+01  0.82108817E+01
  0.80215511E+01  0.78358661E+01  0.76537686E+01  0.74752360E+01  0.73002673E+01
  0.71288408E+01  0.69608885E+01  0.67963609E+01  0.66352266E+01  0.64774502E+01
  0.63229939E+01  0.61717976E+01  0.60238022E+01  0.58789823E+01  0.57372948E+01
  0.55986864E+01  0.54630844E+01  0.53304423E+01  0.52007241E+01  0.50738788E+01
  0.49499003E+01  0.48287495E+01  0.47103735E+01  0.45947111E+01  0.44816815E+01
  0.43712405E+01  0.42633706E+01  0.41580436E+01  0.40552361E+01  0.39548810E+01
  0.38569082E+01  0.37612573E+01  0.36678963E+01  0.35767794E+01
  0.10000000E+01  0.28782189E+01  0.46473360E+01  0.63077515E+01  0.78886251E+01
  0.93920385E+01  0.10826613E+02  0.12188446E+02  0.13484657E+02  0.14712385E+02
  0.15877290E+02  0.16977803E+02  0.18018230E+02  0.18998587E+02  0.19921890E+02
  0.20788699E+02  0.21600539E+02  0.22358048E+02  0.23062168E+02  0.23713840E+02
  0.24313891E+02  0.24863403E+02  0.25363458E+02  0.25815182E+02  0.26219765E+02
  0.26578626E+02  0.26892843E+02  0.27163925E+02  0.27393113E+02  0.27581868E+02
  0.27731759E+02  0.27844242E+02  0.27920948E+02  0.27963578E+02  0.27973744E+02
  0.27953379E+02  0.27904221E+02  0.27827992E+02  0.27726806E+02  0.27602480E+02
  0.27456684E+02  0.27291163E+02  0.27107710E+02  0.26907675E+02  0.26692542E+02
  0.26463985E+02  0.26223243E+02  0.25971564E+02  0.25710433E+02  0.25440560E+02
  0.25163369E+02  0.24879602E+02  0.24590357E+02  0.24296307E+02  0.23998269E+02
  0.23696891E+02  0.23392901E+02  0.23086998E+02  0.22779706E+02  0.22471527E+02
  0.22162918E+02  0.21854292E+02  0.21546003E+02  0.21238320E+02  0.20931525E+02
  0.20625792E+02  0.20321366E+02  0.20018356E+02  0.19716988E+02  0.19417466E+02
  0.19120025E+02  0.18824798E+02  0.18531848E+02  0.18241217E+02  0.17952985E+02
  0.17667307E+02  0.17384301E+02  0.17104038E+02  0.16826523E+02  0.16551781E+02
  0.16279841E+02  0.16010765E+02  0.15744559E+02  0.15481247E+02  0.15220864E+02
  0.14963447E+02  0.14709027E+02  0.14457618E+02  0.14209226E+02  0.13963834E+02
  0.13721445E+02  0.13482080E+02  0.13245741E+02  0.13012473E+02  0.12782303E+02
  0.12555215E+02  0.12331175E+02  0.12110150E+02  0.11892147E+02  0.11677204E+02
  0.11465338E+02  0.11256525E+02  0.11050767E+02  0.10848056E+02  0.10648353E+02
  0.10451653E+02  0.10257952E+02  0.10067237E+02  0.98794878E+01  0.96947176E+01
  0.95128729E+01  0.93339000E+01  0.91577786E+01  0.89844661E+01  0.88139952E+01
  0.86463652E+01  0.84815741E+01  0.83195856E+01  0.81603320E+01  0.80037893E+01
  0.78499119E+01  0.76987095E+01  0.75501888E+01  0.74043272E+01  0.72610678E+01
  0.71203324E+01  0.69821012E+01  0.68463508E+01  0.67130795E+01
  0.10000000E+01  0.28834078E+01  0.46658734E+01  0.63486848E+01  0.79604178E+01
  0.95023382E+01  0.10982853E+02  0.12397240E+02  0.13752771E+02  0.15045821E+02
  0.16282143E+02  0.17459432E+02  0.18581822E+02  0.19648596E+02  0.20662495E+02
  0.21623590E+02  0.22533222E+02  0.23391765E+02  0.24199967E+02  0.24958550E+02
  0.25668108E+02  0.26329529E+02  0.26943591E+02  0.27511221E+02  0.28033295E+02
  0.28510951E+02  0.28944995E+02  0.29336644E+02  0.29686867E+02  0.29996830E+02
  0.30267785E+02  0.30500907E+02  0.30697488E+02  0.30858903E+02  0.30986479E+02
  0.31081778E+02  0.31146263E+02  0.31181363E+02  0.31188829E+02  0.31170196E+02
  0.31126884E+02  0.31060384E+02  0.30972259E+02  0.30863725E+02  0.30736141E+02
  0.30590994E+02  0.30429460E+02  0.30252733E+02  0.30062194E+02  0.29858655E+02
  0.29643456E+02  0.29417448E+02  0.29181749E+02  0.28937142E+02  0.28684511E+02
  0.28424631E+02  0.28158334E+02  0.27886422E+02  0.27609576E+02  0.27328419E+02
  0.27043547E+02  0.26755502E+02  0.26464769E+02  0.26171767E+02  0.25876946E+02
  0.25580639E+02  0.25283226E+02  0.24984970E+02  0.24686205E+02  0.24387238E+02
  0.24088398E+02  0.23789946E+02  0.23492057E+02  0.23194870E+02  0.22898541E+02
  0.22603290E+02  0.22309281E+02  0.22016663E+02  0.21725514E+02  0.21435945E+02
  0.21148051E+02  0.20861902E+02  0.20577560E+02  0.20295076E+02  0.20014540E+02
  0.19736035E+02  0.19459616E+02  0.19185340E+02  0.18913217E+02  0.18643266E+02
  0.18375533E+02  0.18110053E+02  0.17846858E+02  0.17586020E+02  0.17327574E+02
  0.17071517E+02  0.16817848E+02  0.16566570E+02  0.16317743E+02  0.16071414E+02
  0.15827621E+02  0.15586349E+02  0.15347585E+02  0.15111368E+02  0.14877706E+02
  0.14646634E+02  0.14418170E+02  0.14192312E+02  0.13969043E+02  0.13748367E+02
  0.13530273E+02  0.13314735E+02  0.13101784E+02  0.12891450E+02  0.12683743E+02
  0.12478654E+02  0.12276201E+02  0.12076367E+02  0.11879130E+02  0.11684478E+02
  0.11492414E+02  0.11302965E+02  0.11116153E+02  0.10931948E+02  0.10750297E+02
  0.10571193E+02  0.10394586E+02  0.10220476E+02  0.10048886E+02
  0.10000000E+01  0.28858896E+01  0.46751571E+01  0.63693471E+01  0.79972491E+01
  0.95596686E+01  0.11065234E+02  0.12508735E+02  0.13897687E+02  0.15228071E+02
  0.16505872E+02  0.17728486E+02  0.18900157E+02  0.20019902E+02  0.21090453E+02
  0.22111724E+02  0.23085054E+02  0.24010787E+02  0.24889632E+02  0.25722298E+02
  0.26509265E+02  0.27251392E+02  0.27949290E+02  0.28603865E+02  0.29215806E+02
  0.29786174E+02  0.30315614E+02  0.30805217E+02  0.31255779E+02  0.31668315E+02
  0.32043855E+02  0.32383380E+02  0.32687969E+02  0.32958756E+02  0.33196856E+02
  0.33403552E+02  0.33580081E+02  0.33727596E+02  0.33847569E+02  0.33941230E+02
  0.34009781E+02  0.34054455E+02  0.34076582E+02  0.34077162E+02  0.34057364E+02
  0.34018420E+02  0.33961352E+02  0.33887142E+02  0.33797003E+02  0.33691626E+02
  0.33572212E+02  0.33439502E+02  0.33294489E+02  0.33137882E+02  0.32970471E+02
  0.32793010E+02  0.32606272E+02  0.32411040E+02  0.32207993E+02  0.31997758E+02
  0.31780944E+02  0.31558118E+02  0.31329797E+02  0.31096450E+02  0.30858567E+02
  0.30616567E+02  0.30370857E+02  0.30121783E+02  0.29869738E+02  0.29615097E+02
  0.29358235E+02  0.29099471E+02  0.28839052E+02  0.28577176E+02  0.28314071E+02
  0.28050025E+02  0.27785284E+02  0.27520048E+02  0.27254460E+02  0.26988680E+02
  0.26722847E+02  0.26457092E+02  0.26191540E+02  0.25926290E+02  0.25661481E+02
  0.25397218E+02  0.25133602E+02  0.24870715E+02  0.24608602E+02  0.24347325E+02
  0.24086961E+02  0.23827592E+02  0.23569279E+02  0.23312118E+02  0.23056190E+02
  0.22801523E+02  0.22548140E+02  0.22296076E+02  0.22045400E+02  0.21796181E+02
  0.21548481E+02  0.21302315E+02  0.21057722E+02  0.20814744E+02  0.20573387E+02
  0.20333694E+02  0.20095700E+02  0.19859406E+02  0.19624856E+02  0.19392075E+02
  0.19161070E+02  0.18931851E+02  0.18704422E+02  0.18478828E+02  0.18255105E+02
  0.18033275E+02  0.17813367E+02  0.17595388E+02  0.17379321E+02  0.17165176E+02
  0.16952955E+02  0.16742704E+02  0.16534464E+02  0.16328231E+02  0.16123988E+02
  0.15921709E+02  0.15721383E+02  0.15523028E+02  0.15326678E+02
  0.10000000E+01  0.28891105E+01  0.46869127E+01  0.63953670E+01  0.80431556E+01
  0.96304463E+01  0.11165895E+02  0.12643676E+02  0.14071479E+02  0.15444760E+02
  0.16769648E+02  0.18043107E+02  0.19269369E+02  0.20447067E+02  0.21578833E+02
  0.22664337E+02  0.23704836E+02  0.24700571E+02  0.25652144E+02  0.26560219E+02
  0.27425123E+02  0.28247688E+02  0.29028322E+02  0.29767896E+02  0.30466873E+02
  0.31126232E+02  0.31746440E+02  0.32328479E+02  0.32872963E+02  0.33380775E+02
  0.33852734E+02  0.34289662E+02  0.34692452E+02  0.35062041E+02  0.35399378E+02
  0.35705515E+02  0.35981512E+02  0.36228311E+02  0.36447154E+02  0.36639047E+02
  0.36805049E+02  0.36946173E+02  0.37063583E+02  0.37158115E+02  0.37230808E+02
  0.37282698E+02  0.37314700E+02  0.37327685E+02  0.37322727E+02  0.37300464E+02
  0.37261979E+02  0.37207968E+02  0.37139352E+02  0.37056815E+02  0.36961125E+02
  0.36853004E+02  0.36733217E+02  0.36602514E+02  0.36461583E+02  0.36311065E+02
  0.36151581E+02  0.35983740E+02  0.35808070E+02  0.35625100E+02  0.35435343E+02
  0.35239247E+02  0.35037291E+02  0.34829859E+02  0.34617405E+02  0.34400351E+02
  0.34179125E+02  0.33954085E+02  0.33725534E+02  0.33493770E+02  0.33259072E+02
  0.33021750E+02  0.32782106E+02  0.32540408E+02  0.32296827E+02  0.32051571E+02
  0.31804853E+02  0.31556838E+02  0.31307680E+02  0.31057514E+02  0.30806496E+02
  0.30554772E+02  0.30302457E+02  0.30049674E+02  0.29796530E+02  0.29543107E+02
  0.29289521E+02  0.29035863E+02  0.28782224E+02  0.28528716E+02  0.28275444E+02
  0.28022478E+02  0.27769869E+02  0.27517687E+02  0.27266013E+02  0.27014926E+02
  0.26764487E+02  0.26514766E+02  0.26265805E+02  0.26017658E+02  0.25770379E+02
  0.25524020E+02  0.25278621E+02  0.25034207E+02  0.24790845E+02  0.24548575E+02
  0.24307414E+02  0.24067380E+02  0.23828499E+02  0.23590829E+02  0.23354418E+02
  0.23119298E+02  0.22885527E+02  0.22653120E+02  0.22422090E+02  0.22192456E+02
  0.21964227E+02  0.21737472E+02  0.21512219E+02  0.21288481E+02  0.21066260E+02
  0.20845554E+02  0.20626360E+02  0.20408707E+02  0.20192642E+02
  0.10000000E+01  0.28909418E+01  0.46940182E+01  0.64112470E+01  0.80717371E+01
  0.96751149E+01  0.11230443E+02  0.12731308E+02  0.14185776E+02  0.15588840E+02
  0.16946943E+02  0.18256748E+02  0.19522660E+02  0.20743123E+02  0.21920783E+02
  0.23055246E+02  0.24147713E+02  0.25198472E+02  0.26208025E+02  0.27177114E+02
  0.28105897E+02  0.28995304E+02  0.29845515E+02  0.30657518E+02  0.31431546E+02
  0.32168646E+02  0.32869106E+02  0.33533928E+02  0.34163535E+02  0.34758798E+02
  0.35320354E+02  0.35848970E+02  0.36345391E+02  0.36810416E+02  0.37244868E+02
  0.37649626E+02  0.38025608E+02  0.38373574E+02  0.38694623E+02  0.38989549E+02
  0.39259306E+02  0.39504679E+02  0.39726707E+02  0.39926018E+02  0.40103556E+02
  0.40260128E+02  0.40396550E+02  0.40513501E+02  0.40611932E+02  0.40692340E+02
  0.40755668E+02  0.40802483E+02  0.40833593E+02  0.40849556E+02  0.40851053E+02
  0.40838673E+02  0.40813119E+02  0.40775052E+02  0.40725080E+02  0.40663801E+02
  0.40591761E+02  0.40509514E+02  0.40417546E+02  0.40316356E+02  0.40206438E+02
  0.40088252E+02  0.39962251E+02  0.39828827E+02  0.39688414E+02  0.39541450E+02
  0.39388349E+02  0.39229489E+02  0.39065218E+02  0.38895840E+02  0.38721661E+02
  0.38543028E+02  0.38360263E+02  0.38173637E+02  0.37983404E+02  0.37789782E+02
  0.37593001E+02  0.37393284E+02  0.37190821E+02  0.36985778E+02  0.36778362E+02
  0.36568742E+02  0.36357063E+02  0.36143483E+02  0.35928124E+02  0.35711120E+02
  0.35492594E+02  0.35272675E+02  0.35051496E+02  0.34829186E+02  0.34605863E+02
  0.34381626E+02  0.34156544E+02  0.33930695E+02  0.33704187E+02  0.33477100E+02
  0.33249517E+02  0.33021526E+02  0.32793193E+02  0.32564610E+02  0.32335845E+02
  0.32106947E+02  0.31877979E+02  0.31649014E+02  0.31420091E+02  0.31191257E+02
  0.30962575E+02  0.30734083E+02  0.30505823E+02  0.30277869E+02  0.30050264E+02
  0.29823034E+02  0.29596236E+02  0.29369922E+02  0.29144129E+02  0.28918870E+02
  0.28694187E+02  0.28470134E+02  0.28246732E+02  0.28024004E+02  0.27801978E+02
  0.27580688E+02  0.27360146E+02  0.27140420E+02  0.26921565E+02
  0.10000000E+01  0.28926752E+01  0.47005896E+01  0.64258466E+01  0.80977809E+01
  0.97154404E+01  0.11288189E+02  0.12809028E+02  0.14286349E+02  0.15714675E+02
  0.17100671E+02  0.18440680E+02  0.19739181E+02  0.20994399E+02  0.22208944E+02
  0.23382340E+02  0.24515686E+02  0.25609288E+02  0.26663500E+02  0.27679125E+02
  0.28656151E+02  0.29595596E+02  0.30497445E+02  0.31362768E+02  0.32191620E+02
  0.32985095E+02  0.33743319E+02  0.34467337E+02  0.35157442E+02  0.35814493E+02
  0.36438996E+02  0.37031686E+02  0.37593189E+02  0.38124265E+02  0.38625640E+02
  0.39098106E+02  0.39542522E+02  0.39959527E+02  0.40350155E+02  0.40715077E+02
  0.41055206E+02  0.41371207E+02  0.41664071E+02  0.41934309E+02  0.42182823E+02
  0.42410284E+02  0.42617490E+02  0.42805009E+02  0.42973743E+02  0.43124106E+02
  0.43256976E+02  0.43372835E+02  0.43472444E+02  0.43556301E+02  0.43625032E+02
  0.43679200E+02  0.43719439E+02  0.43746349E+02  0.43760496E+02  0.43762423E+02
  0.43752643E+02  0.43731673E+02  0.43699989E+02  0.43658053E+02  0.43606321E+02
  0.43545238E+02  0.43475209E+02  0.43396643E+02  0.43309968E+02  0.43215599E+02
  0.43113950E+02  0.43005386E+02  0.42890231E+02  0.42768795E+02  0.42641393E+02
  0.42508386E+02  0.42370103E+02  0.42226823E+02  0.42078808E+02  0.41926271E+02
  0.41769461E+02  0.41608614E+02  0.41443941E+02  0.41275645E+02  0.41103917E+02
  0.40928953E+02  0.40750912E+02  0.40569963E+02  0.40386244E+02  0.40199901E+02
  0.40011093E+02  0.39819971E+02  0.39626672E+02  0.39431323E+02  0.39234076E+02
  0.39035031E+02  0.38834290E+02  0.38631949E+02  0.38428124E+02  0.38222919E+02
  0.38016433E+02  0.37808763E+02  0.37599997E+02  0.37390225E+02  0.37179528E+02
  0.36967971E+02  0.36755632E+02  0.36542570E+02  0.36328860E+02  0.36114599E+02
  0.35899817E+02  0.35684562E+02  0.35468886E+02  0.35252855E+02  0.35036525E+02
  0.34819957E+02  0.34603231E+02  0.34386392E+02  0.34169476E+02  0.33952516E+02
  0.33735539E+02  0.33518600E+02  0.33301772E+02  0.33085090E+02  0.32868570E+02
  0.32652243E+02  0.32436125E+02  0.32220264E+02  0.32004735E+02
  0.10000000E+01  0.28936639E+01  0.47047023E+01  0.64350990E+01  0.81147348E+01
  0.97420781E+01  0.11327036E+02  0.12861999E+02  0.14355822E+02  0.15802560E+02
  0.17209215E+02  0.18571863E+02  0.19895149E+02  0.21177210E+02  0.22420654E+02
  0.23625035E+02  0.24791348E+02  0.25920027E+02  0.27011238E+02  0.28065976E+02
  0.29083988E+02  0.30066513E+02  0.31013280E+02  0.31925554E+02  0.32803138E+02
  0.33647302E+02  0.34457958E+02  0.35236272E+02  0.35982353E+02  0.36697155E+02
  0.37381033E+02  0.38034760E+02  0.38658849E+02  0.39254027E+02  0.39820946E+02
  0.40360329E+02  0.40872984E+02  0.41359457E+02  0.41820720E+02  0.42257332E+02
  0.42670173E+02  0.43059778E+02  0.43427113E+02  0.43772560E+02  0.44096999E+02
  0.44400964E+02  0.44685226E+02  0.44950196E+02  0.45196756E+02  0.45425191E+02
  0.45636329E+02  0.45830568E+02  0.46008613E+02  0.46170863E+02  0.46317905E+02
  0.46450193E+02  0.46568314E+02  0.46672771E+02  0.46764083E+02  0.46842736E+02
  0.46909181E+02  0.46963904E+02  0.47007294E+02  0.47039777E+02  0.47061777E+02
  0.47073685E+02  0.47075858E+02  0.47068677E+02  0.47052513E+02  0.47027763E+02
  0.46994807E+02  0.46953981E+02  0.46905602E+02  0.46849955E+02  0.46787354E+02
  0.46718124E+02  0.46642577E+02  0.46561004E+02  0.46473632E+02  0.46380695E+02
  0.46282432E+02  0.46179076E+02  0.46070831E+02  0.45957908E+02  0.45840506E+02
  0.45718828E+02  0.45593038E+02  0.45463302E+02  0.45329787E+02  0.45192634E+02
  0.45052018E+02  0.44908097E+02  0.44761019E+02  0.44610936E+02  0.44457996E+02
  0.44302304E+02  0.44143959E+02  0.43983088E+02  0.43819798E+02  0.43654223E+02
  0.43486477E+02  0.43316679E+02  0.43144915E+02  0.42971282E+02  0.42795835E+02
  0.42618654E+02  0.42439835E+02  0.42259470E+02  0.42077653E+02  0.41894452E+02
  0.41709938E+02  0.41524157E+02  0.41337162E+02  0.41149031E+02  0.40959855E+02
  0.40769710E+02  0.40578677E+02  0.40386814E+02  0.40194160E+02  0.40000741E+02
  0.39806612E+02  0.39611823E+02  0.39416454E+02  0.39220530E+02  0.39024092E+02
  0.38827165E+02  0.38629767E+02  0.38431980E+02  0.38233867E+02
  0.10000000E+01  0.28959726E+01  0.47132702E+01  0.64540641E+01  0.81483082E+01
  0.97937675E+01  0.11400553E+02  0.12960368E+02  0.14482360E+02  0.15960032E+02
  0.17400580E+02  0.18799680E+02  0.20161976E+02  0.21485332E+02  0.22772227E+02
  0.24022093E+02  0.25235755E+02  0.26413658E+02  0.27555756E+02  0.28663115E+02
  0.29735254E+02  0.30773497E+02  0.31777333E+02  0.32748123E+02  0.33685441E+02
  0.34590624E+02  0.35463395E+02  0.36304965E+02  0.37115282E+02  0.37895287E+02
  0.38645195E+02  0.39365748E+02  0.40057345E+02  0.40720654E+02  0.41356229E+02
  0.41964720E+02  0.42546843E+02  0.43103052E+02  0.43634253E+02  0.44140875E+02
  0.44623779E+02  0.45083373E+02  0.45520587E+02  0.45935699E+02  0.46329578E+02
  0.46702635E+02  0.47055638E+02  0.47388921E+02  0.47703306E+02  0.47999035E+02
  0.48276916E+02  0.48537267E+02  0.48780781E+02  0.49007803E+02  0.49218910E+02
  0.49414488E+02  0.49595089E+02  0.49761200E+02  0.49913308E+02  0.50051883E+02
  0.50177347E+02  0.50290140E+02  0.50390636E+02  0.50479261E+02  0.50556391E+02
  0.50622449E+02  0.50677786E+02  0.50722781E+02  0.50757795E+02  0.50783205E+02
  0.50799380E+02  0.50806664E+02  0.50805354E+02  0.50795757E+02  0.50778197E+02
  0.50752997E+02  0.50720468E+02  0.50680878E+02  0.50634474E+02  0.50581485E+02
  0.50522181E+02  0.50456799E+02  0.50385554E+02  0.50308666E+02  0.50226346E+02
  0.50138781E+02  0.50046175E+02  0.49948716E+02  0.49846566E+02  0.49739901E+02
  0.49628895E+02  0.49513720E+02  0.49394532E+02  0.49271497E+02  0.49144763E+02
  0.49014466E+02  0.48880719E+02  0.48743638E+02  0.48603363E+02  0.48460015E+02
  0.48313724E+02  0.48164622E+02  0.48012814E+02  0.47858425E+02  0.47701531E+02
  0.47542225E+02  0.47380605E+02  0.47216754E+02  0.47050777E+02  0.46882778E+02
  0.46712829E+02  0.46540989E+02  0.46367341E+02  0.46191972E+02  0.46014972E+02
  0.45836412E+02  0.45656376E+02  0.45474935E+02  0.45292120E+02  0.45108001E+02
  0.44922629E+02  0.44736058E+02  0.44548385E+02  0.44359637E+02  0.44169864E+02
  0.43979108E+02  0.43787401E+02  0.43594810E+02  0.43401414E+02
  0.10000000E+01  0.28959082E+01  0.47139862E+01  0.64563110E+01  0.81536184E+01
  0.98034203E+01  0.11416403E+02  0.12983911E+02  0.14515500E+02  0.16004393E+02
  0.17458079E+02  0.18872138E+02  0.20251377E+02  0.21593694E+02  0.22901577E+02
  0.24174603E+02  0.25413477E+02  0.26618852E+02  0.27790495E+02  0.28929690E+02
  0.30035712E+02  0.31110107E+02  0.32152099E+02  0.33163249E+02  0.34142903E+02
  0.35092543E+02  0.36011698E+02  0.36901663E+02  0.37762235E+02  0.38594406E+02
  0.39398255E+02  0.40174546E+02  0.40923552E+02  0.41645911E+02  0.42342090E+02
  0.43012644E+02  0.43658221E+02  0.44279188E+02  0.44876367E+02  0.45450085E+02
  0.46001147E+02  0.46529843E+02  0.47037039E+02  0.47522910E+02  0.47988273E+02
  0.48433392E+02  0.48859012E+02  0.49265336E+02  0.49653149E+02  0.50022580E+02
  0.50374386E+02  0.50708786E+02  0.51026431E+02  0.51327564E+02  0.51612721E+02
  0.51882231E+02  0.52136595E+02  0.52376229E+02  0.52601560E+02  0.52813005E+02
  0.53010938E+02  0.53195759E+02  0.53367799E+02  0.53527482E+02  0.53675140E+02
  0.53811158E+02  0.53935847E+02  0.54049545E+02  0.54152592E+02  0.54245339E+02
  0.54328142E+02  0.54401334E+02  0.54465211E+02  0.54520055E+02  0.54566175E+02
  0.54603869E+02  0.54633439E+02  0.54655157E+02  0.54669258E+02  0.54675998E+02
  0.54675604E+02  0.54668313E+02  0.54654363E+02  0.54633945E+02  0.54607301E+02
  0.54574634E+02  0.54536123E+02  0.54491981E+02  0.54442364E+02  0.54387443E+02
  0.54327404E+02  0.54262417E+02  0.54192659E+02  0.54118291E+02  0.54039471E+02
  0.53956338E+02  0.53869015E+02  0.53777620E+02  0.53682287E+02  0.53583153E+02
  0.53480348E+02  0.53374006E+02  0.53264249E+02  0.53151218E+02  0.53034995E+02
  0.52915679E+02  0.52793370E+02  0.52668158E+02  0.52540135E+02  0.52409404E+02
  0.52276068E+02  0.52140185E+02  0.52001849E+02  0.51861143E+02  0.51718148E+02
  0.51572931E+02  0.51425589E+02  0.51276228E+02  0.51124883E+02  0.50971625E+02
  0.50816516E+02  0.50659623E+02  0.50500998E+02  0.50340668E+02  0.50178697E+02
  0.50015144E+02  0.49850056E+02  0.49683525E+02  0.49515644E+02
  0.10000000E+01  0.28953132E+01  0.47124990E+01  0.64534656E+01  0.81495409E+01
  0.97981182E+01  0.11410311E+02  0.12977262E+02  0.14508795E+02  0.15998009E+02
  0.17452588E+02  0.18868126E+02  0.20249533E+02  0.21594835E+02  0.22906507E+02
  0.24184299E+02  0.25428818E+02  0.26640920E+02  0.27820232E+02  0.28968264E+02
  0.30084115E+02  0.31169521E+02  0.32223536E+02  0.33247900E+02  0.34241794E+02
  0.35206874E+02  0.36142548E+02  0.37050235E+02  0.37929624E+02  0.38781796E+02
  0.39606757E+02  0.40405309E+02  0.41177696E+02  0.41924564E+02  0.42646340E+02
  0.43343590E+02  0.44016925E+02  0.44666681E+02  0.45293670E+02  0.45898199E+02
  0.46481059E+02  0.47042509E+02  0.47583401E+02  0.48103843E+02  0.48604668E+02
  0.49086061E+02  0.49548764E+02  0.49992912E+02  0.50419298E+02  0.50827948E+02
  0.51219640E+02  0.51594516E+02  0.51953230E+02  0.52295967E+02  0.52623232E+02
  0.52935307E+02  0.53232649E+02  0.53515620E+02  0.53784631E+02  0.54040063E+02
  0.54282245E+02  0.54511562E+02  0.54728295E+02  0.54932817E+02  0.55125420E+02
  0.55306450E+02  0.55476197E+02  0.55635001E+02  0.55783145E+02  0.55920977E+02
  0.56048818E+02  0.56166960E+02  0.56275662E+02  0.56375190E+02  0.56465851E+02
  0.56547934E+02  0.56621724E+02  0.56687472E+02  0.56745392E+02  0.56795685E+02
  0.56838578E+02  0.56874300E+02  0.56903063E+02  0.56925096E+02  0.56940595E+02
  0.56949755E+02  0.56952760E+02  0.56949776E+02  0.56940974E+02  0.56926511E+02
  0.56906591E+02  0.56881393E+02  0.56851059E+02  0.56815761E+02  0.56775635E+02
  0.56730808E+02  0.56681404E+02  0.56627555E+02  0.56569406E+02  0.56507079E+02
  0.56440705E+02  0.56370399E+02  0.56296299E+02  0.56218511E+02  0.56137137E+02
  0.56052267E+02  0.55964022E+02  0.55872478E+02  0.55777754E+02  0.55679933E+02
  0.55579091E+02  0.55475311E+02  0.55368692E+02  0.55259331E+02  0.55147299E+02
  0.55032682E+02  0.54915572E+02  0.54796049E+02  0.54674149E+02  0.54549947E+02
  0.54423523E+02  0.54294928E+02  0.54164234E+02  0.54031482E+02  0.53896717E+02
  0.53759982E+02  0.53621336E+02  0.53480875E+02  0.53338691E+02
  0.10000000E+01  0.28970976E+01  0.47193499E+01  0.64688054E+01  0.81769598E+01
  0.98405641E+01  0.11470975E+02  0.13058702E+02  0.14613867E+02  0.16129066E+02
  0.17612161E+02  0.19058402E+02  0.20472698E+02  0.21852889E+02  0.23201315E+02
  0.24517693E+02  0.25802433E+02  0.27056473E+02  0.28279186E+02  0.29472226E+02
  0.30634415E+02  0.31767672E+02  0.32870777E+02  0.33945619E+02  0.34991136E+02
  0.36009092E+02  0.36998667E+02  0.37961368E+02  0.38896719E+02  0.39805844E+02
  0.40688586E+02  0.41545779E+02  0.42377535E+02  0.43184470E+02  0.43966923E+02
  0.44725411E+02  0.45460479E+02  0.46172411E+02  0.46861960E+02  0.47529342E+02
  0.48175329E+02  0.48800080E+02  0.49404421E+02  0.49988384E+02  0.50552796E+02
  0.51097737E+02  0.51623973E+02  0.52131535E+02  0.52621220E+02  0.53092987E+02
  0.53547594E+02  0.53985117E+02  0.54406208E+02  0.54810997E+02  0.55200006E+02
  0.55573450E+02  0.55931784E+02  0.56275339E+02  0.56604490E+02  0.56919604E+02
  0.57220985E+02  0.57509003E+02  0.57783925E+02  0.58046111E+02  0.58295825E+02
  0.58533423E+02  0.58759159E+02  0.58973359E+02  0.59176278E+02  0.59368272E+02
  0.59549631E+02  0.59720636E+02  0.59881556E+02  0.60032649E+02  0.60174184E+02
  0.60306445E+02  0.60429718E+02  0.60544225E+02  0.60650191E+02  0.60747815E+02
  0.60837335E+02  0.60918977E+02  0.60992944E+02  0.61059456E+02  0.61118745E+02
  0.61170981E+02  0.61216336E+02  0.61254991E+02  0.61287122E+02  0.61312896E+02
  0.61332502E+02  0.61346123E+02  0.61353918E+02  0.61356047E+02  0.61352656E+02
  0.61343877E+02  0.61329835E+02  0.61310663E+02  0.61286506E+02  0.61257509E+02
  0.61223802E+02  0.61185513E+02  0.61142783E+02  0.61095730E+02  0.61044470E+02
  0.60989097E+02  0.60929714E+02  0.60866423E+02  0.60799354E+02  0.60728601E+02
  0.60654250E+02  0.60576394E+02  0.60495104E+02  0.60410494E+02  0.60322642E+02
  0.60231659E+02  0.60137625E+02  0.60040642E+02  0.59940788E+02  0.59838102E+02
  0.59732668E+02  0.59624543E+02  0.59513787E+02  0.59400469E+02  0.59284653E+02
  0.59166410E+02  0.59045807E+02  0.58922924E+02  0.58797857E+02
  0.10000000E+01  0.28944389E+01  0.47111585E+01  0.64519800E+01  0.81493389E+01
  0.98003082E+01  0.11416667E+02  0.12989095E+02  0.14527851E+02  0.16025722E+02
  0.17490662E+02  0.18918248E+02  0.20313466E+02  0.21674570E+02  0.23003905E+02
  0.24301569E+02  0.25567863E+02  0.26804082E+02  0.28009460E+02  0.29185979E+02
  0.30332306E+02  0.31450623E+02  0.32539564E+02  0.33601258E+02  0.34634532E+02
  0.35641376E+02  0.36620884E+02  0.37574759E+02  0.38502466E+02  0.39405273E+02
  0.40283006E+02  0.41136596E+02  0.41966160E+02  0.42772404E+02  0.43555660E+02
  0.44316511E+02  0.45055515E+02  0.45772987E+02  0.46469690E+02  0.47145894E+02
  0.47802372E+02  0.48439287E+02  0.49057524E+02  0.49657058E+02  0.50238730E+02
  0.50802621E+02  0.51349499E+02  0.51879350E+02  0.52392992E+02  0.52890321E+02
  0.53372128E+02  0.53838404E+02  0.54289814E+02  0.54726428E+02  0.55148748E+02
  0.55556947E+02  0.55951448E+02  0.56332527E+02  0.56700521E+02  0.57055751E+02
  0.57398465E+02  0.57729004E+02  0.58047574E+02  0.58354517E+02  0.58650038E+02
  0.58934444E+02  0.59207960E+02  0.59470848E+02  0.59723338E+02  0.59965740E+02
  0.60198312E+02  0.60421291E+02  0.60634905E+02  0.60839355E+02  0.61034891E+02
  0.61221745E+02  0.61400154E+02  0.61570335E+02  0.61732463E+02  0.61886690E+02
  0.62033220E+02  0.62172243E+02  0.62303927E+02  0.62428461E+02  0.62546025E+02
  0.62656794E+02  0.62760923E+02  0.62858574E+02  0.62949900E+02  0.63035035E+02
  0.63114139E+02  0.63187371E+02  0.63254878E+02  0.63316783E+02  0.63373216E+02
  0.63424293E+02  0.63470140E+02  0.63510867E+02  0.63546603E+02  0.63577447E+02
  0.63603532E+02  0.63624962E+02  0.63641871E+02  0.63654372E+02  0.63662557E+02
  0.63666522E+02  0.63666347E+02  0.63662124E+02  0.63653955E+02  0.63641924E+02
  0.63626114E+02  0.63606607E+02  0.63583475E+02  0.63556833E+02  0.63526743E+02
  0.63493302E+02  0.63456595E+02  0.63416705E+02  0.63373700E+02  0.63327622E+02
  0.63278554E+02  0.63226573E+02  0.63171704E+02  0.63114017E+02  0.63053559E+02
  0.62990380E+02  0.62924565E+02  0.62856172E+02  0.62785324E+02
   128
  0.10000000E+01  0.24396522E+01  0.32381324E+01  0.34319008E+01  0.32514483E+01
  0.28553418E+01  0.23781194E+01  0.19023275E+01  0.14753581E+01  0.11101560E+01
  0.81033137E+00  0.57078203E+00  0.38636790E+00  0.24785829E+00  0.14788768E+00
  0.79773011E-01  0.37964321E-01  0.15071007E-01  0.36973741E-02 -0.14196151E-02
 -0.27774177E-02 -0.13277162E-02  0.18207742E-02  0.52026876E-02  0.74647447E-02
  0.80378611E-02  0.71519693E-02  0.54061114E-02  0.32975725E-02  0.11658209E-02
 -0.73420364E-03 -0.21884580E-02 -0.30595005E-02  0.00000000E+00  0.00000000E+00
  0.00000000E+00  0.00000000E+00  0.00000000E+00  0.00000000E+00  0.00000000E+00
  0.00000000E+00  0.00000000E+00  0.00000000E+00  0.00000000E+00  0.00000000E+00
  0.00000000E+00  0.00000000E+00  0.00000000E+00  0.00000000E+00  0.00000000E+00
  0.00000000E+00  0.00000000E+00  0.00000000E+00  0.00000000E+00  0.00000000E+00
  0.00000000E+00  0.00000000E+00  0.00000000E+00  0.00000000E+00  0.00000000E+00
  0.00000000E+00  0.00000000E+00  0.00000000E+00  0.00000000E+00  0.00000000E+00
  0.00000000E+00  0.00000000E+00  0.00000000E+00  0.00000000E+00  0.00000000E+00
  0.00000000E+00  0.00000000E+00  0.00000000E+00  0.00000000E+00  0.00000000E+00
  0.00000000E+00  0.00000000E+00  0.00000000E+00  0.00000000E+00  0.00000000E+00
  0.00000000E+00  0.00000000E+00  0.00000000E+00  0.00000000E+00  0.00000000E+00
  0.00000000E+00  0.00000000E+00  0.00000000E+00  0.00000000E+00  0.00000000E+00
  0.00000000E+00  0.00000000E+00  0.00000000E+00  0.00000000E+00  0.00000000E+00
  0.00000000E+00  0.00000000E+00  0.00000000E+00  0.00000000E+00  0.00000000E+00
  0.00000000E+00  0.00000000E+00  0.00000000E+00  0.00000000E+00  0.00000000E+00
  0.00000000E+00  0.00000000E+00  0.00000000E+00  0.00000000E+00  0.00000000E+00
  0.00000000E+00  0.00000000E+00  0.00000000E+00  0.00000000E+00  0.00000000E+00
  0.00000000E+00  0.00000000E+00  0.00000000E+00  0.00000000E+00  0.00000000E+00
  0.00000000E+00  0.00000000E+00  0.00000000E+00  0.00000000E+00  0.00000000E+00
  0.00000000E+00  0.00000000E+00  0.00000000E+00  0.00000000E+00
  0.10000000E+01  0.25790293E+01  0.37041996E+01  0.43385873E+01  0.46018180E+01
  0.45805907E+01  0.43637464E+01  0.40209165E+01  0.36049508E+01  0.31463224E+01
  0.26745525E+01  0.22117498E+01  0.17803360E+01  0.13925123E+01  0.10587379E+01
  0.78277829E+00  0.56582159E+00  0.40117488E+00  0.27968549E+00  0.19175197E+00
  0.13026530E+00  0.89473649E-01  0.63683362E-01  0.47405449E-01  0.36205373E-01
  0.27457920E-01  0.20086900E-01  0.13867622E-01  0.87470752E-02  0.46458644E-02
  0.14939948E-02 -0.74578102E-03 -0.21032193E-02  0.00000000E+00  0.00000000E+00
  0.00000000E+00  0.00000000E+00  0.00000000E+00  0.00000000E+00  0.00000000E+00
  0.00000000E+00  0.00000000E+00  0.00000000E+00  0.00000000E+00  0.00000000E+00
  0.00000000E+00  0.00000000E+00  0.00000000E+00  0.00000000E+00  0.00000000E+00
  0.00000000E+00  0.00000000E+00  0.00000000E+00  0.00000000E+00  0.00000000E+00
  0.00000000E+00  0.00000000E+00  0.00000000E+00  0.00000000E+00  0.00000000E+00
  0.00000000E+00  0.00000000E+00  0.00000000E+00  0.00000000E+00  0.00000000E+00
  0.00000000E+00  0.00000000E+00  0.00000000E+00  0.00000000E+00  0.00000000E+00
  0.00000000E+00  0.00000000E+00  0.00000000E+00  0.00000000E+00  0.00000000E+00
  0.00000000E+00  0.00000000E+00  0.00000000E+00  0.00000000E+00  0.00000000E+00
  0.00000000E+00  0.00000000E+00  0.00000000E+00  0.00000000E+00  0.00000000E+00
  0.00000000E+00  0.00000000E+00  0.00000000E+00  0.00000000E+00  0.00000000E+00
  0.00000000E+00  0.00000000E+00  0.00000000E+00  0.00000000E+00  0.00000000E+00
  0.00000000E+00  0.00000000E+00  0.00000000E+00  0.00000000E+00  0.00000000E+00
  0.00000000E+00  0.00000000E+00  0.00000000E+00  0.00000000E+00  0.00000000E+00
  0.00000000E+00  0.00000000E+00  0.00000000E+00  0.00000000E+00  0.00000000E+00
  0.00000000E+00  0.00000000E+00  0.00000000E+00  0.00000000E+00  0.00000000E+00
  0.00000000E+00  0.00000000E+00  0.00000000E+00  0.00000000E+00  0.00000000E+00
  0.00000000E+00  0.00000000E+00  0.00000000E+00  0.00000000E+00  0.00000000E+00
  0.00000000E+00  0.00000000E+00  0.00000000E+00  0.00000000E+00
  0.10000000E+01  0.26376781E+01  0.39186916E+01  0.47988351E+01  0.53553255E+01
  0.56411268E+01  0.57111269E+01  0.56112830E+01  0.53786752E+01  0.50371102E+01
  0.46155464E+01  0.41409443E+01  0.36447856E+01  0.31505963E+01  0.26810670E+01
  0.22510361E+01  0.18720402E+01  0.15456918E+01  0.12701470E+01  0.10403025E+01
  0.85166932E+00  0.69912913E+00  0.57651656E+00  0.47711391E+00  0.39504901E+00
  0.32622209E+00  0.26811388E+00  0.21913675E+00  0.17808872E+00  0.14389164E+00
  0.11562599E+00  0.92479650E-01  0.73754205E-01  0.58774493E-01  0.46930603E-01
  0.37682409E-01  0.30538329E-01  0.25029772E-01  0.20725023E-01  0.17252393E-01
  0.14328097E-01  0.11794397E-01  0.95860205E-02  0.76502414E-02  0.59766279E-02
  0.45600091E-02  0.33835003E-02  0.24415006E-02  0.17286413E-02  0.12333083E-02
  0.92458121E-03  0.75866658E-03  0.66949467E-03  0.60620522E-03  0.54732565E-03
  0.49839230E-03  0.45923908E-03  0.40807706E-03  0.34024246E-03  0.26900473E-03
  0.20486672E-03  0.15946771E-03  0.13817000E-03  0.12072583E-03  0.10356104E-03
  0.10012755E-03  0.11826792E-03  0.15907424E-03  0.21634488E-03  0.28034945E-03
  0.32229539E-03  0.33708856E-03  0.31894031E-03  0.24948149E-03  0.15933538E-03
  0.66828143E-04 -0.56071395E-05  0.00000000E+00  0.00000000E+00  0.00000000E+00
  0.00000000E+00  0.00000000E+00  0.00000000E+00  0.00000000E+00  0.00000000E+00
  0.00000000E+00  0.00000000E+00  0.00000000E+00  0.00000000E+00  0.00000000E+00
  0.00000000E+00  0.00000000E+00  0.00000000E+00  0.00000000E+00  0.00000000E+00
  0.00000000E+00  0.00000000E+00  0.00000000E+00  0.00000000E+00  0.00000000E+00
  0.00000000E+00  0.00000000E+00  0.00000000E+00  0.00000000E+00  0.00000000E+00
  0.00000000E+00  0.00000000E+00  0.00000000E+00  0.00000000E+00  0.00000000E+00
  0.00000000E+00  0.00000000E+00  0.00000000E+00  0.00000000E+00  0.00000000E+00
  0.00000000E+00  0.00000000E+00  0.00000000E+00  0.00000000E+00  0.00000000E+00
  0.00000000E+00  0.00000000E+00  0.00000000E+00  0.00000000E+00  0.00000000E+00
  0.00000000E+00  0.00000000E+00  0.00000000E+00  0.00000000E+00
  0.10000000E+01  0.26706961E+01  0.40414240E+01  0.50774321E+01  0.58394200E+01
  0.63648266E+01  0.66895322E+01  0.68439747E+01  0.68531183E+01  0.67331843E+01
  0.65049602E+01  0.61887734E+01  0.58102030E+01  0.53905945E+01  0.49522491E+01
  0.45122690E+01  0.40859893E+01  0.36813114E+01  0.33036972E+01  0.29550648E+01
  0.26368677E+01  0.23487448E+01  0.20888092E+01  0.18539416E+01  0.16409879E+01
  0.14478194E+01  0.12728950E+01  0.11152511E+01  0.97401638E+00  0.84814849E+00
  0.73660302E+00  0.63818784E+00  0.55177737E+00  0.47620556E+00  0.41033745E+00
  0.35309310E+00  0.30345400E+00  0.26044185E+00  0.22314775E+00  0.19071583E+00
  0.16247129E+00  0.13786400E+00  0.11642976E+00  0.97797493E-01  0.81678933E-01
  0.67825676E-01  0.56020415E-01  0.46038516E-01  0.37660925E-01  0.30673725E-01
  0.24903133E-01  0.20136352E-01  0.16190378E-01  0.12921447E-01  0.10219580E-01
  0.80165753E-02  0.62429394E-02  0.48261396E-02  0.37141563E-02  0.28787756E-02
  0.22639666E-02  0.17979849E-02  0.14306157E-02  0.11322802E-02  0.90662670E-03
  0.74070896E-03  0.60534113E-03  0.49298181E-03  0.40252730E-03  0.34101535E-03
  0.30636772E-03  0.28986555E-03  0.28908344E-03  0.28420900E-03  0.26674515E-03
  0.24046389E-03  0.20395019E-03  0.18414412E-03  0.18655453E-03  0.19657791E-03
  0.18936899E-03  0.18684131E-03  0.20980777E-03  0.23444596E-03  0.24436704E-03
  0.23968298E-03  0.22680695E-03  0.20909926E-03  0.18238878E-03  0.12261959E-03
  0.46081936E-04 -0.20436616E-04  0.00000000E+00  0.00000000E+00  0.00000000E+00
  0.00000000E+00  0.00000000E+00  0.00000000E+00  0.00000000E+00  0.00000000E+00
  0.00000000E+00  0.00000000E+00  0.00000000E+00  0.00000000E+00  0.00000000E+00
  0.00000000E+00  0.00000000E+00  0.00000000E+00  0.00000000E+00  0.00000000E+00
  0.00000000E+00  0.00000000E+00  0.00000000E+00  0.00000000E+00  0.00000000E+00
  0.00000000E+00  0.00000000E+00  0.00000000E+00  0.00000000E+00  0.00000000E+00
  0.00000000E+00  0.00000000E+00  0.00000000E+00  0.00000000E+00  0.00000000E+00
  0.00000000E+00  0.00000000E+00  0.00000000E+00  0.00000000E+00
  0.10000000E+01  0.26987311E+01  0.41424186E+01  0.53004877E+01  0.62215694E+01
  0.69321243E+01  0.74558169E+01  0.78132869E+01  0.80224652E+01  0.80958060E+01
  0.80498010E+01  0.79007402E+01  0.76693177E+01  0.73736162E+01  0.70330676E+01
  0.66634331E+01  0.62796671E+01  0.58913024E+01  0.55063444E+01  0.51297360E+01
  0.47658621E+01  0.44171462E+01  0.40847117E+01  0.37683747E+01  0.34674021E+01
  0.31818657E+01  0.29117454E+01  0.26575002E+01  0.24194374E+01  0.21975894E+01
  0.19917776E+01  0.18016249E+01  0.16266103E+01  0.14661957E+01  0.13196235E+01
  0.11861827E+01  0.10650580E+01  0.95534332E+00  0.85605398E+00  0.76618010E+00
  0.68488763E+00  0.61145107E+00  0.54517456E+00  0.48544834E+00  0.43169838E+00
  0.38337249E+00  0.34005823E+00  0.30131650E+00  0.26665732E+00  0.23567421E+00
  0.20791853E+00  0.18310086E+00  0.16092088E+00  0.14115225E+00  0.12359166E+00
  0.10807216E+00  0.94471480E-01  0.82622566E-01  0.72328633E-01  0.63351907E-01
  0.55476075E-01  0.48540137E-01  0.42439664E-01  0.37087705E-01  0.32422160E-01
  0.28360388E-01  0.24829681E-01  0.21747663E-01  0.19044773E-01  0.16688779E-01
  0.14635124E-01  0.12839419E-01  0.11247515E-01  0.98126387E-02  0.85413071E-02
  0.74413010E-02  0.65072163E-02  0.57136061E-02  0.50155569E-02  0.44104164E-02
  0.39159311E-02  0.35244377E-02  0.32027538E-02  0.29121323E-02  0.26572669E-02
  0.24293154E-02  0.22197880E-02  0.20270121E-02  0.18318230E-02  0.16389311E-02
  0.14523145E-02  0.12866010E-02  0.11203096E-02  0.92559547E-03  0.71957058E-03
  0.52140456E-03  0.32800686E-03  0.13447084E-03 -0.47452996E-04  0.00000000E+00
  0.00000000E+00  0.00000000E+00  0.00000000E+00  0.00000000E+00  0.00000000E+00
  0.00000000E+00  0.00000000E+00  0.00000000E+00  0.00000000E+00  0.00000000E+00
  0.00000000E+00  0.00000000E+00  0.00000000E+00  0.00000000E+00  0.00000000E+00
  0.00000000E+00  0.00000000E+00  0.00000000E+00  0.00000000E+00  0.00000000E+00
  0.00000000E+00  0.00000000E+00  0.00000000E+00  0.00000000E+00  0.00000000E+00
  0.00000000E+00  0.00000000E+00  0.00000000E+00  0.00000000E+00
  0.10000000E+01  0.27169113E+01  0.42066434E+01  0.54416515E+01  0.64656513E+01
  0.73000577E+01  0.79629702E+01  0.84700179E+01  0.88353801E+01  0.90691700E+01
  0.91849708E+01  0.91961098E+01  0.91195126E+01  0.89701661E+01  0.87641347E+01
  0.85145565E+01  0.82340875E+01  0.79313211E+01  0.76140560E+01  0.72876860E+01
  0.69572640E+01  0.66262257E+01  0.62970459E+01  0.59712135E+01  0.56494685E+01
  0.53332466E+01  0.50236959E+01  0.47223463E+01  0.44305391E+01  0.41493839E+01
  0.38795612E+01  0.36216831E+01  0.33759656E+01  0.31427738E+01  0.29221195E+01
  0.27141044E+01  0.25186152E+01  0.23354034E+01  0.21639446E+01  0.20036558E+01
  0.18541476E+01  0.17149791E+01  0.15856028E+01  0.14655566E+01  0.13542919E+01
  0.12511694E+01  0.11557949E+01  0.10676422E+01  0.98603268E+00  0.91059164E+00
  0.84060697E+00  0.77583078E+00  0.71582692E+00  0.66030686E+00  0.60900196E+00
  0.56165357E+00  0.51808167E+00  0.47806431E+00  0.44130411E+00  0.40745697E+00
  0.37621632E+00  0.34731831E+00  0.32059047E+00  0.29591020E+00  0.27317069E+00
  0.25219737E+00  0.23284582E+00  0.21494701E+00  0.19841283E+00  0.18314424E+00
  0.16905186E+00  0.15604448E+00  0.14399108E+00  0.13279600E+00  0.12238793E+00
  0.11273125E+00  0.10378204E+00  0.95504004E-01  0.87846970E-01  0.80758429E-01
  0.74213507E-01  0.68182435E-01  0.62654149E-01  0.57565843E-01  0.52872819E-01
  0.48536827E-01  0.44521957E-01  0.40818631E-01  0.37417160E-01  0.34312954E-01
  0.31458145E-01  0.28825876E-01  0.26407535E-01  0.24188574E-01  0.22162596E-01
  0.20316813E-01  0.18615975E-01  0.17035094E-01  0.15567096E-01  0.14205455E-01
  0.12962891E-01  0.11827074E-01  0.10775763E-01  0.97962120E-02  0.89035920E-02
  0.81153735E-02  0.74205001E-02  0.67822397E-02  0.61885242E-02  0.56388189E-02
  0.51258555E-02  0.46644977E-02  0.42460320E-02  0.38382929E-02  0.34340978E-02
  0.30526610E-02  0.27143880E-02  0.24240912E-02  0.21781692E-02  0.19598776E-02
  0.17872923E-02  0.16737454E-02  0.15807074E-02  0.14829330E-02  0.13570060E-02
  0.12239233E-02  0.10956585E-02  0.96553423E-03  0.82049835E-03
  0.10000000E+01  0.27422339E+01  0.42962608E+01  0.56379584E+01  0.68039995E+01
  0.78088738E+01  0.86634556E+01  0.93769051E+01  0.99587069E+01  0.10415994E+02
  0.10758788E+02  0.10996796E+02  0.11142274E+02  0.11206307E+02  0.11200669E+02
  0.11135054E+02  0.11019015E+02  0.10859592E+02  0.10663822E+02  0.10437145E+02
  0.10184967E+02  0.99115611E+01  0.96206788E+01  0.93154773E+01  0.89982565E+01
  0.86718866E+01  0.83388064E+01  0.80017693E+01  0.76632982E+01  0.73257786E+01
  0.69910150E+01  0.66609422E+01  0.63368598E+01  0.60203538E+01  0.57124790E+01
  0.54144203E+01  0.51270236E+01  0.48509964E+01  0.45865032E+01  0.43335656E+01
  0.40924279E+01  0.38631123E+01  0.36454501E+01  0.34393314E+01  0.32444172E+01
  0.30601419E+01  0.28862860E+01  0.27224048E+01  0.25677071E+01  0.24218997E+01
  0.22840756E+01  0.21540647E+01  0.20313131E+01  0.19155060E+01  0.18062813E+01
  0.17033099E+01  0.16063545E+01  0.15151266E+01  0.14292626E+01  0.13483246E+01
  0.12718673E+01  0.11995792E+01  0.11312690E+01  0.10667368E+01  0.10058217E+01
  0.94823116E+00  0.89378039E+00  0.84225790E+00  0.79355005E+00  0.74753713E+00
  0.70408539E+00  0.66304599E+00  0.62428180E+00  0.58766131E+00  0.55305445E+00
  0.52035186E+00  0.48949027E+00  0.46038555E+00  0.43294781E+00  0.40708503E+00
  0.38268608E+00  0.35967275E+00  0.33799411E+00  0.31757049E+00  0.29831098E+00
  0.28013107E+00  0.26297729E+00  0.24681835E+00  0.23161516E+00  0.21728647E+00
  0.20376061E+00  0.19100544E+00  0.17901878E+00  0.16778222E+00  0.15723340E+00
  0.14730582E+00  0.13795704E+00  0.12916934E+00  0.12095646E+00  0.11328338E+00
  0.10607499E+00  0.99285465E-01  0.92897758E-01  0.86922060E-01  0.81354318E-01
  0.76153071E-01  0.71249344E-01  0.66638369E-01  0.62302642E-01  0.58245638E-01
  0.54455862E-01  0.50881333E-01  0.47513319E-01  0.44341031E-01  0.41371248E-01
  0.38608330E-01  0.36024198E-01  0.33597885E-01  0.31324893E-01  0.29197237E-01
  0.27204928E-01  0.25323229E-01  0.23542631E-01  0.21887864E-01  0.20357536E-01
  0.18942090E-01  0.17605478E-01  0.16347271E-01  0.15166058E-01
  0.10000000E+01  0.27607703E+01  0.43613165E+01  0.57803194E+01  0.70508317E+01
  0.81834383E+01  0.91853384E+01  0.10061794E+02  0.10819518E+02  0.11463325E+02
  0.12000697E+02  0.12438624E+02  0.12786078E+02  0.13051185E+02  0.13242413E+02
  0.13366559E+02  0.13430332E+02  0.13438844E+02  0.13397654E+02  0.13311319E+02
  0.13184576E+02  0.13021479E+02  0.12825876E+02  0.12601390E+02  0.12350849E+02
  0.12077573E+02  0.11784530E+02  0.11474952E+02  0.11151973E+02  0.10818678E+02
  0.10477559E+02  0.10131404E+02  0.97822560E+01  0.94326022E+01  0.90843712E+01
  0.87396082E+01  0.84000094E+01  0.80671161E+01  0.77418025E+01  0.74248364E+01
  0.71171739E+01  0.68194417E+01  0.65319882E+01  0.62552095E+01  0.59891827E+01
  0.57336489E+01  0.54887482E+01  0.52542595E+01  0.50295077E+01  0.48144720E+01
  0.46082838E+01  0.44110001E+01  0.42221069E+01  0.40413426E+01  0.38683948E+01
  0.37029344E+01  0.35447538E+01  0.33935933E+01  0.32490769E+01  0.31107881E+01
  0.29782453E+01  0.28511113E+01  0.27292069E+01  0.26123451E+01  0.25003830E+01
  0.23929811E+01  0.22899313E+01  0.21909790E+01  0.20960615E+01  0.20050731E+01
  0.19178783E+01  0.18343161E+01  0.17541989E+01  0.16773625E+01  0.16036724E+01
  0.15330140E+01  0.14653036E+01  0.14004546E+01  0.13383694E+01  0.12789455E+01
  0.12220776E+01  0.11676460E+01  0.11155503E+01  0.10657141E+01  0.10180348E+01
  0.97241531E+00  0.92876803E+00  0.88700426E+00  0.84705728E+00  0.80883683E+00
  0.77229031E+00  0.73735868E+00  0.70398249E+00  0.67212875E+00  0.64169979E+00
  0.61261329E+00  0.58481210E+00  0.55825066E+00  0.53291335E+00  0.50874274E+00
  0.48568372E+00  0.46363931E+00  0.44254684E+00  0.42239441E+00  0.40317260E+00
  0.38485150E+00  0.36738870E+00  0.35071706E+00  0.33475200E+00  0.31949403E+00
  0.30492789E+00  0.29104391E+00  0.27779424E+00  0.26513174E+00  0.25302653E+00
  0.24146196E+00  0.23041854E+00  0.21988904E+00  0.20984673E+00  0.20026960E+00
  0.19114692E+00  0.18242451E+00  0.17409817E+00  0.16614110E+00  0.15853872E+00
  0.15129306E+00  0.14438951E+00  0.13780449E+00  0.13151521E+00
  0.10000000E+01  0.27770826E+01  0.44180004E+01  0.59038486E+01  0.72650351E+01
  0.85092390E+01  0.96413853E+01  0.10663833E+02  0.11581372E+02  0.12396741E+02
  0.13115404E+02  0.13742072E+02  0.14283226E+02  0.14744595E+02  0.15132043E+02
  0.15449998E+02  0.15702780E+02  0.15893671E+02  0.16026624E+02  0.16104999E+02
  0.16132486E+02  0.16112457E+02  0.16048273E+02  0.15943369E+02  0.15800549E+02
  0.15623010E+02  0.15413787E+02  0.15176136E+02  0.14913325E+02  0.14628716E+02
  0.14325144E+02  0.14005878E+02  0.13673457E+02  0.13330937E+02  0.12980890E+02
  0.12626007E+02  0.12268651E+02  0.11911063E+02  0.11554755E+02  0.11201157E+02
  0.10851935E+02  0.10508313E+02  0.10171235E+02  0.98416477E+01  0.95200840E+01
  0.92067032E+01  0.89020804E+01  0.86063819E+01  0.83192466E+01  0.80409716E+01
  0.77709104E+01  0.75093875E+01  0.72560694E+01  0.70108812E+01  0.67736397E+01
  0.65441097E+01  0.63221407E+01  0.61075535E+01  0.59000821E+01  0.56993990E+01
  0.55050962E+01  0.53168669E+01  0.51345518E+01  0.49580085E+01  0.47871342E+01
  0.46216059E+01  0.44612675E+01  0.43059124E+01  0.41554900E+01  0.40099191E+01
  0.38690755E+01  0.37328271E+01  0.36010064E+01  0.34734598E+01  0.33500308E+01
  0.32306059E+01  0.31151135E+01  0.30034765E+01  0.28956119E+01  0.27914141E+01
  0.26907583E+01  0.25935099E+01  0.24995905E+01  0.24089097E+01  0.23213964E+01
  0.22369218E+01  0.21553612E+01  0.20766172E+01  0.20006062E+01  0.19272627E+01
  0.18565161E+01  0.17882742E+01  0.17224494E+01  0.16589772E+01  0.15977739E+01
  0.15387794E+01  0.14819122E+01  0.14270974E+01  0.13742757E+01  0.13233844E+01
  0.12743691E+01  0.12271210E+01  0.11815623E+01  0.11376502E+01  0.10953491E+01
  0.10545953E+01  0.10153173E+01  0.97744680E+00  0.94091332E+00  0.90568758E+00
  0.87176386E+00  0.83911360E+00  0.80766168E+00  0.77734863E+00  0.74813657E+00
  0.71999809E+00  0.69294138E+00  0.66692712E+00  0.64189818E+00  0.61780815E+00
  0.59461146E+00  0.57228372E+00  0.55079768E+00  0.53011914E+00  0.51021469E+00
  0.49106003E+00  0.47264246E+00  0.45492603E+00  0.43787941E+00
  0.10000000E+01  0.27895723E+01  0.44609695E+01  0.59975232E+01  0.74282527E+01
  0.87590575E+01  0.99940691E+01  0.11133848E+02  0.12182290E+02  0.13140458E+02
  0.14012495E+02  0.14801313E+02  0.15511729E+02  0.16147684E+02  0.16713404E+02
  0.17211780E+02  0.17645683E+02  0.18017166E+02  0.18328918E+02  0.18583234E+02
  0.18782746E+02  0.18929952E+02  0.19027408E+02  0.19077841E+02  0.19083553E+02
  0.19047123E+02  0.18971127E+02  0.18858311E+02  0.18711531E+02  0.18533827E+02
  0.18327854E+02  0.18096740E+02  0.17843052E+02  0.17569825E+02  0.17279754E+02
  0.16975632E+02  0.16660052E+02  0.16335509E+02  0.16003927E+02  0.15667156E+02
  0.15327247E+02  0.14985851E+02  0.14644361E+02  0.14304189E+02  0.13966367E+02
  0.13631535E+02  0.13300695E+02  0.12974465E+02  0.12652936E+02  0.12336818E+02
  0.12025919E+02  0.11720859E+02  0.11421622E+02  0.11128381E+02  0.10841194E+02
  0.10560041E+02  0.10284957E+02  0.10015930E+02  0.97528718E+01  0.94956551E+01
  0.92440395E+01  0.89978679E+01  0.87570944E+01  0.85216747E+01  0.82915968E+01
  0.80666360E+01  0.78467198E+01  0.76317197E+01  0.74216804E+01  0.72165882E+01
  0.70163666E+01  0.68209234E+01  0.66301410E+01  0.64439074E+01  0.62621421E+01
  0.60847723E+01  0.59117694E+01  0.57430814E+01  0.55786633E+01  0.54184490E+01
  0.52623594E+01  0.51103053E+01  0.49622145E+01  0.48180258E+01  0.46776851E+01
  0.45411113E+01  0.44081904E+01  0.42788148E+01  0.41529246E+01  0.40304405E+01
  0.39112955E+01  0.37954340E+01  0.36827818E+01  0.35732800E+01  0.34668627E+01
  0.33634419E+01  0.32629340E+01  0.31652951E+01  0.30704745E+01  0.29784128E+01
  0.28890326E+01  0.28022263E+01  0.27179147E+01  0.26360475E+01  0.25565888E+01
  0.24794963E+01  0.24046783E+01  0.23320501E+01  0.22615194E+01  0.21930448E+01
  0.21265968E+01  0.20621444E+01  0.19996335E+01  0.19389826E+01  0.18801457E+01
  0.18230873E+01  0.17677708E+01  0.17141790E+01  0.16622405E+01  0.16118832E+01
  0.15630603E+01  0.15157116E+01  0.14698030E+01  0.14253202E+01  0.13822204E+01
  0.13404550E+01  0.12999799E+01  0.12607376E+01  0.12226978E+01
  0.10000000E+01  0.28004624E+01  0.44983665E+01  0.60789745E+01  0.75700924E+01
  0.89759994E+01  0.10300253E+02  0.11541859E+02  0.12704133E+02  0.13786736E+02
  0.14792869E+02  0.15723899E+02  0.16583333E+02  0.17373574E+02  0.18097571E+02
  0.18757011E+02  0.19353738E+02  0.19888909E+02  0.20364300E+02  0.20781407E+02
  0.21142050E+02  0.21448012E+02  0.21701156E+02  0.21903559E+02  0.22057031E+02
  0.22163583E+02  0.22225304E+02  0.22244409E+02  0.22223267E+02  0.22164439E+02
  0.22070268E+02  0.21943530E+02  0.21786616E+02  0.21602321E+02  0.21393235E+02
  0.21162061E+02  0.20911360E+02  0.20643679E+02  0.20361097E+02  0.20065675E+02
  0.19759663E+02  0.19444964E+02  0.19123294E+02  0.18796368E+02  0.18465570E+02
  0.18131958E+02  0.17796866E+02  0.17461288E+02  0.17125804E+02  0.16791426E+02
  0.16458455E+02  0.16127782E+02  0.15799724E+02  0.15474746E+02  0.15153168E+02
  0.14835230E+02  0.14521195E+02  0.14211253E+02  0.13905545E+02  0.13604156E+02
  0.13307017E+02  0.13014119E+02  0.12725541E+02  0.12441358E+02  0.12161675E+02
  0.11886376E+02  0.11615450E+02  0.11348880E+02  0.11086764E+02  0.10829125E+02
  0.10575989E+02  0.10327319E+02  0.10083064E+02  0.98431771E+01  0.96076127E+01
  0.93763677E+01  0.91494444E+01  0.89268454E+01  0.87085528E+01  0.84945464E+01
  0.82847810E+01  0.80792081E+01  0.78777939E+01  0.76805257E+01  0.74874002E+01
  0.72983514E+01  0.71132969E+01  0.69321727E+01  0.67549425E+01  0.65815799E+01
  0.64120488E+01  0.62462903E+01  0.60842643E+01  0.59259191E+01  0.57712125E+01
  0.56201015E+01  0.54725065E+01  0.53283781E+01  0.51876670E+01  0.50503205E+01
  0.49162809E+01  0.47854967E+01  0.46578961E+01  0.45334077E+01  0.44119914E+01
  0.42936021E+01  0.41781678E+01  0.40656096E+01  0.39558532E+01  0.38488547E+01
  0.37445927E+01  0.36430221E+01  0.35440708E+01  0.34476778E+01  0.33537692E+01
  0.32622999E+01  0.31732535E+01  0.30865810E+01  0.30022264E+01  0.29201002E+01
  0.28401402E+01  0.27623002E+01  0.26865390E+01  0.26128502E+01  0.25411934E+01
  0.24714913E+01  0.24036771E+01  0.23377029E+01  0.22735371E+01
  0.10000000E+01  0.28060847E+01  0.45176423E+01  0.61210956E+01  0.76439833E+01
  0.90899666E+01  0.10462710E+02  0.11760689E+02  0.12987254E+02  0.14141463E+02
  0.15226344E+02  0.16242569E+02  0.17193217E+02  0.18079957E+02  0.18905343E+02
  0.19670606E+02  0.20377335E+02  0.21026433E+02  0.21619346E+02  0.22157242E+02
  0.22641573E+02  0.23073736E+02  0.23455183E+02  0.23787521E+02  0.24072169E+02
  0.24310719E+02  0.24504809E+02  0.24656196E+02  0.24766749E+02  0.24838505E+02
  0.24873356E+02  0.24873531E+02  0.24840996E+02  0.24778031E+02  0.24686787E+02
  0.24569501E+02  0.24428329E+02  0.24265453E+02  0.24082724E+02  0.23881988E+02
  0.23665258E+02  0.23434274E+02  0.23190672E+02  0.22936091E+02  0.22671931E+02
  0.22399361E+02  0.22119756E+02  0.21834250E+02  0.21543654E+02  0.21249105E+02
  0.20951195E+02  0.20650929E+02  0.20348895E+02  0.20045766E+02  0.19742086E+02
  0.19438342E+02  0.19134980E+02  0.18832373E+02  0.18530853E+02  0.18230724E+02
  0.17932149E+02  0.17635322E+02  0.17340485E+02  0.17047817E+02  0.16757522E+02
  0.16469646E+02  0.16184327E+02  0.15901670E+02  0.15621846E+02  0.15344977E+02
  0.15071128E+02  0.14800362E+02  0.14532705E+02  0.14268169E+02  0.14006774E+02
  0.13748529E+02  0.13493481E+02  0.13241665E+02  0.12993121E+02  0.12747866E+02
  0.12505913E+02  0.12267260E+02  0.12031899E+02  0.11799866E+02  0.11571204E+02
  0.11345918E+02  0.11123979E+02  0.10905349E+02  0.10690029E+02  0.10478028E+02
  0.10269354E+02  0.10064003E+02  0.98619463E+01  0.96631702E+01  0.94676619E+01
  0.92753865E+01  0.90863412E+01  0.89005146E+01  0.87178882E+01  0.85384539E+01
  0.83621681E+01  0.81890048E+01  0.80189315E+01  0.78519345E+01  0.76879968E+01
  0.75270928E+01  0.73691630E+01  0.72141452E+01  0.70619952E+01  0.69126939E+01
  0.67662449E+01  0.66226354E+01  0.64818057E+01  0.63436983E+01  0.62082914E+01
  0.60755456E+01  0.59454403E+01  0.58179454E+01  0.56930234E+01  0.55706250E+01
  0.54506959E+01  0.53332160E+01  0.52181542E+01  0.51054844E+01  0.49951588E+01
  0.48871347E+01  0.47813556E+01  0.46777819E+01  0.45764055E+01
  0.10000000E+01  0.28118202E+01  0.45374087E+01  0.61642911E+01  0.77195220E+01
  0.92060623E+01  0.10627404E+02  0.11981427E+02  0.13271317E+02  0.14495582E+02
  0.15656978E+02  0.16755521E+02  0.17793813E+02  0.18772829E+02  0.19694634E+02
  0.20559980E+02  0.21370125E+02  0.22125696E+02  0.22827818E+02  0.23477374E+02
  0.24075481E+02  0.24623206E+02  0.25121682E+02  0.25572206E+02  0.25975905E+02
  0.26334050E+02  0.26647946E+02  0.26918990E+02  0.27148675E+02  0.27338659E+02
  0.27490495E+02  0.27605985E+02  0.27686768E+02  0.27734714E+02  0.27751626E+02
  0.27739389E+02  0.27699863E+02  0.27634905E+02  0.27546154E+02  0.27435266E+02
  0.27304030E+02  0.27154073E+02  0.26986913E+02  0.26804107E+02  0.26607013E+02
  0.26396824E+02  0.26174927E+02  0.25942514E+02  0.25700524E+02  0.25450146E+02
  0.25192147E+02  0.24927612E+02  0.24657301E+02  0.24382047E+02  0.24102582E+02
  0.23819550E+02  0.23533563E+02  0.23245162E+02  0.22954871E+02  0.22663173E+02
  0.22370429E+02  0.22076997E+02  0.21783246E+02  0.21489500E+02  0.21196089E+02
  0.20903201E+02  0.20611094E+02  0.20319970E+02  0.20030071E+02  0.19741593E+02
  0.19454702E+02  0.19169527E+02  0.18886178E+02  0.18604729E+02  0.18325250E+02
  0.18047821E+02  0.17772539E+02  0.17499493E+02  0.17228737E+02  0.16960330E+02
  0.16694324E+02  0.16430744E+02  0.16169636E+02  0.15911076E+02  0.15655124E+02
  0.15401797E+02  0.15151074E+02  0.14902973E+02  0.14657522E+02  0.14414771E+02
  0.14174747E+02  0.13937450E+02  0.13702877E+02  0.13471062E+02  0.13242026E+02
  0.13015781E+02  0.12792358E+02  0.12571747E+02  0.12353938E+02  0.12138941E+02
  0.11926766E+02  0.11717437E+02  0.11510952E+02  0.11307309E+02  0.11106487E+02
  0.10908469E+02  0.10713228E+02  0.10520729E+02  0.10330978E+02  0.10144007E+02
  0.99598224E+01  0.97784256E+01  0.95997593E+01  0.94237789E+01  0.92505025E+01
  0.90799297E+01  0.89120768E+01  0.87469188E+01  0.85844348E+01  0.84245602E+01
  0.82672502E+01  0.81125221E+01  0.79603636E+01  0.78107728E+01  0.76637186E+01
  0.75191447E+01  0.73770198E+01  0.72373040E+01  0.71000094E+01
  0.10000000E+01  0.28144727E+01  0.45465911E+01  0.61845683E+01  0.77553716E+01
  0.92619719E+01  0.10707811E+02  0.12090850E+02  0.13414190E+02  0.14676337E+02
  0.15879976E+02  0.17025036E+02  0.18114003E+02  0.19147715E+02  0.20128137E+02
  0.21055970E+02  0.21932438E+02  0.22758137E+02  0.23534111E+02  0.24261160E+02
  0.24940272E+02  0.25572382E+02  0.26158465E+02  0.26699634E+02  0.27196844E+02
  0.27651188E+02  0.28063771E+02  0.28435774E+02  0.28768456E+02  0.29063197E+02
  0.29321299E+02  0.29544267E+02  0.29733462E+02  0.29890447E+02  0.30016729E+02
  0.30113869E+02  0.30183410E+02  0.30226892E+02  0.30245689E+02  0.30241192E+02
  0.30214899E+02  0.30168172E+02  0.30102306E+02  0.30018622E+02  0.29918302E+02
  0.29802409E+02  0.29672157E+02  0.29528593E+02  0.29372589E+02  0.29205223E+02
  0.29027241E+02  0.28839664E+02  0.28643255E+02  0.28438821E+02  0.28227093E+02
  0.28008735E+02  0.27784374E+02  0.27554633E+02  0.27320070E+02  0.27081223E+02
  0.26838541E+02  0.26592439E+02  0.26343361E+02  0.26091720E+02  0.25837913E+02
  0.25582228E+02  0.25324989E+02  0.25066497E+02  0.24807061E+02  0.24546964E+02
  0.24286459E+02  0.24025756E+02  0.23764997E+02  0.23504321E+02  0.23243861E+02
  0.22983757E+02  0.22724164E+02  0.22465204E+02  0.22206983E+02  0.21949583E+02
  0.21693094E+02  0.21437578E+02  0.21183135E+02  0.20929888E+02  0.20677934E+02
  0.20427344E+02  0.20178150E+02  0.19930395E+02  0.19684151E+02  0.19439481E+02
  0.19196437E+02  0.18955047E+02  0.18715351E+02  0.18477414E+02  0.18241278E+02
  0.18006962E+02  0.17774499E+02  0.17543904E+02  0.17315189E+02  0.17088386E+02
  0.16863545E+02  0.16640703E+02  0.16419849E+02  0.16200990E+02  0.15984167E+02
  0.15769396E+02  0.15556675E+02  0.15346005E+02  0.15137392E+02  0.14930854E+02
  0.14726420E+02  0.14524127E+02  0.14323959E+02  0.14125904E+02  0.13929954E+02
  0.13736142E+02  0.13544489E+02  0.13354998E+02  0.13167685E+02  0.12982499E+02
  0.12799421E+02  0.12618449E+02  0.12439600E+02  0.12262903E+02  0.12088358E+02
  0.11915916E+02  0.11745559E+02  0.11577256E+02  0.11411021E+02
  0.10000000E+01  0.28181091E+01  0.45591638E+01  0.62121181E+01  0.78035503E+01
  0.93361414E+01  0.10813080E+02  0.12232157E+02  0.13596261E+02  0.14903757E+02
  0.16157127E+02  0.17356060E+02  0.18502789E+02  0.19597870E+02  0.20643031E+02
  0.21638795E+02  0.22586233E+02  0.23485832E+02  0.24338477E+02  0.25144850E+02
  0.25905781E+02  0.26622054E+02  0.27294485E+02  0.27924002E+02  0.28511400E+02
  0.29057602E+02  0.29563523E+02  0.30030163E+02  0.30458569E+02  0.30849890E+02
  0.31205220E+02  0.31525806E+02  0.31812797E+02  0.32067487E+02  0.32291140E+02
  0.32485072E+02  0.32650595E+02  0.32789014E+02  0.32901518E+02  0.32989299E+02
  0.33053645E+02  0.33095749E+02  0.33116748E+02  0.33117808E+02  0.33100007E+02
  0.33064305E+02  0.33011804E+02  0.32943487E+02  0.32860188E+02  0.32762945E+02
  0.32652507E+02  0.32529834E+02  0.32395688E+02  0.32250873E+02  0.32096130E+02
  0.31932170E+02  0.31759670E+02  0.31579288E+02  0.31391625E+02  0.31197269E+02
  0.30996727E+02  0.30790500E+02  0.30579104E+02  0.30363007E+02  0.30142656E+02
  0.29918419E+02  0.29690684E+02  0.29459822E+02  0.29226219E+02  0.28990198E+02
  0.28752065E+02  0.28512080E+02  0.28270464E+02  0.28027422E+02  0.27783136E+02
  0.27537781E+02  0.27291530E+02  0.27044545E+02  0.26796982E+02  0.26548979E+02
  0.26300676E+02  0.26052181E+02  0.25803597E+02  0.25555059E+02  0.25306695E+02
  0.25058628E+02  0.24810931E+02  0.24563677E+02  0.24316961E+02  0.24070861E+02
  0.23825456E+02  0.23580788E+02  0.23336927E+02  0.23093960E+02  0.22851947E+02
  0.22610943E+02  0.22371010E+02  0.22132188E+02  0.21894517E+02  0.21658029E+02
  0.21422773E+02  0.21188807E+02  0.20956163E+02  0.20724877E+02  0.20495003E+02
  0.20266551E+02  0.20039532E+02  0.19813951E+02  0.19589840E+02  0.19367267E+02
  0.19146274E+02  0.18926886E+02  0.18709098E+02  0.18492920E+02  0.18278376E+02
  0.18065515E+02  0.17854377E+02  0.17644989E+02  0.17437358E+02  0.17231454E+02
  0.17027287E+02  0.16824874E+02  0.16624244E+02  0.16425412E+02  0.16228362E+02
  0.16033085E+02  0.15839562E+02  0.15647821E+02  0.15457902E+02
  0.10000000E+01  0.28201235E+01  0.45662114E+01  0.62278202E+01  0.78314219E+01
  0.93798325E+01  0.10876078E+02  0.12318138E+02  0.13708719E+02  0.15046319E+02
  0.16333288E+02  0.17569358E+02  0.18756656E+02  0.19895719E+02  0.20988204E+02
  0.22034642E+02  0.23036070E+02  0.23992987E+02  0.24906209E+02  0.25776374E+02
  0.26604230E+02  0.27390502E+02  0.28135908E+02  0.28841282E+02  0.29507307E+02
  0.30134804E+02  0.30724566E+02  0.31277464E+02  0.31794410E+02  0.32276402E+02
  0.32724387E+02  0.33139419E+02  0.33522480E+02  0.33874678E+02  0.34197086E+02
  0.34490816E+02  0.34756979E+02  0.34996676E+02  0.35210894E+02  0.35400626E+02
  0.35566962E+02  0.35710886E+02  0.35833360E+02  0.35935365E+02  0.36017798E+02
  0.36081480E+02  0.36127355E+02  0.36156254E+02  0.36168897E+02  0.36166153E+02
  0.36148686E+02  0.36117345E+02  0.36072795E+02  0.36015768E+02  0.35946945E+02
  0.35866965E+02  0.35776439E+02  0.35675976E+02  0.35566160E+02  0.35447545E+02
  0.35320646E+02  0.35185952E+02  0.35043965E+02  0.34895166E+02  0.34740022E+02
  0.34578932E+02  0.34412319E+02  0.34240582E+02  0.34064107E+02  0.33883252E+02
  0.33698362E+02  0.33509725E+02  0.33317638E+02  0.33122371E+02  0.32924134E+02
  0.32723140E+02  0.32519593E+02  0.32313688E+02  0.32105593E+02  0.31895505E+02
  0.31683602E+02  0.31470017E+02  0.31254912E+02  0.31038438E+02  0.30820742E+02
  0.30601972E+02  0.30382232E+02  0.30161633E+02  0.29940304E+02  0.29718365E+02
  0.29495894E+02  0.29272974E+02  0.29049683E+02  0.28826105E+02  0.28602360E+02
  0.28378508E+02  0.28154617E+02  0.27930767E+02  0.27707000E+02  0.27483372E+02
  0.27259957E+02  0.27036812E+02  0.26813998E+02  0.26591562E+02  0.26369540E+02
  0.26147992E+02  0.25926946E+02  0.25706440E+02  0.25486519E+02  0.25267248E+02
  0.25048687E+02  0.24830849E+02  0.24613764E+02  0.24397455E+02  0.24181973E+02
  0.23967355E+02  0.23753628E+02  0.23540852E+02  0.23329060E+02  0.23118256E+02
  0.22908472E+02  0.22699714E+02  0.22491981E+02  0.22285291E+02  0.22079634E+02
  0.21875042E+02  0.21671563E+02  0.21469237E+02  0.21268105E+02
  0.10000000E+01  0.28221221E+01  0.45731953E+01  0.62432611E+01  0.78585767E+01
  0.94219151E+01  0.10936070E+02  0.12399033E+02  0.13813302E+02  0.15177396E+02
  0.16493501E+02  0.17761304E+02  0.18982764E+02  0.20158335E+02  0.21289532E+02
  0.22376829E+02  0.23421183E+02  0.24423038E+02  0.25383132E+02  0.26302047E+02
  0.27180447E+02  0.28018994E+02  0.28818338E+02  0.29579234E+02  0.30302300E+02
  0.30988284E+02  0.31637903E+02  0.32251950E+02  0.32831259E+02  0.33376731E+02
  0.33889218E+02  0.34369667E+02  0.34818969E+02  0.35238127E+02  0.35628131E+02
  0.35989991E+02  0.36324719E+02  0.36633283E+02  0.36916577E+02  0.37175495E+02
  0.37411029E+02  0.37624068E+02  0.37815499E+02  0.37986205E+02  0.38136999E+02
  0.38268608E+02  0.38381879E+02  0.38477584E+02  0.38556373E+02  0.38619058E+02
  0.38666254E+02  0.38698742E+02  0.38717130E+02  0.38722088E+02  0.38714247E+02
  0.38694211E+02  0.38662567E+02  0.38619873E+02  0.38566680E+02  0.38503515E+02
  0.38430868E+02  0.38349231E+02  0.38259092E+02  0.38160916E+02  0.38055157E+02
  0.37942192E+02  0.37822442E+02  0.37696313E+02  0.37564212E+02  0.37426525E+02
  0.37283560E+02  0.37135632E+02  0.36983043E+02  0.36826059E+02  0.36664938E+02
  0.36499907E+02  0.36331201E+02  0.36159017E+02  0.35983544E+02  0.35804986E+02
  0.35623550E+02  0.35439414E+02  0.35252743E+02  0.35063715E+02  0.34872501E+02
  0.34679241E+02  0.34484075E+02  0.34287138E+02  0.34088572E+02  0.33888490E+02
  0.33687019E+02  0.33484258E+02  0.33280305E+02  0.33075263E+02  0.32869229E+02
  0.32662304E+02  0.32454578E+02  0.32246146E+02  0.32037072E+02  0.31827432E+02
  0.31617291E+02  0.31406711E+02  0.31195763E+02  0.30984529E+02  0.30773067E+02
  0.30561434E+02  0.30349671E+02  0.30137796E+02  0.29925862E+02  0.29713945E+02
  0.29502132E+02  0.29290459E+02  0.29078955E+02  0.28867647E+02  0.28656580E+02
  0.28445817E+02  0.28235417E+02  0.28025453E+02  0.27815948E+02  0.27606922E+02
  0.27398385E+02  0.27190369E+02  0.26982889E+02  0.26775956E+02  0.26569575E+02
  0.26363748E+02  0.26158514E+02  0.25953926E+02  0.25750060E+02
  0.10000000E+01  0.28232702E+01  0.45772913E+01  0.62524968E+01  0.78750842E+01
  0.94479678E+01  0.10973811E+02  0.12450773E+02  0.13881202E+02  0.15263736E+02
  0.16600473E+02  0.17891166E+02  0.19137725E+02  0.20340636E+02  0.21501372E+02
  0.22620442E+02  0.23698772E+02  0.24736821E+02  0.25735299E+02  0.26694788E+02
  0.27615916E+02  0.28499331E+02  0.29345623E+02  0.30155512E+02  0.30929559E+02
  0.31668475E+02  0.32372918E+02  0.33043630E+02  0.33681388E+02  0.34287020E+02
  0.34861309E+02  0.35405123E+02  0.35919292E+02  0.36404715E+02  0.36862304E+02
  0.37292964E+02  0.37697622E+02  0.38077143E+02  0.38432349E+02  0.38764024E+02
  0.39073052E+02  0.39360226E+02  0.39626320E+02  0.39872119E+02  0.40098357E+02
  0.40305677E+02  0.40494840E+02  0.40666509E+02  0.40821247E+02  0.40959783E+02
  0.41082638E+02  0.41190519E+02  0.41283968E+02  0.41363563E+02  0.41429870E+02
  0.41483416E+02  0.41524725E+02  0.41554307E+02  0.41572651E+02  0.41580238E+02
  0.41577498E+02  0.41564866E+02  0.41542806E+02  0.41511752E+02  0.41472132E+02
  0.41424299E+02  0.41368642E+02  0.41305529E+02  0.41235349E+02  0.41158474E+02
  0.41075240E+02  0.40985939E+02  0.40890853E+02  0.40790255E+02  0.40684373E+02
  0.40573451E+02  0.40457734E+02  0.40337438E+02  0.40212767E+02  0.40083919E+02
  0.39951092E+02  0.39814471E+02  0.39674248E+02  0.39530607E+02  0.39383731E+02
  0.39233785E+02  0.39080899E+02  0.38925222E+02  0.38766918E+02  0.38606123E+02
  0.38442971E+02  0.38277572E+02  0.38110027E+02  0.37940462E+02  0.37768978E+02
  0.37595669E+02  0.37420664E+02  0.37244066E+02  0.37065956E+02  0.36886415E+02
  0.36705512E+02  0.36523328E+02  0.36339937E+02  0.36155428E+02  0.35969902E+02
  0.35783421E+02  0.35596039E+02  0.35407799E+02  0.35218749E+02  0.35028965E+02
  0.34838518E+02  0.34647481E+02  0.34455894E+02  0.34263788E+02  0.34071197E+02
  0.33878187E+02  0.33684844E+02  0.33491248E+02  0.33297465E+02  0.33103521E+02
  0.32909409E+02  0.32715145E+02  0.32520735E+02  0.32326203E+02  0.32131554E+02
  0.31936819E+02  0.31742051E+02  0.31547294E+02  0.31352632E+02
  0.10000000E+01  0.28260334E+01  0.45869111E+01  0.62736269E+01  0.79119882E+01
  0.95046864E+01  0.11054058E+02  0.12558119E+02  0.14018958E+02  0.15435134E+02
  0.16808504E+02  0.18138684E+02  0.19427329E+02  0.20674744E+02  0.21882198E+02
  0.23050047E+02  0.24179070E+02  0.25269641E+02  0.26322343E+02  0.27337674E+02
  0.28316142E+02  0.29258323E+02  0.30164717E+02  0.31035961E+02  0.31872550E+02
  0.32675104E+02  0.33444185E+02  0.34180437E+02  0.34884544E+02  0.35557236E+02
  0.36199216E+02  0.36811238E+02  0.37394047E+02  0.37948414E+02  0.38475175E+02
  0.38975119E+02  0.39449101E+02  0.39897879E+02  0.40322207E+02  0.40722771E+02
  0.41100373E+02  0.41455735E+02  0.41789549E+02  0.42102566E+02  0.42395427E+02
  0.42668719E+02  0.42923150E+02  0.43159337E+02  0.43377818E+02  0.43579272E+02
  0.43764193E+02  0.43933236E+02  0.44086907E+02  0.44225760E+02  0.44350338E+02
  0.44461151E+02  0.44558690E+02  0.44643430E+02  0.44715848E+02  0.44776417E+02
  0.44825577E+02  0.44863765E+02  0.44891418E+02  0.44908960E+02  0.44916803E+02
  0.44915305E+02  0.44904871E+02  0.44885886E+02  0.44858735E+02  0.44823770E+02
  0.44781316E+02  0.44731676E+02  0.44675153E+02  0.44612051E+02  0.44542624E+02
  0.44467114E+02  0.44385768E+02  0.44298807E+02  0.44206436E+02  0.44108884E+02
  0.44006361E+02  0.43899076E+02  0.43787230E+02  0.43671034E+02  0.43550679E+02
  0.43426344E+02  0.43298202E+02  0.43166399E+02  0.43031107E+02  0.42892488E+02
  0.42750684E+02  0.42605818E+02  0.42458020E+02  0.42307410E+02  0.42154101E+02
  0.41998217E+02  0.41839891E+02  0.41679252E+02  0.41516401E+02  0.41351420E+02
  0.41184385E+02  0.41015390E+02  0.40844542E+02  0.40671925E+02  0.40497633E+02
  0.40321756E+02  0.40144366E+02  0.39965510E+02  0.39785254E+02  0.39603702E+02
  0.39420941E+02  0.39237021E+02  0.39051994E+02  0.38865907E+02  0.38678830E+02
  0.38490824E+02  0.38301986E+02  0.38112393E+02  0.37922105E+02  0.37731173E+02
  0.37539618E+02  0.37347448E+02  0.37154682E+02  0.36961322E+02  0.36767378E+02
  0.36572887E+02  0.36377900E+02  0.36182493E+02  0.35986758E+02
  0.10000000E+01  0.28261044E+01  0.45873666E+01  0.62751269E+01  0.79155124E+01
  0.95115970E+01  0.11065834E+02  0.12576564E+02  0.14045881E+02  0.15472512E+02
  0.16858323E+02  0.18203055E+02  0.19508409E+02  0.20774788E+02  0.22003501E+02
  0.23195017E+02  0.24350140E+02  0.25469288E+02  0.26553018E+02  0.27601842E+02
  0.28616232E+02  0.29596746E+02  0.30543809E+02  0.31458022E+02  0.32339794E+02
  0.33189689E+02  0.34008215E+02  0.34795946E+02  0.35553499E+02  0.36281513E+02
  0.36980612E+02  0.37651461E+02  0.38294719E+02  0.38911052E+02  0.39501213E+02
  0.40065867E+02  0.40605765E+02  0.41121539E+02  0.41613845E+02  0.42083263E+02
  0.42530493E+02  0.42956147E+02  0.43360826E+02  0.43745147E+02  0.44109675E+02
  0.44454908E+02  0.44781444E+02  0.45089819E+02  0.45380504E+02  0.45654094E+02
  0.45911012E+02  0.46151837E+02  0.46377016E+02  0.46587049E+02  0.46782411E+02
  0.46963565E+02  0.47130949E+02  0.47284994E+02  0.47426140E+02  0.47554815E+02
  0.47671417E+02  0.47776342E+02  0.47870011E+02  0.47952825E+02  0.48025172E+02
  0.48087406E+02  0.48139905E+02  0.48183018E+02  0.48217113E+02  0.48242529E+02
  0.48259589E+02  0.48268605E+02  0.48269892E+02  0.48263752E+02  0.48250439E+02
  0.48230179E+02  0.48203207E+02  0.48169765E+02  0.48130065E+02  0.48084344E+02
  0.48032820E+02  0.47975705E+02  0.47913183E+02  0.47845472E+02  0.47772779E+02
  0.47695277E+02  0.47613165E+02  0.47526601E+02  0.47435737E+02  0.47340739E+02
  0.47241750E+02  0.47138911E+02  0.47032378E+02  0.46922293E+02  0.46808791E+02
  0.46691999E+02  0.46572032E+02  0.46449004E+02  0.46323033E+02  0.46194212E+02
  0.46062635E+02  0.45928416E+02  0.45791630E+02  0.45652372E+02  0.45510749E+02
  0.45366842E+02  0.45220728E+02  0.45072486E+02  0.44922207E+02  0.44769969E+02
  0.44615861E+02  0.44459934E+02  0.44302249E+02  0.44142873E+02  0.43981885E+02
  0.43819375E+02  0.43655448E+02  0.43490178E+02  0.43323624E+02  0.43155839E+02
  0.42986841E+02  0.42816642E+02  0.42645252E+02  0.42472682E+02  0.42298935E+02
  0.42124054E+02  0.41948101E+02  0.41771177E+02  0.41593366E+02
  0.10000000E+01  0.28255382E+01  0.45855534E+01  0.62714770E+01  0.79096888E+01
  0.95035546E+01  0.11055632E+02  0.12564503E+02  0.14032296E+02  0.15457897E+02
  0.16843215E+02  0.18188133E+02  0.19494429E+02  0.20762636E+02  0.21994131E+02
  0.23189496E+02  0.24349595E+02  0.25474914E+02  0.26566040E+02  0.27623512E+02
  0.28647813E+02  0.29639522E+02  0.30599071E+02  0.31527057E+02  0.32423876E+02
  0.33290103E+02  0.34126224E+02  0.34932832E+02  0.35710535E+02  0.36459949E+02
  0.37181702E+02  0.37876419E+02  0.38544761E+02  0.39187365E+02  0.39804957E+02
  0.40398177E+02  0.40967747E+02  0.41514259E+02  0.42038344E+02  0.42540533E+02
  0.43021500E+02  0.43481800E+02  0.43921994E+02  0.44342659E+02  0.44744318E+02
  0.45127434E+02  0.45492556E+02  0.45840174E+02  0.46170692E+02  0.46484659E+02
  0.46782462E+02  0.47064649E+02  0.47331615E+02  0.47583811E+02  0.47821667E+02
  0.48045562E+02  0.48255919E+02  0.48453142E+02  0.48637632E+02  0.48809782E+02
  0.48969937E+02  0.49118451E+02  0.49255698E+02  0.49382071E+02  0.49497934E+02
  0.49603603E+02  0.49699427E+02  0.49785719E+02  0.49862802E+02  0.49931020E+02
  0.49990668E+02  0.50042050E+02  0.50085458E+02  0.50121143E+02  0.50149351E+02
  0.50170319E+02  0.50184268E+02  0.50191421E+02  0.50191985E+02  0.50186179E+02
  0.50174216E+02  0.50156288E+02  0.50132612E+02  0.50103389E+02  0.50068805E+02
  0.50029028E+02  0.49984227E+02  0.49934559E+02  0.49880210E+02  0.49821337E+02
  0.49758085E+02  0.49690586E+02  0.49618963E+02  0.49543362E+02  0.49463910E+02
  0.49380737E+02  0.49293994E+02  0.49203806E+02  0.49110255E+02  0.49013429E+02
  0.48913437E+02  0.48810368E+02  0.48704344E+02  0.48595456E+02  0.48483803E+02
  0.48369468E+02  0.48252527E+02  0.48133054E+02  0.48011128E+02  0.47886845E+02
  0.47760300E+02  0.47631561E+02  0.47500675E+02  0.47367715E+02  0.47232742E+02
  0.47095837E+02  0.46957121E+02  0.46816689E+02  0.46674609E+02  0.46530917E+02
  0.46385633E+02  0.46238770E+02  0.46090336E+02  0.45940345E+02  0.45788822E+02
  0.45635800E+02  0.45481346E+02  0.45325543E+02  0.45168493E+02
  0.10000000E+01  0.28278541E+01  0.45936537E+01  0.62892966E+01  0.79408341E+01
  0.95514489E+01  0.11123420E+02  0.12655227E+02  0.14148775E+02  0.15602890E+02
  0.17019290E+02  0.18397751E+02  0.19739860E+02  0.21046000E+02  0.22317393E+02
  0.23554506E+02  0.24758074E+02  0.25928525E+02  0.27066338E+02  0.28172007E+02
  0.29245917E+02  0.30288593E+02  0.31300372E+02  0.32281805E+02  0.33233225E+02
  0.34155147E+02  0.35047994E+02  0.35912274E+02  0.36748508E+02  0.37557240E+02
  0.38339029E+02  0.39094419E+02  0.39824013E+02  0.40528350E+02  0.41208107E+02
  0.41863820E+02  0.42496159E+02  0.43105630E+02  0.43692798E+02  0.44258139E+02
  0.44802263E+02  0.45325661E+02  0.45828857E+02  0.46312365E+02  0.46776651E+02
  0.47222144E+02  0.47649346E+02  0.48058725E+02  0.48450659E+02  0.48825659E+02
  0.49184086E+02  0.49526434E+02  0.49853072E+02  0.50164436E+02  0.50460921E+02
  0.50742918E+02  0.51010792E+02  0.51264912E+02  0.51505659E+02  0.51733404E+02
  0.51948524E+02  0.52151355E+02  0.52342260E+02  0.52521579E+02  0.52689657E+02
  0.52846800E+02  0.52993345E+02  0.53129624E+02  0.53255975E+02  0.53372700E+02
  0.53480097E+02  0.53578433E+02  0.53667993E+02  0.53749072E+02  0.53821905E+02
  0.53886716E+02  0.53943733E+02  0.53993165E+02  0.54035213E+02  0.54070111E+02
  0.54098078E+02  0.54119314E+02  0.54134023E+02  0.54142400E+02  0.54144638E+02
  0.54140930E+02  0.54131466E+02  0.54116421E+02  0.54095947E+02  0.54070203E+02
  0.54039356E+02  0.54003538E+02  0.53962899E+02  0.53917602E+02  0.53867780E+02
  0.53813569E+02  0.53755109E+02  0.53692518E+02  0.53625915E+02  0.53555412E+02
  0.53481104E+02  0.53403091E+02  0.53321492E+02  0.53236419E+02  0.53147975E+02
  0.53056262E+02  0.52961360E+02  0.52863354E+02  0.52762316E+02  0.52658374E+02
  0.52551624E+02  0.52442121E+02  0.52329938E+02  0.52215136E+02  0.52097788E+02
  0.51978011E+02  0.51855919E+02  0.51731631E+02  0.51605227E+02  0.51476741E+02
  0.51346195E+02  0.51213600E+02  0.51078964E+02  0.50942289E+02  0.50803603E+02
  0.50662942E+02  0.50520381E+02  0.50376025E+02  0.50229993E+02
  0.10000000E+01  0.28254442E+01  0.45855684E+01  0.62720920E+01  0.79116675E+01
  0.95080203E+01  0.11063756E+02  0.12577783E+02  0.14052195E+02  0.15486101E+02
  0.16881415E+02  0.18238207E+02  0.19558317E+02  0.20842432E+02  0.22091995E+02
  0.23307725E+02  0.24490531E+02  0.25640989E+02  0.26759684E+02  0.27847218E+02
  0.28904052E+02  0.29930809E+02  0.30927878E+02  0.31895879E+02  0.32835163E+02
  0.33746306E+02  0.34629774E+02  0.35486143E+02  0.36315999E+02  0.37119944E+02
  0.37898595E+02  0.38652522E+02  0.39382371E+02  0.40088706E+02  0.40772252E+02
  0.41433573E+02  0.42073372E+02  0.42692163E+02  0.43290536E+02  0.43868940E+02
  0.44427991E+02  0.44968173E+02  0.45490007E+02  0.45993993E+02  0.46480577E+02
  0.46950153E+02  0.47403178E+02  0.47840094E+02  0.48261234E+02  0.48667068E+02
  0.49057890E+02  0.49434178E+02  0.49796245E+02  0.50144474E+02  0.50479205E+02
  0.50800767E+02  0.51109489E+02  0.51405693E+02  0.51689700E+02  0.51961842E+02
  0.52222417E+02  0.52471695E+02  0.52709997E+02  0.52937625E+02  0.53154886E+02
  0.53362032E+02  0.53559347E+02  0.53747098E+02  0.53925561E+02  0.54095014E+02
  0.54255723E+02  0.54407909E+02  0.54551829E+02  0.54687702E+02  0.54815719E+02
  0.54936077E+02  0.55048971E+02  0.55154605E+02  0.55253158E+02  0.55344808E+02
  0.55429732E+02  0.55508101E+02  0.55580087E+02  0.55645877E+02  0.55705655E+02
  0.55759583E+02  0.55807817E+02  0.55850496E+02  0.55887758E+02  0.55919761E+02
  0.55946630E+02  0.55968498E+02  0.55985482E+02  0.55997721E+02  0.56005347E+02
  0.56008475E+02  0.56007242E+02  0.56001749E+02  0.55992092E+02  0.55978348E+02
  0.55960622E+02  0.55939012E+02  0.55913625E+02  0.55884566E+02  0.55851917E+02
  0.55815762E+02  0.55776198E+02  0.55733303E+02  0.55687159E+02  0.55637854E+02
  0.55585472E+02  0.55530078E+02  0.55471712E+02  0.55410465E+02  0.55346413E+02
  0.55279645E+02  0.55210267E+02  0.55138368E+02  0.55064029E+02  0.54987322E+02
  0.54908263E+02  0.54826851E+02  0.54743089E+02  0.54656962E+02  0.54568493E+02
  0.54477723E+02  0.54384765E+02  0.54289724E+02  0.54192690E+02
   128
  0.10000000E+01  0.23735751E+01  0.30416572E+01  0.31150392E+01  0.28488761E+01
  0.24100114E+01  0.19299961E+01  0.14815517E+01  0.11036516E+01  0.79846588E+00
  0.56157242E+00  0.38139529E+00  0.24887089E+00  0.15275975E+00  0.85251703E-01
  0.40122634E-01  0.13515738E-01  0.29090469E-03 -0.51083601E-02 -0.68326505E-02
 -0.66426475E-02 -0.47531532E-02 -0.14781717E-02  0.22416713E-02  0.52138310E-02
  0.66980654E-02  0.66198286E-02  0.54121032E-02  0.36343243E-02  0.17154197E-02
 -0.68332548E-04 -0.15543886E-02 -0.26265840E-02  0.00000000E+00  0.00000000E+00
  0.00000000E+00  0.00000000E+00  0.00000000E+00  0.00000000E+00  0.00000000E+00
  0.00000000E+00  0.00000000E+00  0.00000000E+00  0.00000000E+00  0.00000000E+00
  0.00000000E+00  0.00000000E+00  0.00000000E+00  0.00000000E+00  0.00000000E+00
  0.00000000E+00  0.00000000E+00  0.00000000E+00  0.00000000E+00  0.00000000E+00
  0.00000000E+00  0.00000000E+00  0.00000000E+00  0.00000000E+00  0.00000000E+00
  0.00000000E+00  0.00000000E+00  0.00000000E+00  0.00000000E+00  0.00000000E+00
  0.00000000E+00  0.00000000E+00  0.00000000E+00  0.00000000E+00  0.00000000E+00
  0.00000000E+00  0.00000000E+00  0.00000000E+00  0.00000000E+00  0.00000000E+00
  0.00000000E+00  0.00000000E+00  0.00000000E+00  0.00000000E+00  0.00000000E+00
  0.00000000E+00  0.00000000E+00  0.00000000E+00  0.00000000E+00  0.00000000E+00
  0.00000000E+00  0.00000000E+00  0.00000000E+00  0.00000000E+00  0.00000000E+00
  0.00000000E+00  0.00000000E+00  0.00000000E+00  0.00000000E+00  0.00000000E+00
  0.00000000E+00  0.00000000E+00  0.00000000E+00  0.00000000E+00  0.00000000E+00
  0.00000000E+00  0.00000000E+00  0.00000000E+00  0.00000000E+00  0.00000000E+00
  0.00000000E+00  0.00000000E+00  0.00000000E+00  0.00000000E+00  0.00000000E+00
  0.00000000E+00  0.00000000E+00  0.00000000E+00  0.00000000E+00  0.00000000E+00
  0.00000000E+00  0.00000000E+00  0.00000000E+00  0.00000000E+00  0.00000000E+00
  0.00000000E+00  0.00000000E+00  0.00000000E+00  0.00000000E+00  0.00000000E+00
  0.00000000E+00  0.00000000E+00  0.00000000E+00  0.00000000E+00
  0.10000000E+01  0.25247384E+01  0.35430570E+01  0.40589661E+01  0.42104071E+01
  0.40950565E+01  0.38082101E+01  0.34222331E+01  0.29933819E+01  0.25488320E+01
  0.21131370E+01  0.17019561E+01  0.13314053E+01  0.10078284E+01  0.73686235E+00
  0.51887134E+00  0.35388811E+00  0.23492361E+00  0.15202591E+00  0.95240505E-01
  0.57884184E-01  0.35432548E-01  0.23811644E-01  0.18810085E-01  0.16729847E-01
  0.15139033E-01  0.12974658E-01  0.10147896E-01  0.69965474E-02  0.39125968E-02
  0.11809342E-02 -0.10335666E-02 -0.26510920E-02  0.00000000E+00  0.00000000E+00
  0.00000000E+00  0.00000000E+00  0.00000000E+00  0.00000000E+00  0.00000000E+00
  0.00000000E+00  0.00000000E+00  0.00000000E+00  0.00000000E+00  0.00000000E+00
  0.00000000E+00  0.00000000E+00  0.00000000E+00  0.00000000E+00  0.00000000E+00
  0.00000000E+00  0.00000000E+00  0.00000000E+00  0.00000000E+00  0.00000000E+00
  0.00000000E+00  0.00000000E+00  0.00000000E+00  0.00000000E+00  0.00000000E+00
  0.00000000E+00  0.00000000E+00  0.00000000E+00  0.00000000E+00  0.00000000E+00
  0.00000000E+00  0.00000000E+00  0.00000000E+00  0.00000000E+00  0.00000000E+00
  0.00000000E+00  0.00000000E+00  0.00000000E+00  0.00000000E+00  0.00000000E+00
  0.00000000E+00  0.00000000E+00  0.00000000E+00  0.00000000E+00  0.00000000E+00
  0.00000000E+00  0.00000000E+00  0.00000000E+00  0.00000000E+00  0.00000000E+00
  0.00000000E+00  0.00000000E+00  0.00000000E+00  0.00000000E+00  0.00000000E+00
  0.00000000E+00  0.00000000E+00  0.00000000E+00  0.00000000E+00  0.00000000E+00
  0.00000000E+00  0.00000000E+00  0.00000000E+00  0.00000000E+00  0.00000000E+00
  0.00000000E+00  0.00000000E+00  0.00000000E+00  0.00000000E+00  0.00000000E+00
  0.00000000E+00  0.00000000E+00  0.00000000E+00  0.00000000E+00  0.00000000E+00
  0.00000000E+00  0.00000000E+00  0.00000000E+00  0.00000000E+00  0.00000000E+00
  0.00000000E+00  0.00000000E+00  0.00000000E+00  0.00000000E+00  0.00000000E+00
  0.00000000E+00  0.00000000E+00  0.00000000E+00  0.00000000E+00  0.00000000E+00
  0.00000000E+00  0.00000000E+00  0.00000000E+00  0.00000000E+00
  0.10000000E+01  0.25937933E+01  0.37946309E+01  0.45779671E+01  0.50324654E+01
  0.52182969E+01  0.51969897E+01  0.50191298E+01  0.47282673E+01  0.43490233E+01
  0.39102627E+01  0.34372816E+01  0.29592798E+01  0.24964761E+01  0.20681970E+01
  0.16859984E+01  0.13592476E+01  0.10875031E+01  0.86587692E+00  0.68692979E+00
  0.54486331E+00  0.43437847E+00  0.34962672E+00  0.28414765E+00  0.23216344E+00
  0.18954770E+00  0.15377876E+00  0.12354478E+00  0.98089852E-01  0.76934252E-01
  0.59598882E-01  0.45636402E-01  0.34596427E-01  0.26076339E-01  0.19708593E-01
  0.15125077E-01  0.11943399E-01  0.98266196E-02  0.84342060E-02  0.74574616E-02
  0.66389009E-02  0.58045706E-02  0.49190252E-02  0.40195247E-02  0.31530119E-02
  0.23308437E-02  0.15417663E-02  0.83172533E-03  0.26791964E-03 -0.95516050E-04
  0.00000000E+00  0.00000000E+00  0.00000000E+00  0.00000000E+00  0.00000000E+00
  0.00000000E+00  0.00000000E+00  0.00000000E+00  0.00000000E+00  0.00000000E+00
  0.00000000E+00  0.00000000E+00  0.00000000E+00  0.00000000E+00  0.00000000E+00
  0.00000000E+00  0.00000000E+00  0.00000000E+00  0.00000000E+00  0.00000000E+00
  0.00000000E+00  0.00000000E+00  0.00000000E+00  0.00000000E+00  0.00000000E+00
  0.00000000E+00  0.00000000E+00  0.00000000E+00  0.00000000E+00  0.00000000E+00
  0.00000000E+00  0.00000000E+00  0.00000000E+00  0.00000000E+00  0.00000000E+00
  0.00000000E+00  0.00000000E+00  0.00000000E+00  0.00000000E+00  0.00000000E+00
  0.00000000E+00  0.00000000E+00  0.00000000E+00  0.00000000E+00  0.00000000E+00
  0.00000000E+00  0.00000000E+00  0.00000000E+00  0.00000000E+00  0.00000000E+00
  0.00000000E+00  0.00000000E+00  0.00000000E+00  0.00000000E+00  0.00000000E+00
  0.00000000E+00  0.00000000E+00  0.00000000E+00  0.00000000E+00  0.00000000E+00
  0.00000000E+00  0.00000000E+00  0.00000000E+00  0.00000000E+00  0.00000000E+00
  0.00000000E+00  0.00000000E+00  0.00000000E+00  0.00000000E+00  0.00000000E+00
  0.00000000E+00  0.00000000E+00  0.00000000E+00  0.00000000E+00  0.00000000E+00
  0.00000000E+00  0.00000000E+00  0.00000000E+00  0.00000000E+00
  0.10000000E+01  0.26326835E+01  0.39393796E+01  0.48938324E+01  0.55644500E+01
  0.59936041E+01  0.62225617E+01  0.62857267E+01  0.62132745E+01  0.60224591E+01
  0.57353349E+01  0.53729164E+01  0.49616181E+01  0.45225938E+01  0.40777605E+01
  0.36433265E+01  0.32340106E+01  0.28564376E+01  0.25134650E+01  0.22046150E+01
  0.19294229E+01  0.16865182E+01  0.14730459E+01  0.12849708E+01  0.11182830E+01
  0.97004842E+00  0.83819270E+00  0.72140170E+00  0.61849260E+00  0.52839807E+00
  0.44995864E+00  0.38207810E+00  0.32364872E+00  0.27361033E+00  0.23091601E+00
  0.19461822E+00  0.16384359E+00  0.13780094E+00  0.11571351E+00  0.96839205E-01
  0.80609489E-01  0.66667160E-01  0.54762864E-01  0.44665543E-01  0.36116707E-01
  0.28913392E-01  0.22907431E-01  0.17935652E-01  0.13847595E-01  0.10538836E-01
  0.79164123E-02  0.59149447E-02  0.44336314E-02  0.33889097E-02  0.26895321E-02
  0.22520328E-02  0.19795906E-02  0.17782723E-02  0.16044621E-02  0.14196315E-02
  0.12053640E-02  0.96268366E-03  0.71310083E-03  0.49737297E-03  0.33092761E-03
  0.18234324E-03  0.44784804E-04 -0.57933355E-04  0.00000000E+00  0.00000000E+00
  0.00000000E+00  0.00000000E+00  0.00000000E+00  0.00000000E+00  0.00000000E+00
  0.00000000E+00  0.00000000E+00  0.00000000E+00  0.00000000E+00  0.00000000E+00
  0.00000000E+00  0.00000000E+00  0.00000000E+00  0.00000000E+00  0.00000000E+00
  0.00000000E+00  0.00000000E+00  0.00000000E+00  0.00000000E+00  0.00000000E+00
  0.00000000E+00  0.00000000E+00  0.00000000E+00  0.00000000E+00  0.00000000E+00
  0.00000000E+00  0.00000000E+00  0.00000000E+00  0.00000000E+00  0.00000000E+00
  0.00000000E+00  0.00000000E+00  0.00000000E+00  0.00000000E+00  0.00000000E+00
  0.00000000E+00  0.00000000E+00  0.00000000E+00  0.00000000E+00  0.00000000E+00
  0.00000000E+00  0.00000000E+00  0.00000000E+00  0.00000000E+00  0.00000000E+00
  0.00000000E+00  0.00000000E+00  0.00000000E+00  0.00000000E+00  0.00000000E+00
  0.00000000E+00  0.00000000E+00  0.00000000E+00  0.00000000E+00  0.00000000E+00
  0.00000000E+00  0.00000000E+00  0.00000000E+00  0.00000000E+00
  0.10000000E+01  0.26656510E+01  0.40581263E+01  0.51478269E+01  0.59882263E+01
  0.66091517E+01  0.70384549E+01  0.73002764E+01  0.74170550E+01  0.74026102E+01
  0.72751725E+01  0.70524089E+01  0.67569680E+01  0.64079554E+01  0.60257093E+01
  0.56263490E+01  0.52252626E+01  0.48315641E+01  0.44516153E+01  0.40887291E+01
  0.37457432E+01  0.34242356E+01  0.31241217E+01  0.28440236E+01  0.25823029E+01
  0.23379512E+01  0.21104797E+01  0.18997655E+01  0.17055135E+01  0.15273837E+01
  0.13647994E+01  0.12171319E+01  0.10836626E+01  0.96351113E+00  0.85571773E+00
  0.75920518E+00  0.67285084E+00  0.59570999E+00  0.52682511E+00  0.46531727E+00
  0.41037851E+00  0.36135851E+00  0.31769941E+00  0.27894147E+00  0.24454531E+00
  0.21398728E+00  0.18682055E+00  0.16269597E+00  0.14127314E+00  0.12232711E+00
  0.10562769E+00  0.91092649E-01  0.78575134E-01  0.67885735E-01  0.58723754E-01
  0.50839871E-01  0.44058903E-01  0.38230970E-01  0.33197725E-01  0.28791728E-01
  0.24946570E-01  0.21599199E-01  0.18709364E-01  0.16233783E-01  0.14105393E-01
  0.12288075E-01  0.10782219E-01  0.95518616E-02  0.85464327E-02  0.77314248E-02
  0.70715994E-02  0.65188150E-02  0.60227049E-02  0.55484438E-02  0.51097674E-02
  0.47037449E-02  0.42664220E-02  0.37961348E-02  0.33068221E-02  0.28522831E-02
  0.24488362E-02  0.20684307E-02  0.16978038E-02  0.13689521E-02  0.11279423E-02
  0.96255446E-03  0.80941773E-03  0.65179592E-03  0.49422003E-03  0.38039478E-03
  0.30678133E-03  0.22939858E-03  0.16311895E-03  0.10153033E-03  0.58881322E-04
  0.46215917E-04  0.67503082E-04  0.10473056E-03  0.14907301E-03  0.20092960E-03
  0.25362478E-03  0.31468218E-03  0.37366484E-03  0.40719460E-03  0.39732424E-03
  0.37087177E-03  0.31724029E-03  0.26020456E-03  0.19451761E-03  0.10581318E-03
  0.93509591E-05 -0.10097235E-03  0.00000000E+00  0.00000000E+00  0.00000000E+00
  0.00000000E+00  0.00000000E+00  0.00000000E+00  0.00000000E+00  0.00000000E+00
  0.00000000E+00  0.00000000E+00  0.00000000E+00  0.00000000E+00  0.00000000E+00
  0.00000000E+00  0.00000000E+00  0.00000000E+00  0.00000000E+00
  0.10000000E+01  0.26861915E+01  0.41307090E+01  0.53039111E+01  0.62532726E+01
  0.70028500E+01  0.75743128E+01  0.79862725E+01  0.82567610E+01  0.83972079E+01
  0.84229796E+01  0.83487766E+01  0.81935696E+01  0.79734624E+01  0.77056030E+01
  0.74038326E+01  0.70816733E+01  0.67478327E+01  0.64092291E+01  0.60703702E+01
  0.57353428E+01  0.54071478E+01  0.50873272E+01  0.47763442E+01  0.44743327E+01
  0.41817912E+01  0.38996343E+01  0.36288649E+01  0.33702196E+01  0.31242901E+01
  0.28914037E+01  0.26718422E+01  0.24657835E+01  0.22731010E+01  0.20935783E+01
  0.19266957E+01  0.17718241E+01  0.16284567E+01  0.14958940E+01  0.13735141E+01
  0.12606513E+01  0.11567218E+01  0.10611196E+01  0.97335610E+00  0.89271844E+00
  0.81855121E+00  0.75031172E+00  0.68754269E+00  0.62972681E+00  0.57667804E+00
  0.52792239E+00  0.48340396E+00  0.44276868E+00  0.40577272E+00  0.37197433E+00
  0.34104710E+00  0.31271188E+00  0.28673478E+00  0.26295484E+00  0.24114447E+00
  0.22111615E+00  0.20270035E+00  0.18575996E+00  0.17021001E+00  0.15597441E+00
  0.14294305E+00  0.13098597E+00  0.12001003E+00  0.10994887E+00  0.10073462E+00
  0.92295599E-01  0.84543364E-01  0.77407783E-01  0.70830506E-01  0.64790796E-01
  0.59228097E-01  0.54087805E-01  0.49329186E-01  0.44949458E-01  0.40940888E-01
  0.37274720E-01  0.33903446E-01  0.30807574E-01  0.28002536E-01  0.25499766E-01
  0.23250644E-01  0.21183719E-01  0.19253506E-01  0.17465429E-01  0.15824834E-01
  0.14318958E-01  0.12943988E-01  0.11676411E-01  0.10518759E-01  0.94534915E-02
  0.84937150E-02  0.76602000E-02  0.69353915E-02  0.62929169E-02  0.56994785E-02
  0.51244656E-02  0.45918766E-02  0.41371743E-02  0.37489362E-02  0.33731877E-02
  0.29861708E-02  0.26023904E-02  0.22575870E-02  0.19650827E-02  0.17011113E-02
  0.14541365E-02  0.12238611E-02  0.10158361E-02  0.82990507E-03  0.64743711E-03
  0.47534382E-03  0.35116707E-03  0.27821634E-03  0.22177488E-03  0.14675395E-03
  0.73505124E-04  0.49144213E-04  0.76054445E-04  0.11465284E-03  0.10745173E-03
  0.54462860E-04  0.95764887E-05  0.21735427E-05  0.16250603E-04
  0.10000000E+01  0.27154410E+01  0.42343647E+01  0.55262392E+01  0.66298155E+01
  0.75609573E+01  0.83331790E+01  0.89578101E+01  0.94473822E+01  0.98101754E+01
  0.10057977E+02  0.10201709E+02  0.10255668E+02  0.10232022E+02  0.10143658E+02
  0.10001163E+02  0.98152781E+01  0.95936887E+01  0.93434497E+01  0.90700489E+01
  0.87786708E+01  0.84736969E+01  0.81583711E+01  0.78351809E+01  0.75063225E+01
  0.71740801E+01  0.68411195E+01  0.65098794E+01  0.61824162E+01  0.58606292E+01
  0.55461270E+01  0.52404839E+01  0.49450907E+01  0.46608933E+01  0.43887178E+01
  0.41288579E+01  0.38814333E+01  0.36466544E+01  0.34243368E+01  0.32143832E+01
  0.30165027E+01  0.28303744E+01  0.26555011E+01  0.24915322E+01  0.23376992E+01
  0.21932473E+01  0.20575928E+01  0.19302300E+01  0.18105077E+01  0.16983164E+01
  0.15929273E+01  0.14943308E+01  0.14020107E+01  0.13157216E+01  0.12348866E+01
  0.11590427E+01  0.10877838E+01  0.10208196E+01  0.95792178E+00  0.89880864E+00
  0.84316994E+00  0.79075134E+00  0.74140506E+00  0.69500748E+00  0.65144206E+00
  0.61050519E+00  0.57202594E+00  0.53581712E+00  0.50175303E+00  0.46970302E+00
  0.43957827E+00  0.41128492E+00  0.38472433E+00  0.35979369E+00  0.33635575E+00
  0.31432940E+00  0.29365393E+00  0.27425531E+00  0.25608034E+00  0.23902094E+00
  0.22298268E+00  0.20792900E+00  0.19385151E+00  0.18069620E+00  0.16839799E+00
  0.15689782E+00  0.14614740E+00  0.13613800E+00  0.12683512E+00  0.11817024E+00
  0.11007206E+00  0.10252779E+00  0.95513646E-01  0.89002758E-01  0.82935348E-01
  0.77273200E-01  0.71998860E-01  0.67103456E-01  0.62560435E-01  0.58286643E-01
  0.54260132E-01  0.50467207E-01  0.46927448E-01  0.43646315E-01  0.40584927E-01
  0.37725582E-01  0.35014324E-01  0.32470124E-01  0.30116039E-01  0.27929660E-01
  0.25927182E-01  0.24090842E-01  0.22393972E-01  0.20804042E-01  0.19321595E-01
  0.17946094E-01  0.16677424E-01  0.15528477E-01  0.14458855E-01  0.13444650E-01
  0.12519152E-01  0.11702548E-01  0.10970263E-01  0.10284385E-01  0.96161620E-02
  0.89854875E-02  0.83994727E-02  0.78793524E-02  0.73718863E-02
  0.10000000E+01  0.27365295E+01  0.43085679E+01  0.56863508E+01  0.69041075E+01
  0.79731066E+01  0.89025549E+01  0.96992030E+01  0.10372070E+02  0.10926821E+02
  0.11372526E+02  0.11717098E+02  0.11971278E+02  0.12143939E+02  0.12244358E+02
  0.12280044E+02  0.12258825E+02  0.12186610E+02  0.12069418E+02  0.11912335E+02
  0.11720356E+02  0.11498024E+02  0.11249078E+02  0.10976861E+02  0.10684499E+02
  0.10375129E+02  0.10052382E+02  0.97195340E+01  0.93795188E+01  0.90351286E+01
  0.86889274E+01  0.83435748E+01  0.80014943E+01  0.76645990E+01  0.73346427E+01
  0.70127366E+01  0.66998409E+01  0.63970282E+01  0.61048106E+01  0.58237612E+01
  0.55541650E+01  0.52961619E+01  0.50496166E+01  0.48145365E+01  0.45903316E+01
  0.43764189E+01  0.41723764E+01  0.39778491E+01  0.37922237E+01  0.36155466E+01
  0.34470167E+01  0.32867124E+01  0.31341007E+01  0.29889689E+01  0.28507404E+01
  0.27189308E+01  0.25931057E+01  0.24729926E+01  0.23583352E+01  0.22488207E+01
  0.21441467E+01  0.20440358E+01  0.19483245E+01  0.18568639E+01  0.17695231E+01
  0.16861058E+01  0.16064593E+01  0.15303811E+01  0.14577070E+01  0.13882534E+01
  0.13219116E+01  0.12585768E+01  0.11981546E+01  0.11405545E+01  0.10856130E+01
  0.10331930E+01  0.98318719E+00  0.93550455E+00  0.89006391E+00  0.84676569E+00
  0.80547372E+00  0.76609480E+00  0.72856335E+00  0.69279640E+00  0.65875352E+00
  0.62633941E+00  0.59546954E+00  0.56607938E+00  0.53810710E+00  0.51154715E+00
  0.48633618E+00  0.46240128E+00  0.43964902E+00  0.41800953E+00  0.39744118E+00
  0.37789392E+00  0.35934066E+00  0.34172169E+00  0.32495198E+00  0.30898141E+00
  0.29376564E+00  0.27927594E+00  0.26548765E+00  0.25235791E+00  0.23985980E+00
  0.22797344E+00  0.21666689E+00  0.20591018E+00  0.19568430E+00  0.18596862E+00
  0.17674361E+00  0.16798074E+00  0.15964814E+00  0.15170421E+00  0.14411051E+00
  0.13688867E+00  0.13004356E+00  0.12354734E+00  0.11738669E+00  0.11153752E+00
  0.10598011E+00  0.10071004E+00  0.95733089E-01  0.91023926E-01  0.86564467E-01
  0.82344052E-01  0.78365077E-01  0.74620802E-01  0.71060290E-01
  0.10000000E+01  0.27550416E+01  0.43730370E+01  0.58254348E+01  0.71430861E+01
  0.83339605E+01  0.94044611E+01  0.10357921E+02  0.11200733E+02  0.11936185E+02
  0.12571097E+02  0.13110828E+02  0.13563252E+02  0.13934495E+02  0.14230848E+02
  0.14457122E+02  0.14618499E+02  0.14719005E+02  0.14763213E+02  0.14755215E+02
  0.14699223E+02  0.14599273E+02  0.14458936E+02  0.14281704E+02  0.14070981E+02
  0.13830142E+02  0.13563146E+02  0.13273608E+02  0.12964953E+02  0.12640540E+02
  0.12303580E+02  0.11957483E+02  0.11605405E+02  0.11250059E+02  0.10894025E+02
  0.10539224E+02  0.10187409E+02  0.98404299E+01  0.94995128E+01  0.91659485E+01
  0.88406785E+01  0.85243934E+01  0.82174682E+01  0.79203776E+01  0.76329013E+01
  0.73548002E+01  0.70859862E+01  0.68263728E+01  0.65755414E+01  0.63337780E+01
  0.61003591E+01  0.58755167E+01  0.56587813E+01  0.54500777E+01  0.52488739E+01
  0.50547426E+01  0.48673044E+01  0.46863440E+01  0.45116696E+01  0.43430009E+01
  0.41800367E+01  0.40225518E+01  0.38704230E+01  0.37235379E+01  0.35818129E+01
  0.34450738E+01  0.33132005E+01  0.31859586E+01  0.30632328E+01  0.29448434E+01
  0.28306623E+01  0.27206066E+01  0.26145890E+01  0.25124906E+01  0.24141562E+01
  0.23194452E+01  0.22282406E+01  0.21404521E+01  0.20559730E+01  0.19746933E+01
  0.18964766E+01  0.18212028E+01  0.17487657E+01  0.16790786E+01  0.16120779E+01
  0.15476689E+01  0.14857582E+01  0.14262371E+01  0.13690252E+01  0.13140751E+01
  0.12613405E+01  0.12107163E+01  0.11620859E+01  0.11153576E+01  0.10704677E+01
  0.10273700E+01  0.98601002E+00  0.94626443E+00  0.90803401E+00  0.87127311E+00
  0.83592582E+00  0.80201415E+00  0.76948047E+00  0.73821631E+00  0.70816766E+00
  0.67929798E+00  0.65157838E+00  0.62501391E+00  0.59955444E+00  0.57514630E+00
  0.55172355E+00  0.52923763E+00  0.50768117E+00  0.48703058E+00  0.46724325E+00
  0.44827377E+00  0.43007394E+00  0.41260827E+00  0.39584358E+00  0.37976694E+00
  0.36435357E+00  0.34956401E+00  0.33536373E+00  0.32171280E+00  0.30860769E+00
  0.29603232E+00  0.28396731E+00  0.27240451E+00  0.26128804E+00
  0.10000000E+01  0.27689743E+01  0.44209886E+01  0.59295256E+01  0.73234121E+01
  0.86089251E+01  0.97911925E+01  0.10871565E+02  0.11854858E+02  0.12742519E+02
  0.13539673E+02  0.14249691E+02  0.14878434E+02  0.15430076E+02  0.15909043E+02
  0.16318423E+02  0.16661664E+02  0.16941385E+02  0.17160837E+02  0.17322982E+02
  0.17430980E+02  0.17487946E+02  0.17496731E+02  0.17460252E+02  0.17381436E+02
  0.17263240E+02  0.17109182E+02  0.16922579E+02  0.16706655E+02  0.16464680E+02
  0.16199884E+02  0.15915755E+02  0.15615602E+02  0.15302404E+02  0.14979060E+02
  0.14647903E+02  0.14311157E+02  0.13971154E+02  0.13629682E+02  0.13288574E+02
  0.12949326E+02  0.12613203E+02  0.12281110E+02  0.11954033E+02  0.11632306E+02
  0.11316198E+02  0.11006073E+02  0.10702209E+02  0.10404593E+02  0.10113784E+02
  0.98294014E+01  0.95518528E+01  0.92808797E+01  0.90166001E+01  0.87587339E+01
  0.85070727E+01  0.82614202E+01  0.80216972E+01  0.77878127E+01  0.75596002E+01
  0.73369030E+01  0.71195888E+01  0.69076340E+01  0.67009735E+01  0.64995745E+01
  0.63033352E+01  0.61121995E+01  0.59260228E+01  0.57447133E+01  0.55681510E+01
  0.53962654E+01  0.52290396E+01  0.50664126E+01  0.49083239E+01  0.47546505E+01
  0.46053036E+01  0.44602278E+01  0.43193430E+01  0.41825425E+01  0.40496983E+01
  0.39207045E+01  0.37954748E+01  0.36739513E+01  0.35560439E+01  0.34416571E+01
  0.33306896E+01  0.32230760E+01  0.31187520E+01  0.30176533E+01  0.29197118E+01
  0.28248303E+01  0.27329215E+01  0.26438956E+01  0.25576548E+01  0.24741228E+01
  0.23932490E+01  0.23149469E+01  0.22391347E+01  0.21657190E+01  0.20946300E+01
  0.20257878E+01  0.19591410E+01  0.18946570E+01  0.18322577E+01  0.17718751E+01
  0.17134800E+01  0.16569993E+01  0.16023815E+01  0.15495930E+01  0.14985959E+01
  0.14493140E+01  0.14016674E+01  0.13556086E+01  0.13110835E+01  0.12680721E+01
  0.12265021E+01  0.11863280E+01  0.11475010E+01  0.11099660E+01  0.10737064E+01
  0.10386690E+01  0.10047956E+01  0.97204109E+00  0.94036442E+00  0.90975508E+00
  0.88019583E+00  0.85167044E+00  0.82409483E+00  0.79740369E+00
  0.10000000E+01  0.27812003E+01  0.44628930E+01  0.60204284E+01  0.74806828E+01
  0.88485635E+01  0.10128094E+02  0.11319086E+02  0.12425095E+02  0.13446148E+02
  0.14386000E+02  0.15246400E+02  0.16031541E+02  0.16743973E+02  0.17386683E+02
  0.17961470E+02  0.18470542E+02  0.18915513E+02  0.19298618E+02  0.19621929E+02
  0.19887732E+02  0.20098339E+02  0.20255941E+02  0.20362888E+02  0.20421595E+02
  0.20434497E+02  0.20404529E+02  0.20334527E+02  0.20227339E+02  0.20085955E+02
  0.19913394E+02  0.19712930E+02  0.19487703E+02  0.19240693E+02  0.18974830E+02
  0.18692654E+02  0.18396623E+02  0.18089280E+02  0.17772749E+02  0.17449202E+02
  0.17120549E+02  0.16788468E+02  0.16454339E+02  0.16119534E+02  0.15784886E+02
  0.15451149E+02  0.15119136E+02  0.14789514E+02  0.14462672E+02  0.14139456E+02
  0.13819887E+02  0.13504607E+02  0.13193655E+02  0.12887349E+02  0.12585664E+02
  0.12288598E+02  0.11996166E+02  0.11708501E+02  0.11425661E+02  0.11147593E+02
  0.10874219E+02  0.10605535E+02  0.10341607E+02  0.10082472E+02  0.98281764E+01
  0.95786834E+01  0.93339752E+01  0.90939696E+01  0.88586609E+01  0.86280055E+01
  0.84020033E+01  0.81806611E+01  0.79639962E+01  0.77519686E+01  0.75444995E+01
  0.73415590E+01  0.71431228E+01  0.69491550E+01  0.67595803E+01  0.65743264E+01
  0.63933379E+01  0.62165636E+01  0.60439629E+01  0.58754708E+01  0.57110130E+01
  0.55505459E+01  0.53940337E+01  0.52414293E+01  0.50926767E+01  0.49477083E+01
  0.48064755E+01  0.46689051E+01  0.45349213E+01  0.44044485E+01  0.42774044E+01
  0.41537314E+01  0.40333587E+01  0.39162162E+01  0.38022002E+01  0.36912339E+01
  0.35832571E+01  0.34782373E+01  0.33761212E+01  0.32768326E+01  0.31803146E+01
  0.30865005E+01  0.29953366E+01  0.29067812E+01  0.28207805E+01  0.27372520E+01
  0.26561344E+01  0.25773552E+01  0.25008780E+01  0.24266616E+01  0.23546563E+01
  0.22847866E+01  0.22169436E+01  0.21510653E+01  0.20871259E+01  0.20250934E+01
  0.19649291E+01  0.19065715E+01  0.18499400E+01  0.17949767E+01  0.17416674E+01
  0.16899777E+01  0.16398842E+01  0.15913033E+01  0.15441663E+01
  0.10000000E+01  0.27873657E+01  0.44838744E+01  0.60663787E+01  0.75609942E+01
  0.89724233E+01  0.10304411E+02  0.11556503E+02  0.12731863E+02  0.13830116E+02
  0.14854449E+02  0.15805967E+02  0.16688133E+02  0.17502830E+02  0.18252547E+02
  0.18938695E+02  0.19563103E+02  0.20127075E+02  0.20632390E+02  0.21080670E+02
  0.21473722E+02  0.21813370E+02  0.22101303E+02  0.22339379E+02  0.22529472E+02
  0.22673539E+02  0.22773887E+02  0.22832773E+02  0.22852509E+02  0.22835519E+02
  0.22784294E+02  0.22701532E+02  0.22589860E+02  0.22451795E+02  0.22289844E+02
  0.22106254E+02  0.21903227E+02  0.21683048E+02  0.21447723E+02  0.21199270E+02
  0.20939554E+02  0.20670292E+02  0.20392962E+02  0.20109029E+02  0.19819556E+02
  0.19525551E+02  0.19228030E+02  0.18927909E+02  0.18625878E+02  0.18322940E+02
  0.18019463E+02  0.17716267E+02  0.17413684E+02  0.17112258E+02  0.16812247E+02
  0.16513878E+02  0.16217393E+02  0.15923088E+02  0.15631210E+02  0.15341894E+02
  0.15055251E+02  0.14771401E+02  0.14490499E+02  0.14212663E+02  0.13938043E+02
  0.13666718E+02  0.13398757E+02  0.13134163E+02  0.12872948E+02  0.12615113E+02
  0.12360724E+02  0.12109863E+02  0.11862634E+02  0.11619046E+02  0.11379040E+02
  0.11142606E+02  0.10909786E+02  0.10680629E+02  0.10455145E+02  0.10233305E+02
  0.10015089E+02  0.98004665E+01  0.95894272E+01  0.93819779E+01  0.91780982E+01
  0.89777931E+01  0.87810432E+01  0.85878103E+01  0.83980921E+01  0.82118770E+01
  0.80291511E+01  0.78498932E+01  0.76740395E+01  0.75015449E+01  0.73323920E+01
  0.71666072E+01  0.70041467E+01  0.68449404E+01  0.66889118E+01  0.65360039E+01
  0.63861981E+01  0.62394961E+01  0.60958430E+01  0.59551883E+01  0.58174817E+01
  0.56826666E+01  0.55507234E+01  0.54216149E+01  0.52953154E+01  0.51717761E+01
  0.50509518E+01  0.49328122E+01  0.48173375E+01  0.47044688E+01  0.45941679E+01
  0.44863727E+01  0.43810045E+01  0.42780291E+01  0.41774085E+01  0.40791036E+01
  0.39830827E+01  0.38893031E+01  0.37976956E+01  0.37082079E+01  0.36208202E+01
  0.35355017E+01  0.34522047E+01  0.33708858E+01  0.32914989E+01
  0.10000000E+01  0.27937653E+01  0.45058272E+01  0.61142854E+01  0.76443194E+01
  0.91001888E+01  0.10485122E+02  0.11798244E+02  0.13042171E+02  0.14216126E+02
  0.15322707E+02  0.16362409E+02  0.17337944E+02  0.18250526E+02  0.19102063E+02
  0.19893540E+02  0.20626358E+02  0.21301481E+02  0.21920299E+02  0.22484068E+02
  0.22994191E+02  0.23452102E+02  0.23859133E+02  0.24216771E+02  0.24526513E+02
  0.24789966E+02  0.25008962E+02  0.25185331E+02  0.25320967E+02  0.25417854E+02
  0.25478057E+02  0.25503856E+02  0.25497472E+02  0.25461072E+02  0.25396822E+02
  0.25306678E+02  0.25192604E+02  0.25056655E+02  0.24900673E+02  0.24726552E+02
  0.24536080E+02  0.24330940E+02  0.24112646E+02  0.23882686E+02  0.23642228E+02
  0.23392422E+02  0.23134422E+02  0.22869295E+02  0.22597965E+02  0.22321560E+02
  0.22040728E+02  0.21756421E+02  0.21469202E+02  0.21179792E+02  0.20888693E+02
  0.20596355E+02  0.20303224E+02  0.20009758E+02  0.19716342E+02  0.19423262E+02
  0.19130801E+02  0.18839240E+02  0.18548846E+02  0.18259851E+02  0.17972473E+02
  0.17686881E+02  0.17403226E+02  0.17121594E+02  0.16842111E+02  0.16564861E+02
  0.16289930E+02  0.16017446E+02  0.15747531E+02  0.15480233E+02  0.15215565E+02
  0.14953574E+02  0.14694346E+02  0.14437956E+02  0.14184421E+02  0.13933731E+02
  0.13685895E+02  0.13440943E+02  0.13198911E+02  0.12959858E+02  0.12723798E+02
  0.12490741E+02  0.12260686E+02  0.12033635E+02  0.11809640E+02  0.11588709E+02
  0.11370870E+02  0.11156118E+02  0.10944414E+02  0.10735751E+02  0.10530141E+02
  0.10327610E+02  0.10128183E+02  0.99317963E+01  0.97384072E+01  0.95479995E+01
  0.93606069E+01  0.91762495E+01  0.89948908E+01  0.88165018E+01  0.86410370E+01
  0.84684780E+01  0.82988255E+01  0.81321170E+01  0.79683319E+01  0.78074185E+01
  0.76493266E+01  0.74940275E+01  0.73415256E+01  0.71918153E+01  0.70448906E+01
  0.69006737E+01  0.67590832E+01  0.66201012E+01  0.64836987E+01  0.63498967E+01
  0.62186721E+01  0.60899676E+01  0.59637061E+01  0.58398622E+01  0.57184364E+01
  0.55994079E+01  0.54827646E+01  0.53684615E+01  0.52564369E+01
  0.10000000E+01  0.27965440E+01  0.45154031E+01  0.61355232E+01  0.76818972E+01
  0.91589032E+01  0.10569671E+02  0.11913491E+02  0.13192865E+02  0.14407070E+02
  0.15558544E+02  0.16647724E+02  0.17677132E+02  0.18647850E+02  0.19561677E+02
  0.20419545E+02  0.21222805E+02  0.21972385E+02  0.22669523E+02  0.23315338E+02
  0.23911046E+02  0.24457898E+02  0.24957026E+02  0.25409702E+02  0.25817177E+02
  0.26180814E+02  0.26502134E+02  0.26782686E+02  0.27024047E+02  0.27227900E+02
  0.27395971E+02  0.27530145E+02  0.27632266E+02  0.27704116E+02  0.27747493E+02
  0.27764058E+02  0.27755472E+02  0.27723448E+02  0.27669546E+02  0.27595347E+02
  0.27502387E+02  0.27392128E+02  0.27265915E+02  0.27125081E+02  0.26970691E+02
  0.26803795E+02  0.26625469E+02  0.26436707E+02  0.26238426E+02  0.26031721E+02
  0.25817299E+02  0.25596093E+02  0.25368723E+02  0.25135937E+02  0.24898313E+02
  0.24656428E+02  0.24410809E+02  0.24162002E+02  0.23910471E+02  0.23656589E+02
  0.23400728E+02  0.23143270E+02  0.22884609E+02  0.22625055E+02  0.22364897E+02
  0.22104381E+02  0.21843731E+02  0.21583126E+02  0.21322755E+02  0.21062798E+02
  0.20803399E+02  0.20544716E+02  0.20286898E+02  0.20030075E+02  0.19774334E+02
  0.19519754E+02  0.19266488E+02  0.19014637E+02  0.18764256E+02  0.18515396E+02
  0.18268122E+02  0.18022507E+02  0.17778596E+02  0.17536472E+02  0.17296180E+02
  0.17057773E+02  0.16821291E+02  0.16586792E+02  0.16354317E+02  0.16123887E+02
  0.15895522E+02  0.15669245E+02  0.15445083E+02  0.15223063E+02  0.15003202E+02
  0.14785560E+02  0.14570157E+02  0.14356967E+02  0.14146003E+02  0.13937284E+02
  0.13730847E+02  0.13526709E+02  0.13324857E+02  0.13125286E+02  0.12927985E+02
  0.12732972E+02  0.12540296E+02  0.12349967E+02  0.12161977E+02  0.11976296E+02
  0.11792937E+02  0.11611895E+02  0.11433180E+02  0.11256792E+02  0.11082707E+02
  0.10910887E+02  0.10741313E+02  0.10573985E+02  0.10408909E+02  0.10246097E+02
  0.10085521E+02  0.99271529E+01  0.97709750E+01  0.96169966E+01  0.94652243E+01
  0.93156510E+01  0.91682477E+01  0.90229655E+01  0.88797788E+01
  0.10000000E+01  0.28005624E+01  0.45292525E+01  0.61657699E+01  0.77345235E+01
  0.92396618E+01  0.10683969E+02  0.12066599E+02  0.13389745E+02  0.14652593E+02
  0.15857276E+02  0.17003994E+02  0.18094907E+02  0.19130818E+02  0.20113264E+02
  0.21043022E+02  0.21921251E+02  0.22748751E+02  0.23526570E+02  0.24255629E+02
  0.24936956E+02  0.25571628E+02  0.26160586E+02  0.26704902E+02  0.27205606E+02
  0.27663821E+02  0.28080811E+02  0.28457885E+02  0.28796355E+02  0.29097633E+02
  0.29363161E+02  0.29594515E+02  0.29793258E+02  0.29960905E+02  0.30098997E+02
  0.30208940E+02  0.30292147E+02  0.30350097E+02  0.30384166E+02  0.30395757E+02
  0.30386241E+02  0.30356949E+02  0.30309096E+02  0.30243887E+02  0.30162346E+02
  0.30065511E+02  0.29954405E+02  0.29830012E+02  0.29693261E+02  0.29545192E+02
  0.29386578E+02  0.29218371E+02  0.29041264E+02  0.28856054E+02  0.28663370E+02
  0.28463857E+02  0.28258130E+02  0.28046796E+02  0.27830407E+02  0.27609421E+02
  0.27384298E+02  0.27155497E+02  0.26923470E+02  0.26688604E+02  0.26451272E+02
  0.26211779E+02  0.25970406E+02  0.25727421E+02  0.25483069E+02  0.25237570E+02
  0.24991145E+02  0.24743985E+02  0.24496287E+02  0.24248230E+02  0.23999926E+02
  0.23751527E+02  0.23503201E+02  0.23255078E+02  0.23007264E+02  0.22759841E+02
  0.22512919E+02  0.22266603E+02  0.22020973E+02  0.21776138E+02  0.21532192E+02
  0.21289196E+02  0.21047230E+02  0.20806349E+02  0.20566612E+02  0.20328081E+02
  0.20090810E+02  0.19854860E+02  0.19620279E+02  0.19387072E+02  0.19155287E+02
  0.18925003E+02  0.18696262E+02  0.18469077E+02  0.18243451E+02  0.18019425E+02
  0.17797066E+02  0.17576438E+02  0.17357564E+02  0.17140450E+02  0.16925096E+02
  0.16711500E+02  0.16499714E+02  0.16289799E+02  0.16081794E+02  0.15875702E+02
  0.15671528E+02  0.15469271E+02  0.15268918E+02  0.15070492E+02  0.14873999E+02
  0.14679411E+02  0.14486734E+02  0.14295996E+02  0.14107212E+02  0.13920412E+02
  0.13735616E+02  0.13552794E+02  0.13371949E+02  0.13193085E+02  0.13016214E+02
  0.12841370E+02  0.12668530E+02  0.12497646E+02  0.12328678E+02
  0.10000000E+01  0.28026544E+01  0.45365655E+01  0.61821020E+01  0.77635881E+01
  0.92852705E+01  0.10749849E+02  0.12156627E+02  0.13507699E+02  0.14802355E+02
  0.16042624E+02  0.17228740E+02  0.18362745E+02  0.19445412E+02  0.20478202E+02
  0.21461889E+02  0.22397616E+02  0.23286147E+02  0.24128465E+02  0.24925402E+02
  0.25677876E+02  0.26386845E+02  0.27053128E+02  0.27677675E+02  0.28261373E+02
  0.28805204E+02  0.29310269E+02  0.29777690E+02  0.30208614E+02  0.30604232E+02
  0.30965774E+02  0.31294573E+02  0.31591959E+02  0.31859217E+02  0.32097649E+02
  0.32308430E+02  0.32492754E+02  0.32651853E+02  0.32786878E+02  0.32899005E+02
  0.32989376E+02  0.33059125E+02  0.33109289E+02  0.33140885E+02  0.33154809E+02
  0.33151946E+02  0.33133187E+02  0.33099385E+02  0.33051347E+02  0.32990023E+02
  0.32916097E+02  0.32830453E+02  0.32733736E+02  0.32626665E+02  0.32509881E+02
  0.32383998E+02  0.32249607E+02  0.32107325E+02  0.31957702E+02  0.31801231E+02
  0.31638406E+02  0.31469721E+02  0.31295661E+02  0.31116667E+02  0.30933120E+02
  0.30745383E+02  0.30553799E+02  0.30358664E+02  0.30160283E+02  0.29958930E+02
  0.29754854E+02  0.29548297E+02  0.29339491E+02  0.29128632E+02  0.28915907E+02
  0.28701509E+02  0.28485635E+02  0.28268471E+02  0.28050144E+02  0.27830783E+02
  0.27610526E+02  0.27389491E+02  0.27167808E+02  0.26945595E+02  0.26722983E+02
  0.26500070E+02  0.26276940E+02  0.26053678E+02  0.25830355E+02  0.25607055E+02
  0.25383854E+02  0.25160831E+02  0.24938067E+02  0.24715611E+02  0.24493506E+02
  0.24271833E+02  0.24050665E+02  0.23830040E+02  0.23610012E+02  0.23390626E+02
  0.23171940E+02  0.22954011E+02  0.22736859E+02  0.22520535E+02  0.22305070E+02
  0.22090494E+02  0.21876861E+02  0.21664220E+02  0.21452613E+02  0.21242088E+02
  0.21032662E+02  0.20824361E+02  0.20617185E+02  0.20411163E+02  0.20206297E+02
  0.20002584E+02  0.19800059E+02  0.19598758E+02  0.19398746E+02  0.19200045E+02
  0.19002675E+02  0.18806622E+02  0.18611895E+02  0.18418518E+02  0.18226535E+02
  0.18035982E+02  0.17846851E+02  0.17659141E+02  0.17472834E+02
  0.10000000E+01  0.28048648E+01  0.45442815E+01  0.61990682E+01  0.77933063E+01
  0.93311332E+01  0.10815050E+02  0.12244312E+02  0.13620845E+02  0.14943908E+02
  0.16215383E+02  0.17435412E+02  0.18605878E+02  0.19727426E+02  0.20801414E+02
  0.21828506E+02  0.22809758E+02  0.23745878E+02  0.24637751E+02  0.25486136E+02
  0.26291846E+02  0.27055757E+02  0.27778633E+02  0.28461334E+02  0.29104668E+02
  0.29709527E+02  0.30276896E+02  0.30807786E+02  0.31303238E+02  0.31764345E+02
  0.32192229E+02  0.32588083E+02  0.32953117E+02  0.33288478E+02  0.33595343E+02
  0.33874787E+02  0.34127893E+02  0.34355764E+02  0.34559438E+02  0.34739975E+02
  0.34898424E+02  0.35035834E+02  0.35153144E+02  0.35251284E+02  0.35331045E+02
  0.35393229E+02  0.35438669E+02  0.35468175E+02  0.35482493E+02  0.35482487E+02
  0.35468815E+02  0.35442259E+02  0.35403430E+02  0.35353047E+02  0.35291698E+02
  0.35219973E+02  0.35138453E+02  0.35047704E+02  0.34948271E+02  0.34840657E+02
  0.34725338E+02  0.34602813E+02  0.34473560E+02  0.34338014E+02  0.34196585E+02
  0.34049639E+02  0.33897551E+02  0.33740635E+02  0.33579204E+02  0.33413544E+02
  0.33243938E+02  0.33070654E+02  0.32893942E+02  0.32714038E+02  0.32531138E+02
  0.32345448E+02  0.32157213E+02  0.31966626E+02  0.31773850E+02  0.31579016E+02
  0.31382269E+02  0.31183765E+02  0.30983672E+02  0.30782130E+02  0.30579268E+02
  0.30375199E+02  0.30170038E+02  0.29963870E+02  0.29756804E+02  0.29548947E+02
  0.29340376E+02  0.29131188E+02  0.28921488E+02  0.28711347E+02  0.28500828E+02
  0.28290028E+02  0.28079020E+02  0.27867844E+02  0.27656559E+02  0.27445246E+02
  0.27233987E+02  0.27022851E+02  0.26811877E+02  0.26601096E+02  0.26390525E+02
  0.26180218E+02  0.25970231E+02  0.25760657E+02  0.25551565E+02  0.25343015E+02
  0.25135020E+02  0.24927616E+02  0.24720786E+02  0.24514521E+02  0.24308880E+02
  0.24103855E+02  0.23899491E+02  0.23695833E+02  0.23492948E+02  0.23290874E+02
  0.23089628E+02  0.22889250E+02  0.22689748E+02  0.22491121E+02  0.22293416E+02
  0.22096639E+02  0.21900815E+02  0.21705959E+02  0.21512083E+02
  0.10000000E+01  0.28061019E+01  0.45486965E+01  0.62090148E+01  0.78111179E+01
  0.93592068E+01  0.10855728E+02  0.12300048E+02  0.13694040E+02  0.15037022E+02
  0.16330820E+02  0.17575604E+02  0.18773226E+02  0.19924344E+02  0.21030302E+02
  0.22091773E+02  0.23109802E+02  0.24085072E+02  0.25018445E+02  0.25910641E+02
  0.26762453E+02  0.27574692E+02  0.28348078E+02  0.29083392E+02  0.29781380E+02
  0.30442875E+02  0.31068788E+02  0.31660057E+02  0.32217637E+02  0.32742506E+02
  0.33235700E+02  0.33698302E+02  0.34131411E+02  0.34536056E+02  0.34913310E+02
  0.35264135E+02  0.35589502E+02  0.35890417E+02  0.36167804E+02  0.36422597E+02
  0.36655735E+02  0.36868135E+02  0.37060623E+02  0.37234033E+02  0.37389066E+02
  0.37526413E+02  0.37646811E+02  0.37750959E+02  0.37839522E+02  0.37913268E+02
  0.37972782E+02  0.38018771E+02  0.38051772E+02  0.38072409E+02  0.38081229E+02
  0.38078772E+02  0.38065571E+02  0.38042158E+02  0.38009025E+02  0.37966638E+02
  0.37915449E+02  0.37855913E+02  0.37788480E+02  0.37713575E+02  0.37631596E+02
  0.37542908E+02  0.37447857E+02  0.37346752E+02  0.37239908E+02  0.37127614E+02
  0.37010160E+02  0.36887816E+02  0.36760850E+02  0.36629499E+02  0.36493971E+02
  0.36354504E+02  0.36211326E+02  0.36064655E+02  0.35914691E+02  0.35761577E+02
  0.35605474E+02  0.35446552E+02  0.35284965E+02  0.35120876E+02  0.34954432E+02
  0.34785776E+02  0.34615015E+02  0.34442260E+02  0.34267642E+02  0.34091263E+02
  0.33913240E+02  0.33733684E+02  0.33552683E+02  0.33370340E+02  0.33186726E+02
  0.33001960E+02  0.32816142E+02  0.32629332E+02  0.32441593E+02  0.32253004E+02
  0.32063638E+02  0.31873573E+02  0.31682869E+02  0.31491558E+02  0.31299695E+02
  0.31107327E+02  0.30914551E+02  0.30721446E+02  0.30528077E+02  0.30334509E+02
  0.30140803E+02  0.29946964E+02  0.29753010E+02  0.29558946E+02  0.29364792E+02
  0.29170560E+02  0.28976273E+02  0.28782001E+02  0.28587831E+02  0.28393838E+02
  0.28200053E+02  0.28006500E+02  0.27813169E+02  0.27620094E+02  0.27427307E+02
  0.27234843E+02  0.27042752E+02  0.26851048E+02  0.26659756E+02
  0.10000000E+01  0.28092099E+01  0.45595046E+01  0.62325788E+01  0.78520001E+01
  0.94216849E+01  0.10943729E+02  0.12417293E+02  0.13843973E+02  0.15222973E+02
  0.16555879E+02  0.17842678E+02  0.19084958E+02  0.20283159E+02  0.21438416E+02
  0.22551236E+02  0.23622513E+02  0.24652810E+02  0.25642866E+02  0.26593288E+02
  0.27504754E+02  0.28377976E+02  0.29213588E+02  0.30012293E+02  0.30774740E+02
  0.31501655E+02  0.32193837E+02  0.32852113E+02  0.33477338E+02  0.34070389E+02
  0.34632170E+02  0.35163646E+02  0.35665796E+02  0.36139529E+02  0.36585823E+02
  0.37005545E+02  0.37399576E+02  0.37768810E+02  0.38114081E+02  0.38436241E+02
  0.38736160E+02  0.39014698E+02  0.39272620E+02  0.39510675E+02  0.39729521E+02
  0.39929789E+02  0.40112185E+02  0.40277360E+02  0.40425954E+02  0.40558703E+02
  0.40676135E+02  0.40778924E+02  0.40867607E+02  0.40942778E+02  0.41004971E+02
  0.41054720E+02  0.41092526E+02  0.41118897E+02  0.41134335E+02  0.41139300E+02
  0.41134264E+02  0.41119691E+02  0.41096018E+02  0.41063664E+02  0.41023030E+02
  0.40974485E+02  0.40918408E+02  0.40855125E+02  0.40784962E+02  0.40708206E+02
  0.40625147E+02  0.40536093E+02  0.40441318E+02  0.40341090E+02  0.40235654E+02
  0.40125227E+02  0.40010059E+02  0.39890384E+02  0.39766394E+02  0.39638293E+02
  0.39506275E+02  0.39370504E+02  0.39231158E+02  0.39088423E+02  0.38942443E+02
  0.38793358E+02  0.38641330E+02  0.38486491E+02  0.38328970E+02  0.38168898E+02
  0.38006402E+02  0.37841615E+02  0.37674651E+02  0.37505627E+02  0.37334628E+02
  0.37161768E+02  0.36987157E+02  0.36810882E+02  0.36633012E+02  0.36453650E+02
  0.36272888E+02  0.36090804E+02  0.35907470E+02  0.35722919E+02  0.35537225E+02
  0.35350445E+02  0.35162682E+02  0.34974041E+02  0.34784592E+02  0.34594439E+02
  0.34403614E+02  0.34212158E+02  0.34020091E+02  0.33827397E+02  0.33634080E+02
  0.33440167E+02  0.33245726E+02  0.33050853E+02  0.32855637E+02  0.32660166E+02
  0.32464496E+02  0.32268602E+02  0.32072487E+02  0.31876171E+02  0.31679726E+02
  0.31483200E+02  0.31286638E+02  0.31090072E+02  0.30893511E+02
  0.10000000E+01  0.28090452E+01  0.45591630E+01  0.62326177E+01  0.78534544E+01
  0.94259762E+01  0.10952505E+02  0.12432511E+02  0.13867685E+02  0.15257394E+02
  0.16603255E+02  0.17905371E+02  0.19165384E+02  0.20383822E+02  0.21561889E+02
  0.22700172E+02  0.23799624E+02  0.24860826E+02  0.25884484E+02  0.26871162E+02
  0.27821498E+02  0.28736151E+02  0.29615704E+02  0.30460763E+02  0.31271894E+02
  0.32049727E+02  0.32794972E+02  0.33508353E+02  0.34190638E+02  0.34842592E+02
  0.35464995E+02  0.36058689E+02  0.36624529E+02  0.37163291E+02  0.37675816E+02
  0.38162843E+02  0.38625129E+02  0.39063450E+02  0.39478530E+02  0.39871088E+02
  0.40241888E+02  0.40591634E+02  0.40920990E+02  0.41230600E+02  0.41521040E+02
  0.41792888E+02  0.42046748E+02  0.42283192E+02  0.42502746E+02  0.42706043E+02
  0.42893560E+02  0.43065932E+02  0.43223641E+02  0.43367230E+02  0.43497182E+02
  0.43613963E+02  0.43718047E+02  0.43809914E+02  0.43890038E+02  0.43958872E+02
  0.44016852E+02  0.44064426E+02  0.44102016E+02  0.44130018E+02  0.44148828E+02
  0.44158798E+02  0.44160298E+02  0.44153661E+02  0.44139189E+02  0.44117211E+02
  0.44088028E+02  0.44051920E+02  0.44009157E+02  0.43959998E+02  0.43904686E+02
  0.43843476E+02  0.43776631E+02  0.43704388E+02  0.43626959E+02  0.43544540E+02
  0.43457336E+02  0.43365523E+02  0.43269303E+02  0.43168840E+02  0.43064311E+02
  0.42955858E+02  0.42843638E+02  0.42727791E+02  0.42608456E+02  0.42485779E+02
  0.42359881E+02  0.42230910E+02  0.42099005E+02  0.41964261E+02  0.41826785E+02
  0.41686695E+02  0.41544097E+02  0.41399107E+02  0.41251808E+02  0.41102308E+02
  0.40950722E+02  0.40797112E+02  0.40641535E+02  0.40484070E+02  0.40324774E+02
  0.40163714E+02  0.40001025E+02  0.39836814E+02  0.39671167E+02  0.39504164E+02
  0.39335858E+02  0.39166299E+02  0.38995454E+02  0.38823339E+02  0.38649994E+02
  0.38475461E+02  0.38299803E+02  0.38123100E+02  0.37945471E+02  0.37766979E+02
  0.37587662E+02  0.37407566E+02  0.37226715E+02  0.37045125E+02  0.36862857E+02
  0.36679941E+02  0.36496439E+02  0.36312382E+02  0.36127828E+02
  0.10000000E+01  0.28082539E+01  0.45565879E+01  0.62274729E+01  0.78453392E+01
  0.94147803E+01  0.10938307E+02  0.12415632E+02  0.13848554E+02  0.15236580E+02
  0.16581412E+02  0.17883288E+02  0.19143977E+02  0.20364137E+02  0.21545076E+02
  0.22687475E+02  0.23792361E+02  0.24860370E+02  0.25892247E+02  0.26888569E+02
  0.27849988E+02  0.28777164E+02  0.29670676E+02  0.30531101E+02  0.31359010E+02
  0.32155014E+02  0.32919813E+02  0.33654139E+02  0.34358729E+02  0.35034324E+02
  0.35681699E+02  0.36301650E+02  0.36894997E+02  0.37462486E+02  0.38004916E+02
  0.38522989E+02  0.39017432E+02  0.39488962E+02  0.39938241E+02  0.40365938E+02
  0.40772752E+02  0.41159361E+02  0.41526376E+02  0.41874398E+02  0.42203930E+02
  0.42515475E+02  0.42809567E+02  0.43086744E+02  0.43347496E+02  0.43592406E+02
  0.43821924E+02  0.44036591E+02  0.44236841E+02  0.44423162E+02  0.44595991E+02
  0.44755769E+02  0.44902926E+02  0.45037890E+02  0.45161093E+02  0.45272933E+02
  0.45373823E+02  0.45464176E+02  0.45544395E+02  0.45614858E+02  0.45675931E+02
  0.45727935E+02  0.45771197E+02  0.45806048E+02  0.45832783E+02  0.45851681E+02
  0.45863051E+02  0.45867146E+02  0.45864228E+02  0.45854545E+02  0.45838326E+02
  0.45815815E+02  0.45787265E+02  0.45752914E+02  0.45712969E+02  0.45667622E+02
  0.45617044E+02  0.45561438E+02  0.45500980E+02  0.45435857E+02  0.45366235E+02
  0.45292253E+02  0.45214063E+02  0.45131792E+02  0.45045591E+02  0.44955589E+02
  0.44861927E+02  0.44764763E+02  0.44664198E+02  0.44560347E+02  0.44453327E+02
  0.44343234E+02  0.44230224E+02  0.44114386E+02  0.43995815E+02  0.43874596E+02
  0.43750845E+02  0.43624661E+02  0.43496108E+02  0.43365258E+02  0.43232151E+02
  0.43096885E+02  0.42959537E+02  0.42820230E+02  0.42679077E+02  0.42536167E+02
  0.42391576E+02  0.42245324E+02  0.42097379E+02  0.41947739E+02  0.41796451E+02
  0.41643553E+02  0.41489119E+02  0.41333269E+02  0.41176105E+02  0.41017713E+02
  0.40858147E+02  0.40697420E+02  0.40535552E+02  0.40372564E+02  0.40208499E+02
  0.40043418E+02  0.39877375E+02  0.39710423E+02  0.39542605E+02
  0.10000000E+01  0.28109082E+01  0.45658518E+01  0.62476861E+01  0.78804164E+01
  0.94683886E+01  0.11013811E+02  0.12516236E+02  0.13977235E+02  0.15396232E+02
  0.16774728E+02  0.18112818E+02  0.19412055E+02  0.20672926E+02  0.21896571E+02
  0.23083537E+02  0.24234738E+02  0.25350710E+02  0.26432099E+02  0.27479398E+02
  0.28493173E+02  0.29473995E+02  0.30422376E+02  0.31338822E+02  0.32223827E+02
  0.33077924E+02  0.33901741E+02  0.34695896E+02  0.35461059E+02  0.36197865E+02
  0.36907000E+02  0.37589171E+02  0.38245092E+02  0.38875445E+02  0.39480944E+02
  0.40062207E+02  0.40619893E+02  0.41154643E+02  0.41667064E+02  0.42157782E+02
  0.42627421E+02  0.43076590E+02  0.43505843E+02  0.43915731E+02  0.44306725E+02
  0.44679305E+02  0.45033993E+02  0.45371255E+02  0.45691548E+02  0.45995411E+02
  0.46283259E+02  0.46555627E+02  0.46812938E+02  0.47055648E+02  0.47284174E+02
  0.47498928E+02  0.47700321E+02  0.47888778E+02  0.48064725E+02  0.48228545E+02
  0.48380628E+02  0.48521351E+02  0.48651118E+02  0.48770303E+02  0.48879271E+02
  0.48978344E+02  0.49067845E+02  0.49148079E+02  0.49219321E+02  0.49281873E+02
  0.49336041E+02  0.49382089E+02  0.49420267E+02  0.49450828E+02  0.49473989E+02
  0.49489996E+02  0.49499139E+02  0.49501662E+02  0.49497787E+02  0.49487699E+02
  0.49471552E+02  0.49449551E+02  0.49421907E+02  0.49388803E+02  0.49350437E+02
  0.49306958E+02  0.49258509E+02  0.49205230E+02  0.49147279E+02  0.49084811E+02
  0.49017963E+02  0.48946901E+02  0.48871769E+02  0.48792663E+02  0.48709712E+02
  0.48623058E+02  0.48532835E+02  0.48439150E+02  0.48342098E+02  0.48241787E+02
  0.48138303E+02  0.48031764E+02  0.47922262E+02  0.47809888E+02  0.47694709E+02
  0.47576808E+02  0.47456272E+02  0.47333221E+02  0.47207777E+02  0.47080050E+02
  0.46950153E+02  0.46818098E+02  0.46683860E+02  0.46547426E+02  0.46408806E+02
  0.46268072E+02  0.46125308E+02  0.45980631E+02  0.45834169E+02  0.45686005E+02
  0.45536204E+02  0.45384792E+02  0.45231791E+02  0.45077225E+02  0.44921144E+02
  0.44763601E+02  0.44604686E+02  0.44444459E+02  0.44282963E+02
  0.10000000E+01  0.28073187E+01  0.45537572E+01  0.62221806E+01  0.78375905E+01
  0.94050047E+01  0.10927175E+02  0.12404184E+02  0.13837987E+02  0.15228327E+02
  0.16577010E+02  0.17884504E+02  0.19152746E+02  0.20382598E+02  0.21575539E+02
  0.22732398E+02  0.23854347E+02  0.24942089E+02  0.25996420E+02  0.27017952E+02
  0.28007371E+02  0.28965351E+02  0.29892480E+02  0.30789332E+02  0.31656454E+02
  0.32494430E+02  0.33303982E+02  0.34085816E+02  0.34840667E+02  0.35569248E+02
  0.36272297E+02  0.36950576E+02  0.37604859E+02  0.38235861E+02  0.38844342E+02
  0.39430950E+02  0.39996342E+02  0.40541166E+02  0.41066019E+02  0.41571515E+02
  0.42058277E+02  0.42526890E+02  0.42977870E+02  0.43411714E+02  0.43828842E+02
  0.44229692E+02  0.44614710E+02  0.44984326E+02  0.45338919E+02  0.45678974E+02
  0.46004822E+02  0.46316941E+02  0.46615691E+02  0.46901459E+02  0.47174580E+02
  0.47435372E+02  0.47684176E+02  0.47921354E+02  0.48147275E+02  0.48362255E+02
  0.48566615E+02  0.48760669E+02  0.48944726E+02  0.49119087E+02  0.49284061E+02
  0.49439924E+02  0.49586934E+02  0.49725348E+02  0.49855402E+02  0.49977342E+02
  0.50091408E+02  0.50197825E+02  0.50296800E+02  0.50388538E+02  0.50473232E+02
  0.50551089E+02  0.50622338E+02  0.50687195E+02  0.50745819E+02  0.50798349E+02
  0.50844966E+02  0.50885842E+02  0.50921142E+02  0.50951038E+02  0.50975638E+02
  0.50995080E+02  0.51009499E+02  0.51019027E+02  0.51023811E+02  0.51023992E+02
  0.51019674E+02  0.51010986E+02  0.50998065E+02  0.50981014E+02  0.50959967E+02
  0.50935042E+02  0.50906322E+02  0.50873903E+02  0.50837869E+02  0.50798317E+02
  0.50755356E+02  0.50709080E+02  0.50659564E+02  0.50606858E+02  0.50551025E+02
  0.50492154E+02  0.50430363E+02  0.50365777E+02  0.50298486E+02  0.50228585E+02
  0.50156141E+02  0.50081171E+02  0.50003695E+02  0.49923698E+02  0.49841211E+02
  0.49756280E+02  0.49668984E+02  0.49579403E+02  0.49487654E+02  0.49393839E+02
  0.49298012E+02  0.49200209E+02  0.49100440E+02  0.48998718E+02  0.48895082E+02
  0.48789616E+02  0.48682384E+02  0.48573450E+02  0.48462862E+02
